times,day_ahead_price,real_time_price,load_forecast,load_actual,wind_solar_actual,wind_solar_forecast
2026-01-01 00:15:00,235.01,290.1,79245,82059.398,7772.9208,6746.79
2026-01-01 00:30:00,279.76,323.1,87000,88582.898,7743.0672,7015.71
2026-01-01 00:45:00,271.24,247.87,86675,86800.297,7863.4959,7033.16
2026-01-01 01:00:00,266.13,263.99,84870,85962.703,8025.9464,7057.74
2026-01-01 01:15:00,259.12,247.01,83070,83956.602,8026.339,7082.02
2026-01-01 01:30:00,256.98,190.55,80960,82670.703,8147.581,7116.38
2026-01-01 01:45:00,254.29,222.92,79555,81276.898,8030.5626,7144.27
2026-01-01 02:00:00,255.1,227.75,78125,80029.398,8065.5686,7170.26
2026-01-01 02:15:00,260,240,76625,79787.102,8136.1807,7258.54
2026-01-01 02:30:00,252,250,75670,78001.398,8157.1693,7349.27
2026-01-01 02:45:00,252.11,150,74340,76502,8183.0032,7380.61
2026-01-01 03:00:00,257.25,150.38,73235,75798,8320.9794,7419.62
2026-01-01 03:15:00,252,196,72550,74550.102,8329.2652,7485.09
2026-01-01 03:30:00,248,206.69,70960,73716.703,8376.343,7532.79
2026-01-01 03:45:00,246.95,213.29,70095,72877.5,8405.5991,7576.81
2026-01-01 04:00:00,246.23,205.06,68810,72248.797,8464.3511,7628.76
2026-01-01 04:15:00,236.38,200.41,67895,71103.797,8580.0277,7880.03
2026-01-01 04:30:00,213.39,200,67080,70569.703,8663.4064,7920.3
2026-01-01 04:45:00,229.7,191.42,66355,69393.203,8659.74,7955.07
2026-01-01 05:00:00,208.59,150.3,65540,68679.398,8702.1931,7986.67
2026-01-01 05:15:00,217.71,121.24,65270,68472.102,8652.9989,8031.68
2026-01-01 05:30:00,223.2,200,65180,68125.898,8812.7587,8063.56
2026-01-01 05:45:00,217.11,0,65000,67877.398,8936.446,8095.96
2026-01-01 06:00:00,223.2,188.46,65180,68221.703,8918.1298,8131.72
2026-01-01 06:15:00,223.2,10.29,65360,67841.898,9048.741,7889.41
2026-01-01 06:30:00,244.45,150.15,66635,68287.898,9202.1232,7909.49
2026-01-01 06:45:00,240,-42.84,66815,68104,9228.7588,7929.98
2026-01-01 07:00:00,246.9,-0.81,67355,68711.297,9146.5249,7950.41
2026-01-01 07:15:00,240.25,0,67830,69161.102,9357.4919,7890.93
2026-01-01 07:30:00,242.09,0,68545,69318.102,9439.5263,8034.51
2026-01-01 07:45:00,245.22,0,68540,69884.5,9535.2864,8266.94
2026-01-01 08:00:00,246.36,-45,67610,68350.797,9746.0754,8623.66
2026-01-01 08:15:00,245.25,-50,65935,66812.602,9938.1095,9124.71
2026-01-01 08:30:00,245.42,-50,65120,65145.602,10412.4027,9730.8
2026-01-01 08:45:00,235,-50,64245,63553.699,10714.0132,10391.9
2026-01-01 09:00:00,223.73,-50,64460,63344.699,10901.6059,11109.8
2026-01-01 09:15:00,219.43,-44.04,64605,63312.602,11421.4324,12032.9
2026-01-01 09:30:00,221.06,-45.27,64995,64198.5,12531.4214,12703.6
2026-01-01 09:45:00,201.36,-44.14,64585,64189.898,12851.0583,13352.6
2026-01-01 10:00:00,156.59,-44.14,64410,63512.5,12987.6729,13968.7
2026-01-01 10:15:00,156.95,-50,64400,62920.199,13176.691,14585.7
2026-01-01 10:30:00,7.65,-50,63340,60921.5,12181.2981,15094.2
2026-01-01 10:45:00,7.66,-50,63165,60892.5,12182.6787,15527.9
2026-01-01 11:00:00,-42.35,-39.72,62930,61169.301,11204.3286,15891.3
2026-01-01 11:15:00,-37.35,-50,63460,61496.898,12871.3384,16185.7
2026-01-01 11:30:00,-42.35,-49.46,64010,61727.398,12351.8814,16342.9
2026-01-01 11:45:00,-42.35,-37.91,63825,60898.898,11467.8352,16414.9
2026-01-01 12:00:00,-42.35,-41.97,62885,61152.301,10423.8464,16416.699
2026-01-01 12:15:00,-42.35,-42.81,62175,60495,10069.3156,16451.301
2026-01-01 12:30:00,-42.35,-39.76,63245,63765.5,10584.5112,16297.1
2026-01-01 12:45:00,-42.35,142.48,62565,63467.199,11529.2065,16117.2
2026-01-01 13:00:00,-42.35,-0.12,62030,63877,11272.5761,15867.2
2026-01-01 13:15:00,-42.35,-50,61245,62885.301,11402.7949,15559.6
2026-01-01 13:30:00,-42.35,-40.49,61395,63480.699,11020.0058,15232.2
2026-01-01 13:45:00,-40.48,12.12,61825,64119.699,11152.8259,14842.5
2026-01-01 14:00:00,-42.35,-18.47,61990,63835.801,10926.5708,14399.4
2026-01-01 14:15:00,-42.35,-38.96,61205,62626.301,10700.7231,13928.9
2026-01-01 14:30:00,-42.35,-38.38,59955,60530.102,10221.899,13317.9
2026-01-01 14:45:00,-42.35,-38.76,59500,61310.301,9814.3081,12770.5
2026-01-01 15:00:00,-42.35,-38.56,59910,61273.699,9210.5674,12200.6
2026-01-01 15:15:00,-40.9,-39.76,60570,62297.699,8865.6026,11606.1
2026-01-01 15:30:00,-42.35,-38.94,61570,62575.102,8579.0459,11053.8
2026-01-01 15:45:00,-42.35,-41.64,62305,63605.301,8187.6299,10500.9
2026-01-01 16:00:00,7.65,9.93,63785,63054.398,7852.9668,9932.69
2026-01-01 16:15:00,-12.35,-40.42,64930,64339.199,7579.3964,9083.85
2026-01-01 16:30:00,161.64,-42.06,67160,65653.102,7192.2698,8537.32
2026-01-01 16:45:00,212.72,9.56,69190,69393.602,6933.4741,7956.01
2026-01-01 17:00:00,221.06,274.47,70940,71022.5,6753.5838,7439.02
2026-01-01 17:15:00,238.64,182.35,73295,73533.5,6533.8787,6999.28
2026-01-01 17:30:00,252.18,204.98,75840,75208.5,6333.9915,6632.57
2026-01-01 17:45:00,258.94,242.21,77695,77059.297,6106.5621,6373
2026-01-01 18:00:00,262.18,241.3,79815,78865.102,5890.0759,6220.92
2026-01-01 18:15:00,265.88,250.1,82370,80399.797,5895.5087,6221.79
2026-01-01 18:30:00,265.48,257.41,83270,81862.703,5793.7076,6322.87
2026-01-01 18:45:00,267.31,256,83635,81925.398,5918.5472,6422.66
2026-01-01 19:00:00,265.27,205.53,82995,81548.898,6120.7652,6527.08
2026-01-01 19:15:00,265.71,100.65,83815,81056.703,6379.849,6741.35
2026-01-01 19:30:00,265.44,210.36,85260,83296.203,6608.6916,6847.94
2026-01-01 19:45:00,264.18,191.66,85620,83388.203,6806.9933,6969.44
2026-01-01 20:00:00,267.25,262.14,85620,83650,7058.9205,7098.92
2026-01-01 20:15:00,267.92,253.9,85710,83082.898,7457.8822,7229
2026-01-01 20:30:00,269.62,249.39,85710,83407,7775.7939,7396.17
2026-01-01 20:45:00,271.2,251.35,86000,83864.297,8241.8929,7570.95
2026-01-01 21:00:00,277.02,251.9,85895,83695.297,8590.4272,7770.31
2026-01-01 21:15:00,275.76,269.39,85170,83491.602,9040.7204,8085.47
2026-01-01 21:30:00,277.06,262.73,84810,82920.203,9398.9762,8275.66
2026-01-01 21:45:00,272.48,159.25,83815,82611.5,9646.8023,8477.74
2026-01-01 22:00:00,275.31,254.25,83000,81358.5,9782.3848,8676.9
2026-01-01 22:15:00,273.01,250.65,81735,81135.703,9846.9172,8983
2026-01-01 22:30:00,271.44,248.99,80200,78859,9807.5538,9188.95
2026-01-01 22:45:00,271.75,241.5,78660,78379.602,9833.5059,9400.26
2026-01-01 23:00:00,266.6,266.22,77035,77509.102,10087.581,9591.56
2026-01-01 23:15:00,264.55,253.59,75045,75212.297,10302.8033,9581.47
2026-01-01 23:30:00,251.43,239.24,73510,73858.102,10116.3465,9775.14
2026-01-01 23:45:00,251.56,246.63,71520,72157.203,10213.9237,9904.05
2026-01-02 00:00:00,239.4,245.23,69895,70882.102,10117.6484,10000.3
2026-01-02 00:15:00,270.87,322.15,67325,70325.297,10393.1959,10076.3
2026-01-02 00:30:00,294.81,461.38,71525,77522.797,10517.3163,10914.6
2026-01-02 00:45:00,288.29,332.99,71145,77132.102,10751.1813,10980.3
2026-01-02 01:00:00,278.75,276.14,69765,74737.398,10724.4523,11044.5
2026-01-02 01:15:00,274.43,275.84,68470,72980.203,10693.6666,11122.2
2026-01-02 01:30:00,270,277,67440,71123.5,10694.2447,11153.1
2026-01-02 01:45:00,265.6,264.44,66375,69757.203,10811.9414,11189.3
2026-01-02 02:00:00,260.94,266.41,65380,68564.703,10824.2055,11216.4
2026-01-02 02:15:00,261.57,265.53,64545,67509.703,10869.1511,11367.2
2026-01-02 02:30:00,260,267.96,64040,66283.203,10963.5835,11410.6
2026-01-02 02:45:00,254,246.49,63275,64669.5,11137.5666,11428.4
2026-01-02 03:00:00,254,157.41,62700,63679.898,11227.9469,11441.9
2026-01-02 03:15:00,254,43.25,62380,62331.699,11244.7013,11491
2026-01-02 03:30:00,248.27,43.25,61665,62029.602,11324.833,11509.1
2026-01-02 03:45:00,250,43.25,61405,61037.301,11433.0524,11534.6
2026-01-02 04:00:00,247,43.25,60755,61011.801,11436.0215,11553.8
2026-01-02 04:15:00,247,17.49,60440,60671.801,11483.6598,11563.2
2026-01-02 04:30:00,240.2,17.49,60195,60364.398,11558.2611,11558.4
2026-01-02 04:45:00,238,43.25,60000,59545.199,11635.8673,11564.2
2026-01-02 05:00:00,240.2,10,60115,59915.602,11696.7815,11612.7
2026-01-02 05:15:00,240.25,102,60040,59259,11789.9131,11567.3
2026-01-02 05:30:00,245.75,43.25,60730,59792.801,11957.7206,11502.6
2026-01-02 05:45:00,250,43.25,61160,59448.102,11873.5542,11486
2026-01-02 06:00:00,260,43.25,62300,60535.602,11972.8429,11464.1
2026-01-02 06:15:00,260.2,43.25,63230,61174.398,12161.0054,11300.1
2026-01-02 06:30:00,270.3,208.24,65520,62990.699,12361.9483,11287.9
2026-01-02 06:45:00,277,250.34,66990,63419.398,12389.4851,11273
2026-01-02 07:00:00,280.1,43.25,69280,65573.703,12433.1565,11265.9
2026-01-02 07:15:00,290,253.28,71515,66922.703,12519.944,11339.9
2026-01-02 07:30:00,312.16,276.66,74025,69664.703,12446.7885,11488.2
2026-01-02 07:45:00,324.25,179.16,75870,74245.297,12619.4627,11464
2026-01-02 08:00:00,320.22,425.47,77580,76473.5,12858.1451,11890.7
2026-01-02 08:15:00,346.76,388.72,80855,80095.297,13288.9236,12502.8
2026-01-02 08:30:00,410.53,341.99,84730,83982.898,13727.5492,13268
2026-01-02 08:45:00,427.84,249.01,86055,85001,14293.2543,13983.2
2026-01-02 09:00:00,504.92,303.29,86755,85315.602,14768.0484,14914.2
2026-01-02 09:15:00,485.54,280.06,86955,84885.898,15314.3631,15871.3
2026-01-02 09:30:00,508.99,174.17,87215,84735.102,16009.7309,16745.6
2026-01-02 09:45:00,542.58,255.01,86995,84600.203,16681.519,17607.301
2026-01-02 10:00:00,338.01,252.39,86325,83743,17293.0269,18445.9
2026-01-02 10:15:00,329.78,70.74,85915,82021.203,17856.3525,19229.199
2026-01-02 10:30:00,296.52,188.29,84005,80340.703,17860.2939,19968.5
2026-01-02 10:45:00,291.39,178.19,83400,79931.102,18538.8095,20615.9
2026-01-02 11:00:00,291.78,-48.64,82715,78812.203,18787.8633,21177.699
2026-01-02 11:15:00,301.45,0.19,82565,78291.602,18470.9599,21573
2026-01-02 11:30:00,806.85,20.41,82035,78738.203,18892.5376,21801.699
2026-01-02 11:45:00,284.45,-48.66,80775,77766.602,18525.0977,22028
2026-01-02 12:00:00,258.7,0.77,78330,75490,18512.9189,22175.1
2026-01-02 12:15:00,138.02,-49.71,73300,70809.398,15687.9727,22285.1
2026-01-02 12:30:00,258.72,-48.95,73585,73455,17166.1651,22200.199
2026-01-02 12:45:00,258.53,-49.47,73410,72159.5,17699.7949,22088.801
2026-01-02 13:00:00,227.27,-50,72620,71890.797,16785.6246,21865.4
2026-01-02 13:15:00,259.76,-48.21,73110,70007.203,16253.2632,21603.801
2026-01-02 13:30:00,283.66,-47.86,73990,70489.5,14963.4815,21259
2026-01-02 13:45:00,269.78,-28.86,76600,72384.203,15820.4277,20845.801
2026-01-02 14:00:00,267.5,-41.55,79710,74606.203,16795.2871,20372.301
2026-01-02 14:15:00,267.9,-40.01,79565,73805.797,16054.0312,19874.199
2026-01-02 14:30:00,267.9,-50,79450,72326.398,16271.3867,19248.9
2026-01-02 14:45:00,270.11,-45.63,80385,74225.398,15742.6622,18578.4
2026-01-02 15:00:00,272.44,10.25,81225,75068,15768.1221,17822.1
2026-01-02 15:15:00,269.35,-44.48,82125,76041.203,15173.8389,17010.5
2026-01-02 15:30:00,278.41,10.75,83590,77228.297,14627.5918,16231.7
2026-01-02 15:45:00,297.32,239.44,85545,80435.398,14261.4091,15285.2
2026-01-02 16:00:00,316,280.33,87200,82440.102,13417.4384,14314.9
2026-01-02 16:15:00,303.88,269.73,89190,84507,12358.606,13153
2026-01-02 16:30:00,307.26,330.89,91925,87224,11326.0982,12227.5
2026-01-02 16:45:00,469.94,309.85,93835,90411.898,10431.3525,11268
2026-01-02 17:00:00,513.68,398.07,95750,92998.398,9676.3972,10369.6
2026-01-02 17:15:00,474.47,344.4,97130,94807.5,9093.6953,9634.45
2026-01-02 17:30:00,646.07,311.26,97955,97126.797,8635.0733,9040.62
2026-01-02 17:45:00,494.9,431.12,96910,96758.203,8439.2928,8599.52
2026-01-02 18:00:00,501.44,379.45,97810,99527,8163.7647,8326.57
2026-01-02 18:15:00,506.43,488.11,98975,99386.797,8222.9006,8350.1
2026-01-02 18:30:00,523.6,400.86,101365,102316,8117.202,8427.81
2026-01-02 18:45:00,521.23,618.61,102430,103186,8177.1329,8547.55
2026-01-02 19:00:00,626.53,715.52,103305,104984,8173.726,8694.06
2026-01-02 19:15:00,503.09,1168.84,103150,103753,8310.7881,8843.99
2026-01-02 19:30:00,614.31,658.69,105000,107163,8506.4835,8958.6
2026-01-02 19:45:00,522.57,1102.52,104730,107254,8683.013,9080.56
2026-01-02 20:00:00,547.54,495.69,103910,106267,8908.8003,9220.63
2026-01-02 20:15:00,502.58,325.89,102990,104823,9054.3325,9341.94
2026-01-02 20:30:00,551.54,329.98,102870,106141,9227.9039,9442.47
2026-01-02 20:45:00,519.37,684.16,102335,106116,9438.0269,9540.24
2026-01-02 21:00:00,556.25,731.51,101795,105742,9837.0754,9628.42
2026-01-02 21:15:00,512.06,370.58,100475,104474,10034.7967,9707.59
2026-01-02 21:30:00,516.03,351.95,99775,103736,10141.7374,9794.58
2026-01-02 21:45:00,492.88,335.25,98445,102822,10399.661,9962.8
2026-01-02 22:00:00,501.08,531.7,97155,101314,10647.9797,10037.6
2026-01-02 22:15:00,489.86,667.08,95165,99378.102,10812.9317,10163.6
2026-01-02 22:30:00,450.66,292.27,93160,97757.5,11016.7586,10208.7
2026-01-02 22:45:00,363.66,485.39,91595,95865.102,11042.0216,10245.6
2026-01-02 23:00:00,336.31,452.69,89330,92903.297,11085.5696,10279.2
2026-01-02 23:15:00,297.73,342.44,87045,90022.5,11121.6907,10202.4
2026-01-02 23:30:00,269.61,284.93,85020,87670.297,11198.9989,10226.9
2026-01-02 23:45:00,261.02,291.56,82770,86172.703,11348.5221,10249.3
2026-01-03 00:00:00,264.86,267.11,81060,84437.898,11367.8627,10231.9
2026-01-03 00:15:00,292.68,314.75,78465,83982.703,11401.8069,10204.5
2026-01-03 00:30:00,555.09,291.8,88525,90875.602,11357.4353,10299.6
2026-01-03 00:45:00,531.87,297.24,87695,90224.797,11375.6752,10307.8
2026-01-03 01:00:00,511.52,260.98,85455,88225.102,11424.8333,10315.8
2026-01-03 01:15:00,429.54,323.14,83525,87479.602,11610.2801,10335.9
2026-01-03 01:30:00,356.39,285.75,81680,84615.102,11786.2537,10314.3
2026-01-03 01:45:00,372.76,252.82,80700,83493.297,11854.8049,10287.4
2026-01-03 02:00:00,424.16,410.22,79275,82719,11838.0041,10250.4
2026-01-03 02:15:00,295.27,392.69,77705,81050,11893.796,10351.2
2026-01-03 02:30:00,278.19,390.65,76720,80849.102,11918.3585,10341.7
2026-01-03 02:45:00,287.47,374.34,75900,79353.703,11738.9781,10320.8
2026-01-03 03:00:00,306.17,342.84,74490,78606.602,11685.8529,10290.6
2026-01-03 03:15:00,307.77,327.27,73735,77789.5,11702.6477,10345.3
2026-01-03 03:30:00,311.28,338.18,72920,77014.5,11589.9099,10338.8
2026-01-03 03:45:00,297.63,302.07,71995,75932,11635.7818,10322.4
2026-01-03 04:00:00,298.32,326.26,71245,75203.797,11723.1095,10307.7
2026-01-03 04:15:00,303.4,311.05,70240,74064,11790.1687,10290.3
2026-01-03 04:30:00,303.9,305.12,70065,73968.102,11880.7957,10258.4
2026-01-03 04:45:00,300.86,312.06,69620,73459.102,11793.6621,10233.2
2026-01-03 05:00:00,300.44,303.61,69330,73125.5,11799.543,10206.1
2026-01-03 05:15:00,300.27,310.15,68500,72238.797,11718.0475,10178.8
2026-01-03 05:30:00,304.17,301.45,69255,73743.703,11663.7487,10135.9
2026-01-03 05:45:00,303.63,353.31,69745,74025.203,11496.3611,10094
2026-01-03 06:00:00,306.98,326.18,70750,74547.797,11343.7484,10041.4
2026-01-03 06:15:00,320.16,328.29,71815,75389.203,11221.2424,9973.66
2026-01-03 06:30:00,328.22,359.75,73665,76430,11076.0744,9909.49
2026-01-03 06:45:00,343.41,402.13,75055,77715.602,10951.7524,9862.15
2026-01-03 07:00:00,344.28,433.47,77250,78948.602,10780.5863,9813.54
2026-01-03 07:15:00,355.42,424.73,79395,81015.398,10658.5853,9654.99
2026-01-03 07:30:00,376.73,498.73,81735,83597.898,10730.2035,9768.44
2026-01-03 07:45:00,404.45,579.09,83575,86006.5,10950.6025,10033.9
2026-01-03 08:00:00,418.93,543.24,84825,88439,11337.4678,10502.6
2026-01-03 08:15:00,477.59,571.27,87845,91164.5,11731.8473,11137.4
2026-01-03 08:30:00,502.54,509.16,90875,94681.703,12090.4856,11939
2026-01-03 08:45:00,527.26,352.31,92970,94847,12502.8048,12826.1
2026-01-03 09:00:00,496.31,306.22,93725,95581.602,13091.6863,13782.2
2026-01-03 09:15:00,509.47,327.33,93900,95782.797,13619.1323,14825.7
2026-01-03 09:30:00,502.59,304.98,93905,94582.102,14366.2793,15781.4
2026-01-03 09:45:00,473.19,294.07,93850,94768.203,15183.5127,16757.6
2026-01-03 10:00:00,455.9,303.44,93155,94569.398,15714.8442,17697.9
2026-01-03 10:15:00,393.13,287.78,91740,92540.5,16167.4277,18639.6
2026-01-03 10:30:00,286.49,259.81,88270,89951.797,16497.6904,19373.1
2026-01-03 10:45:00,286.07,272.71,87160,89657,16930.293,20015
2026-01-03 11:00:00,286.85,287.01,86415,89428.102,17210.8565,20567.5
2026-01-03 11:15:00,286.73,277.65,85645,89210.297,17543.4873,20996.699
2026-01-03 11:30:00,276.61,252.47,85130,88788.398,17741.9307,21324.199
2026-01-03 11:45:00,265.65,253.02,82955,87578.703,17821.8545,21575.301
2026-01-03 12:00:00,263.08,253.5,80615,84512.203,17615.6299,21752.801
2026-01-03 12:15:00,30.18,8.93,74590,79027.102,17295.7846,21812.699
2026-01-03 12:30:00,205.55,233.05,77485,81213.203,17660.4043,21756.301
2026-01-03 12:45:00,253.48,14.41,76625,80897.398,17489.3603,21671.699
2026-01-03 13:00:00,155.56,6.18,76775,80401,17464.9321,21503.6
2026-01-03 13:15:00,204.97,211.38,76055,80399.602,17218.4815,21297.301
2026-01-03 13:30:00,264.94,256.56,77905,81473,16945.6118,20985.1
2026-01-03 13:45:00,275.3,259.41,81060,83684.5,16727.9483,20597.199
2026-01-03 14:00:00,285.83,159.71,85050,86644.297,16461.2061,20148.699
2026-01-03 14:15:00,270.37,250.28,84890,85668,16122.4029,19628.301
2026-01-03 14:30:00,246.29,199.35,82785,84734.898,15732.5732,19022.199
2026-01-03 14:45:00,248.09,227.37,83615,84077.398,15238.1494,18321.199
2026-01-03 15:00:00,260.59,212.35,84955,84507.5,14865.9165,17510.801
2026-01-03 15:15:00,275.68,176.5,86050,85866.297,14339.0508,16664.301
2026-01-03 15:30:00,293.49,292.34,87420,87565,13671.9644,15700.7
2026-01-03 15:45:00,305.38,298.36,89410,89689.102,12889.3105,14682.9
2026-01-03 16:00:00,308.56,354.96,91850,92520.102,12134.7159,13630.2
2026-01-03 16:15:00,362.49,270.98,93840,94662.297,11374.2573,12329.9
2026-01-03 16:30:00,455.53,309.67,96685,98085.203,10694.2029,11326.2
2026-01-03 16:45:00,480.74,363.83,99375,100012,9941.3501,10287.5
2026-01-03 17:00:00,496.32,295.67,101680,102540,9302.2339,9347.78
2026-01-03 17:15:00,519.99,342.34,103490,104263,8836.4432,8530.36
2026-01-03 17:30:00,559.11,320.08,104710,106347,8469.7873,7876.42
2026-01-03 17:45:00,523.39,321.49,102825,106080,8277.0771,7389.18
2026-01-03 18:00:00,552.86,352.27,103650,106601,8369.893,7075.99
2026-01-03 18:15:00,561.37,343.03,104990,108171,8433.7708,7081.51
2026-01-03 18:30:00,597.12,328.01,107785,111126,8775.6764,7161.23
2026-01-03 18:45:00,607.91,332.94,109190,111548,9052.3862,7269.41
2026-01-03 19:00:00,627.28,343.94,109945,111406,9224.6684,7383.03
2026-01-03 19:15:00,611.14,319.86,110085,111677,9357.6833,7534.47
2026-01-03 19:30:00,737.04,368.3,113000,114535,9357.5161,7645.41
2026-01-03 19:45:00,612.08,401.93,112515,114766,9531.299,7759.64
2026-01-03 20:00:00,631.87,361.3,111685,114676,9667.4782,7868.6
2026-01-03 20:15:00,605.16,359.74,109915,112883,9760.8495,8001.52
2026-01-03 20:30:00,600.94,340.68,109620,113273,9892.8938,8089.2
2026-01-03 20:45:00,587,419.53,109285,113236,10072.083,8166.14
2026-01-03 21:00:00,585.37,428.78,108425,112814,10148.1253,8233.38
2026-01-03 21:15:00,581.61,371.13,106995,110741,10192.6365,8301.96
2026-01-03 21:30:00,571.65,359.9,105395,110641,10197.1935,8355.76
2026-01-03 21:45:00,559.01,327.72,103895,107758,10109.6207,8384.06
2026-01-03 22:00:00,544,311.02,101955,106694,10120.2764,8404.55
2026-01-03 22:15:00,531.35,315.94,99610,104445,10070.2923,8418.06
2026-01-03 22:30:00,508.63,278.21,97235,102313,9952.6798,8411.92
2026-01-03 22:45:00,440.78,65.24,95265,100209,9753.8242,8402.39
2026-01-03 23:00:00,313.26,266.02,92425,97615.5,9828.1466,8389.54
2026-01-03 23:15:00,265.31,256.44,89865,95204.5,9709.5176,8288.83
2026-01-03 23:30:00,265.61,249.42,87420,92597.102,9451.1713,8258.51
2026-01-03 23:45:00,262.63,218.79,84795,89767.797,9085.6692,8221.23
2026-01-04 00:00:00,264.12,249.09,82740,87407.297,8910.1184,8167.64
2026-01-04 00:15:00,252.29,275.92,87260,87534,8821.405,8302.12
2026-01-04 00:30:00,521.94,358.74,96045,96582.5,8658.1904,8035.74
2026-01-04 00:45:00,439.54,273.83,95565,94216.898,8573.2367,7953.12
2026-01-04 01:00:00,391.43,267.12,93360,92700.398,8742.5088,7867.52
2026-01-04 01:15:00,424.58,416.85,91620,91012.398,8757.7473,7812.25
2026-01-04 01:30:00,380.02,395.39,89655,89033.102,8675.7411,7707.9
2026-01-04 01:45:00,393.68,333.2,88560,88065.398,8564.9993,7608.73
2026-01-04 02:00:00,369.63,307.98,87355,86183.602,8324.0863,7508.23
2026-01-04 02:15:00,352.29,295.09,86440,84656.102,8275.0603,7499.64
2026-01-04 02:30:00,313.74,281.41,85220,84536.102,7834.4295,7397.01
2026-01-04 02:45:00,288.03,291.69,84075,82997.102,7784.2351,7299.58
2026-01-04 03:00:00,283.84,281.33,83045,81627.297,7777.1477,7204.6
2026-01-04 03:15:00,279.15,283.56,82115,81488.203,7649.1121,7197.34
2026-01-04 03:30:00,277.94,277.04,81250,80674.602,7680.8394,7126.34
2026-01-04 03:45:00,276.17,288.05,80845,80167.797,7724.6831,7062.27
2026-01-04 04:00:00,277.74,288.54,79905,79221.203,7755.9562,7016.69
2026-01-04 04:15:00,277.53,265.45,78670,79755.898,7848.1182,7034.38
2026-01-04 04:30:00,280.46,303.74,78335,78655.602,7760.1746,6937.19
2026-01-04 04:45:00,280.67,280.07,77805,78831.602,7505.6818,6888.34
2026-01-04 05:00:00,286.96,280.23,77870,78142.602,7418.2259,6841.08
2026-01-04 05:15:00,281.98,296.02,77000,78276.398,7439.4579,6807.08
2026-01-04 05:30:00,281.7,276.93,77545,78756.602,7311.7669,6776.5
2026-01-04 05:45:00,281.84,269.8,77645,78828.602,7197.5418,6752.49
2026-01-04 06:00:00,279.32,269.3,79080,80307.703,6859.4102,6732.91
2026-01-04 06:15:00,284.71,345.48,79915,81023.398,6838.985,6570.67
2026-01-04 06:30:00,309.26,333.03,82100,83625.898,7363.206,6573.67
2026-01-04 06:45:00,311.46,290.47,83680,84579.797,7226.7952,6578.3
2026-01-04 07:00:00,330.9,318.32,84570,87230.602,7422.1974,6594.77
2026-01-04 07:15:00,329.66,314.17,86120,89369.898,7623.6309,6575.72
2026-01-04 07:30:00,362.66,462.17,88930,92264.898,7675.6253,6754.25
2026-01-04 07:45:00,349.41,598.79,90520,93741.797,7557.6081,7076.16
2026-01-04 08:00:00,348.27,351.55,93135,94862.797,7770.3165,7570.76
2026-01-04 08:15:00,294.9,382.4,94940,97079.297,7961.5457,8225.09
2026-01-04 08:30:00,266.31,352.87,98415,100779,8438.654,9021.42
2026-01-04 08:45:00,279.03,295.47,99405,100780,8922.9289,9902.98
2026-01-04 09:00:00,316.78,359.18,100295,101664,9470.7671,10873.4
2026-01-04 09:15:00,267.61,342.11,100825,101849,9967.3335,12013.8
2026-01-04 09:30:00,267.93,303.35,100750,101478,10816.9419,12981.7
2026-01-04 09:45:00,267.48,290.39,100215,101228,11310.3565,13903.4
2026-01-04 10:00:00,272.66,248.59,99390,100516,12044.4653,14811.9
2026-01-04 10:15:00,281.86,277.16,98280,98019,12402.4536,15686
2026-01-04 10:30:00,278.52,271.43,95105,94826.297,12975.5391,16421.301
2026-01-04 10:45:00,257.78,233.86,94250,94075.102,13037.2778,17071.4
2026-01-04 11:00:00,257.73,272.04,93475,93181.898,13200.4805,17631.9
2026-01-04 11:15:00,261.29,263.44,92835,92215.602,13488.5732,18143.301
2026-01-04 11:30:00,257.66,240.56,92560,92567.398,13671.8418,18469
2026-01-04 11:45:00,258.22,256.31,89815,90006.203,13657.1611,18661.6
2026-01-04 12:00:00,261.28,253.65,87585,87512.398,13464.8477,18779.199
2026-01-04 12:15:00,43.97,0.03,81800,81323.5,13075.1738,18781.4
2026-01-04 12:30:00,240.12,5.47,84075,84130.602,13199.1128,18675
2026-01-04 12:45:00,146.96,162.98,83155,83882.203,13104.2349,18539.301
2026-01-04 13:00:00,80.88,104.19,83100,82499.398,12757.6895,18300.4
2026-01-04 13:15:00,206.08,8.05,83265,82316.203,12286.8721,17991.301
2026-01-04 13:30:00,246.28,158.41,84755,83231,12141.378,17607.699
2026-01-04 13:45:00,253.77,200.79,86970,85272.797,11918.3735,17148.801
2026-01-04 14:00:00,263.87,236.36,90040,88300.797,11506.915,16634.4
2026-01-04 14:15:00,256.34,42.36,90215,86883.297,11248.6184,16082.4
2026-01-04 14:30:00,256.08,62.04,89100,86260.102,10983.6858,15388.1
2026-01-04 14:45:00,258.08,87.46,90415,87187.102,10462.2705,14647.7
2026-01-04 15:00:00,265.99,240.75,91585,88645.102,9987.4639,13797.6
2026-01-04 15:15:00,269.8,252.94,92955,89440.5,9138.4829,12888.7
2026-01-04 15:30:00,274.07,241.84,94060,90012.398,8490.3804,11909.3
2026-01-04 15:45:00,280.89,266.44,96195,92024.898,7804.0388,10879.6
2026-01-04 16:00:00,292.16,274.75,98285,93888.602,6979.7298,9824.63
2026-01-04 16:15:00,304.75,285.46,100030,96430,6212.1924,8558.72
2026-01-04 16:30:00,313.37,292.59,101885,100474,5464.1121,7478.92
2026-01-04 16:45:00,322.69,405.86,104235,102574,4698.3742,6459.59
2026-01-04 17:00:00,398.13,304.6,107040,104577,3966.7495,5499.22
2026-01-04 17:15:00,402.49,302.53,108880,106206,3386.127,4669.87
2026-01-04 17:30:00,425.79,792.24,110490,107782,2813.8586,3972.19
2026-01-04 17:45:00,413.48,405.58,109715,106600,2422.9244,3439.8
2026-01-04 18:00:00,428.83,425.33,110080,106852,2138.2992,3041.2
2026-01-04 18:15:00,433.65,414.5,111450,108365,1974.0674,2890.6
2026-01-04 18:30:00,470.46,411.4,113590,110017,1998.8776,2909.66
2026-01-04 18:45:00,480.65,322.59,115075,111297,1986.8255,2932.29
2026-01-04 19:00:00,495.83,406.54,116025,111384,1964.8871,2959.34
2026-01-04 19:15:00,476.88,372.61,115705,109853,2055.1428,3038.16
2026-01-04 19:30:00,1182.75,498.1,118000,112953,2129.9517,3054.24
2026-01-04 19:45:00,582.74,432.05,117080,112719,2190.2425,3077.96
2026-01-04 20:00:00,532.28,394.42,116365,111948,2248.4724,3102.35
2026-01-04 20:15:00,524.33,409.2,115315,110212,2328.6328,3119.56
2026-01-04 20:30:00,599.45,405.38,115650,110887,2374.2327,3119.43
2026-01-04 20:45:00,587.35,353.68,115095,110845,2455.8059,3115.83
2026-01-04 21:00:00,516.08,374.45,114620,110921,2478.0576,3105.05
2026-01-04 21:15:00,503.85,367.98,113495,109357,2372.3287,3118.98
2026-01-04 21:30:00,464.77,434.45,112310,109337,2337.7488,3114.59
2026-01-04 21:45:00,442.38,437.38,111125,107875,2350.2601,3104.34
2026-01-04 22:00:00,434.54,322.62,109860,106320,2323.2698,3079.09
2026-01-04 22:15:00,428.22,330.55,107805,104366,2353.2756,3058.92
2026-01-04 22:30:00,415.66,298.97,105830,102474,2418.7833,3046.88
2026-01-04 22:45:00,387.71,328.02,104015,100344,2526.3245,3028.34
2026-01-04 23:00:00,328.35,308.58,101090,98335.5,2416.984,3010.62
2026-01-04 23:15:00,340.03,310.43,98245,95062.703,2390.344,2939.99
2026-01-04 23:30:00,315.23,312.54,94610,92643.602,2364.5878,2924.26
2026-01-04 23:45:00,312.17,307.15,92560,90203.102,2496.1556,2909.59
2026-01-05 00:00:00,303.23,282.91,90425,87128.297,2581.5574,2891.02
2026-01-05 00:15:00,295.1,293.94,89290,89064.898,2553.9346,2749.27
2026-01-05 00:30:00,359.96,1000.39,97015,96500.703,2663.8323,2251.56
2026-01-05 00:45:00,357.54,337.69,96435,95289.797,2754.2774,2246.81
2026-01-05 01:00:00,359.82,320.34,95130,93514,2761.1903,2246.08
2026-01-05 01:15:00,347.94,310.28,92610,90869.398,2692.2656,2319.65
2026-01-05 01:30:00,321.08,307.09,90850,90029.898,2698.9443,2332.81
2026-01-05 01:45:00,336.97,296.03,89735,88251.703,2570.5585,2346.73
2026-01-05 02:00:00,319.46,291.46,88305,86857.602,2466.167,2363.8
2026-01-05 02:15:00,311,285.42,86860,85346.703,2470.6808,2433.81
2026-01-05 02:30:00,305.8,280.19,85855,84642.102,2352.5232,2459.65
2026-01-05 02:45:00,303.16,285.33,84795,83822.898,2317.2373,2485.29
2026-01-05 03:00:00,300.56,278.07,83885,82399,2309.3205,2515.13
2026-01-05 03:15:00,296.85,278.27,83385,81697.203,2235.1845,2565.27
2026-01-05 03:30:00,291.08,279,82665,81254.703,2257.1808,2609.43
2026-01-05 03:45:00,290.36,275.1,82100,80522.5,2295.0567,2656.47
2026-01-05 04:00:00,290.36,275.93,81045,79961.703,2276.5068,2706.96
2026-01-05 04:15:00,287.27,276.12,80610,79679.5,2326.9311,2768.99
2026-01-05 04:30:00,280.19,275.18,79315,79393.898,2341.775,2819.3
2026-01-05 04:45:00,280.19,275.39,79435,78721.5,2387.7621,2865.41
2026-01-05 05:00:00,280.09,276.1,79000,78116.102,2405.264,2910.94
2026-01-05 05:15:00,280.09,272.03,79230,78237.797,2327.6334,2959.65
2026-01-05 05:30:00,280.09,270.51,79270,79364.5,2337.4969,2995.98
2026-01-05 05:45:00,280.29,271.24,80070,79849.703,2368.478,3030.91
2026-01-05 06:00:00,285.42,272.89,80970,81407.898,2331.7193,3061.63
2026-01-05 06:15:00,290.52,275.04,82055,82163.102,2257.6861,3067.67
2026-01-05 06:30:00,295.85,288.37,84680,84213.602,2238.7788,3066.23
2026-01-05 06:45:00,307.88,297.92,86940,86029.398,2151.6487,3087.31
2026-01-05 07:00:00,306.25,278.33,88925,88557,2167.2621,3114.03
2026-01-05 07:15:00,312.35,296.51,90855,90856.297,2153.3257,3129.18
2026-01-05 07:30:00,323.43,305.31,93545,93870.5,2258.6581,3312.4
2026-01-05 07:45:00,329.5,303.1,95050,95183.102,2363.1015,3590.72
2026-01-05 08:00:00,340.89,325.84,96800,96810.898,2574.7875,3990.04
2026-01-05 08:15:00,351.57,426.75,99515,99988,2923.9296,4560.38
2026-01-05 08:30:00,362.67,314.82,102365,102902,3270.8644,5209.62
2026-01-05 08:45:00,353.92,371.56,103795,104573,3745.2061,5922.7
2026-01-05 09:00:00,325.92,412.26,104535,106074,4451.983,6702.68
2026-01-05 09:15:00,318.68,366.13,104680,106209,4989.1028,7560.29
2026-01-05 09:30:00,316.66,355.73,105330,106496,5695.8428,8404.29
2026-01-05 09:45:00,318.49,360.66,105735,106331,6457.7129,9150.79
2026-01-05 10:00:00,326.04,316.92,105365,103904,7147.0805,9878.45
2026-01-05 10:15:00,325.2,288.79,104825,101404,7609.311,10571.9
2026-01-05 10:30:00,299.9,292.06,100900,98950.898,8503.6157,11238.5
2026-01-05 10:45:00,295.3,288.64,100260,98436.797,9092.8098,11843.8
2026-01-05 11:00:00,297.29,288.59,99890,97727.602,9436.4433,12400.8
2026-01-05 11:15:00,295.37,296.2,99545,97350.797,9715.2534,12896.4
2026-01-05 11:30:00,288.2,280.23,99020,96569.398,9708.5508,13289.7
2026-01-05 11:45:00,283.41,311.46,96660,94019.102,9660.0654,13589.5
2026-01-05 12:00:00,281.15,136.4,93765,91948.602,9878.4202,13804.8
2026-01-05 12:15:00,259.17,268.53,87980,86368.703,9940.7952,13901.1
2026-01-05 12:30:00,272.31,283.8,90575,88687.602,9907.0367,13923.2
2026-01-05 12:45:00,268.73,188.07,90330,88304.703,9649.0801,13899.1
2026-01-05 13:00:00,269.95,273.5,90310,87480.703,9444.7258,13827.3
2026-01-05 13:15:00,272.14,209.44,90550,86793.5,9209.2969,13693.2
2026-01-05 13:30:00,273.25,161.14,91395,88277.398,8864.5852,13485.4
2026-01-05 13:45:00,277.25,281.76,93745,90690.297,8618.3445,13208.1
2026-01-05 14:00:00,285.31,292.52,97525,93998.203,8246.6199,12866.3
2026-01-05 14:15:00,282.45,113.93,96850,92489.5,8000.2115,12462.8
2026-01-05 14:30:00,274.66,190.3,94210,91454.797,7726.727,11982.2
2026-01-05 14:45:00,277.14,283.4,94870,93327,7407.0505,11431.1
2026-01-05 15:00:00,279.78,283.48,96350,93853.797,7001.4792,10826.2
2026-01-05 15:15:00,277.59,281.16,97380,94988.297,6454.5674,10165.6
2026-01-05 15:30:00,283.8,289.36,98030,95713.602,6016.5086,9453.91
2026-01-05 15:45:00,288.91,284.64,99975,97123.398,5625.582,8699.35
2026-01-05 16:00:00,303.41,287.31,102550,99146.797,5088.394,7929.87
2026-01-05 16:15:00,306.29,295.06,104060,102102,4605.0067,7044.35
2026-01-05 16:30:00,322.78,312.59,105635,104892,4149.2666,6145.84
2026-01-05 16:45:00,350.76,342.31,108135,106723,3780.6068,5381.02
2026-01-05 17:00:00,358.88,323.03,109720,109339,3379.4692,4658.8
2026-01-05 17:15:00,363.33,401.17,111155,109937,3075.5396,4028.56
2026-01-05 17:30:00,396.64,375.96,112475,111976,2883.6828,3520.59
2026-01-05 17:45:00,393.94,310.33,111030,110833,2723.8417,3124.63
2026-01-05 18:00:00,401.35,401.05,111480,111341,2657.1412,2884.62
2026-01-05 18:15:00,460.25,398.22,112700,112685,2704.8287,2821.66
2026-01-05 18:30:00,451.12,316.87,115955,115758,2917.5668,2949.79
2026-01-05 18:45:00,491.47,408.39,116950,117400,2967.0457,3113.39
2026-01-05 19:00:00,479.84,310.34,117715,118616,2979.8042,3289.6
2026-01-05 19:15:00,454.66,373.01,117765,118915,3081.069,3536.67
2026-01-05 19:30:00,696.73,359.43,120000,121758,3253.4476,3729.94
2026-01-05 19:45:00,461.4,320.45,119840,121705,3472.1751,3916.9
2026-01-05 20:00:00,707.15,401.65,119390,121400,3669.3932,4117.34
2026-01-05 20:15:00,495.31,386.19,117250,119176,3958.0083,4326.89
2026-01-05 20:30:00,483.51,320.91,117490,119067,4224.6066,4501.46
2026-01-05 20:45:00,469.33,323.54,117310,118328,4455.5936,4675.45
2026-01-05 21:00:00,470.67,319.84,117220,118274,4759.1076,4847.25
2026-01-05 21:15:00,480.28,310.42,115685,116605,4902.1932,5089.29
2026-01-05 21:30:00,438.29,310.41,114420,114693,5349.2212,5257.54
2026-01-05 21:45:00,449.77,311.26,113060,113404,5439.3167,5445.11
2026-01-05 22:00:00,373.73,314.94,110895,111437,5883.7452,5623.35
2026-01-05 22:15:00,353.68,320.51,108905,109109,6220.4118,5803.17
2026-01-05 22:30:00,354.43,296.5,106375,106566,6480.6414,5974.46
2026-01-05 22:45:00,348.53,313.79,104205,104804,6859.2424,6123.67
2026-01-05 23:00:00,324.73,290.05,101765,101392,7014.9667,6290.13
2026-01-05 23:15:00,315,280.3,98420,98224.602,7232.6135,6389
2026-01-05 23:30:00,304.6,277.09,96340,95560.5,7373.2485,6575.64
2026-01-05 23:45:00,297.92,281.49,93535,92765.203,7437.1749,6755.26
2026-01-06 00:00:00,290.61,274.99,91460,91864.797,7534.187,6910.03
2026-01-06 00:15:00,271.02,281.91,88475,91243.102,7810.9565,7040.46
2026-01-06 00:30:00,302.12,252.05,97200,99967.602,7748.4978,7298.03
2026-01-06 00:45:00,298.23,287.58,96490,97305.203,7721.6919,7433.79
2026-01-06 01:00:00,288.09,257.61,94475,96313.297,7918.453,7570.44
2026-01-06 01:15:00,287.01,307.38,92300,93359.203,7933.4005,7738.78
2026-01-06 01:30:00,284.26,287.48,90910,92143,8073.3071,7857.16
2026-01-06 01:45:00,283.43,279.15,89410,90867,8096.8829,7964.85
2026-01-06 02:00:00,280.76,284.77,88020,89384.5,8244.8258,8064.73
2026-01-06 02:15:00,278.05,271.3,87160,88073.898,8402.4667,8215.64
2026-01-06 02:30:00,274.95,268.95,85935,86991.797,8484.9437,8316.63
2026-01-06 02:45:00,271.36,270.09,84640,85896.602,8617.9011,8411.26
2026-01-06 03:00:00,278.85,251.94,83995,84656.203,8786.8102,8503.51
2026-01-06 03:15:00,274.01,265.69,83530,84238.102,8999.872,8661.21
2026-01-06 03:30:00,268.09,259.05,82310,82915,8911.7392,8737.52
2026-01-06 03:45:00,271.51,244.75,82115,82369,8965.1363,8805.71
2026-01-06 04:00:00,266.62,255.55,81635,81949.5,9117.4313,8876.92
2026-01-06 04:15:00,265.33,258.63,81160,81235.203,9025.6452,9009.4
2026-01-06 04:30:00,260.39,244.94,80255,80329.898,9217.8449,9067.85
2026-01-06 04:45:00,257.08,219.94,79935,80847.203,9236.8833,9122.79
2026-01-06 05:00:00,255.22,247.94,79595,79685.5,9263.9815,9172.4
2026-01-06 05:15:00,254.01,166.32,79500,79541.297,9154.4227,9213.2
2026-01-06 05:30:00,257.08,247.94,80105,80173.398,9013.9289,9253.51
2026-01-06 05:45:00,259.95,250.05,80615,82175.203,8974.6823,9316.79
2026-01-06 06:00:00,268.21,253.13,81690,82625.703,8978.9459,9341.72
2026-01-06 06:15:00,270.11,260.04,83075,83930.297,8982.646,9231.31
2026-01-06 06:30:00,272.44,270.87,85180,86326.602,9059.6383,9234.82
2026-01-06 06:45:00,275.46,273.54,87280,88075.297,9246.8238,9240.8
2026-01-06 07:00:00,275.79,272.59,89235,90804.398,9320.1563,9249.83
2026-01-06 07:15:00,278.69,278.79,91210,93149.602,9463.6459,9311.31
2026-01-06 07:30:00,282.26,279.18,93635,94959.703,9482.726,9464.38
2026-01-06 07:45:00,285.14,294.72,95070,97220.102,9894.6424,9682
2026-01-06 08:00:00,290.24,300.43,96635,98604.297,10075.7732,10104.2
2026-01-06 08:15:00,294.09,366.49,99190,101903,10358.1987,10817.4
2026-01-06 08:30:00,297.2,271.11,102240,106053,10630.9,11547.5
2026-01-06 08:45:00,294.05,277.41,103930,107799,11032.438,12344.2
2026-01-06 09:00:00,292.15,288.82,104615,108750,11362.3243,13232.5
2026-01-06 09:15:00,279.93,272.51,105225,108971,11571.3306,14240.2
2026-01-06 09:30:00,283.75,300.48,105040,108900,12066.8352,15163.2
2026-01-06 09:45:00,279.75,287.65,104655,108591,12430.7801,16021.3
2026-01-06 10:00:00,285.42,297.94,104155,106045,12828.8425,16830.9
2026-01-06 10:15:00,282.22,246.95,103350,104803,13113.2471,17661.9
2026-01-06 10:30:00,273.01,273.29,99135,101588,13466.6319,18362.199
2026-01-06 10:45:00,272.62,263.48,98470,100908,13574.3266,18967.199
2026-01-06 11:00:00,272.36,279,97400,100830,13547.19,19462.4
2026-01-06 11:15:00,272.65,294.45,96435,98953.5,13628.0425,19956.699
2026-01-06 11:30:00,270.55,283,95350,98645.5,13799.6386,20189.1
2026-01-06 11:45:00,258.56,284.85,92565,96730.703,13898.1767,20320.9
2026-01-06 12:00:00,251.93,283.97,90165,93266.898,13868.1338,20388.301
2026-01-06 12:15:00,190.66,262.41,83830,86121.602,13182.3165,20361.1
2026-01-06 12:30:00,262.09,282.17,86885,88739.102,13568.419,20187.699
2026-01-06 12:45:00,249.26,263.65,86090,87680.398,13148.3023,19955.5
2026-01-06 13:00:00,246.48,143.75,86515,87442.5,12712.9522,19700.6
2026-01-06 13:15:00,244.6,217.93,86160,86450.602,12439.7246,19361.199
2026-01-06 13:30:00,250.94,301.12,87505,87252.203,11858.5347,18966.5
2026-01-06 13:45:00,256.62,290.83,89660,89738.797,11504.585,18449.4
2026-01-06 14:00:00,258.63,291.51,93275,93580.398,10916.1675,17898
2026-01-06 14:15:00,254.82,297.66,92190,93214.602,10674.6021,17268.199
2026-01-06 14:30:00,252.22,302.68,90915,91032.398,10278.9629,16561.4
2026-01-06 14:45:00,252.28,262.39,91235,92552.5,9899.1318,15800.4
2026-01-06 15:00:00,265.92,265.33,91740,93663,9654.7305,14959.3
2026-01-06 15:15:00,260,347.74,93730,94828.5,9231.1977,14055.7
2026-01-06 15:30:00,266.45,298.43,94245,95954.203,8738.021,13035.1
2026-01-06 15:45:00,270.71,321.92,96685,97257.703,8226.8401,11986.1
2026-01-06 16:00:00,282.59,283.33,99830,98814.297,7572.3486,10895.1
2026-01-06 16:15:00,283.85,295.35,102055,101220,6972.8496,9659.31
2026-01-06 16:30:00,287.42,280.83,104925,103686,6265.0315,8543.81
2026-01-06 16:45:00,305.95,287.4,107295,107265,5766.3838,7526.34
2026-01-06 17:00:00,303.12,300.91,109370,109497,5193.587,6607.16
2026-01-06 17:15:00,312.76,300.7,111110,111692,4817.6831,5698.12
2026-01-06 17:30:00,328.44,321.6,112395,112937,4570.8123,5070.4
2026-01-06 17:45:00,332.36,316.28,111415,112327,4579.488,4624.98
2026-01-06 18:00:00,342.69,344.48,112525,113541,4762.9577,4339.16
2026-01-06 18:15:00,359.34,342.16,113990,115866,5066.1232,4216.16
2026-01-06 18:30:00,404.6,370.18,116175,118954,5384.601,4378.01
2026-01-06 18:45:00,448.19,365.14,117135,120809,5731.6901,4588.23
2026-01-06 19:00:00,399.18,370.42,117755,121889,6074.2168,4762.01
2026-01-06 19:15:00,376.46,348.96,117250,121949,6476.1182,5062.39
2026-01-06 19:30:00,647.85,355.41,120500,124468,6916.3586,5209.52
2026-01-06 19:45:00,400.87,375.37,119845,124828,7385.6592,5414.8
2026-01-06 20:00:00,395.55,375.09,118830,124172,7704.3913,5616.82
2026-01-06 20:15:00,362.61,375.14,116420,122204,7875.3032,5693.59
2026-01-06 20:30:00,376.57,424.02,116710,122947,8415.8497,5860.15
2026-01-06 20:45:00,372.92,378.61,116185,122786,8679.4014,6052.66
2026-01-06 21:00:00,376.73,438.92,115830,122259,9150.8613,6228.54
2026-01-06 21:15:00,350.73,381.03,114875,120517,9274.8875,6512.09
2026-01-06 21:30:00,347.43,432.65,113515,119247,9650.0939,6648.69
2026-01-06 21:45:00,334.75,461.21,112195,117849,9784.301,6810.52
2026-01-06 22:00:00,330.3,446.5,110825,116029,10002.4723,6878.64
2026-01-06 22:15:00,328.47,357.28,108240,113445,9778.8053,6895.97
2026-01-06 22:30:00,314.04,307.91,105930,109852,9766.3512,7018.87
2026-01-06 22:45:00,309.58,303.02,104145,108023,10000.6903,7144.35
2026-01-06 23:00:00,298.04,298.26,101595,104300,10123.1339,7268.66
2026-01-06 23:15:00,290.58,284.89,98240,101551,10095.1423,7262.16
2026-01-06 23:30:00,284.83,282.75,95595,97811.602,9981.8159,7333.51
2026-01-06 23:45:00,280.03,273.34,92690,95766.398,10057.4427,7463.58
2026-01-07 00:00:00,274.65,270.13,90265,93878,10246.7308,7587.07
2026-01-07 00:15:00,276.03,265.1,90885,93604.203,10239.3482,7514.4
2026-01-07 00:30:00,306.13,289.24,99075,101305,10218.1196,8366.02
2026-01-07 00:45:00,303.16,286.61,98170,99607.898,10143.8931,8443
2026-01-07 01:00:00,287.68,278.68,96700,97437.602,10304.1528,8510.21
2026-01-07 01:15:00,295.59,277.93,94385,95802.898,10205.3802,8595.85
2026-01-07 01:30:00,287.25,278.95,93140,94130.797,10216.9488,8665.69
2026-01-07 01:45:00,285.62,277.88,91830,92768.102,10299.6329,8733.62
2026-01-07 02:00:00,282.81,277.73,90640,91164.703,10416.5304,8799.48
2026-01-07 02:15:00,278.37,262.86,88950,89679.398,10392.0123,8924.31
2026-01-07 02:30:00,279.63,269.84,88505,89475,10351.2803,8997.66
2026-01-07 02:45:00,275.04,265.5,87065,88353.398,10450.1942,9068.6
2026-01-07 03:00:00,282.4,265.5,86660,87746.898,10545.0469,9137.21
2026-01-07 03:15:00,277.76,254.11,85230,86376.102,10651.0799,9246.56
2026-01-07 03:30:00,277.38,259.26,84725,85592.898,10688.2083,9294.28
2026-01-07 03:45:00,272.67,257,83660,85115.102,10586.5709,9341.22
2026-01-07 04:00:00,272.21,262.71,83300,84575.703,10549.0149,9389.52
2026-01-07 04:15:00,262.13,260.63,82265,83320.398,10545.16,9524.89
2026-01-07 04:30:00,263.04,254,82025,83725.297,10687.8826,9559.41
2026-01-07 04:45:00,261.96,254,81915,82306.203,10653.7924,9595.83
2026-01-07 05:00:00,260.12,252,81350,83082,10656.9465,9625.12
2026-01-07 05:15:00,260.01,252,81000,81925.5,10820.0677,9679.41
2026-01-07 05:30:00,267.11,252,81640,82386.203,10737.538,9683.59
2026-01-07 05:45:00,271.91,258.54,82230,82154.797,10687.4402,9694.51
2026-01-07 06:00:00,273.61,254,83325,83732.203,10689.8329,9697.72
2026-01-07 06:15:00,277.42,269.61,84640,84639.297,10658.4489,9488.21
2026-01-07 06:30:00,285.78,270,86710,88235,10688.7061,9459.13
2026-01-07 06:45:00,281.56,273.34,88650,89785.203,10672.0521,9438.76
2026-01-07 07:00:00,284.69,277.52,90810,92406.5,10665.2334,9416.03
2026-01-07 07:15:00,286.09,278.96,92580,94062,10491.32,9362.64
2026-01-07 07:30:00,293.68,285.54,95370,97758.203,10527.2579,9523.79
2026-01-07 07:45:00,296.81,290.64,96920,99072.602,10588.3342,9831.77
2026-01-07 08:00:00,297.44,290.68,98140,100462,10904.3608,10324.6
2026-01-07 08:15:00,305.09,296.92,100960,103106,10997.2116,11164.5
2026-01-07 08:30:00,287.19,278.78,104220,106931,11369.3766,12171.6
2026-01-07 08:45:00,284.85,311,105225,108028,11679.1445,13139
2026-01-07 09:00:00,285.55,274.59,105955,108370,12062.1728,14191.7
2026-01-07 09:15:00,279.3,280.73,105635,108001,12627.9844,15453.1
2026-01-07 09:30:00,280.47,281.46,105100,107530,13396.8833,16581.301
2026-01-07 09:45:00,286.1,316.86,104400,106613,14031.4419,17574
2026-01-07 10:00:00,280.21,285.75,102995,104735,14715.1591,18515.199
2026-01-07 10:15:00,277.61,316.9,101585,102457,15133.541,19425.301
2026-01-07 10:30:00,257.56,187.65,97385,98676.797,15661.8779,20084
2026-01-07 10:45:00,272.84,285.66,96870,98215.297,15908.0488,20656.4
2026-01-07 11:00:00,256.95,288.19,96080,96616.703,16319.1338,21101.1
2026-01-07 11:15:00,264.39,188.06,95715,96486.398,16267.7486,21597.4
2026-01-07 11:30:00,268.65,759.39,95930,95164.398,15933.0225,21771.801
2026-01-07 11:45:00,261.18,469.89,93430,92998.203,15382.1797,21848.699
2026-01-07 12:00:00,247.08,93.71,90385,89599,14835.8741,21835.5
2026-01-07 12:15:00,-50,27.26,83780,82216.102,13582.5489,21706.301
2026-01-07 12:30:00,1,151.2,86980,85866.797,14300.5493,21510.6
2026-01-07 12:45:00,62.55,77.5,86170,84876.102,13983.8232,21237.5
2026-01-07 13:00:00,60.87,38.82,85765,84506.602,12848.2041,20939.199
2026-01-07 13:15:00,94.96,-9.43,85245,83929.203,12369.3316,20587.199
2026-01-07 13:30:00,158.35,118.95,86515,84510.797,11991.1353,20162.199
2026-01-07 13:45:00,256.21,321.13,89125,87807.203,11762.8301,19680
2026-01-07 14:00:00,258.06,278.96,92725,92148.797,11552.1074,19107.301
2026-01-07 14:15:00,250.88,305.49,92405,92019.602,11306.3189,18510
2026-01-07 14:30:00,262.16,317.86,91185,89790.102,10931.1114,17793.199
2026-01-07 14:45:00,252.72,293.61,91655,92202.398,11208.1236,16960.801
2026-01-07 15:00:00,259.49,316.52,92125,92594.898,10840.6116,16064
2026-01-07 15:15:00,267.65,646.3,93910,93721.797,10840.429,15053
2026-01-07 15:30:00,262.75,320.79,94830,94972.398,10194.5717,13932.9
2026-01-07 15:45:00,279.08,312.53,96640,97026.102,9495.4663,12789.8
2026-01-07 16:00:00,273.14,397.67,99145,99029.602,8562.5672,11549.8
2026-01-07 16:15:00,284.17,335.41,102240,101652,7611.1259,10197.7
2026-01-07 16:30:00,284.88,426.15,104610,104110,6718.4856,8899.24
2026-01-07 16:45:00,306.54,482.62,107665,107515,5823.4427,7717.46
2026-01-07 17:00:00,306.13,554.05,109505,110286,4940.9039,6594.5
2026-01-07 17:15:00,320.71,327.96,112180,112295,4210.1409,5639.37
2026-01-07 17:30:00,334.36,601.67,113440,114055,3508.9527,4828.61
2026-01-07 17:45:00,344.5,560.21,112570,113557,2940.8248,4123.83
2026-01-07 18:00:00,358.16,654.97,113765,114672,2593.2241,3681.9
2026-01-07 18:15:00,384.01,859.32,115815,116423,2456.0327,3535.52
2026-01-07 18:30:00,553.49,830.51,118445,119899,2456.2755,3575.86
2026-01-07 18:45:00,653.14,908.45,120490,121828,2561.6532,3675.93
2026-01-07 19:00:00,531.29,823.71,120925,122461,2746.7885,3783.17
2026-01-07 19:15:00,433.29,839.95,120955,122712,2911.1568,3963.7
2026-01-07 19:30:00,744.68,1304.99,123500,125184,3013.4398,4070.36
2026-01-07 19:45:00,649.15,1115.8,123230,125292,3215.4425,4175.29
2026-01-07 20:00:00,534.46,847.85,122485,124694,3394.5911,4279.05
2026-01-07 20:15:00,410.02,615.88,121150,123431,3615.8513,4362.13
2026-01-07 20:30:00,402.67,851.97,120620,123958,3662.6144,4455.32
2026-01-07 20:45:00,409.38,649.59,120565,122608,3894.5065,4561.97
2026-01-07 21:00:00,408.11,1170.66,119915,123053,3899.7192,4669.34
2026-01-07 21:15:00,400.71,765.54,118095,121126,3941.4947,4824.36
2026-01-07 21:30:00,401.79,588.07,116855,119943,3956.9772,4943.91
2026-01-07 21:45:00,372.57,663.1,115450,118640,3997.5466,5067.36
2026-01-07 22:00:00,353.33,786.81,113570,117440,4065.8299,5191.8
2026-01-07 22:15:00,343.78,520.67,111100,114155,4104.2908,5218.66
2026-01-07 22:30:00,332.58,506.06,108720,112012,4194.0465,5325.13
2026-01-07 22:45:00,327.26,475.53,106050,108551,4230.6113,5428.98
2026-01-07 23:00:00,313.83,358.87,102730,105809,4238.2315,5529.07
2026-01-07 23:15:00,303.85,311.11,100005,102339,4197.3076,5568.88
2026-01-07 23:30:00,290.53,310.05,97495,99264.898,4171.7863,5669.31
2026-01-07 23:45:00,285.44,320.7,94195,96682,4200.8469,5786.28
2026-01-08 00:00:00,282.74,295.93,91985,94681.898,4291.9249,5854.03
2026-01-08 00:15:00,278.72,289.75,92715,93965.5,4366.0386,5746.24
2026-01-08 00:30:00,344.61,324.91,102000,101961,4386.9443,5692.49
2026-01-08 00:45:00,321.52,354.03,100830,101083,4608.1985,5825.95
2026-01-08 01:00:00,318.26,357.5,99155,99268.297,4753.6623,5963.36
2026-01-08 01:15:00,320.21,352.26,96745,96323.297,4930.06,6235.48
2026-01-08 01:30:00,310.17,303.67,94630,94452.5,5343.5039,6400.62
2026-01-08 01:45:00,305.43,301.29,93235,93183.5,5397.2994,6542.06
2026-01-08 02:00:00,301.75,310.04,92115,92150.797,5712.3503,6672.14
2026-01-08 02:15:00,299.38,306.38,90925,90746.297,6326.0389,6842.38
2026-01-08 02:30:00,289.68,269.46,90025,88899.797,6576.5799,6956.47
2026-01-08 02:45:00,283.61,278.8,88610,88311.102,6759.53,7064.1
2026-01-08 03:00:00,275.75,280.92,88115,86828.398,7041.9419,7172.18
2026-01-08 03:15:00,272.16,275.01,86900,86306.297,7179.6654,7296.52
2026-01-08 03:30:00,267.96,272,86270,85616.703,7430.6293,7387.48
2026-01-08 03:45:00,264.82,267.96,85475,84499.5,7777.0911,7473.74
2026-01-08 04:00:00,259.98,273.13,84695,83823.898,8112.6517,7566.06
2026-01-08 04:15:00,260.06,270.91,83920,83296.898,8323.9821,7708.43
2026-01-08 04:30:00,260.01,266.17,83155,82846.102,8661.3509,7787.87
2026-01-08 04:45:00,260.05,270.68,82960,82887,8961.8463,7869.31
2026-01-08 05:00:00,260.08,270.22,82800,82814.398,9166.4055,7945.7
2026-01-08 05:15:00,260,267.77,82500,82433.102,9338.2569,8010.53
2026-01-08 05:30:00,260.08,263.88,82740,83031.102,9436.8381,8051.9
2026-01-08 05:45:00,261.11,279.53,83455,83468.398,9496.8822,8129.33
2026-01-08 06:00:00,264,261.39,84325,83561.102,9515.0681,8201.56
2026-01-08 06:15:00,267.5,264.7,86230,85602,9497.5923,8097.19
2026-01-08 06:30:00,278,269.22,88230,87285.5,9394.0325,8126.39
2026-01-08 06:45:00,278,170.28,89955,89574.203,9242.5388,8169.85
2026-01-08 07:00:00,295.39,260.11,92250,92547.898,9238.9117,8207.53
2026-01-08 07:15:00,299.58,264.31,94320,94262.602,9169.9627,8210.05
2026-01-08 07:30:00,282.05,280.91,96865,97715.703,9219.9798,8455.47
2026-01-08 07:45:00,304.88,279.97,97960,99600.203,8919.4194,8819.03
2026-01-08 08:00:00,303.31,278.22,99365,100762,8934.7661,9398.27
2026-01-08 08:15:00,310.31,272.42,101265,104679,9144.4999,10379.3
2026-01-08 08:30:00,357.2,267.64,104750,107516,9807.2871,11325.4
2026-01-08 08:45:00,289.02,262.4,105590,108048,10603.886,12386.1
2026-01-08 09:00:00,278.95,262.24,106185,108648,11474.794,13522.9
2026-01-08 09:15:00,277.89,271.69,105610,107388,12084.4229,14872.3
2026-01-08 09:30:00,278.55,267.27,105625,107363,13029.8091,16076.9
2026-01-08 09:45:00,284.12,318.13,104920,107134,14049.748,17197.4
2026-01-08 10:00:00,281.03,284.56,103535,104377,15087.416,18246.1
2026-01-08 10:15:00,283.89,279.65,101800,102034,16251.7881,19222.801
2026-01-08 10:30:00,284.43,283.68,98410,98957.5,17248.7803,20005.5
2026-01-08 10:45:00,280.3,264.23,97235,98017.898,17284.6914,20686.6
2026-01-08 11:00:00,276.24,283.99,96615,97229.5,18136.0254,21250.199
2026-01-08 11:15:00,278.4,312.58,96270,96249.297,17689.042,21835.1
2026-01-08 11:30:00,274.12,395.28,96100,96021.5,16792.5166,22123.4
2026-01-08 11:45:00,300.74,326.93,93325,93642.5,16034.479,22275.1
2026-01-08 12:00:00,268.31,265.73,90625,90762.703,15245.8164,22329
2026-01-08 12:15:00,177.08,89.3,83745,83888.602,14130.0464,22272.5
2026-01-08 12:30:00,261.67,270.43,87140,86473.5,13790.104,22217.801
2026-01-08 12:45:00,263.76,90.42,86145,85453.102,14265.6245,22024
2026-01-08 13:00:00,259.77,180.37,86035,85283.203,13858.5039,21832.4
2026-01-08 13:15:00,267.89,281.7,85310,84474.602,13854.4536,21575.9
2026-01-08 13:30:00,275.94,189.74,86880,86037.297,13835.1255,21220.301
2026-01-08 13:45:00,279.42,277.68,89530,88601.297,13930.9073,20781.9
2026-01-08 14:00:00,263.92,286.81,93080,92625,13219.4546,20238.199
2026-01-08 14:15:00,285.34,289.52,92880,90409.398,12299.4624,19639.301
2026-01-08 14:30:00,276.35,258.2,91020,89811.898,11883.5273,18892.699
2026-01-08 14:45:00,264,279.97,92095,90255.797,11901.4756,18104.1
2026-01-08 15:00:00,270.84,261.32,92790,91533.398,11887.8862,17197.5
2026-01-08 15:15:00,287.91,525.13,94165,93033.297,11569.8989,16209.2
2026-01-08 15:30:00,285.6,296.59,95585,94084,10863.2727,15077.4
2026-01-08 15:45:00,281.07,287.04,98055,96411.297,10377.2759,13923
2026-01-08 16:00:00,284.48,294.88,100225,98760,9501.478,12660
2026-01-08 16:15:00,282.57,268.27,103430,101271,8556.3161,11336
2026-01-08 16:30:00,286.39,255.08,105920,103995,7582.4345,9942.24
2026-01-08 16:45:00,312.37,282.15,108695,107398,6652.2234,8709.89
2026-01-08 17:00:00,332.23,352.31,110935,109515,5785.8958,7562.16
2026-01-08 17:15:00,381.88,373.59,113100,111864,5093.2099,6571.46
2026-01-08 17:30:00,423.42,404.32,115235,113279,4484.1953,5730.54
2026-01-08 17:45:00,360.42,405.06,113750,112844,4067.7418,5083.64
2026-01-08 18:00:00,383.25,1090.41,115270,113075,3780.7025,4630.74
2026-01-08 18:15:00,389.52,755.96,116235,115737,3637.8646,4509.18
2026-01-08 18:30:00,451.76,1325.85,118965,119116,3718.957,4563.47
2026-01-08 18:45:00,492.77,1556.81,120935,121449,3834.9587,4658.43
2026-01-08 19:00:00,495.06,1800,121410,122686,4057.1384,4822.31
2026-01-08 19:15:00,462.71,833.83,122510,122784,3898.2498,5037.19
2026-01-08 19:30:00,650.97,1794.39,124975,125121,4173.5189,5130.94
2026-01-08 19:45:00,592.98,1651.79,125500,125256,4237.3412,5230.56
2026-01-08 20:00:00,527.75,1091.86,124640,124678,4287.7997,5334.66
2026-01-08 20:15:00,537.18,1241.18,123225,123492,4357.2541,5320.6
2026-01-08 20:30:00,551.99,1274.94,123265,123717,4531.8009,5402.58
2026-01-08 20:45:00,534.2,663.42,122815,123738,4221.2199,5496.38
2026-01-08 21:00:00,468.7,1357.85,121780,123098,4636.6112,5603.46
2026-01-08 21:15:00,428.86,665.09,119960,121315,4331.4646,5798.11
2026-01-08 21:30:00,404.93,1098.88,119065,119878,4967.1503,5917.82
2026-01-08 21:45:00,396.36,1410.41,117620,118774,5155.4665,6037.37
2026-01-08 22:00:00,387.87,642.13,115915,116233,4849.134,6158.27
2026-01-08 22:15:00,370.43,330.57,113225,113646,5524.423,6127.82
2026-01-08 22:30:00,368.34,326.89,110885,110527,5703.3253,6239.6
2026-01-08 22:45:00,359.87,295.19,108315,107889,5776.2035,6349.96
2026-01-08 23:00:00,340.58,301.65,105840,105551,5842.3549,6460.4
2026-01-08 23:15:00,320.64,296.72,102550,102500,6082.9991,6475.31
2026-01-08 23:30:00,311.67,289.67,100030,99356.602,6089.8776,6578.87
2026-01-08 23:45:00,306.41,270.23,97210,96491.102,6292.4746,6680.45
2026-01-09 00:00:00,295.18,232.57,94465,94291.898,6488.6916,6754.79
2026-01-09 00:15:00,279.55,285.93,92665,93499,6532.1747,6719.82
2026-01-09 00:30:00,348.56,249.33,101855,101939,6715.5613,6576.67
2026-01-09 00:45:00,320.22,271.22,101365,101145,6921.7082,6646.36
2026-01-09 01:00:00,316.28,273.61,98980,98910.297,7020.3294,6746
2026-01-09 01:15:00,313,277.54,96815,96258.398,7146.2627,6845.34
2026-01-09 01:30:00,311.9,293.68,95080,94541.297,7385.519,6932.81
2026-01-09 01:45:00,300.11,276.73,93570,92971.102,7677.4199,7003.9
2026-01-09 02:00:00,304.28,264.73,92405,91632,7717.0841,7091.89
2026-01-09 02:15:00,301.16,270,90790,90548.297,7788.7857,7227.2
2026-01-09 02:30:00,301.28,272.01,89760,89110.203,7897.7181,7286.7
2026-01-09 02:45:00,296.16,265.91,88735,88031.398,8116.8163,7333.97
2026-01-09 03:00:00,292.53,265.67,87630,86905.203,8279.5802,7379.53
2026-01-09 03:15:00,290.49,263.24,86685,86525.898,8333.339,7435.08
2026-01-09 03:30:00,289.58,261.15,85845,85612.297,8459.432,7465.71
2026-01-09 03:45:00,284.97,257.98,85290,85185.602,8499.9561,7495.38
2026-01-09 04:00:00,283.1,257.9,84590,84702.898,8577.2703,7530.85
2026-01-09 04:15:00,279.64,266.68,83725,83294.398,8655.0097,7745.79
2026-01-09 04:30:00,279.55,258.48,83260,83372.898,8727.5742,7764.24
2026-01-09 04:45:00,277.83,259.17,82705,82690.5,8697.1548,7777.11
2026-01-09 05:00:00,277.73,94.63,82580,81958.703,8822.1794,7758.19
2026-01-09 05:15:00,278.51,230.11,82500,82312,8737.4509,7771.53
2026-01-09 05:30:00,279.55,252.65,83030,83127.5,8626.331,7774.09
2026-01-09 05:45:00,281.06,245.96,83400,84118.703,8672.8898,7770.34
2026-01-09 06:00:00,285.7,249.56,84450,85095.398,8540.4944,7759.01
2026-01-09 06:15:00,290.81,266.96,85640,86174.898,8498.3541,7473.44
2026-01-09 06:30:00,298.26,270.65,87945,88306.5,8599.5167,7440.2
2026-01-09 06:45:00,299.77,261.94,90040,90889.797,8452.8795,7392.97
2026-01-09 07:00:00,303.6,274.98,92355,92258.5,8349.2311,7343.44
2026-01-09 07:15:00,310.53,268.49,94370,95548.398,8374.4183,7312.61
2026-01-09 07:30:00,322.11,265.24,97690,98775.398,8340.9707,7435.66
2026-01-09 07:45:00,323.97,265.11,98900,100947,8415.8593,7758.93
2026-01-09 08:00:00,336.19,265.67,99995,101321,8642.9868,8259.82
2026-01-09 08:15:00,337.36,261.92,102270,103596,8932.9222,9006.14
2026-01-09 08:30:00,393.15,252.13,105540,107612,9262.936,9794.21
2026-01-09 08:45:00,330.4,260.36,106330,107759,9755.0214,10769.6
2026-01-09 09:00:00,336.89,265.42,106655,108583,10414.1116,11823.8
2026-01-09 09:15:00,328.38,276.93,105850,108158,11145.9685,13139.8
2026-01-09 09:30:00,326.19,264.32,106355,107623,11896.6856,14223.1
2026-01-09 09:45:00,326.2,271.16,105465,105947,12496.9722,15262.5
2026-01-09 10:00:00,322.43,275.4,105250,105294,12926.4838,16218.5
2026-01-09 10:15:00,315.32,269.44,103325,102874,13152.085,17177.199
2026-01-09 10:30:00,289.57,252,99485,100432,13449.0185,17883.301
2026-01-09 10:45:00,285.13,270.69,98245,99519.703,13681.461,18509.4
2026-01-09 11:00:00,282.94,252,97535,99933,13934.8818,19005.5
2026-01-09 11:15:00,283.36,277.73,96735,98392.602,14074.0058,19516.199
2026-01-09 11:30:00,279,256.74,96680,97948.898,14038.8218,19808.6
2026-01-09 11:45:00,274.88,270.95,93870,95631.102,13966.374,19919.4
2026-01-09 12:00:00,271.74,259.71,91340,93188.398,13710.8506,19951.699
2026-01-09 12:15:00,229.21,78.93,84540,86510.203,13407.0257,19907.1
2026-01-09 12:30:00,265.73,11.95,88125,87487.203,13370.4947,19762.699
2026-01-09 12:45:00,259.83,227.66,87045,87560.703,13289.4102,19578.9
2026-01-09 13:00:00,255.85,222.49,86610,86880.102,13180.7847,19325.199
2026-01-09 13:15:00,259.41,256.82,86385,87615,13077.7964,19024.199
2026-01-09 13:30:00,251.09,230.86,87515,88034.203,12686.3108,18615.4
2026-01-09 13:45:00,255.16,268.02,90690,90853.203,12319.1211,18141.199
2026-01-09 14:00:00,265.32,252.56,94370,94076.203,11983.914,17582.9
2026-01-09 14:15:00,263.35,244.24,93520,94173.297,11503.0977,17024.301
2026-01-09 14:30:00,262.02,252.48,91840,91920.398,10914.4182,16319.3
2026-01-09 14:45:00,265.62,255.37,92985,93165.398,10342.4973,15511.8
2026-01-09 15:00:00,263.07,260.19,93755,93167,9807.1709,14629
2026-01-09 15:15:00,267.92,270.43,95080,94737.602,9408.7542,13635.6
2026-01-09 15:30:00,273.07,272.97,96195,95050.203,8662.5422,12566.7
2026-01-09 15:45:00,277.99,285.68,98995,97548.602,7967.2175,11436.9
2026-01-09 16:00:00,282.89,277.22,101045,99212.797,7218.4653,10216.1
2026-01-09 16:15:00,289.96,281.76,103410,102541,6281.882,8938.33
2026-01-09 16:30:00,300.78,300,105920,105023,5407.4674,7615.26
2026-01-09 16:45:00,312.74,302.27,108730,108152,4495.4422,6391.6
2026-01-09 17:00:00,342.59,317.99,111010,110517,3718.5867,5216.01
2026-01-09 17:15:00,358.85,308.58,112985,112112,2993.4473,4172.82
2026-01-09 17:30:00,387.8,329.98,114000,113490,2410.9744,3260.03
2026-01-09 17:45:00,392.55,357.6,113420,112213,1955.7252,2532.55
2026-01-09 18:00:00,408.92,303.92,114295,111887,1717.2744,2002.61
2026-01-09 18:15:00,428.89,301.59,116385,113958,1501.9573,1756.52
2026-01-09 18:30:00,478.42,310.02,119310,116841,1511.8817,1694.23
2026-01-09 18:45:00,502.7,304,120970,118750,1507.4074,1694.07
2026-01-09 19:00:00,538.29,327.39,121545,119693,1477.3331,1699.95
2026-01-09 19:15:00,510.75,299.99,122160,120196,1468.9913,1752.7
2026-01-09 19:30:00,625.14,308.58,124760,123167,1431.569,1756.4
2026-01-09 19:45:00,710.2,328.56,125500,123233,1397.005,1752.72
2026-01-09 20:00:00,632.34,326.92,124340,121485,1359.252,1754.1
2026-01-09 20:15:00,619.03,300.34,122925,120964,1347.9678,1741.37
2026-01-09 20:30:00,672.17,320.49,123360,120932,1366.1934,1751.5
2026-01-09 20:45:00,683.18,309.96,122760,120334,1293.376,1762.26
2026-01-09 21:00:00,659.33,305.14,122580,120034,1285.3061,1771.51
2026-01-09 21:15:00,604.09,307.86,120985,118807,1214.6483,1784.82
2026-01-09 21:30:00,490.77,308.02,119310,117656,1122.4725,1788.21
2026-01-09 21:45:00,496.81,310.04,118230,116618,1066.5451,1792.35
2026-01-09 22:00:00,478.51,335.89,116865,114897,1083.8777,1798.27
2026-01-09 22:15:00,433.11,313.9,114160,112903,1096.1154,1754.1
2026-01-09 22:30:00,395.84,341.18,110720,110751,1140.0523,1767.42
2026-01-09 22:45:00,388.61,418.73,108065,109565,1140.4578,1780.76
2026-01-09 23:00:00,353.45,414.19,105690,106718,1133.8702,1793.58
2026-01-09 23:15:00,328.15,381.19,102355,103535,1146.5718,1772.4
2026-01-09 23:30:00,311.13,383.51,99670,101528,1179.0388,1779.86
2026-01-09 23:45:00,310.48,374.41,96955,98491.898,1188.2436,1790.94
2026-01-10 00:00:00,303.45,308.44,94090,95332,1230.2468,1808.04
2026-01-10 00:15:00,305.1,302,94640,95649.102,1222.278,1732.16
2026-01-10 00:30:00,355.44,384.98,101645,104380,1220.5847,1529.05
2026-01-10 00:45:00,360.59,481.24,101105,102483,1147.0365,1530.57
2026-01-10 01:00:00,360.59,356.92,99075,99590.398,1148.4293,1537.19
2026-01-10 01:15:00,363.02,348.55,96800,98771.898,1210.3825,1572.04
2026-01-10 01:30:00,366.38,345.44,95365,95898.297,1244.7933,1586.6
2026-01-10 01:45:00,358.26,328.98,93450,94593.398,1221.5878,1596.85
2026-01-10 02:00:00,353.42,341.95,92435,93176.703,1152.2212,1610.03
2026-01-10 02:15:00,337.38,319.68,90875,91485.398,1182.529,1625.85
2026-01-10 02:30:00,330.1,319.96,89800,90666.102,1219.1793,1626.43
2026-01-10 02:45:00,325.06,309.01,88305,89534.398,1207.366,1624.78
2026-01-10 03:00:00,326.33,304.29,87945,88319.602,1214.1763,1619.67
2026-01-10 03:15:00,324.72,270.48,86870,87291,1220.6568,1615.04
2026-01-10 03:30:00,322.21,273.98,86090,86741.602,1133.0235,1606.92
2026-01-10 03:45:00,320.49,271.98,85015,85802.797,1154.62,1598.06
2026-01-10 04:00:00,319.64,277.98,84175,84937,1152.2111,1593
2026-01-10 04:15:00,321.97,275.98,83520,84327.898,1119.0987,1671.82
2026-01-10 04:30:00,320.4,275.98,82860,83776.102,1130.6645,1662.45
2026-01-10 04:45:00,317.7,274.84,82130,83279.297,1142.511,1656.08
2026-01-10 05:00:00,317.5,275.98,82130,82590,1107.3343,1649.79
2026-01-10 05:15:00,315.26,275.98,82000,82234.297,1042.9273,1648.16
2026-01-10 05:30:00,317.95,274.67,82265,82115.203,993.2053,1647.63
2026-01-10 05:45:00,315.4,278,82740,82362.297,966.5941,1651.59
2026-01-10 06:00:00,320.27,281.27,83340,83548,967.5239,1653.34
2026-01-10 06:15:00,324.59,292.92,84000,83676.297,898.1312,1609.67
2026-01-10 06:30:00,322.3,310.1,85360,86156.898,801.7062,1606.42
2026-01-10 06:45:00,321.08,309.65,86690,87483.203,782.2875,1610.73
2026-01-10 07:00:00,320,340,88605,88363.297,791.5,1612.27
2026-01-10 07:15:00,319.7,317.7,90430,90583.5,844.0632,1667.97
2026-01-10 07:30:00,320.93,330,93270,92798.203,895.0979,1898.27
2026-01-10 07:45:00,325.23,320,94475,95420.703,1130.5591,2293.51
2026-01-10 08:00:00,328.45,375.66,95860,96691.703,1512.0922,2851.03
2026-01-10 08:15:00,344,399.94,98495,99441.797,2014.2373,3655.34
2026-01-10 08:30:00,357.08,381.56,102025,102442,2604.3351,4616.64
2026-01-10 08:45:00,354.69,415.32,102925,103481,3268.3745,5690.08
2026-01-10 09:00:00,345.8,315.26,103105,103642,4083.759,6860.49
2026-01-10 09:15:00,330.18,330.02,102840,103545,4888.3338,8099.63
2026-01-10 09:30:00,326.25,282.1,102565,102264,5826.2509,9292.91
2026-01-10 09:45:00,317.84,265.84,102105,102389,6663.7605,10505.9
2026-01-10 10:00:00,316.89,299.24,101635,101155,7396.4689,11606.4
2026-01-10 10:15:00,303.26,265.15,99740,99250.398,7920.5693,12653.8
2026-01-10 10:30:00,282.65,260.29,96405,96389.398,8268.6659,13563
2026-01-10 10:45:00,278.53,260.03,94875,94908.602,8824.1862,14359.1
2026-01-10 11:00:00,279.72,261.66,94155,93955.602,9254.1123,15033.2
2026-01-10 11:15:00,280.95,255.5,93875,93669.797,9612.8651,15641.6
2026-01-10 11:30:00,275.28,266.63,93485,93263.203,9796.6762,16103.5
2026-01-10 11:45:00,274.63,266.95,91705,91729,10046.426,16441.1
2026-01-10 12:00:00,268.77,256.63,89040,89254.703,10320.1906,16702.1
2026-01-10 12:15:00,211.26,142.47,82945,83298.5,10424.6346,16721.199
2026-01-10 12:30:00,260.66,162.6,85665,85387.797,10685.1199,16771.4
2026-01-10 12:45:00,258.44,112.95,85575,84848.703,10606.7346,16763
2026-01-10 13:00:00,258.07,154,84610,84561.203,10677.1248,16719.9
2026-01-10 13:15:00,258.78,241.9,85450,84499.898,10619.2074,16618.1
2026-01-10 13:30:00,257.04,216.53,86135,86112.602,10304.6899,16491
2026-01-10 13:45:00,267.21,258.67,89030,88886,10276.2845,16216
2026-01-10 14:00:00,268.88,262.59,92160,92239.797,10165.2418,15850.1
2026-01-10 14:15:00,263.04,253.44,91500,91663.297,9945.7852,15464.1
2026-01-10 14:30:00,257.35,255.04,89645,88736.797,9606.8161,14931.8
2026-01-10 14:45:00,259.67,247.35,90215,89310,9233.7042,14305.8
2026-01-10 15:00:00,265.77,256.08,91085,89657.297,8911.897,13599.8
2026-01-10 15:15:00,268.19,253.71,92595,91016.398,8559.8957,12824
2026-01-10 15:30:00,270.44,260.37,93165,92233.297,8002.311,11888.3
2026-01-10 15:45:00,278.48,270.01,95360,93581.398,7420.4304,10903.8
2026-01-10 16:00:00,287.73,283.06,97385,96773.898,6668.1321,9825.99
2026-01-10 16:15:00,304.64,299.25,99845,98747,5974.2509,8656.11
2026-01-10 16:30:00,312.2,304.1,102190,101709,5105.0833,7421.23
2026-01-10 16:45:00,321.26,357.55,104710,104078,4288.0103,6333.06
2026-01-10 17:00:00,335.64,320.68,106720,106435,3527.3147,5287.1
2026-01-10 17:15:00,364.66,400.06,108160,108539,2942.6598,4295.63
2026-01-10 17:30:00,400.85,426.66,110015,109847,2416.1161,3526.33
2026-01-10 17:45:00,396.81,404.67,108575,108829,2061.5295,2917.39
2026-01-10 18:00:00,409.15,429.26,109465,110218,1826.6154,2505.08
2026-01-10 18:15:00,414.42,479.99,110610,111070,1717.1061,2349.4
2026-01-10 18:30:00,456.5,478.01,113180,114108,1734.3284,2389.94
2026-01-10 18:45:00,511.51,520.03,114385,114266,1856.7916,2502.74
2026-01-10 19:00:00,511.52,458.48,115105,115236,2003.1452,2615.09
2026-01-10 19:15:00,483.7,329.79,114865,114839,2094.3798,2761.9
2026-01-10 19:30:00,606.92,382.31,117500,117205,2203.3684,2872.46
2026-01-10 19:45:00,520.11,331.28,117225,117489,2317.8729,2988.72
2026-01-10 20:00:00,483.68,361.62,116305,116453,2426.9706,3117.62
2026-01-10 20:15:00,467.65,313.84,115480,115157,2519.9173,3229.65
2026-01-10 20:30:00,473.84,306.33,115900,115288,2644.3636,3363.05
2026-01-10 20:45:00,481.51,317.74,115760,115067,2850.6541,3504.23
2026-01-10 21:00:00,482.88,343.57,115130,114919,3174.1292,3643.53
2026-01-10 21:15:00,465.53,321.19,114500,113393,3356.5728,3842.71
2026-01-10 21:30:00,456.65,378.48,113105,112376,3529.4245,3983.61
2026-01-10 21:45:00,452.62,362.85,112125,111167,3693.3981,4125.65
2026-01-10 22:00:00,427.8,421.42,110870,110258,3730.3165,4270.16
2026-01-10 22:15:00,415.99,455.78,108635,108150,3792.8934,4438.93
2026-01-10 22:30:00,390.25,417.59,106190,106652,3798.0993,4584
2026-01-10 22:45:00,409.26,344.07,104930,105341,3781.8804,4678.76
2026-01-10 23:00:00,342.82,313.97,102240,103400,3801.0877,4812.09
2026-01-10 23:15:00,327.33,331.04,99445,100344,3788.9658,4888.12
2026-01-10 23:30:00,328.2,279.44,97105,97893.5,3830.1641,5018.86
2026-01-10 23:45:00,322.92,276,94855,95373,3847.506,5146.07
2026-01-11 00:00:00,309.7,272,91725,92789.898,3881.949,5276.33
2026-01-11 00:15:00,301.25,285.62,91735,93318.602,3977.5502,5421.85
2026-01-11 00:30:00,364.92,336.95,100185,101774,4114.1058,4780.41
2026-01-11 00:45:00,345.65,314.02,98980,100082,4202.8311,4874.18
2026-01-11 01:00:00,343.03,312.79,96980,97808.102,4232.0522,4972.09
2026-01-11 01:15:00,335.32,309.11,94690,96098.102,4316.5593,5111.68
2026-01-11 01:30:00,323.18,305.06,92920,94074.398,4363.0377,5213.04
2026-01-11 01:45:00,318.76,308.49,91210,93107.5,4581.9322,5310.3
2026-01-11 02:00:00,316.42,305.4,90005,91002.797,4614.7932,5403.7
2026-01-11 02:15:00,307.85,289.32,88560,89698.203,4830.6894,5610.07
2026-01-11 02:30:00,303.85,282.99,87340,88144,5013.4437,5767.71
2026-01-11 02:45:00,299.09,280.04,86290,87190.203,5103.3032,5900.81
2026-01-11 03:00:00,291.92,282.09,85095,86320.398,5334.3688,6026.97
2026-01-11 03:15:00,292.69,277.09,84330,84992.5,5650.256,6169.92
2026-01-11 03:30:00,289.14,279.09,83710,84096.898,5877.9095,6298.44
2026-01-11 03:45:00,287.01,280,82540,82974.398,6307.8069,6435.48
2026-01-11 04:00:00,286.49,269.99,81975,82197,6893.2673,6586.24
2026-01-11 04:15:00,286.95,274.99,81240,82086,6963.2505,6847.92
2026-01-11 04:30:00,279.92,271.41,80570,81328.602,7125.7896,6996.11
2026-01-11 04:45:00,279.73,269.69,79835,80852.703,7188.1368,7138.18
2026-01-11 05:00:00,277.6,265.99,79480,79949.5,7114.5794,7275.34
2026-01-11 05:15:00,277.07,269.84,79000,79684.203,7239.3295,7432.41
2026-01-11 05:30:00,277.03,270,79470,79874.297,7468.2907,7566.33
2026-01-11 05:45:00,277.92,269.96,79605,80369.5,7725.4436,7691.03
2026-01-11 06:00:00,279.65,268.61,80275,80380.398,7867.0503,7805.82
2026-01-11 06:15:00,279.65,269.89,80635,80977,7694.6659,7750.76
2026-01-11 06:30:00,282.32,272.65,81805,82017.398,7609.0744,7829.59
2026-01-11 06:45:00,284.45,280,82480,83234.102,7613.3466,7912.29
2026-01-11 07:00:00,279.99,280.09,83880,85130.5,7778.3972,7991.97
2026-01-11 07:15:00,284.62,280.03,85320,85814.797,8005.68,8044.21
2026-01-11 07:30:00,285.19,284.98,87515,87852.5,8095.3096,8305.34
2026-01-11 07:45:00,287.89,279.9,88735,88739.5,8511.9126,8726.25
2026-01-11 08:00:00,285.17,276.53,89080,89375.102,8615.2257,9333.1
2026-01-11 08:15:00,284.56,297,89790,91238.203,9436.1326,10186.2
2026-01-11 08:30:00,286.04,265.73,91825,92415,9836.7802,11181.5
2026-01-11 08:45:00,279.45,255.05,92400,92528.102,10645.8564,12284.4
2026-01-11 09:00:00,279.35,273.94,92300,92665.398,11328.0542,13442.7
2026-01-11 09:15:00,275.42,253.8,92060,92424.5,12487.9492,14768.3
2026-01-11 09:30:00,271.49,266,91780,91812.703,13320.8526,15987.4
2026-01-11 09:45:00,269.6,255.44,91215,91391.703,14651.3008,17169.301
2026-01-11 10:00:00,271.97,261.54,90320,90555.797,15748,18241.801
2026-01-11 10:15:00,264.37,233.16,89025,89172.602,16516.4863,19242.5
2026-01-11 10:30:00,257.88,159.91,85500,85313.203,17006.2998,20112.699
2026-01-11 10:45:00,259.72,139.35,85340,85588.703,17468.7998,20876.9
2026-01-11 11:00:00,260.02,244.01,84815,84414.297,17608.1006,21493.301
2026-01-11 11:15:00,261.22,260.79,84280,84065.297,17364.0137,22062.199
2026-01-11 11:30:00,260.4,263.99,84155,83747.898,17325.3623,22434.4
2026-01-11 11:45:00,257.58,260.82,82890,82915.297,16595.8702,22680.301
2026-01-11 12:00:00,265.72,26.18,80745,80600.297,16486.2978,22828.9
2026-01-11 12:15:00,5.31,-49.17,76500,76479.898,15947.9854,22859.199
2026-01-11 12:30:00,259.6,28.2,79530,79064.203,16862.5127,22805
2026-01-11 12:45:00,216.45,-32.71,78870,75952.398,16170.2241,22642.801
2026-01-11 13:00:00,197.36,-49.76,78975,75046.703,15786.0024,22464.699
2026-01-11 13:15:00,208.54,-29.12,78480,75300.602,15225.0488,22219.699
2026-01-11 13:30:00,209.4,2.89,79680,76809.602,15846.0777,21910
2026-01-11 13:45:00,243.49,71.35,81720,78307.797,15431.564,21520.6
2026-01-11 14:00:00,243.69,2.49,83800,80819.898,15211.2598,21044
2026-01-11 14:15:00,206.13,-1.03,83275,79953.297,14432.2945,20526.199
2026-01-11 14:30:00,24.71,-11.99,81630,79414.602,13486.3111,19897.301
2026-01-11 14:45:00,103.3,-1.5,82320,80609.5,13898.041,19155
2026-01-11 15:00:00,118,10.95,82985,81581.703,13780.294,18335.9
2026-01-11 15:15:00,194.75,9.83,84105,83207.297,13330.8706,17402.301
2026-01-11 15:30:00,228.85,139.71,84930,83387.203,12897.063,16362.4
2026-01-11 15:45:00,258.47,154.41,87350,85787.797,12335.7627,15288.6
2026-01-11 16:00:00,266.14,265.68,89400,87931.297,11622.6655,14172.5
2026-01-11 16:15:00,271.06,266.17,91440,90261.797,10797.1679,12769.1
2026-01-11 16:30:00,277.94,260.2,93975,92981.102,9847.3977,11531.4
2026-01-11 16:45:00,288.95,279.47,96650,95785.297,8952.788,10379.2
2026-01-11 17:00:00,289.76,280.12,98795,97718.898,8092.6699,9305.32
2026-01-11 17:15:00,294.55,301.34,100520,100842,7378.8721,8335.08
2026-01-11 17:30:00,308.79,314.48,102115,102322,6749.8769,7522.68
2026-01-11 17:45:00,313.94,309.14,101845,101359,6361.828,6906.22
2026-01-11 18:00:00,335.96,314.07,103140,101865,6095.6589,6473.06
2026-01-11 18:15:00,335.32,327.79,104145,103701,5919.7229,6199.02
2026-01-11 18:30:00,347.66,303.15,106200,105290,5878.4837,6249.04
2026-01-11 18:45:00,352.31,311.95,106875,106799,5856.4288,6387.59
2026-01-11 19:00:00,384.72,317.5,107090,106148,6059.7173,6528.6
2026-01-11 19:15:00,312.21,312.11,106895,106666,5999.5423,6952.76
2026-01-11 19:30:00,369.72,313.61,109500,109163,6190.4785,7090.56
2026-01-11 19:45:00,377,313.32,109280,109276,6469.4976,7216.3
2026-01-11 20:00:00,312.73,305.67,108620,109471,6706.2036,7340.63
2026-01-11 20:15:00,345.48,320.02,107880,108366,6915.0299,7294.11
2026-01-11 20:30:00,346.85,346.95,108040,108239,7122.9159,7379.93
2026-01-11 20:45:00,344.48,326.29,107865,109105,7096.2787,7470.48
2026-01-11 21:00:00,362.59,494.23,107760,108898,7099.6026,7557.09
2026-01-11 21:15:00,335.9,413.86,106975,107060,7053.1568,7897.22
2026-01-11 21:30:00,325.56,486.4,106060,107598,7169.824,7940.12
2026-01-11 21:45:00,324.44,461.74,105485,106353,7250.1432,7972.69
2026-01-11 22:00:00,326.6,400.17,104235,105736,7494.4713,8004.88
2026-01-11 22:15:00,318.23,460.87,102400,103157,7648.2598,8095.59
2026-01-11 22:30:00,312.94,359.7,100330,101562,7861.1054,8105.43
2026-01-11 22:45:00,308.92,309.83,98795,99646.203,7727.0664,8104.94
2026-01-11 23:00:00,297.16,290,96015,96832.398,7838.3096,8097.74
2026-01-11 23:15:00,289.43,299.88,93830,94399.898,7829.2832,7884.89
2026-01-11 23:30:00,286.39,295,91285,91608.703,7820.7106,7843.39
2026-01-11 23:45:00,285.11,298.88,88890,88839.398,7725.5793,7796.2
2026-01-12 00:00:00,279.76,279.92,86670,86615.898,7716.6869,7755.96
2026-01-12 00:15:00,279.2,272,86650,87462.203,7630.1857,8023.51
2026-01-12 00:30:00,320.31,393.93,94905,95570.398,7493.8753,7309.58
2026-01-12 00:45:00,308.89,304.18,94605,94892.898,7327.2078,7250.54
2026-01-12 01:00:00,299.9,292.88,92200,92501.203,7237.4267,7195.55
2026-01-12 01:15:00,277.94,289.9,90575,91023.703,7142.1173,7150.35
2026-01-12 01:30:00,277.78,277.92,88905,89043.398,6933.0486,7096.16
2026-01-12 01:45:00,278.22,280.05,87555,88068.797,6877.2415,7036.35
2026-01-12 02:00:00,277.92,279.88,86315,86500.297,6766.407,6963.97
2026-01-12 02:15:00,278.95,279.9,84890,85443.797,6650.9479,6981.81
2026-01-12 02:30:00,279.24,273.96,83685,84274.203,6509.2952,6924.32
2026-01-12 02:45:00,279.98,273.56,82380,83093.203,6400.687,6866.76
2026-01-12 03:00:00,278,271.19,81350,82349.297,6358.4808,6814.23
2026-01-12 03:15:00,279.79,269.98,80535,81192,6311.405,6815.49
2026-01-12 03:30:00,276.54,268,79610,79736.5,6292.4712,6773.67
2026-01-12 03:45:00,275.39,265.46,78800,79615.203,6306.7872,6731.65
2026-01-12 04:00:00,272.94,268,77990,78030.398,6297.0971,6694.42
2026-01-12 04:15:00,272.89,261.06,77615,78467.297,6246.5553,6809.32
2026-01-12 04:30:00,271.06,264,77140,76723.898,6220.8344,6775.19
2026-01-12 04:45:00,271.51,264.51,76575,77495.297,6081.0367,6740.23
2026-01-12 05:00:00,271.29,260.48,76325,77016.602,5953.2474,6706.9
2026-01-12 05:15:00,269.93,263.22,76000,77240.703,5971.0055,6690.67
2026-01-12 05:30:00,272.14,263.49,77000,77600,5738.1461,6671.09
2026-01-12 05:45:00,273.6,260,77245,78361,5712.9901,6658.79
2026-01-12 06:00:00,275.53,266.89,78465,79437.398,5666.7531,6652.17
2026-01-12 06:15:00,279.92,269.44,79675,80770.203,5627.1606,6399.75
2026-01-12 06:30:00,279.35,267.93,81880,82887,5563.0809,6365.54
2026-01-12 06:45:00,289.68,269.95,84145,84323.602,5729.6914,6341.23
2026-01-12 07:00:00,289.76,266.8,86250,87731.398,5794.7143,6316.52
2026-01-12 07:15:00,289.81,269.91,87950,89252.898,5890.2315,6301.01
2026-01-12 07:30:00,295.53,267.9,90615,93251.703,6061.0912,6367.99
2026-01-12 07:45:00,299.87,273.72,92770,94565.203,6197.4851,6614.66
2026-01-12 08:00:00,303.14,338.7,94830,96135.398,6761.3814,6978.43
2026-01-12 08:15:00,313.93,337.42,98510,100025,7050.7496,7518.07
2026-01-12 08:30:00,331.03,330.79,101435,104550,7557.7124,8192.72
2026-01-12 08:45:00,335.76,276.11,103760,106553,7908.4618,8936.78
2026-01-12 09:00:00,331.82,339.49,104465,106046,8351.1772,9764.4
2026-01-12 09:15:00,353.68,389.63,105230,106555,9101.3149,10677.8
2026-01-12 09:30:00,339.93,351.64,105790,105938,9832.3222,11494.6
2026-01-12 09:45:00,362.53,283.61,106260,105958,10349.0762,12299.3
2026-01-12 10:00:00,351.98,296.25,105850,104642,10971.7358,13008.9
2026-01-12 10:15:00,318.88,263.94,104040,102023,11396.7666,13707.8
2026-01-12 10:30:00,295.45,266.97,101900,99726.797,11747.5185,14322
2026-01-12 10:45:00,294.96,268,100425,99755.703,12163.3325,14871.3
2026-01-12 11:00:00,284.64,263.36,99720,98448,12567.3193,15299.4
2026-01-12 11:15:00,286.94,266.28,99115,97354.102,12399.5766,15666.1
2026-01-12 11:30:00,278.13,269.66,99325,96853.203,12312.4209,15897.7
2026-01-12 11:45:00,276.53,254.86,96885,95132,12384.3443,16022.6
2026-01-12 12:00:00,272.06,263.4,95005,92307.797,12216.6924,16057.9
2026-01-12 12:15:00,257.1,176.29,88405,85581.203,11943.2563,15986
2026-01-12 12:30:00,271.44,89.5,91720,88462.5,11827.3533,15845
2026-01-12 12:45:00,268.89,253.54,90710,87798.203,11509.6697,15655.5
2026-01-12 13:00:00,268.65,221.68,90695,87087.602,11396.1445,15405.8
2026-01-12 13:15:00,272.2,248.28,90805,86806.203,11324.1943,15188.1
2026-01-12 13:30:00,273.59,251.84,91730,87505.898,11090.5366,14851.7
2026-01-12 13:45:00,272.35,259.78,94660,90716.398,10781.356,14441.5
2026-01-12 14:00:00,283.96,265.13,97900,93795,10225.9317,13968.5
2026-01-12 14:15:00,278.24,256.21,97505,92040.297,10133.2576,13439.5
2026-01-12 14:30:00,271.33,248.66,95100,91865.398,9688.6255,12838.3
2026-01-12 14:45:00,270.22,255.33,95780,92348.5,9254.427,12182.8
2026-01-12 15:00:00,273.51,262.65,96710,93488.5,8631.8304,11458.6
2026-01-12 15:15:00,279.34,261.24,97490,94204.297,7866.4807,10667.5
2026-01-12 15:30:00,285.3,262.03,98000,95577.102,7261.8967,9838.78
2026-01-12 15:45:00,297.66,262.14,99660,97346.102,6756.2442,8978.14
2026-01-12 16:00:00,302.66,272.38,101570,99429.898,6044.7968,8073.58
2026-01-12 16:15:00,321.19,277.52,103730,101964,5304.3102,7039
2026-01-12 16:30:00,329.66,318.29,105530,104048,4529.5106,6075.41
2026-01-12 16:45:00,360.12,303.82,108655,106555,3744.7746,5162.02
2026-01-12 17:00:00,372.88,319.65,109595,108384,3065.539,4286.94
2026-01-12 17:15:00,379.03,326.23,111680,109387,2401.6932,3499.3
2026-01-12 17:30:00,434.72,429.15,112545,111044,1908.3015,2810.08
2026-01-12 17:45:00,403.41,329.7,111115,110052,1441.2002,2227.94
2026-01-12 18:00:00,455.88,388.41,111930,110788,1093.6852,1761.73
2026-01-12 18:15:00,470.76,398.84,113095,112519,932.4776,1530.82
2026-01-12 18:30:00,546.25,442.76,115810,115403,892.6201,1440.09
2026-01-12 18:45:00,550.89,465.22,117655,117538,889.1905,1412.06
2026-01-12 19:00:00,554.51,774.62,118660,118537,828.1491,1384.06
2026-01-12 19:15:00,568.18,576.74,118400,118281,838.1852,1421.26
2026-01-12 19:30:00,1116.75,814.7,121500,121148,819.486,1385.69
2026-01-12 19:45:00,833.18,705.6,121305,121184,794.6929,1340.59
2026-01-12 20:00:00,645.82,637.2,120275,120359,791.1406,1299.42
2026-01-12 20:15:00,625.96,463.65,118335,119092,835.1683,1240.22
2026-01-12 20:30:00,614.78,596.42,118075,118961,816.3194,1184.66
2026-01-12 20:45:00,616.48,444.85,117945,118369,800.9633,1137.08
2026-01-12 21:00:00,667.85,558.22,117495,117982,768.3972,1085.18
2026-01-12 21:15:00,602.72,442.09,116085,116700,742.889,1059.77
2026-01-12 21:30:00,639.76,474.93,114725,115244,675.976,1005.62
2026-01-12 21:45:00,568.04,459.73,113750,113894,629.5125,954.214
2026-01-12 22:00:00,566.22,428.64,112035,112137,568.5424,904.834
2026-01-12 22:15:00,514.89,453.7,109890,109774,550.9514,809.444
2026-01-12 22:30:00,450.1,326.05,107920,106884,462.6252,766.884
2026-01-12 22:45:00,496.72,315.02,105940,105307,456.8625,728.594
2026-01-12 23:00:00,437.8,396.98,103075,102160,409.1887,692.734
2026-01-12 23:15:00,392.07,350.3,99780,99074.797,354.4049,650.054
2026-01-12 23:30:00,329.91,322.81,97060,95904.898,319.9061,621.734
2026-01-12 23:45:00,313.76,359.67,94075,93721.602,282.6021,595.874
2026-01-13 00:00:00,311.14,295.73,92075,91525.703,243.7918,570.664
2026-01-13 00:15:00,310.01,298.94,90965,91999.898,221.9724,525.364
2026-01-13 00:30:00,554.63,682.31,99875,100202,227.6344,442.884
2026-01-13 00:45:00,507.29,451.8,99225,97909,230.1794,430.384
2026-01-13 01:00:00,486.54,685.07,96660,96531.102,260.0756,419.914
2026-01-13 01:15:00,501.77,546.98,94710,93721.102,293.5688,425.204
2026-01-13 01:30:00,463.64,416.06,92585,92236.898,303.5738,420.754
2026-01-13 01:45:00,463.92,352.01,91215,91631.5,323.1246,417.114
2026-01-13 02:00:00,420.84,411.72,90130,89488.398,348.7849,413.764
2026-01-13 02:15:00,399.65,338.09,88910,88028,359.877,424.074
2026-01-13 02:30:00,390.3,314.02,87760,87701.398,376.4796,426.854
2026-01-13 02:45:00,380.11,310.02,86945,87037,389.975,432.674
2026-01-13 03:00:00,354.62,320.09,85385,86263.102,388.6571,438.074
2026-01-13 03:15:00,360.01,313.02,85075,85152.398,391.3779,450.274
2026-01-13 03:30:00,350.01,305.62,83985,84453.297,381.5673,459.504
2026-01-13 03:45:00,348.91,310.02,83475,83599.297,391.0178,469.224
2026-01-13 04:00:00,330.01,305.02,82795,82824.898,398.2042,482.824
2026-01-13 04:15:00,320.01,294.01,81750,82145.898,380.0222,508.064
2026-01-13 04:30:00,318.27,307,81565,82512.797,419.4769,525.214
2026-01-13 04:45:00,314.01,309.01,80995,81325.398,419.4892,539.424
2026-01-13 05:00:00,310.01,304.01,80615,81410.398,459.2158,554.274
2026-01-13 05:15:00,310.01,310.01,80500,81234.102,463.1962,570.314
2026-01-13 05:30:00,310.01,300,80585,81744.203,448.2315,583.614
2026-01-13 05:45:00,320.01,315.71,81505,82077.602,437.9929,597.364
2026-01-13 06:00:00,340.01,312.01,82420,83780,463.969,610.134
2026-01-13 06:15:00,340.01,320.01,83640,84795.797,478.4361,593.284
2026-01-13 06:30:00,380.31,397.08,85930,87119.203,493.3093,605.964
2026-01-13 06:45:00,381.1,400.26,87955,88903.398,459.4252,613.834
2026-01-13 07:00:00,420.88,417.21,90570,91485.703,515.4082,622.082
2026-01-13 07:15:00,417.65,494.07,92000,93249.102,535.4224,648.387
2026-01-13 07:30:00,416.85,576.02,94280,96260.203,623.3653,805.247
2026-01-13 07:45:00,467.19,593.55,95550,98881.203,761.6522,1154.25
2026-01-13 08:00:00,482.86,647.65,97160,99400.5,1009.9622,1659.03
2026-01-13 08:15:00,504.58,592.71,100505,101885,1415.2967,2475.06
2026-01-13 08:30:00,550.14,633.58,103125,105397,1881.8493,3360.02
2026-01-13 08:45:00,511.61,540.41,103900,105984,2420.4905,4357.98
2026-01-13 09:00:00,528.44,390.98,104890,106630,3172.0243,5445.08
2026-01-13 09:15:00,505.44,385.69,104510,106140,3953.3598,6708.27
2026-01-13 09:30:00,504.89,408.77,104345,106209,4783.9726,7877.33
2026-01-13 09:45:00,439.41,338.7,104245,105081,5619.6731,9034.42
2026-01-13 10:00:00,322.43,315.39,103225,104722,6373.4954,10131.4
2026-01-13 10:15:00,322.12,296.33,101495,102457,7081.2508,11142.4
2026-01-13 10:30:00,283.2,290.56,97575,98875,7691.7425,12087.2
2026-01-13 10:45:00,282.2,284,96770,97723.703,8237.3416,12951.2
2026-01-13 11:00:00,282.37,284.02,96530,97182.898,8709.7205,13701.2
2026-01-13 11:15:00,282.13,286.4,95695,96609.398,9044.8512,14291.1
2026-01-13 11:30:00,279.2,276.16,94960,96232.102,9270.1903,14779.4
2026-01-13 11:45:00,276.17,289.58,92760,93877.5,9638.2075,15166.3
2026-01-13 12:00:00,266.42,281.71,89795,91263.602,9885.4282,15444.5
2026-01-13 12:15:00,254.99,163.81,84515,85109.5,9974.9089,15635.8
2026-01-13 12:30:00,260.52,258.9,87060,86561.297,9897.4498,15734
2026-01-13 12:45:00,257.75,251.83,86270,86057.297,10001.4901,15769.6
2026-01-13 13:00:00,258.06,179.23,86575,85209,9861.4054,15763.7
2026-01-13 13:15:00,258.07,265.38,86175,85350.398,9838.1284,15668.8
2026-01-13 13:30:00,259.81,251.37,87550,86737.102,9880.0898,15498.8
2026-01-13 13:45:00,265.45,260.28,90585,88702.703,9748.3858,15245.9
2026-01-13 14:00:00,268.67,279.42,93900,92968.898,9488.4798,14908.6
2026-01-13 14:15:00,265.48,262.09,93810,91575.898,9334.4206,14513.7
2026-01-13 14:30:00,261.06,249.47,92155,89959.703,9055.1528,13986.9
2026-01-13 14:45:00,262.87,244.36,92440,90567.398,8608.139,13339.2
2026-01-13 15:00:00,265.45,256.86,93275,91715.102,8187.632,12564
2026-01-13 15:15:00,263.75,258.33,94275,93768.398,7710.6273,11699.9
2026-01-13 15:30:00,332.43,260.3,95945,94778.602,7208.9389,10740.8
2026-01-13 15:45:00,268.71,270.98,97645,97617,6568.2931,9736.76
2026-01-13 16:00:00,277.34,277.83,99930,99648.5,5818.1303,8691.06
2026-01-13 16:15:00,283.23,279.69,102125,101946,5118.0403,7530.03
2026-01-13 16:30:00,297.46,306.93,104415,104266,4335.0077,6359.55
2026-01-13 16:45:00,362.14,302.31,107355,107215,3541.6879,5232.58
2026-01-13 17:00:00,429.72,397.05,109085,108973,2765.9127,4190.8
2026-01-13 17:15:00,461.52,353.69,111100,111219,2188.1836,3211.45
2026-01-13 17:30:00,527.46,359.99,112275,112393,1655.2118,2383.56
2026-01-13 17:45:00,478.45,345.99,110875,109820,1253.4571,1703.07
2026-01-13 18:00:00,534.78,318.7,111805,110590,1012.9958,1188.11
2026-01-13 18:15:00,548.34,340.13,113610,112262,911.4837,913.375
2026-01-13 18:30:00,560.89,330.77,116365,115562,951.3113,893.495
2026-01-13 18:45:00,535.31,360.52,117345,117339,1023.4756,946.814
2026-01-13 19:00:00,652.99,360.42,118170,118373,1003.4208,1003.9
2026-01-13 19:15:00,594.6,310.06,118610,118374,1034.783,1109.62
2026-01-13 19:30:00,902.21,332.57,121000,121362,1041.0748,1183.13
2026-01-13 19:45:00,701.82,396.6,120650,121319,1008.972,1258.77
2026-01-13 20:00:00,724.84,356.54,119960,120033,1076.7491,1333.7
2026-01-13 20:15:00,667.86,308.6,118655,118425,1058.7317,1382.71
2026-01-13 20:30:00,626.6,328.34,118280,118924,1020.9511,1465.5
2026-01-13 20:45:00,598.26,358.09,117770,118599,1073.3044,1531.32
2026-01-13 21:00:00,606.2,365.93,117510,118159,1059.181,1606.32
2026-01-13 21:15:00,587.15,353.28,116350,116274,1102.9394,1710.18
2026-01-13 21:30:00,568.47,360.39,115025,115725,1125.7244,1780.68
2026-01-13 21:45:00,532.37,373.67,113625,113836,1179.6007,1848.74
2026-01-13 22:00:00,548.37,366.06,112000,112562,1229.0787,1907.02
2026-01-13 22:15:00,518.63,388.21,109180,109377,1300.8656,1938
2026-01-13 22:30:00,505.82,325,107300,106830,1319.275,1995.48
2026-01-13 22:45:00,469.74,400.25,104910,105013,1378.782,2038.1
2026-01-13 23:00:00,395.25,407.57,101825,102575,1428.9215,2101.6
2026-01-13 23:15:00,379.38,365.72,99255,99630.602,1501.9117,2134.84
2026-01-13 23:30:00,357,340,96380,96545.703,1646.065,2199.88
2026-01-13 23:45:00,325.33,319.49,93710,94376.203,1762.9798,2264.19
2026-01-14 00:00:00,280.99,309.37,91590,92455.797,1888.9437,2327.57
2026-01-14 00:15:00,289.9,280,90530,91776.297,2023.3912,2324.18
2026-01-14 00:30:00,359.69,320.7,98995,99338.703,2112.2869,2232.98
2026-01-14 00:45:00,344.01,334.73,98515,98662.297,2294.7426,2323.97
2026-01-14 01:00:00,347.71,339.72,96820,96503.398,2387.6922,2415.68
2026-01-14 01:15:00,329.69,309.81,94515,94459.203,2609.7247,2571.61
2026-01-14 01:30:00,323.48,299.75,92930,92069.297,2692.7268,2670.14
2026-01-14 01:45:00,325.1,300,91660,90948.203,2813.4573,2744.36
2026-01-14 02:00:00,318.07,314.95,90405,89899,2965.1639,2833.17
2026-01-14 02:15:00,313.53,301.97,88960,88518.102,3080.2312,2931.52
2026-01-14 02:30:00,310.85,296.97,88365,87585.703,3149.4691,3003.41
2026-01-14 02:45:00,304.99,296.99,87150,86269.797,3065.3976,3099.49
2026-01-14 03:00:00,301.95,298.7,86450,85634.703,3077.5144,3169.31
2026-01-14 03:15:00,299.95,286.98,85405,84497.602,3198.2212,3302.58
2026-01-14 03:30:00,297.88,294.78,84465,83508,3299.377,3366.94
2026-01-14 03:45:00,297,247.04,83850,82808.602,3418.5665,3430.38
2026-01-14 04:00:00,291.97,273.08,82890,82586.602,3545.0941,3495.25
2026-01-14 04:15:00,291.97,274.91,82650,81706.102,3603.6766,3658.78
2026-01-14 04:30:00,289.15,271.2,82010,81045.398,3652.3468,3721.83
2026-01-14 04:45:00,284.97,279.7,81545,80528.5,3669.5062,3785.81
2026-01-14 05:00:00,286.52,279.65,81230,79741,3877.1439,3847.62
2026-01-14 05:15:00,283.72,279.53,81000,80243.602,4029.8561,3912.43
2026-01-14 05:30:00,284.97,276.97,81580,81365.297,4254.8666,3969.23
2026-01-14 05:45:00,289.67,276.96,82290,81853.102,4388.8828,4032.43
2026-01-14 06:00:00,289.42,279.96,83125,82374.5,4486.4253,4095.58
2026-01-14 06:15:00,296.95,284.94,84525,84483.5,4538.6615,4026.31
2026-01-14 06:30:00,299.95,286.91,86740,85978.898,4735.3231,4081.75
2026-01-14 06:45:00,306.04,286.91,88205,88419.5,4849.1316,4139.06
2026-01-14 07:00:00,317.47,294.83,90790,90393.203,4930.5291,4195.61
2026-01-14 07:15:00,316.66,283.82,92240,92466.398,4900.9935,4296.01
2026-01-14 07:30:00,319.94,294.71,95385,95705.203,5037.1206,4506.17
2026-01-14 07:45:00,328.72,301.42,96570,96843.297,5298.8208,4913.99
2026-01-14 08:00:00,319.36,309.43,97355,98254.297,5601.1448,5491.55
2026-01-14 08:15:00,334.55,255.27,99780,101128,5985.3308,6324.19
2026-01-14 08:30:00,392.56,250.53,103220,105056,6544.2995,7292.08
2026-01-14 08:45:00,331.73,299.64,104580,106043,7193.2398,8362.17
2026-01-14 09:00:00,328.79,323.82,105060,106613,7982.9458,9521.05
2026-01-14 09:15:00,337.29,324.05,105705,106769,8873.6948,10766.9
2026-01-14 09:30:00,323.6,290.2,104930,106024,9773.935,11989.8
2026-01-14 09:45:00,318.91,276.26,104075,104837,10539.4722,13162.3
2026-01-14 10:00:00,305.04,278.51,103340,103464,11140.6045,14258.2
2026-01-14 10:15:00,294.41,281.32,101175,101442,11556.585,15277.9
2026-01-14 10:30:00,277.23,148.83,97890,98210.797,12571.0059,16174.4
2026-01-14 10:45:00,272.13,161.16,97160,97678.398,12837.6167,16986.801
2026-01-14 11:00:00,277.05,150.57,96830,96331.398,13237.5424,17690.699
2026-01-14 11:15:00,272.41,150.49,95685,95325.398,13586.084,18346.199
2026-01-14 11:30:00,265.55,209.3,95110,95563.203,13929.6284,18776.6
2026-01-14 11:45:00,260.64,128.29,93935,93748.898,14008.7451,19092.5
2026-01-14 12:00:00,208.61,130.17,90905,90923.703,14014.4536,19316.1
2026-01-14 12:15:00,31.09,45.56,84270,84979.102,13783.1733,19442.801
2026-01-14 12:30:00,207.95,-0.11,87550,86434.5,14199.7437,19497.6
2026-01-14 12:45:00,150.62,0.84,86990,85543.203,14040.1919,19446.699
2026-01-14 13:00:00,148.88,51.34,86410,85258.797,13768.3223,19337.9
2026-01-14 13:15:00,140.33,-4.71,86340,84745.602,13258.2569,19163.301
2026-01-14 13:30:00,152.55,-47.6,87955,86473.797,12987.1826,18860
2026-01-14 13:45:00,230.18,65.52,90795,88444.297,13424.1533,18465.801
2026-01-14 14:00:00,260.81,88.66,93880,93060.297,13110.3994,17994.199
2026-01-14 14:15:00,239.96,64.7,94015,92782.602,13035.1279,17426.5
2026-01-14 14:30:00,153.55,-40.29,92400,91040.797,12810.2217,16735.199
2026-01-14 14:45:00,202.2,76.4,92835,91978.797,12480.4868,15995.2
2026-01-14 15:00:00,251.08,18.21,93780,92893.898,12138.749,15173
2026-01-14 15:15:00,257.42,152.26,95235,94006.297,11493.0932,14296.8
2026-01-14 15:30:00,264.47,163.16,95910,95728.797,10977.7349,13274.7
2026-01-14 15:45:00,270.62,260.6,97810,97394,10274.4853,12266.4
2026-01-14 16:00:00,277.6,266.62,99970,99701.398,9519.8115,11201.3
2026-01-14 16:15:00,290.48,275.17,102365,102248,8775.5928,9939.14
2026-01-14 16:30:00,295.5,280.6,104945,104780,7795.1218,8760.9
2026-01-14 16:45:00,363.73,310.15,107250,107574,6977.1777,7690.32
2026-01-14 17:00:00,400.89,318.58,108815,110026,5958.2794,6648.08
2026-01-14 17:15:00,420.91,320,110385,111399,5370.8799,5683.06
2026-01-14 17:30:00,584.19,310.07,111850,111969,4726.911,4880.47
2026-01-14 17:45:00,377.02,309.05,110555,110582,4516.4128,4204.23
2026-01-14 18:00:00,503.23,332.09,111405,110386,4187.9655,3652.79
2026-01-14 18:15:00,506.63,330.09,113055,111916,3663.5384,3341.91
2026-01-14 18:30:00,542.5,336.11,115725,115499,3761.8042,3261.02
2026-01-14 18:45:00,573.09,330.12,117535,117147,3395.9594,3252.85
2026-01-14 19:00:00,625.86,330.11,118545,118039,3537.8012,3258.55
2026-01-14 19:15:00,574.18,317.12,118395,117903,3810.7991,3340.15
2026-01-14 19:30:00,981.45,353.33,121000,121228,3771.0768,3349.4
2026-01-14 19:45:00,664.12,320.11,120925,120184,3493.3601,3358.95
2026-01-14 20:00:00,603.96,324.17,119990,119645,3450.5465,3362.27
2026-01-14 20:15:00,572.58,325.1,118130,117260,3482.2816,3353.85
2026-01-14 20:30:00,626.66,331.38,118730,117056,3503.6771,3344.33
2026-01-14 20:45:00,628.52,343.36,118220,117288,3377.7169,3332.39
2026-01-14 21:00:00,547.59,383.55,117745,117125,3473.2576,3311.25
2026-01-14 21:15:00,575.66,360.97,116035,114930,3362.5796,3342.02
2026-01-14 21:30:00,550.25,322.03,115310,113885,3315.5764,3319.42
2026-01-14 21:45:00,521.94,354.14,113455,112494,3307.9256,3292.98
2026-01-14 22:00:00,463.21,329,111840,110729,3286.1774,3261.21
2026-01-14 22:15:00,470.73,320.13,109515,108271,3407.6181,3252.15
2026-01-14 22:30:00,420.57,310.04,106835,106018,3416.5232,3219.85
2026-01-14 22:45:00,458.66,359.84,105150,104311,3348.4187,3205.11
2026-01-14 23:00:00,382.1,311.44,102800,102133,3326.2636,3170.57
2026-01-14 23:15:00,340.02,315,99360,98818.5,3246.4113,3085.49
2026-01-14 23:30:00,324.53,315,96515,95980.797,3192.8828,3047.33
2026-01-14 23:45:00,324.51,310.8,94210,93362.703,3111.813,3005.61
2026-01-15 00:00:00,305.6,310,91870,92085,3156.9263,2956.79
2026-01-15 00:15:00,300,287.8,90315,90943.398,2866.9852,2784.31
2026-01-15 00:30:00,477.85,399.07,98980,99364.703,2846.0628,2529.67
2026-01-15 00:45:00,479.91,375.33,98545,98093.102,2906.0286,2490.88
2026-01-15 01:00:00,454.62,359.21,96790,96221.297,2829.0062,2448.57
2026-01-15 01:15:00,481.82,319.45,94420,93893.898,2869.3276,2421.64
2026-01-15 01:30:00,497.15,334.02,92890,93053.898,2925.941,2364.97
2026-01-15 01:45:00,412.81,318.88,91545,90981.703,2968.1813,2310.94
2026-01-15 02:00:00,340.55,315.7,90270,90378.5,2769.2426,2254.71
2026-01-15 02:15:00,350.12,315,88870,88553,2502.7695,2228.74
2026-01-15 02:30:00,377.17,310,88145,87906.398,2338.0638,2169.97
2026-01-15 02:45:00,338.22,315,86900,86872.203,2348.6751,2112.68
2026-01-15 03:00:00,330.02,310,86280,85967.898,2447.0148,2054.38
2026-01-15 03:15:00,323.17,310.03,85195,85340.5,2452.336,2002.78
2026-01-15 03:30:00,320.03,302,84245,84060.297,2338.5225,1956.42
2026-01-15 03:45:00,319.03,303.03,83630,83750.797,2218.6412,1912.47
2026-01-15 04:00:00,314.03,302.03,82690,82347.203,2112.6694,1871.36
2026-01-15 04:15:00,314.03,297.03,82485,83170.398,1917.6599,1863.14
2026-01-15 04:30:00,310.03,303.83,81800,82789.797,1792.9835,1820.83
2026-01-15 04:45:00,309.4,302.03,81500,81842.797,1724.5404,1781.67
2026-01-15 05:00:00,305.63,300.03,81055,82505.797,1576.5838,1739.86
2026-01-15 05:15:00,307.03,302.04,81000,81345.203,1598.9691,1700.75
2026-01-15 05:30:00,310.03,302.03,81530,81230.602,1657.6645,1656.95
2026-01-15 05:45:00,317.03,302.11,82205,81497.703,1554.9354,1613.28
2026-01-15 06:00:00,320.04,302.06,83030,82342.703,1408.3928,1569.38
2026-01-15 06:15:00,330.14,309.04,84500,84735,1355.5052,1472.49
2026-01-15 06:30:00,355.25,398.34,86790,86881.703,1177.1977,1431.86
2026-01-15 06:45:00,368.97,352.64,88425,88737.203,1058.8887,1391.24
2026-01-15 07:00:00,410.22,365.11,91085,90888.102,972.5707,1348.9
2026-01-15 07:15:00,417.97,366.21,92805,92377.203,910.1264,1334.81
2026-01-15 07:30:00,508.16,431.02,96085,95916.203,912.0321,1433.3
2026-01-15 07:45:00,486.46,481.9,97470,97039.898,981.398,1709.53
2026-01-15 08:00:00,521.97,394.1,98485,97696,1183.2254,2121.72
2026-01-15 08:15:00,540.62,1079.55,101125,101665,1436.3835,2755.54
2026-01-15 08:30:00,611.49,596.58,104620,105529,1760.0805,3517.93
2026-01-15 08:45:00,547.77,689.68,106275,106759,2173.636,4401.42
2026-01-15 09:00:00,582.38,791.93,107055,107206,2729.0832,5414.86
2026-01-15 09:15:00,601.68,587.67,107660,107206,3263.4795,6463.4
2026-01-15 09:30:00,556.78,460.81,106835,107348,3746.8977,7513.55
2026-01-15 09:45:00,489.89,481.39,106285,106803,4348.5659,8551.95
2026-01-15 10:00:00,458.95,320.41,105700,104635,4958.709,9559.77
2026-01-15 10:15:00,400.32,332.7,103795,103779,5552.7474,10534.4
2026-01-15 10:30:00,311.02,303.5,99960,99237.102,6224.448,11397.3
2026-01-15 10:45:00,311.13,295,99225,98960.203,6749.067,12217.7
2026-01-15 11:00:00,311.64,310.47,98180,97669.203,7194.7603,12947.6
2026-01-15 11:15:00,315.05,306.09,97265,97303,7624.6302,13600.6
2026-01-15 11:30:00,318.43,297.39,96980,96497.203,7989.4341,14103.7
2026-01-15 11:45:00,294.71,286.8,95025,93474.5,7606.9965,14492.9
2026-01-15 12:00:00,281.71,272.75,92160,91187.703,8788.8164,14790
2026-01-15 12:15:00,262.23,201.34,85610,84661.102,9018.7088,14966.1
2026-01-15 12:30:00,273.77,272.77,88725,87035.797,9261.4354,15039.9
2026-01-15 12:45:00,267.24,254.54,88100,86662.602,9340.4971,15048.9
2026-01-15 13:00:00,266.83,250.05,88260,85227.203,9406.8163,15019.6
2026-01-15 13:15:00,267.55,262.43,87755,85628.602,9395.5205,14898.1
2026-01-15 13:30:00,266.83,274.55,89530,88527,9348.8606,14699.9
2026-01-15 13:45:00,271.75,271.45,91990,91011.5,9308.8205,14416.4
2026-01-15 14:00:00,276.17,279.79,95735,94840.797,9103.4987,14048.5
2026-01-15 14:15:00,275.28,270.78,95585,93431.703,8721.2029,13581.3
2026-01-15 14:30:00,267.52,266.21,93160,92777.398,8497.6332,13032.3
2026-01-15 14:45:00,270.4,264.69,94185,93529.102,7956.3738,12377
2026-01-15 15:00:00,271.28,268.19,95025,94366.203,7582.1944,11658.6
2026-01-15 15:15:00,271.83,266.89,96220,96003.102,7178.3867,10856.7
2026-01-15 15:30:00,273.64,275.24,96965,96594.297,6535.5521,9976.25
2026-01-15 15:45:00,279.92,279.39,99260,98197.102,5981.5196,9049.96
2026-01-15 16:00:00,291.69,284.99,100920,99985.5,5317.5156,8019.48
2026-01-15 16:15:00,309.55,299.53,103370,102545,4615.9861,6943.84
2026-01-15 16:30:00,314.99,345.08,105360,105095,3887.4423,5827.01
2026-01-15 16:45:00,400.88,329.16,108310,106558,3137.4432,4802.43
2026-01-15 17:00:00,460.62,359.83,110195,107621,2408.4284,3819.27
2026-01-15 17:15:00,496.91,319.81,111730,109324,1818.1945,2926.43
2026-01-15 17:30:00,553.29,380.84,112900,110787,1289.4969,2120.78
2026-01-15 17:45:00,488.45,339.03,111410,109831,883.6046,1451.25
2026-01-15 18:00:00,483.7,330.37,112300,110221,594.4805,943.87
2026-01-15 18:15:00,663.28,378.64,113755,111348,454.5223,688.52
2026-01-15 18:30:00,642.07,359.19,116855,114075,422.6294,590.41
2026-01-15 18:45:00,627.11,418.97,118365,115722,436.5371,589.18
2026-01-15 19:00:00,648.88,396.78,119160,117033,463.6035,595.61
2026-01-15 19:15:00,641.55,334.37,118630,117239,472.3901,632.27
2026-01-15 19:30:00,597.56,463.19,122000,119617,456.001,637.49
2026-01-15 19:45:00,835.15,371.57,121875,118971,442.3787,640.95
2026-01-15 20:00:00,674.57,354.34,121010,117857,403.003,647.65
2026-01-15 20:15:00,559.24,345.46,118820,115528,371.3001,627.56
2026-01-15 20:30:00,647.27,371.4,118945,116507,377.734,625.81
2026-01-15 20:45:00,659.98,335.14,119045,116367,387.8245,624.86
2026-01-15 21:00:00,658.75,382.19,118880,117012,397.1013,625.33
2026-01-15 21:15:00,621.72,356.93,117060,114673,369.3782,636.56
2026-01-15 21:30:00,613.06,411.32,115995,113702,373.8053,633.54
2026-01-15 21:45:00,545.55,401.69,114455,111773,364.8492,633.18
2026-01-15 22:00:00,573.44,380.68,112795,109952,371.7459,631.25
2026-01-15 22:15:00,570.64,345.44,110040,107833,400.6004,632.73
2026-01-15 22:30:00,528.81,360.65,107465,104880,440.7776,632.4
2026-01-15 22:45:00,522.84,403.3,105210,103026,420.4614,635.98
2026-01-15 23:00:00,497.02,358.48,102720,101373,403.1994,636.47
2026-01-15 23:15:00,417.84,322.27,99805,98144.898,385.8559,639.95
2026-01-15 23:30:00,370.04,317.63,96800,95271.297,407.4401,643.23
2026-01-15 23:45:00,345.01,312.33,93970,92996.602,418.8393,652.56
2026-01-16 00:00:00,317,309.23,91935,91782.703,388.9261,658.98
2026-01-16 00:15:00,310.16,287.8,90415,91151.703,393.1762,599.5
2026-01-16 00:30:00,581.14,310.58,99900,99471.102,392.3579,640.21
2026-01-16 00:45:00,482.78,310.02,99410,97692.203,434.053,645.21
2026-01-16 01:00:00,449.28,317.63,97525,96125,453.7311,650.07
2026-01-16 01:15:00,429.07,316.78,95010,93808.398,466.1931,683.55
2026-01-16 01:30:00,443.33,317.09,93335,92220.602,457.1105,690.77
2026-01-16 01:45:00,449.86,315.01,92100,91165.898,462.1621,698.03
2026-01-16 02:00:00,438.41,314.7,90915,89928.5,465.5764,703.96
2026-01-16 02:15:00,347.14,310,89280,88130.203,460.2258,719.45
2026-01-16 02:30:00,368.17,310.02,88515,87507.5,450.1096,730.61
2026-01-16 02:45:00,347.87,310,87465,86609,444.7829,740.65
2026-01-16 03:00:00,345.42,306.04,86520,84980.5,445.863,750.03
2026-01-16 03:15:00,347.87,307.13,85580,83941,434.2726,760.67
2026-01-16 03:30:00,329.95,300.07,84880,83501,440.074,769.47
2026-01-16 03:45:00,319.97,300.07,83830,82591.5,432.8446,774.48
2026-01-16 04:00:00,318.28,300,83275,82102.602,440.2422,784.35
2026-01-16 04:15:00,316.68,300.04,82575,81365.398,436.086,808.36
2026-01-16 04:30:00,314.99,300,81875,80831.602,486.4545,813.87
2026-01-16 04:45:00,314.99,298,81525,80539,506.2733,831.81
2026-01-16 05:00:00,315.98,300.05,81525,80527.297,551.1303,850.1
2026-01-16 05:15:00,313.99,297.08,81000,80235,545.9317,867.51
2026-01-16 05:30:00,316.68,298,81455,79864.797,602.1194,888.4
2026-01-16 05:45:00,314.99,287.8,82360,81042.398,626.0147,910.58
2026-01-16 06:00:00,315.98,300,83065,81825.297,655.2971,931.07
2026-01-16 06:15:00,317.64,297.79,84320,82644.5,707.5661,925.51
2026-01-16 06:30:00,330.05,300.01,86345,84772.297,754.4183,942.18
2026-01-16 06:45:00,343.71,306.8,88375,86177.203,772.7553,960.95
2026-01-16 07:00:00,359.75,324.98,90960,89108.5,741.0192,980.53
2026-01-16 07:15:00,379.63,316.72,92545,90994.398,748.3874,1026.53
2026-01-16 07:30:00,450.03,320.01,95170,93674.102,809.8455,1193.78
2026-01-16 07:45:00,449.68,320.01,96550,95081.797,962.0331,1544.71
2026-01-16 08:00:00,473.22,323.49,97440,96566,1221.7088,2038.84
2026-01-16 08:15:00,483.9,329.89,100390,99042.203,1535.7454,2745.72
2026-01-16 08:30:00,562.75,330.59,104220,103155,2016.4651,3648.82
2026-01-16 08:45:00,502.92,326.21,105435,104260,2522.6824,4632.16
2026-01-16 09:00:00,482.66,322.92,105925,105272,3236.6646,5681.99
2026-01-16 09:15:00,449.45,323.98,106260,105373,3925.1063,6782.87
2026-01-16 09:30:00,496.67,310.15,106470,105431,4795.2742,7900.93
2026-01-16 09:45:00,408.82,317.16,105850,104800,5425.5794,9004.31
2026-01-16 10:00:00,409.42,305.47,105295,104178,5908.5289,10074.3
2026-01-16 10:15:00,334.09,308.82,103285,101789,6356.3133,11141.1
2026-01-16 10:30:00,299.97,286.97,99425,99013.602,7029.2961,12091
2026-01-16 10:45:00,290.84,280.36,98235,97900.398,7515.3497,12984.2
2026-01-16 11:00:00,291.34,265.61,97945,97473.602,8079.1418,13773.5
2026-01-16 11:15:00,276.92,278.89,96550,96471.102,8584.358,14492.7
2026-01-16 11:30:00,280.53,274.25,96475,96326.602,9030.8108,15039
2026-01-16 11:45:00,266.66,269.56,93830,93927.203,9562.5857,15458.7
2026-01-16 12:00:00,266.66,260.48,91465,90897,9930.0672,15780.4
2026-01-16 12:15:00,202.62,170.54,85180,85798.602,10283.4,15989.1
2026-01-16 12:30:00,260.26,240.77,88300,88265.203,10625.6838,16109.6
2026-01-16 12:45:00,242.87,157.14,87770,86804.5,10710.3916,16149.6
2026-01-16 13:00:00,224.43,59.1,87415,86962.297,10635.5698,16155.4
2026-01-16 13:15:00,221.42,155.4,87190,86911.898,10726.7649,16083
2026-01-16 13:30:00,256.76,168.32,88775,88712.5,10623.9431,15906.8
2026-01-16 13:45:00,262.82,255.51,91945,91085.398,10427.2551,15636.2
2026-01-16 14:00:00,271.46,256.49,95620,94627.703,10272.5767,15277.3
2026-01-16 14:15:00,267.27,231.43,95580,93208.703,9996.6796,14852.3
2026-01-16 14:30:00,263.52,233.86,93690,92122,9642.1836,14281.6
2026-01-16 14:45:00,265.91,252.14,94520,92419.602,9064.7637,13600.5
2026-01-16 15:00:00,267.94,246.09,95385,93886.102,8578.4045,12857.3
2026-01-16 15:15:00,268.41,256.28,96325,94728,8160.4575,12018.6
2026-01-16 15:30:00,275.55,263.4,97435,96085.898,7655.1504,11093
2026-01-16 15:45:00,281.06,274.4,98995,97682.398,7130.8474,10116.4
2026-01-16 16:00:00,291.03,285.06,100790,99950,6592.4307,9104.43
2026-01-16 16:15:00,300.99,301.22,103380,101884,6021.5584,8005.42
2026-01-16 16:30:00,317.95,311,105670,104371,5391.6272,6897.79
2026-01-16 16:45:00,361.43,310.97,108210,106506,4739.5555,5869.77
2026-01-16 17:00:00,425.76,357.9,109935,109041,4028.1672,4850.51
2026-01-16 17:15:00,415.62,328.2,111445,110120,3478.3643,3999.11
2026-01-16 17:30:00,607.45,322.83,112700,111536,2958.0115,3192.82
2026-01-16 17:45:00,483.6,332.61,110960,110162,2589.965,2522.4
2026-01-16 18:00:00,573.19,329.37,111340,109354,2214.4697,2040.68
2026-01-16 18:15:00,530.29,328.39,112755,110809,2070.93,1689.28
2026-01-16 18:30:00,555.77,347.2,115550,113871,2114.9626,1600.43
2026-01-16 18:45:00,558.54,378.48,117015,115500,2118.8665,1609.26
2026-01-16 19:00:00,624.33,329.57,117995,116244,2055.6066,1608.1
2026-01-16 19:15:00,587.9,349.77,117715,115970,2107.4949,1642.67
2026-01-16 19:30:00,852.59,313.89,121000,118705,2245.0763,1642.02
2026-01-16 19:45:00,581.63,361.79,120580,118461,2314.3779,1640.02
2026-01-16 20:00:00,591.85,318.79,119810,117873,2296.3081,1640.47
2026-01-16 20:15:00,577.43,361.97,117645,116410,2090.0526,1612.1
2026-01-16 20:30:00,588.86,329.54,117570,115899,1990.3257,1607.99
2026-01-16 20:45:00,579.43,324.95,117180,115402,1951.7717,1602.19
2026-01-16 21:00:00,572.22,330.02,116530,114481,1873.965,1580.42
2026-01-16 21:15:00,597.09,327.81,115060,113367,1865.8015,1580.33
2026-01-16 21:30:00,505.65,336.34,113160,111738,1836.1038,1572.4
2026-01-16 21:45:00,586.92,320.16,112315,110664,1833.0153,1562.73
2026-01-16 22:00:00,596.71,340.06,110845,109182,1817.251,1542.12
2026-01-16 22:15:00,551.55,314.15,108635,106988,1751.0772,1512.6
2026-01-16 22:30:00,502.27,318.83,106535,105176,1711.6769,1500.74
2026-01-16 22:45:00,527.45,314.53,104615,103746,1647.4351,1502.12
2026-01-16 23:00:00,457.97,317.38,102260,101177,1677.0144,1506.65
2026-01-16 23:15:00,438.59,316.48,99560,98523.5,1731.3801,1489.44
2026-01-16 23:30:00,365.68,317.15,96965,96361.297,1774.7082,1489.62
2026-01-16 23:45:00,345,316.38,94260,93955.898,1922.7857,1489.22
2026-01-17 00:00:00,325.03,320.05,92365,93088.5,1954.2079,1488.1
2026-01-17 00:15:00,317.4,267.84,91765,91709.602,1941.884,1487.28
2026-01-17 00:30:00,473.07,275.57,100460,100426,1917.9915,1388.33
2026-01-17 00:45:00,475.27,303.32,99835,98907.5,1880.3503,1382.31
2026-01-17 01:00:00,432.12,309.31,97290,97231.297,1835.1657,1375.03
2026-01-17 01:15:00,462.36,349.02,95360,94613.703,1792.8457,1391.93
2026-01-17 01:30:00,443.77,327.12,93295,93524.5,1635.5581,1391.12
2026-01-17 01:45:00,505.32,342.76,92465,91409.602,1557.2579,1389.29
2026-01-17 02:00:00,417.49,311.21,90950,89697.398,1519.9557,1386.6
2026-01-17 02:15:00,425.42,336.7,89365,88492.203,1508.1217,1404.47
2026-01-17 02:30:00,378.76,323,88125,87516,1479.8901,1402.72
2026-01-17 02:45:00,380.09,301.53,87370,86447.703,1317.7605,1391.07
2026-01-17 03:00:00,367.37,310.01,86610,85465.602,1093.4021,1379.4
2026-01-17 03:15:00,343.65,318.38,85510,84907.203,1031.0257,1370.2
2026-01-17 03:30:00,323.05,315,84820,84345.898,989.9435,1365.38
2026-01-17 03:45:00,317.16,305,83970,82586,903.431,1359.35
2026-01-17 04:00:00,315.22,303.15,83030,82572.703,861.6328,1355.88
2026-01-17 04:15:00,310.24,301.36,82260,81629.703,819.2397,1384.03
2026-01-17 04:30:00,307.26,302.07,81580,81271.297,722.6873,1375.14
2026-01-17 04:45:00,303.92,293.76,81170,79996.297,668.344,1368.52
2026-01-17 05:00:00,301.76,292.68,80750,80079.297,677.4048,1365.8
2026-01-17 05:15:00,300.81,291.08,80500,79436.602,644.3718,1368.48
2026-01-17 05:30:00,302.36,291.08,80815,80026.602,642.55,1370.87
2026-01-17 05:45:00,301.33,291.99,81305,80336.297,648.2006,1376.99
2026-01-17 06:00:00,304.84,297.65,81720,80604.5,625.9405,1386.92
2026-01-17 06:15:00,310.03,297.44,82680,81446.203,630.5532,1345.86
2026-01-17 06:30:00,312.22,298.84,84130,82769.203,656.3781,1354.28
2026-01-17 06:45:00,309.57,296.4,85160,83127.203,730.2638,1368.28
2026-01-17 07:00:00,311.46,298.39,87185,85019.398,791.3514,1381.37
2026-01-17 07:15:00,314.97,302.23,88380,86672.5,878.3686,1421.87
2026-01-17 07:30:00,326.95,307.85,91285,89386.102,1012.7879,1581.01
2026-01-17 07:45:00,344.93,322.96,92575,91333.102,1223.447,1916.15
2026-01-17 08:00:00,344.92,327.15,93715,93632.297,1574.9336,2393.93
2026-01-17 08:15:00,449.76,467.7,96025,95139.797,1947.3289,3079.09
2026-01-17 08:30:00,470.2,329.13,99085,99832.797,2369.8865,3885.43
2026-01-17 08:45:00,433.52,444.75,100370,100705,3011.282,4797.52
2026-01-17 09:00:00,447.47,340.92,101310,101100,3647.1355,5812.55
2026-01-17 09:15:00,462.32,352.62,101830,101603,4341.067,6869.29
2026-01-17 09:30:00,422.12,330.41,102250,101392,5231.3103,7920.43
2026-01-17 09:45:00,339.4,328.6,102120,102441,5809.0292,8923.28
2026-01-17 10:00:00,320.02,309.95,101845,101137,6373.3704,9912.46
2026-01-17 10:15:00,310.31,287.97,99895,100347,7149.4538,11005.2
2026-01-17 10:30:00,286.18,289.7,96390,96295.102,7493.8191,11904
2026-01-17 10:45:00,282.08,263.13,95455,96480.203,8112.9781,12762.1
2026-01-17 11:00:00,276.95,277.45,95060,95800.602,8399.8303,13508.6
2026-01-17 11:15:00,270.45,271.92,94405,96703.703,8921.8408,14201.5
2026-01-17 11:30:00,267.91,279.24,94220,96361.602,9349.0113,14741.5
2026-01-17 11:45:00,257.08,259.45,92085,94836.703,9699.2749,15156.5
2026-01-17 12:00:00,240.13,259.35,89550,91765.203,9945.845,15484.9
2026-01-17 12:15:00,190.43,100,84020,85839.398,9912.9436,15685.9
2026-01-17 12:30:00,255.75,209.15,87210,89250,10173.3962,15808.9
2026-01-17 12:45:00,222.35,141.91,86955,86897.203,10147.0454,15854
2026-01-17 13:00:00,206.47,147.25,86305,87529.797,10125.2395,15822.4
2026-01-17 13:15:00,230.3,143.29,86390,87616.703,10128.1441,15710.8
2026-01-17 13:30:00,261.55,199.09,88230,89448.898,9782.8865,15512.5
2026-01-17 13:45:00,267.52,266.93,90640,90139,9778.7241,15239.1
2026-01-17 14:00:00,270.2,225.16,94100,93201.703,9836.303,14890.6
2026-01-17 14:15:00,262.61,239.15,93950,93089.102,9757.3845,14537.5
2026-01-17 14:30:00,250.45,189.93,92375,90311.297,9678.335,13991.4
2026-01-17 14:45:00,257.43,214.67,92810,92212.797,9284.373,13351.5
2026-01-17 15:00:00,262.18,231.39,93580,92681.297,8883.8855,12684.6
2026-01-17 15:15:00,262.06,188.45,94350,92143.602,8313.2554,11951.5
2026-01-17 15:30:00,262.17,186.39,95620,93168.703,7767.7458,11180.3
2026-01-17 15:45:00,263,259.78,97140,95399.602,7156.7476,10376.8
2026-01-17 16:00:00,271.47,269.55,98470,96942.703,6661.5632,9559.18
2026-01-17 16:15:00,282.92,275.79,101210,99260.102,6141.0383,8660.97
2026-01-17 16:30:00,295.85,282.9,103250,100933,5415.6592,7718.31
2026-01-17 16:45:00,313.72,299.22,105055,104114,4893.021,6879.56
2026-01-17 17:00:00,321.07,469.48,106810,105797,4516.3883,6070.15
2026-01-17 17:15:00,390.32,419.37,108240,107087,4113.1064,5224.85
2026-01-17 17:30:00,452.03,328.44,109425,107963,3812.5491,4586.88
2026-01-17 17:45:00,458.71,318.73,107815,106333,3575.4407,4065.76
2026-01-17 18:00:00,467.87,327.51,108225,107006,3437.4825,3723.76
2026-01-17 18:15:00,470.45,321.66,109670,107921,3020.1388,3454.47
2026-01-17 18:30:00,503.78,314.13,111915,110341,3339.9269,3481.4
2026-01-17 18:45:00,507.53,328.96,112965,111439,3333.7095,3596.01
2026-01-17 19:00:00,552.69,321.89,113730,112546,3378.3037,3687.1
2026-01-17 19:15:00,522.78,328.02,113735,112828,3410.7111,3880.25
2026-01-17 19:30:00,559.81,341.45,116000,115612,3515.4599,3952.33
2026-01-17 19:45:00,530.42,347.17,115615,115491,3581.8308,4005.9
2026-01-17 20:00:00,513.86,353.48,114710,114558,3577.6804,4061.89
2026-01-17 20:15:00,503.14,362.18,112965,112449,3655.7143,4111.83
2026-01-17 20:30:00,503.95,380.72,112615,112616,3700.3052,4165.07
2026-01-17 20:45:00,510.37,333.47,112580,111916,3690.7205,4187.38
2026-01-17 21:00:00,512.55,330.46,111920,111523,3581.0906,4203.18
2026-01-17 21:15:00,501.99,396.09,110515,110412,3526.3169,4228.61
2026-01-17 21:30:00,493.13,384.25,109575,108686,3616.3974,4239.52
2026-01-17 21:45:00,488.6,325.3,108520,107462,3486.0043,4265.25
2026-01-17 22:00:00,481.48,357.63,107210,106772,3450.4208,4291.31
2026-01-17 22:15:00,468.97,329.94,105540,105048,3475.5069,4420.75
2026-01-17 22:30:00,446.83,328.59,103395,103456,3512.5733,4439.6
2026-01-17 22:45:00,479.37,349.03,101715,101620,3580.6473,4465.33
2026-01-17 23:00:00,364.9,324.99,99200,99556.102,3606.9052,4491.83
2026-01-17 23:15:00,328.11,328.33,96670,96995.203,3643.7473,4397.55
2026-01-17 23:30:00,322.87,317,94535,95070.898,3622.2727,4436.92
2026-01-17 23:45:00,318.46,306.9,92145,93221.898,3597.8701,4473.67
2026-01-18 00:00:00,315,298.67,90330,91028.602,3595.4738,4508.7
2026-01-18 00:15:00,307.31,267.37,89225,90044.398,3623.9837,4616.74
2026-01-18 00:30:00,419.4,361.46,97905,98588.297,3562.7642,4279.34
2026-01-18 00:45:00,401.41,385.36,97690,97437.203,3707.1423,4308.94
2026-01-18 01:00:00,409.94,316.2,95555,95175.797,3746.1694,4343.45
2026-01-18 01:15:00,368.11,326.35,93635,92941.898,3770.0896,4389.72
2026-01-18 01:30:00,382.1,325.43,91660,91230.398,3763.1484,4406.69
2026-01-18 01:45:00,386.94,323.99,90365,89747.602,3716.9001,4417.27
2026-01-18 02:00:00,367.25,325.85,88605,88221.703,3829.8995,4433.38
2026-01-18 02:15:00,363.03,326.86,87405,86903.602,3880.7671,4445.64
2026-01-18 02:30:00,360.22,315.47,85890,86229.797,4000.6721,4455.15
2026-01-18 02:45:00,359.75,312.5,84990,84656.797,4089.4314,4461.7
2026-01-18 03:00:00,366.26,294.75,84225,84366.203,4156.7387,4469.62
2026-01-18 03:15:00,358.24,291.41,82920,83035,4196.4211,4481.02
2026-01-18 03:30:00,347.12,297.83,82100,82399.102,4298.4369,4493.38
2026-01-18 03:45:00,337.07,305.99,81535,81562.602,4456.759,4504.09
2026-01-18 04:00:00,335.47,312.34,80615,80438.203,4516.4669,4520.31
2026-01-18 04:15:00,326.2,298.97,80095,80028.102,4624.18,4680.54
2026-01-18 04:30:00,322.31,297.75,79455,79409.297,4729.4124,4690.65
2026-01-18 04:45:00,318.48,289.42,78825,78513.797,4853.9709,4712.41
2026-01-18 05:00:00,315.91,289.75,78320,79145.602,4755.052,4736.98
2026-01-18 05:15:00,317.12,287.74,78070,77929.5,4727.8382,4769.86
2026-01-18 05:30:00,315.91,294.34,78000,78893.5,4598.8338,4797.48
2026-01-18 05:45:00,321.95,294.39,78735,78505.5,4679.5027,4829.9
2026-01-18 06:00:00,320.71,297.75,79050,79522.797,4760.2175,4860.93
2026-01-18 06:15:00,323.26,299.38,79350,79827.703,4842.2327,4718.35
2026-01-18 06:30:00,323.08,294.33,80550,80603.297,4841.048,4755.33
2026-01-18 06:45:00,310.69,272.49,81425,82106,4952.3894,4795.66
2026-01-18 07:00:00,314.58,289.77,82960,82781.203,4998.5747,4834.82
2026-01-18 07:15:00,309.45,279.82,83955,84191.703,5055.4828,4910.39
2026-01-18 07:30:00,311.6,297.73,85865,86364.5,5127.9672,5085.77
2026-01-18 07:45:00,317.1,302.62,87420,87694.898,5324.4751,5429.7
2026-01-18 08:00:00,314.55,317.92,87620,88793.602,5641.9733,5920.95
2026-01-18 08:15:00,316.71,318.11,88660,89437.398,6044.3662,6690.74
2026-01-18 08:30:00,331.96,300.29,90745,90722.898,6527.8084,7518.14
2026-01-18 08:45:00,317.79,297.38,90985,91067.797,6921.8557,8455.64
2026-01-18 09:00:00,311.3,293.59,91320,90916.297,7416.7835,9461.65
2026-01-18 09:15:00,299.01,296.01,91310,90800,7983.8187,10537.7
2026-01-18 09:30:00,299.15,278.75,91405,91459,8704.0513,11626.4
2026-01-18 09:45:00,284.44,273.61,90675,90473.102,9322.0142,12661
2026-01-18 10:00:00,274.64,243.9,90000,89736.203,10072.8022,13641
2026-01-18 10:15:00,264.66,215.63,88985,87813.898,10453.6528,14874.6
2026-01-18 10:30:00,240.08,143.45,85605,84906.297,10869.6411,15720.4
2026-01-18 10:45:00,198.6,177.23,85280,86239.297,11168.8638,16492.5
2026-01-18 11:00:00,161.59,153.41,84860,84899,11507.626,17140.699
2026-01-18 11:15:00,53.62,55.26,84330,85127.5,11913.7217,17833.301
2026-01-18 11:30:00,80.9,245.31,84555,84343.102,12244.6851,18237.699
2026-01-18 11:45:00,67.42,145.59,82645,83360.102,12131.3662,18518
2026-01-18 12:00:00,119.64,172.61,80835,79787.898,12028.562,18709.699
2026-01-18 12:15:00,0.52,23.25,76500,76687,12008.3032,18720.801
2026-01-18 12:30:00,159.34,89.51,79495,78584.797,11778.2456,18724.699
2026-01-18 12:45:00,110.56,0.09,78935,78219.203,11755.2129,18672.801
2026-01-18 13:00:00,64.45,144.54,78640,77467.5,11393.8699,18556.199
2026-01-18 13:15:00,67.56,64.15,79040,77654.102,11405.0232,18355.699
2026-01-18 13:30:00,67.04,71.25,80395,78916.102,11034.6894,18158.9
2026-01-18 13:45:00,67.66,139.45,81970,79533,10946.7156,17811.301
2026-01-18 14:00:00,76.35,2.23,84310,82231.898,10473.6055,17341.5
2026-01-18 14:15:00,67.25,67.94,83680,80482.398,10356.9002,16848.1
2026-01-18 14:30:00,87.65,-48.29,82230,79591.297,10029.146,16237.3
2026-01-18 14:45:00,53.8,-49.85,82885,81487.203,9665.5488,15514.2
2026-01-18 15:00:00,49.23,169.98,83625,81655,9529.2894,14774.3
2026-01-18 15:15:00,70.19,57.02,84245,83701.297,9194.5649,14006.5
2026-01-18 15:30:00,85.21,68.58,85430,83590.203,8495.5053,13076
2026-01-18 15:45:00,67.5,-19.75,87010,85344.797,7994.7939,12079.8
2026-01-18 16:00:00,206.93,80.68,88770,87384.602,7352.8786,11057.3
2026-01-18 16:15:00,258.89,186.75,91485,89157.398,6693.6189,9869.22
2026-01-18 16:30:00,277.8,266.32,93500,91911,6090.4541,8630.76
2026-01-18 16:45:00,277.67,273.04,95730,94276.703,5326.2153,7589.45
2026-01-18 17:00:00,291.1,285.39,97775,96216.203,4613.9794,6573.41
2026-01-18 17:15:00,301.19,295,99945,98391,3984.2471,5666.9
2026-01-18 17:30:00,321.08,313.99,101925,99928.797,3642.7671,4849.61
2026-01-18 17:45:00,336.41,319.98,101550,99353.602,3235.2719,4150.72
2026-01-18 18:00:00,356.97,310,102525,99864.5,2960.7835,3641.66
2026-01-18 18:15:00,364.24,319.98,103605,100444,2800.1161,3318.87
2026-01-18 18:30:00,378.56,317.28,105130,103019,2711.2784,3208.05
2026-01-18 18:45:00,386.23,315.29,105630,103982,2721.2829,3229.65
2026-01-18 19:00:00,396.99,320.08,105530,104010,2705.9621,3233.82
2026-01-18 19:15:00,361.81,324.97,105085,103490,2789.0169,3281.18
2026-01-18 19:30:00,389.62,320.08,107500,106595,2770.3289,3290.23
2026-01-18 19:45:00,388.71,319.99,107475,106543,2955.7586,3290.97
2026-01-18 20:00:00,371.89,322.98,106980,105625,3019.3278,3295.64
2026-01-18 20:15:00,369.49,319.98,105775,105318,3027.0132,3288.59
2026-01-18 20:30:00,379.14,320.68,106235,104429,3024.4766,3297.33
2026-01-18 20:45:00,373.86,326.26,106180,104678,2997.1275,3292.03
2026-01-18 21:00:00,377,330,106015,104480,2937.9072,3274.69
2026-01-18 21:15:00,376.66,330,105130,104391,2838.0167,3233.41
2026-01-18 21:30:00,371.78,355.22,104285,103637,2861.3037,3227.98
2026-01-18 21:45:00,362.88,365.7,103445,102899,2890.3007,3220.68
2026-01-18 22:00:00,352.39,320.1,101390,100601,2908.9363,3214.04
2026-01-18 22:15:00,345.07,319,100080,99602.703,2987.3355,3249.17
2026-01-18 22:30:00,343.41,314,97805,97179.703,3147.9002,3236.45
2026-01-18 22:45:00,342.64,299.86,96035,95680.102,3250.8141,3226.72
2026-01-18 23:00:00,328.6,300.1,93595,93083.703,3301.7482,3216.31
2026-01-18 23:15:00,311.27,285.6,91030,91101,3375.3876,3138.76
2026-01-18 23:30:00,305.28,284.86,88660,88106.898,3315.0979,3126.63
2026-01-18 23:45:00,299.79,279.91,86735,86768.203,3264.2551,3136.52
2026-01-19 00:00:00,289.1,279.91,84395,84446.297,3144.7345,3122.22
2026-01-19 00:15:00,283,275,84045,84166.5,3072.5419,3046.5
2026-01-19 00:30:00,318.64,299.54,92585,92592.703,3009.2667,3429.56
2026-01-19 00:45:00,305.97,292.13,92330,91070.797,3067.7503,3437.89
2026-01-19 01:00:00,299.19,285,90500,89298.703,3157.9871,3450.2
2026-01-19 01:15:00,299.65,285.03,88090,87471.797,3305.5268,3455.46
2026-01-19 01:30:00,298.69,280.04,86450,86227.898,3370.8114,3442.4
2026-01-19 01:45:00,295.2,278.33,85335,83719.398,3449.8307,3447.04
2026-01-19 02:00:00,293.83,270.14,83915,83159.5,3533.2592,3458.32
2026-01-19 02:15:00,290.98,275.23,82570,82114.5,3528.7747,3441.66
2026-01-19 02:30:00,292.87,275.03,81625,81126.602,3565.8544,3462.21
2026-01-19 02:45:00,290.14,272.03,80900,79914.203,3629.0326,3485.55
2026-01-19 03:00:00,287.94,270,79940,79405.797,3653.1266,3513.73
2026-01-19 03:15:00,283.83,268.04,78910,78791.898,3632.4778,3550.06
2026-01-19 03:30:00,279.94,265.04,78345,77983.297,3574.7631,3590.86
2026-01-19 03:45:00,279.89,274.98,77690,77093.102,3559.7461,3632.94
2026-01-19 04:00:00,279.89,265.13,77330,77294.5,3630.7443,3675.36
2026-01-19 04:15:00,275.56,270.3,76405,75905.203,3685.0976,3814.21
2026-01-19 04:30:00,274.95,265.04,75645,76535,3692.4395,3864.15
2026-01-19 04:45:00,273.27,269.99,75175,75325,3838.213,3934.52
2026-01-19 05:00:00,272.96,263.04,74980,76229.203,3981.3787,3990.62
2026-01-19 05:15:00,270.27,269.97,74500,75492.297,4118.5487,4051.12
2026-01-19 05:30:00,272.95,265.07,74810,75373.797,4218.36,4102.36
2026-01-19 05:45:00,275.22,272.92,75860,76972.102,4267.8945,4180.53
2026-01-19 06:00:00,278.49,274.85,76915,77236.5,4411.517,4255.41
2026-01-19 06:15:00,279.83,274.85,78230,78909.297,4609.0353,4173.28
2026-01-19 06:30:00,285.53,281.81,80670,81085,4587.5359,4234.82
2026-01-19 06:45:00,285.23,280.34,82440,83033,4624.4032,4308.94
2026-01-19 07:00:00,297.5,291.19,85300,85101.797,4773.3927,4381.22
2026-01-19 07:15:00,294.21,291.18,86920,87826.703,4947.3519,4467.07
2026-01-19 07:30:00,297.33,299.7,90105,90453.203,5013.6916,4657.99
2026-01-19 07:45:00,304.43,298.91,91815,92266.703,5298.508,5034
2026-01-19 08:00:00,306.84,302.92,93430,94055.102,5701.3212,5561.5
2026-01-19 08:15:00,311.99,291.23,95945,97388,6135.1727,6322.52
2026-01-19 08:30:00,319.93,310.78,100395,102088,6660.5361,7208.15
2026-01-19 08:45:00,322.39,306.63,102660,104661,7263.7517,8187.01
2026-01-19 09:00:00,326.31,337.21,103960,104633,7993.1441,9255.68
2026-01-19 09:15:00,309.73,263.17,104125,104272,8737.2053,10428
2026-01-19 09:30:00,309.19,304.11,103970,105231,9159.0684,11578
2026-01-19 09:45:00,306.19,279.4,103450,103988,9854.5845,12706.1
2026-01-19 10:00:00,297.6,278.73,102865,103626,10439.2226,13779.1
2026-01-19 10:15:00,282.52,265.81,100975,102510,11040.4526,14964
2026-01-19 10:30:00,265.51,254.77,97690,98440.602,11386.7735,15884.9
2026-01-19 10:45:00,255.85,143.61,96510,97621.703,11745.5464,16750.699
2026-01-19 11:00:00,250.97,155.3,96240,98195.5,12123.8892,17489.199
2026-01-19 11:15:00,230.96,196.95,95185,97039.203,12378.1084,18240.801
2026-01-19 11:30:00,222.16,244.7,94655,96876.703,12583.2779,18722
2026-01-19 11:45:00,159.01,248.88,93255,95262,12650.9736,19081.301
2026-01-19 12:00:00,106.54,240.15,90755,92194.703,12826.0576,19368.301
2026-01-19 12:15:00,1.35,106.04,84770,86519.703,12857.2984,19541.5
2026-01-19 12:30:00,109.14,180.6,87775,89026,13164.0044,19628.301
2026-01-19 12:45:00,92.69,106.97,86890,89017.102,13128.7344,19635
2026-01-19 13:00:00,51.53,132.57,86775,87628.5,13156.272,19589.5
2026-01-19 13:15:00,57.83,146.92,86820,87988.102,13093.4336,19424.699
2026-01-19 13:30:00,80.9,151.63,88235,89613.203,12916.2905,19180.301
2026-01-19 13:45:00,101.06,154.35,90780,91233.898,12567.7432,18855.4
2026-01-19 14:00:00,241.3,245.18,94605,94759.797,12401.2734,18429.699
2026-01-19 14:15:00,222.85,228.39,94220,94165,12067.3716,17936
2026-01-19 14:30:00,111.42,85.8,92540,92575.898,11730.8677,17348.4
2026-01-19 14:45:00,159.9,178.76,93280,93304.203,11508.6406,16668.9
2026-01-19 15:00:00,257.84,164.75,94360,94562.5,11336.25,15929.6
2026-01-19 15:15:00,255.56,232.63,95515,95857.102,11029.0044,15140.8
2026-01-19 15:30:00,258.3,203.09,96885,96265.398,10736.3545,14284.5
2026-01-19 15:45:00,261.79,224.48,98635,97719.602,10270.4028,13319.8
2026-01-19 16:00:00,265.45,252.36,100385,99639.102,9662.6123,12399.8
2026-01-19 16:15:00,270.43,287.96,103205,102225,9389.46,11331.4
2026-01-19 16:30:00,264.96,272.88,105495,104701,8791.2681,10331.4
2026-01-19 16:45:00,280.63,273.2,107545,106789,8096.4156,9424.5
2026-01-19 17:00:00,285.09,290.95,109320,108871,7563.9563,8541.13
2026-01-19 17:15:00,293.85,295.07,110850,110232,7080.51,7783.11
2026-01-19 17:30:00,308.3,313.01,112030,111412,6625.8266,7095.92
2026-01-19 17:45:00,307.66,305.37,109935,109204,6280.6396,6529.04
2026-01-19 18:00:00,312.38,315.6,110305,109486,5863.837,6114.82
2026-01-19 18:15:00,317.93,318.83,111860,111388,5825.5272,5814.96
2026-01-19 18:30:00,330.5,326.43,114620,114243,6139.9572,5810.67
2026-01-19 18:45:00,337.59,331.46,116300,116715,6582.3821,5913.54
2026-01-19 19:00:00,339.06,342.9,117175,118064,6666.2158,6013.16
2026-01-19 19:15:00,326.81,327.61,116790,117677,6919.903,6238.33
2026-01-19 19:30:00,339.53,317.72,119500,120681,7136.7858,6329.64
2026-01-19 19:45:00,336.27,327.24,119350,120297,7283.2927,6407.48
2026-01-19 20:00:00,325.85,317.54,118370,118998,7294.9398,6470.54
2026-01-19 20:15:00,317.96,317.96,116080,116966,7384.4979,6545.32
2026-01-19 20:30:00,326.1,321.83,116175,117330,7350.9863,6610.7
2026-01-19 20:45:00,326.24,315.42,115690,116686,7585.8437,6672.47
2026-01-19 21:00:00,326.89,317.67,115355,116762,7693.2642,6703.97
2026-01-19 21:15:00,324.95,319.64,113905,114578,7749.1831,6751.91
2026-01-19 21:30:00,323.3,318.74,112330,114157,7978.5207,6784.21
2026-01-19 21:45:00,321.35,307.38,111255,111775,8178.2475,6818.22
2026-01-19 22:00:00,320.44,303.01,109195,109960,8188.7547,6847.46
2026-01-19 22:15:00,310.99,298.47,106765,107337,8168.4716,6998.99
2026-01-19 22:30:00,313.66,291.24,104555,104298,8182.4432,7016.79
2026-01-19 22:45:00,315.66,292.07,102100,103083,8162.5613,7048.38
2026-01-19 23:00:00,302.54,292.64,99610,99857.898,8151.9434,7079.46
2026-01-19 23:15:00,293.01,282.88,96880,97099.5,8096.1925,6814.06
2026-01-19 23:30:00,287.73,279.91,94345,94382.5,7991.7443,6823.93
2026-01-19 23:45:00,283.32,281.95,91470,92069.297,7932.1163,6799.66
2026-01-20 00:00:00,279.44,278,89405,89354.703,7930.4277,6801.41
2026-01-20 00:15:00,278.7,265.02,88345,89494.203,8018.768,7091.21
2026-01-20 00:30:00,309.26,300.98,97495,98577.703,8156.4016,7159.29
2026-01-20 00:45:00,309.87,293.72,97315,97481.797,8098.8843,7165.4
2026-01-20 01:00:00,300,293.04,94605,94709.5,8199.8217,7174.85
2026-01-20 01:15:00,297.92,283.16,92810,93167.102,8235.3966,7186.64
2026-01-20 01:30:00,296.53,286.57,90995,91443.102,8156.8688,7202.02
2026-01-20 01:45:00,292.7,275.93,90090,89997.602,8228.9776,7218.38
2026-01-20 02:00:00,289.54,281.05,88895,89142.297,8136.6606,7238.63
2026-01-20 02:15:00,287.22,274.42,87415,87604.297,8055.3209,7258.2
2026-01-20 02:30:00,288.15,276.66,86905,86932.203,7923.1558,7297.72
2026-01-20 02:45:00,283.73,274.26,85630,85389.797,7654.6311,7343.11
2026-01-20 03:00:00,282.89,262.11,84950,85110.602,7667.2704,7389.68
2026-01-20 03:15:00,282.52,268.39,83885,83818.102,7599.3855,7454.46
2026-01-20 03:30:00,280.82,278.65,83325,83258.398,7594.8306,7520.89
2026-01-20 03:45:00,277.68,273.85,82525,82387,7756.6024,7589.46
2026-01-20 04:00:00,279.33,265.07,81650,81950.203,7898.9189,7660.56
2026-01-20 04:15:00,276.83,272.11,80775,81346.398,8009.5437,7904.67
2026-01-20 04:30:00,272.67,268.28,80535,79800.102,8002.0027,7983.06
2026-01-20 04:45:00,276.02,263.84,80300,80203,8068.016,8060.13
2026-01-20 05:00:00,274.92,257.02,79725,79523.797,8188.7433,8145.04
2026-01-20 05:15:00,273.32,266.88,79500,79722.297,8263.4786,8244.89
2026-01-20 05:30:00,275.02,269.01,80125,80981.797,8274.5165,8335.95
2026-01-20 05:45:00,275.32,275.2,80390,81818.898,8326.0152,8440.8
2026-01-20 06:00:00,279.33,274.27,81835,81894.797,8394.9919,8552.62
2026-01-20 06:15:00,277.74,273.47,82885,84270.898,8399.8818,8396.21
2026-01-20 06:30:00,281.91,276.48,85435,85674.602,8655.3767,8501.48
2026-01-20 06:45:00,282.76,271.57,86320,87753.797,8850.3068,8609.04
2026-01-20 07:00:00,281.18,286.91,88640,89521.398,8941.0086,8719.81
2026-01-20 07:15:00,289.25,283.5,90560,91990.898,9135.1681,8846.77
2026-01-20 07:30:00,291.78,300.82,92840,94037.203,9273.0926,9064.52
2026-01-20 07:45:00,299.13,303.46,94835,96078.797,9376.7294,9407.52
2026-01-20 08:00:00,298.84,318.39,95470,97563.203,9640.2777,9866.65
2026-01-20 08:15:00,308.95,312.57,99145,100106,9956.1156,10439.8
2026-01-20 08:30:00,321.32,318.05,103205,105145,9998.4363,11114.5
2026-01-20 08:45:00,333.15,318.95,104255,106278,10411.8762,11863.1
2026-01-20 09:00:00,327.79,361.8,104175,107651,10858.0484,12656.2
2026-01-20 09:15:00,339.93,444.3,105015,107735,11261.6649,13531.6
2026-01-20 09:30:00,323.56,388.2,105570,108826,11650.0356,14325.4
2026-01-20 09:45:00,315.71,311.21,105415,110156,12222.958,15117.9
2026-01-20 10:00:00,310.44,318.25,105300,109998,12691.4378,15896.4
2026-01-20 10:15:00,298.35,312.79,103465,109973,13297.2163,16810.5
2026-01-20 10:30:00,273.67,313.27,99880,108511,13117.7344,17469.801
2026-01-20 10:45:00,267.4,281.77,99495,108432,12893.7977,18068.199
2026-01-20 11:00:00,266.32,304.15,98950,108694,13152.2032,18568.6
2026-01-20 11:15:00,261.98,348.59,98565,108655,13028.2346,19141.9
2026-01-20 11:30:00,264.52,265.85,98365,109195,12868.8232,19421.699
2026-01-20 11:45:00,253.25,284.21,96350,107317,12562.5097,19634.699
2026-01-20 12:00:00,239.85,301.07,93505,105419,12443.1387,19768.1
2026-01-20 12:15:00,128.47,272.7,87310,99056.203,12278.6016,19796
2026-01-20 12:30:00,198.15,285.16,90835,101997,11978.5435,19772.301
2026-01-20 12:45:00,198.8,275.99,90465,102207,11763.1792,19715.9
2026-01-20 13:00:00,158.38,220.76,89610,102094,11780.2142,19554.699
2026-01-20 13:15:00,178.78,250.71,90220,101291,11592.7085,19351.4
2026-01-20 13:30:00,207.33,302.23,91455,102573,11373.3525,19083.199
2026-01-20 13:45:00,246.09,313.59,94035,104921,11135.8381,18753.801
2026-01-20 14:00:00,260.58,317.32,97640,108830,11177.8526,18359.301
2026-01-20 14:15:00,248.53,309.78,96865,105605,11088.834,17947.4
2026-01-20 14:30:00,198.63,257.32,95525,103133,10706.8653,17463
2026-01-20 14:45:00,228.21,275.16,96095,103104,10630.6048,16930.801
2026-01-20 15:00:00,241.69,253.94,96565,103411,10343.6201,16341.8
2026-01-20 15:15:00,229.25,266.84,97985,103446,9969.8471,15732.5
2026-01-20 15:30:00,236.31,271.11,98525,104333,9755.7815,15094.6
2026-01-20 15:45:00,247.8,278.64,99890,104715,9725.104,14341.8
2026-01-20 16:00:00,263.8,279.48,101555,106672,9655.9878,13654.3
2026-01-20 16:15:00,268.1,285.05,104160,107229,9547.2363,12882.4
2026-01-20 16:30:00,273.2,290.89,105730,109399,9446.467,12145.3
2026-01-20 16:45:00,288.78,305.95,108385,111538,9034.2246,11461.9
2026-01-20 17:00:00,300.65,360.16,110005,112943,8740.2977,10785.7
2026-01-20 17:15:00,312.13,354.2,111130,114594,8525.3025,10234.8
2026-01-20 17:30:00,322.75,427.52,112290,115446,8551.0953,9742.57
2026-01-20 17:45:00,343.98,370.85,111030,114032,8232.4742,9281.94
2026-01-20 18:00:00,354.98,403.56,111005,114234,8186.091,8918.23
2026-01-20 18:15:00,344.12,414.05,111895,115048,8262.511,8641.62
2026-01-20 18:30:00,357.98,504,114445,117488,8121.8797,8563.27
2026-01-20 18:45:00,375.82,453.71,116280,118893,8423.2097,8620.41
2026-01-20 19:00:00,384.27,389.87,116755,120022,8467.5179,8626.42
2026-01-20 19:15:00,368.69,384.17,116360,119584,8551.8768,8729.52
2026-01-20 19:30:00,396.14,502.54,119500,122909,8468.5226,8742.23
2026-01-20 19:45:00,406.62,440.5,119145,121877,8721.3782,8741.42
2026-01-20 20:00:00,384.34,342.38,118350,121439,8691.2531,8750.55
2026-01-20 20:15:00,374.91,417.68,116340,119924,8767.5432,8756.7
2026-01-20 20:30:00,372.92,573.59,116260,119374,8884.9426,8809.17
2026-01-20 20:45:00,369.5,437.37,115405,119292,8896.9377,8850.82
2026-01-20 21:00:00,378.26,652.97,115560,118998,9094.6175,8890.23
2026-01-20 21:15:00,370.11,608.25,113890,117369,9381.8036,8946.45
2026-01-20 21:30:00,363.93,616.35,112695,114580,9339.867,9002.25
2026-01-20 21:45:00,363.35,364.56,111425,113977,9153.3203,9070.05
2026-01-20 22:00:00,345.26,540.04,109195,112151,9210.1737,9133.34
2026-01-20 22:15:00,339,523.03,107045,109767,9133.4364,9301.67
2026-01-20 22:30:00,325.75,455.62,104735,107224,9272.4642,9395.59
2026-01-20 22:45:00,327.84,405.33,102745,105253,9315.4815,9477.94
2026-01-20 23:00:00,307.85,358.69,99720,100924,9562.6318,9564.79
2026-01-20 23:15:00,309.95,343.27,97810,97683.297,9345.2629,9407.07
2026-01-20 23:30:00,295.7,341.61,94945,96571.703,9414.2427,9481.23
2026-01-20 23:45:00,284.3,342.89,92240,93527.898,9569.8862,9571.28
2026-01-21 00:00:00,276.74,337.16,89930,91615.398,9797.5753,9654.38
2026-01-21 00:15:00,279.86,289.45,89535,91536.5,9932.959,9609.39
2026-01-21 00:30:00,328.98,330.18,98705,99980,9882.0888,10113.6
2026-01-21 00:45:00,317.54,293.73,98820,98307.797,10303.6185,10204.1
2026-01-21 01:00:00,312.57,292.7,96320,96012.703,10344.072,10290.9
2026-01-21 01:15:00,307.36,280.95,94225,93830,9926.4843,10390.1
2026-01-21 01:30:00,299.54,283.53,92215,92679.102,10099.9353,10461
2026-01-21 01:45:00,292.83,282.28,91250,91022.703,10078.5301,10519
2026-01-21 02:00:00,289.37,274.11,89865,90032.398,10179.2304,10560.7
2026-01-21 02:15:00,282.69,275.47,88270,88489.602,10100.4513,10677.8
2026-01-21 02:30:00,280.3,275.51,87625,87470.703,10124.0417,10713.7
2026-01-21 02:45:00,279.69,269.41,86495,86730.203,10351.6256,10770.3
2026-01-21 03:00:00,279.69,269.86,85690,85236.398,10369.4547,10802
2026-01-21 03:15:00,279.69,264.87,84885,85079.203,10827.1388,10824.7
2026-01-21 03:30:00,274.79,265.45,83930,83645.102,11026.487,10848.7
2026-01-21 03:45:00,274.72,259.34,83355,83285.203,10111.2251,10865.4
2026-01-21 04:00:00,272.66,264.53,82795,82748,10067.0666,10882.3
2026-01-21 04:15:00,269.62,254.46,81825,81650,10486.9033,11000.5
2026-01-21 04:30:00,268.9,247.79,81460,81493.203,10820.321,10994.7
2026-01-21 04:45:00,265.62,237.95,80830,81950.398,10759.717,10989.1
2026-01-21 05:00:00,265.12,254.57,80685,81739.898,10659.0672,10982
2026-01-21 05:15:00,265.1,252.84,80500,81283.398,10521.2128,11011
2026-01-21 05:30:00,265.02,283.87,81180,81658.703,10339.8576,10988.3
2026-01-21 05:45:00,268.9,264.23,81425,82341.5,10312.0324,10978.3
2026-01-21 06:00:00,273.07,274.24,82830,84011.297,10060.4508,10956
2026-01-21 06:15:00,274.85,274.69,83920,84388.703,10236.5674,10706.9
2026-01-21 06:30:00,280,287.27,86335,86797,10092.9829,10677.9
2026-01-21 06:45:00,284.67,293.35,87865,88408.898,9949.7255,10657.6
2026-01-21 07:00:00,289.48,285.33,90040,91091.398,9895.4521,10629.8
2026-01-21 07:15:00,289.58,239.62,92100,92216.602,9786.5576,10591.4
2026-01-21 07:30:00,303.12,307.35,94770,95252,9695.1488,10666.4
2026-01-21 07:45:00,309.21,292.54,96620,96964.297,9352.2223,10869.9
2026-01-21 08:00:00,312.14,300.33,97870,98986,9368.7664,11172.7
2026-01-21 08:15:00,320.83,311.38,101085,102693,9340.4042,11617.3
2026-01-21 08:30:00,389,314.37,105230,107760,9462.4475,12135.5
2026-01-21 08:45:00,451.56,331.72,106840,109168,9584.3625,12721
2026-01-21 09:00:00,449.86,342.59,107505,110154,9673.2879,13350.1
2026-01-21 09:15:00,436.67,348,108390,112040,9713.6674,14131.5
2026-01-21 09:30:00,456.12,494.72,109185,113586,9982.3228,14830.5
2026-01-21 09:45:00,442.18,501.02,108775,113750,10158.7275,15506.1
2026-01-21 10:00:00,446.34,370.06,108105,113641,10384.7483,16152.3
2026-01-21 10:15:00,393.14,588,106620,112642,10799.0828,16837
2026-01-21 10:30:00,308.9,283.57,103315,109086,10652.6953,17367.9
2026-01-21 10:45:00,304.14,321.78,102490,109846,11037.8545,17850.9
2026-01-21 11:00:00,315.66,364.15,101905,109636,11288.051,18281.6
2026-01-21 11:15:00,307.61,374.4,101580,110792,11229.5699,18637.1
2026-01-21 11:30:00,290.62,324.71,101105,110000,11475.7945,18920.4
2026-01-21 11:45:00,280.23,331,99270,107424,11435.73,19117
2026-01-21 12:00:00,273.49,317.65,96620,105720,11346.1826,19228.199
2026-01-21 12:15:00,237.19,108.14,89730,100227,11222.5717,19246.5
2026-01-21 12:30:00,271.54,382.36,92670,103150,11351.732,19199.801
2026-01-21 12:45:00,269.93,318.72,92625,101496,11278.9575,19043.301
2026-01-21 13:00:00,266.94,318.9,91960,101160,11389.3259,18862.199
2026-01-21 13:15:00,270.63,113.77,92115,101288,11198.2427,18649.699
2026-01-21 13:30:00,275.48,317.56,93395,101661,11243.7426,18326.301
2026-01-21 13:45:00,276.85,314.25,96035,104155,11376.3833,17938.801
2026-01-21 14:00:00,280.93,371.45,99290,107090,11425.3965,17505.4
2026-01-21 14:15:00,271.93,295.39,98730,106021,11286.9988,17054.699
2026-01-21 14:30:00,267.51,285.18,97425,103712,11102.7031,16568.9
2026-01-21 14:45:00,267.57,291.77,97795,102884,10958.9438,16006.7
2026-01-21 15:00:00,271.1,294.18,98315,102867,10620.3611,15379.2
2026-01-21 15:15:00,272.28,298.78,98915,103532,10319.5186,14748
2026-01-21 15:30:00,279.27,302.79,100165,104101,10113.3833,14070.3
2026-01-21 15:45:00,281.25,300.01,101705,105728,10081.8433,13355.1
2026-01-21 16:00:00,282.31,309.88,103495,106749,9990.5871,12624.9
2026-01-21 16:15:00,286.23,314.47,105865,108653,9499.5747,11746.4
2026-01-21 16:30:00,300.67,388.99,108110,110646,8840.8067,10967.2
2026-01-21 16:45:00,312.19,546.17,110490,112800,8562.4277,10237.4
2026-01-21 17:00:00,329.13,631.18,112465,114486,8073.472,9545.83
2026-01-21 17:15:00,344.33,479.51,113845,115601,7715.2809,8847.24
2026-01-21 17:30:00,409.77,616.71,114970,117036,7393.0972,8321.69
2026-01-21 17:45:00,424.24,597.75,113835,115377,7432.2594,7876.78
2026-01-21 18:00:00,438.29,774.67,114210,116475,7433.3309,7538.91
2026-01-21 18:15:00,495.52,704.5,115720,118147,7489.6045,7350.33
2026-01-21 18:30:00,590.99,737.5,118835,120362,7764.3491,7368.23
2026-01-21 18:45:00,530.39,1197.72,120435,122368,8002.6761,7526.75
2026-01-21 19:00:00,767.42,865.8,121205,122974,8297.5685,7654.75
2026-01-21 19:15:00,328.25,510.48,120720,123500,8516.7188,7917.91
2026-01-21 19:30:00,672.99,780.01,124000,125677,8644.4918,8056.85
2026-01-21 19:45:00,778.39,678.23,123780,126233,8591.4479,8179.49
2026-01-21 20:00:00,520.27,1200.53,122975,124828,8686.2962,8336.55
2026-01-21 20:15:00,487.18,764.11,120965,124087,8755.2082,8442.08
2026-01-21 20:30:00,495.38,1227.89,120640,124136,8801.4718,8580.3
2026-01-21 20:45:00,416.8,1048.77,120155,122603,8845.5036,8719.79
2026-01-21 21:00:00,569.76,987.45,120320,122032,8754.1174,8835.7
2026-01-21 21:15:00,476.22,822.34,118305,120488,8730.8181,8985.52
2026-01-21 21:30:00,476.15,962.17,117180,118951,8788.1047,9082.98
2026-01-21 21:45:00,469.79,775.05,115810,117487,8627.8519,9165.34
2026-01-21 22:00:00,457.48,685,113795,115914,8728.0825,9279.11
2026-01-21 22:15:00,431.18,1211.89,111300,112994,8770.0485,9524.9
2026-01-21 22:30:00,397.57,739.64,108560,110299,8864.8517,9613.74
2026-01-21 22:45:00,447.32,450.03,106630,107845,8887.0164,9704.39
2026-01-21 23:00:00,367.39,348.81,103810,105257,9149.8521,9789.04
2026-01-21 23:15:00,329.18,318.55,100750,102059,9144.1521,9710.86
2026-01-21 23:30:00,318.41,316.55,98010,98185.898,9207.6625,9761.03
2026-01-21 23:45:00,313.6,298.3,95275,95850.703,9352.6474,9820.36
2026-01-22 00:00:00,295.76,291.77,92940,93612.5,9460.6867,9831.43
2026-01-22 00:15:00,279.03,287.69,92285,93649.102,9480.8991,9712.26
2026-01-22 00:30:00,362.67,219.09,101020,102241,9491.4352,9916.62
2026-01-22 00:45:00,340.01,284.75,100740,99458.398,9242.2902,9966.34
2026-01-22 01:00:00,329.53,290.87,99220,98827.297,8746.0879,10013.9
2026-01-22 01:15:00,317.45,274.31,96265,96157.5,8767.5663,10102.9
2026-01-22 01:30:00,313.16,293.48,94800,95174.102,8817.1814,10162.5
2026-01-22 01:45:00,300.62,281.71,92985,93488.297,8882.0857,10211.8
2026-01-22 02:00:00,298.26,249.29,91935,91681.297,9134.3426,10234.5
2026-01-22 02:15:00,291.01,276.34,90190,90293.797,9112.6297,10343.5
2026-01-22 02:30:00,288,280.64,89630,89642.5,9372.879,10433.6
2026-01-22 02:45:00,285.37,267.24,88445,88581,9331.5544,10450.6
2026-01-22 03:00:00,285.6,273.68,87325,87905.203,9150.5527,10470.3
2026-01-22 03:15:00,285.73,277.61,86765,86966.398,9120.0418,10491.9
2026-01-22 03:30:00,284.05,274.22,85720,85888.102,9281.7552,10500.2
2026-01-22 03:45:00,282.69,278.38,85020,85226.5,9319.8386,10507.3
2026-01-22 04:00:00,281,257.99,84460,84856,9327.8654,10513.7
2026-01-22 04:15:00,278.85,285.53,83705,84271.703,9531.7988,10528.5
2026-01-22 04:30:00,277.99,274.39,83205,83744.297,9728.2751,10517.2
2026-01-22 04:45:00,277.78,272.13,82645,83109.797,9682.9492,10509.7
2026-01-22 05:00:00,277.62,274.54,82705,82855.898,9668.4778,10496
2026-01-22 05:15:00,277.99,277.49,82500,82551.5,9548.0178,10484.5
2026-01-22 05:30:00,276.43,285.06,83135,83334.5,9499.861,10471.8
2026-01-22 05:45:00,278.18,283.69,83485,84140.297,9376.658,10457.5
2026-01-22 06:00:00,279.6,287.42,84600,85193.102,9241.5969,10425.7
2026-01-22 06:15:00,281.24,288.85,86000,85749.703,9152.1591,10299.2
2026-01-22 06:30:00,286.9,286.56,88235,89219.797,8935.6646,10256.9
2026-01-22 06:45:00,286.34,289.41,89770,90424.5,8808.6246,10217.3
2026-01-22 07:00:00,291.07,292.35,91935,93544.898,8787.6452,10167.2
2026-01-22 07:15:00,291.05,376.3,94075,95488.102,8732.6929,10090.6
2026-01-22 07:30:00,307.78,386.63,96895,98330.898,8779.7727,10113.8
2026-01-22 07:45:00,311.24,377.91,98870,100660,8735.3905,10210.5
2026-01-22 08:00:00,314.87,229.3,100560,102637,8824.0537,10422.3
2026-01-22 08:15:00,382.65,288.25,104300,106061,9045.8782,10671.7
2026-01-22 08:30:00,491.01,299.65,108765,110675,9178.1132,10994.3
2026-01-22 08:45:00,503.95,286.32,110245,111655,9085.0411,11353.9
2026-01-22 09:00:00,578.13,301.09,110945,113818,9117.1969,11772.7
2026-01-22 09:15:00,578.99,512.37,112545,114716,9331.3254,12310.7
2026-01-22 09:30:00,586.71,714.97,113495,115122,9441.356,12654
2026-01-22 09:45:00,611.09,573.36,113335,116598,9668.6143,13004.9
2026-01-22 10:00:00,326.39,564.34,112860,116168,9684.6777,13360.5
2026-01-22 10:15:00,539.04,497.95,112015,114914,9828.0242,13777
2026-01-22 10:30:00,346.74,473.75,108825,111871,10090.9609,14084
2026-01-22 10:45:00,381.99,389.01,108400,112204,10271.2119,14337.3
2026-01-22 11:00:00,382.32,485.22,107970,111534,10376.4055,14570.8
2026-01-22 11:15:00,419.99,477.32,107535,111671,10299.0325,14640
2026-01-22 11:30:00,358.81,759.9,107015,111973,10635.0664,14807.3
2026-01-22 11:45:00,311.88,637.44,105425,110554,10549.1037,14895.5
2026-01-22 12:00:00,303.93,429.98,103525,108295,10740.6387,14924.6
2026-01-22 12:15:00,276,324.53,97280,102368,10647.4261,14838.3
2026-01-22 12:30:00,291.63,305.87,100350,105185,10514.6521,14770
2026-01-22 12:45:00,283.26,272.48,99655,104204,10311.2754,14661.8
2026-01-22 13:00:00,281.22,265.94,99180,103241,9972.7456,14487.6
2026-01-22 13:15:00,281.14,292.67,99045,103266,10050.6934,14271
2026-01-22 13:30:00,286.25,289.02,100590,103740,9682.3255,13999.3
2026-01-22 13:45:00,290.38,274.55,103535,106419,9214.5733,13656.4
2026-01-22 14:00:00,287.17,291.02,105565,109437,9096.8608,13297.9
2026-01-22 14:15:00,291.67,297.19,104995,108085,8875.188,12963
2026-01-22 14:30:00,287.72,298.99,103785,105656,8623.1324,12570.5
2026-01-22 14:45:00,283.29,294.5,103185,106749,8390.9082,12128.9
2026-01-22 15:00:00,288.91,363.66,103470,107043,8257.8353,11657.1
2026-01-22 15:15:00,283.46,314.89,104145,107278,7862.4687,11216.9
2026-01-22 15:30:00,286.01,315.48,104790,107548,7666.8794,10679.4
2026-01-22 15:45:00,288.2,311.08,106445,109178,7438.7852,10114.2
2026-01-22 16:00:00,292.64,284.98,108325,110485,7037.8555,9513.25
2026-01-22 16:15:00,300.69,320.3,110735,112117,6695.4487,8829.18
2026-01-22 16:30:00,306.95,360.47,112985,113138,6329.3643,8201.12
2026-01-22 16:45:00,329.24,349.04,115565,115184,5835.2306,7595.23
2026-01-22 17:00:00,351.33,419.79,117030,117236,5654.5209,7006.96
2026-01-22 17:15:00,386.06,547.69,118565,118940,5529.6256,6472.57
2026-01-22 17:30:00,453.65,558.51,119765,120032,5352.684,6017.25
2026-01-22 17:45:00,422.99,406.01,118565,119060,5375.9884,5623.6
2026-01-22 18:00:00,558.5,632.08,119035,119412,5315.8905,5346.98
2026-01-22 18:15:00,714.67,540.94,121110,120332,5360.5632,5225.82
2026-01-22 18:30:00,718.86,474.66,123300,122137,5534.5676,5282.37
2026-01-22 18:45:00,730.68,493.93,124595,123466,5622.0136,5404.73
2026-01-22 19:00:00,783.21,555.67,125130,126019,5724.6429,5483.87
2026-01-22 19:15:00,637.25,649.31,125180,126160,5779.875,5618.85
2026-01-22 19:30:00,922.03,749.21,128000,129882,5929.2532,5740.28
2026-01-22 19:45:00,730.56,800.58,127635,129297,6221.0027,5854.15
2026-01-22 20:00:00,693.26,782.18,127195,129550,6492.9547,5969.18
2026-01-22 20:15:00,682.85,668.59,125500,126866,6732.1592,6020.95
2026-01-22 20:30:00,721.25,823.12,125480,126463,6896.604,6125.25
2026-01-22 20:45:00,707.8,585.83,125210,126742,7078.9866,6232.05
2026-01-22 21:00:00,655.61,783.9,124470,125939,7267.5664,6322.06
2026-01-22 21:15:00,631.95,770.89,122675,124500,7256.5025,6423.75
2026-01-22 21:30:00,618.33,631.35,121210,123258,7197.8622,6511.11
2026-01-22 21:45:00,520.97,597.28,119990,121567,7103.7649,6608.14
2026-01-22 22:00:00,487.65,658.01,117845,119691,6977.1874,6682.64
2026-01-22 22:15:00,461.35,548.65,115620,116611,6771.598,6763.39
2026-01-22 22:30:00,460.95,497.36,113245,113476,6645.6413,6814.07
2026-01-22 22:45:00,489.69,499.79,111150,111148,6615.8027,6857.71
2026-01-22 23:00:00,386.9,373.04,108145,108132,6640.2182,6896.73
2026-01-22 23:15:00,327.93,322,105210,104220,6653.5859,6924.65
2026-01-22 23:30:00,313.22,311.13,101995,101765,6571.8871,6937.38
2026-01-22 23:45:00,305.38,297.15,99200,98157.398,6688.0932,6937.71
2026-01-23 00:00:00,293.83,287.04,96615,96066.297,6503.6471,6923.13
2026-01-23 00:15:00,289.52,290,94170,96000.898,6580.8762,6583.44
2026-01-23 00:30:00,407.4,386.88,103255,104647,6447.3441,6455.22
2026-01-23 00:45:00,382.65,326.12,102345,102102,6717.5565,6449.3
2026-01-23 01:00:00,384.97,353.17,100110,100896,6678.7706,6437.61
2026-01-23 01:15:00,376.72,399.55,97875,98446.398,6687.8191,6467.38
2026-01-23 01:30:00,388.23,324.51,95780,95916.398,6721.4213,6455.42
2026-01-23 01:45:00,371.3,318.43,94380,94299.898,6694.4495,6433.6
2026-01-23 02:00:00,336.59,343.7,92980,92924.398,6777.0795,6398.11
2026-01-23 02:15:00,322.29,328.9,91815,91688.5,6722.6585,6404.94
2026-01-23 02:30:00,323.31,323.28,90645,92028.5,6598.8723,6365.33
2026-01-23 02:45:00,316.96,336.29,89830,90810.703,6612.2048,6318.69
2026-01-23 03:00:00,314.6,317.74,88560,89781.398,6557.3514,6272.11
2026-01-23 03:15:00,316.29,322.32,87810,88323.398,6470.9185,6221.27
2026-01-23 03:30:00,312.72,297.75,86910,87282.203,6443.0615,6165.93
2026-01-23 03:45:00,311.61,309.71,86165,86791.398,6381.7833,6110.55
2026-01-23 04:00:00,310.6,306.72,85720,85381.898,6293.9429,6053.96
2026-01-23 04:15:00,306.62,304.37,84905,85096.797,6231.3928,6105.86
2026-01-23 04:30:00,299.71,289.6,84180,83594.203,6200.9994,6059.19
2026-01-23 04:45:00,299.72,289.4,83760,83460.203,6184.9774,6016.32
2026-01-23 05:00:00,299.39,284.65,83485,83023.297,6190.0859,5975.93
2026-01-23 05:15:00,294.6,286.78,83000,83079.898,6370.1357,5918.63
2026-01-23 05:30:00,302.25,289.5,83760,83348.5,6325.9131,5866.2
2026-01-23 05:45:00,301.55,289.51,84390,83639.898,6494.6598,5816.26
2026-01-23 06:00:00,309.74,291.66,85160,84626.5,6583.4406,5740.5
2026-01-23 06:15:00,310.62,289.6,86905,85621.898,6615.1524,5543.75
2026-01-23 06:30:00,311.63,304.53,88655,87752.703,6637.5456,5487.06
2026-01-23 06:45:00,314.07,310.66,90610,89757.898,6593.7604,5429.34
2026-01-23 07:00:00,317.7,313.65,92775,93245.102,6354.9668,5366.31
2026-01-23 07:15:00,318.05,314.59,95100,94405.703,6185.3635,5246.09
2026-01-23 07:30:00,331.72,317.61,97795,98120.102,6002.2276,5282.47
2026-01-23 07:45:00,355.24,365.53,99835,100988,5854.6478,5451.5
2026-01-23 08:00:00,389.68,440.73,101505,101867,5833.5401,5733.55
2026-01-23 08:15:00,398.73,505.12,104340,106393,5818.4786,6175.34
2026-01-23 08:30:00,430.61,670.4,108135,110524,5712.2312,6714.56
2026-01-23 08:45:00,424.63,678.17,109945,113751,5695.543,7352.43
2026-01-23 09:00:00,410.01,753.71,110635,115752,5721.2902,8028.74
2026-01-23 09:15:00,439.92,613.69,111960,116205,5849.8476,8755.31
2026-01-23 09:30:00,424.93,834.89,112130,117503,5970.0322,9396.34
2026-01-23 09:45:00,420.99,1377.21,111755,117810,6158.2083,10068
2026-01-23 10:00:00,377.87,761.67,111220,117877,6246.7893,10707.5
2026-01-23 10:15:00,340.22,691.45,109420,117136,6389.489,11303.4
2026-01-23 10:30:00,314.23,510.49,106680,113148,6452.426,11860.8
2026-01-23 10:45:00,304.54,623.31,105120,113562,6523.1941,12400.3
2026-01-23 11:00:00,304.22,577.56,104780,113430,6661.646,12864.3
2026-01-23 11:15:00,301.83,393.12,104205,113325,6841.491,13208.7
2026-01-23 11:30:00,293.16,504.41,103375,112369,6935.7,13510.6
2026-01-23 11:45:00,290.74,479,102630,111200,6893.1423,13747.6
2026-01-23 12:00:00,285.35,411.53,99660,109163,6872.6433,13907
2026-01-23 12:15:00,270.41,275.3,94535,103328,6719.9675,14016.3
2026-01-23 12:30:00,282.02,310.36,97105,106100,6743.846,14042.7
2026-01-23 12:45:00,290.59,305.13,96515,105527,6628.3698,13990
2026-01-23 13:00:00,290.59,258.21,96250,105188,6481.4031,13894.7
2026-01-23 13:15:00,289.29,325.61,96005,105202,6550.8304,13759.9
2026-01-23 13:30:00,296.92,318.84,97445,105961,6555.4226,13531.5
2026-01-23 13:45:00,304.95,320.59,99445,107271,6651.565,13255.1
2026-01-23 14:00:00,312.11,337.92,102010,110988,6524.8889,12908.4
2026-01-23 14:15:00,301.67,322.94,101440,109000,6345.3194,12532.7
2026-01-23 14:30:00,298.49,285.04,99830,106948,5980.7378,12024.1
2026-01-23 14:45:00,298.46,300.11,99555,106118,5678.2439,11474.8
2026-01-23 15:00:00,298.44,305,100125,106730,5390.158,10858.6
2026-01-23 15:15:00,312.63,302.2,100930,107094,5059.4821,10170.6
2026-01-23 15:30:00,322.63,299.7,101905,107525,4792.8985,9458.47
2026-01-23 15:45:00,312.64,289.49,103285,108269,4415.907,8674.92
2026-01-23 16:00:00,293.11,289.64,105450,109847,4153.7723,7869.9
2026-01-23 16:15:00,297.75,299.09,107560,111364,3943.0369,7027.37
2026-01-23 16:30:00,309.61,324.11,109725,112014,3646.1073,6190.79
2026-01-23 16:45:00,320.58,319.61,112430,114252,3361.4247,5362.05
2026-01-23 17:00:00,344.66,349.46,114570,115987,3092.6371,4547.07
2026-01-23 17:15:00,385.05,340.94,116130,117144,2857.0701,3818.55
2026-01-23 17:30:00,430.16,333.35,117825,118449,2701.0326,3136.58
2026-01-23 17:45:00,439.68,322.88,117420,117613,2705.4894,2540.14
2026-01-23 18:00:00,445.79,379.25,117415,117999,2743.6535,2108.88
2026-01-23 18:15:00,443.42,357.49,118705,119522,2787.2411,1920.05
2026-01-23 18:30:00,475.72,375.01,120775,121737,2828.4821,1856.52
2026-01-23 18:45:00,512.2,451.09,122460,123618,2971.0438,1903.02
2026-01-23 19:00:00,453.7,388.69,123300,123754,3130.668,1962.48
2026-01-23 19:15:00,546.08,388.93,124000,124337,3269.2916,2060.72
2026-01-23 19:30:00,1483.8,384.75,127000,127163,3443.9762,2128.11
2026-01-23 19:45:00,665.13,350.38,126725,126683,3558.8705,2189.53
2026-01-23 20:00:00,583.3,433.07,126295,126352,3571.7945,2256.27
2026-01-23 20:15:00,517.29,324.45,124535,125121,3425.449,2285.03
2026-01-23 20:30:00,624.43,371.22,124350,125591,3608.2384,2352.11
2026-01-23 20:45:00,721.54,372.51,124210,124736,3650.451,2413.74
2026-01-23 21:00:00,655.6,333.82,123680,124212,3654.1405,2471.93
2026-01-23 21:15:00,507.71,324.37,122045,123384,3565.2718,2487.7
2026-01-23 21:30:00,500.92,508.9,120760,122075,3479.7905,2526.08
2026-01-23 21:45:00,483.9,313.83,119740,120579,3513.383,2565.88
2026-01-23 22:00:00,437.71,317.32,117610,118808,3533.816,2603.1
2026-01-23 22:15:00,441.69,302.03,115345,117008,3484.2066,2655.64
2026-01-23 22:30:00,429.89,328.92,113255,114516,3453.7745,2698.63
2026-01-23 22:45:00,424.39,329.79,111120,113202,3440.1214,2730.78
2026-01-23 23:00:00,428.6,316.85,108540,110075,3467.4883,2762.7
2026-01-23 23:15:00,386.42,318.81,105560,107220,3560.0759,2709.48
2026-01-23 23:30:00,346.06,313.83,102415,104347,3478.8699,2749.65
2026-01-23 23:45:00,339.83,310.85,100110,101255,3477.695,2789.61
2026-01-24 00:00:00,309.89,288.92,97175,98971.203,3599.1538,2826.53
2026-01-24 00:15:00,318.52,319.15,97210,98536.297,3624.2965,2739.64
2026-01-24 00:30:00,512.26,480.02,105210,106343,3684.917,2680.55
2026-01-24 00:45:00,499.97,364.99,104580,105261,3880.9351,2714.27
2026-01-24 01:00:00,495.11,463.49,102275,102120,3947.2785,2747.3
2026-01-24 01:15:00,481.99,494.28,100180,98825.203,3960.5901,2782.63
2026-01-24 01:30:00,431.96,324.12,97875,97401.203,4078.0446,2815.74
2026-01-24 01:45:00,430.26,338.6,96060,95744.703,4200.0625,2843.18
2026-01-24 02:00:00,397.51,324.32,94240,94840,4550.1394,2865.21
2026-01-24 02:15:00,379.88,349.95,92915,93310.398,4539.1801,2890.61
2026-01-24 02:30:00,380.08,323.68,92285,92259.703,4383.0074,2909.65
2026-01-24 02:45:00,349.74,332.63,90820,90687.203,4620.9574,2947.21
2026-01-24 03:00:00,353.84,319.51,89980,89939.102,4651.5583,2963.54
2026-01-24 03:15:00,349.76,322.46,88790,88739.898,4530.967,2976.72
2026-01-24 03:30:00,341.37,309.71,87885,88462.797,4480.4824,2984.92
2026-01-24 03:45:00,335.05,318.41,87115,86562.297,4369.7394,2990.25
2026-01-24 04:00:00,328.8,313.87,86275,86474.797,4271.8455,2997.42
2026-01-24 04:15:00,323.83,318.51,85610,85836,4298.383,3009.68
2026-01-24 04:30:00,322.84,318.51,84740,85715.602,4304.8161,3017.66
2026-01-24 04:45:00,323.83,318.39,84345,85359.703,4172.5584,3025.96
2026-01-24 05:00:00,320.42,318.48,83565,84120.797,4338.2144,3035.71
2026-01-24 05:15:00,323.81,323.71,83500,83112.797,4252.6651,3032.8
2026-01-24 05:30:00,328.77,309.15,83920,83389.602,3970.3382,3034.14
2026-01-24 05:45:00,327.62,315.61,84130,83547.797,3946.1129,3036.67
2026-01-24 06:00:00,332.86,317.9,84600,84902.898,3853.3606,3037.69
2026-01-24 06:15:00,339.69,319.66,85395,84809.602,3720.8138,2993.66
2026-01-24 06:30:00,348.81,326.06,86930,86766.898,3649.6665,2988.7
2026-01-24 06:45:00,349.6,326.45,88380,87242.102,3488.2301,2984.41
2026-01-24 07:00:00,353.77,343.86,89790,90096,3468.6088,2979.38
2026-01-24 07:15:00,347.56,323.19,91510,90880.102,3444.6391,2991.19
2026-01-24 07:30:00,381.64,328.17,94740,93442.398,3449.8497,3099.46
2026-01-24 07:45:00,397.98,337.28,96455,95166.703,3536.7645,3350.17
2026-01-24 08:00:00,445.39,348.3,98405,98617.398,3537.3588,3664.79
2026-01-24 08:15:00,428.77,478.05,101470,101949,3717.7027,4128.52
2026-01-24 08:30:00,498,497.21,105185,106315,4033.5708,4661.14
2026-01-24 08:45:00,507.14,442.5,106590,107393,4391.8782,5256.37
2026-01-24 09:00:00,520.87,565.76,106915,106585,4770.3938,5913.59
2026-01-24 09:15:00,528.03,629.41,108050,106893,5092.3616,6593.88
2026-01-24 09:30:00,526.26,278.65,108715,107403,5408.3006,7272.61
2026-01-24 09:45:00,514.7,387.15,108810,106436,5767.5554,7974.37
2026-01-24 10:00:00,516.78,431.43,108115,106549,6166.1577,8695.52
2026-01-24 10:15:00,451.99,454.61,106635,104125,6575.1133,9337.38
2026-01-24 10:30:00,389.63,340.03,103705,100224,6840.2432,9956.59
2026-01-24 10:45:00,387.02,348.85,102585,99784.297,7052.1207,10581
2026-01-24 11:00:00,350.66,302.96,102380,98914.398,7337.239,11136.4
2026-01-24 11:15:00,321,300.91,101850,98375.102,7667.1262,11594.5
2026-01-24 11:30:00,314.23,282.67,101050,97939.5,7989.7954,12004.4
2026-01-24 11:45:00,303.62,296.67,100330,97010.203,8110.7138,12329.2
2026-01-24 12:00:00,289.83,279.48,96750,93947.398,8105.5132,12592.2
2026-01-24 12:15:00,264.18,240.48,91660,89356.5,8179.9643,12792.8
2026-01-24 12:30:00,277.08,268.48,94670,89400.703,8395.5386,12914.2
2026-01-24 12:45:00,273.95,260.58,93900,89773.102,8470.647,12976.9
2026-01-24 13:00:00,271.87,266.32,93345,88765.703,8568.1855,12956.6
2026-01-24 13:15:00,271.74,263.16,93350,88829.297,8685.6484,12853.7
2026-01-24 13:30:00,276.69,266.88,94605,89730.797,8640.4234,12719.2
2026-01-24 13:45:00,277.11,270.19,97040,91881.703,8627.8472,12538
2026-01-24 14:00:00,286.81,271.34,99905,95536.703,8620.7976,12313.3
2026-01-24 14:15:00,276.81,262.59,98880,92851.703,8491.3423,12044.6
2026-01-24 14:30:00,271.97,253.59,97030,91361.297,8247.5114,11667.8
2026-01-24 14:45:00,271.98,249.71,96945,90938.703,8125.6499,11220.9
2026-01-24 15:00:00,272.08,251.88,97360,91309.398,7964.9112,10723
2026-01-24 15:15:00,266.61,247.51,98080,92550.898,7806.9409,10126.7
2026-01-24 15:30:00,271.91,265.63,99115,92715.797,7401.4512,9487.48
2026-01-24 15:45:00,278.69,259.7,100615,94459.203,6988.718,8789.17
2026-01-24 16:00:00,284.51,266.65,102280,96090.703,6591.3086,8085.97
2026-01-24 16:15:00,293.05,272.69,104515,98211.203,5998.9778,7341.46
2026-01-24 16:30:00,307.06,277.85,106525,100776,5485.0508,6620.47
2026-01-24 16:45:00,331.54,282.4,109075,103028,5038.1658,5870.03
2026-01-24 17:00:00,350.3,287.02,110770,105046,4556.789,5139.9
2026-01-24 17:15:00,392.97,288.71,112160,106494,4113.7328,4461.51
2026-01-24 17:30:00,498.64,283.06,114100,108064,3650.8821,3853.17
2026-01-24 17:45:00,488.97,283.5,112950,107504,3253.4991,3312.53
2026-01-24 18:00:00,505.01,290.68,113765,107934,3015.9664,2931.39
2026-01-24 18:15:00,508.59,294.02,114825,109995,2855.7293,2720.15
2026-01-24 18:30:00,549.6,304.25,117250,112550,2925.1491,2694.52
2026-01-24 18:45:00,554.23,303.19,118505,115195,2929.5111,2774.36
2026-01-24 19:00:00,549.84,315.42,118900,116052,3175.488,2866.23
2026-01-24 19:15:00,543.3,291.17,119670,115613,3184.0837,3003.53
2026-01-24 19:30:00,719.2,298.21,122000,119026,3155.9827,3101.42
2026-01-24 19:45:00,547.47,310.63,121855,118338,3157.816,3199.29
2026-01-24 20:00:00,545.34,308.67,121140,117882,3091.7122,3306.98
2026-01-24 20:15:00,532.89,389.85,120160,115407,3129.5472,3390.2
2026-01-24 20:30:00,539.21,297.98,120300,116193,3409.7575,3502.4
2026-01-24 20:45:00,539.21,314.63,120015,116088,3604.9094,3635.56
2026-01-24 21:00:00,544.58,311.92,119520,116473,3663.7735,3752.75
2026-01-24 21:15:00,539.36,317.07,118390,114481,3728.8204,3813.56
2026-01-24 21:30:00,532.77,321.49,117540,114360,3789.3153,3919.36
2026-01-24 21:45:00,520.28,319.01,116125,113609,3746.104,4055.81
2026-01-24 22:00:00,508.38,327.51,114565,111575,3785.0218,4136.76
2026-01-24 22:15:00,504.88,370.21,112445,109876,3853.0339,4304.17
2026-01-24 22:30:00,495.63,397.66,110800,107971,3841.2022,4425.46
2026-01-24 22:45:00,475.32,397.99,108055,106687,4115.6859,4523.18
2026-01-24 23:00:00,440.29,364.7,105700,103913,4258.3366,4607.85
2026-01-24 23:15:00,423.55,341.47,103325,102048,4579.3465,4627.03
2026-01-24 23:30:00,368.2,324.77,99700,99166,4720.872,4696.49
2026-01-24 23:45:00,368.24,298.33,97945,96390.398,5171.4114,4759.05
2026-01-25 00:00:00,322.73,298.55,94800,94759.203,5166.6187,4810.54
2026-01-25 00:15:00,308.59,265.39,94590,94410,5347.1069,4714.95
2026-01-25 00:30:00,510.88,386.61,102555,102102,5471.8671,4182.22
2026-01-25 00:45:00,512.84,331.61,101825,100717,5755.658,4249.81
2026-01-25 01:00:00,485.99,315.73,100010,98647.102,5971.7933,4313.37
2026-01-25 01:15:00,431.64,328.03,97880,96523.203,6158.9489,4379.56
2026-01-25 01:30:00,413.67,318.31,95785,94623.398,6300.9611,4434.76
2026-01-25 01:45:00,394.54,308.44,94475,92560.5,6189.9993,4505.5
2026-01-25 02:00:00,394.53,313.13,92840,91354.602,6136.4063,4553.8
2026-01-25 02:15:00,372.63,312.47,90995,89537.398,6294.3777,4677.62
2026-01-25 02:30:00,395.49,314.34,89860,88267.602,6308.9775,4720.7
2026-01-25 02:45:00,374.22,306.43,88580,87638.898,6517.3329,4762.44
2026-01-25 03:00:00,371.07,306.44,87665,86251,6623.8405,4806.47
2026-01-25 03:15:00,362.68,286.85,86330,85291.203,6761.2894,4849.76
2026-01-25 03:30:00,356.53,289.86,85460,84081.102,6840.3157,4888.63
2026-01-25 03:45:00,351.76,283.88,84655,83389.297,6883.3703,4928.84
2026-01-25 04:00:00,353.08,294.68,83700,82435.203,7240.9045,4971.52
2026-01-25 04:15:00,338.89,289.8,83045,82637.102,7191.6444,4981.74
2026-01-25 04:30:00,332.88,301.57,82025,81388,7214.0146,5026.98
2026-01-25 04:45:00,325.73,274.11,81485,80986.797,7160.3825,5076.98
2026-01-25 05:00:00,323.33,276.93,81245,80306.297,7219.3203,5126.21
2026-01-25 05:15:00,319.72,278.99,80500,80440.297,7176.5808,5162.74
2026-01-25 05:30:00,321.79,278.24,80945,80772.898,7203.2336,5205.52
2026-01-25 05:45:00,319.74,279.87,81605,80200.602,7387.062,5256.34
2026-01-25 06:00:00,307.37,274.85,81340,80385.602,7542.3804,5303.94
2026-01-25 06:15:00,304.4,274.82,82445,80703.703,7522.6341,5358.59
2026-01-25 06:30:00,303.3,274.71,83760,81760.797,7218.7102,5396.46
2026-01-25 06:45:00,299.39,274.85,84895,83186.297,6952.3265,5447.32
2026-01-25 07:00:00,295.11,279.84,85970,84707.797,6815.5236,5496.54
2026-01-25 07:15:00,301.76,274.89,87760,86051.703,6901.2905,5498.34
2026-01-25 07:30:00,297.17,269.99,89825,87998.398,6691.7188,5637
2026-01-25 07:45:00,312.47,274.98,91315,89323.297,6953.8498,5900.06
2026-01-25 08:00:00,317.86,280.2,92025,90720.602,6982.565,6264.35
2026-01-25 08:15:00,314,296.48,93400,92438.297,7180.6862,6724.19
2026-01-25 08:30:00,323.27,320.38,95235,94384.703,7340.1089,7337.64
2026-01-25 08:45:00,328.57,289.24,96305,95496.797,7765.7233,8011.24
2026-01-25 09:00:00,323.32,285.35,96660,96623.102,8111.9807,8723.38
2026-01-25 09:15:00,322.13,354.04,97360,96954.398,8413.1922,9427.57
2026-01-25 09:30:00,320.76,445.01,97465,97531.297,8905.4304,10173
2026-01-25 09:45:00,312.37,373.19,97450,96572.398,9055.291,10915.2
2026-01-25 10:00:00,301.56,287.85,97240,95678.297,9433.1728,11645.3
2026-01-25 10:15:00,291.11,277.18,96265,95232.5,9819.8169,12291.6
2026-01-25 10:30:00,275.15,268.62,93010,92689.398,10131.7669,12904.9
2026-01-25 10:45:00,273.27,277.09,92505,93475.398,10708.1377,13489
2026-01-25 11:00:00,273.07,276.95,92335,91840.797,11280.0708,14000.2
2026-01-25 11:15:00,269.94,259.54,91635,91443.5,11730.4385,14415.5
2026-01-25 11:30:00,268.65,271.57,90950,90810.102,12190.5147,14761.1
2026-01-25 11:45:00,268.99,193.94,90820,89175.203,12345.8223,15039.8
2026-01-25 12:00:00,265.9,263.87,87645,85743.602,12539.5947,15251.7
2026-01-25 12:15:00,255.36,42.72,84590,82067.297,12914.2798,15422.3
2026-01-25 12:30:00,266.07,249.26,87160,83121.703,13201.7822,15513.1
2026-01-25 12:45:00,259.26,144.69,86375,81701.203,12735.2163,15522.2
2026-01-25 13:00:00,261.78,145.27,85635,81517,13239.3023,15483.6
2026-01-25 13:15:00,261.98,145.27,86165,81339,13347.6197,15378.1
2026-01-25 13:30:00,263.03,188.34,86930,83016.703,13426.8261,15211.5
2026-01-25 13:45:00,262.81,201.15,88465,84343.602,13082.6655,14998.3
2026-01-25 14:00:00,269.17,198.37,90900,86489.5,12899.0342,14740.6
2026-01-25 14:15:00,261.15,230.11,89395,85703.898,12538.9736,14490.9
2026-01-25 14:30:00,256.16,174.86,87720,84163.703,12447.2441,14075.5
2026-01-25 14:45:00,258.16,229.8,88200,84512,12214.6362,13653.8
2026-01-25 15:00:00,259.29,194.11,88570,84515.703,11869.4536,13179.1
2026-01-25 15:15:00,254.24,197.23,89135,86350,11480.4033,12607.2
2026-01-25 15:30:00,264.57,243.88,89905,87218.703,11203.8154,12048.5
2026-01-25 15:45:00,268.76,271.34,91080,88555.797,10889.6431,11397.1
2026-01-25 16:00:00,269.05,268.48,92685,90396.797,10439.4675,10724.1
2026-01-25 16:15:00,272.98,273.62,94610,92701.703,9953.0884,10030.9
2026-01-25 16:30:00,279.6,285.2,96515,95129.203,9354.0092,9332.07
2026-01-25 16:45:00,302.02,312.3,98705,97328.898,8816.0659,8598.89
2026-01-25 17:00:00,320.37,333.44,100165,99401,8239.236,7866.67
2026-01-25 17:15:00,325.36,149.29,102075,101405,7877.5092,7222
2026-01-25 17:30:00,399.93,373.57,104220,102823,7413.1796,6605.42
2026-01-25 17:45:00,424.04,309.19,104205,102191,6900.3594,6078.28
2026-01-25 18:00:00,448.92,370.79,104330,103420,6708.1527,5648.09
2026-01-25 18:15:00,447.2,320.97,105740,104056,6531.9125,5534.53
2026-01-25 18:30:00,468.52,359.67,107035,105940,6511.5017,5455.43
2026-01-25 18:45:00,485.43,359.28,108530,106665,6559.3668,5491.18
2026-01-25 19:00:00,485.73,319.64,108885,107466,6634.8458,5519.2
2026-01-25 19:15:00,469.55,324.61,109480,107137,6503.7135,5581.45
2026-01-25 19:30:00,498.31,324.63,112000,109406,6597.1259,5633.08
2026-01-25 19:45:00,492.52,317,111865,109414,6783.025,5655.75
2026-01-25 20:00:00,485.88,328.75,111015,110233,6730.9536,5702.32
2026-01-25 20:15:00,481.73,329.5,110680,108280,6540.3817,5746.71
2026-01-25 20:30:00,489.7,375.98,110440,110293,6682.1055,5771.03
2026-01-25 20:45:00,493.21,409.5,110320,110106,6421.7454,5786.74
2026-01-25 21:00:00,497.6,350.79,110200,109585,6372.1706,5796.77
2026-01-25 21:15:00,496.58,384.45,110020,109357,6489.0018,5730.01
2026-01-25 21:30:00,487.86,382.12,109480,108094,6331.3416,5701.63
2026-01-25 21:45:00,466.95,379.52,108405,107479,6519.5095,5684.7
2026-01-25 22:00:00,459.69,435.64,107030,105622,6455.6635,5667.02
2026-01-25 22:15:00,454.59,417.04,105115,104240,6424.5173,5692.37
2026-01-25 22:30:00,450.89,365.37,103500,102219,6270.1939,5662.4
2026-01-25 22:45:00,446.17,449.36,101165,99798.102,6107.3168,5633.31
2026-01-25 23:00:00,433.75,330.07,98835,97927.5,5945.4233,5595.58
2026-01-25 23:15:00,366.6,322.88,96320,94407,5865.7792,5546.25
2026-01-25 23:30:00,332.05,291.51,93450,92956.797,5804.161,5509.45
2026-01-25 23:45:00,332.25,316.25,91235,90552.602,5728.0488,5474.29
2026-01-26 00:00:00,317.08,285.48,88245,87807.102,5728.3703,5448.05
2026-01-26 00:15:00,309.07,282.6,86680,88078.797,5774.8865,5258.74
2026-01-26 00:30:00,448.39,358.28,95130,95599.703,5730.7824,5429.18
2026-01-26 00:45:00,430.53,309.08,94885,94250.898,5603.528,5376.69
2026-01-26 01:00:00,339.08,309.37,92720,91607.297,5553.7974,5319.51
2026-01-26 01:15:00,330.29,301.45,90645,89979.703,5752.4883,5328.05
2026-01-26 01:30:00,319.59,299.05,88650,88076.898,5330.8469,5262.78
2026-01-26 01:45:00,314.87,291.76,87305,87521.898,5079.1542,5194.76
2026-01-26 02:00:00,315.23,307.08,86430,85644.797,4907.4959,5125.09
2026-01-26 02:15:00,316.44,289.71,84765,84841.898,4975.5553,5075.75
2026-01-26 02:30:00,314.07,294.73,83720,83336.797,4853.3838,5019.71
2026-01-26 02:45:00,313.39,279.69,82525,82456.898,4856.02,4959.09
2026-01-26 03:00:00,309.6,285.34,81455,81376.297,4780.8068,4902.72
2026-01-26 03:15:00,312.06,286.36,80410,80697.5,4792.4348,4846.75
2026-01-26 03:30:00,305.51,299.33,79880,80041,4756.5629,4826.58
2026-01-26 03:45:00,314.82,283.93,79460,79091.398,4740.6409,4792.58
2026-01-26 04:00:00,307.83,284.87,78605,78101,4708.2153,4761.59
2026-01-26 04:15:00,299.72,284.93,78070,78214.602,4609.139,4832.33
2026-01-26 04:30:00,304.47,291.84,77275,76833.398,4550.0029,4798.2
2026-01-26 04:45:00,295.83,280,77020,77299.898,4518.0352,4770.35
2026-01-26 05:00:00,294.34,300.76,76750,76759.398,4412.0502,4743.39
2026-01-26 05:15:00,294.76,279.93,76500,76345.898,4251.6604,4710.86
2026-01-26 05:30:00,306.82,290.35,76930,77016.297,4209.5284,4698.62
2026-01-26 05:45:00,300.27,286.87,78070,76897.602,4352.5095,4692.96
2026-01-26 06:00:00,302.74,297.44,78705,78195.5,4303.2564,4684.86
2026-01-26 06:15:00,305.56,290.23,80695,79440.297,4317.4272,4552.16
2026-01-26 06:30:00,310.51,316.21,82685,81524.203,4297.0206,4532.19
2026-01-26 06:45:00,317.35,289.91,85155,82602.398,4375.4558,4530.16
2026-01-26 07:00:00,319.69,311.96,87065,85056.797,4489.6415,4507.88
2026-01-26 07:15:00,332.11,329.53,89535,88602.703,4538.3505,4448.85
2026-01-26 07:30:00,352.09,315.57,92505,90944.297,4421.4132,4503.15
2026-01-26 07:45:00,341.41,310.77,93975,93317.398,4570.3539,4656.06
2026-01-26 08:00:00,360.91,316.49,95655,94047.203,4651.0113,4961.45
2026-01-26 08:15:00,385.43,336.95,99665,99662.602,5034.0321,5391.92
2026-01-26 08:30:00,644.52,379.93,103950,103728,5173.7721,5908.3
2026-01-26 08:45:00,535.28,320.04,106495,105035,5476.0762,6486.44
2026-01-26 09:00:00,571.59,288.86,107835,106219,5787.0979,7103.72
2026-01-26 09:15:00,580.88,322.61,109025,107418,6248.3428,7729.49
2026-01-26 09:30:00,507.39,418.88,109230,108009,6484.0505,8334.23
2026-01-26 09:45:00,537.51,302.56,109515,108176,6989.1958,8934.44
2026-01-26 10:00:00,524.52,308.66,109200,107779,7016.1565,9518.9
2026-01-26 10:15:00,442.98,276.27,107245,104829,7391.2172,10066.4
2026-01-26 10:30:00,357.3,288.61,104910,103057,7698.5998,10588.3
2026-01-26 10:45:00,369.81,277.94,104445,101765,8163.7622,11087.3
2026-01-26 11:00:00,358.31,259.85,104055,100710,8623.6975,11529.8
2026-01-26 11:15:00,378.5,273.26,103585,97373.898,9044.8457,11978.5
2026-01-26 11:30:00,356.19,217.01,102390,97057.898,9169.8726,12272.5
2026-01-26 11:45:00,348.4,286.72,101735,94687.5,9268.5183,12470
2026-01-26 12:00:00,317.02,271.9,97715,91370.102,9429.2469,12619.1
2026-01-26 12:15:00,290.16,133.41,92875,85537.203,9471.6049,12710.2
2026-01-26 12:30:00,309.29,263.75,95485,88435.297,9449.1077,12742.9
2026-01-26 12:45:00,306.81,243.53,94580,86740.203,9726.2998,12711.5
2026-01-26 13:00:00,296.52,224.58,92755,86115.797,9678.9026,12636.2
2026-01-26 13:15:00,308.77,265.56,94015,86076,9367.4265,12500.9
2026-01-26 13:30:00,304.46,198.77,95175,87235.602,9160.1519,12305.1
2026-01-26 13:45:00,305.13,260.91,97590,90086.297,9241.051,12056.6
2026-01-26 14:00:00,318.2,277.81,100625,93341.703,9239.8218,11757.9
2026-01-26 14:15:00,307.33,254.15,99670,92271.297,8870.3526,11411.9
2026-01-26 14:30:00,297.94,264.22,98385,90272.297,8582.6651,11018.7
2026-01-26 14:45:00,296.16,218.19,98995,90892.602,8336.6608,10552.4
2026-01-26 15:00:00,297.77,269.47,99400,91724.5,7901.3121,10051
2026-01-26 15:15:00,293.74,229.7,100005,92587.398,7551.3655,9518.36
2026-01-26 15:30:00,292.31,220.92,101055,93591.797,7170.3558,8919.3
2026-01-26 15:45:00,295.04,232.86,102060,95971.297,6862.487,8330.91
2026-01-26 16:00:00,298.3,219.88,103320,98376,6546.0238,7715.51
2026-01-26 16:15:00,299.57,268.23,105170,99755.5,6025.028,7067.3
2026-01-26 16:30:00,331.33,268.26,107155,102484,5382.1417,6413.2
2026-01-26 16:45:00,338.54,226.84,109525,103911,4798.3804,5735.24
2026-01-26 17:00:00,374.65,278.7,111355,106279,4270.6203,5057.32
2026-01-26 17:15:00,445.6,290,112695,107858,3661.4045,4466.29
2026-01-26 17:30:00,534.54,295.05,113830,109532,3016.6735,3903.49
2026-01-26 17:45:00,477.53,288.1,112525,108784,2640.1619,3371.73
2026-01-26 18:00:00,478.31,300,113320,109725,2521.8548,2953.44
2026-01-26 18:15:00,506.99,302.5,114105,110931,2317.0881,2721.39
2026-01-26 18:30:00,561.3,309.99,116435,114311,2235.5263,2613.71
2026-01-26 18:45:00,599.04,303.13,118030,116479,2410.3708,2622.2
2026-01-26 19:00:00,661.9,307.66,119225,117327,2307.4895,2653.22
2026-01-26 19:15:00,579.13,295.28,119065,117789,2439.6568,2729.18
2026-01-26 19:30:00,788.45,282.44,123000,120281,2426.0897,2767.2
2026-01-26 19:45:00,1377.14,282.62,122885,120142,2389.4872,2797.24
2026-01-26 20:00:00,662.7,275.87,121850,119065,2344.0845,2818.34
2026-01-26 20:15:00,514.32,294.3,119940,118141,2325.6235,2825.65
2026-01-26 20:30:00,1174.86,297.89,119940,117401,2175.2296,2818.85
2026-01-26 20:45:00,577.72,290.42,119305,117518,1965.3582,2806.95
2026-01-26 21:00:00,748.03,298.64,118505,116496,1800.0931,2788.17
2026-01-26 21:15:00,601.01,297.79,117075,115386,1752.527,2725.55
2026-01-26 21:30:00,564.6,312.03,116040,113708,1721.9496,2677.64
2026-01-26 21:45:00,524.98,300.9,114685,112586,1655.9323,2637.98
2026-01-26 22:00:00,503.46,310,112775,111099,1528.8797,2598.17
2026-01-26 22:15:00,483.63,320,109830,108465,1385.9229,2586.07
2026-01-26 22:30:00,462.94,320,107365,105821,1276.8609,2513.24
2026-01-26 22:45:00,400.46,325.1,105375,104297,1206.5969,2472.23
2026-01-26 23:00:00,380.16,325.1,102505,101258,1161.4529,2429.38
2026-01-26 23:15:00,326.82,325.11,99800,98846.5,1064.0721,2365.34
2026-01-26 23:30:00,322.59,319.14,96380,95682.5,1015.705,2330.63
2026-01-26 23:45:00,320.18,307.57,94545,93759.5,977.9654,2296.01
2026-01-27 00:00:00,307.43,296.75,92160,91199.297,901.1318,2260.69
2026-01-27 00:15:00,283.72,263.56,90960,90164.703,845.0144,2146.38
2026-01-27 00:30:00,383.07,319.35,99285,97261.797,858.928,1495.74
2026-01-27 00:45:00,379.53,324.97,98370,97344.102,879.6467,1483.77
2026-01-27 01:00:00,358.45,297.79,96045,95286.898,868.0835,1471.35
2026-01-27 01:15:00,349.95,319.98,94150,93150.602,889.682,1488.53
2026-01-27 01:30:00,345.76,312.99,92620,91841.797,917.297,1487.91
2026-01-27 01:45:00,338.73,310.29,91435,90230.703,965.5426,1485.59
2026-01-27 02:00:00,324.97,310.12,89560,89095,970.501,1490.71
2026-01-27 02:15:00,319.98,310.08,88500,87573.898,939.8413,1499.24
2026-01-27 02:30:00,319.98,300.4,87710,86806.797,958.8111,1511.41
2026-01-27 02:45:00,311.78,300.12,86600,85500.203,968.2556,1523.91
2026-01-27 03:00:00,310.98,290.08,85610,84425.297,1038.121,1539.2
2026-01-27 03:15:00,310.98,286.07,84905,83861.703,1079.0208,1556.51
2026-01-27 03:30:00,309.98,283.06,84210,82538.102,1138.9732,1571.58
2026-01-27 03:45:00,306.28,280.09,83435,82115,1209.9796,1593.67
2026-01-27 04:00:00,305.07,278.38,82805,81331.297,1275.8352,1631.93
2026-01-27 04:15:00,295.57,262.17,82115,80456.797,1346.6296,1660.35
2026-01-27 04:30:00,291.03,259.16,81440,80383.5,1497.8148,1706.58
2026-01-27 04:45:00,290.43,263.87,81110,80060.898,1523.8687,1744.75
2026-01-27 05:00:00,290.08,260.87,80500,79789.398,1618.1765,1779.33
2026-01-27 05:15:00,290.17,260.09,80615,79097.898,1642.0671,1816.67
2026-01-27 05:30:00,294.14,263.87,81300,79804.297,1781.4021,1861.95
2026-01-27 05:45:00,292.04,263.85,81470,80256.203,1790.057,1908.67
2026-01-27 06:00:00,300,268.94,82410,81948.203,1841.0151,1957.32
2026-01-27 06:15:00,296.97,270.87,83225,81895.102,1927.969,1960.93
2026-01-27 06:30:00,308.98,278.5,85680,85630,1894.3733,2006.97
2026-01-27 06:45:00,318.59,309,87440,86401.602,1936.0123,2064.1
2026-01-27 07:00:00,323.94,299.19,90110,88992.5,1879.1799,2129.85
2026-01-27 07:15:00,308.03,381.07,91755,90066.898,1815.1635,2185.69
2026-01-27 07:30:00,330.86,379.13,94225,93195.602,1761.4168,2359.3
2026-01-27 07:45:00,335.76,423.46,95290,94817.102,1856.7234,2634.86
2026-01-27 08:00:00,343.85,381.18,96620,96465.5,2030.1857,3051.97
2026-01-27 08:15:00,353.03,407.15,99465,99312.703,2227.6817,3586.77
2026-01-27 08:30:00,388.85,442.45,104060,103993,2418.6808,4253.41
2026-01-27 08:45:00,420.06,417.98,106170,105977,2606.4055,4977.5
2026-01-27 09:00:00,412.78,380.03,106860,106130,2991.8526,5775.54
2026-01-27 09:15:00,417.57,393.73,107750,106860,3496.4787,6601.27
2026-01-27 09:30:00,434.48,528.57,108025,107311,4009.2188,7409.18
2026-01-27 09:45:00,419.15,688.41,108410,106118,4674.3787,8234.52
2026-01-27 10:00:00,402.4,303.44,108045,104071,5178.0032,9061.95
2026-01-27 10:15:00,360.27,307.03,106440,101639,5504.4892,9864.74
2026-01-27 10:30:00,324.63,275.02,103360,99147.602,6211.4434,10629.6
2026-01-27 10:45:00,312.61,267.02,102215,98569.898,6837.9841,11383.4
2026-01-27 11:00:00,310.42,280.87,102160,97742.797,7508.3645,12117.7
2026-01-27 11:15:00,302.75,259.12,101585,96700.602,8008.4023,12763.5
2026-01-27 11:30:00,287.86,221.87,101015,95851.203,8495.8742,13259
2026-01-27 11:45:00,282.26,280.11,99610,93687.5,8845.3466,13663.8
2026-01-27 12:00:00,275.06,72.53,96010,90171.703,8961.0316,14004
2026-01-27 12:15:00,263.46,128.39,90855,84760.102,8714.9602,14295.5
2026-01-27 12:30:00,273.58,81.11,93360,86225.5,9643.615,14488.7
2026-01-27 12:45:00,271.22,47.91,92850,85797.398,9981.7024,14628.9
2026-01-27 13:00:00,270.27,50.1,92410,84820.398,10449.7564,14684.2
2026-01-27 13:15:00,274.52,-28.54,92335,84003.398,10464.2387,14660.3
2026-01-27 13:30:00,279.15,8.07,93615,85688,10519.4619,14556.8
2026-01-27 13:45:00,281.02,72.74,95960,87947.602,10273.7947,14390.2
2026-01-27 14:00:00,281.69,136.7,99545,91059.703,10322.0844,14151.5
2026-01-27 14:15:00,277.4,50.04,98930,89141.898,10044.8396,13859.8
2026-01-27 14:30:00,273.06,-43.72,97295,89587.602,9797.146,13503.2
2026-01-27 14:45:00,273.63,49.96,97430,89940.297,9477.2498,13077.1
2026-01-27 15:00:00,275.12,6.16,98075,90736.203,9268.5532,12599
2026-01-27 15:15:00,265.84,0.15,98495,92920.602,8808.2634,12069.8
2026-01-27 15:30:00,270.79,43.4,99615,94038.797,8301.5777,11465.7
2026-01-27 15:45:00,274.61,233.28,100870,95593.398,7985.7266,10808.3
2026-01-27 16:00:00,276.16,247.22,102505,97522.5,7445.6289,10121
2026-01-27 16:15:00,278.14,252.02,105000,99939.797,7135.0759,9339.12
2026-01-27 16:30:00,294.29,280.1,106925,102533,6529.9365,8586.02
2026-01-27 16:45:00,321.23,279.97,108995,104431,6025.3735,7849.53
2026-01-27 17:00:00,344.17,299.85,110505,106818,5381.0115,7114.27
2026-01-27 17:15:00,380.06,300.1,112745,109082,4974.1436,6432.48
2026-01-27 17:30:00,438.05,300.12,113920,110825,4534.5525,5839.62
2026-01-27 17:45:00,420.46,319.19,112555,109855,4174.742,5290.85
2026-01-27 18:00:00,457.32,320.19,113200,109726,3947.8904,4861.76
2026-01-27 18:15:00,432.06,325.79,113285,110776,3860.1377,4613.1
2026-01-27 18:30:00,523.34,319.82,115940,114267,3901.7126,4527.02
2026-01-27 18:45:00,492.89,339.66,117465,115682,4003.4516,4577.23
2026-01-27 19:00:00,611.97,309.54,118475,116107,4224.7517,4649.81
2026-01-27 19:15:00,495.72,290.99,119295,116337,4369.3235,4807.34
2026-01-27 19:30:00,1099.65,298.03,122000,118082,4465.8708,4905.95
2026-01-27 19:45:00,525,295.75,121740,118715,4344.6064,4980.58
2026-01-27 20:00:00,522.38,318.85,120755,117901,4411.9874,5056.64
2026-01-27 20:15:00,506.92,299.42,119275,116054,4472.2609,5119.13
2026-01-27 20:30:00,492.64,318.32,119035,116447,4509.9376,5156.45
2026-01-27 20:45:00,519.5,296.47,119365,116217,4606.9862,5194.46
2026-01-27 21:00:00,539.85,299.16,118465,115292,4618.4614,5223.91
2026-01-27 21:15:00,498.41,315.69,116140,113872,4613.7921,5225.97
2026-01-27 21:30:00,454.17,309,115510,112980,4643.2398,5248.49
2026-01-27 21:45:00,457.84,315.33,114490,110805,4646.6889,5259.65
2026-01-27 22:00:00,447.79,313.18,112835,109202,4617.4562,5266.11
2026-01-27 22:15:00,410.99,320.65,110340,106942,4646.8589,5395.34
2026-01-27 22:30:00,396.44,319.67,107640,104975,4592.7309,5401.58
2026-01-27 22:45:00,372.55,296.39,105205,102475,4529.9667,5415.22
2026-01-27 23:00:00,329.06,306.24,102710,100497,4459.1638,5435.77
2026-01-27 23:15:00,319.62,294.94,99600,97457.898,4422.9694,5328.63
2026-01-27 23:30:00,299.39,284.8,96805,95075.203,4411.1,5346.23
2026-01-27 23:45:00,292.71,283.38,94575,91953.297,4342.1376,5364.63
2026-01-28 00:00:00,279.89,269.14,92155,90976.5,4240.1731,5382.42
2026-01-28 00:15:00,274.96,258.81,88365,89746.703,4188.4022,4850.17
2026-01-28 00:30:00,335.48,318.38,97595,97648.203,4037.5961,4457.91
2026-01-28 00:45:00,336.88,315.83,96910,96794.703,3967.8279,4491.15
2026-01-28 01:00:00,324.92,308.28,95075,95268.898,4052.3105,4529.28
2026-01-28 01:15:00,325.9,324.84,92580,92530.898,4056.5681,4622.15
2026-01-28 01:30:00,325.3,295.99,91365,91295.297,3984.3813,4664.81
2026-01-28 01:45:00,322.78,308.04,89740,89836.797,3965.2779,4706.51
2026-01-28 02:00:00,321.75,298.98,88480,88208.602,4011.6227,4749.03
2026-01-28 02:15:00,319.92,297.54,87125,87300.703,4022.6093,4674.72
2026-01-28 02:30:00,314.45,287.78,86295,86306.898,4031.6374,4719.4
2026-01-28 02:45:00,305.34,283.01,85400,85124.102,4186.7474,4764.03
2026-01-28 03:00:00,303.02,290.41,84225,84381.102,4352.2918,4814.38
2026-01-28 03:15:00,303.02,277.32,83580,83169,4315.7408,4864.71
2026-01-28 03:30:00,296.3,253.52,82730,82653.602,4317.8678,4901.7
2026-01-28 03:45:00,285.22,268.83,81950,81928.297,4444.9927,4959.71
2026-01-28 04:00:00,283.1,265.63,81505,81370.102,4523.9244,5022.96
2026-01-28 04:15:00,280.3,241.27,80750,80499.703,4590.22,5077.71
2026-01-28 04:30:00,280,260.92,80085,79901.297,4688.0487,5151.4
2026-01-28 04:45:00,280,254.31,79725,78670.102,4779.2531,5222.35
2026-01-28 05:00:00,277,244.31,79300,78905.5,4806.4677,5294.01
2026-01-28 05:15:00,275.3,268.22,79000,78407,4842.7766,5356.85
2026-01-28 05:30:00,280,265.8,79600,79534.602,4926.1312,5410.79
2026-01-28 05:45:00,281.1,271.21,80275,79581.5,5033.3916,5472.8
2026-01-28 06:00:00,285.1,273.76,81420,81297.703,5126.944,5535.22
2026-01-28 06:15:00,288.68,287.62,82325,82054.102,5123.8326,5618.07
2026-01-28 06:30:00,311.81,293.25,85095,83701.398,5354.0039,5685.82
2026-01-28 06:45:00,317.96,286.3,86410,86009,5471.6266,5751.79
2026-01-28 07:00:00,325.16,322.13,88995,87206.898,5618.401,5821.17
2026-01-28 07:15:00,326.48,305.43,90995,89877,5762.7151,5902.14
2026-01-28 07:30:00,341.53,316.44,93625,91698.297,5861.4606,6101.11
2026-01-28 07:45:00,348.25,328.54,94845,94320.5,6051.1428,6440.72
2026-01-28 08:00:00,348.28,404.31,95915,95457,6332.6319,6915.37
2026-01-28 08:15:00,356.47,404.8,98730,98806.602,6882.1206,7616.41
2026-01-28 08:30:00,372.23,357.62,103045,102839,7420.8284,8340.09
2026-01-28 08:45:00,366.38,306.66,104375,104201,7759.4616,9142.56
2026-01-28 09:00:00,366.73,489.58,104930,105277,8488.3467,10017.7
2026-01-28 09:15:00,359.95,367.18,104920,105877,8921.4734,10978.2
2026-01-28 09:30:00,368.09,482.53,105500,105868,9386.5059,11835.4
2026-01-28 09:45:00,342.39,322.98,105050,105488,9784.4883,12691.8
2026-01-28 10:00:00,324.52,363.93,103855,103331,10268.6177,13507
2026-01-28 10:15:00,316.31,260.6,102460,101007,10798.1235,14344.1
2026-01-28 10:30:00,278.03,269.07,99195,98415.797,11280.8222,15023.2
2026-01-28 10:45:00,273.01,265.49,98285,97701,11816.081,15677.6
2026-01-28 11:00:00,266.62,260.73,97820,97119.703,11992.6816,16257.7
2026-01-28 11:15:00,266.21,200.73,97190,95440.797,11776.6426,16681.4
2026-01-28 11:30:00,261.92,209.33,96600,95649.602,11622.1152,17064.4
2026-01-28 11:45:00,257.62,250.45,94545,93204.898,11495.4536,17360.5
2026-01-28 12:00:00,252.62,182.22,91650,89452.297,11574.9087,17572.1
2026-01-28 12:15:00,103.49,58.43,85760,84474.102,11401.024,17769.199
2026-01-28 12:30:00,231.24,96.43,87995,86399.203,11495.1543,17894.699
2026-01-28 12:45:00,163.44,65.64,87270,84544,11372.1601,17859.699
2026-01-28 13:00:00,108.09,10.83,86595,83615,11226.0351,17777.5
2026-01-28 13:15:00,206.44,38.6,86580,83695.102,11160.124,17618.6
2026-01-28 13:30:00,218.82,13.57,87845,85541.602,10897.9297,17403.4
2026-01-28 13:45:00,243.62,12.14,90550,87354,10964.4954,17142.6
2026-01-28 14:00:00,248.62,11.46,93785,91020.5,10800.6682,16802.801
2026-01-28 14:15:00,235.04,65.4,93230,89221.203,10496.5122,16416.6
2026-01-28 14:30:00,160.93,-10.28,91780,87632.102,10356.5661,15948.9
2026-01-28 14:45:00,219.98,14.29,92490,88856.5,10200.2788,15395.6
2026-01-28 15:00:00,230.49,36.24,93285,89481.703,9891.212,14788.8
2026-01-28 15:15:00,176.53,145.18,93795,91258,9588.384,13991
2026-01-28 15:30:00,254.5,11.23,95130,91666.898,9212.3658,13264
2026-01-28 15:45:00,253.23,216.58,96800,94426.102,8806.6717,12463.5
2026-01-28 16:00:00,263.91,256.64,98685,95935.703,8315.2304,11642.5
2026-01-28 16:15:00,273.25,268.64,100985,98187.898,7763.6247,10777
2026-01-28 16:30:00,282.72,285.91,103265,100588,7234.4507,9850.31
2026-01-28 16:45:00,285.86,283.67,105355,103192,6589.1077,8967.89
2026-01-28 17:00:00,304.65,308.13,107540,105248,5940.8308,8101.58
2026-01-28 17:15:00,321.58,295,109175,107018,5447.8411,7410.2
2026-01-28 17:30:00,369.78,314.7,110890,108470,5040.7143,6737.03
2026-01-28 17:45:00,389.8,300,109730,107939,4776.92,6127.91
2026-01-28 18:00:00,394.44,310.4,110210,108592,4631.9789,5680.95
2026-01-28 18:15:00,485.17,327.53,111855,110119,4443.4992,5493.25
2026-01-28 18:30:00,534.95,314.99,114605,112963,4546.3376,5475.2
2026-01-28 18:45:00,534.9,325.17,116040,114463,4680.3185,5602.18
2026-01-28 19:00:00,673.12,308.1,116975,116390,4923.0725,5763.79
2026-01-28 19:15:00,386.97,330,116770,116012,5103.8132,5968.97
2026-01-28 19:30:00,666.22,304.75,120000,118202,5309.2604,6162.34
2026-01-28 19:45:00,550.8,325.1,119740,118067,5703.0596,6303.45
2026-01-28 20:00:00,525.8,320,119110,117998,5724.9318,6450.67
2026-01-28 20:15:00,482.57,325,116985,115546,5886.4411,6673.95
2026-01-28 20:30:00,506.99,319.98,116870,116067,6098.8026,6781.96
2026-01-28 20:45:00,520.63,346,116780,116222,6138.8747,6916.08
2026-01-28 21:00:00,535.85,346.66,115875,115126,6240.8623,7038.2
2026-01-28 21:15:00,516,449.84,113820,113745,6483.0796,7067
2026-01-28 21:30:00,465.13,416.57,112820,112820,6646.8377,7166.03
2026-01-28 21:45:00,485.03,419.95,111710,111299,6812.5886,7261.01
2026-01-28 22:00:00,424.24,367.92,110065,109248,6878.4158,7348.33
2026-01-28 22:15:00,391.95,385.8,107490,107340,6988.6551,7314.04
2026-01-28 22:30:00,379.33,364.93,104830,105044,7017.6223,7355.35
2026-01-28 22:45:00,367.64,337.43,102835,102387,7151.7594,7415.5
2026-01-28 23:00:00,340.09,318.76,100240,100616,7117.3473,7465.51
2026-01-28 23:15:00,322.41,290.12,97070,96672.398,7204.1709,7241.2
2026-01-28 23:30:00,313.73,283.35,94235,94090.102,7230.3944,7268.01
2026-01-28 23:45:00,305.22,288.21,91850,92044.898,7183.4428,7283.35
2026-01-29 00:00:00,289.11,280.39,90220,89967.703,7148.9065,7293.63
2026-01-29 00:15:00,288.01,257.79,87700,89062.5,7075.0211,7277.02
2026-01-29 00:30:00,335.05,323.92,96695,98322.5,7079.1974,7288.28
2026-01-29 00:45:00,328.07,315.74,96300,95143.703,7634.89,7276.79
2026-01-29 01:00:00,325.89,271.65,94440,93871.602,7498.1487,7264.63
2026-01-29 01:15:00,314.97,292.85,92275,91846.703,7528.2979,7334.66
2026-01-29 01:30:00,314.71,283.86,90320,89457.602,7614.1954,7313.98
2026-01-29 01:45:00,311.57,244.31,88990,88328.602,7785.8483,7283.71
2026-01-29 02:00:00,313.24,245.99,87735,87224.5,7885.6468,7258.57
2026-01-29 02:15:00,308.62,267.98,86755,85315.797,7895.0299,7149.36
2026-01-29 02:30:00,302.31,253.88,85710,84762.297,7939.6299,7132.37
2026-01-29 02:45:00,293.89,273.01,84595,83689.898,8005.0078,7117.72
2026-01-29 03:00:00,288.61,260.38,83960,82736.203,7939.3712,7107.75
2026-01-29 03:15:00,288.04,255.45,82700,81598.797,7950.7657,7083.59
2026-01-29 03:30:00,282.1,263.35,82285,80810.297,7965.3942,7086.72
2026-01-29 03:45:00,277,253.6,81240,79831.398,8022.2463,7099.19
2026-01-29 04:00:00,275,226.56,80370,79294.797,7975.748,7102.45
2026-01-29 04:15:00,274,249.27,79985,79540.297,7766.2037,7070.14
2026-01-29 04:30:00,271,250.29,79630,79211.797,7627.1628,7075.24
2026-01-29 04:45:00,270.1,257,79185,79255.297,7397.3299,7084.38
2026-01-29 05:00:00,270,255.89,79025,78724.398,7355.7708,7099.14
2026-01-29 05:15:00,269,257,78500,78042.398,7433.1115,7102.96
2026-01-29 05:30:00,270.3,260,79500,78777.5,7395.7113,7121.61
2026-01-29 05:45:00,270,255.46,79580,79488.703,7541.8112,7151.3
2026-01-29 06:00:00,274,264,80695,79867.102,7551.2063,7175.83
2026-01-29 06:15:00,275.3,260.1,81890,81276.602,8048.3273,7179.31
2026-01-29 06:30:00,280,270.3,83820,82737.398,8278.5381,7207.52
2026-01-29 06:45:00,286.07,262.23,85570,83766.898,8473.6088,7245.04
2026-01-29 07:00:00,297.88,275.3,87745,86423.203,8570.7049,7284.29
2026-01-29 07:15:00,299.3,268,89615,87396.602,8843.7108,7329.11
2026-01-29 07:30:00,302.74,270,92495,90755,9196.193,7422.16
2026-01-29 07:45:00,311.77,275,93870,92395.797,9390.9972,7612.75
2026-01-29 08:00:00,314.26,275.3,95000,93691.5,9776.0331,7877.03
2026-01-29 08:15:00,320.45,275,97985,96270,10129.2379,8228.51
2026-01-29 08:30:00,328.42,285.14,101920,100468,10521.5543,8708.29
2026-01-29 08:45:00,330.08,279.89,103170,101959,10575.5085,9201.05
2026-01-29 09:00:00,330.99,279.81,103915,102542,10853.0793,9737.93
2026-01-29 09:15:00,319.79,276.47,104580,104035,11352.4029,10396
2026-01-29 09:30:00,318.7,283.6,105090,104080,11957.438,10945.6
2026-01-29 09:45:00,315.79,282.01,105040,104290,12710.7563,11489.8
2026-01-29 10:00:00,292.68,279.4,104145,102695,13045.3428,12032
2026-01-29 10:15:00,284.64,250.39,102670,101940,13325.0791,12522.1
2026-01-29 10:30:00,269.11,267.95,99075,98570.602,13664.5937,12979.7
2026-01-29 10:45:00,265.69,250.14,98240,99376.5,13612.7559,13409.5
2026-01-29 11:00:00,268.68,253.47,97725,98254.297,13845.0303,13812.3
2026-01-29 11:15:00,272.93,249.76,96965,98266.797,13590.5654,14180.3
2026-01-29 11:30:00,274.73,278.67,96350,98280.297,13650.8237,14487
2026-01-29 11:45:00,263.51,266.64,94790,95797.203,13876.8511,14729.5
2026-01-29 12:00:00,263.28,219.64,91290,93238.102,14107.8926,14907.5
2026-01-29 12:15:00,179.98,151.33,86085,87648,13450.1939,15192.7
2026-01-29 12:30:00,265.39,169.49,88855,90589.602,14162.1333,15238.2
2026-01-29 12:45:00,243.97,107.72,88410,89789.703,14385.585,15230.6
2026-01-29 13:00:00,229.51,50.44,87770,88538.398,14055.7334,15182
2026-01-29 13:15:00,219.25,72.32,87675,89684.203,14103.1093,15103
2026-01-29 13:30:00,218.8,126.3,88860,90133.5,13899.3095,14961.6
2026-01-29 13:45:00,262.55,91.74,91265,92591.5,13613.2451,14796.4
2026-01-29 14:00:00,281.34,258.32,94265,94722.398,13461.105,14569
2026-01-29 14:15:00,254.94,207.06,94455,93732.102,13081.7422,14380.8
2026-01-29 14:30:00,259.6,149.48,92490,91263.297,13131.4907,14068.9
2026-01-29 14:45:00,271.34,59.5,93445,92771.398,12887.6665,13712.9
2026-01-29 15:00:00,263.72,180.27,94090,92672.5,12586.2725,13327.3
2026-01-29 15:15:00,272.12,186.26,95495,93986.602,12224.2558,12788.6
2026-01-29 15:30:00,270.63,229.88,95890,93606.398,11902.7524,12333.3
2026-01-29 15:45:00,277.64,98.09,97520,95150.297,11612.719,11890.1
2026-01-29 16:00:00,273.35,295.56,99180,96614.398,11311.8399,11414
2026-01-29 16:15:00,460.87,238,101355,98221.398,10895.8785,10910.2
2026-01-29 16:30:00,288.56,286.34,103515,100919,10413.0554,10357.3
2026-01-29 16:45:00,295.98,382.6,105660,103280,10138.8897,9836.95
2026-01-29 17:00:00,292.27,376.88,107335,105165,9624.4927,9320.61
2026-01-29 17:15:00,294.21,347.82,108985,106467,9489.9712,9038.7
2026-01-29 17:30:00,300.36,348.54,110645,108157,9334.6217,8592.74
2026-01-29 17:45:00,301.65,306.83,109455,105913,8643.3005,8190.89
2026-01-29 18:00:00,309.22,352.96,109855,106667,8375.2949,7864.08
2026-01-29 18:15:00,307.59,297.12,110505,108370,8342.9655,7703.06
2026-01-29 18:30:00,344.99,419,113350,111322,8151.6193,7614.52
2026-01-29 18:45:00,353.68,317.52,115370,114017,8156.5927,7666.12
2026-01-29 19:00:00,381.83,377.73,116195,115245,8143.3396,7749.75
2026-01-29 19:15:00,328.62,340.72,116165,115071,8566.1712,7822.3
2026-01-29 19:30:00,413.42,353.93,119000,117876,8593.1699,7868.27
2026-01-29 19:45:00,359.73,365.55,118745,117530,8698.984,7917.43
2026-01-29 20:00:00,355.02,358.56,117895,116789,8571.0506,7963.43
2026-01-29 20:15:00,348.91,319.63,116515,115320,8426.3681,8170.03
2026-01-29 20:30:00,343.11,295.1,116200,114855,8446.0573,8221.54
2026-01-29 20:45:00,351.59,316.61,116280,114926,8492.1778,8258.42
2026-01-29 21:00:00,351.35,313.07,115560,113678,8516.8869,8279.65
2026-01-29 21:15:00,349.38,298.83,113970,112394,8537.3613,8239.07
2026-01-29 21:30:00,349.39,305.59,112855,111308,8502.7117,8227.06
2026-01-29 21:45:00,348.69,302.36,111100,110209,8391.2808,8218.22
2026-01-29 22:00:00,326.59,307.02,109750,107793,8453.7479,8206.55
2026-01-29 22:15:00,320.37,275.48,107285,106113,8345.5819,7941.55
2026-01-29 22:30:00,321.57,285.95,105135,103357,8155.6911,7871.7
2026-01-29 22:45:00,321.51,265.1,103145,101342,8117.0415,7859.44
2026-01-29 23:00:00,307.52,274.07,100515,99089.797,8035.4323,7837.18
2026-01-29 23:15:00,302.4,275,97730,96091,7896.6162,7573.3
2026-01-29 23:30:00,284.12,267.95,94785,92655.398,7796.5708,7515.44
2026-01-29 23:45:00,282.3,257,92480,90611.602,7726.9732,7467.55
2026-01-30 00:00:00,276.02,260,90330,88503,7696.5532,7405.49
2026-01-30 00:15:00,263.76,263.76,86265,88800.398,7577.6432,7404.3
2026-01-30 00:30:00,321.06,319.7,94370,97039.203,7569.2195,6877.55
2026-01-30 00:45:00,326.38,311.98,93745,95765.203,7607.0393,6844.17
2026-01-30 01:00:00,314.19,303.94,91435,93819.602,7687.0102,6803.55
2026-01-30 01:15:00,312.47,316.97,89690,92015.398,7657.4295,6784.13
2026-01-30 01:30:00,304.62,290.94,88085,91316.297,7415.9177,6749.14
2026-01-30 01:45:00,299.92,265,86615,89356.703,7397.9794,6713.57
2026-01-30 02:00:00,299.55,265,85340,88235.398,7434.1605,6673.56
2026-01-30 02:15:00,292.01,262,83910,86793.602,7447.7338,6650.99
2026-01-30 02:30:00,285.42,255.5,83335,85908,7463.1491,6616.6
2026-01-30 02:45:00,283.1,256.79,82065,85149.797,7296.0921,6595.65
2026-01-30 03:00:00,280.3,252.33,81515,83998.703,7331.2844,6579.62
2026-01-30 03:15:00,277,257,80620,83080.602,7518.5087,6558.87
2026-01-30 03:30:00,275.3,255,79700,82258.5,7351.9183,6556.78
2026-01-30 03:45:00,275,255,79040,81885.898,7229.5398,6561.69
2026-01-30 04:00:00,274.05,256,78600,81251,6835.2564,6567.14
2026-01-30 04:15:00,275,253,77585,80553.602,7355.942,6587.42
2026-01-30 04:30:00,270,260,77115,79416.898,7462.1259,6596.74
2026-01-30 04:45:00,270,260,76625,79314.703,7611.9157,6611.29
2026-01-30 05:00:00,270,258.76,76625,78210.398,7749.9932,6629.56
2026-01-30 05:15:00,269,262.69,76500,78758.602,7684.8555,6611.83
2026-01-30 05:30:00,270.3,260,77265,79164,7732.1189,6635.97
2026-01-30 05:45:00,270.3,257,77640,79282.703,7750.947,6671.29
2026-01-30 06:00:00,275,262,78445,80900.5,7894.0167,6704.98
2026-01-30 06:15:00,275.84,262,79840,81149.898,7981.9837,6737.35
2026-01-30 06:30:00,280.1,267.03,81515,82904.898,7962.7366,6774.37
2026-01-30 06:45:00,283.1,270.67,83125,83690.5,8051.5708,6811.09
2026-01-30 07:00:00,290.97,280.09,85010,84848.5,7836.33,6859.13
2026-01-30 07:15:00,291.29,280,86685,86796.102,7811.9898,6875.97
2026-01-30 07:30:00,305.59,302.48,89290,89181.297,7689.1692,6976.6
2026-01-30 07:45:00,320.04,285,90995,92569.203,7715.386,7109.05
2026-01-30 08:00:00,324.01,381.3,92565,94072.203,7715.7201,7351.31
2026-01-30 08:15:00,339.52,338.71,95740,97917.398,7752.4522,7654.45
2026-01-30 08:30:00,373.26,380,99690,101570,8086.2219,8001.57
2026-01-30 08:45:00,394.69,395.69,101980,104202,8317.5608,8382.3
2026-01-30 09:00:00,404.86,388.17,103290,105282,8702.7966,8781.08
2026-01-30 09:15:00,415.35,409.18,104455,106439,9062.662,9317.63
2026-01-30 09:30:00,422.84,497.52,105395,107124,9406.2968,9702.49
2026-01-30 09:45:00,414.12,435.76,106260,107719,9643.1172,10081
2026-01-30 10:00:00,374.13,363.51,105815,106962,9849.2803,10454.5
2026-01-30 10:15:00,359.21,472.28,104250,106143,10213.2498,10763
2026-01-30 10:30:00,306.36,338.59,101840,102948,10591.5674,11112.3
2026-01-30 10:45:00,291.06,296,101695,103070,10851.2558,11440.1
2026-01-30 11:00:00,290.08,281.58,100905,102470,11191.8862,11728
2026-01-30 11:15:00,294.63,295.56,100610,101515,11621.0469,11900.5
2026-01-30 11:30:00,304.51,289.59,99890,101219,11873.6152,12065.2
2026-01-30 11:45:00,291.83,284.39,98945,100007,11989.2651,12196.2
2026-01-30 12:00:00,285.95,290.24,95320,98377.703,12054.3139,12270.1
2026-01-30 12:15:00,267.07,282.29,90910,92309.297,12033.2114,12352.2
2026-01-30 12:30:00,277.28,319.05,92825,94677.797,12065.562,12371.4
2026-01-30 12:45:00,277.27,291.44,92190,94001.102,11909.6656,12342
2026-01-30 13:00:00,274.64,284.15,91450,94103.203,11738.3823,12265.9
2026-01-30 13:15:00,275.06,259.71,92080,93530.797,11397.8876,12160
2026-01-30 13:30:00,279.18,269.02,92550,94913.602,10975.2309,12009.2
2026-01-30 13:45:00,284.73,305.67,94805,97109.797,10739.6123,11819.1
2026-01-30 14:00:00,294.91,306.46,97515,99381.5,10237.0796,11585.8
2026-01-30 14:15:00,282.31,296.99,97115,99108.797,9904.8955,11302.9
2026-01-30 14:30:00,282.96,268.46,95580,96391.797,9494.3804,11036.2
2026-01-30 14:45:00,281.06,278.4,96145,96913,9061.396,10743.3
2026-01-30 15:00:00,281.22,292.49,96770,98326.703,8609.9099,10439.2
2026-01-30 15:15:00,282.84,289.44,97335,98754.898,8075.4768,10108
2026-01-30 15:30:00,283.45,293.69,97875,99017.5,7687.9136,9770.76
2026-01-30 15:45:00,283.23,283.22,98825,99604.703,7167.3699,9412.03
2026-01-30 16:00:00,288.34,294.15,100320,101099,6637.6985,9039.77
2026-01-30 16:15:00,289.29,300.27,101705,102517,6198.4934,8665.47
2026-01-30 16:30:00,297.9,303.88,103405,104043,5790.6411,8290.38
2026-01-30 16:45:00,308.76,361.36,104985,106401,5430.4404,7861.4
2026-01-30 17:00:00,334.44,416.66,106160,107615,5072.7566,7447.2
2026-01-30 17:15:00,389.06,507.63,107520,108907,4685.2204,7083.81
2026-01-30 17:30:00,431.63,611.63,108495,110110,4389.765,6736.86
2026-01-30 17:45:00,427.63,368.69,107215,108526,4286.9468,6405.54
2026-01-30 18:00:00,429.34,559.95,106920,109315,4058.2069,6154.54
2026-01-30 18:15:00,463.83,776.46,108495,109930,3762.8385,6124.87
2026-01-30 18:30:00,494.4,843.11,110490,112169,3845.2845,6066.63
2026-01-30 18:45:00,553.14,410.73,112385,114120,3766.4803,6087.2
2026-01-30 19:00:00,513.89,499.88,112745,114942,3623.0854,6137.9
2026-01-30 19:15:00,425.94,639.79,113235,115257,3574.3757,6193.81
2026-01-30 19:30:00,612.6,866.43,116500,117539,3286.12,6236.28
2026-01-30 19:45:00,499.35,360.18,116240,117369,3098.5423,6265.4
2026-01-30 20:00:00,500.16,884.71,114840,116510,3467.4462,6284.74
2026-01-30 20:15:00,505.7,517.48,113585,114986,3574.558,6298.8
2026-01-30 20:30:00,429.51,553.04,113165,115325,3655.1412,6305.09
2026-01-30 20:45:00,528.11,1066.52,113095,114915,3861.3847,6311.42
2026-01-30 21:00:00,542.12,830.59,112115,113994,4201.9881,6306.2
2026-01-30 21:15:00,495.53,525.82,111070,111559,4416.0505,6263.27
2026-01-30 21:30:00,473.4,446.38,110160,109939,4528.3927,6235.21
2026-01-30 21:45:00,467.92,407.32,108625,108932,4725.9424,6249.3
2026-01-30 22:00:00,465.74,379.59,107295,107077,4860.9064,6223.7
2026-01-30 22:15:00,432.28,328.97,105270,105066,4868.6618,5939.53
2026-01-30 22:30:00,416.15,330,103315,103214,4898.4673,5916.12
2026-01-30 22:45:00,415.95,399.9,100870,101048,4857.9041,5890.85
2026-01-30 23:00:00,382,310,98565,99200.797,4884.5665,5865.86
2026-01-30 23:15:00,335.48,320.01,96190,97214.898,4965.3708,5801.73
2026-01-30 23:30:00,314.17,319,93395,94261.703,5213.2659,5768.22
2026-01-30 23:45:00,318.48,314,91295,92664.5,5272.7992,5740.39
2026-01-31 00:00:00,294.79,290,87780,88483.102,5495.3082,5704.93
2026-01-31 00:15:00,280,269,86720,89246.398,5583.7409,5565.51
2026-01-31 00:30:00,372.62,429.36,95435,97982.797,5606.472,5722.02
2026-01-31 00:45:00,349.71,341.78,94645,96558.297,5826.1932,5698.94
2026-01-31 01:00:00,326.89,335.19,92430,94609.602,5901.9308,5673.18
2026-01-31 01:15:00,314.37,324.42,90270,93753.898,5850.2042,5655.76
2026-01-31 01:30:00,305.35,324.07,89015,91649.102,5885.1931,5615.12
2026-01-31 01:45:00,291.2,283.56,87510,89300.102,5812.3362,5576.84
2026-01-31 02:00:00,280.3,280,86080,88227.898,5825.3245,5537.47
2026-01-31 02:15:00,280,279.98,84970,86390.898,5880.5564,5507.34
2026-01-31 02:30:00,256.58,280,83705,85891.102,5892.0016,5456.67
2026-01-31 02:45:00,275,275,82830,84265.398,5900.2132,5414.94
2026-01-31 03:00:00,273,270.3,81645,83441.102,5923.3125,5378.01
2026-01-31 03:15:00,270,265.3,80485,82051.602,5933.061,5297.31
2026-01-31 03:30:00,265,260.3,79475,81245.703,5951.4081,5282.24
2026-01-31 03:45:00,262,257,78945,79984.703,6022.4094,5278.28
2026-01-31 04:00:00,260.1,255.4,78040,79464.398,6172.1016,5280.79
2026-01-31 04:15:00,260,251,77460,78566,6231.8104,5280.41
2026-01-31 04:30:00,258,260,76745,79751.602,6197.1541,5276.85
2026-01-31 04:45:00,255.21,260,76430,78923,6193.6218,5269.13
2026-01-31 05:00:00,254,257,75560,78839.398,5924.0485,5257.82
2026-01-31 05:15:00,254.19,262,75500,78383.5,6174.7957,5231.75
2026-01-31 05:30:00,254,260,75615,79077.297,6271.3721,5253.22
2026-01-31 05:45:00,253.3,260,75735,78165.703,6270.3679,5290.73
2026-01-31 06:00:00,255.1,260.4,76770,78208.398,6356.1427,5322.74
2026-01-31 06:15:00,255.1,260,77520,78628.297,6538.0213,5415.7
2026-01-31 06:30:00,255.4,260,78630,79229.102,6549.2523,5457.33
2026-01-31 06:45:00,257.59,264.97,79975,80980.602,6485.5428,5505.73
2026-01-31 07:00:00,258.18,260.4,81245,82567.102,6578.9989,5554.54
2026-01-31 07:15:00,260,265,83170,83415.398,6652.7786,5720.88
2026-01-31 07:30:00,260,262,85305,85842.102,6769.4946,5874.46
2026-01-31 07:45:00,265.3,267,87145,87796.297,6855.058,6021.79
2026-01-31 08:00:00,272,270.3,88980,90652.797,7014.6379,6271.53
2026-01-31 08:15:00,275,295,91175,93072.602,7113.2632,6625.6
2026-01-31 08:30:00,290.4,293.04,95480,97662.602,7339.0746,7032.31
2026-01-31 08:45:00,308.79,306.13,97520,99373.898,7562.636,7474.58
2026-01-31 09:00:00,313.45,300.43,98600,100610,7692.399,7891.55
2026-01-31 09:15:00,327.68,323.84,99745,101899,7594.1736,8444.57
2026-01-31 09:30:00,330.36,324.73,100870,102873,7666.5763,8887.18
2026-01-31 09:45:00,330.34,325.21,101325,104690,7773.1589,9304.96
2026-01-31 10:00:00,323.27,347.11,101630,104561,7982.7991,9704.88
2026-01-31 10:15:00,318.18,361.03,100520,104467,8363.9565,10080.9
2026-01-31 10:30:00,302.97,325.94,98780,101776,8668.7915,10415.2
2026-01-31 10:45:00,290.85,292.33,98095,102337,8931.254,10735.2
2026-01-31 11:00:00,288.4,337.38,98140,102484,9235.6111,11034.2
2026-01-31 11:15:00,284.79,306.56,97955,100855,9344.7986,11250.1
2026-01-31 11:30:00,281.67,305.64,97710,100705,9205.0827,11473.2
2026-01-31 11:45:00,284.44,280.65,96870,99258,9106.8667,11623.6
2026-01-31 12:00:00,270.27,279.16,93785,97366.203,9029.1287,11747
2026-01-31 12:15:00,225.53,93.7,88790,93801.297,9004.7889,11857
2026-01-31 12:30:00,267.21,287.34,90485,97433.797,9322.1783,11899.8
2026-01-31 12:45:00,262.97,277.49,90000,95522.898,9277.2317,11893.1
2026-01-31 13:00:00,262.48,272.15,89795,95470.297,9377.0235,11851.4
2026-01-31 13:15:00,264.16,294.41,90285,94859.602,9610.1193,11724.3
2026-01-31 13:30:00,270.12,257.46,90970,95759,9649.6997,11635.7
2026-01-31 13:45:00,273.79,278.54,93465,97945.297,9727.6948,11459.7
2026-01-31 14:00:00,283.39,295.56,95455,99933.203,9853.7847,11289
2026-01-31 14:15:00,340.43,259.98,94470,98996.398,9934.7202,11110.2
2026-01-31 14:30:00,276.29,274.97,92485,94200.398,10169.7791,10883.1
2026-01-31 14:45:00,276.92,208.1,92525,93913.5,10477.3765,10622.9
2026-01-31 15:00:00,274.16,210.01,92870,93423.703,10734.5276,10368.5
2026-01-31 15:15:00,273.45,210.88,93250,93799.398,10388.9467,10061.3
2026-01-31 15:30:00,273.57,263.68,93935,92881,10424.3245,9748.06
2026-01-31 15:45:00,274.54,249.95,94920,93289.102,10576.8638,9389.64
2026-01-31 16:00:00,273.59,108.1,95675,92486.703,10718.3626,9005.29
2026-01-31 16:15:00,274.41,208.24,97150,94768.102,10582.5752,8566.22
2026-01-31 16:30:00,280.21,264.98,98675,95727.602,10235.8653,8123.16
2026-01-31 16:45:00,282.33,262.34,100365,97972.797,10053.1687,7670.09
2026-01-31 17:00:00,287.61,268.41,101550,100007,9481.2675,7232.44
2026-01-31 17:15:00,297.1,318.28,102845,101364,8954.0822,6837.03
2026-01-31 17:30:00,321.63,320,103975,102821,8300.0644,6468.59
2026-01-31 17:45:00,321.89,315,103395,101880,8244.705,6111.07
2026-01-31 18:00:00,325.88,349.32,103240,102884,8117.8153,5859.45
2026-01-31 18:15:00,218.07,309,104830,103665,7915.2019,5767.13
2026-01-31 18:30:00,240.63,315,107320,106604,8074.2698,5817.79
2026-01-31 18:45:00,235,319.9,108355,107977,8230.7332,5959.97
2026-01-31 19:00:00,329.98,315,108990,109192,8310.4615,6126
2026-01-31 19:15:00,222.57,319,109390,108843,8415.0349,6326.9
2026-01-31 19:30:00,300.97,353.9,110420,111051,8478.624,6504.19
2026-01-31 19:45:00,366.35,318.19,112000,111387,8526.3224,6663.04
2026-01-31 20:00:00,310.33,337,111390,110985,8416.0119,6829.04
2026-01-31 20:15:00,223.13,317.66,109625,108061,8155.3589,6936.46
2026-01-31 20:30:00,241.88,319,108755,109342,8209.3916,7073.06
2026-01-31 20:45:00,205.78,324,108675,108573,8147.2799,7217.49
2026-01-31 21:00:00,255.89,-10.96,107960,108059,8028.264,7348.03
2026-01-31 21:15:00,231.85,178.04,106375,107109,8380.0318,7414.94
2026-01-31 21:30:00,182.61,236.82,105585,106191,8281.7322,7532.07
2026-01-31 21:45:00,171.02,242.32,104235,105068,8339.642,7626.94
2026-01-31 22:00:00,177.39,248,102890,104020,8407.364,7735.34
2026-01-31 22:15:00,195.65,245,101305,102364,8303.9291,7649.04
2026-01-31 22:30:00,219.5,248,99070,100382,8364.5971,7745.54
2026-01-31 22:45:00,197.53,240.63,97330,99526.703,8568.2852,7840.19
2026-01-31 23:00:00,211.95,272.2,95130,96943.398,8573.6965,7938.56
2026-01-31 23:15:00,235.7,250.12,91880,93551.297,8788.4541,7957.81
2026-01-31 23:30:00,211.21,240,89105,91914.797,8975.7286,8036.79
2026-01-31 23:45:00,210.82,246,86840,89102.5,9045.6083,8110.09
2026-02-01 00:00:00,211.85,248,84765,87304.703,9236.1717,8177.16
2026-02-01 00:15:00,230.93,275,85455,86936.398,9319.767,8248.58
2026-02-01 00:30:00,236.9,-50,93690,94812.203,9239.4105,9195.37
2026-02-01 00:45:00,237.89,232.17,93165,92714.703,8913.583,9239.06
2026-02-01 01:00:00,182.49,-50,90680,91063.398,9660.6687,9304.61
2026-02-01 01:15:00,193.62,-50,89205,88664.797,9673.6938,9337.13
2026-02-01 01:30:00,178.2,-50,86915,86744.398,9571.2166,9368.59
2026-02-01 01:45:00,191.86,-50,85605,85237,9681.8235,9410.29
2026-02-01 02:00:00,168.03,-50,84215,83436.602,9638.595,9413.7
2026-02-01 02:15:00,198.03,245.98,82185,81151.203,9781.4473,9307.35
2026-02-01 02:30:00,182.71,243.49,81300,80964.398,9656.608,9307.16
2026-02-01 02:45:00,203.54,-50,80060,80534.398,9664.4482,9322.92
2026-02-01 03:00:00,133.6,-50,79090,79023.703,9745.6916,9336.42
2026-02-01 03:15:00,133.81,-50,78095,78422.102,9810.9356,9334.88
2026-02-01 03:30:00,177.59,-50,77210,77539.398,9968.078,9278.88
2026-02-01 03:45:00,184.39,-50,76400,77790.398,9635.3976,9008.33
2026-02-01 04:00:00,186.11,-50,75515,76687.703,9548.0206,8716.07
2026-02-01 04:15:00,181.28,-50,75305,76104.398,9486.4248,8735.27
2026-02-01 04:30:00,174.74,-50,74735,75371.398,9359.228,8761.75
2026-02-01 04:45:00,178.77,-50,74125,74826.398,9359.5606,8771.46
2026-02-01 05:00:00,169.16,-50,73930,74256.297,9230.8165,8764.11
2026-02-01 05:15:00,133.01,145.61,73500,73835.398,9234.6337,8700.4
2026-02-01 05:30:00,133.04,-50,73675,74830.5,9054.3409,8673.78
2026-02-01 05:45:00,181.24,-50,73995,74736.898,9129.9977,8655.08
2026-02-01 06:00:00,183.76,-50,74110,75373.102,9177.1003,8634.79
2026-02-01 06:15:00,241,-50,74550,75755.5,8915.7305,8671.1
2026-02-01 06:30:00,239.06,-8.23,75240,76846.398,9020.7137,8647.38
2026-02-01 06:45:00,233.48,14.68,76330,77681.398,8960.5768,8634.21
2026-02-01 07:00:00,247,70.17,77320,78910.898,8851.0788,8613.64
2026-02-01 07:15:00,247,0.33,78530,80170.797,8836.5965,8620.87
2026-02-01 07:30:00,247,-49.08,80400,81871.602,8793.3366,8693.4
2026-02-01 07:45:00,246.77,234.58,81845,83724.703,8753.2511,8854.9
2026-02-01 08:00:00,248,-50,82660,84750.797,8698.0135,9173.12
2026-02-01 08:15:00,245.47,6.37,83560,87173.5,8750.2943,9639.3
2026-02-01 08:30:00,226.39,346.5,85605,90108.203,8800.3305,10180
2026-02-01 08:45:00,222.93,344.81,86720,90560.898,9043.1484,10787.9
2026-02-01 09:00:00,210.5,96.94,87230,91128.102,9349.0839,11449.8
2026-02-01 09:15:00,238.68,167.17,88105,91704.797,9664.3992,12282.8
2026-02-01 09:30:00,244.88,30.78,88375,92886.797,9913.5425,12964.3
2026-02-01 09:45:00,246.45,246.09,88365,92702.398,10231.4409,13664.1
2026-02-01 10:00:00,249.37,73.69,88405,91983.703,10241.7691,14348.6
2026-02-01 10:15:00,246.02,329.55,86495,90204.102,10555.988,15122.6
2026-02-01 10:30:00,252.92,299.81,83415,88303,10790.6861,15727.6
2026-02-01 10:45:00,260.09,307.15,83320,87668.602,10731.3091,16288.6
2026-02-01 11:00:00,266.52,294.67,83010,87250.602,11002.2886,16783.5
2026-02-01 11:15:00,258.7,298.39,83050,86088.703,11167.7529,17118.301
2026-02-01 11:30:00,245.44,287.7,82865,85744.898,11327.8555,17459.9
2026-02-01 11:45:00,214.96,265.18,81185,82493.797,11289.4595,17712
2026-02-01 12:00:00,159.38,254.83,78875,80351.398,11024.1674,17880.1
2026-02-01 12:15:00,4.98,44.89,75155,74619.297,10549.9424,18014.4
2026-02-01 12:30:00,172.05,198.79,77460,77670,10766.6158,18028.199
2026-02-01 12:45:00,179.32,236.43,78105,77118.297,10776.1187,17961.5
2026-02-01 13:00:00,58.33,260,77470,76750.297,10581.759,17812.6
2026-02-01 13:15:00,140.89,56.85,77770,75451.602,10348.9746,17608.199
2026-02-01 13:30:00,80.22,259.08,78070,76103.5,10933.9968,17360.699
2026-02-01 13:45:00,173.26,188.46,79000,77411.602,10667.2138,17045.801
2026-02-01 14:00:00,222.58,270.35,81030,78980.203,10534.9995,16660.9
2026-02-01 14:15:00,84.5,209.12,80205,77547.102,10340.1416,16273.2
2026-02-01 14:30:00,83.94,-31.18,78820,75520.398,10082.404,15761.8
2026-02-01 14:45:00,85.01,47.76,79185,76837.898,9854.051,15196.7
2026-02-01 15:00:00,79.78,50.88,79880,78198.703,9554.5474,14575.2
2026-02-01 15:15:00,104.36,132.03,80600,79509.703,9293.2485,13859.8
2026-02-01 15:30:00,215.04,35.29,81735,78959,8871.7227,13055.7
2026-02-01 15:45:00,230.44,48.3,83025,80644.203,8306.5874,12275.1
2026-02-01 16:00:00,256.45,228.2,84520,82241.203,7777.3452,11387.8
2026-02-01 16:15:00,258.72,258,86630,85617.203,7206.0833,10448.9
2026-02-01 16:30:00,263,278.69,89225,87746,6676.8716,9447.83
2026-02-01 16:45:00,279.46,313.04,91495,89933.398,6062.0666,8502.73
2026-02-01 17:00:00,256.87,292.85,93835,92067.5,5538.3616,7604.8
2026-02-01 17:15:00,255.38,300.3,95560,93685.602,5011.7178,6825.57
2026-02-01 17:30:00,277.16,330,97300,96058.602,4591.1551,6106.94
2026-02-01 17:45:00,297.94,320,97545,95981.398,4276.2176,5454.42
2026-02-01 18:00:00,325.3,330,98170,96098.602,4047.7896,4950.78
2026-02-01 18:15:00,418.09,324.99,99310,97207.297,3973.5458,4540.22
2026-02-01 18:30:00,378.36,390,100540,98801.898,3861.8917,4458.05
2026-02-01 18:45:00,437.5,359.99,101470,100241,3899.7204,4508.02
2026-02-01 19:00:00,423.92,305.88,100980,100925,4077.5659,4601.49
2026-02-01 19:15:00,337.16,266.77,101665,101272,3937.7899,4725.21
2026-02-01 19:30:00,500.39,471.38,103595,103966,4033.7661,4833.4
2026-02-01 19:45:00,413.16,-50,104000,104036,4053.5809,4930.16
2026-02-01 20:00:00,400.54,210.5,103300,103737,4000.787,5022
2026-02-01 20:15:00,382.27,850.64,102570,102645,4023.9559,5118.06
2026-02-01 20:30:00,396.74,696.87,102690,102419,4134.8613,5196.55
2026-02-01 20:45:00,387.74,-50,102910,103459,4348.7981,5278.73
2026-02-01 21:00:00,398.73,700,102430,103859,4437.006,5355.81
2026-02-01 21:15:00,500.66,1260.14,101785,102637,4441.1662,5424.28
2026-02-01 21:30:00,393.64,723.4,100710,102184,4516.2171,5488.95
2026-02-01 21:45:00,507.81,761.8,99710,101470,4592.1822,5554.5
2026-02-01 22:00:00,465.57,680.56,98345,100626,4634.0839,5616.56
2026-02-01 22:15:00,376.31,1217.51,96465,98804.203,4400.7034,5520
2026-02-01 22:30:00,364.31,790.89,94745,96683.297,4111.5675,5559.41
2026-02-01 22:45:00,365.8,436.34,92480,95519.398,4536.9671,5589.91
2026-02-01 23:00:00,327.95,644.14,90305,92551,4844.5985,5633.56
2026-02-01 23:15:00,315.92,230.16,87855,90807.898,4772.1279,5553.76
2026-02-01 23:30:00,301.35,-50,85630,87339.297,5041.4075,5589.07
2026-02-01 23:45:00,288,209.72,83695,85147.797,5384.4657,5610.98
2026-02-02 00:00:00,280,292.03,81460,83227.102,5940.4776,5634.7
2026-02-02 00:15:00,283,269,82870,82772.398,6383.3238,6021.36
2026-02-02 00:30:00,319.83,358.91,88960,91406.102,6647.417,5708.27
2026-02-02 00:45:00,317.88,312.58,88565,88656,6686.496,5796.77
2026-02-02 01:00:00,313.27,282,86340,87233.5,6848.5078,5894.43
2026-02-02 01:15:00,305.44,288,84260,84280.398,6792.3274,6004.07
2026-02-02 01:30:00,300.84,270,82270,83768.203,6833.3511,6092.83
2026-02-02 01:45:00,288.82,280,80190,82021.797,7002.3701,6182.07
2026-02-02 02:00:00,284,276.1,79015,81421.203,7032.1533,6285.25
2026-02-02 02:15:00,280,273.3,77660,79610.703,7277.3743,6382.26
2026-02-02 02:30:00,275.3,270,76395,79646.203,7597.6575,6464.14
2026-02-02 02:45:00,272,270,75490,77470.602,7714.6187,6543.58
2026-02-02 03:00:00,270.2,220,74495,76802.297,7706.7622,6621.53
2026-02-02 03:15:00,270.3,260,74045,75391.297,7642.8097,6696.72
2026-02-02 03:30:00,270,258,73165,74627.102,7714.213,6759.45
2026-02-02 03:45:00,266.85,255.5,72840,73950.102,7767.4868,6811.05
2026-02-02 04:00:00,265,257,71855,73155.398,7972.43,6861.11
2026-02-02 04:15:00,265,255,71505,72120.398,8086.2615,6926.2
2026-02-02 04:30:00,265,255,71155,72818.398,8057.9076,6973.72
2026-02-02 04:45:00,260,255,70325,70990.898,8006.0714,6969.03
2026-02-02 05:00:00,260.3,200,70420,71352.398,8135.2465,7005.47
2026-02-02 05:15:00,260,250.4,70000,70869.898,8151.7904,7013.94
2026-02-02 05:30:00,260,237.2,70295,71283.5,8130.6474,7034.38
2026-02-02 05:45:00,260.1,253.3,71100,71828.5,8121.9728,7054.17
2026-02-02 06:00:00,265,256.1,71755,73054,8034.3879,7074.73
2026-02-02 06:15:00,269.9,260,73620,73667.297,7894.5774,7068.18
2026-02-02 06:30:00,270.3,265,75235,75895.703,7737.0251,7086.15
2026-02-02 06:45:00,275.17,270,77225,76708.102,7505.0901,7108.26
2026-02-02 07:00:00,279.84,270,79330,79047.703,7316.3122,7129.67
2026-02-02 07:15:00,283.73,275,81260,80595.398,7174.3591,7179.32
2026-02-02 07:30:00,299.53,270.1,84615,83590.703,7081.2212,7365.34
2026-02-02 07:45:00,303.82,276.17,86550,85212.797,7304.2262,7549.98
2026-02-02 08:00:00,305.06,280,87705,87203,7561.393,8055.08
2026-02-02 08:15:00,315.2,287.78,90965,91095.797,7860.8197,8745.25
2026-02-02 08:30:00,324.87,331.8,94880,94776.203,8360.4012,9516.44
2026-02-02 08:45:00,326.54,326.61,96660,96566.602,8418.3096,10379.7
2026-02-02 09:00:00,325.92,367.83,97355,97088.5,9074.7913,11324.7
2026-02-02 09:15:00,327.61,364.53,98025,97098,9693.2651,12555.6
2026-02-02 09:30:00,322.17,324.42,98070,96957.797,10221.6499,13521.1
2026-02-02 09:45:00,320.64,282.27,98600,95411.398,11167.4956,14464
2026-02-02 10:00:00,317.65,266.57,98515,94869.602,11599.0444,15362.3
2026-02-02 10:15:00,309.33,267.44,96180,91856.203,12219.2085,16183.7
2026-02-02 10:30:00,298.56,266.51,93930,87549.5,12670.0395,16929.5
2026-02-02 10:45:00,283.12,276.38,92405,87219.602,13067.9864,17603
2026-02-02 11:00:00,281.9,273.47,92260,86472.898,13466.3824,18201.6
2026-02-02 11:15:00,282.71,272.2,91495,85742.703,13682.4497,18514.4
2026-02-02 11:30:00,277.9,274.91,90600,84942.797,13162.7119,18884.301
2026-02-02 11:45:00,272.9,260.35,89530,83497,13242.8896,19129.801
2026-02-02 12:00:00,267.72,286.41,86705,80764.297,13138.7334,19300.1
2026-02-02 12:15:00,243.94,213.81,81570,76314.602,13125.3741,19347.9
2026-02-02 12:30:00,266.65,274.55,83950,79748.797,13118.2578,19421.301
2026-02-02 12:45:00,252.41,246.45,83090,77199.398,12057.7593,19326.1
2026-02-02 13:00:00,259.72,158.95,82510,77211.398,12745.3403,19249
2026-02-02 13:15:00,256.49,227.01,82550,76054.102,12855.8047,19016.801
2026-02-02 13:30:00,260.97,217,83625,77572.797,12744.4231,18729.301
2026-02-02 13:45:00,267,317.12,86020,79635.703,12629.3111,18415.6
2026-02-02 14:00:00,272.21,265.85,89100,82215.602,12254.1072,18016
2026-02-02 14:15:00,262.99,6.39,88095,82064.797,11712.5603,17410.1
2026-02-02 14:30:00,255.16,16.48,86545,79297.797,11114.425,16883.301
2026-02-02 14:45:00,247.02,24.43,86715,80141.203,10783.2999,16278.9
2026-02-02 15:00:00,248.36,48.26,87385,80748.5,10515.2634,15591
2026-02-02 15:15:00,245.47,6.69,88035,82122.398,10529.8594,14788.8
2026-02-02 15:30:00,257.39,-48.81,88760,82687.398,10312.6465,13941.2
2026-02-02 15:45:00,259.18,-0.08,90460,84661.602,10016.6692,13043.5
2026-02-02 16:00:00,268.13,229.18,92700,86593.797,9391.8218,12081.3
2026-02-02 16:15:00,272.5,249.51,95010,90300.297,8740.554,11042.2
2026-02-02 16:30:00,289.67,309.23,97525,92840.203,8140.6267,9937.03
2026-02-02 16:45:00,307.79,276.35,100060,95829,7406.6279,8877.65
2026-02-02 17:00:00,329.74,286.51,102185,97950.102,6566.3096,7848.22
2026-02-02 17:15:00,332.08,274.81,103945,99989.5,5718.0815,6901.72
2026-02-02 17:30:00,364.68,285,105080,102057,5057.3575,6091.12
2026-02-02 17:45:00,368.52,280,104870,100602,4498.8091,5343.76
2026-02-02 18:00:00,462.8,285,105125,101591,4105.7865,4777.04
2026-02-02 18:15:00,473.25,290.03,106820,102804,3802.8695,4431.56
2026-02-02 18:30:00,508.44,297.06,109255,106248,3711.7925,4363.75
2026-02-02 18:45:00,543.7,294.96,111520,108983,3686.4946,4447.92
2026-02-02 19:00:00,704.98,307,112320,109871,3803.74,4576.52
2026-02-02 19:15:00,653.17,296,113035,110158,3928.1071,4735.48
2026-02-02 19:30:00,762.25,422.45,114540,112994,4072.8898,4872.87
2026-02-02 19:45:00,745.07,310.04,115000,113499,4158.4913,4990.56
2026-02-02 20:00:00,629.66,312.47,114225,111243,4262.2375,5112.32
2026-02-02 20:15:00,464.54,290.9,113035,109206,4370.9534,5218.96
2026-02-02 20:30:00,526.26,288.01,112875,110372,4461.1133,5326.46
2026-02-02 20:45:00,689.81,289.01,112955,109755,4612.3576,5437.57
2026-02-02 21:00:00,523.41,286.98,112030,109170,4708.4982,5534.3
2026-02-02 21:15:00,518.15,290.01,110760,108462,4865.8182,5639.71
2026-02-02 21:30:00,510.69,302.88,109640,107569,5045.7808,5734.11
2026-02-02 21:45:00,505.97,302.59,108535,106125,5195.7294,5836.02
2026-02-02 22:00:00,486.26,307.59,106895,105286,5307.3901,5940.42
2026-02-02 22:15:00,455.92,367.24,104225,103368,5394.416,6024.96
2026-02-02 22:30:00,423.85,320.07,102115,100160,5524.7435,6120.61
2026-02-02 22:45:00,370.01,320.49,99460,98373.602,5641.939,6214.83
2026-02-02 23:00:00,339.08,300.71,96815,95870.602,5820.3049,6264.16
2026-02-02 23:15:00,325.17,292.46,93780,92746.102,5876.6208,6295.23
2026-02-02 23:30:00,311.12,314.06,90120,90934.102,6026.7471,6355.48
2026-02-02 23:45:00,314.13,312.93,88675,87472.898,6127.9606,6415.98
2026-02-03 00:00:00,285.52,307.28,84345,86407,6276.4164,6457.35
2026-02-03 00:15:00,277,255.5,83185,85892,6305.4005,6513.21
2026-02-03 00:30:00,320.12,361.95,90535,93893.5,6385.8369,6553.6
2026-02-03 00:45:00,316.62,327.36,89695,92029.203,6496.9794,6613.75
2026-02-03 01:00:00,303.14,281.43,87900,90534.602,6495.1431,6667.31
2026-02-03 01:15:00,297.76,287.15,85655,87819.297,6618.5067,6727.82
2026-02-03 01:30:00,288.47,274.96,84025,86244.203,6793.9063,6784.16
2026-02-03 01:45:00,284.93,276.95,82455,84573.5,6876.6932,6823.38
2026-02-03 02:00:00,279.86,274.96,81105,83113.602,7039.9853,6867.86
2026-02-03 02:15:00,279.52,274.79,80040,81794.602,7146.1944,6751.35
2026-02-03 02:30:00,279.35,268.65,78915,79632.297,7276.2564,6789.53
2026-02-03 02:45:00,275,265.1,77680,78887.5,7388.4866,6833.37
2026-02-03 03:00:00,275,260.24,76710,77822.5,7492.4288,6876.84
2026-02-03 03:15:00,275.3,260,76210,76583.297,7679.2131,6932.03
2026-02-03 03:30:00,272.47,258,75380,76402.898,7707.7483,6978.64
2026-02-03 03:45:00,270.1,255.86,74230,75773.5,7888.4412,7043.52
2026-02-03 04:00:00,270,252.86,73695,75530,8116.4566,7093.56
2026-02-03 04:15:00,270,257,73250,75006.703,8304.7263,7098.14
2026-02-03 04:30:00,270,255,72890,74776.797,8365.0851,7137.71
2026-02-03 04:45:00,270,252.55,72570,73253.898,8235.5986,7178
2026-02-03 05:00:00,270,237.97,72440,73636.602,8303.9708,7220.38
2026-02-03 05:15:00,266.1,242.93,72000,73299.5,8380.2318,7308.07
2026-02-03 05:30:00,266.1,253.15,72520,74178.398,8299.0572,7333.44
2026-02-03 05:45:00,270,253.53,72910,74510.898,8350.1611,7371.09
2026-02-03 06:00:00,275,257.77,73755,75109.297,8500.1104,7411.74
2026-02-03 06:15:00,275,260,74540,76113.5,8554.1997,7422.46
2026-02-03 06:30:00,275.2,258.82,76000,77221.898,8612.5423,7456.09
2026-02-03 06:45:00,279.96,263.5,77680,79574.602,8687.8172,7495.15
2026-02-03 07:00:00,280.66,274.01,79760,80804.203,8637.466,7548.79
2026-02-03 07:15:00,280,268.97,80795,82669.602,8587.8294,7637.39
2026-02-03 07:30:00,290.82,276.79,82860,84799.398,8624.7914,7852.33
2026-02-03 07:45:00,300.66,281.9,84400,86730.297,8778.6106,8205.07
2026-02-03 08:00:00,302.71,304.52,85725,88287.602,9013.3629,8729.55
2026-02-03 08:15:00,307.42,319.19,88050,91392,9384.5816,9474.92
2026-02-03 08:30:00,320.14,393.98,89970,93525.5,9922.3723,10312.4
2026-02-03 08:45:00,315.59,346.7,91850,94973.797,10341.0709,11254.5
2026-02-03 09:00:00,321.36,358.23,93040,94957.398,11002.1829,12261.4
2026-02-03 09:15:00,315.84,330.29,93550,95516.102,11824.3137,13363.4
2026-02-03 09:30:00,302.48,320.38,93610,95018.602,12412.3028,14370.4
2026-02-03 09:45:00,295.15,258.9,92845,94515.102,12996.1314,15347.9
2026-02-03 10:00:00,277.42,250.21,92125,92801.797,13585.3818,16307.6
2026-02-03 10:15:00,266.87,252.47,90185,90706.297,14088.0528,17186.5
2026-02-03 10:30:00,253.71,63.86,87990,86645.703,14383.5655,17942.801
2026-02-03 10:45:00,256.71,9.72,88015,86102.898,14693.5713,18656.199
2026-02-03 11:00:00,251.72,35.35,87590,85527.297,14745.8242,19267.301
2026-02-03 11:15:00,254.88,-42.67,87225,84584.797,14761.1699,19793.9
2026-02-03 11:30:00,254.93,-36.36,86925,83621.398,14668.6123,20209.699
2026-02-03 11:45:00,246.38,270.15,85490,83185.203,14633.8091,20500.301
2026-02-03 12:00:00,239.97,11.57,83395,81117,14686.3208,20701.9
2026-02-03 12:15:00,26.23,-37.11,78470,77670,14804.1182,21077.1
2026-02-03 12:30:00,220.21,-47.04,80930,78089,15200.353,21153.801
2026-02-03 12:45:00,101.5,-47.05,80320,77133.297,14347.3501,21092.4
2026-02-03 13:00:00,116.03,-35.39,79855,76516.703,14194.564,20986.699
2026-02-03 13:15:00,297.43,-18.09,79775,76186,14230.7089,20817
2026-02-03 13:30:00,126.26,-47.05,80280,77151.398,13952.6626,20589.699
2026-02-03 13:45:00,208.65,-47.09,82270,79661.398,14305.8013,20292.301
2026-02-03 14:00:00,253.91,100.25,84685,81522.398,14404.9112,19876.801
2026-02-03 14:15:00,225.94,-42.55,84510,80920.297,14131.8911,19471
2026-02-03 14:30:00,80.3,-50,82635,79078.5,12472.2691,18931.801
2026-02-03 14:45:00,153.15,-47.05,82690,81828.5,12666.2051,18298.6
2026-02-03 15:00:00,217.49,51.98,83365,82052.398,12868.7075,17593.1
2026-02-03 15:15:00,213.09,-47.04,84155,83256.602,12934.9668,16705.699
2026-02-03 15:30:00,223.42,4.3,85010,84237.102,12559.353,15859.7
2026-02-03 15:45:00,222.18,184.11,86490,85981,11517.4599,14949.2
2026-02-03 16:00:00,223.82,219.81,88190,87069,10968.79,13972
2026-02-03 16:15:00,249.95,228.49,90435,90093.102,10598.9389,12948.1
2026-02-03 16:30:00,269.77,274.57,92890,92892,10185.9585,11823.8
2026-02-03 16:45:00,278.28,271.99,95455,94115.703,9655.239,10763.5
2026-02-03 17:00:00,283.19,277.07,97875,97218.102,8886.239,9732.25
2026-02-03 17:15:00,290.63,298.43,99550,99686.398,8285.5122,8751.05
2026-02-03 17:30:00,310.08,320.32,101340,101671,7700.0598,7887.53
2026-02-03 17:45:00,336.69,295.14,101415,99487.5,7089.9652,7096.93
2026-02-03 18:00:00,350.56,289.98,101485,99970.5,6711.6213,6459.76
2026-02-03 18:15:00,356.55,296.97,102405,101807,6471.9538,6131.2
2026-02-03 18:30:00,365.45,293.17,104270,104886,6341.987,5965.02
2026-02-03 18:45:00,373.5,314.14,105545,107596,6436.1466,5953.63
2026-02-03 19:00:00,377.96,321.2,106050,108367,6451.9048,5979.43
2026-02-03 19:15:00,373.27,308,105905,108730,6515.9613,5869.85
2026-02-03 19:30:00,377.5,314.7,108410,111435,6575.1517,5909.26
2026-02-03 19:45:00,479.92,305,109000,111776,6618.9952,5933.09
2026-02-03 20:00:00,381.94,314.4,107800,110293,6680.3188,5957.13
2026-02-03 20:15:00,380.35,294.99,107765,108258,6623.97,6009.06
2026-02-03 20:30:00,369.66,304.3,106640,108654,6619.54,6022.44
2026-02-03 20:45:00,374.33,320.79,106490,108157,6621.1208,6028.17
2026-02-03 21:00:00,389.3,308,106345,108214,6755.5272,6002.58
2026-02-03 21:15:00,371.28,330.7,105010,106251,6477.2376,6079.08
2026-02-03 21:30:00,360.65,325.84,103820,106036,6381.1389,6052.26
2026-02-03 21:45:00,358.06,370.2,102155,104748,6434.6488,6020.08
2026-02-03 22:00:00,353.65,359.48,100385,103079,6203.2224,5986.22
2026-02-03 22:15:00,346.59,400.74,98770,101215,5761.4754,5929.19
2026-02-03 22:30:00,355.91,341.11,97105,99494.602,5643.8677,5897.51
2026-02-03 22:45:00,332.12,350.2,94915,97905.602,5545.2223,5867.86
2026-02-03 23:00:00,310.82,322.51,91995,93312.898,5441.0862,5830.55
2026-02-03 23:15:00,297.23,304.43,89360,91038.203,5358.1344,5646.93
2026-02-03 23:30:00,285,300,86925,88717.602,5330.0444,5589.29
2026-02-03 23:45:00,280,301.06,83760,86325.398,5215.0778,5520.78
2026-02-04 00:00:00,274.09,289.1,81220,84584.297,5146.7713,5417.53
2026-02-04 00:15:00,287.28,277.7,84025,84282.102,5128.8505,5245.76
2026-02-04 00:30:00,349.54,331.9,91885,92310.297,5085.7388,5057.03
2026-02-04 00:45:00,356.32,340.82,91355,91682.203,5021.2603,5012
2026-02-04 01:00:00,335.65,358.74,88410,89371.898,4981.2185,4959.75
2026-02-04 01:15:00,327.86,357.77,86095,87187.102,4901.3987,4969.7
2026-02-04 01:30:00,304.42,311.13,84170,84394.898,4799.114,4904.11
2026-02-04 01:45:00,295.2,277.7,82720,83276.797,4712.7752,4842.54
2026-02-04 02:00:00,308.71,303.81,81515,82174.797,4491.771,4779.81
2026-02-04 02:15:00,316.48,295.67,80020,80708.297,4305.8108,4606.35
2026-02-04 02:30:00,307.6,291.64,79395,79938.797,4174.7242,4553.92
2026-02-04 02:45:00,300.06,288.83,78240,78566,4166.332,4506.34
2026-02-04 03:00:00,298.69,280.1,77320,77813.898,4054.4222,4460.72
2026-02-04 03:15:00,301.18,277,76405,76560,4065.6726,4393.92
2026-02-04 03:30:00,294.32,272,75540,75752.5,4002.3732,4362.02
2026-02-04 03:45:00,287.01,275.3,74815,75354.398,3962.5302,4326.21
2026-02-04 04:00:00,286.89,276.1,73850,74353.602,4036.3732,4293.07
2026-02-04 04:15:00,281.61,275,72985,74278.398,4050.3502,4283.84
2026-02-04 04:30:00,280.23,275.7,72455,73544.297,4104.5545,4250.19
2026-02-04 04:45:00,281.8,275,71920,73048.5,4062.9981,4163.58
2026-02-04 05:00:00,280,277.7,71500,72564.203,4176.1289,4110.17
2026-02-04 05:15:00,280.3,275.7,71530,72095.703,4174.3898,3931.93
2026-02-04 05:30:00,282.35,275,72210,72624.797,4077.2581,3878.29
2026-02-04 05:45:00,282.35,276.1,72645,72796.398,4077.7119,3838.59
2026-02-04 06:00:00,285.84,280.3,73465,73598.898,4120.9135,3802.89
2026-02-04 06:15:00,292.13,280,73850,74557.398,4083.6845,3739.98
2026-02-04 06:30:00,298.93,311.94,75875,76259.602,4060.9925,3706.7
2026-02-04 06:45:00,304.78,297.81,77035,77221.5,4078.4217,3678.42
2026-02-04 07:00:00,297.93,300.81,78765,79055.398,4052.4567,3652.78
2026-02-04 07:15:00,297.91,285.1,80250,81267.102,4040.0618,3667.52
2026-02-04 07:30:00,300.31,295,82440,83372.5,3929.8507,3763.52
2026-02-04 07:45:00,312,302.81,84565,85185.297,3968.187,3972.86
2026-02-04 08:00:00,316.69,318.05,85130,86491,4048.3,4337.56
2026-02-04 08:15:00,324.6,363.08,87685,89049.297,4202.2165,4876.97
2026-02-04 08:30:00,337.62,420.48,89575,92914.898,4512.4588,5412.06
2026-02-04 08:45:00,344.05,418.18,91680,94499,4655.2869,6068.96
2026-02-04 09:00:00,347.74,400,92575,95942.602,4980.4788,6733.15
2026-02-04 09:15:00,349.46,351.24,93080,95772.602,5219.7033,7447.65
2026-02-04 09:30:00,332.29,305.58,92780,96950,5405.4517,8112.1
2026-02-04 09:45:00,313.61,358.03,92635,96504.102,5754.7278,8770.33
2026-02-04 10:00:00,296.68,292,92165,96003.297,6000.3808,9439.85
2026-02-04 10:15:00,286.12,277.45,91050,93160.297,6210.8479,10080.8
2026-02-04 10:30:00,272.74,268.35,88585,91252.203,6559.6575,10685.5
2026-02-04 10:45:00,271.91,304.56,87585,89761,6952.001,11270.5
2026-02-04 11:00:00,271.71,272.98,87250,89157.602,7338.0688,11838.4
2026-02-04 11:15:00,270.12,262.65,86780,87983.703,7575.5979,12297.2
2026-02-04 11:30:00,261.81,267.99,86010,88061.5,7817.8252,12724.7
2026-02-04 11:45:00,252.39,266.66,84740,86672.102,7947.1101,13033.3
2026-02-04 12:00:00,262.24,263.25,81195,83522.203,8192.1006,13278.1
2026-02-04 12:15:00,226.39,206.25,77105,77126.602,8346.6484,13552.1
2026-02-04 12:30:00,245.19,230.44,78715,81782,8199.3652,13653.5
2026-02-04 12:45:00,286.66,252.89,78145,80887.797,8297.4043,13686.4
2026-02-04 13:00:00,270.2,205.48,78435,80519,8405.67,13658.3
2026-02-04 13:15:00,233.78,263.3,77770,79955,8233.3445,13589.9
2026-02-04 13:30:00,257.08,244,79145,80977.102,8318.95,13458.8
2026-02-04 13:45:00,254.91,252.95,80940,82736.898,8257.736,13296.7
2026-02-04 14:00:00,246.32,259.44,83945,85189.5,8209.8064,13055
2026-02-04 14:15:00,245.19,263.45,83500,84236.898,8081.4515,12749.9
2026-02-04 14:30:00,218.92,236.53,81915,82667.5,7973.6267,12299.5
2026-02-04 14:45:00,227.45,236.64,82245,82660.703,7821.4558,11818.2
2026-02-04 15:00:00,248.94,214.87,82945,83648.5,7631.7138,11246.6
2026-02-04 15:15:00,244.25,225.51,83915,84096.898,7627.6318,10643.3
2026-02-04 15:30:00,239.87,220.1,84905,84876.703,7176.0371,10009.1
2026-02-04 15:45:00,242.2,246.53,86235,85843.203,6869.1948,9321.34
2026-02-04 16:00:00,250.52,240,87630,87508.297,6411.719,8595.12
2026-02-04 16:15:00,256.25,259.48,89375,89390.797,5847.4666,7793.54
2026-02-04 16:30:00,267.47,264.45,91165,91559.602,5385.7346,6979.93
2026-02-04 16:45:00,282.18,287.56,94060,93550.297,4978.4924,6202.96
2026-02-04 17:00:00,281.31,290.18,95370,95384.102,4470.4736,5458.56
2026-02-04 17:15:00,294.53,297.95,97720,97237,4076.232,4757.79
2026-02-04 17:30:00,355.65,295,98980,98794.102,3728.4865,4117.38
2026-02-04 17:45:00,358.31,285,98510,97972.602,3381.2558,3503.78
2026-02-04 18:00:00,369.27,320,98810,99138.898,3037.981,3006.28
2026-02-04 18:15:00,379.07,294.1,100030,100077,2587.414,2722.5
2026-02-04 18:30:00,393.56,298.29,101640,103755,2551.0229,2588.03
2026-02-04 18:45:00,404.47,338.88,103230,104872,2619.9639,2589.93
2026-02-04 19:00:00,407.03,326.62,104475,106546,2891.9917,2629.24
2026-02-04 19:15:00,395.78,310,104535,106521,3153.985,2627.72
2026-02-04 19:30:00,514.63,303.35,107000,108673,3262.6258,2673.7
2026-02-04 19:45:00,613.4,315,106945,108960,3229.6319,2698.52
2026-02-04 20:00:00,389.71,320,106385,108360,3177.0662,2725.52
2026-02-04 20:15:00,394.65,292.2,105430,106230,3051.6063,2753.15
2026-02-04 20:30:00,399.11,295.1,104980,106921,3048.0285,2760.17
2026-02-04 20:45:00,421.16,302.5,104645,106211,3275.0184,2759.02
2026-02-04 21:00:00,483.48,319,103915,105611,3255.6917,2742.93
2026-02-04 21:15:00,463.5,300,102685,104584,3219.2483,2749.59
2026-02-04 21:30:00,469.19,320.01,102010,103359,3231.7084,2728.72
2026-02-04 21:45:00,417.04,302.49,100775,102659,3226.3723,2701.67
2026-02-04 22:00:00,421.16,309.7,99880,101329,3175.2688,2671
2026-02-04 22:15:00,384.39,326,97750,98971.297,3060.1862,2616.46
2026-02-04 22:30:00,371.57,300,95620,96856.797,2970.2033,2592.2
2026-02-04 22:45:00,360.58,338.1,93430,94768.297,2806.4067,2556.39
2026-02-04 23:00:00,358.17,320,91355,93294.5,2663.011,2505.27
2026-02-04 23:15:00,340.16,341,88945,90571.297,2626.3202,2469.86
2026-02-04 23:30:00,321.8,306.93,86645,88085.5,2460.6036,2412.27
2026-02-04 23:45:00,310,295.6,84630,85244.703,2254.9223,2354.3
2026-02-05 00:00:00,292.1,277.7,82450,83338.398,2155.1555,2284.13
2026-02-05 00:15:00,283,277.7,83020,83196.898,2011.0317,2113.81
2026-02-05 00:30:00,349.85,323.29,90590,92268.898,1870.0197,2020.68
2026-02-05 00:45:00,330,310,89485,89927.297,1740.2158,1935.6
2026-02-05 01:00:00,330.51,310,87165,87528.203,1613.4486,1828.95
2026-02-05 01:15:00,320,310,85010,85287.398,1486.9374,1789.24
2026-02-05 01:30:00,303.23,283,82580,83385.703,1371.8273,1714.23
2026-02-05 01:45:00,296.45,276.1,81140,81351.203,1340.6345,1625.51
2026-02-05 02:00:00,294.41,276.1,79980,80464.703,1237.2193,1560.57
2026-02-05 02:15:00,289.7,278.1,78050,79420.297,1192.3459,1495.75
2026-02-05 02:30:00,289.78,283,76725,78327.5,1234.4574,1458.65
2026-02-05 02:45:00,285,279,75785,77209.703,1143.0593,1410.55
2026-02-05 03:00:00,280.3,275,74515,75601,1071.175,1366.1
2026-02-05 03:15:00,280.1,275,73795,74876.203,995.3754,1324.89
2026-02-05 03:30:00,279.25,275,72910,74452.102,978.113,1291.13
2026-02-05 03:45:00,280,275,72140,73625,878.361,1262.39
2026-02-05 04:00:00,275.3,275,71255,72977.602,807.4043,1241
2026-02-05 04:15:00,275,270.68,70870,71794.797,857.8922,1243.08
2026-02-05 04:30:00,274.1,270.4,70150,71300.602,786.3622,1227.94
2026-02-05 04:45:00,273.2,270,69500,71332.398,763.4727,1219.21
2026-02-05 05:00:00,271.68,270.4,69535,70795.398,766.788,1212.67
2026-02-05 05:15:00,272,268.2,69635,70777.797,779.9715,1203.63
2026-02-05 05:30:00,272.43,272.6,69780,71090,769.57,1205.47
2026-02-05 05:45:00,273.1,268.4,70160,70654.203,823.7705,1215.14
2026-02-05 06:00:00,275,270,70870,71755.398,910.1338,1227.82
2026-02-05 06:15:00,275,270.4,71585,72285,1043.8778,1214.06
2026-02-05 06:30:00,274,270,72800,73697.297,1130.2641,1230.57
2026-02-05 06:45:00,275,275,74570,74810.898,1190.2283,1246.02
2026-02-05 07:00:00,275.1,275,76280,76874,1227.4799,1266.79
2026-02-05 07:15:00,275.3,275,77545,78020.797,1261.0521,1313.4
2026-02-05 07:30:00,277.7,275,79970,80850.898,1275.1384,1448.04
2026-02-05 07:45:00,284.28,285,82035,82760.5,1466.2832,1694.58
2026-02-05 08:00:00,285.06,296.45,83440,85166.797,1730.018,2067.15
2026-02-05 08:15:00,290.91,310,85875,87703.297,2023.5359,2547.57
2026-02-05 08:30:00,302.65,340.69,88785,90588.398,2360.4598,3112.88
2026-02-05 08:45:00,320,300.12,90470,91813.602,2608.271,3742.14
2026-02-05 09:00:00,321.58,325,90935,92710.203,2870.9614,4431.22
2026-02-05 09:15:00,320,300,91680,93956.203,3256.4988,5143.57
2026-02-05 09:30:00,308.89,302,91845,94323.703,3571.0621,5854.77
2026-02-05 09:45:00,294.65,305.8,92015,94094.398,4009.6731,6552.18
2026-02-05 10:00:00,282.3,275,91765,93118.203,4512.587,7254.87
2026-02-05 10:15:00,275.3,274,89925,91131.297,5008.55,7964.06
2026-02-05 10:30:00,266.1,265.1,86100,87583.602,5513.7329,8639.17
2026-02-05 10:45:00,269.08,260.1,86625,87012.602,5951.2403,9298.61
2026-02-05 11:00:00,265.2,260,86085,86124.102,6209.6789,9907.51
2026-02-05 11:15:00,262.82,256.24,85545,85590.703,6569.9776,10422.6
2026-02-05 11:30:00,261.82,255,85530,84321.898,6875.6409,10877.8
2026-02-05 11:45:00,262.82,238.74,84380,82817.102,7033.5176,11265.8
2026-02-05 12:00:00,253.12,245.3,81655,80375.703,7145.1631,11583.4
2026-02-05 12:15:00,203.02,105.18,77285,76391.297,7347.9769,11790.1
2026-02-05 12:30:00,248.12,200,80505,78981.602,7428.7662,11921.4
2026-02-05 12:45:00,243.12,177.08,79550,79050,7321.1214,11987.1
2026-02-05 13:00:00,210.13,120,78290,78137,7518.3574,11990.3
2026-02-05 13:15:00,232.82,241.07,78405,78039.203,7314.2313,11947.2
2026-02-05 13:30:00,243.12,235.98,79280,78452.602,7383.3585,11880.1
2026-02-05 13:45:00,252.82,241.43,81045,80710,7212.3066,11725.7
2026-02-05 14:00:00,257.92,257.82,84155,82725.297,6965.7962,11481.8
2026-02-05 14:15:00,254.82,265.33,83160,82129.703,6834.4071,11173.2
2026-02-05 14:30:00,247.82,249.39,81305,81424.297,6740.7618,10796.8
2026-02-05 14:45:00,252.82,223.84,81730,81141.602,6650.7408,10379
2026-02-05 15:00:00,253.25,234.81,82380,82074.203,6335.9873,9917.52
2026-02-05 15:15:00,253.25,245.3,83270,82243.203,6081.8219,9410.81
2026-02-05 15:30:00,257.82,248.12,84345,83445,5889.4241,8855.99
2026-02-05 15:45:00,257.82,250.2,85580,85058.398,5597.3091,8249.72
2026-02-05 16:00:00,260.82,255,86955,86643.398,5398.5369,7601.53
2026-02-05 16:15:00,263.25,262.82,89195,88372.703,4878.9953,6915.98
2026-02-05 16:30:00,268.12,270,91160,89703.898,4493.636,6156.84
2026-02-05 16:45:00,277.82,274.3,93675,91828.703,3990.4429,5431.92
2026-02-05 17:00:00,281.82,275,95800,93659.203,3458.3394,4706.81
2026-02-05 17:15:00,285.95,288,96630,95556,2855.25,4071.71
2026-02-05 17:30:00,297,311.14,97980,96845.602,2350.4921,3456.43
2026-02-05 17:45:00,330.05,291,97685,96489.898,1859.1804,2869.6
2026-02-05 18:00:00,342.05,310,98155,97433.297,1487.7927,2361.02
2026-02-05 18:15:00,354.56,318.28,99350,98811.398,1214.1082,2006.78
2026-02-05 18:30:00,362.13,326.73,101615,101184,1132.1177,1869.43
2026-02-05 18:45:00,369.27,290,103340,102344,1164.4849,1893.15
2026-02-05 19:00:00,370.15,315,103680,103215,1196.6226,1928.31
2026-02-05 19:15:00,370.99,309.98,104065,103677,1206.2787,1990.9
2026-02-05 19:30:00,474.62,320.13,106000,105725,1227.7682,2060.17
2026-02-05 19:45:00,372.68,329,105910,105455,1250.4648,2112.14
2026-02-05 20:00:00,590.04,366.44,105335,104285,1220.5146,2141.47
2026-02-05 20:15:00,363.87,300,103790,103071,1218.9763,2150.36
2026-02-05 20:30:00,364.58,309.5,103570,103050,1212.0664,2152.55
2026-02-05 20:45:00,363.17,310,103515,103251,1310.5389,2162.34
2026-02-05 21:00:00,362.89,341,102905,102854,1394.2178,2155.21
2026-02-05 21:15:00,366.77,320,101800,101488,1496.7791,2179.47
2026-02-05 21:30:00,363,320.08,100695,100790,1419.8152,2165.58
2026-02-05 21:45:00,362.58,343.51,99260,99194.703,1428.0346,2145.96
2026-02-05 22:00:00,354.99,300,98045,98293.398,1393.7611,2131.77
2026-02-05 22:15:00,350.2,350.32,95935,96536.703,1378.7644,2105.39
2026-02-05 22:30:00,353.8,339,94110,94667.797,1324.491,2079.87
2026-02-05 22:45:00,347.49,344.67,91545,92733.203,1266.1135,2048.49
2026-02-05 23:00:00,345.62,333,89650,90507.5,1242.612,2010.33
2026-02-05 23:15:00,326.24,325.12,87000,88418.5,1269.3925,1968.4
2026-02-05 23:30:00,300.02,312.92,84620,84618.102,1269.8995,1933.51
2026-02-05 23:45:00,300,290,82470,83399.898,1241.2917,1870.65
2026-02-06 00:00:00,285,290,80040,81274.398,1226.9206,1787.64
2026-02-06 00:15:00,285,280,79820,81237.5,1167.4811,1750.86
2026-02-06 00:30:00,320.51,300,88490,89705.602,1124.4025,1480.68
2026-02-06 00:45:00,320,320.7,87475,87045.5,1096.1767,1460.32
2026-02-06 01:00:00,308.77,320,85220,84746.102,1058.7855,1438.97
2026-02-06 01:15:00,300,302.8,83085,82384.398,989.6578,1475.46
2026-02-06 01:30:00,296.05,310,80905,80657.5,1012.4804,1453.84
2026-02-06 01:45:00,282.28,291.79,79265,78908.898,997.1803,1421.15
2026-02-06 02:00:00,285,284,78405,77723.797,922.69,1392.74
2026-02-06 02:15:00,282,280,76905,75992.5,900.26,1354.39
2026-02-06 02:30:00,282.6,280,75890,75044.203,889.3832,1314.59
2026-02-06 02:45:00,281.1,278.81,74845,74746.898,850.7025,1267.58
2026-02-06 03:00:00,280,278.4,73590,73288.203,778.7818,1226.17
2026-02-06 03:15:00,282,278.4,72745,72366.5,747.4632,1194.78
2026-02-06 03:30:00,280,276.1,72285,72267.602,702.6474,1145.49
2026-02-06 03:45:00,278,277.2,71270,71259.703,658.0216,1098.83
2026-02-06 04:00:00,277.2,275.3,70880,70820.398,617.971,1055.81
2026-02-06 04:15:00,277.87,277,70135,70718.203,566.1457,1017.94
2026-02-06 04:30:00,277,275.3,69535,70164.102,499.1018,983.85
2026-02-06 04:45:00,277.2,276.1,69185,69335,477.6441,956.18
2026-02-06 05:00:00,277.1,275,68935,69067.297,420.4409,920.94
2026-02-06 05:15:00,276.1,275.2,68500,68948,420.5058,896.93
2026-02-06 05:30:00,277,275,69325,68734.898,428.4908,877.84
2026-02-06 05:45:00,277,276,69400,69509.898,448.5968,869.71
2026-02-06 06:00:00,279.1,279,70020,70612,489.973,862.97
2026-02-06 06:15:00,280,279,70905,71042.5,533.7584,840.15
2026-02-06 06:30:00,279.1,278,72240,72808.203,544.2589,839
2026-02-06 06:45:00,280.3,282,73800,73960.5,537.2675,839.88
2026-02-06 07:00:00,284.64,284,75650,75064.203,517.1262,845.19
2026-02-06 07:15:00,280,285,76635,77133.797,499.3555,878.643
2026-02-06 07:30:00,285,300,79020,78912.898,571.2224,1011.79
2026-02-06 07:45:00,295,300,80295,80575.703,684.8488,1260.56
2026-02-06 08:00:00,300.99,310,81740,81519.797,895.1882,1636.46
2026-02-06 08:15:00,302,313.8,83895,83070.703,1191.0318,2124.1
2026-02-06 08:30:00,320,287,87355,86256.297,1514.5525,2712.92
2026-02-06 08:45:00,318.68,313.8,88870,87364.203,1987.1336,3364.6
2026-02-06 09:00:00,320,300,89925,88152.203,2404.3957,4075.4
2026-02-06 09:15:00,320,285,90875,88596.703,2900.9425,4854.63
2026-02-06 09:30:00,318.68,300,91305,88020.398,3493.8894,5618.18
2026-02-06 09:45:00,310,277,91365,86301.398,3877.1527,6389.6
2026-02-06 10:00:00,290.12,275,90395,85663.602,4518.07,7124.24
2026-02-06 10:15:00,281.53,270,89065,82647.898,4967.0773,7836.4
2026-02-06 10:30:00,275.8,212,86360,80794.203,5356.8566,8505.09
2026-02-06 10:45:00,271.39,260,85735,79303.703,5956.1574,9134.29
2026-02-06 11:00:00,271.12,210,85460,78307.398,6116.0881,9699.5
2026-02-06 11:15:00,271.89,43.25,84905,77472.797,6576.0788,10181.3
2026-02-06 11:30:00,268.98,190.94,84295,78238.203,6712.4625,10583.4
2026-02-06 11:45:00,265.57,198.46,82820,76148.5,6803.6529,10887.6
2026-02-06 12:00:00,263.89,53.37,80605,74691.203,6848.7495,11131.6
2026-02-06 12:15:00,248.19,-34.14,76415,69183.297,6987.4431,11266.7
2026-02-06 12:30:00,262.89,67.12,78465,73814.797,7329.5501,11393.6
2026-02-06 12:45:00,258.48,0.72,77920,73737.703,7315.7102,11450
2026-02-06 13:00:00,247.99,17.9,76615,72490.797,7403.4848,11426.5
2026-02-06 13:15:00,253.19,-35.59,77230,72514.602,7337.6354,11337.8
2026-02-06 13:30:00,258.39,-41.32,78005,73625.602,7059.2223,11227.8
2026-02-06 13:45:00,262.89,209.37,80095,75967.203,7046.2052,11056.2
2026-02-06 14:00:00,262.89,204.12,82995,77450,6894.5179,10796.2
2026-02-06 14:15:00,257.89,-36.83,82070,75589.102,6170.5767,10467.2
2026-02-06 14:30:00,287.8,-35.69,81120,75495.797,5875.3851,10086
2026-02-06 14:45:00,254.89,-43.92,81330,76317.797,6083.435,9658.69
2026-02-06 15:00:00,257.89,10.5,81565,76643.203,5906.6399,9211.44
2026-02-06 15:15:00,258.39,49.23,82585,78845.398,5663.8855,8760.41
2026-02-06 15:30:00,254.89,49.12,83050,79372,5440.0672,8293.22
2026-02-06 15:45:00,258.39,221.05,84230,80367.102,5356.3189,7782.62
2026-02-06 16:00:00,267.89,251.69,85885,82568.102,4968.4811,7247.31
2026-02-06 16:15:00,272,255,87420,84063.297,4663.5202,6683.7
2026-02-06 16:30:00,273.19,281.37,89035,86027.297,4220.1299,6076.22
2026-02-06 16:45:00,278.98,281.68,90790,88134.5,3722.2963,5472.66
2026-02-06 17:00:00,283.29,279.6,92635,89759.102,3203.197,4874.31
2026-02-06 17:15:00,285.69,280,94245,91458.797,2783.651,4300.51
2026-02-06 17:30:00,311.79,300,95075,92631,2408.2439,3798.38
2026-02-06 17:45:00,315.64,310,94465,93194.703,2102.5645,3303.65
2026-02-06 18:00:00,325.33,358.82,95010,94461.398,1894.7454,2888.41
2026-02-06 18:15:00,325.22,358,96460,96055.703,1740.1635,2626.46
2026-02-06 18:30:00,340.89,350,99095,98441.297,1633.7152,2508.75
2026-02-06 18:45:00,335.94,352.49,101100,100578,1662.6442,2513.49
2026-02-06 19:00:00,492.59,400.18,102340,100941,1783.5576,2567.75
2026-02-06 19:15:00,523.23,309.2,102485,100645,1903.3209,2750.91
2026-02-06 19:30:00,561.22,316.93,104500,102765,2016.5361,2803.79
2026-02-06 19:45:00,405.12,319.8,103960,102313,2081.58,2871.7
2026-02-06 20:00:00,417.8,312.5,102945,101268,1947.8142,2938.02
2026-02-06 20:15:00,340.28,285.3,101665,99992.203,1990.3573,2933.74
2026-02-06 20:30:00,347.03,310,101540,99866.297,2118.4206,2988.05
2026-02-06 20:45:00,335.04,310,100900,99062.398,2179.6617,3046.54
2026-02-06 21:00:00,350.74,285.17,100505,98912.602,2325.8996,3130.51
2026-02-06 21:15:00,342.35,296.22,98920,96977.398,2447.4253,3182.43
2026-02-06 21:30:00,335.83,300,98220,96774,2484.7455,3270.26
2026-02-06 21:45:00,334.25,302,97275,95176.398,2548.8041,3338.86
2026-02-06 22:00:00,330,295,95950,94130.703,2681.522,3436.63
2026-02-06 22:15:00,330,295,94135,92351.5,2792.7313,3516.42
2026-02-06 22:30:00,324.6,290,92065,90649.102,2818.4352,3626.79
2026-02-06 22:45:00,321.94,278,90460,89238.602,2903.1367,3717.25
2026-02-06 23:00:00,314.05,290,88065,86974.602,2958.5497,3808.07
2026-02-06 23:15:00,294.15,277,85825,84510.703,2979.5638,3843.78
2026-02-06 23:30:00,282,280.3,83215,82122.398,3074.9125,3920.25
2026-02-06 23:45:00,280,277,80650,80339.898,3152.5405,3987.08
2026-02-07 00:00:00,271.72,275,78715,78085.703,3186.7685,4044.64
2026-02-07 00:15:00,272,270.02,78070,77865.797,3364.6407,4154.75
2026-02-07 00:30:00,320,320.01,85420,86064.203,3437.4512,4447.9
2026-02-07 00:45:00,314.91,279.86,84780,84912.898,3601.8859,4557.76
2026-02-07 01:00:00,304.7,280.3,81905,82575,3601.9724,4666.67
2026-02-07 01:15:00,298.12,285.18,80305,80211.398,3685.7668,4797.17
2026-02-07 01:30:00,285.6,279.75,78390,78315.602,3763.1476,4894.47
2026-02-07 01:45:00,282.76,272.13,77110,77445.602,3940.6206,4973.71
2026-02-07 02:00:00,280.21,272,75750,75920.898,4028.2794,5021.82
2026-02-07 02:15:00,277.89,263.32,74235,74199.703,4133.6847,4973.37
2026-02-07 02:30:00,275.75,270,73355,73024.5,4201.5298,5041.51
2026-02-07 02:45:00,272.07,265.19,72235,72331.703,4380.9455,5091.64
2026-02-07 03:00:00,270.94,265.05,71435,70849.797,4314.4997,5154.86
2026-02-07 03:15:00,270.17,254.09,70315,69751.703,4380.0814,5226.58
2026-02-07 03:30:00,270.02,262.89,69240,69659.602,4450.0201,5307.89
2026-02-07 03:45:00,270.11,255.39,68880,68797.703,4609.4659,5336.19
2026-02-07 04:00:00,270.19,260.15,68085,68773.797,4567.6597,5435.87
2026-02-07 04:15:00,269.37,257.95,67575,67422.398,4747.4705,5532.53
2026-02-07 04:30:00,266.22,249.93,67080,66753,4854.6521,5605.03
2026-02-07 04:45:00,265.24,249.93,66545,66356.297,4966.5364,5668.77
2026-02-07 05:00:00,265.12,239.93,66000,66080.398,5036.62,5753.47
2026-02-07 05:15:00,264.49,204.63,66025,65712.602,5236.5861,5818.84
2026-02-07 05:30:00,262.45,240.34,66195,66008.898,5433.8755,5925.86
2026-02-07 05:45:00,262.11,219.8,66845,67014.297,5584.7896,6043.2
2026-02-07 06:00:00,264.2,240.17,67415,67420.297,5803.308,6162.25
2026-02-07 06:15:00,264.23,240.16,67960,67898.398,5957.9987,6260.83
2026-02-07 06:30:00,263.17,249.89,68985,69028.5,5985.5635,6390.26
2026-02-07 06:45:00,263.17,247.88,70175,70113.898,5911.4446,6533.91
2026-02-07 07:00:00,263.16,255.01,71455,71475.297,5996.7981,6690.3
2026-02-07 07:15:00,263.16,254.12,72890,72272.102,6055.451,6861.02
2026-02-07 07:30:00,264.92,257.59,74885,74628.102,6265.7351,7100.36
2026-02-07 07:45:00,269.96,266,76640,76505.703,6550.71,7440.91
2026-02-07 08:00:00,269.96,264.34,77695,76985.297,6914.993,7872.91
2026-02-07 08:15:00,270.02,270,80115,79519,7320.6568,8429.14
2026-02-07 08:30:00,280,271.46,82810,78448.898,8016.4081,8997.59
2026-02-07 08:45:00,280.3,-50,84330,78821.102,8227.2852,9615.93
2026-02-07 09:00:00,290,265,85320,79219.102,9424.6747,10284.1
2026-02-07 09:15:00,284.85,255.52,86165,79518.703,9954.7932,11010.3
2026-02-07 09:30:00,282.33,264.31,86595,80767.898,10545.5589,11642.7
2026-02-07 09:45:00,279.58,257.67,86665,78979.5,10953.4477,12260.8
2026-02-07 10:00:00,274.49,43.25,86020,78726.102,11405.9832,12846
2026-02-07 10:15:00,269.76,43.25,84700,76432.297,11857.9939,13422.4
2026-02-07 10:30:00,260,43.25,82165,76476.602,12065.1137,13940.4
2026-02-07 10:45:00,252.63,195,81860,76261.203,12585.2397,14447
2026-02-07 11:00:00,249.91,-10,81770,75317.398,12921.0039,14917.9
2026-02-07 11:15:00,242.67,-50,81620,74354,12726.8267,15273.7
2026-02-07 11:30:00,240.74,-50,81330,74778.898,13016.0366,15594
2026-02-07 11:45:00,220.01,71.45,79810,73307.102,13171.4268,15820.1
2026-02-07 12:00:00,201.61,-50,77805,72060.703,11872.2246,16011.9
2026-02-07 12:15:00,72.53,-50,74780,69104.5,11725.4326,16351.6
2026-02-07 12:30:00,201.98,-50,77845,72201.797,11205.1494,16465.199
2026-02-07 12:45:00,124.05,-50,76865,71644.703,11382.4815,16515.6
2026-02-07 13:00:00,138.22,-50,76425,71469,11324.9756,16502
2026-02-07 13:15:00,146.84,-15.67,75915,71527.703,11489.4048,16431.301
2026-02-07 13:30:00,235.21,-50,76695,71221.398,11770.2793,16358.4
2026-02-07 13:45:00,203.38,-50,78555,72525.703,10693.2998,16266.3
2026-02-07 14:00:00,241.22,-50,80990,73796.5,10320.7187,16121.5
2026-02-07 14:15:00,136.2,-50,80080,71433.5,9335.6421,15972.3
2026-02-07 14:30:00,72.82,-50,78590,70753.297,10285.5454,15764.7
2026-02-07 14:45:00,74.18,-50,78430,71199.297,10744.6846,15503.7
2026-02-07 15:00:00,75.97,-50,78810,71811.797,10686.2705,15194.3
2026-02-07 15:15:00,70.85,-50,79305,74104.203,10712.2226,14676.4
2026-02-07 15:30:00,74.82,-50,80380,74722.703,10719.2827,14310.6
2026-02-07 15:45:00,170,-50,81270,75262.102,10284.6303,13937.7
2026-02-07 16:00:00,230.42,-50,82460,76852.703,11262.7675,13523.3
2026-02-07 16:15:00,235.88,-50,83900,77569.102,11061.3994,13126.2
2026-02-07 16:30:00,250.44,205.2,85370,79663.297,11010.3442,12693.6
2026-02-07 16:45:00,263.11,243,86980,82286.398,10949.0803,12258.3
2026-02-07 17:00:00,271,252,88505,83867.203,10650.4,11821.3
2026-02-07 17:15:00,270.3,255.2,89505,85148.602,10601.2538,11612
2026-02-07 17:30:00,280,265.1,90890,86883.203,10799.6821,11295.3
2026-02-07 17:45:00,286.1,242.2,90405,85948.203,10662.2173,10971.6
2026-02-07 18:00:00,295.1,279.28,90435,87810.297,10550.792,10714.2
2026-02-07 18:15:00,298.27,300,91410,89885.5,10591.3525,10394.8
2026-02-07 18:30:00,305.41,314.84,93415,92168.797,10934.7032,10336.7
2026-02-07 18:45:00,310,316,94790,93259.102,11083.6308,10412.1
2026-02-07 19:00:00,309.95,302.1,95850,92936.203,11231.1299,10526.5
2026-02-07 19:15:00,307.93,270,96055,92818.203,11271.2464,10704.2
2026-02-07 19:30:00,312.95,270,97500,94941.602,11401.6316,10806.6
2026-02-07 19:45:00,309.95,280,97390,94619.898,11520.2778,10922.8
2026-02-07 20:00:00,307.93,293.1,96595,94327.297,11688.0168,11009
2026-02-07 20:15:00,309.04,280.31,95230,92726.797,12009.1667,10976.6
2026-02-07 20:30:00,310.5,279,95255,93029,12333.6015,11049.7
2026-02-07 20:45:00,310.98,280.2,94700,92360.703,12531.6869,11136.9
2026-02-07 21:00:00,309.87,270.1,94020,92377.102,12694.1216,11217.1
2026-02-07 21:15:00,308.81,281.24,93075,91493.398,12768.63,11543.5
2026-02-07 21:30:00,310.98,283,92455,90997,12645.8004,11597.9
2026-02-07 21:45:00,307.8,285.33,91455,90253.703,12835.3586,11654.2
2026-02-07 22:00:00,296.45,275.3,90200,88947.297,13186.1195,11708.8
2026-02-07 22:15:00,295.1,280,88550,87650.5,13172.4241,11675.6
2026-02-07 22:30:00,294,44.48,86735,85511.898,13139.138,11718.2
2026-02-07 22:45:00,283,265.1,85135,84264.602,13164.3083,11779.8
2026-02-07 23:00:00,275,265.3,83455,81741.102,13219.1002,11847.4
2026-02-07 23:15:00,270,230.24,81105,80340.602,13115.4073,11672
2026-02-07 23:30:00,263.37,259,78925,77832.102,13295.832,11734.1
2026-02-07 23:45:00,263.09,240,77120,75807,13065.6726,11741.5
2026-02-08 00:00:00,252,255.5,74730,73838.5,13112.3386,11829.3
2026-02-08 00:15:00,98.79,-0.53,74670,72911.5,12876.8056,12225.2
2026-02-08 00:30:00,368.94,-49.38,81195,80828.102,12874.4466,12713.8
2026-02-08 00:45:00,245.07,205,80360,80424.703,13052.143,12769.2
2026-02-08 01:00:00,196.28,0,77905,76987.898,13209.6772,12828.8
2026-02-08 01:15:00,195.33,54.46,75675,75442.297,13372.9061,12890.9
2026-02-08 01:30:00,196.33,-50,73830,73595.602,13580.429,12948.4
2026-02-08 01:45:00,176.49,0,72380,72418.602,13630.9712,12976.7
2026-02-08 02:00:00,140.93,-50,71100,70874.297,13729.3151,13012.7
2026-02-08 02:15:00,92.63,0,69985,70065,13687.9524,12816.4
2026-02-08 02:30:00,100,-50,68700,68953.102,13847.7611,12855.5
2026-02-08 02:45:00,84.2,-40,67920,67767.5,14052.6777,12875.9
2026-02-08 03:00:00,43.25,-50,66435,67087,14210.9779,12903
2026-02-08 03:15:00,100,-50,66080,66109.203,13889.4432,12933.8
2026-02-08 03:30:00,43.25,-50,65130,64392.102,13824.2852,12958.4
2026-02-08 03:45:00,43.25,-50,64350,63854.199,13361.2864,12968.6
2026-02-08 04:00:00,43.25,-50,63570,62978.199,13647.5908,12980.3
2026-02-08 04:15:00,43.25,-50,62720,63368.199,13792.5028,12987.3
2026-02-08 04:30:00,43.25,0,62100,62932.602,13741.6939,12985.3
2026-02-08 04:45:00,43.25,-40,61685,62750.398,13949.359,12990.8
2026-02-08 05:00:00,43.25,-50,61285,62551.699,13970.9725,12996.2
2026-02-08 05:15:00,43.25,-50,61000,62008.699,13979.9257,12998.1
2026-02-08 05:30:00,43.25,-50,61560,61315.801,13577.7313,12996.5
2026-02-08 05:45:00,43.25,-50,61670,62118.898,13203.2163,13003
2026-02-08 06:00:00,43.25,-50,62120,62556,13336.6419,12972.8
2026-02-08 06:15:00,43.25,-50,62550,62579.398,13671.1716,12881.8
2026-02-08 06:30:00,43.25,-50,63455,63532.5,13933.6167,12871.4
2026-02-08 06:45:00,48.95,-50,64405,64345.699,13760.4981,12878
2026-02-08 07:00:00,43.25,43.25,65015,65764.703,13693.4713,12884.3
2026-02-08 07:15:00,43.25,-50,65875,66629.602,13559.1277,12907
2026-02-08 07:30:00,92.13,-50,67420,68481.898,13626.5774,13037.6
2026-02-08 07:45:00,102.07,46.67,68675,69699.703,13745.7966,13246.1
2026-02-08 08:00:00,109.82,-50,69610,70933.203,13829.0447,13566.7
2026-02-08 08:15:00,43.25,0,70090,72617.102,14066.5319,13936.9
2026-02-08 08:30:00,43.25,48.97,71325,73474.898,14363.4338,14428.5
2026-02-08 08:45:00,43.25,49.68,72255,73757.703,14634.8709,14995
2026-02-08 09:00:00,150.2,212.13,72280,75046.297,14798.3833,15652.7
2026-02-08 09:15:00,43.25,242.8,73310,75479.5,15091.5632,16365.6
2026-02-08 09:30:00,43.25,243.83,73580,76045.5,15359.8212,17024.5
2026-02-08 09:45:00,-12.14,229.21,73615,75865.797,15643.5696,17679.4
2026-02-08 10:00:00,43.45,43.54,73395,75218.203,15809.5879,18330.801
2026-02-08 10:15:00,-6.77,0.16,71905,74412.703,16252.8611,18987.199
2026-02-08 10:30:00,-48.59,-50,69905,71398.398,16505.0105,19570.699
2026-02-08 10:45:00,-48.5,43.54,69400,71601.203,16577.9236,20150.9
2026-02-08 11:00:00,-48.46,44.33,68605,70589.102,17060.9138,20688.6
2026-02-08 11:15:00,-48.4,0.59,68590,68970.898,17108.0119,21094.199
2026-02-08 11:30:00,-48.4,-42.5,68675,68499.297,17122.4234,21529.9
2026-02-08 11:45:00,-48.4,1.92,68560,66778.703,16898.9302,21881.5
2026-02-08 12:00:00,-48.31,-48.74,66560,65430.301,16448.3643,22168.301
2026-02-08 12:15:00,-44.79,-50,62960,62689.699,15427.2944,22696.301
2026-02-08 12:30:00,-48.49,1.05,64270,65942.102,16157.0772,22821.199
2026-02-08 12:45:00,-46.57,-38.79,63675,64595.801,16620.6787,22890.699
2026-02-08 13:00:00,-44.83,-49.14,63570,63689.5,16361.4156,22857.1
2026-02-08 13:15:00,-47.21,-47.17,63625,63223.898,15789.5181,22735.699
2026-02-08 13:30:00,-47.11,-47.17,63800,63078.102,15601.6294,22555.301
2026-02-08 13:45:00,-47.58,-48.79,65625,64077.199,14931.3091,22351.301
2026-02-08 14:00:00,-48.33,-48.04,66805,63732.898,14872.3115,22046.801
2026-02-08 14:15:00,-49.34,-50,65420,62621.898,12935.6684,21770.1
2026-02-08 14:30:00,-49.34,-50,64800,61975.301,11801.4209,21347.4
2026-02-08 14:45:00,-49.53,-50,65370,62357.301,11859.6494,20842.199
2026-02-08 15:00:00,-49.82,-50,66210,62440.199,12167.9317,20291.1
2026-02-08 15:15:00,-49.57,-50,66935,63082.602,11894.0655,19467.4
2026-02-08 15:30:00,-49.83,-50,67825,63111,12202.7763,18799.6
2026-02-08 15:45:00,-49.81,-50,69105,64561.5,11905.5527,18102.5
2026-02-08 16:00:00,-33.29,-50,70820,65876.102,12093.7319,17358.6
2026-02-08 16:15:00,0.21,-50,72270,67682.898,11737.3626,16558.699
2026-02-08 16:30:00,91.23,-50,73805,69400,13519.7837,15683.5
2026-02-08 16:45:00,117.64,0,75405,72958.297,13424.3179,14829.2
2026-02-08 17:00:00,136.48,70.43,77660,75613.398,13398.1218,14003.2
2026-02-08 17:15:00,135.62,-0.02,79835,76895.102,13183.8053,13422.3
2026-02-08 17:30:00,194.82,-2.11,81665,79540.102,12714.6982,12751.5
2026-02-08 17:45:00,209.74,-1.17,81330,80093.703,12582.7057,12096.4
2026-02-08 18:00:00,230.3,230.87,81675,82032.102,12401.748,11565.3
2026-02-08 18:15:00,220.55,207.61,83315,83011.398,12345.1395,11061
2026-02-08 18:30:00,252.05,117.9,85120,85508.297,12121.6485,10857.5
2026-02-08 18:45:00,250,369.78,86255,86984,12035.8325,10838.7
2026-02-08 19:00:00,277.98,250.1,86265,87206.398,11926.3324,10869.7
2026-02-08 19:15:00,250,238.49,86215,87378.203,12199.8122,10951
2026-02-08 19:30:00,254.96,259.8,88000,88539.703,12266.6535,10980.7
2026-02-08 19:45:00,274,0,87890,88517.102,12388.4165,11000.4
2026-02-08 20:00:00,261.47,250.1,87145,88784.297,12420.673,11024
2026-02-08 20:15:00,267.05,257,86440,87787.398,12440.2264,10969.4
2026-02-08 20:30:00,254.06,251.38,86325,87809.602,12595.8171,10963.8
2026-02-08 20:45:00,259.86,255,86380,88218.703,12621.794,10973.1
2026-02-08 21:00:00,260,260,86160,87805.102,12515.7407,10973
2026-02-08 21:15:00,260,259.95,85545,87353.398,12665.5508,11238.6
2026-02-08 21:30:00,265.29,260,85100,86559.898,12800.3339,11206.3
2026-02-08 21:45:00,260,255,83955,85814.203,12680.6958,11171.4
2026-02-08 22:00:00,250.3,245,82855,84674.398,12930.7306,11136.4
2026-02-08 22:15:00,256.12,244.91,81360,82336.703,12849.7293,10979.2
2026-02-08 22:30:00,258.19,50,80025,81815.297,12678.4792,10925.7
2026-02-08 22:45:00,252.08,244.9,78630,79870.602,12744.9264,10866.8
2026-02-08 23:00:00,230.3,243,76790,77935,12834.814,10773
2026-02-08 23:15:00,230,105.14,75060,76774.898,12728.3347,10401.5
2026-02-08 23:30:00,205.2,243.2,73105,74186.602,12678.5239,10358.3
2026-02-08 23:45:00,205.67,210.08,71655,72368.5,12686.0639,10312.7
2026-02-09 00:00:00,199.38,105.88,69650,70634.203,12725.0834,10258.4
2026-02-09 00:15:00,244.73,250.2,69170,70868.102,12509.271,10624.2
2026-02-09 00:30:00,280.14,267,75945,78256.703,12397.3894,10565.3
2026-02-09 00:45:00,262,248,75160,76086.898,12315.1498,10526.7
2026-02-09 01:00:00,261.1,250,72695,74833.602,12385.1718,10495.6
2026-02-09 01:15:00,261.76,219.95,70795,71835.203,12374.7021,10511.6
2026-02-09 01:30:00,258,-50,69225,70073.898,11935.1483,10479.4
2026-02-09 01:45:00,251.71,-50,67765,68940.297,11803.8531,10436.1
2026-02-09 02:00:00,250.35,-50,66705,66792.797,11039.5913,10398.8
2026-02-09 02:15:00,249,-49.99,65360,65686.898,10192.4794,10171.9
2026-02-09 02:30:00,243.13,-50,64430,64996.102,9578.4029,10155.4
2026-02-09 02:45:00,238.53,-50,63375,63771.199,9349.6415,10142.7
2026-02-09 03:00:00,200,-50,62500,63153.801,8765.1878,10136.1
2026-02-09 03:15:00,216.74,-50,61595,62045.301,8640.8294,10141.4
2026-02-09 03:30:00,183.51,-50,60820,61448.602,8824.3462,10141.3
2026-02-09 03:45:00,179.49,-50,60370,60840,8847.7983,10149.7
2026-02-09 04:00:00,148.84,-50,59645,59743.898,8560.0747,10158.8
2026-02-09 04:15:00,145.7,-50,59250,59301.398,8500.0287,10169.6
2026-02-09 04:30:00,150,-50,58805,58145.301,8076.5837,10184
2026-02-09 04:45:00,145.7,-50,58375,57620.199,7885.399,10210.3
2026-02-09 05:00:00,110.79,-50,58185,57414.398,8266.7346,10249.4
2026-02-09 05:15:00,110.79,-50,58000,57541.199,8108.24,10309.2
2026-02-09 05:30:00,136.42,-50,58635,57637.699,8074.0204,10358
2026-02-09 05:45:00,136.12,-50,58915,58095.301,8023.7045,10422.8
2026-02-09 06:00:00,136.33,-50,59365,58366.398,8065.7879,10477.6
2026-02-09 06:15:00,173.04,-50,60150,59246.102,9029.9313,10475.4
2026-02-09 06:30:00,142.44,-50,61145,60617.699,9690.5177,10508.6
2026-02-09 06:45:00,195.4,-50,62385,61756.898,10447.4083,10535.5
2026-02-09 07:00:00,194.89,-50,63730,62598.898,11195.6992,10559.1
2026-02-09 07:15:00,194.05,-50,65000,65057.602,11100.2338,10565.8
2026-02-09 07:30:00,229.39,187.72,67110,67528.398,11292.6883,10787
2026-02-09 07:45:00,207.9,207.09,67990,68403.203,11421.7491,11081.8
2026-02-09 08:00:00,243.1,56.25,69295,69212,11427.6704,11484.8
2026-02-09 08:15:00,234.05,213.89,70640,69800.297,11586.1339,12051.4
2026-02-09 08:30:00,246.95,3.4,72030,71529.102,12343.8048,12646.2
2026-02-09 08:45:00,227.66,-41.3,72800,70833.297,12860.333,13281.3
2026-02-09 09:00:00,224.96,-42.43,73240,71537.102,13065.7522,13939.8
2026-02-09 09:15:00,211.76,-46.15,73320,71442,13485.8293,14653.4
2026-02-09 09:30:00,210.95,-45.44,73895,72245.102,13693.4211,15276.3
2026-02-09 09:45:00,208.91,-45.94,73870,71777.703,13248.603,15828.9
2026-02-09 10:00:00,214.27,-44.35,73725,70650.703,12446.1719,16377.4
2026-02-09 10:15:00,186.24,-50,72625,69807.602,11741.9026,16943.801
2026-02-09 10:30:00,31.62,-39.03,70605,67783.703,12313.1084,17365.699
2026-02-09 10:45:00,19.26,-38.67,70110,68421.102,13257.6552,17820.801
2026-02-09 11:00:00,36.96,-31.73,70145,67976.703,13591.7474,18201.801
2026-02-09 11:15:00,2.17,-32.46,70060,68139.5,14034.9756,18504.4
2026-02-09 11:30:00,36.96,18.4,69905,67908.5,14835.7034,18747.6
2026-02-09 11:45:00,45.46,50.32,68810,66768.797,15237.3784,18892
2026-02-09 12:00:00,23.31,0.16,67160,66269,15264.0869,18965
2026-02-09 12:15:00,-10.39,-46.97,64800,64027.199,15177.4531,19243.699
2026-02-09 12:30:00,45.76,213.18,67040,68005.703,15292.732,19178.4
2026-02-09 12:45:00,23.95,154.72,66355,67593.898,15531.4199,19063.801
2026-02-09 13:00:00,25.33,142.95,66670,67007.797,15500.4853,18895.9
2026-02-09 13:15:00,25.92,4.5,66315,66220,14896.0518,18640.801
2026-02-09 13:30:00,23.28,-43.74,66905,66054.898,14832.6611,18370.9
2026-02-09 13:45:00,23.14,156.82,67720,66299.297,14709.7422,18053.301
2026-02-09 14:00:00,25.47,-46.39,69040,65591.703,13888.9795,17676.4
2026-02-09 14:15:00,25.03,-46.35,68250,64741.5,12393.209,17279.6
2026-02-09 14:30:00,20.67,-46.4,67575,64330.5,11418.9878,16803.9
2026-02-09 14:45:00,30.62,-47.03,67960,65589.602,11222.9731,16269.1
2026-02-09 15:00:00,13.83,-47.87,68550,66804.703,10994.0163,15692.8
2026-02-09 15:15:00,38.15,-48.03,69355,67651,10659.4976,14886.8
2026-02-09 15:30:00,22.21,-4.71,69925,68268.297,11016.3785,14237.5
2026-02-09 15:45:00,29,-47.45,70915,69841.102,11024.3076,13599.1
2026-02-09 16:00:00,34.81,-45.83,72195,70413.102,10617.4301,12906
2026-02-09 16:15:00,34.71,-45.82,73730,71772.297,10678.2976,12204.3
2026-02-09 16:30:00,155.12,-48.14,75635,73359.203,10381.3806,11543.2
2026-02-09 16:45:00,197.34,1.95,77200,74473.5,10576.1636,10855.1
2026-02-09 17:00:00,212.02,-48.37,78825,76620.203,10391.7439,10196.7
2026-02-09 17:15:00,215.62,1.89,80500,77915.797,10305.9792,9764.9
2026-02-09 17:30:00,242.06,220.52,82145,79977.602,10109.1142,9207.34
2026-02-09 17:45:00,257.05,260.58,82305,80919.797,9793.4791,8664.99
2026-02-09 18:00:00,265.1,265.1,83115,82480.398,9604.7724,8232.08
2026-02-09 18:15:00,270.41,265,84990,83745.898,9473.2991,7883.36
2026-02-09 18:30:00,270.3,259.95,86510,85181.5,9461.9563,7719.11
2026-02-09 18:45:00,275,264.41,87585,85606.102,9421.729,7696.43
2026-02-09 19:00:00,276.07,267.53,87650,86424.898,9408.7069,7723.32
2026-02-09 19:15:00,270.2,265.52,87320,86574.898,9355.1831,7793.31
2026-02-09 19:30:00,274.96,266,89000,88202.898,9395.2473,7815.1
2026-02-09 19:45:00,275.18,281.13,88495,87767.102,9274.2087,7809.8
2026-02-09 20:00:00,275.88,270.15,88050,87591.203,9366.7037,7795.71
2026-02-09 20:15:00,272.9,274.42,87095,86172.102,9394.945,7749.07
2026-02-09 20:30:00,275,269.96,87205,86201.203,9392.186,7755.82
2026-02-09 20:45:00,276.42,270.2,86925,86109.797,9513.8645,7747.84
2026-02-09 21:00:00,274.98,288.69,86705,85773.102,9543.1003,7724.22
2026-02-09 21:15:00,275.13,269.98,86085,84904.398,9594.726,7765.21
2026-02-09 21:30:00,280,270.01,85470,84469.297,9598.6923,7712.61
2026-02-09 21:45:00,289.98,280.44,84460,84110.297,9665.6514,7668.31
2026-02-09 22:00:00,272.73,265.04,83340,82668.797,9347.5311,7624.18
2026-02-09 22:15:00,270.55,255.01,81940,80882.898,9331.4785,7438.89
2026-02-09 22:30:00,267.82,264.01,80150,79390.102,9040.8779,7386.25
2026-02-09 22:45:00,266.91,250.01,78970,78557.602,8781.6807,7338.57
2026-02-09 23:00:00,266.81,252.02,76900,76582.203,8528.9444,7288.45
2026-02-09 23:15:00,264.98,255.01,74660,73901.898,8479.5988,7009.45
2026-02-09 23:30:00,262.64,250.02,73370,72402.203,8334.6094,7001.06
2026-02-09 23:45:00,258.02,212.29,71130,69999.203,8248.6091,6963.83
2026-02-10 00:00:00,244.63,64.93,69390,68672.898,8122.8225,6913.65
2026-02-10 00:15:00,250.3,315.14,67885,68593.797,7955.8225,6918.83
2026-02-10 00:30:00,319.99,334.07,75925,76769.602,7862.6346,7425.05
2026-02-10 00:45:00,300,290,75210,74204.5,7778.0203,7376.44
2026-02-10 01:00:00,294.28,278.1,72780,72453.297,7667.9687,7329.9
2026-02-10 01:15:00,294.49,280,70750,69878.398,7469.6989,7284.31
2026-02-10 01:30:00,295.52,270,68980,68438.297,7360.7415,7229.81
2026-02-10 01:45:00,279.57,270,67780,66567.398,7359.8627,7172.26
2026-02-10 02:00:00,274,265.2,66090,65123.898,7327.715,7109.07
2026-02-10 02:15:00,270.26,265.34,64825,63922.699,7180.2666,6914.39
2026-02-10 02:30:00,266.68,258,64090,63457.5,7301.2578,6844.79
2026-02-10 02:45:00,264.53,260,62935,62357.5,7388.3458,6769.27
2026-02-10 03:00:00,265,250,62035,61430.5,7484.6349,6694.65
2026-02-10 03:15:00,260,50.1,60745,60720,7270.4951,6589.22
2026-02-10 03:30:00,250.05,0,60285,59577.398,7000.3245,6525.85
2026-02-10 03:45:00,246.5,-10,59505,58560.801,6894.1129,6460.63
2026-02-10 04:00:00,220,-50,58715,58076.199,6941.4418,6395.42
2026-02-10 04:15:00,200.1,-50,58030,57333.102,6918.3044,6354.47
2026-02-10 04:30:00,200,-50,57785,57414.5,6811.2129,6283.12
2026-02-10 04:45:00,198.5,-50,56970,56518.199,6795.2952,6214.63
2026-02-10 05:00:00,186.37,-50,56690,56891.301,6695.2616,6148.76
2026-02-10 05:15:00,186,-50,56500,56274.801,6882.004,6051.1
2026-02-10 05:30:00,200,-50,56790,56620.801,6511.2225,6005.96
2026-02-10 05:45:00,195,-49.47,57225,56334.102,6845.4582,5946.82
2026-02-10 06:00:00,201.68,-49.48,57620,57269,6892.0721,5888.96
2026-02-10 06:15:00,214.94,0,58180,57971.301,6919.9225,5697.28
2026-02-10 06:30:00,230.2,200,59240,59866.398,6959.4132,5632.96
2026-02-10 06:45:00,246.6,200,60455,60637.699,6970.4267,5570.52
2026-02-10 07:00:00,243,230,61065,62121.398,6936.3834,5507.05
2026-02-10 07:15:00,246.78,260,62170,63353.102,6863.0101,5441.17
2026-02-10 07:30:00,255,260,64025,64544.398,6847.0633,5479.79
2026-02-10 07:45:00,265,230.2,65455,66044.398,6639.3482,5584.02
2026-02-10 08:00:00,270,255,67350,67006.602,6661.6213,5777.98
2026-02-10 08:15:00,270,270,68140,68303.797,6926.8046,6098.19
2026-02-10 08:30:00,270,270,69055,68497.398,7061.1133,6380.67
2026-02-10 08:45:00,270,0,69860,69378.5,6965.844,6708.99
2026-02-10 09:00:00,270,270,69935,70299.102,7071.0957,7055.95
2026-02-10 09:15:00,270.2,270,70610,70664.5,7165.1318,7499.01
2026-02-10 09:30:00,272,270,71335,71774.203,7412.2051,7847.29
2026-02-10 09:45:00,271.17,270,71400,70622,7480.1118,8150.31
2026-02-10 10:00:00,270.91,220.22,71220,70423.203,7427.1323,8474.02
2026-02-10 10:15:00,271.22,203.56,71165,69642.297,7523.1198,8764.26
2026-02-10 10:30:00,255.83,100,68725,68420.203,7757.539,9046.64
2026-02-10 10:45:00,237.9,71.15,68550,68380.102,8181.9893,9319.97
2026-02-10 11:00:00,221.06,-38.61,67995,67770.203,8380.0183,9593.18
2026-02-10 11:15:00,249.58,1.25,68375,67896.898,8403.2744,9845.6
2026-02-10 11:30:00,248.45,202.49,68540,68361.297,8472.781,10028.3
2026-02-10 11:45:00,242.8,257.55,67765,67517,8445.2661,10159.7
2026-02-10 12:00:00,247.8,245.92,66635,67396.398,8603.5996,10249
2026-02-10 12:15:00,202.75,74.51,65135,65087.301,8544.915,10348
2026-02-10 12:30:00,244.9,255.31,66975,67881.797,8727.0811,10358.3
2026-02-10 12:45:00,242.8,259.82,66360,66760.602,8634.0913,10338
2026-02-10 13:00:00,202.88,-1.09,65820,64483.5,8503.7268,10267.4
2026-02-10 13:15:00,202.88,-34.49,65330,63782.5,8354.4599,10169
2026-02-10 13:30:00,248.45,0.7,65700,63452.801,8035.8144,10059.8
2026-02-10 13:45:00,242.8,-50,66760,63724.801,7596.7199,9905.01
2026-02-10 14:00:00,213.39,5.21,67605,63399,7605.7491,9710.89
2026-02-10 14:15:00,189.22,-48.95,65950,62421.602,6345.7827,9481.68
2026-02-10 14:30:00,148.75,-47.14,64355,61049.5,6945.2812,9190.03
2026-02-10 14:45:00,170.97,-50,64750,59528.102,6908.5959,8859.03
2026-02-10 15:00:00,131.51,-50,64995,60235.699,5379.4483,8503.18
2026-02-10 15:15:00,151.16,-50,65080,60104,5087.6836,8079.26
2026-02-10 15:30:00,158.75,-50,65850,61366.602,5044.3171,7681.19
2026-02-10 15:45:00,160.44,-50,66565,62149.398,5068.5046,7239.93
2026-02-10 16:00:00,189.97,-50,67340,64414.199,5354.04,6775.18
2026-02-10 16:15:00,190.46,-50,68855,64229.199,5050.2786,6281.86
2026-02-10 16:30:00,249.5,-50,70690,65995.297,4575.8257,5770.59
2026-02-10 16:45:00,266.54,0,72370,67293.797,5000.4106,5242.56
2026-02-10 17:00:00,273.01,255,73920,68143.297,4673.393,4720.64
2026-02-10 17:15:00,276,220,75475,69950.898,4401.1838,4293.3
2026-02-10 17:30:00,286.1,268.6,76865,72739.703,4117.5747,3837.96
2026-02-10 17:45:00,300.15,285,77630,75002,3729.4676,3407.87
2026-02-10 18:00:00,323.23,360,78485,76543,3365.802,3013.77
2026-02-10 18:15:00,358.05,300.26,79880,78579.5,3113.8295,2755.28
2026-02-10 18:30:00,351.81,290.06,81395,80063.797,2928.4552,2602.22
2026-02-10 18:45:00,408.89,285.01,82905,81499.5,2877.6264,2574.65
2026-02-10 19:00:00,415.44,300.06,83900,82632.898,3000.0493,2590.6
2026-02-10 19:15:00,411.32,280,83900,82462.602,3011.3228,2639.38
2026-02-10 19:30:00,423.64,301.46,85500,83948.203,3140.7557,2668.16
2026-02-10 19:45:00,461.62,299.21,85085,83953.703,3255.1181,2695.9
2026-02-10 20:00:00,417.44,299.72,84530,83522.797,3447.4131,2715.53
2026-02-10 20:15:00,413.16,315.13,84005,82722.102,3462.4036,2749.58
2026-02-10 20:30:00,413.16,299.01,83790,82512.797,3718.6769,2745.59
2026-02-10 20:45:00,347.66,282,83440,81607.203,3976.063,2758.58
2026-02-10 21:00:00,462.27,280.01,83130,81503.797,4244.2891,2760.37
2026-02-10 21:15:00,422.02,299.99,82285,81049.797,4366.386,2786.66
2026-02-10 21:30:00,429.12,319.99,81770,80678.797,4233.6403,2777.74
2026-02-10 21:45:00,408.95,313.19,81250,80332.398,4149.7965,2764.94
2026-02-10 22:00:00,399.44,320.09,79880,78127.898,4247.4537,2755.76
2026-02-10 22:15:00,366.67,280.16,78640,76838.5,4185.2414,2703.32
2026-02-10 22:30:00,332.62,297.49,76915,75228.602,4121.075,2690.92
2026-02-10 22:45:00,325.01,300,75350,74252.703,4008.8268,2678.06
2026-02-10 23:00:00,312.38,285,73460,72844.297,3814.3914,2660.67
2026-02-10 23:15:00,292.6,300,71570,70726.703,3682.1471,2550.28
2026-02-10 23:30:00,285,280.3,69325,68624.797,3458.2735,2532.3
2026-02-10 23:45:00,280,280,67030,67165.203,3294.5559,2508.15
2026-02-11 00:00:00,270,270.3,65305,64463.898,3132.0275,2468.32
2026-02-11 00:15:00,280,281,62445,64862.301,2871.4513,2340.46
2026-02-11 00:30:00,320,333.78,69875,71735.602,2721.2419,2918.22
2026-02-11 00:45:00,301.28,270,69055,70018.203,2672.134,2889.77
2026-02-11 01:00:00,275,279.98,67280,68050.898,2558.768,2860.06
2026-02-11 01:15:00,271,270.2,65085,65776.297,2395.9147,2846.56
2026-02-11 01:30:00,268.9,249.61,63665,63765.801,2383.1276,2812.26
2026-02-11 01:45:00,265.2,252.63,62150,62245,2260.7673,2774.53
2026-02-11 02:00:00,260.27,250.3,60945,61730.398,2246.7333,2737.54
2026-02-11 02:15:00,255,249.75,59585,60440.699,2289.2742,2679.63
2026-02-11 02:30:00,256.51,202.85,58615,58997.602,2279.4574,2652.66
2026-02-11 02:45:00,252.74,0,57590,57972.398,2310.3946,2622.28
2026-02-11 03:00:00,250,-49,56820,57171.699,2278.7008,2586.63
2026-02-11 03:15:00,252.74,0,55895,55984.199,2325.8812,2553.76
2026-02-11 03:30:00,248.18,-50,55325,55159.801,2454.6945,2517.19
2026-02-11 03:45:00,230,-50,54370,54411.5,2511.4598,2481.84
2026-02-11 04:00:00,205.84,-50,53950,53571.801,2548.0394,2446.78
2026-02-11 04:15:00,200,-50,53305,53329.5,2477.3127,2423.69
2026-02-11 04:30:00,195.75,-1.51,53000,52733.398,2534.5407,2406.89
2026-02-11 04:45:00,195.75,-50,52575,52482.801,2303.5975,2388.88
2026-02-11 05:00:00,187.1,-30.71,52060,52019.699,2460.5426,2376.74
2026-02-11 05:15:00,187.1,-0.08,52000,51568.199,2524.8578,2358.72
2026-02-11 05:30:00,195.75,-50,52220,51831.102,2502.948,2346.9
2026-02-11 05:45:00,190.29,-50,52620,52659.301,2652.3878,2337.69
2026-02-11 06:00:00,200.2,-0.08,53285,53363.801,2481.4649,2325.01
2026-02-11 06:15:00,205.25,-28.63,53945,54140.398,2505.7739,2287.89
2026-02-11 06:30:00,233.13,43.25,55555,55581.301,2522.4074,2295.57
2026-02-11 06:45:00,248.28,43.25,56505,56222.801,2546.5705,2315.49
2026-02-11 07:00:00,246.29,43.25,57290,57410.602,2558.3705,2335.22
2026-02-11 07:15:00,250,47.58,58345,58409.301,2304.1505,2368.64
2026-02-11 07:30:00,252.74,251.51,60115,60231.301,2063.0399,2506.65
2026-02-11 07:45:00,255,178.88,61180,61218.898,2179.5868,2758.7
2026-02-11 08:00:00,256.84,230.13,61625,61756.5,2494.8224,3104.43
2026-02-11 08:15:00,256.84,300,62245,62032.398,2867.9601,3622.16
2026-02-11 08:30:00,259,250,63105,61463.699,3176.2112,4123.37
2026-02-11 08:45:00,265,-49.65,63735,61098.602,3524.5912,4695.52
2026-02-11 09:00:00,265,230,64425,62479,3940.2951,5302.26
2026-02-11 09:15:00,262.54,255,64385,61814.898,4298.0053,5929.21
2026-02-11 09:30:00,261.03,-50,64450,60080.5,3940.4778,6565.48
2026-02-11 09:45:00,258.18,-50,64305,61145.102,4548.0056,7195.21
2026-02-11 10:00:00,258.22,0.02,63535,60210.102,4574.839,7810.79
2026-02-11 10:15:00,256.39,-50,62880,59410.301,4874.7742,8424.34
2026-02-11 10:30:00,201.39,-50,60790,57380.801,4696.0092,8990.39
2026-02-11 10:45:00,179.2,-50,60725,57191.602,5489.8798,9532.32
2026-02-11 11:00:00,143.66,-50,60205,56628.398,5775.2605,10030.3
2026-02-11 11:15:00,82.4,-50,60545,56626.398,5678.7673,10482.8
2026-02-11 11:30:00,81.71,-7,60565,56612.301,6388.5936,10870.7
2026-02-11 11:45:00,83.34,145.23,59750,55630.199,6543.052,11193.3
2026-02-11 12:00:00,98.04,-50,59135,54315,6513.7113,11474.8
2026-02-11 12:15:00,60.74,-50,57185,53077.898,6417.0036,11680.4
2026-02-11 12:30:00,103.05,-48.43,59645,55339.301,6781.2213,11876.9
2026-02-11 12:45:00,93.45,-50,59135,54621.602,6216.198,12015
2026-02-11 13:00:00,82.74,-49.37,58625,54772.801,6214.5707,12065.2
2026-02-11 13:15:00,82.74,-50,57875,54088.199,5607.981,12093.8
2026-02-11 13:30:00,82.74,-50,57795,53829.801,6584.1655,12091.7
2026-02-11 13:45:00,62.81,-50,57800,53742,6284.9928,12027.5
2026-02-11 14:00:00,102.66,-49.42,58175,53982.102,6165.7981,11914.5
2026-02-11 14:15:00,82.74,-50,57515,52459.801,5927.1397,11794.2
2026-02-11 14:30:00,79.39,-7,55740,51460.5,5149.7264,11525
2026-02-11 14:45:00,79.39,17.49,56520,52409.602,4833.1966,11218.5
2026-02-11 15:00:00,79.39,-50,56655,53597.301,5495.6555,10857.7
2026-02-11 15:15:00,79.39,-49.42,57290,54549.102,5032.3016,10452.6
2026-02-11 15:30:00,79.39,-39.53,58075,54979.801,4997.4264,9998.45
2026-02-11 15:45:00,79.39,-50,59255,56013.602,5563.2986,9506.62
2026-02-11 16:00:00,82.01,-50,60305,57060.801,5741.3725,8953.58
2026-02-11 16:15:00,82.01,-50,61890,58806,5685.4004,8366.27
2026-02-11 16:30:00,109.81,-50,63590,59905.301,5452.158,7714.61
2026-02-11 16:45:00,146.55,-50,65185,61921.301,5029.4273,7113.34
2026-02-11 17:00:00,240,-50,67095,64314.602,4868.5313,6534.15
2026-02-11 17:15:00,252.82,94.24,68705,65959.797,4971.5687,6054.97
2026-02-11 17:30:00,272.38,286.7,70625,68341.297,4806.9144,5507.62
2026-02-11 17:45:00,286.39,300.1,72110,69865.398,4447.2292,5031.34
2026-02-11 18:00:00,296.01,314,73855,72322.398,4098.5113,4615.51
2026-02-11 18:15:00,303.82,281.01,75860,73590.703,3875.7127,4264.58
2026-02-11 18:30:00,315.04,290.5,76985,74626.5,3779.656,4119.12
2026-02-11 18:45:00,347.76,325.31,78200,75603.797,3801.723,4141.29
2026-02-11 19:00:00,355.48,300,78885,76605.297,3751.079,4215.39
2026-02-11 19:15:00,355.3,298.34,78795,75800.797,3771.5202,4288.16
2026-02-11 19:30:00,359.69,314.14,80000,76675.602,3828.8607,4369.81
2026-02-11 19:45:00,359.65,290.01,79495,76546.102,3923.5447,4448.51
2026-02-11 20:00:00,355.37,293.19,79300,75966.398,3945.947,4532.74
2026-02-11 20:15:00,322.96,292.02,78260,75462.703,3995.2732,4616.56
2026-02-11 20:30:00,377.73,292.81,78150,76445.102,4110.0381,4677.78
2026-02-11 20:45:00,366.75,360.02,77570,76174.898,4155.0537,4756.13
2026-02-11 21:00:00,374.54,338.68,77440,75493.703,4295.3867,4821.62
2026-02-11 21:15:00,350.16,315.02,76880,75598.203,4484.9279,5029.38
2026-02-11 21:30:00,335.83,302.67,76445,75232.398,4749.3994,5104.29
2026-02-11 21:45:00,350.15,318.01,75685,74443.797,4828.2182,5143.44
2026-02-11 22:00:00,350.15,320.8,74775,73440.102,4873.7017,5180.08
2026-02-11 22:15:00,322.96,315.09,73330,72561.703,4927.2465,5217.05
2026-02-11 22:30:00,320.08,310.01,71610,71380.297,4885.151,5251.09
2026-02-11 22:45:00,305.86,290.36,70185,70272.102,4878.7704,5283.5
2026-02-11 23:00:00,301.1,296.01,68580,67967,4754.9903,5318.94
2026-02-11 23:15:00,285,292.01,66495,66414.797,4747.4687,5167.61
2026-02-11 23:30:00,277.28,290.01,65015,64725.602,4611.6299,5177.57
2026-02-11 23:45:00,266.17,280.3,63410,62550.602,4555.6865,5212.53
2026-02-12 00:00:00,257.19,282,61420,61666.398,4418.1184,5236.1
2026-02-12 00:15:00,199.87,270.09,58680,61831.102,4516.9273,5457.74
2026-02-12 00:30:00,250.06,315.1,64120,68325.797,4508.3864,4904.11
2026-02-12 00:45:00,250.3,219.92,64190,66353,4546.8336,4934.35
2026-02-12 01:00:00,214.01,265.3,61675,64402.699,4563.4506,4969.39
2026-02-12 01:15:00,206.67,255.78,60295,62451,4607.6469,5107
2026-02-12 01:30:00,198.31,255.66,58575,60931.5,4525.8299,5167.36
2026-02-12 01:45:00,191.48,260.01,57080,59347.699,4499.377,5185.43
2026-02-12 02:00:00,189.97,255.16,55690,57833.801,4349.8496,5210.6
2026-02-12 02:15:00,186.71,271.2,54425,56403.699,4206.0288,5238.99
2026-02-12 02:30:00,185.1,245.18,53395,55301.301,4131.5097,5240.63
2026-02-12 02:45:00,181.41,252.04,52285,54535.301,4181.7046,5252.83
2026-02-12 03:00:00,180,250.05,51710,53971.898,4143.7286,5265.29
2026-02-12 03:15:00,201.96,266,50860,53138.199,4105.2384,5218.43
2026-02-12 03:30:00,180.44,250,50025,52526.398,4157.0194,5242.52
2026-02-12 03:45:00,172.89,240.3,49555,52348.5,4229.5258,5274.08
2026-02-12 04:00:00,174.46,280,48845,51825.398,4320.5477,5305.52
2026-02-12 04:15:00,160.05,260,48370,50794.5,4448.614,5334.29
2026-02-12 04:30:00,158.52,145.83,47795,50607,4680.8709,5381.39
2026-02-12 04:45:00,140.88,215.3,47475,50242.199,4809.1732,5431.12
2026-02-12 05:00:00,151.39,199.99,47370,49597,5065.0225,5483.97
2026-02-12 05:15:00,151.79,147.83,47000,49283,5170.1739,5531.75
2026-02-12 05:30:00,158.52,145.8,47390,49292.801,5337.8326,5579.93
2026-02-12 05:45:00,158.52,145.8,47640,49311.301,5441.2855,5635.44
2026-02-12 06:00:00,151.55,-49.99,47760,49809.398,5384.6508,5712.36
2026-02-12 06:15:00,174.74,-0.02,48625,50439.699,5660.4992,5736.62
2026-02-12 06:30:00,173.99,106.78,49385,51424,5776.1254,5780.27
2026-02-12 06:45:00,176.4,190,50530,52680.199,5700.9089,5828.58
2026-02-12 07:00:00,173.82,216.58,51640,53640,5661.2225,5882.2
2026-02-12 07:15:00,174.04,255.18,52425,55126.801,5697.2927,5972.72
2026-02-12 07:30:00,179.29,267.05,54040,56307.199,5742.4208,6181.18
2026-02-12 07:45:00,174.61,250.37,54955,57618.5,5987.2058,6509.29
2026-02-12 08:00:00,181.1,200,55440,57913.398,6278.0763,6986.83
2026-02-12 08:15:00,175.5,250.2,55900,57816.898,6553.18,7724.26
2026-02-12 08:30:00,173.83,256.39,55760,57819.699,6996.6496,8276.61
2026-02-12 08:45:00,172.26,260,55520,57960,7506.9011,8923.13
2026-02-12 09:00:00,168.14,-50,55535,57873.801,7609.2615,9605.4
2026-02-12 09:15:00,166.98,-50,55790,58090.102,8264.3321,10342.3
2026-02-12 09:30:00,163.04,0,55855,58279.602,8786.6248,10992.6
2026-02-12 09:45:00,116.26,160,55330,57895.398,9553.1701,11673.3
2026-02-12 10:00:00,0,146.68,54680,58088.699,9992.3857,12328.5
2026-02-12 10:15:00,-7,145.83,53920,57310.398,10788.3731,12993.5
2026-02-12 10:30:00,-50,-50,52740,56686.102,11735.2178,13478.4
2026-02-12 10:45:00,-50,148.99,51980,56570.102,12067.2764,14008.7
2026-02-12 11:00:00,-50,0,52075,56478.199,12324.1386,14469.2
2026-02-12 11:15:00,-50,50,51760,57026.398,12323.1728,14669.2
2026-02-12 11:30:00,-50,17.49,51710,57002.301,12683.0669,14952.8
2026-02-12 11:45:00,-50,148.28,52040,58184.199,12731.8115,15176.9
2026-02-12 12:00:00,-50,145.83,50905,58302.5,12953.2602,15336
2026-02-12 12:15:00,-9.27,146.68,51180,58049.898,12905.7588,15418.4
2026-02-12 12:30:00,-22.78,151.52,53080,60055.301,12677.9214,15439.6
2026-02-12 12:45:00,4.22,146.68,52625,59399.602,12568.0341,15397.4
2026-02-12 13:00:00,-9.33,146.68,51725,57837.602,12104.7441,15292.6
2026-02-12 13:15:00,-9.45,163.84,51375,57299.898,11613.1841,15133
2026-02-12 13:30:00,-9.21,146.68,50695,56950,11082.1552,14911.3
2026-02-12 13:45:00,-9.29,164.77,51095,56363.5,11106.9512,14626.5
2026-02-12 14:00:00,-9.38,164.77,50840,55798.398,10931.4321,14294.9
2026-02-12 14:15:00,-50,145.83,49490,55086.199,10821.3836,14077.8
2026-02-12 14:30:00,-44.17,0,48835,53629.102,10568.6433,13670.2
2026-02-12 14:45:00,-50,0,48825,52398.5,10467.6103,13226.6
2026-02-12 15:00:00,-50,17.49,49305,52688.199,9872.8533,12733
2026-02-12 15:15:00,-50,145.83,49995,53220.898,9945.0859,12196
2026-02-12 15:30:00,-50,145.83,51085,53406.801,9435.5943,11592.7
2026-02-12 15:45:00,-50,17.49,52265,54111,8944.1768,10939.8
2026-02-12 16:00:00,-50,146.68,53230,54954,8355.0298,10267
2026-02-12 16:15:00,-11.65,145.83,54720,56224.898,7859.8125,9550.45
2026-02-12 16:30:00,-7,146.68,56120,57420.301,7073.9607,8798.63
2026-02-12 16:45:00,-7,146.68,57420,58616.898,6544.7896,8046.15
2026-02-12 17:00:00,-9.27,145.83,58915,60346.102,6090.1162,7321.65
2026-02-12 17:15:00,102.25,272.95,60515,61630.398,5672.8943,6572.76
2026-02-12 17:30:00,168.32,265.78,62315,64137.898,5070.3921,5967.96
2026-02-12 17:45:00,186.06,270,63880,65888,4909.9678,5401.13
2026-02-12 18:00:00,210,280.04,65360,67563,4750.8922,4927.11
2026-02-12 18:15:00,242.19,270.25,67230,67477.297,4456.0511,4586.63
2026-02-12 18:30:00,250.32,250.48,68585,69293.898,4335.9593,4397.88
2026-02-12 18:45:00,258.38,280,69690,70301.602,4189.3511,4362.15
2026-02-12 19:00:00,267.47,285,70535,70513.898,4077.4391,4379.63
2026-02-12 19:15:00,265.16,281,70715,71100.797,3990.1872,4461.13
2026-02-12 19:30:00,261.47,294,71835,72313.797,3963.2872,4491.64
2026-02-12 19:45:00,264.84,270,72000,72143.703,3890.8311,4501.63
2026-02-12 20:00:00,263.11,280.2,71105,72307.102,4117.1087,4531.64
2026-02-12 20:15:00,259.16,289.17,70780,72179.297,4130.3078,4566.39
2026-02-12 20:30:00,302.38,321,70695,72136,4225.3494,4577.08
2026-02-12 20:45:00,266.9,283.17,70115,71727.797,4303.4675,4603.46
2026-02-12 21:00:00,268.81,308.68,69550,70590.797,4416.1337,4628.79
2026-02-12 21:15:00,269.62,260.01,69395,70324.703,4346.6077,4610.13
2026-02-12 21:30:00,270.02,285,68850,70022.797,4200.4738,4624.13
2026-02-12 21:45:00,272.52,291,68185,69013.602,4103.4687,4638.33
2026-02-12 22:00:00,273,-0.13,67795,69010.398,3946.2568,4651.25
2026-02-12 22:15:00,266.02,285.89,66900,68306.398,3776.8281,4627.45
2026-02-12 22:30:00,261.78,271,65365,66093.203,3640.8432,4634.28
2026-02-12 22:45:00,261.63,270.23,63800,64409.5,3745.9471,4638.36
2026-02-12 23:00:00,260.02,269.88,62585,63473.102,3726.5164,4637.39
2026-02-12 23:15:00,255.27,266,60840,61776.801,3719.5212,4604.38
2026-02-12 23:30:00,251.05,270.35,58980,60200.699,3796.2858,4592.63
2026-02-12 23:45:00,223.54,281.01,57435,59002.5,3639.9668,4570.69
2026-02-13 00:00:00,233.24,289.94,56095,57576.801,3502.5057,4515.88
2026-02-13 00:15:00,366.12,320,55440,57011.602,3453.4317,4261.96
2026-02-13 00:30:00,424.41,627.17,61140,63437.898,3472.1821,3977.65
2026-02-13 00:45:00,400,389.01,60685,61793.602,3410.0851,3950.9
2026-02-13 01:00:00,393.62,337.61,58460,59871.102,3437.0249,3926.43
2026-02-13 01:15:00,400,283.95,57425,57718.898,3388.6497,3900.53
2026-02-13 01:30:00,400,284.25,55875,56398,3468.0174,3867.43
2026-02-13 01:45:00,330,316.95,54330,54723.199,3532.5709,3833.05
2026-02-13 02:00:00,325.7,284.25,53215,53943.301,3496.3636,3796.84
2026-02-13 02:15:00,325,308.95,52150,52745.898,3730.0397,3720.57
2026-02-13 02:30:00,320,269.05,51040,51886,3828.1713,3673.19
2026-02-13 02:45:00,334,288.87,50180,51651.898,3805.7051,3633.73
2026-02-13 03:00:00,325,279.07,49565,51038.301,3817.2636,3601.98
2026-02-13 03:15:00,330,318.77,48830,49903.801,3961.8936,3622.56
2026-02-13 03:30:00,312.9,248.77,48060,49440.801,3910.3495,3587.66
2026-02-13 03:45:00,310,278.73,47205,48783.199,3876.032,3553.98
2026-02-13 04:00:00,310,278.73,46675,48206,3951.5482,3517.8
2026-02-13 04:15:00,307.73,284.03,46235,47815.301,3672.5992,3502.55
2026-02-13 04:30:00,308.04,283.73,45845,47297.699,3441.0424,3472.22
2026-02-13 04:45:00,305.93,280.73,45575,46740.102,3232.0052,3443.51
2026-02-13 05:00:00,303.82,308.73,45215,46813.699,3141.6149,3416.97
2026-02-13 05:15:00,305,318.73,45000,46170.102,3083.5223,3328.69
2026-02-13 05:30:00,300,277.03,45275,46601.301,3049.3068,3300.62
2026-02-13 05:45:00,299,278.93,45650,47123.301,3051.3081,3277.04
2026-02-13 06:00:00,298,284.03,45935,47032.699,2986.759,3257.74
2026-02-13 06:15:00,301,223.73,46465,47774.801,2884.1829,3168
2026-02-13 06:30:00,303.82,311.73,47520,48536.801,2909.0149,3145.68
2026-02-13 06:45:00,301,298.73,48390,49247.398,3018.6201,3125.78
2026-02-13 07:00:00,309.6,318.73,49415,49506.199,2666.6513,3107.76
2026-02-13 07:15:00,310,203.73,50500,51326.801,2520.8339,3142.65
2026-02-13 07:30:00,310,338.73,51550,52712.898,2586.5612,3266.77
2026-02-13 07:45:00,299,334.73,51635,53623.199,2701.4845,3515.39
2026-02-13 08:00:00,303.82,332.54,51525,53364.102,2827.5549,3909.2
2026-02-13 08:15:00,300,385.63,51315,54031,3118.5368,4471.28
2026-02-13 08:30:00,303.82,342.78,51010,53348.801,3548.9998,4987.42
2026-02-13 08:45:00,300,267.73,50980,52496,3818.0857,5584.29
2026-02-13 09:00:00,293,311.63,51205,52055.102,4132.3094,6207.68
2026-02-13 09:15:00,285.1,267.73,51340,52347.5,4461.3545,6872.12
2026-02-13 09:30:00,281,41.98,51230,52178.102,4860.5585,7480.64
2026-02-13 09:45:00,270,144.56,50710,52023,5320.0145,8110.86
2026-02-13 10:00:00,240,144.56,50165,51299.301,5697.9807,8738.24
2026-02-13 10:15:00,210.74,99.81,49530,50654.398,6398.7896,9276.17
2026-02-13 10:30:00,210.4,145.55,48720,49665.801,7164.6555,9855.46
2026-02-13 10:45:00,148.99,145.57,47965,50485.898,7926.4258,10420.7
2026-02-13 11:00:00,167.04,146.68,47415,50828,8555.8919,10923.5
2026-02-13 11:15:00,80,0,46960,51494.398,8880.8728,11336.7
2026-02-13 11:30:00,138.72,145.83,47465,51362.602,9226.4606,11683.7
2026-02-13 11:45:00,152.81,0,47695,50161.5,9479.9653,11990.3
2026-02-13 12:00:00,146.68,145.83,46830,50372,9457.0969,12230.8
2026-02-13 12:15:00,146.68,146.68,47110,50013.301,9484.7899,12421.1
2026-02-13 12:30:00,180,148.28,49670,52262.398,9438.7444,12525.7
2026-02-13 12:45:00,186.68,148.99,48980,51508.602,9331.0262,12574.9
2026-02-13 13:00:00,175.54,145.83,48570,50814.602,9469.8153,12574.4
2026-02-13 13:15:00,152.11,148.99,47610,49950.602,9510.6494,12531.8
2026-02-13 13:30:00,166.47,145.83,47200,49607.398,9463.5086,12416.2
2026-02-13 13:45:00,133.63,135.27,47015,48087.301,9649.3941,12251.9
2026-02-13 14:00:00,170.46,20,47045,47953.301,9538.0729,12020.2
2026-02-13 14:15:00,147.13,17.49,45835,46984.102,8750.3933,11780.1
2026-02-13 14:30:00,145.16,0,45045,45990.301,7935.2708,11424.9
2026-02-13 14:45:00,151.32,-50,45590,46618.199,7417.2801,11025.3
2026-02-13 15:00:00,148.09,-50,46155,46579.102,7163.2403,10567.5
2026-02-13 15:15:00,149.27,-50,47050,47385.102,5990.0707,10041
2026-02-13 15:30:00,148.18,-50,47235,47720.602,6246.5387,9460.6
2026-02-13 15:45:00,146.68,17.49,48380,48607.801,6672.238,8827.85
2026-02-13 16:00:00,133.35,-50,49620,49574.398,6160.4324,8142.84
2026-02-13 16:15:00,162.24,-50,51330,51209.301,5615.0096,7427.06
2026-02-13 16:30:00,187.1,-50,52460,52598.398,5134.5876,6746.97
2026-02-13 16:45:00,250,145.83,54340,54680,4740.6574,5942.8
2026-02-13 17:00:00,282,310,55890,55945.801,3962.9589,5160.7
2026-02-13 17:15:00,283,325.7,57355,57514.398,3340.861,4452.88
2026-02-13 17:30:00,310.89,357.6,59160,60226,2664.5056,3756.52
2026-02-13 17:45:00,376.29,389.21,60825,61707,2037.3382,3123.76
2026-02-13 18:00:00,402.14,360,62400,63570.801,1615.6253,2583.22
2026-02-13 18:15:00,443.65,360,64020,63889.801,1260.7255,2163.29
2026-02-13 18:30:00,458.1,299.59,65395,65837.602,1031.3876,1906.13
2026-02-13 18:45:00,658.36,340,66505,66921.898,993.8196,1850.58
2026-02-13 19:00:00,943.57,353.7,67210,67780.797,1069.0476,1859.65
2026-02-13 19:15:00,435.74,310,66930,67070.898,1089.3745,1900.07
2026-02-13 19:30:00,784.71,370.87,68000,68059.703,1282.2095,1912.87
2026-02-13 19:45:00,469.41,300,67945,67288.203,1309.1184,1921.6
2026-02-13 20:00:00,534.15,275,67530,66831.398,1501.5178,1936.58
2026-02-13 20:15:00,473.91,300.42,67065,66791,1575.7128,1944.25
2026-02-13 20:30:00,475.04,973.16,66720,67666.398,1597.3257,1951.2
2026-02-13 20:45:00,538,440.03,66455,67187,1655.8635,1952.68
2026-02-13 21:00:00,484.15,360,66060,66980.5,1674.0748,1957.21
2026-02-13 21:15:00,443.65,352,65790,67367.102,1743.2734,1929.09
2026-02-13 21:30:00,540,475.58,65565,66681,1788.6182,1920.31
2026-02-13 21:45:00,456.42,808.1,65060,66594,1752.8479,1907.23
2026-02-13 22:00:00,454.29,822.94,64255,66457.602,1701.7076,1895.62
2026-02-13 22:15:00,444.71,874.27,63450,65313.398,1672.8021,1880.72
2026-02-13 22:30:00,437.89,536,61940,62714.301,1701.8839,1864.19
2026-02-13 22:45:00,437.26,600,60625,61372.801,1587.829,1843.65
2026-02-13 23:00:00,432.14,536,59375,60209.301,1414.7042,1822.64
2026-02-13 23:15:00,426.25,448.47,57645,58771,1159.3489,1774.7
2026-02-13 23:30:00,406.29,454.29,56045,57783.301,999.9584,1743.48
2026-02-13 23:45:00,399.8,536,54655,56179.301,906.0178,1697.37
2026-02-14 00:00:00,400,456.42,53150,54601.699,863.584,1666.13
2026-02-14 00:15:00,400,430.79,53195,54999.5,846.6565,1473.89
2026-02-14 00:30:00,791,1119,58855,59910.699,791.2223,1377.74
2026-02-14 00:45:00,457.17,200,58460,59387.801,772.9533,1354.69
2026-02-14 01:00:00,438.95,286.6,56175,56715.801,757.8563,1334.71
2026-02-14 01:15:00,431.31,458,54785,54875.801,795.4337,1323.5
2026-02-14 01:30:00,430.48,432.6,53180,53621.699,815.5125,1335.14
2026-02-14 01:45:00,399.9,400,51955,52399.5,819.0312,1321.47
2026-02-14 02:00:00,400,461.7,50540,51221,830.509,1311.19
2026-02-14 02:15:00,371.49,420,49515,50466.102,903.4579,1348.83
2026-02-14 02:30:00,368.91,434.71,48565,49741,848.3393,1345.01
2026-02-14 02:45:00,371.49,434.71,47765,49528.5,840.2311,1340.46
2026-02-14 03:00:00,360.02,599.9,46745,48735.699,859.5828,1337.15
2026-02-14 03:15:00,360.02,380.99,45835,47781.301,862.8309,1336.08
2026-02-14 03:30:00,360.02,380.99,45380,47508.102,903.5786,1336.92
2026-02-14 03:45:00,360.02,399.9,44605,46576.602,953.0072,1332.39
2026-02-14 04:00:00,359.88,380.99,44120,46128.602,999.0226,1333.48
2026-02-14 04:15:00,363,396.81,43845,44994.102,986.1147,1329.87
2026-02-14 04:30:00,365,341,43515,44597.398,1036.6243,1331.69
2026-02-14 04:45:00,360.13,396.81,43150,44710.102,852.4242,1334.31
2026-02-14 05:00:00,360.13,370.2,42905,44047,919.2178,1344.26
2026-02-14 05:15:00,357.79,320,42500,44143.602,937.0127,1347.43
2026-02-14 05:30:00,358.82,370.2,42855,44030.398,876.1832,1336.02
2026-02-14 05:45:00,362,350,43400,44340.398,845.7571,1323.49
2026-02-14 06:00:00,360.02,356,43360,44757.898,888.0126,1307.64
2026-02-14 06:15:00,360.02,354.6,43795,44990.301,945.5319,1281.48
2026-02-14 06:30:00,357.53,344.05,44520,45839.199,952.9961,1259.61
2026-02-14 06:45:00,359.88,350,45585,46590.801,988.9342,1244.15
2026-02-14 07:00:00,357.79,386.9,46220,47161.398,983.0275,1227.23
2026-02-14 07:15:00,358.82,399.9,46960,48286.602,978.354,1226.26
2026-02-14 07:30:00,364.92,400,47590,49437.602,969.2692,1401.03
2026-02-14 07:45:00,370.2,344.05,48425,50671.5,1177.0475,1735.88
2026-02-14 08:00:00,374.94,414.61,48380,50339.898,1452.1943,2183.41
2026-02-14 08:15:00,370.43,400,47870,49610.602,1832.8758,2818.44
2026-02-14 08:30:00,370.43,400,47220,47993.102,2413.2938,3529.75
2026-02-14 08:45:00,360.46,280,46560,46590.398,3008.8309,4333.11
2026-02-14 09:00:00,359.88,43.25,46230,46569.699,3664.8716,5178.16
2026-02-14 09:15:00,360.02,146.68,46100,46618.699,4294.6027,6047.53
2026-02-14 09:30:00,349.32,210,45770,46072.602,5008.5657,6829.22
2026-02-14 09:45:00,340.86,43.25,45100,45899.102,5675.754,7669.05
2026-02-14 10:00:00,300,145.83,44660,46085.102,6378.1996,8485.61
2026-02-14 10:15:00,282.1,145.83,43715,45770.398,7076.7812,9240.66
2026-02-14 10:30:00,260.1,43.25,42490,44622.699,7592.4013,9917.72
2026-02-14 10:45:00,200,-50,42330,44340.801,8121.8416,10578.3
2026-02-14 11:00:00,145.82,-50,42255,43776.898,8702.1971,11182.9
2026-02-14 11:15:00,152.87,-50,41975,43617.102,8583.2301,11684.2
2026-02-14 11:30:00,138.77,-50,42215,44956.898,8296.5552,12134.7
2026-02-14 11:45:00,146.68,-50,42655,45982,8766.2611,12490.3
2026-02-14 12:00:00,149.99,145.83,41930,45779.199,9986.5094,12783.6
2026-02-14 12:15:00,143.11,43.25,42070,45771.699,9804.8202,12987.1
2026-02-14 12:30:00,163.2,43.25,44530,47349.898,10314.7587,13127.3
2026-02-14 12:45:00,129.63,108.96,44365,46237.898,9845.3123,13200.8
2026-02-14 13:00:00,146.42,17.33,44075,45307,9086.129,13211.5
2026-02-14 13:15:00,199.88,17.49,43780,44157.102,9607.816,13185
2026-02-14 13:30:00,90.61,17.34,43170,43825.102,9531.1152,13066.9
2026-02-14 13:45:00,159.34,-50,43385,43626.898,8860.079,12883.7
2026-02-14 14:00:00,143.33,6.5,43475,44374.699,8739.8589,12638.8
2026-02-14 14:15:00,149.06,135.14,43100,43435.602,8367.6696,12344.9
2026-02-14 14:30:00,142.59,43.23,42250,42893.301,7339.8378,11954.7
2026-02-14 14:45:00,145.82,123.09,42365,42911,7508.4766,11489
2026-02-14 15:00:00,145.82,22.17,43230,43396.699,7218.9701,10961.9
2026-02-14 15:15:00,146.68,99.35,43880,43732.898,7183.0528,10374.5
2026-02-14 15:30:00,146.68,68.53,44495,44207,7454.3859,9708.84
2026-02-14 15:45:00,146.68,-50,45435,44920.699,6890.9956,8988.23
2026-02-14 16:00:00,187.1,-50,46765,45718.199,6427.1229,8231.01
2026-02-14 16:15:00,153.42,-7,47960,47107.801,6033.1858,7418.33
2026-02-14 16:30:00,200.3,-50,48920,48479.602,5378.0328,6631.56
2026-02-14 16:45:00,255.1,145.83,50435,51109.898,4858.1928,5764.41
2026-02-14 17:00:00,280,255.1,52080,52514.199,4114.8325,4901.7
2026-02-14 17:15:00,299.14,300,53675,54595.398,3362.2048,4090.54
2026-02-14 17:30:00,338.77,372,55315,56491.5,2613.153,3340.48
2026-02-14 17:45:00,365.15,328.84,56555,58858.5,2011.1094,2666.31
2026-02-14 18:00:00,396.81,440,58200,59704.801,1487.4274,2101.4
2026-02-14 18:15:00,440.81,391.54,59940,61139.199,1124.5509,1703.62
2026-02-14 18:30:00,435.13,417.65,61020,61921.102,945.6615,1458.17
2026-02-14 18:45:00,440.45,448.47,61850,62916.5,911.5258,1395.61
2026-02-14 19:00:00,441.52,451.1,62405,63948.898,958.0323,1402.08
2026-02-14 19:15:00,443.64,325,62435,63163.301,971.2223,1445.87
2026-02-14 19:30:00,443.64,278.3,63500,64369.898,1018.8989,1487.31
2026-02-14 19:45:00,443.64,320,63260,65279.301,1072.4391,1531.27
2026-02-14 20:00:00,429.81,539,62925,65567.398,1032.2283,1573.92
2026-02-14 20:15:00,457.48,539,62435,65551.797,1037.9461,1615.32
2026-02-14 20:30:00,433.32,478,62615,63839.602,1059.6145,1649.77
2026-02-14 20:45:00,443.64,448.47,62170,63106.102,1055.6832,1666.65
2026-02-14 21:00:00,440.14,412.65,61865,63346.5,1049.7923,1683.28
2026-02-14 21:15:00,436.82,446.84,61560,62638.199,1068.7402,1672.48
2026-02-14 21:30:00,443.64,370,60900,62551.199,1029.0392,1679.33
2026-02-14 21:45:00,441.06,437.26,59940,62298.898,1008.0016,1696.58
2026-02-14 22:00:00,439.66,412.82,59485,61451.699,979.5136,1715.69
2026-02-14 22:15:00,441.06,438.95,58830,60917.398,949.1109,1729.75
2026-02-14 22:30:00,436.83,409.65,57615,60125.898,920.4203,1736.43
2026-02-14 22:45:00,434.71,750,56855,59352.199,916.5408,1733.07
2026-02-14 23:00:00,396.81,435.13,55745,57969.398,968.8288,1724.08
2026-02-14 23:15:00,386.04,372.11,53875,54984.801,967.1504,1707.38
2026-02-14 23:30:00,375.84,355.22,52940,54827.199,1002.8508,1689.12
2026-02-14 23:45:00,360.02,386.9,51450,53899.301,1087.2322,1668.72
2026-02-15 00:00:00,342.42,370.2,50285,52946.699,1068.4955,1612.05
2026-02-15 00:15:00,330.2,298,51055,52457.699,1007.5018,1453.98
2026-02-15 00:30:00,399.9,791,56560,57919.699,1043.542,1211.21
2026-02-15 00:45:00,416.08,280.3,56055,55509.801,1039.0458,1202.43
2026-02-15 01:00:00,372,353.7,53415,53829.602,1018.697,1197.45
2026-02-15 01:15:00,370.2,381.7,51525,52523.398,1013.9009,1208.27
2026-02-15 01:30:00,353.7,346.88,49810,50997.398,981.8045,1202.22
2026-02-15 01:45:00,325,332,48240,50118.602,942.4587,1196.29
2026-02-15 02:00:00,300,346.88,46900,49369.898,917.97,1188.41
2026-02-15 02:15:00,295,325,45955,48345.5,897.6403,1200.36
2026-02-15 02:30:00,295,399.9,45360,48085.301,889.7595,1187.62
2026-02-15 02:45:00,295.6,386.04,44415,46609.898,857.5594,1174.48
2026-02-15 03:00:00,295,340,43670,46118.699,874.0345,1160.73
2026-02-15 03:15:00,295.6,358,43160,45641.699,845.5671,1154.07
2026-02-15 03:30:00,293,334,42520,44379.199,846.2321,1143.25
2026-02-15 03:45:00,290,290,41845,43706.699,841.8932,1127.64
2026-02-15 04:00:00,290,295,41450,43223.102,930.6006,1116.95
2026-02-15 04:15:00,295,295,41110,42692.699,973.1221,1104.39
2026-02-15 04:30:00,295,295,40780,42875.602,989.9731,1088.55
2026-02-15 04:45:00,290,300,40290,42519.5,954.464,1084.77
2026-02-15 05:00:00,290,290,40125,42196.699,921.6546,1079.62
2026-02-15 05:15:00,295,300,40000,41814.602,892.1957,1075.79
2026-02-15 05:30:00,290.3,290,40125,41914.102,854.7178,1065.04
2026-02-15 05:45:00,295,295.6,40400,42319.199,824.9011,1064.08
2026-02-15 06:00:00,295,300,40615,42636.898,762.2542,1065.54
2026-02-15 06:15:00,300,306,41110,42901.699,733.9156,1060.19
2026-02-15 06:30:00,290.3,283,41605,43510.602,714.1766,1059.94
2026-02-15 06:45:00,298,302,42205,44094.102,720.8439,1061.11
2026-02-15 07:00:00,295,320,42790,45383.602,708.9882,1063.58
2026-02-15 07:15:00,295.6,334,43190,45937.102,688.0659,1106.85
2026-02-15 07:30:00,300,310,44200,47303.398,819.8845,1261.36
2026-02-15 07:45:00,300.77,333.49,44770,47832.102,987.4534,1592.83
2026-02-15 08:00:00,313,353.7,44350,47345.801,1251.115,2018.57
2026-02-15 08:15:00,308,354.6,43480,47727.801,1625.5569,2540.83
2026-02-15 08:30:00,305,400,42890,46925.102,2091.0298,3156.37
2026-02-15 08:45:00,300,370.43,42450,44152.199,2511.2968,3833.77
2026-02-15 09:00:00,295,43.25,42125,44124.5,3032.2014,4541.03
2026-02-15 09:15:00,290,145.83,42630,44338,3801.5324,5260.39
2026-02-15 09:30:00,270.2,60,42285,44455.898,4450.3372,5910.4
2026-02-15 09:45:00,240,43.25,41985,44438.301,5090.374,6611.06
2026-02-15 10:00:00,145.82,60,41965,43849.5,5663.9237,7298.01
2026-02-15 10:15:00,153.75,145.83,41360,43905.801,6164.3932,7952.32
2026-02-15 10:30:00,137.89,102.5,40695,43011.398,6631.0775,8393.31
2026-02-15 10:45:00,43.25,109.96,40320,43390.898,7127.8026,8973.11
2026-02-15 11:00:00,200.2,187.1,40485,43746.801,7454.6459,9527.43
2026-02-15 11:15:00,91.45,109.18,40745,44081.602,7859.0173,9992
2026-02-15 11:30:00,60,43.25,41060,44294.898,8035.8281,10434.8
2026-02-15 11:45:00,207.27,196.67,41145,45140.102,8003.7546,10792.3
2026-02-15 12:00:00,184.13,31.23,40830,45173.398,7473.2822,11087.6
2026-02-15 12:15:00,143.54,48.79,41605,44729,8118.7348,11326.3
2026-02-15 12:30:00,152.07,50.1,42940,44102.5,8378.4997,11502.2
2026-02-15 12:45:00,152.79,47.09,42545,44146.699,7864.4471,11618.5
2026-02-15 13:00:00,246.08,50.1,41550,43418.398,7878.0674,11667.2
2026-02-15 13:15:00,152.14,50.1,41310,43093.102,7826.432,11699
2026-02-15 13:30:00,54.45,46.7,40900,42929,8287.2902,11645.2
2026-02-15 13:45:00,50.21,50.1,40760,41755.699,8066.8669,11533.7
2026-02-15 14:00:00,50.21,43.25,40410,40132.699,7252.2753,11375
2026-02-15 14:15:00,50.21,43.25,39610,39522.301,4995.6983,11147.5
2026-02-15 14:30:00,50.21,43.25,39230,39577.602,3873.2771,10856
2026-02-15 14:45:00,43.25,145.83,39345,40522.5,4740.0007,10494
2026-02-15 15:00:00,43.25,43.25,39955,41006.301,5314.9525,10096.9
2026-02-15 15:15:00,43.25,43.25,40425,41227.801,5532.1649,9620.22
2026-02-15 15:30:00,145.82,105.72,41105,40337.301,5881.1174,9104.68
2026-02-15 15:45:00,145.82,43.25,41915,41480.199,5824.0645,8514.79
2026-02-15 16:00:00,145.82,43.25,42925,42568.898,6385.9317,7866.57
2026-02-15 16:15:00,145.82,43.25,44350,43806.301,6917.5281,7179.47
2026-02-15 16:30:00,148.38,103.93,45430,45243.102,6364.4372,6519.05
2026-02-15 16:45:00,146.68,146.68,46920,46486.5,5687.333,5747.8
2026-02-15 17:00:00,146.68,43.25,48550,47708,5011.0307,5004.22
2026-02-15 17:15:00,200.2,43.25,49850,49525.301,4357.9289,4306.03
2026-02-15 17:30:00,280.3,300,51575,52209.102,3630.8197,3664.97
2026-02-15 17:45:00,299.24,305,53165,54628.699,2994.8303,3054.62
2026-02-15 18:00:00,320,295,54310,56372.699,2498.6448,2526.95
2026-02-15 18:15:00,358,320,55845,58061.699,2150.9071,2154.81
2026-02-15 18:30:00,352.48,580,56780,60359.199,1944.5349,1914.62
2026-02-15 18:45:00,580.31,445.77,57990,61692,1829.0264,1876.79
2026-02-15 19:00:00,831.03,476.64,58320,61322,1810.5087,1909.39
2026-02-15 19:15:00,429.81,290,58330,61511.199,1904.2091,1976.59
2026-02-15 19:30:00,429.81,499.17,59000,62555.602,1989.3372,2036.26
2026-02-15 19:45:00,423.42,456.42,58845,62207.699,2105.4243,2074.46
2026-02-15 20:00:00,420.96,537,58365,61948.898,2162.052,2113.47
2026-02-15 20:15:00,450.37,400.3,58005,60585.102,2168.7401,2148
2026-02-15 20:30:00,391.54,338,57765,60393.301,2156.1922,2161.16
2026-02-15 20:45:00,456.84,445.77,57535,61153.5,2153.1896,2156.24
2026-02-15 21:00:00,424.47,586.94,57585,60595.898,2103.2705,2135.5
2026-02-15 21:15:00,412.65,463.29,57490,60317.5,2047.0928,2100.38
2026-02-15 21:30:00,469.48,476.8,57330,59933.801,2004.7392,2084.46
2026-02-15 21:45:00,423.2,453.76,57050,59479,1941.67,2059.21
2026-02-15 22:00:00,433.76,456.42,56335,59186.801,1933.9524,2035.5
2026-02-15 22:15:00,402.09,463.29,55575,58638.102,1806.9391,2008.86
2026-02-15 22:30:00,466.27,455.88,55100,57280.801,1755.9179,1969.02
2026-02-15 22:45:00,427.3,443.18,54105,56534.5,1713.6984,1937.19
2026-02-15 23:00:00,412.65,429.81,53190,55399.801,1653.9041,1904.64
2026-02-15 23:15:00,402.09,435,51715,55758.301,1596.8233,1853.07
2026-02-15 23:30:00,397.87,575.31,50970,54654.602,1550.0393,1813.94
2026-02-15 23:45:00,383.09,399.9,49435,53426,1504.2013,1768.66
2026-02-16 00:00:00,341.23,400,48240,52411.199,1509.1857,1705.71
2026-02-16 00:15:00,385.7,305,48605,51561.199,1480.1085,1599.2
2026-02-16 00:30:00,437,1119,53045,54751,1408.2946,1452.33
2026-02-16 00:45:00,362.2,275,52330,53713,1340.2072,1419.95
2026-02-16 01:00:00,362.59,599.9,50350,52388.5,1323.0491,1391.48
2026-02-16 01:15:00,372,471.75,48965,50693.102,1278.412,1391.62
2026-02-16 01:30:00,354.09,440.45,47400,49692.5,1241.7786,1369.21
2026-02-16 01:45:00,347.64,419.16,46190,48678.898,1208.0392,1346.33
2026-02-16 02:00:00,337,461.7,44995,47485.801,1153.8409,1324.26
2026-02-16 02:15:00,319.98,400.3,43740,46610.199,1091.0615,1314.05
2026-02-16 02:30:00,323.07,460,43330,45971.102,1047.5111,1300.19
2026-02-16 02:45:00,330.2,400.3,42680,44418.898,1034.087,1288.53
2026-02-16 03:00:00,319.98,350,41840,43394.699,1000.0854,1280.59
2026-02-16 03:15:00,321.32,370,40770,42473.301,934.7997,1274.38
2026-02-16 03:30:00,319.98,330.2,40255,42035.199,887.7802,1304.08
2026-02-16 03:45:00,327.22,370,39935,42267.801,807.9091,1319.07
2026-02-16 04:00:00,320,370,39425,42552,752.3771,1333.48
2026-02-16 04:15:00,323,400,38980,42338,725.3985,1349.21
2026-02-16 04:30:00,320,461.7,38660,41752.699,712.0348,1369.62
2026-02-16 04:45:00,319.28,391.54,38410,41553.199,718.6916,1387.09
2026-02-16 05:00:00,318.95,380,38200,41408.898,677.8189,1406.2
2026-02-16 05:15:00,318.95,359.88,38000,40871.699,679.1841,1426.59
2026-02-16 05:30:00,318.95,370.43,38280,41214.898,710.5403,1448.98
2026-02-16 05:45:00,319.28,380.99,38410,41283.102,713.3309,1461.85
2026-02-16 06:00:00,319.28,397.45,38400,41832.602,726.7985,1477.45
2026-02-16 06:15:00,319.28,402.09,38935,41809.898,811.8898,1486.46
2026-02-16 06:30:00,313,300,39565,42303.301,872.1371,1497.82
2026-02-16 06:45:00,318.95,400,39970,42845,915.2745,1512.13
2026-02-16 07:00:00,313,399.9,40480,43559.301,930.0874,1527.1
2026-02-16 07:15:00,314,415.67,40910,44610.699,895.3784,1591.34
2026-02-16 07:30:00,312.84,423.2,41555,46110.301,955.7504,1745.65
2026-02-16 07:45:00,319.28,471.75,41985,46539.398,1126.2576,2053.38
2026-02-16 08:00:00,319.28,473.45,41640,46967.801,1372.7149,2429.97
2026-02-16 08:15:00,307.29,480,40170,46366.699,1659.7808,2878.76
2026-02-16 08:30:00,314,533,39310,44821.801,2223.8542,3407.12
2026-02-16 08:45:00,305,399.9,38850,44209.102,2764.3818,4014.33
2026-02-16 09:00:00,292.89,300,38670,43541.199,3441.3072,4650.79
2026-02-16 09:15:00,290,391.54,38530,44452.102,4074.737,5297.5
2026-02-16 09:30:00,285.3,353.7,38225,43612.801,4605.4935,5850.15
2026-02-16 09:45:00,282.96,290,38175,44338.602,5220.1571,6470.79
2026-02-16 10:00:00,255.1,146.68,37855,44571.801,5802.498,7090.73
2026-02-16 10:15:00,251.52,146.68,37105,44579.699,6300.1748,7671.19
2026-02-16 10:30:00,244.45,275,36285,44231.102,6722.7972,8215.13
2026-02-16 10:45:00,32.39,145.83,35410,43942,7121.3109,8793.27
2026-02-16 11:00:00,32.58,220,35365,44179.602,7360.4435,9339.45
2026-02-16 11:15:00,32.58,146.68,35495,43579.898,7789.343,9842.31
2026-02-16 11:30:00,43.25,145.83,35720,42442.5,8233.3215,10247
2026-02-16 11:45:00,43.25,146.68,36385,42582.301,8651.3037,10596.8
2026-02-16 12:00:00,43.25,145.83,36410,41364.699,9096.1565,10919
2026-02-16 12:15:00,32.58,145.83,36520,41692.801,9556.5887,11175.4
2026-02-16 12:30:00,43.25,146.68,37565,43313.398,9804.8188,11355.4
2026-02-16 12:45:00,0,148.48,37340,43018.199,10135.913,11422.9
2026-02-16 13:00:00,32.31,145.83,36675,42602.5,9966.9311,11462.3
2026-02-16 13:15:00,32.31,146.68,36075,41882.199,10168.6734,11453.5
2026-02-16 13:30:00,33.92,99.18,35650,42141.898,10216.2361,11399.8
2026-02-16 13:45:00,33.12,27.68,35180,43052.801,9968.2019,11300.2
2026-02-16 14:00:00,33.28,20.89,34520,43232.699,9950.3054,11151.2
2026-02-16 14:15:00,201.07,155.34,33830,42473.199,9911.7892,10962.2
2026-02-16 14:30:00,10.41,17.49,33105,41794.398,9614.6189,10729.5
2026-02-16 14:45:00,32.39,146.68,33280,42458.699,9487.3344,10437.6
2026-02-16 15:00:00,32.58,146.68,34380,43475.5,9375.4705,10074.4
2026-02-16 15:15:00,32.58,155.43,35265,43981.199,9104.3666,9658.56
2026-02-16 15:30:00,32.58,235.1,36205,44821.801,8578.5838,9212.17
2026-02-16 15:45:00,35.45,270,37130,45523,8098.2782,8699.11
2026-02-16 16:00:00,35.39,269,38115,46051.898,7605.4736,8153.15
2026-02-16 16:15:00,200.3,280,39175,47752.5,6915.2348,7563.95
2026-02-16 16:30:00,243,320,40740,49158.5,6315.1623,7160.1
2026-02-16 16:45:00,270,361,42720,50066.5,5638.5228,6489.93
2026-02-16 17:00:00,280.1,356,44085,51045.102,5026.3633,5855.71
2026-02-16 17:15:00,285.3,300,45595,52403,4416.8683,5299.79
2026-02-16 17:30:00,308.72,335.7,47710,53892.699,3957.8286,4742.14
2026-02-16 17:45:00,308,250,49025,54288.801,3404.0086,4241.97
2026-02-16 18:00:00,321.36,288,50300,54644.199,3170.1529,3885.93
2026-02-16 18:15:00,324.26,43.25,50990,54639.5,3010.2123,3581.4
2026-02-16 18:30:00,327.45,278.3,52330,56217.102,2870.9303,3474.53
2026-02-16 18:45:00,350.94,325,53240,56792.102,2901.9661,3562.45
2026-02-16 19:00:00,362.55,245.1,55015,56663.898,3100.04,3692.78
2026-02-16 19:15:00,355.1,275,55410,57460.102,3249.1225,3827.61
2026-02-16 19:30:00,351.93,427.23,55540,58326.301,3525.388,3967.89
2026-02-16 19:45:00,351.8,419.16,55675,58601.301,3654.3072,4092.53
2026-02-16 20:00:00,346.3,446.72,55750,59602.898,3805.7409,4206.79
2026-02-16 20:15:00,349.89,558.04,56000,59342.801,3483.4267,4317.16
2026-02-16 20:30:00,354.09,493.97,56000,58728.602,3700.0967,4453.7
2026-02-16 20:45:00,354.39,372.11,55960,57740.5,3774.8514,4560.64
2026-02-16 21:00:00,357.99,315,55915,57476.199,3770.5911,4655.23
2026-02-16 21:15:00,364.71,397.87,55750,56505,3830.9878,4789.57
2026-02-16 21:30:00,361.49,372,55170,56286,3997.0526,4906.65
2026-02-16 21:45:00,361.18,398.82,54760,56464.5,4074.6574,5023.71
2026-02-16 22:00:00,354.79,391.54,54100,56320.898,4219.2111,5110.47
2026-02-16 22:15:00,340.64,371.49,53340,55862,4356.4356,5212.14
2026-02-16 22:30:00,348.86,397.87,52860,55312.801,4473.7052,5313.12
2026-02-16 22:45:00,340.63,412.65,52215,56761.301,4666.6561,5416.53
2026-02-16 23:00:00,340.39,391.54,51495,55920.398,4904.7775,5505.01
2026-02-16 23:15:00,329.83,599.13,50810,55191.301,5005.5811,5458.64
2026-02-16 23:30:00,295,391.54,49715,53796.898,5126.9997,5537.22
2026-02-16 23:45:00,290.01,399.9,48760,53286,5218.1681,5620.58
2026-02-17 00:00:00,265.31,400,46940,52203,5295.9549,5695.64
2026-02-17 00:15:00,257.41,308,47415,52088.602,5324.7504,6089.18
2026-02-17 00:30:00,300,1119,51950,54143.5,5488.3654,5829.76
2026-02-17 00:45:00,300,269,51345,51742,5516.9486,5929.73
2026-02-17 01:00:00,300,270,49525,51553.102,5547.1236,6029.6
2026-02-17 01:15:00,295.6,350,48245,49750.301,5615.9942,6145.56
2026-02-17 01:30:00,285.3,295,46870,48525,5730.2349,6201.17
2026-02-17 01:45:00,270,295,45720,47332.602,5773.7606,6261.21
2026-02-17 02:00:00,265.1,280,44635,46296.602,5933.0363,6321.2
2026-02-17 02:15:00,260,269,43615,45274,5941.3634,6195.26
2026-02-17 02:30:00,245,230,42625,43991.801,6035.5891,6252.44
2026-02-17 02:45:00,230,245.1,41535,43588.699,6025.1072,6313.98
2026-02-17 03:00:00,230,269,40835,42786.699,6054.5097,6385.64
2026-02-17 03:15:00,230,260.2,40225,42181.699,6002.7047,6476.91
2026-02-17 03:30:00,43.25,257,39575,41862.699,6029.5058,6562.88
2026-02-17 03:45:00,43.25,245,38950,41374.699,6138.3763,6657.07
2026-02-17 04:00:00,43.25,245.2,38560,39444.801,6207.3265,6753.31
2026-02-17 04:15:00,43.25,43.25,38055,38935,6315.9425,6858.48
2026-02-17 04:30:00,43.25,43.25,37815,39640.199,6384.6209,6969.56
2026-02-17 04:45:00,42.19,43.25,37610,39489.102,6494.6686,7081.26
2026-02-17 05:00:00,40.29,80,37350,38964,6543.2904,7193.63
2026-02-17 05:15:00,41.45,43.25,37000,38799.5,6645.5878,7321.16
2026-02-17 05:30:00,41.45,43.25,37160,38809.102,6747.424,7430.63
2026-02-17 05:45:00,41.14,43.25,37320,39455.898,6895.4566,7541.53
2026-02-17 06:00:00,41.14,129.6,37635,39848.699,6976.9886,7646.71
2026-02-17 06:15:00,40,80,37830,39248.801,7035.5808,7716.4
2026-02-17 06:30:00,0,43.25,38250,39533.102,7246.5415,7807.08
2026-02-17 06:45:00,40.29,43.25,38870,40529.102,7524.2108,7910.25
2026-02-17 07:00:00,0,43.25,39420,41068.199,7819.7694,8024.66
2026-02-17 07:15:00,41.45,43.25,40185,40536.398,8056.4102,8181.14
2026-02-17 07:30:00,42.19,43.25,40855,42605.898,8199.7231,8370.02
2026-02-17 07:45:00,42.19,257,40870,44217.801,8344.7194,8640.94
2026-02-17 08:00:00,42.19,195.15,40850,44447.699,8443.8509,8965.52
2026-02-17 08:15:00,-50,235.1,39330,44491.898,8529.8805,9360.27
2026-02-17 08:30:00,-50,358,38330,44611.699,8731.2935,9743.95
2026-02-17 08:45:00,-50,295,37885,44506.398,9070.7846,10153.4
2026-02-17 09:00:00,-50,280.5,37555,45062.699,9268.1585,10553
2026-02-17 09:15:00,-50,400.06,37475,44926.5,9454.2882,10954.6
2026-02-17 09:30:00,-50,300,37240,45428,9628.3445,11300.8
2026-02-17 09:45:00,-50,280.5,37460,45646.199,9716.1128,11658.7
2026-02-17 10:00:00,-50,290,37215,45427.301,10014.6604,12021.1
2026-02-17 10:15:00,-50,281,37135,45777.398,10211.6874,12348.7
2026-02-17 10:30:00,0,295,37065,44815.301,10349.9495,12617.4
2026-02-17 10:45:00,-50,43.25,36795,44920.398,10573.9841,12943.7
2026-02-17 11:00:00,-6.64,264.77,36750,44794.5,10747.5117,13231.9
2026-02-17 11:15:00,-28.56,17.49,36505,45515.398,11021.3487,13468.2
2026-02-17 11:30:00,-20,284.94,36660,44518.699,11117.4448,13700.2
2026-02-17 11:45:00,-37.12,1119,36815,44007.898,11303.4897,13877.3
2026-02-17 12:00:00,-20.45,-50,36985,44527.102,11368.071,14013.5
2026-02-17 12:15:00,313,310.6,37255,44211.699,11569.1509,14293.4
2026-02-17 12:30:00,298,270.3,38375,45288.102,11955.5259,14331.2
2026-02-17 12:45:00,280.2,800,37090,44501,12086.5178,14323.8
2026-02-17 13:00:00,270.3,450,36645,43638.102,11922.3071,14274.3
2026-02-17 13:15:00,270,358,36300,42909.898,11839.375,14197.4
2026-02-17 13:30:00,265.1,420,35845,43287.398,11808.6373,14071.4
2026-02-17 13:45:00,260,425,35305,42727.602,11887.4492,13899.2
2026-02-17 14:00:00,245.2,295,34490,41900.699,11649.4966,13695.6
2026-02-17 14:15:00,-50,146.68,33635,41107.398,11388.7509,13449.9
2026-02-17 14:30:00,-50,17.49,33225,39809.5,11072.2959,13176.4
2026-02-17 14:45:00,-50,0,32870,39607.398,10901.542,12858.8
2026-02-17 15:00:00,-50,17.49,33845,39192.898,10732.2466,12508.6
2026-02-17 15:15:00,-50,17.49,34550,39490.699,10735.8503,12030.2
2026-02-17 15:30:00,-50,-50,35190,39528,10237.3921,11643.2
2026-02-17 15:45:00,-50,-50,35785,40044.699,10023.75,11237.7
2026-02-17 16:00:00,-50,68.53,36930,40448.102,9957.4583,10771
2026-02-17 16:15:00,-28.39,0,38735,41435.199,9518.4192,10289.5
2026-02-17 16:30:00,-28.39,17.49,40445,42580.199,9272.3628,9817.15
2026-02-17 16:45:00,-27.25,0,42405,44166.602,8750.7136,9272.52
2026-02-17 17:00:00,0,100,44370,45744.398,8758.4688,8732.51
2026-02-17 17:15:00,47.81,-50,46460,46251.801,8354.9771,8287.83
2026-02-17 17:30:00,258.56,-50,48015,48196.5,8061.7782,7812.88
2026-02-17 17:45:00,270.3,245.2,50585,50071,7791.9645,7346.77
2026-02-17 18:00:00,287,260.3,52185,53459.602,7460.8661,6944
2026-02-17 18:15:00,295,350,53525,53293.699,7236.5421,6598.64
2026-02-17 18:30:00,295.8,295.8,54700,54487.602,7248.1893,6413.77
2026-02-17 18:45:00,300.9,-50,55550,55697.602,7047.9374,6362.07
2026-02-17 19:00:00,334.9,270,56165,56098.301,7084.3551,6352.99
2026-02-17 19:15:00,295.4,53.8,56075,54095.5,7158.6749,6366.99
2026-02-17 19:30:00,290,-50,56840,54971.5,7077.149,6380.63
2026-02-17 19:45:00,291,245,57000,55914.5,7226.2008,6388.19
2026-02-17 20:00:00,289.07,339.08,56915,55451.199,7256.0141,6374.16
2026-02-17 20:15:00,289.07,270.3,56680,55741.398,7337.186,6378.52
2026-02-17 20:30:00,289.07,287,56710,55957.5,7306.6879,6386.48
2026-02-17 20:45:00,289.07,287,56520,55633.602,7342.1161,6384.24
2026-02-17 21:00:00,295.4,265.1,56490,55200.398,7292.6062,6376.72
2026-02-17 21:15:00,295.4,269,56265,55150.398,7172.5247,6462.09
2026-02-17 21:30:00,295.4,286.6,55850,55000.102,7302.0722,6453.94
2026-02-17 21:45:00,295.4,282,55265,54699,7246.6252,6448.65
2026-02-17 22:00:00,295.4,290,54515,54632.699,7165.9046,6444.45
2026-02-17 22:15:00,295.4,290,53550,53605.199,7287.0892,6429.74
2026-02-17 22:30:00,295.4,290.8,52655,53284.5,7297.2987,6429.25
2026-02-17 22:45:00,295.4,295,52015,53260.102,7373.7907,6432.78
2026-02-17 23:00:00,295,328,51060,52265,7368.7059,6432.56
2026-02-17 23:15:00,295,270,50185,50785.801,7481.4973,6318.49
2026-02-17 23:30:00,285.3,260,49235,50235.801,7536.5065,6326.94
2026-02-17 23:45:00,280.3,269,48120,48805.102,7606.6817,6304
2026-02-18 00:00:00,269,287,46490,47813.5,7718.9366,6315.9
2026-02-18 00:15:00,253.19,50,47915,47504.301,7708.9584,6002.6
2026-02-18 00:30:00,290,0,51280,51855.398,7813.6936,6181.33
2026-02-18 00:45:00,290.8,280.5,50340,51401.898,7744.0574,6200.07
2026-02-18 01:00:00,290,327,48725,50085.602,7850.1333,6220.74
2026-02-18 01:15:00,285,270.3,47075,48394.398,7758.5385,6243.14
2026-02-18 01:30:00,270,260,45780,47089.102,7709.4503,6253.09
2026-02-18 01:45:00,257.45,255.1,44550,46088.301,7727.4709,6265.6
2026-02-18 02:00:00,250,245.1,43420,45167.102,7981.1219,6281.44
2026-02-18 02:15:00,245.1,180,42355,44285.801,8061.9479,6216.32
2026-02-18 02:30:00,230.2,50,41385,43124.199,8227.8184,6246.91
2026-02-18 02:45:00,226.79,0,40705,42329.199,8418.7366,6277.95
2026-02-18 03:00:00,216.23,0,40050,41885.699,8031.109,6316.76
2026-02-18 03:15:00,219.39,22.45,39540,41154.102,8163.6322,6371.85
2026-02-18 03:30:00,153,0,38860,40266.398,8277.7765,6408.76
2026-02-18 03:45:00,102.14,-50,38410,39896.398,8156.0917,6465.79
2026-02-18 04:00:00,100.03,0,37955,39010,8175.0218,6514.04
2026-02-18 04:15:00,100.03,-50,37565,38629.898,8160.66,6562.76
2026-02-18 04:30:00,99.86,-50,37275,38843.199,8313.2781,6602.86
2026-02-18 04:45:00,94.75,22.45,37015,38719.898,8405.2301,6642.54
2026-02-18 05:00:00,90,43.25,36825,38274.699,8384.3719,6686.02
2026-02-18 05:15:00,90,0,36500,38373.801,8423.4648,6737.63
2026-02-18 05:30:00,90.71,0,37115,39000.898,8389.6696,6799.09
2026-02-18 05:45:00,90.71,0,37210,39123.398,8440.5193,6867.21
2026-02-18 06:00:00,96.28,43.25,37600,40216.102,8491.5188,6931.51
2026-02-18 06:15:00,83.33,43.25,37795,40560.301,8477.6701,6999.77
2026-02-18 06:30:00,81.11,43.25,38705,41174.398,8482.7719,7049.57
2026-02-18 06:45:00,100.73,43.25,39510,41759,8626.6732,7106.55
2026-02-18 07:00:00,97.39,43.25,40085,42354.898,8710.5742,7162.86
2026-02-18 07:15:00,96.28,99.6,40520,42621.602,8729.1979,7233.97
2026-02-18 07:30:00,167.68,43.25,41165,43489.898,8736.1338,7488.23
2026-02-18 07:45:00,216.23,153,41635,45237.301,8958.3732,7870.48
2026-02-18 08:00:00,200,310,41215,45488.199,8796.1838,8355.1
2026-02-18 08:15:00,102.08,265.3,40595,45686.699,9030.5977,8930.92
2026-02-18 08:30:00,101.44,358,39970,45548.602,9295.3282,9546.98
2026-02-18 08:45:00,93.17,293,39740,45202.102,9257.1689,10244.6
2026-02-18 09:00:00,93.17,295,39495,45567.898,9471.9529,10960.5
2026-02-18 09:15:00,0,330.7,38915,45257.699,9440.5292,11667.6
2026-02-18 09:30:00,0,316,38370,45595.602,9242.6638,12362.8
2026-02-18 09:45:00,-46.97,328,38020,46139.801,9561.1079,13062.6
2026-02-18 10:00:00,-50,328,37360,45977.602,9435.7109,13746.2
2026-02-18 10:15:00,-50,320,36815,45391.699,9433.6258,14406.2
2026-02-18 10:30:00,-46.97,290.3,35850,44255.5,9890.1128,14956.4
2026-02-18 10:45:00,-46.97,190,35720,44105.301,9943.1158,15511.3
2026-02-18 11:00:00,-50,190,35565,43758.602,10349.9262,16016.1
2026-02-18 11:15:00,-50,155.43,35365,43165.398,10867.8106,16436.801
2026-02-18 11:30:00,-50,153,35475,42295.602,11027.7768,16809.301
2026-02-18 11:45:00,-50,0,35410,41549.5,11401.5127,17079.6
2026-02-18 12:00:00,-50,1260,35220,40409.801,12003.9102,17312.5
2026-02-18 12:15:00,-50,293,34930,39939.398,12214.7466,17547.6
2026-02-18 12:30:00,-50,0,35840,40929.898,12591.5942,17675.9
2026-02-18 12:45:00,-50,269,35380,40057.102,13035.7984,17719.801
2026-02-18 13:00:00,-50,250,34450,39056.398,13435.4971,17708.6
2026-02-18 13:15:00,-50,0,33500,38371,13441.7559,17632.801
2026-02-18 13:30:00,-50,-50,32930,38088.199,13574.9804,17466
2026-02-18 13:45:00,-50,-50,32530,37340.102,13182.416,17278.9
2026-02-18 14:00:00,-50,-50,32285,36187.398,12596.4712,17037.1
2026-02-18 14:15:00,-50,-50,32135,34553.398,10022.221,16784
2026-02-18 14:30:00,-50,-50,32225,34013.301,8938.2156,16422.301
2026-02-18 14:45:00,-50,-50,32355,34015,7889.3054,15989
2026-02-18 15:00:00,-50,17.49,32805,34071.699,7572.8274,15492.1
2026-02-18 15:15:00,-50,43.25,33560,34483.102,7069.0676,14850.1
2026-02-18 15:30:00,-50,43.25,34310,35968.5,6240.0336,14238.2
2026-02-18 15:45:00,-50,-50,35370,37608.699,8329.2979,13537.1
2026-02-18 16:00:00,-50,-50,36340,37734.898,9420.5779,12770.5
2026-02-18 16:15:00,-50,-50,37935,38135,8427.9299,11962.8
2026-02-18 16:30:00,-50,-50,39465,40827.102,8414.2388,11156.6
2026-02-18 16:45:00,-46.69,-50,41340,42917.398,8257.6822,10265.2
2026-02-18 17:00:00,0,50,43295,44666.699,8076.3355,9388.61
2026-02-18 17:15:00,94.96,0,45455,45780.5,7391.32,8707.83
2026-02-18 17:30:00,163.21,-50,48175,47967,6596.7031,7962.84
2026-02-18 17:45:00,245.1,-50,50350,49508.5,6258.3499,7289.34
2026-02-18 18:00:00,260.1,250,52380,50334.602,5736.6325,6727.16
2026-02-18 18:15:00,265.3,260,52790,52043.602,5391.0183,6274.07
2026-02-18 18:30:00,265.2,270,53495,53675.801,5224.0469,6044.1
2026-02-18 18:45:00,265.1,285,54295,54973.898,5091.3502,6033.85
2026-02-18 19:00:00,269,295,54380,56165.898,5135.9927,6086.23
2026-02-18 19:15:00,265.2,285.3,54570,56295.699,5180.2262,6156.55
2026-02-18 19:30:00,265.1,290,55675,57288.199,5240.2939,6247.67
2026-02-18 19:45:00,265.1,288.6,55775,57248.5,5327.9811,6291.07
2026-02-18 20:00:00,260,285.3,56000,57007.898,5489.282,6374.4
2026-02-18 20:15:00,256.14,280,55775,57158.801,5637.7187,6411.69
2026-02-18 20:30:00,258.07,325.7,55515,56904,5810.0489,6473.46
2026-02-18 20:45:00,260.3,290,55580,56852.801,5922.4413,6519.1
2026-02-18 21:00:00,265.3,286.6,55450,56770.898,6048.6052,6554.27
2026-02-18 21:15:00,265.3,325,55420,57153.102,5910.0639,6757.23
2026-02-18 21:30:00,265.2,400.3,55385,57451.5,5991.9736,6742.06
2026-02-18 21:45:00,269,317,55060,57211.898,6089.2641,6784.5
2026-02-18 22:00:00,269,317,54770,56842.398,6015.3027,6825.88
2026-02-18 22:15:00,269,298,54450,56409.199,6111.5753,6833.48
2026-02-18 22:30:00,265.3,295,53770,55529,6143.4892,6868.5
2026-02-18 22:45:00,264.78,290,53120,54902.801,6121.4285,6905.15
2026-02-18 23:00:00,262.05,270,52345,53782.898,6249.8515,6942.19
2026-02-18 23:15:00,260.3,280,51600,52817.602,6404.109,6754.39
2026-02-18 23:30:00,254.67,270,50890,51487.602,6550.8163,6785.29
2026-02-18 23:45:00,258.11,269,49855,50951.801,6750.6376,6811.22
2026-02-19 00:00:00,250,269,48855,49800.699,6862.9065,6841.93
2026-02-19 00:15:00,190.6,286.6,45350,49395.5,6792.6474,7214.57
2026-02-19 00:30:00,260.1,250,49600,53013.398,6924.7909,6850.51
2026-02-19 00:45:00,253,260.1,49150,52682.699,6963.4712,6884.95
2026-02-19 01:00:00,240,330,47780,51160.398,7031.6508,6921.83
2026-02-19 01:15:00,245.3,269,46215,49343,6796.9189,6993.71
2026-02-19 01:30:00,187.1,250,45030,48215.898,6698.3321,7013.28
2026-02-19 01:45:00,238.19,269,43965,46976.301,6593.4844,7030.06
2026-02-19 02:00:00,213.56,270.3,43305,45523.602,6683.5734,7090.21
2026-02-19 02:15:00,190,260.1,42105,44074.102,6867.575,6860.34
2026-02-19 02:30:00,147.6,260,41405,43409.898,6917.708,6862.24
2026-02-19 02:45:00,137.26,187.1,40300,41876.801,6960.5632,6863.24
2026-02-19 03:00:00,130.99,0,39570,41018.301,7042.8477,6859.25
2026-02-19 03:15:00,135.15,9.6,39035,40400.602,7025.1186,6858.08
2026-02-19 03:30:00,132.06,100,38520,40394.199,7012.6113,6860.65
2026-02-19 03:45:00,130.93,260.1,37975,39869.301,6863.031,6860.66
2026-02-19 04:00:00,132.06,260.3,37595,39306,6720.2122,6864.83
2026-02-19 04:15:00,132.12,230.2,37245,39277.301,6457.4829,6879.87
2026-02-19 04:30:00,131.52,260.3,36955,39130,6281.2311,6865.24
2026-02-19 04:45:00,131.52,260.3,36810,40053.102,6145.2534,6852.12
2026-02-19 05:00:00,130.95,302,36500,39598,5972.2962,6840.99
2026-02-19 05:15:00,130.99,270,36645,39129.199,5777.6897,6834.19
2026-02-19 05:30:00,132.06,260.1,36955,39380.801,5543.091,6838.83
2026-02-19 05:45:00,131.52,270,37120,39487.102,5536.8074,6848.62
2026-02-19 06:00:00,132.05,265.3,37595,39172.898,5641.9616,6859.23
2026-02-19 06:15:00,132.06,245,38025,39387.602,5403.4229,6861.3
2026-02-19 06:30:00,128.82,0,38655,39857.301,5160.2845,6829.67
2026-02-19 06:45:00,132.06,250.1,39170,40972.699,5016.7861,6818.07
2026-02-19 07:00:00,134.29,300,40140,41662.199,5029.4008,6802.52
2026-02-19 07:15:00,137.05,269,40625,42807.801,5003.9723,6825.71
2026-02-19 07:30:00,147.6,275,41500,44496.801,5037.3186,7057.55
2026-02-19 07:45:00,158.16,290,41865,45167.199,5211.4816,7376.81
2026-02-19 08:00:00,147.6,292,41115,44982.801,5317.1434,7838.36
2026-02-19 08:15:00,136.52,298,40340,43805.301,5679.1236,8399.89
2026-02-19 08:30:00,137.26,300,39665,42781.602,6259.3674,8994.76
2026-02-19 08:45:00,132.06,270.1,39390,42166.898,6808.596,9678.54
2026-02-19 09:00:00,132.08,253,39245,41810.898,7595.1807,10388.5
2026-02-19 09:15:00,126.49,265.1,38650,41591.602,8311.1157,11128.2
2026-02-19 09:30:00,126.49,50,38310,41965.801,8992.0625,11802.9
2026-02-19 09:45:00,111.22,270,37960,41179.699,9674.5059,12479.4
2026-02-19 10:00:00,0,0,37380,41049.699,10321.0176,13159.7
2026-02-19 10:15:00,50,240,37130,41321.398,10892.4946,13756.2
2026-02-19 10:30:00,-50,43.25,35990,40730,11282.0268,14232.6
2026-02-19 10:45:00,-50,43.25,35895,40033.898,11689.4697,14726.5
2026-02-19 11:00:00,-50,-50,35185,39950,11427.0158,15152.1
2026-02-19 11:15:00,-50,-50,35520,40261.398,11343.8672,15466
2026-02-19 11:30:00,-50,-50,36095,41975.898,11843.2263,15709.5
2026-02-19 11:45:00,-50,0,35675,41867.301,12327.7617,15885.4
2026-02-19 12:00:00,-50,-50,35660,42270,12446.2156,15998.6
2026-02-19 12:15:00,-50,145.47,35535,42219.699,12899.2192,16122.8
2026-02-19 12:30:00,-50,43.25,36555,43549,12535.1187,16094.3
2026-02-19 12:45:00,-50,-50,35830,43027,12354.0327,16013.9
2026-02-19 13:00:00,-50,43.08,35430,42823.301,11902.0391,15873
2026-02-19 13:15:00,-50,-7,34800,42611.199,11454.1089,15680
2026-02-19 13:30:00,-50,102.51,34530,42539.602,11620.7085,15349.1
2026-02-19 13:45:00,-50,109.19,34465,42038.602,11506.7115,14950.9
2026-02-19 14:00:00,-50,109.18,34090,41555.199,10832.2395,14532.9
2026-02-19 14:15:00,-50,145.83,33740,40612.699,10142.496,14031.9
2026-02-19 14:30:00,-50,43.25,33000,39720.102,9814.6035,13516.4
2026-02-19 14:45:00,-50,103.93,33775,39466.801,9620.3818,12946.5
2026-02-19 15:00:00,-50,109.18,34125,39548.5,9342.0705,12340.5
2026-02-19 15:15:00,-50,92.64,34615,40360.301,8978.4231,11671.4
2026-02-19 15:30:00,-50,102.51,34915,40552.898,8548.3486,10998.5
2026-02-19 15:45:00,-50,43.25,36175,41701,8034.2249,10242
2026-02-19 16:00:00,-50,187.1,36995,41704.699,7539.0635,9458.72
2026-02-19 16:15:00,-50,102.51,38375,42260.699,6791.1098,8645.61
2026-02-19 16:30:00,0,170,40000,43971.898,6253.6682,7868.02
2026-02-19 16:45:00,125.72,290.8,41805,45434.5,5701.9399,6966.48
2026-02-19 17:00:00,137.05,285.6,43540,46684.801,5151.6172,6112.08
2026-02-19 17:15:00,240,260,45585,47622.801,4638.7408,5339.14
2026-02-19 17:30:00,270,270.3,48035,49642.898,4012.3702,4622.05
2026-02-19 17:45:00,270,280.3,50155,51550.5,3511.4095,3961.52
2026-02-19 18:00:00,275,295,52485,52750,3110.6098,3389.45
2026-02-19 18:15:00,285.3,295,53925,54316.898,2729.6521,2958.1
2026-02-19 18:30:00,286.6,300,54975,55598.398,2551.9116,2657.89
2026-02-19 18:45:00,290.2,310,56315,57509.699,2402.0536,2491.06
2026-02-19 19:00:00,291,399.97,56665,58017.301,2205.2507,2413.67
2026-02-19 19:15:00,280,285.3,57085,58104.199,2100.2974,2353.77
2026-02-19 19:30:00,270.3,258,57500,58988.5,2132.2738,2314.34
2026-02-19 19:45:00,270.3,270.3,57080,58769.102,2005.8678,2265.52
2026-02-19 20:00:00,270,270.3,56775,58957.602,2072.1795,2231.65
2026-02-19 20:15:00,267.25,270.3,56440,57670.199,2067.52,2157.15
2026-02-19 20:30:00,270,270.31,56305,57813,2005.8824,2119.67
2026-02-19 20:45:00,270,270.3,56160,57828.102,1977.1521,2097.05
2026-02-19 21:00:00,270,326,55530,58061.602,1854.6517,2068.54
2026-02-19 21:15:00,270.3,308.13,55500,57603.199,1806.5219,2005.4
2026-02-19 21:30:00,272,285.3,55635,57815,1724.6031,1939.25
2026-02-19 21:45:00,274.16,330,55070,57348.199,1614.7441,1892.91
2026-02-19 22:00:00,274.16,307.21,54700,56862.898,1615.2767,1848.38
2026-02-19 22:15:00,274.16,300,54095,56028.398,1605.5156,1794.55
2026-02-19 22:30:00,273.33,300,53195,55460.898,1556.9974,1745.98
2026-02-19 22:45:00,275,307.79,52510,54640,1548.0356,1693.16
2026-02-19 23:00:00,270.3,292.03,51205,53648.898,1518.0701,1642.62
2026-02-19 23:15:00,270.3,310.29,50030,52729.602,1519.1048,1577.39
2026-02-19 23:30:00,265,290.99,48605,51760.602,1534.5554,1538.12
2026-02-19 23:45:00,260.3,279,47575,50547.301,1504.5693,1497.13
2026-02-20 00:00:00,264.64,270.3,46565,49421.199,1382.4697,1463.97
2026-02-20 00:15:00,280,278.3,46835,49884.301,1266.7196,1416.46
2026-02-20 00:30:00,434.48,300,51560,54701.398,1193.8365,981.81
2026-02-20 00:45:00,305.8,310.6,51055,52349.301,1153.0086,946.21
2026-02-20 01:00:00,347.27,361.13,49540,50699.602,1066.2914,918.78
2026-02-20 01:15:00,352.56,428,47800,50136.898,974.0078,898.38
2026-02-20 01:30:00,350,485,46480,48434.199,918.4594,879.76
2026-02-20 01:45:00,335.7,400,45300,47451.199,901.2379,908.21
2026-02-20 02:00:00,335.72,437.89,44560,47499.398,857.6302,844.8
2026-02-20 02:15:00,305,410.38,43230,45781.898,816.3687,817.98
2026-02-20 02:30:00,300,334,42455,44888.301,774.6113,805.35
2026-02-20 02:45:00,298,303.8,41225,43955.602,758.7028,793.53
2026-02-20 03:00:00,290,300,40410,42874.5,782.7192,783.68
2026-02-20 03:15:00,296,330,39820,42373.898,791.0839,776.06
2026-02-20 03:30:00,290,270.3,39245,41580.602,825.0173,772.5
2026-02-20 03:45:00,290,292.3,38640,40577.699,873.9511,770.38
2026-02-20 04:00:00,290,295,38220,39653.301,841.6655,762.65
2026-02-20 04:15:00,290,265.3,37825,39284.5,853.5424,753.33
2026-02-20 04:30:00,290,270.3,37505,38712.898,778.3966,742.74
2026-02-20 04:45:00,290,270,37345,39155,685.4745,737.26
2026-02-20 05:00:00,287.2,273,37000,39078.199,636.7996,732.46
2026-02-20 05:15:00,290,273,37160,38877.199,584.5538,725.63
2026-02-20 05:30:00,285.3,270.3,37505,38912.199,531.6732,714.85
2026-02-20 05:45:00,290,270.5,37390,39327.801,497.4238,707
2026-02-20 06:00:00,290.2,290,37915,39817.602,435.1129,699.01
2026-02-20 06:15:00,290,282,38095,40368,402.9044,683.54
2026-02-20 06:30:00,290,318,38795,40587.898,352.5809,676.29
2026-02-20 06:45:00,285.3,291,39370,41223.699,326.8924,668.91
2026-02-20 07:00:00,290,328,40145,42552.102,311.6096,665.52
2026-02-20 07:15:00,290,361,40730,43980.398,327.4356,721.92
2026-02-20 07:30:00,295,357,41795,45450.199,441.4677,911.86
2026-02-20 07:45:00,296,410.38,42310,46155.602,678.811,1287.03
2026-02-20 08:00:00,295,428,42245,46138.699,951.6393,1785.43
2026-02-20 08:15:00,294.37,380.99,41750,45578.199,1368.368,2393.57
2026-02-20 08:30:00,295,410.38,41170,45372,1809.6091,3077.27
2026-02-20 08:45:00,291,388.27,40825,43552.602,2383.8071,3864.26
2026-02-20 09:00:00,290,300,40405,43185.5,3110.0054,4684.93
2026-02-20 09:15:00,288.6,359.88,40055,43353.5,3902.7917,5545.99
2026-02-20 09:30:00,280,300,39995,42881.5,4720.9562,6404.57
2026-02-20 09:45:00,272.87,269,39710,42319.5,5535.9668,7280.67
2026-02-20 10:00:00,260.2,43.25,38960,41814.898,6226.3828,8150.15
2026-02-20 10:15:00,244.76,270.1,38510,40881.602,6971.8234,8957.93
2026-02-20 10:30:00,207.92,0,37460,39397.301,7484.8007,9665.51
2026-02-20 10:45:00,50.58,9.62,36970,37138.801,8009.8816,10420.7
2026-02-20 11:00:00,50,-46.17,36170,37039.898,7961.2921,11112.7
2026-02-20 11:15:00,99.99,-50,35855,37175.301,8622.9422,11692.6
2026-02-20 11:30:00,0,-50,35950,37172.199,8451.2908,12209.9
2026-02-20 11:45:00,50,-7.08,35495,38007.398,9204.5707,12632.2
2026-02-20 12:00:00,49.47,43.08,34850,37501.102,8479.4314,12959.4
2026-02-20 12:15:00,51.69,43.25,34980,37441.801,7105.0174,13121.1
2026-02-20 12:30:00,50,43.25,36090,36439.5,6194.7193,13294.2
2026-02-20 12:45:00,50,43.25,35315,35903.199,4343.862,13384.8
2026-02-20 13:00:00,50,43.25,35115,35402.801,4334.6971,13397.8
2026-02-20 13:15:00,50.58,43.25,34645,34729.699,4229.4356,13361.7
2026-02-20 13:30:00,8.7,43.25,34850,34599.699,4520.1646,13206
2026-02-20 13:45:00,-50,43.25,34475,35372.801,4716.3747,12985.8
2026-02-20 14:00:00,-50,146.68,34425,34302.5,3919.7513,12679.7
2026-02-20 14:15:00,0,146.68,34090,33494.199,2387.2453,12303
2026-02-20 14:30:00,0,146.68,33825,33104.301,1811.1975,11862.6
2026-02-20 14:45:00,50.29,145.83,34205,33691,1611.2879,11329.3
2026-02-20 15:00:00,50.29,43.25,34880,34037.602,1520.2422,10756.9
2026-02-20 15:15:00,0,43.25,35700,34596.398,1706.5303,10116
2026-02-20 15:30:00,0,43.25,36480,35112.602,1514.3062,9436.41
2026-02-20 15:45:00,49.41,43.25,37460,36077.102,1934.3627,8680.03
2026-02-20 16:00:00,0.58,17.49,38360,37556.699,3624.3288,7893.39
2026-02-20 16:15:00,100,17.49,39725,38961.898,3144.5175,7109.27
2026-02-20 16:30:00,50.29,-50,41545,42278.801,4101.7163,6304.1
2026-02-20 16:45:00,217.43,-7,43245,44376.898,4304.3713,5427.35
2026-02-20 17:00:00,258.59,145.83,45090,46164.102,3787.9703,4561.17
2026-02-20 17:15:00,265.2,261,46730,47920.5,3099.9318,3756.57
2026-02-20 17:30:00,282,324.95,48705,50189.301,2459.9795,3013.12
2026-02-20 17:45:00,296.16,310,50475,52044,1824.3712,2308.5
2026-02-20 18:00:00,308.19,310,52075,54105.898,1340.7328,1682.93
2026-02-20 18:15:00,309.68,330.7,53600,55904.398,958.9916,1240.2
2026-02-20 18:30:00,322.77,310,55180,57313.898,707.2866,927.65
2026-02-20 18:45:00,322.77,332.3,56530,58569.301,594.1893,824.73
2026-02-20 19:00:00,388.11,272,57195,59289.5,600.243,819.38
2026-02-20 19:15:00,303.21,285.3,57540,59667.602,605.9011,850.88
2026-02-20 19:30:00,499.59,300,58465,60778.602,657.6316,893.41
2026-02-20 19:45:00,345.13,285.28,58500,59802.699,663.9751,914.81
2026-02-20 20:00:00,300.99,280.1,58395,59990.898,729.9061,950.12
2026-02-20 20:15:00,384.89,300,57740,59411.602,736.3273,968.01
2026-02-20 20:30:00,344.06,298.82,57735,59133.301,763.1033,987.07
2026-02-20 20:45:00,317.73,290,57775,59012.102,790.2995,982.79
2026-02-20 21:00:00,377.84,287.71,57965,58733.398,818.7128,981.72
2026-02-20 21:15:00,312.42,290,57795,58882.5,807.6123,932.13
2026-02-20 21:30:00,391.67,290,58075,58617.898,797.389,897.6
2026-02-20 21:45:00,315.61,290,57860,58419,725.4489,884.99
2026-02-20 22:00:00,392.74,300,57460,58045.301,697.7001,874.48
2026-02-20 22:15:00,353.64,296,56985,57548.398,723.478,870.13
2026-02-20 22:30:00,353.64,306,56170,56501.102,731.6824,871.34
2026-02-20 22:45:00,345.13,295,55545,56379.102,732.4633,874.45
2026-02-20 23:00:00,325.13,320,54285,55176.398,724.1971,875.6
2026-02-20 23:15:00,314.55,314.3,53015,53926.699,724.1385,876.8
2026-02-20 23:30:00,308.19,310,52075,53061.5,742.8743,878.01
2026-02-20 23:45:00,308.19,400,50840,52097.102,746.7621,882.02
2026-02-21 00:00:00,300,372.11,49520,50788.602,786.6077,885.58
2026-02-21 00:15:00,330.7,300,49145,51118.699,798.0373,887.39
2026-02-21 00:30:00,491,791,53680,56081.102,781.1559,882.27
2026-02-21 00:45:00,400,330,53085,54375.602,809.3002,899.74
2026-02-21 01:00:00,409.64,416.72,51890,53125.898,865.2986,917.12
2026-02-21 01:15:00,420.96,460,50420,51093.699,922.6297,951.23
2026-02-21 01:30:00,409.64,415.67,48825,50094.301,970.2757,970.1
2026-02-21 01:45:00,408.13,420,47510,48789.898,968.7673,990.13
2026-02-21 02:00:00,381.7,369.11,46400,47881.699,924.0945,999.71
2026-02-21 02:15:00,332.3,358,45325,47309,875.2695,1022.16
2026-02-21 02:30:00,362,400,44805,46236.898,812.0902,1048.89
2026-02-21 02:45:00,353.7,300,43930,45342.602,765.2121,1067.67
2026-02-21 03:00:00,323,305,43255,45072.5,739.6406,1085.85
2026-02-21 03:15:00,330.2,380,42775,44373.602,747.2637,1104.44
2026-02-21 03:30:00,308,338,42060,44115.699,743.3598,1124.47
2026-02-21 03:45:00,300,330.2,41620,43359.398,789.1493,1145.67
2026-02-21 04:00:00,298,307,40905,42953.102,821.7565,1167.72
2026-02-21 04:15:00,299,328,40505,42745.5,901.874,1195.41
2026-02-21 04:30:00,297,300,40350,42452.199,951.9975,1215.14
2026-02-21 04:45:00,285.3,298,39830,41868,981.2299,1233.55
2026-02-21 05:00:00,284,290,39790,42013.801,1006.3524,1252.81
2026-02-21 05:15:00,290,273,39500,41316.398,1051.0437,1269.21
2026-02-21 05:30:00,282,320.3,39630,41258.301,1026.391,1283.42
2026-02-21 05:45:00,284,287.6,39750,41482.801,1010.1365,1293.34
2026-02-21 06:00:00,278.3,296,39710,41782.801,1036.5234,1302.3
2026-02-21 06:15:00,282,372,40905,41651,1025.2597,1303.8
2026-02-21 06:30:00,273,300,41105,42573.602,1016.3275,1306.62
2026-02-21 06:45:00,273,334,41500,43110.801,1029.123,1309.05
2026-02-21 07:00:00,273,386.04,42500,43918.898,1058.799,1319.94
2026-02-21 07:15:00,272,350,43000,44895,1040.2276,1411.82
2026-02-21 07:30:00,270.3,361,43735,45726.102,1145.0332,1644.79
2026-02-21 07:45:00,270.3,340,44275,45920,1370.8515,2021.18
2026-02-21 08:00:00,274,338,44030,45932,1668.1886,2537.65
2026-02-21 08:15:00,272,320,43285,44975.5,2050.0052,3139.44
2026-02-21 08:30:00,274,320,42710,43595.699,2513.9289,3817.54
2026-02-21 08:45:00,270,43.25,42280,42965.602,3033.0609,4570.94
2026-02-21 09:00:00,250.1,270,42000,42350.301,3581.0363,5345.54
2026-02-21 09:15:00,200,43.25,42040,42028,4143.396,6130.69
2026-02-21 09:30:00,182.36,17.49,41965,40684.102,4856.2381,6912.84
2026-02-21 09:45:00,145.82,43.25,41625,41506.801,5481.9169,7675.98
2026-02-21 10:00:00,121.1,102.51,41275,40931.602,6019.8764,8401.37
2026-02-21 10:15:00,170,103.93,40765,40437.102,6666.3265,9069.13
2026-02-21 10:30:00,146.37,17.49,39875,39505,7094.9832,9599.73
2026-02-21 10:45:00,104.55,106.12,39575,39774.398,7424.5801,10155.5
2026-02-21 11:00:00,187.1,17.49,39420,39955.898,7144.9822,10626.4
2026-02-21 11:15:00,145.82,145.83,39670,40367.801,6496.4286,10978.3
2026-02-21 11:30:00,146.68,43.25,40020,41070.199,6262.9216,11238.1
2026-02-21 11:45:00,146.68,43.25,40105,41256.602,6136.558,11426.5
2026-02-21 12:00:00,140.91,145.83,39880,40702.699,5447.4601,11547.3
2026-02-21 12:15:00,146.08,145.83,40720,39718.898,3715.0447,11588
2026-02-21 12:30:00,178.87,43.25,41580,41921.102,4596.9077,11586.8
2026-02-21 12:45:00,203.05,43.25,41220,42746.699,5509.1185,11514.3
2026-02-21 13:00:00,43.25,17.49,40760,42175.602,6597.6754,11385
2026-02-21 13:15:00,146.68,17.49,40925,42044.398,7180.6533,11211.8
2026-02-21 13:30:00,146.68,17.49,40760,41950.801,7504.5887,10961.1
2026-02-21 13:45:00,148.38,22.7,41155,42654.301,7387.4887,10687.6
2026-02-21 14:00:00,144.97,-6.71,40960,42397.602,7288.9599,10379.4
2026-02-21 14:15:00,146.68,-49.71,40605,41931,7234.5333,10044.8
2026-02-21 14:30:00,146.68,0,40255,41154.102,7088.4979,9628.75
2026-02-21 14:45:00,146.68,-7,40055,40783.699,7013.8864,9176.37
2026-02-21 15:00:00,146.68,-50,40700,41175.699,6864.9592,8711.84
2026-02-21 15:15:00,146.68,0,41505,41796.699,6790.2666,8247.7
2026-02-21 15:30:00,146.68,-50,41915,41740.898,6715.5269,7768.52
2026-02-21 15:45:00,146.68,-50,43020,42045.602,6010.0432,7262.53
2026-02-21 16:00:00,130,-50,44075,43439.5,5148.4756,6753.82
2026-02-21 16:15:00,146.68,-50,45490,44247.398,4955.0854,6232.98
2026-02-21 16:30:00,230,0.04,47150,46000,4750.8009,5710.74
2026-02-21 16:45:00,250,230.98,48605,47271.801,4356.3906,5170.67
2026-02-21 17:00:00,261.76,251.58,50285,48985.602,3919.9381,4585.32
2026-02-21 17:15:00,268.62,265.92,51715,50795.301,3473.9156,4089.53
2026-02-21 17:30:00,296,291.55,53530,52175.699,3151.1357,3594.59
2026-02-21 17:45:00,300,300,55395,54091,2790.647,3116.33
2026-02-21 18:00:00,530.13,300,56845,56001.5,2498.8598,2703.54
2026-02-21 18:15:00,412.03,300,58150,57286.602,2374.8031,2399.89
2026-02-21 18:30:00,423.42,285.3,59130,58904.199,2442.1188,2256.32
2026-02-21 18:45:00,427.95,300,60150,60158.5,2366.4154,2204.78
2026-02-21 19:00:00,451.89,300,60685,60872.699,2571.9397,2257.93
2026-02-21 19:15:00,371.49,280,60875,60698.398,2832.3287,2315.37
2026-02-21 19:30:00,511.54,110,62000,61886.102,2927.7164,2387.73
2026-02-21 19:45:00,439.71,278.3,61920,61780.699,2995.3326,2438.36
2026-02-21 20:00:00,438.32,280.1,61720,61618.301,3025.8549,2492.78
2026-02-21 20:15:00,438.32,270,61090,61364.398,2828.0364,2515.63
2026-02-21 20:30:00,488.34,275,61150,61905,2520.7508,2528.85
2026-02-21 20:45:00,388.3,361,61205,62141.801,2294.1314,2533.95
2026-02-21 21:00:00,427.95,310,60805,61601.102,2163.4089,2529.06
2026-02-21 21:15:00,498.72,300,60605,61349.102,2238.534,2474.77
2026-02-21 21:30:00,388.3,300,60310,61546.398,2222.8419,2436.29
2026-02-21 21:45:00,438.32,304,60090,61129.102,2055.8422,2406.65
2026-02-21 22:00:00,438.32,300,59610,60364.898,1870.7205,2377.81
2026-02-21 22:15:00,437.89,300,58460,59674.898,1730.3266,2310.12
2026-02-21 22:30:00,437.89,302,57780,59587.602,1533.5765,2270.36
2026-02-21 22:45:00,437.89,400,57155,58363.301,1480.199,2224.39
2026-02-21 23:00:00,431.54,290,56070,57199.199,1495.3638,2183.73
2026-02-21 23:15:00,415.66,340,54595,56284.5,1501.4046,2145.24
2026-02-21 23:30:00,380.99,330,53640,54984.602,1567.6972,2106.95
2026-02-21 23:45:00,318.61,358,52410,54435.398,1681.6685,2067.28
2026-02-22 00:00:00,296,371.49,50895,53400.801,1756.5743,2026.47
2026-02-22 00:15:00,298,308.27,50815,52725.102,1738.8142,2004.43
2026-02-22 00:30:00,556.85,350,55200,57001.602,1772.8389,1847.02
2026-02-22 00:45:00,400.3,420,54355,56804.602,1844.1698,1817.8
2026-02-22 01:00:00,366,631.7,52645,56589,1878.5826,1789.18
2026-02-22 01:15:00,380,500,51135,54692.602,1781.3858,1772.23
2026-02-22 01:30:00,331,460,49620,53460.102,1873.6954,1737.97
2026-02-22 01:45:00,306.4,445.77,48470,50863.5,1940.3639,1699.75
2026-02-22 02:00:00,300,330.2,47435,48590.301,2026.1786,1661.48
2026-02-22 02:15:00,298,270.1,46625,48504.898,1977.5828,1625.72
2026-02-22 02:30:00,299,313.33,45720,47346,2041.3749,1591.75
2026-02-22 02:45:00,302.8,316.71,44845,47605.602,1967.7826,1549.21
2026-02-22 03:00:00,298,314.3,44330,46821.898,1950.927,1502.95
2026-02-22 03:15:00,298,328,43610,46165.199,1999.1621,1455.26
2026-02-22 03:30:00,295.81,316.71,42940,45919,2078.3073,1408.46
2026-02-22 03:45:00,296,316.5,42420,44883.102,2075.2704,1361.47
2026-02-22 04:00:00,296,280,41940,44510.898,2013.9727,1316.35
2026-02-22 04:15:00,297,300,41470,44098.801,1825.5313,1282.91
2026-02-22 04:30:00,300,293,41225,43763.5,1679.2896,1244.28
2026-02-22 04:45:00,296,300,40945,43458.5,1632.1922,1207.46
2026-02-22 05:00:00,295,301,40625,43229.801,1528.2095,1174.63
2026-02-22 05:15:00,290,298,40500,43038,1506.0257,1146.62
2026-02-22 05:30:00,292.79,358.82,40665,43404.898,1410.8143,1118.52
2026-02-22 05:45:00,297.92,338,40865,43433.102,1380.9406,1091.99
2026-02-22 06:00:00,295,308,41225,43774.898,1326.3457,1074.99
2026-02-22 06:15:00,296,300,41580,43986.801,1247.3817,1041.37
2026-02-22 06:30:00,286.6,295,42100,44973.301,1292.4817,1026.32
2026-02-22 06:45:00,292.69,358,42500,46088.801,1215.7369,1008.87
2026-02-22 07:00:00,290,400,43125,46060.801,1189.6254,1005.58
2026-02-22 07:15:00,295.78,340,43805,46850.398,1246.9952,1064.89
2026-02-22 07:30:00,297,399.79,44565,47994.102,1348.0901,1261.39
2026-02-22 07:45:00,296.8,438.95,44900,48493.699,1566.1361,1565.24
2026-02-22 08:00:00,297,359.88,44615,48197.199,1791.2071,2016.27
2026-02-22 08:15:00,297,359.88,43985,47027.199,2100.1966,2529.63
2026-02-22 08:30:00,296.8,288.6,43290,46495.5,2385.5544,3130.1
2026-02-22 08:45:00,295.85,329.16,42890,46349.301,2794.4306,3791.53
2026-02-22 09:00:00,293.63,338,42685,45936.602,3342.398,4500.61
2026-02-22 09:15:00,290,320,42590,45411.801,3928.7561,5208.08
2026-02-22 09:30:00,287.3,295,42470,45563.602,4535.1904,5889.59
2026-02-22 09:45:00,270.2,270.3,42430,45178.898,5217.1236,6597.53
2026-02-22 10:00:00,267,43.25,42205,44930.602,5800.7165,7279.17
2026-02-22 10:15:00,268.3,146.68,42120,43638.301,6473.2057,7930.95
2026-02-22 10:30:00,260.2,187.1,41120,42291.801,6850.2875,8494.36
2026-02-22 10:45:00,235.01,-50,41085,41720.898,7301.7197,9071.21
2026-02-22 11:00:00,202.01,-49.97,40995,42431.398,7188.8854,9587.55
2026-02-22 11:15:00,180,-50,40860,42344.602,7360.0801,10008.8
2026-02-22 11:30:00,176.22,-50,41195,42908.301,7142.1092,10394.7
2026-02-22 11:45:00,174.4,-49.06,41390,43055.699,7278.6076,10716.3
2026-02-22 12:00:00,168.56,-49.97,40985,43121.801,7549.4891,10966.6
2026-02-22 12:15:00,166.75,-50,41300,42932.5,7604.2868,11156
2026-02-22 12:30:00,166.75,-50,42410,44940.5,8187.3597,11312
2026-02-22 12:45:00,154.5,3.49,41280,44013.5,8483.055,11431.4
2026-02-22 13:00:00,140.02,-0.27,40760,44107,8337.7686,11498.6
2026-02-22 13:15:00,140.02,-48.57,40395,43480.898,8286.8118,11504.2
2026-02-22 13:30:00,134.34,-4.63,40325,43742.5,8717.5738,11419
2026-02-22 13:45:00,140.02,153.42,40140,43350.898,8759.0673,11314.9
2026-02-22 14:00:00,145.7,-15.24,39825,43070.801,8547.1383,11160.7
2026-02-22 14:15:00,142.25,-1.47,39325,42342.602,8198.3869,10957.1
2026-02-22 14:30:00,154.5,-22.51,39050,41835,7974.5242,10677.2
2026-02-22 14:45:00,148.93,-37.33,38770,41582,8023.3182,10393.2
2026-02-22 15:00:00,142.25,64.11,39320,41653.602,7748.6695,9937.37
2026-02-22 15:15:00,140.02,-48.94,40085,42090.898,7186.4549,9482.46
2026-02-22 15:30:00,139.2,-41.01,41025,40992.898,5937.7279,8968
2026-02-22 15:45:00,148.93,-47.61,42140,43028.199,4642.0852,8430.61
2026-02-22 16:00:00,228.23,-46.72,43540,43996.602,5094.1473,7822.04
2026-02-22 16:15:00,230.64,-48.11,45105,45289,5386.3389,7159.91
2026-02-22 16:30:00,255.2,10,46965,48141.898,4933.6521,6587.01
2026-02-22 16:45:00,265.2,300,48775,49334.102,4346.2904,5844.22
2026-02-22 17:00:00,274.43,289.01,51075,51684.898,3976.4362,5161.42
2026-02-22 17:15:00,286.72,358,52830,54699.102,3356.7174,4476.56
2026-02-22 17:30:00,317.58,350.63,55160,56500.301,2857.8752,3808.67
2026-02-22 17:45:00,333.07,350.94,57255,57725,2356.1796,3238.87
2026-02-22 18:00:00,502.75,354.75,58715,59335.102,1860.4953,2713.55
2026-02-22 18:15:00,421.38,301.35,59585,60889.301,1548.6218,2347.75
2026-02-22 18:30:00,484.31,330.87,60990,62818.5,1357.6706,2093.75
2026-02-22 18:45:00,387.11,330.87,61535,63662.898,1298.1063,2026.32
2026-02-22 19:00:00,488.63,330.87,62600,64505.102,1326.8513,2046.46
2026-02-22 19:15:00,485.07,270.1,63500,64240.5,1322.9482,2077.98
2026-02-22 19:30:00,606.87,270.1,64445,64951.301,1411.1479,2134.94
2026-02-22 19:45:00,479.91,275.2,65000,64939.199,1455.4616,2173.42
2026-02-22 20:00:00,338.06,300,64690,65027.898,1484.5096,2217.1
2026-02-22 20:15:00,536.7,290,64740,64182.602,1497.7657,2229.54
2026-02-22 20:30:00,434.86,270,64395,63445.102,1487.2957,2243.55
2026-02-22 20:45:00,431.44,270,64345,63594.602,1520.916,2242.82
2026-02-22 21:00:00,433.52,270,64045,63543.801,1429.491,2240.43
2026-02-22 21:15:00,438.06,300,63600,63930.602,1409.1306,2180.66
2026-02-22 21:30:00,434.86,381.67,63000,63451.699,1396.0151,2145.66
2026-02-22 21:45:00,436.79,300.33,62405,63168.5,1381.5809,2107.15
2026-02-22 22:00:00,428.47,331.82,61460,62624.102,1337.6173,2069.01
2026-02-22 22:15:00,427.82,334.86,60465,62236.398,1301.692,2002
2026-02-22 22:30:00,424.92,328.78,59670,60739.699,1214.802,1970.01
2026-02-22 22:45:00,422.79,331.82,58480,60367.699,1202.7333,1951.64
2026-02-22 23:00:00,319.11,328.78,57735,59060.301,1197.013,1947.85
2026-02-22 23:15:00,313.83,318.61,56590,57508,1249.1834,1948.36
2026-02-22 23:30:00,297.92,443.75,55200,56487.602,1342.0176,1957.52
2026-02-22 23:45:00,278.04,350.32,54005,55091.699,1488.4419,1968.84
2026-02-23 00:00:00,265.2,333.78,51570,54002,1634.0679,1981.02
2026-02-23 00:15:00,289.98,290.5,53210,54382.699,1670.5947,2021.2
2026-02-23 00:30:00,298.06,354.51,57090,59006.602,1737.0535,1620.78
2026-02-23 00:45:00,295.52,350.08,56070,59298.602,1799.7649,1648.24
2026-02-23 01:00:00,293.2,401.43,55170,57825.398,1882.7323,1671.29
2026-02-23 01:15:00,290.14,320.36,53700,55960.602,1865.4126,1727.47
2026-02-23 01:30:00,289.03,293.2,52875,54450.898,1943.8225,1785.98
2026-02-23 01:45:00,280,301.11,51345,53294.801,2010.732,1843.94
2026-02-23 02:00:00,280,297.75,50200,52206.699,2024.432,1907.54
2026-02-23 02:15:00,269.1,290.3,49115,50975.199,2036.35,1983.34
2026-02-23 02:30:00,267,269,48170,49726.602,2010.4573,2073.8
2026-02-23 02:45:00,265.3,280,47210,49053.5,1939.2357,2170.4
2026-02-23 03:00:00,265,280,46310,48568,2047.2817,2270.04
2026-02-23 03:15:00,265,274,45630,48062.602,2050.9667,2443.12
2026-02-23 03:30:00,263,270.5,45180,47473.398,2127.6313,2547.16
2026-02-23 03:45:00,260.1,269,44705,46732.398,2170.3429,2676.31
2026-02-23 04:00:00,260,261,44440,46952.398,2390.7737,2790.22
2026-02-23 04:15:00,260,265.3,44325,46867.199,2606.9102,2906.94
2026-02-23 04:30:00,255.1,325.7,44120,46459,2921.6906,3033.38
2026-02-23 04:45:00,250,268,43735,46275.602,3121.2133,3183.46
2026-02-23 05:00:00,245.93,265,43370,45428,3250.5654,3315.51
2026-02-23 05:15:00,250,263,43000,44502.699,3553.0535,3436.42
2026-02-23 05:30:00,245.93,250,43435,44437.398,3714.1388,3575.98
2026-02-23 05:45:00,245.93,250,43625,44351.5,3869.5557,3716.79
2026-02-23 06:00:00,250,250,43415,44896.602,4051.0046,3853.43
2026-02-23 06:15:00,245.93,250,44230,45404.898,4072.3843,3979.32
2026-02-23 06:30:00,245.93,257,44830,45937.699,4193.8503,4127.72
2026-02-23 06:45:00,245.93,260.3,45225,46798.199,4270.8586,4273.63
2026-02-23 07:00:00,245.93,268,46130,47646.801,4372.8385,4426.82
2026-02-23 07:15:00,245.93,260.3,46935,48428.5,4549.2519,4657.56
2026-02-23 07:30:00,245.93,260.3,47785,49632.801,4822.3257,5040.97
2026-02-23 07:45:00,250.3,269,48240,50195.801,5117.7521,5554.97
2026-02-23 08:00:00,250,270.3,48080,50094.398,5493.502,6198.52
2026-02-23 08:15:00,230,148.79,47470,48565.898,6071.9832,6937.34
2026-02-23 08:30:00,240,0,47245,47465,6704.0735,7700.24
2026-02-23 08:45:00,240,0,47190,46807.199,7227.4331,8534.69
2026-02-23 09:00:00,235,0,47125,46973.801,7942.5644,9396.91
2026-02-23 09:15:00,156.78,-50,47225,46415.898,8217.1316,10277.5
2026-02-23 09:30:00,22.45,0,47180,46184.199,8704.5771,11128.6
2026-02-23 09:45:00,43.25,43.25,46925,46054.398,9549.563,11975.3
2026-02-23 10:00:00,43.25,43.25,46805,45962.199,10006.4004,12770.1
2026-02-23 10:15:00,20,43.25,46320,45529.199,10624.3897,13501.4
2026-02-23 10:30:00,25.99,-50,45400,47101.301,10637.4864,14106.5
2026-02-23 10:45:00,43.25,239.49,45435,47043.5,11262.3418,14740.1
2026-02-23 11:00:00,6.37,-29.02,45410,47875.898,11353.5029,15294.2
2026-02-23 11:15:00,0.07,42.65,45615,48602.398,12083.5493,15730.7
2026-02-23 11:30:00,0,37.32,45690,49376.199,12435.3145,16086.7
2026-02-23 11:45:00,50.03,244.28,45795,49417,12316.9488,16339.1
2026-02-23 12:00:00,1.34,76.74,45295,48697.699,12322.6553,16548
2026-02-23 12:15:00,0,-7,44530,47846.699,12232.565,16637.199
2026-02-23 12:30:00,12.39,4.72,45710,49115.898,12598.8447,16700.801
2026-02-23 12:45:00,2.54,52.42,45545,49109,12262.9087,16675.801
2026-02-23 13:00:00,0,43.5,44885,48167.398,11940.3677,16579.5
2026-02-23 13:15:00,0,43.2,44790,47563.602,12268.2851,16384.199
2026-02-23 13:30:00,0,73.86,44235,47149.699,12830.6465,16112
2026-02-23 13:45:00,0,43.25,44820,47558.301,11960.9722,15804.2
2026-02-23 14:00:00,0,43.48,44785,47478.301,11545.3809,15429.8
2026-02-23 14:15:00,0,-49.73,44465,46488.398,11258.9156,14994.1
2026-02-23 14:30:00,1.34,-49.75,44550,45103.699,10224.3789,14494.6
2026-02-23 14:45:00,0,-44.44,44820,44422.602,9174.9321,14019.9
2026-02-23 15:00:00,17.92,-49.74,45245,44890.801,9053.562,13455.1
2026-02-23 15:15:00,24.15,-50,46095,45142,8441.7461,12910.6
2026-02-23 15:30:00,24.98,-50,47150,45831.5,8054.4968,12324.5
2026-02-23 15:45:00,43.25,0.3,48200,47144.301,7772.5774,11740.4
2026-02-23 16:00:00,7.06,-50,48800,48085.898,7798.9687,11110.3
2026-02-23 16:15:00,43.25,-48.28,50725,49517,7974.8262,10453.6
2026-02-23 16:30:00,43.25,-50,52700,51128.102,7866.4648,9858.44
2026-02-23 16:45:00,70.11,-50,54855,52417.602,6998.813,9180.76
2026-02-23 17:00:00,165.8,-47.68,56890,53966.801,6325.3799,8563.14
2026-02-23 17:15:00,250.3,58.18,58790,56380.801,6588.6607,8159.49
2026-02-23 17:30:00,269,271,60670,58862.199,6326.1792,7596.54
2026-02-23 17:45:00,275.1,265.2,62715,60906.199,6386.214,7099.43
2026-02-23 18:00:00,285,279.58,64220,62701.301,6386.753,6636.78
2026-02-23 18:15:00,285.3,280.5,65035,64943.602,6248.2811,6319.27
2026-02-23 18:30:00,291.14,345.52,66235,67616.602,6121.9122,6107.31
2026-02-23 18:45:00,295.59,295.31,66780,68767.602,6283.8057,6033.09
2026-02-23 19:00:00,300.02,301,66970,69344.102,6211.6753,6051.65
2026-02-23 19:15:00,292.89,265.2,67860,68268.203,6207.958,5941.37
2026-02-23 19:30:00,295.26,263,70000,69631.398,6311.933,5970.41
2026-02-23 19:45:00,293.26,279.99,69390,69047.102,6293.4464,5976.12
2026-02-23 20:00:00,292.2,280,69075,68590.203,6651.4426,5966.86
2026-02-23 20:15:00,292.89,285.1,68370,68571.797,6654.015,5944.22
2026-02-23 20:30:00,293.26,280.1,68155,68039.203,6631.2676,5917.11
2026-02-23 20:45:00,293.26,275.3,67995,67496.602,6529.5817,5882.11
2026-02-23 21:00:00,295.48,269,67805,67389.797,6598.8266,5840.82
2026-02-23 21:15:00,295.49,269,67425,67112.602,6507.3358,5868.81
2026-02-23 21:30:00,298.83,271,66615,67020.602,6514.693,5772.17
2026-02-23 21:45:00,300.35,270,66530,66694.602,6575.2081,5709.27
2026-02-23 22:00:00,305.51,265.3,66305,65649.898,6359.9475,5647.11
2026-02-23 22:15:00,280,261,64585,64798,6338.2104,5364.15
2026-02-23 22:30:00,293.03,267,63350,63460.898,6165.3545,5301.74
2026-02-23 22:45:00,285,268.3,62255,62640,5860.0258,5258.93
2026-02-23 23:00:00,271.49,264,60955,61320.102,6098.9358,5206.92
2026-02-23 23:15:00,269,263,59675,59270.102,5791.2173,5138.56
2026-02-23 23:30:00,265.3,260.5,57930,58133.301,5456.2457,5049.71
2026-02-23 23:45:00,265.3,260,57080,56751.801,5275.3012,4852.56
2026-02-24 00:00:00,254,254,54780,55483.398,5152.5145,4736.23
2026-02-24 00:15:00,280,250,56230,55530.699,4717.3284,4965.3
2026-02-24 00:30:00,288.1,43.25,60100,61388.398,4841.2286,5077.11
2026-02-24 00:45:00,290,800,59490,61336.102,4830.8142,4971.6
2026-02-24 01:00:00,280,300,57595,59739.801,4884.4823,4850.07
2026-02-24 01:15:00,280.93,280.3,56600,57922.102,4704.9807,4837.27
2026-02-24 01:30:00,280,280,54960,56515,4648.1194,4712.15
2026-02-24 01:45:00,270.3,275,53360,55255.301,4483.176,4599.91
2026-02-24 02:00:00,270,270.1,52290,54188,4307.1429,4488.88
2026-02-24 02:15:00,267,270,51440,53937.602,4214.2228,4381.33
2026-02-24 02:30:00,268,276.6,50655,52899.398,4103.4741,4311.79
2026-02-24 02:45:00,265.3,270.5,49705,52384.102,4076.6109,4199.29
2026-02-24 03:00:00,265.3,270.1,48960,51668.699,4064.1522,4096.13
2026-02-24 03:15:00,265.5,270,48280,50911,4044.7627,3998.44
2026-02-24 03:30:00,265.3,264,47835,49834.5,4067.0391,3894.29
2026-02-24 03:45:00,264,258.3,46875,49408.199,4038.7379,3784.59
2026-02-24 04:00:00,264,260.5,46590,49134.301,3821.2188,3676.03
2026-02-24 04:15:00,263,259,46290,48206.602,3917.7414,3581.13
2026-02-24 04:30:00,260.5,260,46130,48304.699,3668.4734,3482.28
2026-02-24 04:45:00,260.1,260,45965,47883.898,3354.5759,3378.93
2026-02-24 05:00:00,260,260.1,45870,47836,3091.7668,3277.42
2026-02-24 05:15:00,260,264,45500,47679.898,2925.4422,3185.38
2026-02-24 05:30:00,260.5,266,45740,47627.801,2820.0797,3095.76
2026-02-24 05:45:00,265,270.3,46345,48389.102,2733.2158,3017.92
2026-02-24 06:00:00,265.3,270,46330,48604.801,2636.9256,2940.94
2026-02-24 06:15:00,266,275.3,47065,49061,2573.9964,2836.14
2026-02-24 06:30:00,268,270.5,48475,49929.699,2255.5628,2763.31
2026-02-24 06:45:00,270.3,285,49520,51174.5,2047.2133,2693.71
2026-02-24 07:00:00,270.2,319,50300,51935.398,1978.9448,2629.66
2026-02-24 07:15:00,275.3,300.09,51700,53419.398,1785.6382,2609.27
2026-02-24 07:30:00,285,310.2,53245,55656.102,1956.6045,2653.32
2026-02-24 07:45:00,285.5,401.41,53660,56481.301,1884.5777,2786.31
2026-02-24 08:00:00,293,345.08,54380,57212.699,2104.3223,2997.77
2026-02-24 08:15:00,301.63,421.98,55380,57460.801,2178.5683,3285.24
2026-02-24 08:30:00,308.59,405.98,55775,59258.398,2115.8107,3598.32
2026-02-24 08:45:00,316.49,427.43,56615,60822.898,2265.2212,3930.98
2026-02-24 09:00:00,317.99,367.7,57855,61587.699,2348.767,4289.69
2026-02-24 09:15:00,320.97,463.22,58760,63451.699,2588.1299,4754.16
2026-02-24 09:30:00,321.72,401,59585,64290.801,2764.509,5132.55
2026-02-24 09:45:00,335.22,355.13,60400,65124.398,3104.1155,5507.29
2026-02-24 10:00:00,332.6,390.41,60610,65170.199,3197.3041,5872.29
2026-02-24 10:15:00,337.72,396.22,60425,65325,3183.4904,6224.33
2026-02-24 10:30:00,317.13,362.89,59500,64274.898,3574.2866,6582.92
2026-02-24 10:45:00,301.17,335.22,59265,64646.801,3815.0489,6940.51
2026-02-24 11:00:00,289.57,302.3,59260,64396.801,4116.5356,7284.85
2026-02-24 11:15:00,277.36,290.87,59405,63907.199,4285.2756,7594.05
2026-02-24 11:30:00,270.19,290.46,59575,63996.199,4523.7406,7882.47
2026-02-24 11:45:00,270.42,43.68,60130,63902.301,4887.7959,8118.05
2026-02-24 12:00:00,261.54,267.01,58770,63196.301,4879.5494,8299.42
2026-02-24 12:15:00,248.07,266.03,58095,61761.602,5186.4903,8330.59
2026-02-24 12:30:00,266,270,60055,65528.301,5038.1572,8407.21
2026-02-24 12:45:00,260.35,270.2,59810,65750.203,5154.6046,8444.65
2026-02-24 13:00:00,240.61,297.75,58715,65379.301,4984.3795,8446.75
2026-02-24 13:15:00,241.11,279.34,58185,63835,5098.283,8407.42
2026-02-24 13:30:00,238.79,281.5,57255,63242.898,4830.6392,8351.29
2026-02-24 13:45:00,234.26,275.2,57645,63818.699,4898.1146,8255.62
2026-02-24 14:00:00,234.27,280.28,57795,63477.898,4907.4153,8134.91
2026-02-24 14:15:00,197,265.96,57050,62057.398,4555.1042,7974.19
2026-02-24 14:30:00,194.66,269,56490,60397.898,4489.0762,7789.43
2026-02-24 14:45:00,185.11,268,56175,59964.5,4254.5206,7602.13
2026-02-24 15:00:00,187.62,265.5,56580,60266.102,4000.9384,7309.34
2026-02-24 15:15:00,197.12,1.02,56900,60266,3823.4191,7000.78
2026-02-24 15:30:00,229.31,270.45,57135,61180.602,3561.666,6658.41
2026-02-24 15:45:00,253.92,271.55,58355,61841.5,3230.6256,6327.1
2026-02-24 16:00:00,250.57,266.15,59125,62724.102,2998.9647,5922.66
2026-02-24 16:15:00,260,280.19,60390,64883.602,2848.0409,5486.63
2026-02-24 16:30:00,270,326.73,61550,66389.398,2717.0658,5041.49
2026-02-24 16:45:00,281.28,335.14,63060,67516,2506.1385,4553.56
2026-02-24 17:00:00,302.57,352.34,64555,68798.797,2234.1512,4080.82
2026-02-24 17:15:00,314.13,401.39,66455,70537.398,2120.6245,3620.3
2026-02-24 17:30:00,338.82,401.35,68365,72483.797,1948.3024,3134.17
2026-02-24 17:45:00,398.69,366.97,70290,73205,1815.878,2697.01
2026-02-24 18:00:00,399.98,367.29,71075,74869.5,1589.2957,2291.96
2026-02-24 18:15:00,421.76,375.96,72980,76203.797,1396.7511,1984.96
2026-02-24 18:30:00,420.56,381.73,73820,77551.203,1193.8489,1796.53
2026-02-24 18:45:00,435.4,341.04,74745,77725.797,1164.41,1689.93
2026-02-24 19:00:00,452.75,311.46,75910,78402.797,1257.6543,1684.7
2026-02-24 19:15:00,432.81,297.06,75915,78651.797,1317.6044,1662.5
2026-02-24 19:30:00,557.25,320.2,78000,79809,1388.5759,1684.94
2026-02-24 19:45:00,353.89,307.02,77615,78668.703,1414.785,1693.78
2026-02-24 20:00:00,445.56,293.95,77150,78463.703,1545.7589,1702.77
2026-02-24 20:15:00,446.52,294.89,76750,76921.797,1584.8679,1703.93
2026-02-24 20:30:00,442.15,292.39,75360,75454.5,1487.7307,1694.82
2026-02-24 20:45:00,441.28,279.97,74975,75323.797,1434.6454,1689.85
2026-02-24 21:00:00,475.01,275.04,74765,76084.102,1583.094,1687.54
2026-02-24 21:15:00,356.03,319.97,74370,75515.797,1543.9895,1678.93
2026-02-24 21:30:00,441.26,295.3,73460,75273.5,1377.8869,1657.8
2026-02-24 21:45:00,437.41,293.98,72980,74972.398,1296.5773,1646.39
2026-02-24 22:00:00,433.43,316.84,72320,74206,1308.7215,1640.34
2026-02-24 22:15:00,422.85,314.22,70400,72817,1288.9122,1589.14
2026-02-24 22:30:00,417.37,324.09,69310,71005.703,1240.8873,1569.08
2026-02-24 22:45:00,378.91,287.9,68085,69316.602,1184.0878,1543.34
2026-02-24 23:00:00,327.89,310.2,66000,68664,1136.0052,1516.03
2026-02-24 23:15:00,290.76,330.5,64290,66433.602,1107.959,1482.84
2026-02-24 23:30:00,278,330.47,62610,65539.203,1054.2087,1452.32
2026-02-24 23:45:00,278.4,330.5,61965,64701.699,1055.7008,1406.29
2026-02-25 00:00:00,264,295.3,58875,62883.699,1131.7379,1382.78
2026-02-25 00:15:00,288.86,250,62425,62489.699,1108.671,1392.15
2026-02-25 00:30:00,290.39,278,68260,69074.102,1086.6993,1414.64
2026-02-25 00:45:00,289.93,280,67730,66593.898,1114.7109,1393.37
2026-02-25 01:00:00,281.78,280,64980,64799.699,1141.3498,1371.15
2026-02-25 01:15:00,282.18,280,63175,63009.398,1106.7032,1356.35
2026-02-25 01:30:00,282,280,61910,62298.898,1084.0747,1331.84
2026-02-25 01:45:00,280,285,60090,60677.602,1098.5259,1300.51
2026-02-25 02:00:00,278.5,297.11,59100,59585.898,1075.3412,1276.01
2026-02-25 02:15:00,275.86,323.41,57915,59025.398,1080.8829,1237.31
2026-02-25 02:30:00,275,326.74,56660,58864.699,1120.9544,1225.94
2026-02-25 02:45:00,273,311.62,56000,57698.398,1171.3147,1216.73
2026-02-25 03:00:00,272.5,299.07,55175,56875.898,1137.5565,1208.08
2026-02-25 03:15:00,270,280,54605,55953.102,1210.2631,1196.39
2026-02-25 03:30:00,270.3,285,54205,55567.398,1183.6987,1199.71
2026-02-25 03:45:00,270,280,53310,54940,1203.7666,1193.08
2026-02-25 04:00:00,268.99,280,52645,54390.301,1279.2446,1197.94
2026-02-25 04:15:00,268,276,52135,54680.301,1315.6417,1213.44
2026-02-25 04:30:00,268,286,51625,54329.699,1309.7514,1241.22
2026-02-25 04:45:00,268,285,51185,54064.102,1366.3572,1259.97
2026-02-25 05:00:00,268,280,51040,53430.602,1462.1238,1281.49
2026-02-25 05:15:00,267,276,51000,53680.699,1459.1797,1321.42
2026-02-25 05:30:00,268,280,51405,53929.301,1581.4626,1350.45
2026-02-25 05:45:00,268,275,51700,53766.301,1579.225,1384.47
2026-02-25 06:00:00,267,270,51990,54906.898,1671.3951,1422.99
2026-02-25 06:15:00,269.3,275.2,52865,55033,1699.4381,1456.2
2026-02-25 06:30:00,270.4,280,54180,56663.301,1806.9426,1504.94
2026-02-25 06:45:00,273.84,311.62,55600,57137.199,1815.7575,1561.03
2026-02-25 07:00:00,272.2,292.94,56825,58572.602,1976.6309,1639.24
2026-02-25 07:15:00,272,336.88,57755,60959,2057.1848,1765.78
2026-02-25 07:30:00,270.4,332.5,59430,62125.801,2201.6784,2019.74
2026-02-25 07:45:00,272.2,334.47,60340,63422.602,2539.6581,2367.71
2026-02-25 08:00:00,275,375.57,61270,64144.602,2727.5514,2827.35
2026-02-25 08:15:00,279.53,350.2,63030,65376.398,3170.1803,3340.26
2026-02-25 08:30:00,280.63,323.1,64100,67159.102,3508.2092,3924
2026-02-25 08:45:00,281.96,325.21,65505,68222.5,4079.6028,4567.23
2026-02-25 09:00:00,281.96,321.85,66690,69241.797,4726.2141,5211.89
2026-02-25 09:15:00,283.26,269.64,67605,68366.5,4959.9546,6083
2026-02-25 09:30:00,281.96,268.71,68145,69515.797,5512.4543,6804.38
2026-02-25 09:45:00,282.53,270.08,68765,69888.5,5873.3764,7452.18
2026-02-25 10:00:00,282.02,267,69325,69875.898,6429.4814,8066.09
2026-02-25 10:15:00,282.46,269.4,69565,69308.703,6767.4128,8690.19
2026-02-25 10:30:00,273,269.78,68005,67701,7378.124,9311.66
2026-02-25 10:45:00,270,0,68380,68183.797,7667.5359,9891.46
2026-02-25 11:00:00,269.78,260.4,68465,67999.898,8057.4768,10417.3
2026-02-25 11:15:00,266.37,260.1,68765,68448.898,8344.2246,10878.7
2026-02-25 11:30:00,265,263,69115,69055.797,8698.0892,11282.4
2026-02-25 11:45:00,263.56,265.19,69180,69030,9041.1219,11631.3
2026-02-25 12:00:00,260.4,242.3,67425,68107,8801.977,11917.7
2026-02-25 12:15:00,255.2,256.3,65355,65752.898,8652.7254,12223.2
2026-02-25 12:30:00,258.02,260.1,66755,69410.102,8652.5391,12348.7
2026-02-25 12:45:00,260,263.09,66980,68973.898,8486.8796,12412.8
2026-02-25 13:00:00,256.33,275.71,66325,68293.398,8615.1484,12419.1
2026-02-25 13:15:00,258,259.98,65910,68075.797,8615.5144,12344.7
2026-02-25 13:30:00,257.22,262.95,65910,68182.203,8566.9554,12230.1
2026-02-25 13:45:00,258,261.41,65825,68051,8489.8465,12068.3
2026-02-25 14:00:00,254.99,265.48,65840,69194.297,8509.3787,11875
2026-02-25 14:15:00,253.25,273.32,65765,68933.102,8265.7537,11642.2
2026-02-25 14:30:00,255.01,265.48,65260,67540.102,8228.6386,11345.4
2026-02-25 14:45:00,255,258.08,66330,67515.203,7918.8118,11064.2
2026-02-25 15:00:00,255.04,260,66720,67761.602,7860.3618,10680.2
2026-02-25 15:15:00,258,258.1,67615,68954.602,7720.4565,9979.15
2026-02-25 15:30:00,255.4,257.32,68455,68985.297,7445.1743,9591.61
2026-02-25 15:45:00,257.84,258.1,69380,70160.398,7124.0454,9214.79
2026-02-25 16:00:00,258.3,260,69605,70744.203,7017.6701,8813.63
2026-02-25 16:15:00,261.3,263.1,71375,72038.398,7017.146,8360.4
2026-02-25 16:30:00,265.3,268.29,72525,73768.102,6652.4121,7929.58
2026-02-25 16:45:00,269.88,296,73850,75327.102,5518.2319,7477.77
2026-02-25 17:00:00,274.76,286.59,75470,76985.297,5496.8655,7035.69
2026-02-25 17:15:00,274.99,297.16,76720,78025.797,5595.3965,6827.72
2026-02-25 17:30:00,281.75,321.83,78230,79631.102,5597.4049,6461.66
2026-02-25 17:45:00,281.53,306.3,79445,80352.398,5392.286,6155.91
2026-02-25 18:00:00,285.66,279.7,80610,80377.297,5139.9315,5832.9
2026-02-25 18:15:00,285.93,270.36,81935,81633.297,5065.2316,5451.26
2026-02-25 18:30:00,289.21,279.92,83030,83405.297,5047.6321,5323.82
2026-02-25 18:45:00,288.82,279.95,84205,84666.602,5139.6327,5301.69
2026-02-25 19:00:00,293.83,279.91,84975,85167.797,5218.7305,5364.23
2026-02-25 19:15:00,289.69,281.07,85130,84915.102,5171.8609,5437.22
2026-02-25 19:30:00,289.64,288.79,86000,85782.703,5127.9495,5511.26
2026-02-25 19:45:00,285.9,279.54,85715,85909.5,5080.7502,5586.24
2026-02-25 20:00:00,286.25,294.93,85155,85325.102,5306.9969,5656.89
2026-02-25 20:15:00,285.91,279.66,84540,84258.797,5320.4516,5717.46
2026-02-25 20:30:00,289.98,283.31,83740,83722.797,5478.278,5784.17
2026-02-25 20:45:00,292.56,277.99,83155,82824.602,5503.6645,5842.69
2026-02-25 21:00:00,292.91,275.96,82935,82385.102,5562.8788,5898.51
2026-02-25 21:15:00,293.04,279.68,81855,82322.398,5666.4931,6135.73
2026-02-25 21:30:00,293.04,279.68,81175,81335.398,5811.0798,6173.49
2026-02-25 21:45:00,292.92,277.68,80060,80487.797,5979.5423,6212.93
2026-02-25 22:00:00,289.66,272.9,79275,79726.703,5996.7447,6253.08
2026-02-25 22:15:00,287.48,273.72,77925,77851.898,6217.7509,6253.36
2026-02-25 22:30:00,284.03,269.85,76220,76399.703,6410.5949,6273.24
2026-02-25 22:45:00,283.4,279.68,74615,75032.297,6501.5747,6281.41
2026-02-25 23:00:00,279.91,272.5,72585,74189.102,6662.6938,6271.45
2026-02-25 23:15:00,279.08,270,70820,72170.297,6611.1729,6053.98
2026-02-25 23:30:00,273.79,317,68850,70318.797,6748.7314,6006.27
2026-02-25 23:45:00,270,273,66660,69191.898,6933.2359,5991.18
2026-02-26 00:00:00,266.3,270,64250,67147.203,7055.2256,5968.14
2026-02-26 00:15:00,270,270,65140,66430.5,7139.361,6191.26
2026-02-26 00:30:00,292.96,317.86,70835,73482.203,7042.3044,5824.04
2026-02-26 00:45:00,281.62,290.19,69880,72472.398,6883.2744,5787.04
2026-02-26 01:00:00,272.06,321.23,68425,70606.602,6523.3888,5749.74
2026-02-26 01:15:00,269,280.18,66545,68905,6479.9089,5725.88
2026-02-26 01:30:00,268.3,270.4,65190,67097.703,6312.5257,5688.18
2026-02-26 01:45:00,266.3,268.3,63890,65493,6335.1501,5642.75
2026-02-26 02:00:00,267,268.3,63135,64672.801,6276.4969,5602.54
2026-02-26 02:15:00,265.5,267,62130,63668,6216.4588,5442.7
2026-02-26 02:30:00,265.3,267,60995,62615.602,6244.6688,5392.26
2026-02-26 02:45:00,265.2,265,60555,61713.602,6113.7629,5339.31
2026-02-26 03:00:00,265,265.1,59585,60636.301,5965.7649,5286.75
2026-02-26 03:15:00,263,260.4,58975,59792.699,5817.473,5236.82
2026-02-26 03:30:00,260.83,260.3,58305,59996.398,5798.4471,5189.07
2026-02-26 03:45:00,260.4,265.1,57605,58862.199,5791.7894,5143.9
2026-02-26 04:00:00,260.3,260.3,57305,58832.199,5793.6538,5100.5
2026-02-26 04:15:00,260.4,262,56825,57819.801,5802.8012,5052.64
2026-02-26 04:30:00,260.3,260,56475,57424.102,5921.2026,5014.28
2026-02-26 04:45:00,260.3,256.3,56200,56977.699,6022.8252,4977.64
2026-02-26 05:00:00,260.4,260.2,56060,57194.199,6050.6766,4941.61
2026-02-26 05:15:00,263.54,260.2,56000,56640.102,6036.8058,4898.59
2026-02-26 05:30:00,263,260,56010,56742.898,5897.7822,4861.46
2026-02-26 05:45:00,265.2,260.3,56420,57462.602,5755.847,4824.37
2026-02-26 06:00:00,265.2,268.3,56905,58130.199,5619.8021,4786.31
2026-02-26 06:15:00,266.3,266.3,57755,58788.102,5443.5735,4741.82
2026-02-26 06:30:00,268.3,272.24,58935,60731.699,5431.963,4674.96
2026-02-26 06:45:00,269.93,293.37,60145,61998.898,5311.9096,4614.84
2026-02-26 07:00:00,270,281.61,61240,63206.102,5258.7743,4569.69
2026-02-26 07:15:00,270.1,293.75,62610,64861.301,5166.944,4561.82
2026-02-26 07:30:00,278.71,305.59,64255,66769.203,4919.1568,4581.77
2026-02-26 07:45:00,280.05,324.73,65360,67610,4797.1975,4709.79
2026-02-26 08:00:00,280.14,304.6,66830,68577.297,4895.1664,4878.61
2026-02-26 08:15:00,287.17,313.24,69910,71310.297,4870.9897,5190.27
2026-02-26 08:30:00,294.1,332.28,72460,74055,5161.4238,5457.4
2026-02-26 08:45:00,296.12,440.91,73620,76289.5,5327.0679,5731.17
2026-02-26 09:00:00,307.73,410.15,74855,77317.898,5673.3118,6050.78
2026-02-26 09:15:00,326.19,367.28,75710,77931.703,5987.5178,6442.69
2026-02-26 09:30:00,360.82,454.83,76240,79938,6211.4217,6742.11
2026-02-26 09:45:00,352.45,401.69,76775,80237.203,6192.8848,7028.7
2026-02-26 10:00:00,348.42,416.6,77185,80422.102,6314.5701,7207.6
2026-02-26 10:15:00,307.96,363.31,77140,79360.203,6280.1651,7438.61
2026-02-26 10:30:00,276.35,337.67,75280,79047.398,6440.8179,7709.21
2026-02-26 10:45:00,271.02,299.92,75485,78867.797,6439.7967,7964.97
2026-02-26 11:00:00,270,284.21,75510,78935,6422.6894,8197.13
2026-02-26 11:15:00,269.26,288.86,75855,78412.703,6342.1694,8379.14
2026-02-26 11:30:00,270.06,275.12,76410,78576.297,6504.9854,8563.1
2026-02-26 11:45:00,269.93,284.94,75375,77386.297,6683.0293,8706.39
2026-02-26 12:00:00,270.8,287,74140,76070.5,6730.1067,8816.69
2026-02-26 12:15:00,270.48,277.01,74550,74832.203,6633.5463,8935.78
2026-02-26 12:30:00,271.2,293.47,76745,76895.203,6640.1408,8967.27
2026-02-26 12:45:00,272.29,287.68,76090,76009.297,6664.8899,8959.27
2026-02-26 13:00:00,268.22,287.32,74515,75025.703,6798.8711,8870.19
2026-02-26 13:15:00,265.11,276.29,73435,74591.602,6740.3491,8768.67
2026-02-26 13:30:00,267.23,289,73665,74886.297,6708.3996,8649.33
2026-02-26 13:45:00,268.46,300.32,73510,76199.898,6445.1341,8498.75
2026-02-26 14:00:00,270.24,292.66,73305,77877,6304.8725,8337.31
2026-02-26 14:15:00,269.86,288,72740,76011.602,5998.4914,8155.68
2026-02-26 14:30:00,269.85,286.75,72355,75836.398,5842.4192,7904.28
2026-02-26 14:45:00,269.58,283.52,72780,76273.398,5690.4791,7653.87
2026-02-26 15:00:00,268.21,276.09,73580,75562.602,5415.8194,7323.04
2026-02-26 15:15:00,268.51,270.9,73685,75157.102,5058.0312,6965.91
2026-02-26 15:30:00,265.36,271.21,73900,75556.102,4630.6669,6632.5
2026-02-26 15:45:00,264.13,267,74645,76408.898,4302.8598,6335.98
2026-02-26 16:00:00,265.37,268,75740,77529,4161.1462,5971.79
2026-02-26 16:15:00,269.13,280,77200,78712.102,3841.8756,5500.23
2026-02-26 16:30:00,271.42,283.44,78525,80164.5,3450.6665,5065.38
2026-02-26 16:45:00,280.52,295.26,80125,81633.5,3169.6936,4613.67
2026-02-26 17:00:00,294.42,352.31,81335,82548,2780.1756,4166.89
2026-02-26 17:15:00,295.27,310.47,82510,84197.602,2475.3104,3754.42
2026-02-26 17:30:00,345.45,399.6,83850,86036.898,2265.3891,3336.42
2026-02-26 17:45:00,352.17,409.79,84665,86555.797,1962.9434,2980.75
2026-02-26 18:00:00,361.21,362.52,85675,86495.898,1735.6259,2614.23
2026-02-26 18:15:00,360.34,307.89,86140,87821.102,1372.7854,2288.64
2026-02-26 18:30:00,367.93,350.85,87075,88973.203,1251.7653,2103.56
2026-02-26 18:45:00,374.34,335.72,87955,89938.5,1158.2697,2022.27
2026-02-26 19:00:00,382.9,325.52,88825,90905.703,1198.4318,2005.62
2026-02-26 19:15:00,383.91,310.3,88970,90808,1228.8961,2022.32
2026-02-26 19:30:00,391.58,330.75,90000,92126.797,1121.9331,2038.96
2026-02-26 19:45:00,383.68,331.14,89700,90909.5,1138.4895,2058.45
2026-02-26 20:00:00,383.92,320.44,89145,90182.102,1207.5755,2075.36
2026-02-26 20:15:00,381.33,275.06,88110,89071.703,1277.5635,2086.11
2026-02-26 20:30:00,374.11,300.27,87510,88101.703,1300.6114,2108.1
2026-02-26 20:45:00,380.67,300.33,86840,86712.102,1334.2641,2122.87
2026-02-26 21:00:00,377.97,300.3,86310,86752.297,1335.8322,2134.26
2026-02-26 21:15:00,375.68,306.8,85275,85218.102,1318.5175,2163.37
2026-02-26 21:30:00,374.05,300.76,84585,84732.703,1371.188,2155.05
2026-02-26 21:45:00,373.31,320.22,83515,83955.398,1313.7744,2139.84
2026-02-26 22:00:00,371.22,321.99,82240,82931.5,1340.2492,2127.08
2026-02-26 22:15:00,365.67,345.27,80680,81847.703,1310.0469,2071.22
2026-02-26 22:30:00,369.84,360.42,79595,80555.797,1274.854,2044.02
2026-02-26 22:45:00,365.69,376.18,77550,78776.398,1322.4687,2008.86
2026-02-26 23:00:00,331.02,364.57,75845,76771.898,1415.7308,1967.62
2026-02-26 23:15:00,300.4,351.67,73700,75655.5,1492.4661,1886.05
2026-02-26 23:30:00,298.65,337.38,71915,73017.297,1695.1191,1824.09
2026-02-26 23:45:00,295.33,318.93,70380,71856.703,1662.3173,1778.93
2026-02-27 00:00:00,288.24,300.4,68635,69875,1819.206,1731.67
2026-02-27 00:15:00,316.15,290.3,70795,69228.297,1750.2456,1679.39
2026-02-27 00:30:00,360.68,308.41,76015,76558.797,1767.8023,1491
2026-02-27 00:45:00,362.35,351.65,74915,76018.797,1634.0081,1453.25
2026-02-27 01:00:00,342.31,363.2,72485,74668.797,1459.3385,1414.95
2026-02-27 01:15:00,329.52,321.53,70740,72500.5,1396.9751,1391.12
2026-02-27 01:30:00,329.52,351.59,69060,71078.102,1246.9308,1364.16
2026-02-27 01:45:00,314.69,338.78,67525,69765.297,1114.1661,1338.54
2026-02-27 02:00:00,305.33,330.22,66450,68554.102,1045.0631,1321.55
2026-02-27 02:15:00,299.09,317.33,65150,67314.602,1022.5362,1294.22
2026-02-27 02:30:00,301.44,317.43,64595,66344.797,987.7371,1260.61
2026-02-27 02:45:00,299.09,306.61,63640,65454.699,1027.0349,1227.15
2026-02-27 03:00:00,295.66,303.77,62740,64664.699,1027.6475,1192.92
2026-02-27 03:15:00,294.05,297.93,62445,63945.5,951.2917,1159.64
2026-02-27 03:30:00,292.88,301.44,61725,63268.102,1027.5156,1135.08
2026-02-27 03:45:00,292.48,298.99,61065,62263.699,973.9913,1114.72
2026-02-27 04:00:00,290.45,282.1,60650,60950.199,997.3524,1102.42
2026-02-27 04:15:00,291.09,291.21,59990,60239.602,984.2758,1097.84
2026-02-27 04:30:00,288.45,285.49,59690,60230.199,1046.4434,1090.26
2026-02-27 04:45:00,288.88,294.1,59280,59749.699,994.0834,1056.75
2026-02-27 05:00:00,289.79,290.45,59095,59106.699,1059.1722,1032.05
2026-02-27 05:15:00,291.09,280,59000,58871.199,1080.4245,1003.8
2026-02-27 05:30:00,292.48,288,59390,60120.398,1095.8035,979.83
2026-02-27 05:45:00,298.64,323.18,59990,60830.5,1175.3397,959.21
2026-02-27 06:00:00,299.11,330.95,60410,61354.102,1200.0754,939.2
2026-02-27 06:15:00,300.97,304.32,61365,62075.699,1310.6003,921.07
2026-02-27 06:30:00,310.14,342.27,63050,63287.699,1304.977,905.08
2026-02-27 06:45:00,317.42,331.66,64645,64365.5,1165.2557,898.85
2026-02-27 07:00:00,329.87,321.62,65715,65882.102,1189.5739,906.28
2026-02-27 07:15:00,338.48,380.61,67090,67238,1192.3136,942.304
2026-02-27 07:30:00,344.45,321.04,68840,68955.203,1333.2856,1024.14
2026-02-27 07:45:00,351.94,359.78,70570,69028.898,1451.3874,1205.32
2026-02-27 08:00:00,364.95,294.12,72550,71171.102,1441.2882,1439.36
2026-02-27 08:15:00,372.76,317.58,75285,74267.703,1528.222,1707.23
2026-02-27 08:30:00,408.54,299.16,78240,77825,1677.383,2028.19
2026-02-27 08:45:00,426.93,374.01,80020,78617.203,1863.7045,2372.23
2026-02-27 09:00:00,428.39,341.22,81240,80260.5,2083.06,2715.71
2026-02-27 09:15:00,425.39,326.98,82680,81642,2305.6216,3105.29
2026-02-27 09:30:00,412.3,344.59,84030,82455.203,2559.2468,3465.05
2026-02-27 09:45:00,403.69,299.95,84760,83071.602,2873.011,3788.38
2026-02-27 10:00:00,396.01,303.14,85220,82804.898,3092.1123,4117.35
2026-02-27 10:15:00,395.94,295.21,85325,82970.5,3431.5446,4438.12
2026-02-27 10:30:00,379.45,296.97,83510,80801.602,3549.4506,4758.91
2026-02-27 10:45:00,361.03,284.88,83475,81413.602,3860.6649,5070.5
2026-02-27 11:00:00,361.02,302.61,83585,81158.297,3689.854,5376.14
2026-02-27 11:15:00,356.33,330.51,83785,80699.297,3937.343,5616.82
2026-02-27 11:30:00,328.17,280.03,84015,81520.297,4132.2723,5853.92
2026-02-27 11:45:00,319.2,310.4,83930,80339.898,4211.381,6070.4
2026-02-27 12:00:00,300.16,296.17,82575,78944.5,4294.6734,6255.19
2026-02-27 12:15:00,299.36,301.4,81140,77731.5,4438.2728,6397.94
2026-02-27 12:30:00,302.75,290.77,83380,79106.602,4384.188,6545.19
2026-02-27 12:45:00,293.96,305.1,82100,78507.297,4279.7569,6627.37
2026-02-27 13:00:00,285.77,292.17,81365,77174.898,4170.0459,6635.3
2026-02-27 13:15:00,283.37,294.35,80560,76800.797,4354.3014,6608.73
2026-02-27 13:30:00,286.27,296.85,80455,77164.898,4362.5157,6546.37
2026-02-27 13:45:00,290.44,308.87,81260,78366.102,4189.2698,6444.19
2026-02-27 14:00:00,297.76,289.82,82725,80124.398,4159.3416,6322.75
2026-02-27 14:15:00,279.95,303.77,80955,78552.703,4279.7328,6186.77
2026-02-27 14:30:00,278.48,305.79,80010,77613.898,4029.5791,6017.72
2026-02-27 14:45:00,275.77,286.26,79850,78216.797,3712.6382,5852.35
2026-02-27 15:00:00,278.48,277.62,79965,78338.203,3584.026,5606.71
2026-02-27 15:15:00,278.48,295.18,80440,79178,3509.4094,5360.18
2026-02-27 15:30:00,279.48,274.06,80985,79259,3198.5067,5075.69
2026-02-27 15:45:00,289.11,270.04,82100,80777.797,3230.94,4793.68
2026-02-27 16:00:00,297.03,275.33,83055,81328.102,3055.6802,4473.48
2026-02-27 16:15:00,298.96,279.16,84090,83093.703,2882.6221,4101.68
2026-02-27 16:30:00,327.17,304.55,85520,84710.297,2551.1068,3795.63
2026-02-27 16:45:00,367.76,307.33,86880,87464.898,2193.73,3413.95
2026-02-27 17:00:00,371.1,303.25,88080,88131.203,2025.5513,3053.8
2026-02-27 17:15:00,370.26,320.66,89180,89383.898,1733.2934,2710.8
2026-02-27 17:30:00,392.1,330.26,90205,91608.102,1544.2469,2361.05
2026-02-27 17:45:00,394.77,362.34,90095,90821.703,1334.1481,2044.6
2026-02-27 18:00:00,402.56,320.57,90330,89775.797,1160.2087,1735.76
2026-02-27 18:15:00,429.65,289.11,91755,90498.203,974.2006,1534.56
2026-02-27 18:30:00,425.41,360.9,92540,92160.297,886.5039,1396.87
2026-02-27 18:45:00,425.36,328.75,93205,93891.203,879.8484,1360.86
2026-02-27 19:00:00,443.43,342.15,93805,94459.297,906.5093,1388.39
2026-02-27 19:15:00,432.06,352.27,94430,94189.297,932.5164,1442.11
2026-02-27 19:30:00,436.45,334.08,95000,95724.203,1009.6573,1495.85
2026-02-27 19:45:00,427.58,338.8,94840,94921.5,1099.0917,1549.9
2026-02-27 20:00:00,428.05,296.5,94000,94257.797,1179.1976,1600.36
2026-02-27 20:15:00,399.95,310.53,92500,92797.797,1237.5315,1637.5
2026-02-27 20:30:00,424.01,316.88,91395,92119.797,1266.2936,1685.25
2026-02-27 20:45:00,412.03,353.08,90640,91198.5,1333.5035,1721.49
2026-02-27 21:00:00,420.12,320.65,90500,91054.297,1346.3985,1752.3
2026-02-27 21:15:00,421.18,320.67,89880,89829.102,1319.2514,1796.91
2026-02-27 21:30:00,423.45,324.98,88915,89239.297,1445.1185,1830.28
2026-02-27 21:45:00,423.88,362.35,87995,88326.297,1518.1319,1857.74
2026-02-27 22:00:00,416.12,300.4,87055,86920.297,1661.2568,1893.91
2026-02-27 22:15:00,418.12,374.57,85330,85825,1817.5147,1934.87
2026-02-27 22:30:00,387.34,374.61,83745,84023.203,1976.4433,1983.93
2026-02-27 22:45:00,387.11,363.24,82435,82750.898,2129.8935,2039.13
2026-02-27 23:00:00,381.36,390.81,80590,80667.602,2229.0422,2105.62
2026-02-27 23:15:00,359.97,340.73,78840,78463.898,2370.1285,2092.26
2026-02-27 23:30:00,351.51,332.01,76675,77046.898,2523.7302,2170.77
2026-02-27 23:45:00,351.35,329.01,75265,74568.398,2671.3323,2265.14
2026-02-28 00:00:00,339.2,295.6,73045,73376.797,2831.579,2363.83
2026-02-28 00:15:00,321.11,,72900,,2947.3617,2506.69
2026-02-28 00:30:00,373.61,,81240,,2999.632,2982.35
2026-02-28 00:45:00,362.53,,80580,,3129.9471,3101.64
2026-02-28 01:00:00,347.34,,79005,,3142.5348,3215.3
2026-02-28 01:15:00,338.06,,77210,,3252.5253,3385.51
2026-02-28 01:30:00,331.01,,75510,,3334.1766,3545.43
2026-02-28 01:45:00,326.44,,72770,,3372.0225,3687.47
2026-02-28 02:00:00,324.87,,72115,,3454.4599,3829.09
2026-02-28 02:15:00,318.57,,70995,,3480.8542,3982.48
2026-02-28 02:30:00,321.42,,70075,,3587.2099,4183.26
2026-02-28 02:45:00,307.71,,68910,,3900.4092,4325.36
2026-02-28 03:00:00,301.66,,67740,,4149.2389,4465
2026-02-28 03:15:00,300,,66920,,4566.0137,4628.92
2026-02-28 03:30:00,300,,66400,,4627.9531,4760.55
2026-02-28 03:45:00,297.47,,65425,,4756.523,4885.33
2026-02-28 04:00:00,291.64,,64690,,4961.8432,5008.03
2026-02-28 04:15:00,291.64,,64555,,5070.6559,5134.48
2026-02-28 04:30:00,290.38,,63845,,5340.624,5262.94
2026-02-28 04:45:00,287.13,,63515,,5394.5861,5389.47
2026-02-28 05:00:00,285.1,,63110,,5677.029,5515.11
2026-02-28 05:15:00,285,,63000,,5926.0036,5640.14
2026-02-28 05:30:00,285.1,,63245,,6090.5646,5739.94
2026-02-28 05:45:00,285.1,,63295,,6287.3787,5841.16
2026-02-28 06:00:00,289.41,,64085,,6414.1659,5944.07
2026-02-28 06:15:00,281.97,,64705,,6591.5644,6010.75
2026-02-28 06:30:00,289.79,,66455,,6674.5175,6079.29
2026-02-28 06:45:00,291.62,,66950,,6742.5125,6151.35
2026-02-28 07:00:00,296.94,,68795,,6728.4167,6243.28
2026-02-28 07:15:00,297,,70185,,6861.7438,6361.33
2026-02-28 07:30:00,295.09,,71685,,7027.5431,6475.94
2026-02-28 07:45:00,299.76,,73155,,7241.7577,6666.04
2026-02-28 08:00:00,311.82,,75565,,7364.2587,6908.16
2026-02-28 08:15:00,329.28,,79645,,7562.1029,7238.93
2026-02-28 08:30:00,332.41,,83025,,7915.0021,7545
2026-02-28 08:45:00,336.47,,85870,,8143.282,7888.8
2026-02-28 09:00:00,342.46,,88375,,8355.1854,8226.31
2026-02-28 09:15:00,364.8,,89690,,8618.8445,8763.85
2026-02-28 09:30:00,361.38,,91135,,8815.4166,9089.39
2026-02-28 09:45:00,352.03,,91790,,9022.0539,9413.47
2026-02-28 10:00:00,336.87,,92570,,9267.6233,9742.32
2026-02-28 10:15:00,328.87,,92855,,9429.2258,10060.7
2026-02-28 10:30:00,309.5,,90135,,9823.5323,10366.7
2026-02-28 10:45:00,318.01,,91110,,10060.0495,10654
2026-02-28 11:00:00,315.75,,91585,,10056.355,10924.3
2026-02-28 11:15:00,293.7,,92080,,10300.7561,11152
2026-02-28 11:30:00,298.39,,92875,,10355.5176,11362.7
2026-02-28 11:45:00,298.53,,92250,,10470.3344,11545.5
2026-02-28 12:00:00,289.41,,90985,,10564.1868,11705.3
2026-02-28 12:15:00,281.39,,87115,,10486.2395,11831.7
2026-02-28 12:30:00,289,,91545,,10496.2586,11927.8
2026-02-28 12:45:00,282.52,,90870,,10546.1396,12003
2026-02-28 13:00:00,274.64,,89695,,10699.282,12024.4
2026-02-28 13:15:00,271.95,,88670,,10734.7708,12054.3
2026-02-28 13:30:00,280.14,,88330,,10676.5632,12033.7
2026-02-28 13:45:00,281.93,,88435,,10672.2385,11988.6
2026-02-28 14:00:00,292.67,,90155,,10489.8867,11930
2026-02-28 14:15:00,284.5,,90360,,10412.5703,11833.9
2026-02-28 14:30:00,283,,88420,,10292.0603,11715.8
2026-02-28 14:45:00,284.93,,89105,,10369.9712,11587.8
2026-02-28 15:00:00,279.51,,87995,,10300.9419,11399.6
2026-02-28 15:15:00,280.62,,88950,,10288.0427,11301.8
2026-02-28 15:30:00,278.59,,89315,,10176.2787,11119.3
2026-02-28 15:45:00,278.83,,90430,,10133.8665,10951.2
2026-02-28 16:00:00,279.8,,91150,,10133.598,10753.4
2026-02-28 16:15:00,287.29,,91945,,10096.9368,10555.4
2026-02-28 16:30:00,292.82,,92765,,10040.7515,10323.9
2026-02-28 16:45:00,314.78,,93950,,9977.6362,10078.5
2026-02-28 17:00:00,317.93,,94810,,9851.8112,9883.23
2026-02-28 17:15:00,312.99,,94940,,9717.2366,9846.99
2026-02-28 17:30:00,343.81,,96555,,9811.5119,9619.63
2026-02-28 17:45:00,349.24,,95290,,9625.7037,9393.56
2026-02-28 18:00:00,355.44,,94720,,9618.7023,9177.4
2026-02-28 18:15:00,356.17,,94700,,9586.0705,9016.55
2026-02-28 18:30:00,359.06,,96250,,9576.4981,8919.94
2026-02-28 18:45:00,357.3,,97480,,9423.3569,8834.18
2026-02-28 19:00:00,370.01,,98045,,9540.0407,8835.72
2026-02-28 19:15:00,357.28,,96865,,9669.5218,8671.41
2026-02-28 19:30:00,362.27,,98500,,9760.2653,8707.76
2026-02-28 19:45:00,357.99,,97455,,9815.3669,8748.67
2026-02-28 20:00:00,355.59,,96865,,9644.1674,8787.91
2026-02-28 20:15:00,356.17,,96080,,9973.535,8851.23
2026-02-28 20:30:00,356.17,,95705,,10140.0922,8894.92
2026-02-28 20:45:00,356.04,,94480,,10033.4893,8922.1
2026-02-28 21:00:00,361.14,,94550,,10005.0103,8995.16
2026-02-28 21:15:00,355.5,,92530,,10106.6076,9231.79
2026-02-28 21:30:00,354.89,,92270,,10036.899,9275.07
2026-02-28 21:45:00,355.19,,91270,,10241.1008,9280.78
2026-02-28 22:00:00,331.86,,89775,,10432.0208,9284.17
2026-02-28 22:15:00,344.08,,88595,,10373.071,9061.04
2026-02-28 22:30:00,348.18,,87150,,10418.0962,9039.94
2026-02-28 22:45:00,331.96,,85310,,10344.2117,9020.05
2026-02-28 23:00:00,329.76,,83470,,10382.251,8988.6
2026-02-28 23:15:00,316.5,,81630,,10169.5257,8751.6
2026-02-28 23:30:00,307.98,,80190,,10112.5759,8711.48
2026-02-28 23:45:00,301.38,,77690,,9929.9949,8669.93
2026-03-01 00:00:00,291.56,,74805,,9895.3124,8632.95
2026-03-01 00:15:00,295.51,,75570,,,8669.55
2026-03-01 00:30:00,327.37,,83025,,,7961.84
2026-03-01 00:45:00,308.75,,81530,,,7903.14
2026-03-01 01:00:00,296.31,,79720,,,7863.1
2026-03-01 01:15:00,295.12,,77700,,,7748.39
2026-03-01 01:30:00,289.78,,75855,,,7693.73
2026-03-01 01:45:00,289.78,,74450,,,7636.71
2026-03-01 02:00:00,287.26,,72955,,,7581.11
2026-03-01 02:15:00,287.84,,72205,,,7498.59
2026-03-01 02:30:00,285,,71090,,,7436.56
2026-03-01 02:45:00,285,,70150,,,7374.59
2026-03-01 03:00:00,283.3,,69025,,,7311.04
2026-03-01 03:15:00,284,,68290,,,7307.82
2026-03-01 03:30:00,280.14,,67395,,,7236.58
2026-03-01 03:45:00,280.14,,66650,,,7126.54
2026-03-01 04:00:00,279.85,,65905,,,7055.26
2026-03-01 04:15:00,279.85,,65260,,,6983.89
2026-03-01 04:30:00,279.85,,64815,,,6930.95
2026-03-01 04:45:00,279.85,,64335,,,6890.26
2026-03-01 05:00:00,279.85,,64135,,,6846.24
2026-03-01 05:15:00,279.85,,64000,,,6805.78
2026-03-01 05:30:00,279.85,,64020,,,6771.35
2026-03-01 05:45:00,279.85,,64270,,,6739.43
2026-03-01 06:00:00,279.85,,64820,,,6716.1
2026-03-01 06:15:00,279.85,,65350,,,6627.27
2026-03-01 06:30:00,279.86,,66425,,,6595.96
2026-03-01 06:45:00,281.36,,67355,,,6571.44
2026-03-01 07:00:00,285.17,,68805,,,6557.32
2026-03-01 07:15:00,283.67,,70310,,,6634.22
2026-03-01 07:30:00,290.46,,71385,,,6658.66
2026-03-01 07:45:00,285.73,,72570,,,6787.71
2026-03-01 08:00:00,285.06,,73980,,,6911.81
2026-03-01 08:15:00,285.77,,75745,,,7100.46
2026-03-01 08:30:00,289.73,,77935,,,7329.53
2026-03-01 08:45:00,289.73,,79695,,,7596.88
2026-03-01 09:00:00,289.73,,80990,,,7870.44
2026-03-01 09:15:00,290.93,,82525,,,8216.45
2026-03-01 09:30:00,289.75,,83950,,,8440.15
2026-03-01 09:45:00,288.14,,84605,,,8634.57
2026-03-01 10:00:00,285.86,,85135,,,8858.52
2026-03-01 10:15:00,286.66,,85085,,,9073.65
2026-03-01 10:30:00,277.77,,82380,,,9301.47
2026-03-01 10:45:00,283.04,,83630,,,9517.58
2026-03-01 11:00:00,285.73,,83655,,,9712.79
2026-03-01 11:15:00,292.06,,84040,,,9843.07
2026-03-01 11:30:00,291.68,,84825,,,9978.92
2026-03-01 11:45:00,291.28,,84620,,,10068.6
2026-03-01 12:00:00,286.9,,83180,,,10134.2
2026-03-01 12:15:00,273.53,,79180,,,10092.8
2026-03-01 12:30:00,285.98,,82300,,,10091
2026-03-01 12:45:00,285.88,,81645,,,10049.3
2026-03-01 13:00:00,285.78,,80935,,,9991.03
2026-03-01 13:15:00,282.69,,79975,,,9881.21
2026-03-01 13:30:00,283.05,,80025,,,9801.45
2026-03-01 13:45:00,282.69,,80930,,,9679.9
2026-03-01 14:00:00,286.2,,82890,,,9555.87
2026-03-01 14:15:00,300.93,,81780,,,9397.92
2026-03-01 14:30:00,282.79,,80240,,,9214.31
2026-03-01 14:45:00,286.73,,80500,,,8994.77
2026-03-01 15:00:00,282.84,,80790,,,8744.04
2026-03-01 15:15:00,282.84,,81245,,,8496.2
2026-03-01 15:30:00,282.88,,81700,,,8167.29
2026-03-01 15:45:00,285.93,,82610,,,7816.75
2026-03-01 16:00:00,286.29,,83865,,,7442.42
2026-03-01 16:15:00,286.15,,84590,,,7101.49
2026-03-01 16:30:00,290.86,,86380,,,6680.27
2026-03-01 16:45:00,295.67,,87720,,,6224.55
2026-03-01 17:00:00,291.47,,89710,,,5758.13
2026-03-01 17:15:00,291.11,,89345,,,5306.31
2026-03-01 17:30:00,303.57,,91310,,,4885.74
2026-03-01 17:45:00,307.78,,90710,,,4481.14
2026-03-01 18:00:00,315.18,,90675,,,4096.05
2026-03-01 18:15:00,334.64,,91120,,,3888.3
2026-03-01 18:30:00,349.63,,92205,,,3682.57
2026-03-01 18:45:00,357.99,,93920,,,3584.8
2026-03-01 19:00:00,361.4,,94570,,,3544.79
2026-03-01 19:15:00,350.19,,94355,,,3518.89
2026-03-01 19:30:00,374.57,,96500,,,3526.79
2026-03-01 19:45:00,352.32,,95390,,,3523.13
2026-03-01 20:00:00,356.15,,94710,,,3514.73
2026-03-01 20:15:00,352.52,,93420,,,3503.07
2026-03-01 20:30:00,353,,92335,,,3480.09
2026-03-01 20:45:00,341.53,,91655,,,3448.28
2026-03-01 21:00:00,341.54,,91380,,,3399.24
2026-03-01 21:15:00,349.35,,90770,,,3352.66
2026-03-01 21:30:00,342.01,,89750,,,3308.93
2026-03-01 21:45:00,341.47,,88665,,,3243.44
2026-03-01 22:00:00,457.26,,87440,,,3199.12
2026-03-01 22:15:00,320.52,,85675,,,3125
2026-03-01 22:30:00,319.5,,84180,,,3076.4
2026-03-01 22:45:00,312.54,,82615,,,3031.03
2026-03-01 23:00:00,307.5,,80240,,,2987.55
2026-03-01 23:15:00,305.32,,78605,,,2840.89
2026-03-01 23:30:00,303.59,,76840,,,2803.79
2026-03-01 23:45:00,300.05,,75005,,,2770.59
2026-03-02 00:00:00,294.3,,73105,,,2740.13