target,scheme,segment,feature,importance_mean,importance_rank,source_file,feature_family
day_ahead_price,chronos_xgb_residual_xgb_part,flat,roll_mean_4,0.5634778141975403,1,feature_importance_day_ahead_price.csv,roll_mean
day_ahead_price,chronos_xgb_residual_xgb_part,flat,lag_1,0.2106572389602661,2,feature_importance_day_ahead_price.csv,lag
day_ahead_price,chronos_xgb_residual_xgb_part,flat,minute,0.0181723218411207,3,feature_importance_day_ahead_price.csv,calendar_time
day_ahead_price,chronos_xgb_residual_xgb_part,flat,sin_slot96,0.0166992489248514,4,feature_importance_day_ahead_price.csv,calendar_time
day_ahead_price,chronos_xgb_residual_xgb_part,flat,hour,0.0165943950414657,5,feature_importance_day_ahead_price.csv,calendar_time
day_ahead_price,chronos_xgb_residual_xgb_part,flat,diff_1,0.0157384760677814,6,feature_importance_day_ahead_price.csv,diff
day_ahead_price,chronos_xgb_residual_xgb_part,flat,dayofweek,0.0153182307258248,7,feature_importance_day_ahead_price.csv,calendar_time
day_ahead_price,chronos_xgb_residual_xgb_part,flat,roll_mean_16,0.0148165514692664,8,feature_importance_day_ahead_price.csv,roll_mean
day_ahead_price,chronos_xgb_residual_xgb_part,flat,roll_mean_672,0.0143490955233573,9,feature_importance_day_ahead_price.csv,roll_mean
day_ahead_price,chronos_xgb_residual_xgb_part,flat,lag_2,0.0140990437939763,10,feature_importance_day_ahead_price.csv,lag
day_ahead_price,chronos_xgb_residual_xgb_part,flat,diff_96,0.0136594241484999,11,feature_importance_day_ahead_price.csv,diff
day_ahead_price,chronos_xgb_residual_xgb_part,flat,lag_4,0.0133925266563892,12,feature_importance_day_ahead_price.csv,lag
day_ahead_price,chronos_xgb_residual_xgb_part,flat,lag_96,0.0115798637270927,13,feature_importance_day_ahead_price.csv,lag
day_ahead_price,chronos_xgb_residual_xgb_part,flat,is_holiday,0.0113903461024165,14,feature_importance_day_ahead_price.csv,holiday_binary
day_ahead_price,chronos_xgb_residual_xgb_part,flat,lag_672,0.0102719832211732,15,feature_importance_day_ahead_price.csv,lag
day_ahead_price,chronos_xgb_residual_xgb_part,flat,lag_192,0.0093315448611974,16,feature_importance_day_ahead_price.csv,lag
day_ahead_price,chronos_xgb_residual_xgb_part,flat,roll_mean_96,0.0086511364206671,17,feature_importance_day_ahead_price.csv,roll_mean
day_ahead_price,chronos_xgb_residual_xgb_part,flat,roll_std_96,0.0083954716101288,18,feature_importance_day_ahead_price.csv,roll_std
day_ahead_price,chronos_xgb_residual_xgb_part,flat,cos_slot96,0.0069527369923889,19,feature_importance_day_ahead_price.csv,calendar_time
day_ahead_price,chronos_xgb_residual_xgb_part,flat,slot96,0.0054690488614141,20,feature_importance_day_ahead_price.csv,calendar_time
day_ahead_price,chronos_xgb_residual_xgb_part,flat,holiday_name_Mid-autumn Festival,0.0009835084201768,21,feature_importance_day_ahead_price.csv,holiday_name
day_ahead_price,chronos_xgb_residual_xgb_part,flat,after_holiday_1d,0.0,22,feature_importance_day_ahead_price.csv,holiday_binary
day_ahead_price,chronos_xgb_residual_xgb_part,flat,before_holiday_1d,0.0,23,feature_importance_day_ahead_price.csv,holiday_binary
day_ahead_price,chronos_xgb_residual_xgb_part,flat,holiday_name_Dragon Boat Festival,0.0,24,feature_importance_day_ahead_price.csv,holiday_name
day_ahead_price,chronos_xgb_residual_xgb_part,flat,holiday_name_Labour Day,0.0,25,feature_importance_day_ahead_price.csv,holiday_name
day_ahead_price,chronos_xgb_residual_xgb_part,flat,holiday_name_National Day,0.0,26,feature_importance_day_ahead_price.csv,holiday_name
day_ahead_price,chronos_xgb_residual_xgb_part,flat,holiday_name_New Year's Day,0.0,27,feature_importance_day_ahead_price.csv,holiday_name
day_ahead_price,chronos_xgb_residual_xgb_part,flat,holiday_name_None,0.0,28,feature_importance_day_ahead_price.csv,holiday_name
day_ahead_price,chronos_xgb_residual_xgb_part,flat,holiday_name_Spring Festival,0.0,29,feature_importance_day_ahead_price.csv,holiday_name
day_ahead_price,chronos_xgb_residual_xgb_part,flat,holiday_name_Tomb-sweeping Day,0.0,30,feature_importance_day_ahead_price.csv,holiday_name
day_ahead_price,chronos_xgb_residual_xgb_part,flat,is_makeup_workday,0.0,31,feature_importance_day_ahead_price.csv,holiday_binary
day_ahead_price,chronos_xgb_residual_xgb_part,flat,is_weekend,0.0,32,feature_importance_day_ahead_price.csv,calendar_time
day_ahead_price,chronos_xgb_residual_xgb_part,flat,is_workday,0.0,33,feature_importance_day_ahead_price.csv,holiday_binary
day_ahead_price,chronos_xgb_residual_xgb_part,global,lag_1,0.5748740434646606,1,feature_importance_day_ahead_price.csv,lag
day_ahead_price,chronos_xgb_residual_xgb_part,global,roll_mean_4,0.2245984673500061,2,feature_importance_day_ahead_price.csv,roll_mean
day_ahead_price,chronos_xgb_residual_xgb_part,global,roll_mean_672,0.0225819423794746,3,feature_importance_day_ahead_price.csv,roll_mean
day_ahead_price,chronos_xgb_residual_xgb_part,global,lag_2,0.0176899470388889,4,feature_importance_day_ahead_price.csv,lag
day_ahead_price,chronos_xgb_residual_xgb_part,global,roll_mean_16,0.0137326847761869,5,feature_importance_day_ahead_price.csv,roll_mean
day_ahead_price,chronos_xgb_residual_xgb_part,global,minute,0.0133172012865543,6,feature_importance_day_ahead_price.csv,calendar_time
day_ahead_price,chronos_xgb_residual_xgb_part,global,lag_4,0.0130190607160329,7,feature_importance_day_ahead_price.csv,lag
day_ahead_price,chronos_xgb_residual_xgb_part,global,sin_slot96,0.0113539258018136,8,feature_importance_day_ahead_price.csv,calendar_time
day_ahead_price,chronos_xgb_residual_xgb_part,global,holiday_name_National Day,0.0110355941578745,9,feature_importance_day_ahead_price.csv,holiday_name
day_ahead_price,chronos_xgb_residual_xgb_part,global,diff_1,0.0104951001703739,10,feature_importance_day_ahead_price.csv,diff
day_ahead_price,chronos_xgb_residual_xgb_part,global,roll_mean_96,0.0103092128410935,11,feature_importance_day_ahead_price.csv,roll_mean
day_ahead_price,chronos_xgb_residual_xgb_part,global,lag_96,0.0100444061681628,12,feature_importance_day_ahead_price.csv,lag
day_ahead_price,chronos_xgb_residual_xgb_part,global,slot96,0.0095913149416446,13,feature_importance_day_ahead_price.csv,calendar_time
day_ahead_price,chronos_xgb_residual_xgb_part,global,lag_192,0.009292485192418,14,feature_importance_day_ahead_price.csv,lag
day_ahead_price,chronos_xgb_residual_xgb_part,global,dayofweek,0.0081345727667212,15,feature_importance_day_ahead_price.csv,calendar_time
day_ahead_price,chronos_xgb_residual_xgb_part,global,lag_672,0.0077403089962899,16,feature_importance_day_ahead_price.csv,lag
day_ahead_price,chronos_xgb_residual_xgb_part,global,diff_96,0.007163138128817,17,feature_importance_day_ahead_price.csv,diff
day_ahead_price,chronos_xgb_residual_xgb_part,global,hour,0.0063553554937243,18,feature_importance_day_ahead_price.csv,calendar_time
day_ahead_price,chronos_xgb_residual_xgb_part,global,roll_std_96,0.0061627784743905,19,feature_importance_day_ahead_price.csv,roll_std
day_ahead_price,chronos_xgb_residual_xgb_part,global,cos_slot96,0.0047330623492598,20,feature_importance_day_ahead_price.csv,calendar_time
day_ahead_price,chronos_xgb_residual_xgb_part,global,before_holiday_1d,0.0047168461605906,21,feature_importance_day_ahead_price.csv,holiday_binary
day_ahead_price,chronos_xgb_residual_xgb_part,global,is_holiday,0.0030585527420043,22,feature_importance_day_ahead_price.csv,holiday_binary
day_ahead_price,chronos_xgb_residual_xgb_part,global,after_holiday_1d,0.0,23,feature_importance_day_ahead_price.csv,holiday_binary
day_ahead_price,chronos_xgb_residual_xgb_part,global,holiday_name_Dragon Boat Festival,0.0,24,feature_importance_day_ahead_price.csv,holiday_name
day_ahead_price,chronos_xgb_residual_xgb_part,global,holiday_name_Labour Day,0.0,25,feature_importance_day_ahead_price.csv,holiday_name
day_ahead_price,chronos_xgb_residual_xgb_part,global,holiday_name_Mid-autumn Festival,0.0,26,feature_importance_day_ahead_price.csv,holiday_name
day_ahead_price,chronos_xgb_residual_xgb_part,global,holiday_name_New Year's Day,0.0,27,feature_importance_day_ahead_price.csv,holiday_name
day_ahead_price,chronos_xgb_residual_xgb_part,global,holiday_name_None,0.0,28,feature_importance_day_ahead_price.csv,holiday_name
day_ahead_price,chronos_xgb_residual_xgb_part,global,holiday_name_Spring Festival,0.0,29,feature_importance_day_ahead_price.csv,holiday_name
day_ahead_price,chronos_xgb_residual_xgb_part,global,holiday_name_Tomb-sweeping Day,0.0,30,feature_importance_day_ahead_price.csv,holiday_name
day_ahead_price,chronos_xgb_residual_xgb_part,global,is_makeup_workday,0.0,31,feature_importance_day_ahead_price.csv,holiday_binary
day_ahead_price,chronos_xgb_residual_xgb_part,global,is_weekend,0.0,32,feature_importance_day_ahead_price.csv,calendar_time
day_ahead_price,chronos_xgb_residual_xgb_part,global,is_workday,0.0,33,feature_importance_day_ahead_price.csv,holiday_binary
day_ahead_price,chronos_xgb_residual_xgb_part,peak,lag_1,0.5422860980033875,1,feature_importance_day_ahead_price.csv,lag
day_ahead_price,chronos_xgb_residual_xgb_part,peak,roll_mean_4,0.211174339056015,2,feature_importance_day_ahead_price.csv,roll_mean
day_ahead_price,chronos_xgb_residual_xgb_part,peak,holiday_name_National Day,0.0337289571762084,3,feature_importance_day_ahead_price.csv,holiday_name
day_ahead_price,chronos_xgb_residual_xgb_part,peak,lag_2,0.024486307054758,4,feature_importance_day_ahead_price.csv,lag
day_ahead_price,chronos_xgb_residual_xgb_part,peak,sin_slot96,0.0187381450086832,5,feature_importance_day_ahead_price.csv,calendar_time
day_ahead_price,chronos_xgb_residual_xgb_part,peak,lag_4,0.0154891647398471,6,feature_importance_day_ahead_price.csv,lag
day_ahead_price,chronos_xgb_residual_xgb_part,peak,roll_mean_16,0.0152676226571202,7,feature_importance_day_ahead_price.csv,roll_mean
day_ahead_price,chronos_xgb_residual_xgb_part,peak,diff_1,0.014154003933072,8,feature_importance_day_ahead_price.csv,diff
day_ahead_price,chronos_xgb_residual_xgb_part,peak,roll_mean_96,0.013660573400557,9,feature_importance_day_ahead_price.csv,roll_mean
day_ahead_price,chronos_xgb_residual_xgb_part,peak,hour,0.0125044090673327,10,feature_importance_day_ahead_price.csv,calendar_time
day_ahead_price,chronos_xgb_residual_xgb_part,peak,slot96,0.0112007241696119,11,feature_importance_day_ahead_price.csv,calendar_time
day_ahead_price,chronos_xgb_residual_xgb_part,peak,before_holiday_1d,0.0110205207020044,12,feature_importance_day_ahead_price.csv,holiday_binary
day_ahead_price,chronos_xgb_residual_xgb_part,peak,roll_mean_672,0.0109263323247432,13,feature_importance_day_ahead_price.csv,roll_mean
day_ahead_price,chronos_xgb_residual_xgb_part,peak,lag_672,0.0108926631510257,14,feature_importance_day_ahead_price.csv,lag
day_ahead_price,chronos_xgb_residual_xgb_part,peak,diff_96,0.0100533105432987,15,feature_importance_day_ahead_price.csv,diff
day_ahead_price,chronos_xgb_residual_xgb_part,peak,lag_192,0.0097291953861713,16,feature_importance_day_ahead_price.csv,lag
day_ahead_price,chronos_xgb_residual_xgb_part,peak,dayofweek,0.0078597282990813,17,feature_importance_day_ahead_price.csv,calendar_time
day_ahead_price,chronos_xgb_residual_xgb_part,peak,roll_std_96,0.0070664272643625,18,feature_importance_day_ahead_price.csv,roll_std
day_ahead_price,chronos_xgb_residual_xgb_part,peak,minute,0.0069721001200377,19,feature_importance_day_ahead_price.csv,calendar_time
day_ahead_price,chronos_xgb_residual_xgb_part,peak,lag_96,0.0061999200843274,20,feature_importance_day_ahead_price.csv,lag
day_ahead_price,chronos_xgb_residual_xgb_part,peak,is_holiday,0.0044843382202088,21,feature_importance_day_ahead_price.csv,holiday_binary
day_ahead_price,chronos_xgb_residual_xgb_part,peak,cos_slot96,0.0021051645744591,22,feature_importance_day_ahead_price.csv,calendar_time
day_ahead_price,chronos_xgb_residual_xgb_part,peak,after_holiday_1d,0.0,23,feature_importance_day_ahead_price.csv,holiday_binary
day_ahead_price,chronos_xgb_residual_xgb_part,peak,holiday_name_Dragon Boat Festival,0.0,24,feature_importance_day_ahead_price.csv,holiday_name
day_ahead_price,chronos_xgb_residual_xgb_part,peak,holiday_name_Labour Day,0.0,25,feature_importance_day_ahead_price.csv,holiday_name
day_ahead_price,chronos_xgb_residual_xgb_part,peak,holiday_name_Mid-autumn Festival,0.0,26,feature_importance_day_ahead_price.csv,holiday_name
day_ahead_price,chronos_xgb_residual_xgb_part,peak,holiday_name_New Year's Day,0.0,27,feature_importance_day_ahead_price.csv,holiday_name
day_ahead_price,chronos_xgb_residual_xgb_part,peak,holiday_name_None,0.0,28,feature_importance_day_ahead_price.csv,holiday_name
day_ahead_price,chronos_xgb_residual_xgb_part,peak,holiday_name_Spring Festival,0.0,29,feature_importance_day_ahead_price.csv,holiday_name
day_ahead_price,chronos_xgb_residual_xgb_part,peak,holiday_name_Tomb-sweeping Day,0.0,30,feature_importance_day_ahead_price.csv,holiday_name
day_ahead_price,chronos_xgb_residual_xgb_part,peak,is_makeup_workday,0.0,31,feature_importance_day_ahead_price.csv,holiday_binary
day_ahead_price,chronos_xgb_residual_xgb_part,peak,is_weekend,0.0,32,feature_importance_day_ahead_price.csv,calendar_time
day_ahead_price,chronos_xgb_residual_xgb_part,peak,is_workday,0.0,33,feature_importance_day_ahead_price.csv,holiday_binary
day_ahead_price,chronos_xgb_residual_xgb_part,valley,lag_1,0.4965350031852722,1,feature_importance_day_ahead_price.csv,lag
day_ahead_price,chronos_xgb_residual_xgb_part,valley,roll_mean_4,0.2014724016189575,2,feature_importance_day_ahead_price.csv,roll_mean
day_ahead_price,chronos_xgb_residual_xgb_part,valley,sin_slot96,0.0542223677039146,3,feature_importance_day_ahead_price.csv,calendar_time
day_ahead_price,chronos_xgb_residual_xgb_part,valley,dayofweek,0.0229949411004781,4,feature_importance_day_ahead_price.csv,calendar_time
day_ahead_price,chronos_xgb_residual_xgb_part,valley,lag_2,0.0219569932669401,5,feature_importance_day_ahead_price.csv,lag
day_ahead_price,chronos_xgb_residual_xgb_part,valley,lag_96,0.019577533006668,6,feature_importance_day_ahead_price.csv,lag
day_ahead_price,chronos_xgb_residual_xgb_part,valley,slot96,0.0168106779456138,7,feature_importance_day_ahead_price.csv,calendar_time
day_ahead_price,chronos_xgb_residual_xgb_part,valley,diff_1,0.0162774957716465,8,feature_importance_day_ahead_price.csv,diff
day_ahead_price,chronos_xgb_residual_xgb_part,valley,hour,0.0156254228204488,9,feature_importance_day_ahead_price.csv,calendar_time
day_ahead_price,chronos_xgb_residual_xgb_part,valley,roll_mean_16,0.0151163656264543,10,feature_importance_day_ahead_price.csv,roll_mean
day_ahead_price,chronos_xgb_residual_xgb_part,valley,diff_96,0.0138649698346853,11,feature_importance_day_ahead_price.csv,diff
day_ahead_price,chronos_xgb_residual_xgb_part,valley,roll_mean_96,0.0133900502696633,12,feature_importance_day_ahead_price.csv,roll_mean
day_ahead_price,chronos_xgb_residual_xgb_part,valley,roll_mean_672,0.013166831806302,13,feature_importance_day_ahead_price.csv,roll_mean
day_ahead_price,chronos_xgb_residual_xgb_part,valley,holiday_name_National Day,0.013123981654644,14,feature_importance_day_ahead_price.csv,holiday_name
day_ahead_price,chronos_xgb_residual_xgb_part,valley,roll_std_96,0.0130284326151013,15,feature_importance_day_ahead_price.csv,roll_std
day_ahead_price,chronos_xgb_residual_xgb_part,valley,minute,0.0114113753661513,16,feature_importance_day_ahead_price.csv,calendar_time
day_ahead_price,chronos_xgb_residual_xgb_part,valley,lag_672,0.0079499259591102,17,feature_importance_day_ahead_price.csv,lag
day_ahead_price,chronos_xgb_residual_xgb_part,valley,lag_192,0.0069239218719303,18,feature_importance_day_ahead_price.csv,lag
day_ahead_price,chronos_xgb_residual_xgb_part,valley,lag_4,0.0064591509290039,19,feature_importance_day_ahead_price.csv,lag
day_ahead_price,chronos_xgb_residual_xgb_part,valley,before_holiday_1d,0.0064068469218909,20,feature_importance_day_ahead_price.csv,holiday_binary
day_ahead_price,chronos_xgb_residual_xgb_part,valley,cos_slot96,0.0052046319469809,21,feature_importance_day_ahead_price.csv,calendar_time
day_ahead_price,chronos_xgb_residual_xgb_part,valley,holiday_name_Spring Festival,0.0039818775840103,22,feature_importance_day_ahead_price.csv,holiday_name
day_ahead_price,chronos_xgb_residual_xgb_part,valley,holiday_name_None,0.0025263461284339,23,feature_importance_day_ahead_price.csv,holiday_name
day_ahead_price,chronos_xgb_residual_xgb_part,valley,is_makeup_workday,0.0019724015146493,24,feature_importance_day_ahead_price.csv,holiday_binary
day_ahead_price,chronos_xgb_residual_xgb_part,valley,after_holiday_1d,0.0,25,feature_importance_day_ahead_price.csv,holiday_binary
day_ahead_price,chronos_xgb_residual_xgb_part,valley,holiday_name_Dragon Boat Festival,0.0,26,feature_importance_day_ahead_price.csv,holiday_name
day_ahead_price,chronos_xgb_residual_xgb_part,valley,holiday_name_Labour Day,0.0,27,feature_importance_day_ahead_price.csv,holiday_name
day_ahead_price,chronos_xgb_residual_xgb_part,valley,holiday_name_Mid-autumn Festival,0.0,28,feature_importance_day_ahead_price.csv,holiday_name
day_ahead_price,chronos_xgb_residual_xgb_part,valley,holiday_name_New Year's Day,0.0,29,feature_importance_day_ahead_price.csv,holiday_name
day_ahead_price,chronos_xgb_residual_xgb_part,valley,holiday_name_Tomb-sweeping Day,0.0,30,feature_importance_day_ahead_price.csv,holiday_name
day_ahead_price,chronos_xgb_residual_xgb_part,valley,is_holiday,0.0,31,feature_importance_day_ahead_price.csv,holiday_binary
day_ahead_price,chronos_xgb_residual_xgb_part,valley,is_weekend,0.0,32,feature_importance_day_ahead_price.csv,calendar_time
day_ahead_price,chronos_xgb_residual_xgb_part,valley,is_workday,0.0,33,feature_importance_day_ahead_price.csv,holiday_binary
day_ahead_price,xgb_only,flat,lag_1,0.5206059813499451,1,feature_importance_day_ahead_price.csv,lag
day_ahead_price,xgb_only,flat,roll_mean_4,0.2158152014017105,2,feature_importance_day_ahead_price.csv,roll_mean
day_ahead_price,xgb_only,flat,sin_slot96,0.043194942176342,3,feature_importance_day_ahead_price.csv,calendar_time
day_ahead_price,xgb_only,flat,lag_96,0.0275750085711479,4,feature_importance_day_ahead_price.csv,lag
day_ahead_price,xgb_only,flat,lag_2,0.020443545654416,5,feature_importance_day_ahead_price.csv,lag
day_ahead_price,xgb_only,flat,minute,0.0189226772636175,6,feature_importance_day_ahead_price.csv,calendar_time
day_ahead_price,xgb_only,flat,diff_1,0.0156235238537192,7,feature_importance_day_ahead_price.csv,diff
day_ahead_price,xgb_only,flat,dayofweek,0.0152213498950004,8,feature_importance_day_ahead_price.csv,calendar_time
day_ahead_price,xgb_only,flat,lag_672,0.0137277953326702,9,feature_importance_day_ahead_price.csv,lag
day_ahead_price,xgb_only,flat,hour,0.0129246786236763,10,feature_importance_day_ahead_price.csv,calendar_time
day_ahead_price,xgb_only,flat,is_holiday,0.012641517445445,11,feature_importance_day_ahead_price.csv,holiday_binary
day_ahead_price,xgb_only,flat,roll_mean_16,0.01210143789649,12,feature_importance_day_ahead_price.csv,roll_mean
day_ahead_price,xgb_only,flat,diff_96,0.011750116944313,13,feature_importance_day_ahead_price.csv,diff
day_ahead_price,xgb_only,flat,roll_mean_672,0.0110532315447926,14,feature_importance_day_ahead_price.csv,roll_mean
day_ahead_price,xgb_only,flat,slot96,0.0102807572111487,15,feature_importance_day_ahead_price.csv,calendar_time
day_ahead_price,xgb_only,flat,roll_mean_96,0.0096282484009861,16,feature_importance_day_ahead_price.csv,roll_mean
day_ahead_price,xgb_only,flat,cos_slot96,0.0085299499332904,17,feature_importance_day_ahead_price.csv,calendar_time
day_ahead_price,xgb_only,flat,lag_4,0.0070334626361727,18,feature_importance_day_ahead_price.csv,lag
day_ahead_price,xgb_only,flat,lag_192,0.0064709745347499,19,feature_importance_day_ahead_price.csv,lag
day_ahead_price,xgb_only,flat,roll_std_96,0.0057943318970501,20,feature_importance_day_ahead_price.csv,roll_std
day_ahead_price,xgb_only,flat,is_makeup_workday,0.0006533215637318,21,feature_importance_day_ahead_price.csv,holiday_binary
day_ahead_price,xgb_only,flat,holiday_name_National Day,7.904799531388562e-06,22,feature_importance_day_ahead_price.csv,holiday_name
day_ahead_price,xgb_only,flat,after_holiday_1d,0.0,23,feature_importance_day_ahead_price.csv,holiday_binary
day_ahead_price,xgb_only,flat,before_holiday_1d,0.0,24,feature_importance_day_ahead_price.csv,holiday_binary
day_ahead_price,xgb_only,flat,holiday_name_Dragon Boat Festival,0.0,25,feature_importance_day_ahead_price.csv,holiday_name
day_ahead_price,xgb_only,flat,holiday_name_Labour Day,0.0,26,feature_importance_day_ahead_price.csv,holiday_name
day_ahead_price,xgb_only,flat,holiday_name_Mid-autumn Festival,0.0,27,feature_importance_day_ahead_price.csv,holiday_name
day_ahead_price,xgb_only,flat,holiday_name_New Year's Day,0.0,28,feature_importance_day_ahead_price.csv,holiday_name
day_ahead_price,xgb_only,flat,holiday_name_None,0.0,29,feature_importance_day_ahead_price.csv,holiday_name
day_ahead_price,xgb_only,flat,holiday_name_Spring Festival,0.0,30,feature_importance_day_ahead_price.csv,holiday_name
day_ahead_price,xgb_only,flat,holiday_name_Tomb-sweeping Day,0.0,31,feature_importance_day_ahead_price.csv,holiday_name
day_ahead_price,xgb_only,flat,is_weekend,0.0,32,feature_importance_day_ahead_price.csv,calendar_time
day_ahead_price,xgb_only,flat,is_workday,0.0,33,feature_importance_day_ahead_price.csv,holiday_binary
day_ahead_price,xgb_only,global,lag_1,0.559650182723999,1,feature_importance_day_ahead_price.csv,lag
day_ahead_price,xgb_only,global,roll_mean_4,0.2639661431312561,2,feature_importance_day_ahead_price.csv,roll_mean
day_ahead_price,xgb_only,global,lag_96,0.0172648150473833,3,feature_importance_day_ahead_price.csv,lag
day_ahead_price,xgb_only,global,diff_1,0.0129778729751706,4,feature_importance_day_ahead_price.csv,diff
day_ahead_price,xgb_only,global,minute,0.0119770215824246,5,feature_importance_day_ahead_price.csv,calendar_time
day_ahead_price,xgb_only,global,sin_slot96,0.0113135809078812,6,feature_importance_day_ahead_price.csv,calendar_time
day_ahead_price,xgb_only,global,lag_2,0.0112832775339484,7,feature_importance_day_ahead_price.csv,lag
day_ahead_price,xgb_only,global,is_holiday,0.0112338783219456,8,feature_importance_day_ahead_price.csv,holiday_binary
day_ahead_price,xgb_only,global,diff_96,0.0110406698659062,9,feature_importance_day_ahead_price.csv,diff
day_ahead_price,xgb_only,global,lag_672,0.0109831001609563,10,feature_importance_day_ahead_price.csv,lag
day_ahead_price,xgb_only,global,slot96,0.0106246815994381,11,feature_importance_day_ahead_price.csv,calendar_time
day_ahead_price,xgb_only,global,cos_slot96,0.010402581654489,12,feature_importance_day_ahead_price.csv,calendar_time
day_ahead_price,xgb_only,global,lag_192,0.0094736898317933,13,feature_importance_day_ahead_price.csv,lag
day_ahead_price,xgb_only,global,roll_mean_96,0.0084459222853183,14,feature_importance_day_ahead_price.csv,roll_mean
day_ahead_price,xgb_only,global,roll_std_96,0.0075407391414046,15,feature_importance_day_ahead_price.csv,roll_std
day_ahead_price,xgb_only,global,holiday_name_National Day,0.0069629405625164,16,feature_importance_day_ahead_price.csv,holiday_name
day_ahead_price,xgb_only,global,lag_4,0.0061453026719391,17,feature_importance_day_ahead_price.csv,lag
day_ahead_price,xgb_only,global,dayofweek,0.0060907904990017,18,feature_importance_day_ahead_price.csv,calendar_time
day_ahead_price,xgb_only,global,roll_mean_16,0.0052820253185927,19,feature_importance_day_ahead_price.csv,roll_mean
day_ahead_price,xgb_only,global,roll_mean_672,0.0045308051630854,20,feature_importance_day_ahead_price.csv,roll_mean
day_ahead_price,xgb_only,global,hour,0.00280995038338,21,feature_importance_day_ahead_price.csv,calendar_time
day_ahead_price,xgb_only,global,after_holiday_1d,0.0,22,feature_importance_day_ahead_price.csv,holiday_binary
day_ahead_price,xgb_only,global,before_holiday_1d,0.0,23,feature_importance_day_ahead_price.csv,holiday_binary
day_ahead_price,xgb_only,global,holiday_name_Dragon Boat Festival,0.0,24,feature_importance_day_ahead_price.csv,holiday_name
day_ahead_price,xgb_only,global,holiday_name_Labour Day,0.0,25,feature_importance_day_ahead_price.csv,holiday_name
day_ahead_price,xgb_only,global,holiday_name_Mid-autumn Festival,0.0,26,feature_importance_day_ahead_price.csv,holiday_name
day_ahead_price,xgb_only,global,holiday_name_New Year's Day,0.0,27,feature_importance_day_ahead_price.csv,holiday_name
day_ahead_price,xgb_only,global,holiday_name_None,0.0,28,feature_importance_day_ahead_price.csv,holiday_name
day_ahead_price,xgb_only,global,holiday_name_Spring Festival,0.0,29,feature_importance_day_ahead_price.csv,holiday_name
day_ahead_price,xgb_only,global,holiday_name_Tomb-sweeping Day,0.0,30,feature_importance_day_ahead_price.csv,holiday_name
day_ahead_price,xgb_only,global,is_makeup_workday,0.0,31,feature_importance_day_ahead_price.csv,holiday_binary
day_ahead_price,xgb_only,global,is_weekend,0.0,32,feature_importance_day_ahead_price.csv,calendar_time
day_ahead_price,xgb_only,global,is_workday,0.0,33,feature_importance_day_ahead_price.csv,holiday_binary
day_ahead_price,xgb_only,peak,lag_1,0.4045158922672272,1,feature_importance_day_ahead_price.csv,lag
day_ahead_price,xgb_only,peak,roll_mean_4,0.3739922642707824,2,feature_importance_day_ahead_price.csv,roll_mean
day_ahead_price,xgb_only,peak,sin_slot96,0.0232683680951595,3,feature_importance_day_ahead_price.csv,calendar_time
day_ahead_price,xgb_only,peak,roll_mean_96,0.0186472982168197,4,feature_importance_day_ahead_price.csv,roll_mean
day_ahead_price,xgb_only,peak,lag_2,0.0152125898748636,5,feature_importance_day_ahead_price.csv,lag
day_ahead_price,xgb_only,peak,holiday_name_National Day,0.0151606258004903,6,feature_importance_day_ahead_price.csv,holiday_name
day_ahead_price,xgb_only,peak,diff_1,0.0139250187203288,7,feature_importance_day_ahead_price.csv,diff
day_ahead_price,xgb_only,peak,roll_mean_16,0.0138023449108004,8,feature_importance_day_ahead_price.csv,roll_mean
day_ahead_price,xgb_only,peak,hour,0.0126795843243598,9,feature_importance_day_ahead_price.csv,calendar_time
day_ahead_price,xgb_only,peak,slot96,0.012547243386507,10,feature_importance_day_ahead_price.csv,calendar_time
day_ahead_price,xgb_only,peak,lag_96,0.0124169280752539,11,feature_importance_day_ahead_price.csv,lag
day_ahead_price,xgb_only,peak,diff_96,0.0112659242004156,12,feature_importance_day_ahead_price.csv,diff
day_ahead_price,xgb_only,peak,dayofweek,0.0111464634537696,13,feature_importance_day_ahead_price.csv,calendar_time
day_ahead_price,xgb_only,peak,lag_4,0.0111306561157107,14,feature_importance_day_ahead_price.csv,lag
day_ahead_price,xgb_only,peak,lag_192,0.0104673290625214,15,feature_importance_day_ahead_price.csv,lag
day_ahead_price,xgb_only,peak,lag_672,0.0089626433327794,16,feature_importance_day_ahead_price.csv,lag
day_ahead_price,xgb_only,peak,roll_std_96,0.0066470224410295,17,feature_importance_day_ahead_price.csv,roll_std
day_ahead_price,xgb_only,peak,cos_slot96,0.0061631430871784,18,feature_importance_day_ahead_price.csv,calendar_time
day_ahead_price,xgb_only,peak,roll_mean_672,0.0058715348131954,19,feature_importance_day_ahead_price.csv,roll_mean
day_ahead_price,xgb_only,peak,is_workday,0.0049496102146804,20,feature_importance_day_ahead_price.csv,holiday_binary
day_ahead_price,xgb_only,peak,minute,0.0049056345596909,21,feature_importance_day_ahead_price.csv,calendar_time
day_ahead_price,xgb_only,peak,before_holiday_1d,0.00171380629763,22,feature_importance_day_ahead_price.csv,holiday_binary
day_ahead_price,xgb_only,peak,holiday_name_None,0.0006081628380343,23,feature_importance_day_ahead_price.csv,holiday_name
day_ahead_price,xgb_only,peak,after_holiday_1d,0.0,24,feature_importance_day_ahead_price.csv,holiday_binary
day_ahead_price,xgb_only,peak,holiday_name_Dragon Boat Festival,0.0,25,feature_importance_day_ahead_price.csv,holiday_name
day_ahead_price,xgb_only,peak,holiday_name_Labour Day,0.0,26,feature_importance_day_ahead_price.csv,holiday_name
day_ahead_price,xgb_only,peak,holiday_name_Mid-autumn Festival,0.0,27,feature_importance_day_ahead_price.csv,holiday_name
day_ahead_price,xgb_only,peak,holiday_name_New Year's Day,0.0,28,feature_importance_day_ahead_price.csv,holiday_name
day_ahead_price,xgb_only,peak,holiday_name_Spring Festival,0.0,29,feature_importance_day_ahead_price.csv,holiday_name
day_ahead_price,xgb_only,peak,holiday_name_Tomb-sweeping Day,0.0,30,feature_importance_day_ahead_price.csv,holiday_name
day_ahead_price,xgb_only,peak,is_holiday,0.0,31,feature_importance_day_ahead_price.csv,holiday_binary
day_ahead_price,xgb_only,peak,is_makeup_workday,0.0,32,feature_importance_day_ahead_price.csv,holiday_binary
day_ahead_price,xgb_only,peak,is_weekend,0.0,33,feature_importance_day_ahead_price.csv,calendar_time
day_ahead_price,xgb_only,valley,lag_1,0.4795839488506317,1,feature_importance_day_ahead_price.csv,lag
day_ahead_price,xgb_only,valley,roll_mean_4,0.2882071137428283,2,feature_importance_day_ahead_price.csv,roll_mean
day_ahead_price,xgb_only,valley,lag_2,0.0431463941931724,3,feature_importance_day_ahead_price.csv,lag
day_ahead_price,xgb_only,valley,roll_std_96,0.0155741712078452,4,feature_importance_day_ahead_price.csv,roll_std
day_ahead_price,xgb_only,valley,slot96,0.0152731630951166,5,feature_importance_day_ahead_price.csv,calendar_time
day_ahead_price,xgb_only,valley,before_holiday_1d,0.0151710854843258,6,feature_importance_day_ahead_price.csv,holiday_binary
day_ahead_price,xgb_only,valley,diff_1,0.0147236548364162,7,feature_importance_day_ahead_price.csv,diff
day_ahead_price,xgb_only,valley,lag_96,0.0142033696174621,8,feature_importance_day_ahead_price.csv,lag
day_ahead_price,xgb_only,valley,lag_672,0.013473373837769,9,feature_importance_day_ahead_price.csv,lag
day_ahead_price,xgb_only,valley,minute,0.0129078375175595,10,feature_importance_day_ahead_price.csv,calendar_time
day_ahead_price,xgb_only,valley,lag_192,0.0111743519082665,11,feature_importance_day_ahead_price.csv,lag
day_ahead_price,xgb_only,valley,roll_mean_16,0.0096786441281437,12,feature_importance_day_ahead_price.csv,roll_mean
day_ahead_price,xgb_only,valley,hour,0.0087895253673195,13,feature_importance_day_ahead_price.csv,calendar_time
day_ahead_price,xgb_only,valley,diff_96,0.0086269620805978,14,feature_importance_day_ahead_price.csv,diff
day_ahead_price,xgb_only,valley,sin_slot96,0.0083537632599473,15,feature_importance_day_ahead_price.csv,calendar_time
day_ahead_price,xgb_only,valley,cos_slot96,0.0080159027129411,16,feature_importance_day_ahead_price.csv,calendar_time
day_ahead_price,xgb_only,valley,lag_4,0.0069647142663598,17,feature_importance_day_ahead_price.csv,lag
day_ahead_price,xgb_only,valley,roll_mean_672,0.0064534256234765,18,feature_importance_day_ahead_price.csv,roll_mean
day_ahead_price,xgb_only,valley,roll_mean_96,0.0047342018224298,19,feature_importance_day_ahead_price.csv,roll_mean
day_ahead_price,xgb_only,valley,is_holiday,0.0040728887543082,20,feature_importance_day_ahead_price.csv,holiday_binary
day_ahead_price,xgb_only,valley,dayofweek,0.0036300593055784,21,feature_importance_day_ahead_price.csv,calendar_time
day_ahead_price,xgb_only,valley,holiday_name_None,0.0027821483090519,22,feature_importance_day_ahead_price.csv,holiday_name
day_ahead_price,xgb_only,valley,is_workday,0.0024376835208386,23,feature_importance_day_ahead_price.csv,holiday_binary
day_ahead_price,xgb_only,valley,after_holiday_1d,0.0020216896664351,24,feature_importance_day_ahead_price.csv,holiday_binary
day_ahead_price,xgb_only,valley,holiday_name_Dragon Boat Festival,0.0,25,feature_importance_day_ahead_price.csv,holiday_name
day_ahead_price,xgb_only,valley,holiday_name_Labour Day,0.0,26,feature_importance_day_ahead_price.csv,holiday_name
day_ahead_price,xgb_only,valley,holiday_name_Mid-autumn Festival,0.0,27,feature_importance_day_ahead_price.csv,holiday_name
day_ahead_price,xgb_only,valley,holiday_name_National Day,0.0,28,feature_importance_day_ahead_price.csv,holiday_name
day_ahead_price,xgb_only,valley,holiday_name_New Year's Day,0.0,29,feature_importance_day_ahead_price.csv,holiday_name
day_ahead_price,xgb_only,valley,holiday_name_Spring Festival,0.0,30,feature_importance_day_ahead_price.csv,holiday_name
day_ahead_price,xgb_only,valley,holiday_name_Tomb-sweeping Day,0.0,31,feature_importance_day_ahead_price.csv,holiday_name
day_ahead_price,xgb_only,valley,is_makeup_workday,0.0,32,feature_importance_day_ahead_price.csv,holiday_binary
day_ahead_price,xgb_only,valley,is_weekend,0.0,33,feature_importance_day_ahead_price.csv,calendar_time
day_ahead_price,xgb_oof_train,flat,lag_1,0.4561013736977027,1,feature_importance_day_ahead_price.csv,lag
day_ahead_price,xgb_oof_train,flat,roll_mean_4,0.1466440764757303,2,feature_importance_day_ahead_price.csv,roll_mean
day_ahead_price,xgb_oof_train,flat,sin_slot96,0.0876692240484632,3,feature_importance_day_ahead_price.csv,calendar_time
day_ahead_price,xgb_oof_train,flat,lag_2,0.05544365878002,4,feature_importance_day_ahead_price.csv,lag
day_ahead_price,xgb_oof_train,flat,slot96,0.032037129634633,5,feature_importance_day_ahead_price.csv,calendar_time
day_ahead_price,xgb_oof_train,flat,diff_1,0.0256319156346412,6,feature_importance_day_ahead_price.csv,diff
day_ahead_price,xgb_oof_train,flat,minute,0.0248410609335853,7,feature_importance_day_ahead_price.csv,calendar_time
day_ahead_price,xgb_oof_train,flat,diff_96,0.0203296775535608,8,feature_importance_day_ahead_price.csv,diff
day_ahead_price,xgb_oof_train,flat,lag_96,0.0187212265132424,9,feature_importance_day_ahead_price.csv,lag
day_ahead_price,xgb_oof_train,flat,lag_672,0.0158749266724603,10,feature_importance_day_ahead_price.csv,lag
day_ahead_price,xgb_oof_train,flat,after_holiday_1d,0.0155637724808632,11,feature_importance_day_ahead_price.csv,holiday_binary
day_ahead_price,xgb_oof_train,flat,hour,0.0124906618663002,12,feature_importance_day_ahead_price.csv,calendar_time
day_ahead_price,xgb_oof_train,flat,roll_mean_16,0.0115812797314272,13,feature_importance_day_ahead_price.csv,roll_mean
day_ahead_price,xgb_oof_train,flat,roll_std_96,0.0106145875313534,14,feature_importance_day_ahead_price.csv,roll_std
day_ahead_price,xgb_oof_train,flat,dayofweek,0.0099335934042196,15,feature_importance_day_ahead_price.csv,calendar_time
day_ahead_price,xgb_oof_train,flat,lag_4,0.0099025678982098,16,feature_importance_day_ahead_price.csv,lag
day_ahead_price,xgb_oof_train,flat,roll_mean_96,0.0098616617033258,17,feature_importance_day_ahead_price.csv,roll_mean
day_ahead_price,xgb_oof_train,flat,lag_192,0.0093175456142769,18,feature_importance_day_ahead_price.csv,lag
day_ahead_price,xgb_oof_train,flat,before_holiday_1d,0.0080238884234299,19,feature_importance_day_ahead_price.csv,holiday_binary
day_ahead_price,xgb_oof_train,flat,roll_mean_672,0.0074134979334373,20,feature_importance_day_ahead_price.csv,roll_mean
day_ahead_price,xgb_oof_train,flat,cos_slot96,0.0074062661912578,21,feature_importance_day_ahead_price.csv,calendar_time
day_ahead_price,xgb_oof_train,flat,is_holiday,0.0032305735652558,22,feature_importance_day_ahead_price.csv,holiday_binary
day_ahead_price,xgb_oof_train,flat,is_makeup_workday,0.000561898581509,23,feature_importance_day_ahead_price.csv,holiday_binary
day_ahead_price,xgb_oof_train,flat,is_workday,0.0003306042008961,24,feature_importance_day_ahead_price.csv,holiday_binary
day_ahead_price,xgb_oof_train,flat,is_weekend,0.0002645259329046,25,feature_importance_day_ahead_price.csv,calendar_time
day_ahead_price,xgb_oof_train,flat,holiday_name_National Day,0.0001991973216578,26,feature_importance_day_ahead_price.csv,holiday_name
day_ahead_price,xgb_oof_train,flat,holiday_name_Mid-autumn Festival,9.600911889370203e-06,27,feature_importance_day_ahead_price.csv,holiday_name
day_ahead_price,xgb_oof_train,flat,holiday_name_Dragon Boat Festival,0.0,28,feature_importance_day_ahead_price.csv,holiday_name
day_ahead_price,xgb_oof_train,flat,holiday_name_Labour Day,0.0,29,feature_importance_day_ahead_price.csv,holiday_name
day_ahead_price,xgb_oof_train,flat,holiday_name_New Year's Day,0.0,30,feature_importance_day_ahead_price.csv,holiday_name
day_ahead_price,xgb_oof_train,flat,holiday_name_None,0.0,31,feature_importance_day_ahead_price.csv,holiday_name
day_ahead_price,xgb_oof_train,flat,holiday_name_Spring Festival,0.0,32,feature_importance_day_ahead_price.csv,holiday_name
day_ahead_price,xgb_oof_train,flat,holiday_name_Tomb-sweeping Day,0.0,33,feature_importance_day_ahead_price.csv,holiday_name
day_ahead_price,xgb_oof_train,global,lag_1,0.5052960257117565,1,feature_importance_day_ahead_price.csv,lag
day_ahead_price,xgb_oof_train,global,roll_mean_4,0.2752488297052108,2,feature_importance_day_ahead_price.csv,roll_mean
day_ahead_price,xgb_oof_train,global,lag_2,0.0238654194220614,3,feature_importance_day_ahead_price.csv,lag
day_ahead_price,xgb_oof_train,global,sin_slot96,0.0213492756100514,4,feature_importance_day_ahead_price.csv,calendar_time
day_ahead_price,xgb_oof_train,global,slot96,0.0178705648196717,5,feature_importance_day_ahead_price.csv,calendar_time
day_ahead_price,xgb_oof_train,global,diff_96,0.0163983581766772,6,feature_importance_day_ahead_price.csv,diff
day_ahead_price,xgb_oof_train,global,lag_96,0.0145188781898468,7,feature_importance_day_ahead_price.csv,lag
day_ahead_price,xgb_oof_train,global,lag_672,0.0143681200525651,8,feature_importance_day_ahead_price.csv,lag
day_ahead_price,xgb_oof_train,global,minute,0.0132590197062584,9,feature_importance_day_ahead_price.csv,calendar_time
day_ahead_price,xgb_oof_train,global,diff_1,0.0124733470237025,10,feature_importance_day_ahead_price.csv,diff
day_ahead_price,xgb_oof_train,global,dayofweek,0.0091304822909968,11,feature_importance_day_ahead_price.csv,calendar_time
day_ahead_price,xgb_oof_train,global,roll_mean_16,0.0085238653745573,12,feature_importance_day_ahead_price.csv,roll_mean
day_ahead_price,xgb_oof_train,global,lag_192,0.0084147437054735,13,feature_importance_day_ahead_price.csv,lag
day_ahead_price,xgb_oof_train,global,before_holiday_1d,0.0080229044581826,14,feature_importance_day_ahead_price.csv,holiday_binary
day_ahead_price,xgb_oof_train,global,roll_std_96,0.0079235810553655,15,feature_importance_day_ahead_price.csv,roll_std
day_ahead_price,xgb_oof_train,global,after_holiday_1d,0.0073891322054595,16,feature_importance_day_ahead_price.csv,holiday_binary
day_ahead_price,xgb_oof_train,global,lag_4,0.0071421924199407,17,feature_importance_day_ahead_price.csv,lag
day_ahead_price,xgb_oof_train,global,cos_slot96,0.0071163173191822,18,feature_importance_day_ahead_price.csv,calendar_time
day_ahead_price,xgb_oof_train,global,roll_mean_672,0.0063445451020155,19,feature_importance_day_ahead_price.csv,roll_mean
day_ahead_price,xgb_oof_train,global,roll_mean_96,0.0059095866521462,20,feature_importance_day_ahead_price.csv,roll_mean
day_ahead_price,xgb_oof_train,global,hour,0.0056987736427869,21,feature_importance_day_ahead_price.csv,calendar_time
day_ahead_price,xgb_oof_train,global,is_holiday,0.0014406101959488,22,feature_importance_day_ahead_price.csv,holiday_binary
day_ahead_price,xgb_oof_train,global,holiday_name_National Day,0.0013597158876319,23,feature_importance_day_ahead_price.csv,holiday_name
day_ahead_price,xgb_oof_train,global,holiday_name_None,0.0005151343849809,24,feature_importance_day_ahead_price.csv,holiday_name
day_ahead_price,xgb_oof_train,global,is_weekend,0.000189333286611,25,feature_importance_day_ahead_price.csv,calendar_time
day_ahead_price,xgb_oof_train,global,holiday_name_Spring Festival,0.0001162209060007,26,feature_importance_day_ahead_price.csv,holiday_name
day_ahead_price,xgb_oof_train,global,is_workday,0.0001150208453719,27,feature_importance_day_ahead_price.csv,holiday_binary
day_ahead_price,xgb_oof_train,global,holiday_name_Dragon Boat Festival,0.0,28,feature_importance_day_ahead_price.csv,holiday_name
day_ahead_price,xgb_oof_train,global,holiday_name_Labour Day,0.0,29,feature_importance_day_ahead_price.csv,holiday_name
day_ahead_price,xgb_oof_train,global,holiday_name_Mid-autumn Festival,0.0,30,feature_importance_day_ahead_price.csv,holiday_name
day_ahead_price,xgb_oof_train,global,holiday_name_New Year's Day,0.0,31,feature_importance_day_ahead_price.csv,holiday_name
day_ahead_price,xgb_oof_train,global,holiday_name_Tomb-sweeping Day,0.0,32,feature_importance_day_ahead_price.csv,holiday_name
day_ahead_price,xgb_oof_train,global,is_makeup_workday,0.0,33,feature_importance_day_ahead_price.csv,holiday_binary
day_ahead_price,xgb_oof_train,peak,roll_mean_4,0.4177249773190571,1,feature_importance_day_ahead_price.csv,roll_mean
day_ahead_price,xgb_oof_train,peak,lag_1,0.3991998891131236,2,feature_importance_day_ahead_price.csv,lag
day_ahead_price,xgb_oof_train,peak,lag_2,0.0205285190604627,3,feature_importance_day_ahead_price.csv,lag
day_ahead_price,xgb_oof_train,peak,sin_slot96,0.0158115731095537,4,feature_importance_day_ahead_price.csv,calendar_time
day_ahead_price,xgb_oof_train,peak,lag_96,0.0148948276630387,5,feature_importance_day_ahead_price.csv,lag
day_ahead_price,xgb_oof_train,peak,diff_1,0.0124638007882122,6,feature_importance_day_ahead_price.csv,diff
day_ahead_price,xgb_oof_train,peak,roll_mean_16,0.0122836786456621,7,feature_importance_day_ahead_price.csv,roll_mean
day_ahead_price,xgb_oof_train,peak,slot96,0.009560402124547,8,feature_importance_day_ahead_price.csv,calendar_time
day_ahead_price,xgb_oof_train,peak,lag_192,0.0086499331563782,9,feature_importance_day_ahead_price.csv,lag
day_ahead_price,xgb_oof_train,peak,roll_mean_96,0.0085899307070156,10,feature_importance_day_ahead_price.csv,roll_mean
day_ahead_price,xgb_oof_train,peak,hour,0.0085108805886613,11,feature_importance_day_ahead_price.csv,calendar_time
day_ahead_price,xgb_oof_train,peak,diff_96,0.0081527115499529,12,feature_importance_day_ahead_price.csv,diff
day_ahead_price,xgb_oof_train,peak,lag_4,0.0076574573042587,13,feature_importance_day_ahead_price.csv,lag
day_ahead_price,xgb_oof_train,peak,cos_slot96,0.0070402344438032,14,feature_importance_day_ahead_price.csv,calendar_time
day_ahead_price,xgb_oof_train,peak,roll_std_96,0.0063115490394501,15,feature_importance_day_ahead_price.csv,roll_std
day_ahead_price,xgb_oof_train,peak,dayofweek,0.0059477467260036,16,feature_importance_day_ahead_price.csv,calendar_time
day_ahead_price,xgb_oof_train,peak,holiday_name_National Day,0.0059342006525884,17,feature_importance_day_ahead_price.csv,holiday_name
day_ahead_price,xgb_oof_train,peak,lag_672,0.0059151512373668,18,feature_importance_day_ahead_price.csv,lag
day_ahead_price,xgb_oof_train,peak,roll_mean_672,0.0056870924376058,19,feature_importance_day_ahead_price.csv,roll_mean
day_ahead_price,xgb_oof_train,peak,after_holiday_1d,0.0056174652356555,20,feature_importance_day_ahead_price.csv,holiday_binary
day_ahead_price,xgb_oof_train,peak,minute,0.0050194045660856,21,feature_importance_day_ahead_price.csv,calendar_time
day_ahead_price,xgb_oof_train,peak,is_holiday,0.0026584818327906,22,feature_importance_day_ahead_price.csv,holiday_binary
day_ahead_price,xgb_oof_train,peak,holiday_name_Spring Festival,0.0025252563690838,23,feature_importance_day_ahead_price.csv,holiday_name
day_ahead_price,xgb_oof_train,peak,is_workday,0.0015311805450787,24,feature_importance_day_ahead_price.csv,holiday_binary
day_ahead_price,xgb_oof_train,peak,before_holiday_1d,0.0008093491463184,25,feature_importance_day_ahead_price.csv,holiday_binary
day_ahead_price,xgb_oof_train,peak,is_makeup_workday,0.0004364574337019,26,feature_importance_day_ahead_price.csv,holiday_binary
day_ahead_price,xgb_oof_train,peak,holiday_name_None,0.0002798892634858,27,feature_importance_day_ahead_price.csv,holiday_name
day_ahead_price,xgb_oof_train,peak,is_weekend,0.0002543302112966,28,feature_importance_day_ahead_price.csv,calendar_time
day_ahead_price,xgb_oof_train,peak,holiday_name_Tomb-sweeping Day,3.6361158820979594e-06,29,feature_importance_day_ahead_price.csv,holiday_name
day_ahead_price,xgb_oof_train,peak,holiday_name_Dragon Boat Festival,0.0,30,feature_importance_day_ahead_price.csv,holiday_name
day_ahead_price,xgb_oof_train,peak,holiday_name_Labour Day,0.0,31,feature_importance_day_ahead_price.csv,holiday_name
day_ahead_price,xgb_oof_train,peak,holiday_name_Mid-autumn Festival,0.0,32,feature_importance_day_ahead_price.csv,holiday_name
day_ahead_price,xgb_oof_train,peak,holiday_name_New Year's Day,0.0,33,feature_importance_day_ahead_price.csv,holiday_name
day_ahead_price,xgb_oof_train,valley,lag_1,0.5088720046556913,1,feature_importance_day_ahead_price.csv,lag
day_ahead_price,xgb_oof_train,valley,roll_mean_4,0.2436859513131472,2,feature_importance_day_ahead_price.csv,roll_mean
day_ahead_price,xgb_oof_train,valley,lag_2,0.1143364232893173,3,feature_importance_day_ahead_price.csv,lag
day_ahead_price,xgb_oof_train,valley,diff_1,0.0143560836485658,4,feature_importance_day_ahead_price.csv,diff
day_ahead_price,xgb_oof_train,valley,roll_std_96,0.0106625774955878,5,feature_importance_day_ahead_price.csv,roll_std
day_ahead_price,xgb_oof_train,valley,minute,0.009503905450961,6,feature_importance_day_ahead_price.csv,calendar_time
day_ahead_price,xgb_oof_train,valley,lag_672,0.0085973092578709,7,feature_importance_day_ahead_price.csv,lag
day_ahead_price,xgb_oof_train,valley,dayofweek,0.0085365832951188,8,feature_importance_day_ahead_price.csv,calendar_time
day_ahead_price,xgb_oof_train,valley,lag_96,0.0085282148703789,9,feature_importance_day_ahead_price.csv,lag
day_ahead_price,xgb_oof_train,valley,slot96,0.0077969711094808,10,feature_importance_day_ahead_price.csv,calendar_time
day_ahead_price,xgb_oof_train,valley,hour,0.0076904720492446,11,feature_importance_day_ahead_price.csv,calendar_time
day_ahead_price,xgb_oof_train,valley,sin_slot96,0.0067144645324263,12,feature_importance_day_ahead_price.csv,calendar_time
day_ahead_price,xgb_oof_train,valley,roll_mean_16,0.0063931720752197,13,feature_importance_day_ahead_price.csv,roll_mean
day_ahead_price,xgb_oof_train,valley,cos_slot96,0.0062696049539786,14,feature_importance_day_ahead_price.csv,calendar_time
day_ahead_price,xgb_oof_train,valley,roll_mean_672,0.006265218101012,15,feature_importance_day_ahead_price.csv,roll_mean
day_ahead_price,xgb_oof_train,valley,lag_192,0.0060831661058518,16,feature_importance_day_ahead_price.csv,lag
day_ahead_price,xgb_oof_train,valley,diff_96,0.0059315439922591,17,feature_importance_day_ahead_price.csv,diff
day_ahead_price,xgb_oof_train,valley,roll_mean_96,0.0057458368246443,18,feature_importance_day_ahead_price.csv,roll_mean
day_ahead_price,xgb_oof_train,valley,lag_4,0.0043120981964211,19,feature_importance_day_ahead_price.csv,lag
day_ahead_price,xgb_oof_train,valley,before_holiday_1d,0.0019060814330049,20,feature_importance_day_ahead_price.csv,holiday_binary
day_ahead_price,xgb_oof_train,valley,holiday_name_None,0.0014345154394015,21,feature_importance_day_ahead_price.csv,holiday_name
day_ahead_price,xgb_oof_train,valley,holiday_name_New Year's Day,0.0013560620718635,22,feature_importance_day_ahead_price.csv,holiday_name
day_ahead_price,xgb_oof_train,valley,after_holiday_1d,0.0012834529289438,23,feature_importance_day_ahead_price.csv,holiday_binary
day_ahead_price,xgb_oof_train,valley,is_holiday,0.0010702638179421,24,feature_importance_day_ahead_price.csv,holiday_binary
day_ahead_price,xgb_oof_train,valley,is_makeup_workday,0.0009471583224904,25,feature_importance_day_ahead_price.csv,holiday_binary
day_ahead_price,xgb_oof_train,valley,is_workday,0.0006860290293563,26,feature_importance_day_ahead_price.csv,holiday_binary
day_ahead_price,xgb_oof_train,valley,holiday_name_Spring Festival,0.0005460365679867,27,feature_importance_day_ahead_price.csv,holiday_name
day_ahead_price,xgb_oof_train,valley,holiday_name_National Day,0.0004658756526903,28,feature_importance_day_ahead_price.csv,holiday_name
day_ahead_price,xgb_oof_train,valley,holiday_name_Tomb-sweeping Day,1.2604928297850374e-05,29,feature_importance_day_ahead_price.csv,holiday_name
day_ahead_price,xgb_oof_train,valley,holiday_name_Dragon Boat Festival,1.0312406140236328e-05,30,feature_importance_day_ahead_price.csv,holiday_name
day_ahead_price,xgb_oof_train,valley,holiday_name_Labour Day,0.0,31,feature_importance_day_ahead_price.csv,holiday_name
day_ahead_price,xgb_oof_train,valley,holiday_name_Mid-autumn Festival,0.0,32,feature_importance_day_ahead_price.csv,holiday_name
day_ahead_price,xgb_oof_train,valley,is_weekend,0.0,33,feature_importance_day_ahead_price.csv,calendar_time
real_time_price,chronos_xgb_residual_xgb_part,flat,lag_1,0.3574387431144714,1,feature_importance_real_time_price.csv,lag
real_time_price,chronos_xgb_residual_xgb_part,flat,roll_mean_4,0.2886812388896942,2,feature_importance_real_time_price.csv,roll_mean
real_time_price,chronos_xgb_residual_xgb_part,flat,is_holiday,0.0328981839120388,3,feature_importance_real_time_price.csv,holiday_binary
real_time_price,chronos_xgb_residual_xgb_part,flat,lag_4,0.0218153111636638,4,feature_importance_real_time_price.csv,lag
real_time_price,chronos_xgb_residual_xgb_part,flat,roll_mean_96,0.0217107404023408,5,feature_importance_real_time_price.csv,roll_mean
real_time_price,chronos_xgb_residual_xgb_part,flat,lag_192,0.021624568849802,6,feature_importance_real_time_price.csv,lag
real_time_price,chronos_xgb_residual_xgb_part,flat,diff_96,0.0202232245355844,7,feature_importance_real_time_price.csv,diff
real_time_price,chronos_xgb_residual_xgb_part,flat,sin_slot96,0.0200582332909107,8,feature_importance_real_time_price.csv,calendar_time
real_time_price,chronos_xgb_residual_xgb_part,flat,roll_mean_672,0.0197799075394868,9,feature_importance_real_time_price.csv,roll_mean
real_time_price,chronos_xgb_residual_xgb_part,flat,roll_mean_16,0.0196165964007377,10,feature_importance_real_time_price.csv,roll_mean
real_time_price,chronos_xgb_residual_xgb_part,flat,lag_672,0.0172615274786949,11,feature_importance_real_time_price.csv,lag
real_time_price,chronos_xgb_residual_xgb_part,flat,lag_96,0.0165080614387989,12,feature_importance_real_time_price.csv,lag
real_time_price,chronos_xgb_residual_xgb_part,flat,holiday_name_Dragon Boat Festival,0.0163996461778879,13,feature_importance_real_time_price.csv,holiday_name
real_time_price,chronos_xgb_residual_xgb_part,flat,lag_2,0.0157232861965894,14,feature_importance_real_time_price.csv,lag
real_time_price,chronos_xgb_residual_xgb_part,flat,roll_std_96,0.0142591288313269,15,feature_importance_real_time_price.csv,roll_std
real_time_price,chronos_xgb_residual_xgb_part,flat,slot96,0.0140147441998124,16,feature_importance_real_time_price.csv,calendar_time
real_time_price,chronos_xgb_residual_xgb_part,flat,diff_1,0.0130166923627257,17,feature_importance_real_time_price.csv,diff
real_time_price,chronos_xgb_residual_xgb_part,flat,minute,0.0119813028723001,18,feature_importance_real_time_price.csv,calendar_time
real_time_price,chronos_xgb_residual_xgb_part,flat,hour,0.0109981400892138,19,feature_importance_real_time_price.csv,calendar_time
real_time_price,chronos_xgb_residual_xgb_part,flat,dayofweek,0.0101179052144289,20,feature_importance_real_time_price.csv,calendar_time
real_time_price,chronos_xgb_residual_xgb_part,flat,cos_slot96,0.0088681587949395,21,feature_importance_real_time_price.csv,calendar_time
real_time_price,chronos_xgb_residual_xgb_part,flat,after_holiday_1d,0.0081407930701971,22,feature_importance_real_time_price.csv,holiday_binary
real_time_price,chronos_xgb_residual_xgb_part,flat,holiday_name_None,0.0067883036099374,23,feature_importance_real_time_price.csv,holiday_name
real_time_price,chronos_xgb_residual_xgb_part,flat,is_makeup_workday,0.0063542076386511,24,feature_importance_real_time_price.csv,holiday_binary
real_time_price,chronos_xgb_residual_xgb_part,flat,holiday_name_Spring Festival,0.0051351184956729,25,feature_importance_real_time_price.csv,holiday_name
real_time_price,chronos_xgb_residual_xgb_part,flat,holiday_name_Mid-autumn Festival,0.0005862127291038,26,feature_importance_real_time_price.csv,holiday_name
real_time_price,chronos_xgb_residual_xgb_part,flat,before_holiday_1d,0.0,27,feature_importance_real_time_price.csv,holiday_binary
real_time_price,chronos_xgb_residual_xgb_part,flat,holiday_name_Labour Day,0.0,28,feature_importance_real_time_price.csv,holiday_name
real_time_price,chronos_xgb_residual_xgb_part,flat,holiday_name_National Day,0.0,29,feature_importance_real_time_price.csv,holiday_name
real_time_price,chronos_xgb_residual_xgb_part,flat,holiday_name_New Year's Day,0.0,30,feature_importance_real_time_price.csv,holiday_name
real_time_price,chronos_xgb_residual_xgb_part,flat,holiday_name_Tomb-sweeping Day,0.0,31,feature_importance_real_time_price.csv,holiday_name
real_time_price,chronos_xgb_residual_xgb_part,flat,is_weekend,0.0,32,feature_importance_real_time_price.csv,calendar_time
real_time_price,chronos_xgb_residual_xgb_part,flat,is_workday,0.0,33,feature_importance_real_time_price.csv,holiday_binary
real_time_price,chronos_xgb_residual_xgb_part,global,lag_1,0.3347938060760498,1,feature_importance_real_time_price.csv,lag
real_time_price,chronos_xgb_residual_xgb_part,global,roll_mean_4,0.2909261584281921,2,feature_importance_real_time_price.csv,roll_mean
real_time_price,chronos_xgb_residual_xgb_part,global,holiday_name_Dragon Boat Festival,0.0836198106408119,3,feature_importance_real_time_price.csv,holiday_name
real_time_price,chronos_xgb_residual_xgb_part,global,holiday_name_None,0.034860011190176,4,feature_importance_real_time_price.csv,holiday_name
real_time_price,chronos_xgb_residual_xgb_part,global,roll_mean_16,0.0236561950296163,5,feature_importance_real_time_price.csv,roll_mean
real_time_price,chronos_xgb_residual_xgb_part,global,sin_slot96,0.0195549931377172,6,feature_importance_real_time_price.csv,calendar_time
real_time_price,chronos_xgb_residual_xgb_part,global,lag_2,0.017919834703207,7,feature_importance_real_time_price.csv,lag
real_time_price,chronos_xgb_residual_xgb_part,global,diff_96,0.0166394039988517,8,feature_importance_real_time_price.csv,diff
real_time_price,chronos_xgb_residual_xgb_part,global,slot96,0.0143963433802127,9,feature_importance_real_time_price.csv,calendar_time
real_time_price,chronos_xgb_residual_xgb_part,global,lag_192,0.0138052785769104,10,feature_importance_real_time_price.csv,lag
real_time_price,chronos_xgb_residual_xgb_part,global,dayofweek,0.0129767637699842,11,feature_importance_real_time_price.csv,calendar_time
real_time_price,chronos_xgb_residual_xgb_part,global,lag_4,0.0120885455980896,12,feature_importance_real_time_price.csv,lag
real_time_price,chronos_xgb_residual_xgb_part,global,hour,0.0119739025831222,13,feature_importance_real_time_price.csv,calendar_time
real_time_price,chronos_xgb_residual_xgb_part,global,roll_mean_96,0.0118297459557652,14,feature_importance_real_time_price.csv,roll_mean
real_time_price,chronos_xgb_residual_xgb_part,global,minute,0.0111978920176625,15,feature_importance_real_time_price.csv,calendar_time
real_time_price,chronos_xgb_residual_xgb_part,global,roll_mean_672,0.0110859544947743,16,feature_importance_real_time_price.csv,roll_mean
real_time_price,chronos_xgb_residual_xgb_part,global,diff_1,0.0103391977027058,17,feature_importance_real_time_price.csv,diff
real_time_price,chronos_xgb_residual_xgb_part,global,lag_96,0.0101885860785841,18,feature_importance_real_time_price.csv,lag
real_time_price,chronos_xgb_residual_xgb_part,global,holiday_name_Labour Day,0.0100772967562079,19,feature_importance_real_time_price.csv,holiday_name
real_time_price,chronos_xgb_residual_xgb_part,global,holiday_name_National Day,0.009935681708157,20,feature_importance_real_time_price.csv,holiday_name
real_time_price,chronos_xgb_residual_xgb_part,global,cos_slot96,0.0094237979501485,21,feature_importance_real_time_price.csv,calendar_time
real_time_price,chronos_xgb_residual_xgb_part,global,lag_672,0.0089606922119855,22,feature_importance_real_time_price.csv,lag
real_time_price,chronos_xgb_residual_xgb_part,global,roll_std_96,0.0072350171394646,23,feature_importance_real_time_price.csv,roll_std
real_time_price,chronos_xgb_residual_xgb_part,global,after_holiday_1d,0.0063154539093375,24,feature_importance_real_time_price.csv,holiday_binary
real_time_price,chronos_xgb_residual_xgb_part,global,is_workday,0.0041191042400896,25,feature_importance_real_time_price.csv,holiday_binary
real_time_price,chronos_xgb_residual_xgb_part,global,holiday_name_Spring Festival,0.0020805986132472,26,feature_importance_real_time_price.csv,holiday_name
real_time_price,chronos_xgb_residual_xgb_part,global,before_holiday_1d,0.0,27,feature_importance_real_time_price.csv,holiday_binary
real_time_price,chronos_xgb_residual_xgb_part,global,holiday_name_Mid-autumn Festival,0.0,28,feature_importance_real_time_price.csv,holiday_name
real_time_price,chronos_xgb_residual_xgb_part,global,holiday_name_New Year's Day,0.0,29,feature_importance_real_time_price.csv,holiday_name
real_time_price,chronos_xgb_residual_xgb_part,global,holiday_name_Tomb-sweeping Day,0.0,30,feature_importance_real_time_price.csv,holiday_name
real_time_price,chronos_xgb_residual_xgb_part,global,is_holiday,0.0,31,feature_importance_real_time_price.csv,holiday_binary
real_time_price,chronos_xgb_residual_xgb_part,global,is_makeup_workday,0.0,32,feature_importance_real_time_price.csv,holiday_binary
real_time_price,chronos_xgb_residual_xgb_part,global,is_weekend,0.0,33,feature_importance_real_time_price.csv,calendar_time
real_time_price,chronos_xgb_residual_xgb_part,peak,roll_mean_4,0.3420212268829345,1,feature_importance_real_time_price.csv,roll_mean
real_time_price,chronos_xgb_residual_xgb_part,peak,lag_1,0.1279570758342743,2,feature_importance_real_time_price.csv,lag
real_time_price,chronos_xgb_residual_xgb_part,peak,holiday_name_Dragon Boat Festival,0.113559678196907,3,feature_importance_real_time_price.csv,holiday_name
real_time_price,chronos_xgb_residual_xgb_part,peak,dayofweek,0.0500257797539234,4,feature_importance_real_time_price.csv,calendar_time
real_time_price,chronos_xgb_residual_xgb_part,peak,holiday_name_None,0.0414919927716255,5,feature_importance_real_time_price.csv,holiday_name
real_time_price,chronos_xgb_residual_xgb_part,peak,roll_mean_16,0.0314105451107025,6,feature_importance_real_time_price.csv,roll_mean
real_time_price,chronos_xgb_residual_xgb_part,peak,cos_slot96,0.0270714815706014,7,feature_importance_real_time_price.csv,calendar_time
real_time_price,chronos_xgb_residual_xgb_part,peak,minute,0.0235716272145509,8,feature_importance_real_time_price.csv,calendar_time
real_time_price,chronos_xgb_residual_xgb_part,peak,holiday_name_Labour Day,0.0193109828978776,9,feature_importance_real_time_price.csv,holiday_name
real_time_price,chronos_xgb_residual_xgb_part,peak,roll_mean_672,0.0154133820906281,10,feature_importance_real_time_price.csv,roll_mean
real_time_price,chronos_xgb_residual_xgb_part,peak,is_holiday,0.0148404538631439,11,feature_importance_real_time_price.csv,holiday_binary
real_time_price,chronos_xgb_residual_xgb_part,peak,lag_2,0.0148182110860943,12,feature_importance_real_time_price.csv,lag
real_time_price,chronos_xgb_residual_xgb_part,peak,lag_672,0.0123629160225391,13,feature_importance_real_time_price.csv,lag
real_time_price,chronos_xgb_residual_xgb_part,peak,diff_96,0.0120367361232638,14,feature_importance_real_time_price.csv,diff
real_time_price,chronos_xgb_residual_xgb_part,peak,slot96,0.0117553379386663,15,feature_importance_real_time_price.csv,calendar_time
real_time_price,chronos_xgb_residual_xgb_part,peak,diff_1,0.0117317400872707,16,feature_importance_real_time_price.csv,diff
real_time_price,chronos_xgb_residual_xgb_part,peak,hour,0.0117169823497533,17,feature_importance_real_time_price.csv,calendar_time
real_time_price,chronos_xgb_residual_xgb_part,peak,sin_slot96,0.0115187671035528,18,feature_importance_real_time_price.csv,calendar_time
real_time_price,chronos_xgb_residual_xgb_part,peak,lag_4,0.0112548982724547,19,feature_importance_real_time_price.csv,lag
real_time_price,chronos_xgb_residual_xgb_part,peak,after_holiday_1d,0.0108617041260004,20,feature_importance_real_time_price.csv,holiday_binary
real_time_price,chronos_xgb_residual_xgb_part,peak,roll_mean_96,0.0103648416697978,21,feature_importance_real_time_price.csv,roll_mean
real_time_price,chronos_xgb_residual_xgb_part,peak,roll_std_96,0.0098398998379707,22,feature_importance_real_time_price.csv,roll_std
real_time_price,chronos_xgb_residual_xgb_part,peak,holiday_name_Spring Festival,0.0097626522183418,23,feature_importance_real_time_price.csv,holiday_name
real_time_price,chronos_xgb_residual_xgb_part,peak,lag_192,0.0096453176811337,24,feature_importance_real_time_price.csv,lag
real_time_price,chronos_xgb_residual_xgb_part,peak,is_makeup_workday,0.0089545473456382,25,feature_importance_real_time_price.csv,holiday_binary
real_time_price,chronos_xgb_residual_xgb_part,peak,lag_96,0.008771781809628,26,feature_importance_real_time_price.csv,lag
real_time_price,chronos_xgb_residual_xgb_part,peak,before_holiday_1d,0.0086073204874992,27,feature_importance_real_time_price.csv,holiday_binary
real_time_price,chronos_xgb_residual_xgb_part,peak,holiday_name_National Day,0.0062769507057964,28,feature_importance_real_time_price.csv,holiday_name
real_time_price,chronos_xgb_residual_xgb_part,peak,is_weekend,0.0049387034960091,29,feature_importance_real_time_price.csv,calendar_time
real_time_price,chronos_xgb_residual_xgb_part,peak,holiday_name_Tomb-sweeping Day,0.0041655008681118,30,feature_importance_real_time_price.csv,holiday_name
real_time_price,chronos_xgb_residual_xgb_part,peak,is_workday,0.0039410651661455,31,feature_importance_real_time_price.csv,holiday_binary
real_time_price,chronos_xgb_residual_xgb_part,peak,holiday_name_Mid-autumn Festival,0.0,32,feature_importance_real_time_price.csv,holiday_name
real_time_price,chronos_xgb_residual_xgb_part,peak,holiday_name_New Year's Day,0.0,33,feature_importance_real_time_price.csv,holiday_name
real_time_price,chronos_xgb_residual_xgb_part,valley,roll_mean_4,0.2425517290830612,1,feature_importance_real_time_price.csv,roll_mean
real_time_price,chronos_xgb_residual_xgb_part,valley,lag_1,0.2260392308235168,2,feature_importance_real_time_price.csv,lag
real_time_price,chronos_xgb_residual_xgb_part,valley,is_holiday,0.0604413338005542,3,feature_importance_real_time_price.csv,holiday_binary
real_time_price,chronos_xgb_residual_xgb_part,valley,roll_mean_16,0.0591537728905677,4,feature_importance_real_time_price.csv,roll_mean
real_time_price,chronos_xgb_residual_xgb_part,valley,lag_672,0.0368580371141433,5,feature_importance_real_time_price.csv,lag
real_time_price,chronos_xgb_residual_xgb_part,valley,roll_mean_96,0.0366943813860416,6,feature_importance_real_time_price.csv,roll_mean
real_time_price,chronos_xgb_residual_xgb_part,valley,lag_192,0.0252726823091506,7,feature_importance_real_time_price.csv,lag
real_time_price,chronos_xgb_residual_xgb_part,valley,holiday_name_Dragon Boat Festival,0.0248397570103406,8,feature_importance_real_time_price.csv,holiday_name
real_time_price,chronos_xgb_residual_xgb_part,valley,minute,0.0247845351696014,9,feature_importance_real_time_price.csv,calendar_time
real_time_price,chronos_xgb_residual_xgb_part,valley,is_workday,0.0229366701096296,10,feature_importance_real_time_price.csv,holiday_binary
real_time_price,chronos_xgb_residual_xgb_part,valley,lag_96,0.0223390012979507,11,feature_importance_real_time_price.csv,lag
real_time_price,chronos_xgb_residual_xgb_part,valley,lag_2,0.0212997999042272,12,feature_importance_real_time_price.csv,lag
real_time_price,chronos_xgb_residual_xgb_part,valley,slot96,0.0200331714004278,13,feature_importance_real_time_price.csv,calendar_time
real_time_price,chronos_xgb_residual_xgb_part,valley,diff_96,0.018260583281517,14,feature_importance_real_time_price.csv,diff
real_time_price,chronos_xgb_residual_xgb_part,valley,hour,0.0181861910969018,15,feature_importance_real_time_price.csv,calendar_time
real_time_price,chronos_xgb_residual_xgb_part,valley,sin_slot96,0.016432637348771,16,feature_importance_real_time_price.csv,calendar_time
real_time_price,chronos_xgb_residual_xgb_part,valley,before_holiday_1d,0.0159911271184682,17,feature_importance_real_time_price.csv,holiday_binary
real_time_price,chronos_xgb_residual_xgb_part,valley,diff_1,0.0154784964397549,18,feature_importance_real_time_price.csv,diff
real_time_price,chronos_xgb_residual_xgb_part,valley,roll_std_96,0.0145458877086639,19,feature_importance_real_time_price.csv,roll_std
real_time_price,chronos_xgb_residual_xgb_part,valley,holiday_name_Spring Festival,0.0125178759917616,20,feature_importance_real_time_price.csv,holiday_name
real_time_price,chronos_xgb_residual_xgb_part,valley,holiday_name_None,0.0124281868338584,21,feature_importance_real_time_price.csv,holiday_name
real_time_price,chronos_xgb_residual_xgb_part,valley,lag_4,0.0118483761325478,22,feature_importance_real_time_price.csv,lag
real_time_price,chronos_xgb_residual_xgb_part,valley,roll_mean_672,0.0116174276918172,23,feature_importance_real_time_price.csv,roll_mean
real_time_price,chronos_xgb_residual_xgb_part,valley,dayofweek,0.0108043020591139,24,feature_importance_real_time_price.csv,calendar_time
real_time_price,chronos_xgb_residual_xgb_part,valley,after_holiday_1d,0.0107102086767554,25,feature_importance_real_time_price.csv,holiday_binary
real_time_price,chronos_xgb_residual_xgb_part,valley,cos_slot96,0.0079345349222421,26,feature_importance_real_time_price.csv,calendar_time
real_time_price,chronos_xgb_residual_xgb_part,valley,holiday_name_Labour Day,0.0,27,feature_importance_real_time_price.csv,holiday_name
real_time_price,chronos_xgb_residual_xgb_part,valley,holiday_name_Mid-autumn Festival,0.0,28,feature_importance_real_time_price.csv,holiday_name
real_time_price,chronos_xgb_residual_xgb_part,valley,holiday_name_National Day,0.0,29,feature_importance_real_time_price.csv,holiday_name
real_time_price,chronos_xgb_residual_xgb_part,valley,holiday_name_New Year's Day,0.0,30,feature_importance_real_time_price.csv,holiday_name
real_time_price,chronos_xgb_residual_xgb_part,valley,holiday_name_Tomb-sweeping Day,0.0,31,feature_importance_real_time_price.csv,holiday_name
real_time_price,chronos_xgb_residual_xgb_part,valley,is_makeup_workday,0.0,32,feature_importance_real_time_price.csv,holiday_binary
real_time_price,chronos_xgb_residual_xgb_part,valley,is_weekend,0.0,33,feature_importance_real_time_price.csv,calendar_time
real_time_price,xgb_only,flat,lag_1,0.4266306459903717,1,feature_importance_real_time_price.csv,lag
real_time_price,xgb_only,flat,roll_mean_4,0.2692853808403015,2,feature_importance_real_time_price.csv,roll_mean
real_time_price,xgb_only,flat,roll_std_96,0.035751711577177,3,feature_importance_real_time_price.csv,roll_std
real_time_price,xgb_only,flat,is_holiday,0.0277552399784326,4,feature_importance_real_time_price.csv,holiday_binary
real_time_price,xgb_only,flat,holiday_name_Dragon Boat Festival,0.0170716308057308,5,feature_importance_real_time_price.csv,holiday_name
real_time_price,xgb_only,flat,roll_mean_96,0.0156777985394001,6,feature_importance_real_time_price.csv,roll_mean
real_time_price,xgb_only,flat,sin_slot96,0.015284807421267,7,feature_importance_real_time_price.csv,calendar_time
real_time_price,xgb_only,flat,lag_192,0.0151590844616293,8,feature_importance_real_time_price.csv,lag
real_time_price,xgb_only,flat,lag_2,0.0148410648107528,9,feature_importance_real_time_price.csv,lag
real_time_price,xgb_only,flat,hour,0.0143460473045706,10,feature_importance_real_time_price.csv,calendar_time
real_time_price,xgb_only,flat,roll_mean_672,0.0143448105081915,11,feature_importance_real_time_price.csv,roll_mean
real_time_price,xgb_only,flat,diff_1,0.0143418097868561,12,feature_importance_real_time_price.csv,diff
real_time_price,xgb_only,flat,cos_slot96,0.013842181302607,13,feature_importance_real_time_price.csv,calendar_time
real_time_price,xgb_only,flat,diff_96,0.0137442499399185,14,feature_importance_real_time_price.csv,diff
real_time_price,xgb_only,flat,lag_672,0.0128154074773192,15,feature_importance_real_time_price.csv,lag
real_time_price,xgb_only,flat,roll_mean_16,0.012130276300013,16,feature_importance_real_time_price.csv,roll_mean
real_time_price,xgb_only,flat,lag_96,0.011464356444776,17,feature_importance_real_time_price.csv,lag
real_time_price,xgb_only,flat,slot96,0.0105855586007237,18,feature_importance_real_time_price.csv,calendar_time
real_time_price,xgb_only,flat,lag_4,0.0105412006378173,19,feature_importance_real_time_price.csv,lag
real_time_price,xgb_only,flat,holiday_name_New Year's Day,0.0084202345460653,20,feature_importance_real_time_price.csv,holiday_name
real_time_price,xgb_only,flat,minute,0.0064883008599281,21,feature_importance_real_time_price.csv,calendar_time
real_time_price,xgb_only,flat,holiday_name_Spring Festival,0.0064520640298724,22,feature_importance_real_time_price.csv,holiday_name
real_time_price,xgb_only,flat,dayofweek,0.004686206113547,23,feature_importance_real_time_price.csv,calendar_time
real_time_price,xgb_only,flat,is_makeup_workday,0.003542007645592,24,feature_importance_real_time_price.csv,holiday_binary
real_time_price,xgb_only,flat,holiday_name_None,0.0035012059379369,25,feature_importance_real_time_price.csv,holiday_name
real_time_price,xgb_only,flat,holiday_name_Tomb-sweeping Day,0.0012966870563104,26,feature_importance_real_time_price.csv,holiday_name
real_time_price,xgb_only,flat,after_holiday_1d,0.0,27,feature_importance_real_time_price.csv,holiday_binary
real_time_price,xgb_only,flat,before_holiday_1d,0.0,28,feature_importance_real_time_price.csv,holiday_binary
real_time_price,xgb_only,flat,holiday_name_Labour Day,0.0,29,feature_importance_real_time_price.csv,holiday_name
real_time_price,xgb_only,flat,holiday_name_Mid-autumn Festival,0.0,30,feature_importance_real_time_price.csv,holiday_name
real_time_price,xgb_only,flat,holiday_name_National Day,0.0,31,feature_importance_real_time_price.csv,holiday_name
real_time_price,xgb_only,flat,is_weekend,0.0,32,feature_importance_real_time_price.csv,calendar_time
real_time_price,xgb_only,flat,is_workday,0.0,33,feature_importance_real_time_price.csv,holiday_binary
real_time_price,xgb_only,global,lag_1,0.4620695114135742,1,feature_importance_real_time_price.csv,lag
real_time_price,xgb_only,global,roll_mean_4,0.2532820701599121,2,feature_importance_real_time_price.csv,roll_mean
real_time_price,xgb_only,global,holiday_name_Dragon Boat Festival,0.055186204612255,3,feature_importance_real_time_price.csv,holiday_name
real_time_price,xgb_only,global,roll_mean_16,0.0299712531268596,4,feature_importance_real_time_price.csv,roll_mean
real_time_price,xgb_only,global,dayofweek,0.021005967631936,5,feature_importance_real_time_price.csv,calendar_time
real_time_price,xgb_only,global,lag_2,0.0174471549689769,6,feature_importance_real_time_price.csv,lag
real_time_price,xgb_only,global,lag_4,0.0149087952449917,7,feature_importance_real_time_price.csv,lag
real_time_price,xgb_only,global,lag_96,0.0140518732368946,8,feature_importance_real_time_price.csv,lag
real_time_price,xgb_only,global,diff_1,0.0132870711386203,9,feature_importance_real_time_price.csv,diff
real_time_price,xgb_only,global,slot96,0.0132581340149044,10,feature_importance_real_time_price.csv,calendar_time
real_time_price,xgb_only,global,diff_96,0.0118477810174226,11,feature_importance_real_time_price.csv,diff
real_time_price,xgb_only,global,minute,0.0100962501019239,12,feature_importance_real_time_price.csv,calendar_time
real_time_price,xgb_only,global,roll_mean_96,0.0100414333865046,13,feature_importance_real_time_price.csv,roll_mean
real_time_price,xgb_only,global,roll_mean_672,0.0095616821199655,14,feature_importance_real_time_price.csv,roll_mean
real_time_price,xgb_only,global,lag_672,0.0089582782238721,15,feature_importance_real_time_price.csv,lag
real_time_price,xgb_only,global,cos_slot96,0.0088835339993238,16,feature_importance_real_time_price.csv,calendar_time
real_time_price,xgb_only,global,sin_slot96,0.0088559007272124,17,feature_importance_real_time_price.csv,calendar_time
real_time_price,xgb_only,global,roll_std_96,0.0087946979328989,18,feature_importance_real_time_price.csv,roll_std
real_time_price,xgb_only,global,hour,0.0080994591116905,19,feature_importance_real_time_price.csv,calendar_time
real_time_price,xgb_only,global,lag_192,0.0079660005867481,20,feature_importance_real_time_price.csv,lag
real_time_price,xgb_only,global,holiday_name_Labour Day,0.0078706573694944,21,feature_importance_real_time_price.csv,holiday_name
real_time_price,xgb_only,global,holiday_name_New Year's Day,0.0045562372542917,22,feature_importance_real_time_price.csv,holiday_name
real_time_price,xgb_only,global,after_holiday_1d,0.0,23,feature_importance_real_time_price.csv,holiday_binary
real_time_price,xgb_only,global,before_holiday_1d,0.0,24,feature_importance_real_time_price.csv,holiday_binary
real_time_price,xgb_only,global,holiday_name_Mid-autumn Festival,0.0,25,feature_importance_real_time_price.csv,holiday_name
real_time_price,xgb_only,global,holiday_name_National Day,0.0,26,feature_importance_real_time_price.csv,holiday_name
real_time_price,xgb_only,global,holiday_name_None,0.0,27,feature_importance_real_time_price.csv,holiday_name
real_time_price,xgb_only,global,holiday_name_Spring Festival,0.0,28,feature_importance_real_time_price.csv,holiday_name
real_time_price,xgb_only,global,holiday_name_Tomb-sweeping Day,0.0,29,feature_importance_real_time_price.csv,holiday_name
real_time_price,xgb_only,global,is_holiday,0.0,30,feature_importance_real_time_price.csv,holiday_binary
real_time_price,xgb_only,global,is_makeup_workday,0.0,31,feature_importance_real_time_price.csv,holiday_binary
real_time_price,xgb_only,global,is_weekend,0.0,32,feature_importance_real_time_price.csv,calendar_time
real_time_price,xgb_only,global,is_workday,0.0,33,feature_importance_real_time_price.csv,holiday_binary
real_time_price,xgb_only,peak,holiday_name_Dragon Boat Festival,0.2716382145881653,1,feature_importance_real_time_price.csv,holiday_name
real_time_price,xgb_only,peak,lag_1,0.1848975867033004,2,feature_importance_real_time_price.csv,lag
real_time_price,xgb_only,peak,roll_mean_4,0.1519645005464553,3,feature_importance_real_time_price.csv,roll_mean
real_time_price,xgb_only,peak,roll_mean_16,0.0882359221577644,4,feature_importance_real_time_price.csv,roll_mean
real_time_price,xgb_only,peak,is_weekend,0.048975221812725,5,feature_importance_real_time_price.csv,calendar_time
real_time_price,xgb_only,peak,cos_slot96,0.0251387599855661,6,feature_importance_real_time_price.csv,calendar_time
real_time_price,xgb_only,peak,holiday_name_Labour Day,0.0178742501884698,7,feature_importance_real_time_price.csv,holiday_name
real_time_price,xgb_only,peak,roll_mean_672,0.0138712665066123,8,feature_importance_real_time_price.csv,roll_mean
real_time_price,xgb_only,peak,before_holiday_1d,0.0132207609713077,9,feature_importance_real_time_price.csv,holiday_binary
real_time_price,xgb_only,peak,holiday_name_Spring Festival,0.0131956469267606,10,feature_importance_real_time_price.csv,holiday_name
real_time_price,xgb_only,peak,minute,0.0116391405463218,11,feature_importance_real_time_price.csv,calendar_time
real_time_price,xgb_only,peak,lag_2,0.0109064355492591,12,feature_importance_real_time_price.csv,lag
real_time_price,xgb_only,peak,diff_96,0.0102999852970242,13,feature_importance_real_time_price.csv,diff
real_time_price,xgb_only,peak,slot96,0.0099394563585519,14,feature_importance_real_time_price.csv,calendar_time
real_time_price,xgb_only,peak,lag_192,0.0098525518551468,15,feature_importance_real_time_price.csv,lag
real_time_price,xgb_only,peak,diff_1,0.0096108689904212,16,feature_importance_real_time_price.csv,diff
real_time_price,xgb_only,peak,lag_96,0.0089773051440715,17,feature_importance_real_time_price.csv,lag
real_time_price,xgb_only,peak,hour,0.0089133800938725,18,feature_importance_real_time_price.csv,calendar_time
real_time_price,xgb_only,peak,roll_mean_96,0.0085656708106398,19,feature_importance_real_time_price.csv,roll_mean
real_time_price,xgb_only,peak,is_workday,0.0083816554397344,20,feature_importance_real_time_price.csv,holiday_binary
real_time_price,xgb_only,peak,lag_672,0.0081654898822307,21,feature_importance_real_time_price.csv,lag
real_time_price,xgb_only,peak,lag_4,0.0080071669071912,22,feature_importance_real_time_price.csv,lag
real_time_price,xgb_only,peak,sin_slot96,0.0077735474333167,23,feature_importance_real_time_price.csv,calendar_time
real_time_price,xgb_only,peak,roll_std_96,0.0073293023742735,24,feature_importance_real_time_price.csv,roll_std
real_time_price,xgb_only,peak,is_holiday,0.0070966505445539,25,feature_importance_real_time_price.csv,holiday_binary
real_time_price,xgb_only,peak,holiday_name_None,0.0069420803338289,26,feature_importance_real_time_price.csv,holiday_name
real_time_price,xgb_only,peak,dayofweek,0.00607106462121,27,feature_importance_real_time_price.csv,calendar_time
real_time_price,xgb_only,peak,is_makeup_workday,0.0060186651535332,28,feature_importance_real_time_price.csv,holiday_binary
real_time_price,xgb_only,peak,after_holiday_1d,0.0057864533737301,29,feature_importance_real_time_price.csv,holiday_binary
real_time_price,xgb_only,peak,holiday_name_National Day,0.0050990511663258,30,feature_importance_real_time_price.csv,holiday_name
real_time_price,xgb_only,peak,holiday_name_New Year's Day,0.0028604532126337,31,feature_importance_real_time_price.csv,holiday_name
real_time_price,xgb_only,peak,holiday_name_Tomb-sweeping Day,0.0027515131514519,32,feature_importance_real_time_price.csv,holiday_name
real_time_price,xgb_only,peak,holiday_name_Mid-autumn Festival,0.0,33,feature_importance_real_time_price.csv,holiday_name
real_time_price,xgb_only,valley,lag_1,0.2644489407539367,1,feature_importance_real_time_price.csv,lag
real_time_price,xgb_only,valley,roll_mean_4,0.2540897130966186,2,feature_importance_real_time_price.csv,roll_mean
real_time_price,xgb_only,valley,roll_mean_16,0.0585114620625972,3,feature_importance_real_time_price.csv,roll_mean
real_time_price,xgb_only,valley,roll_mean_96,0.0406022816896438,4,feature_importance_real_time_price.csv,roll_mean
real_time_price,xgb_only,valley,holiday_name_National Day,0.0370908714830875,5,feature_importance_real_time_price.csv,holiday_name
real_time_price,xgb_only,valley,is_workday,0.0348356515169143,6,feature_importance_real_time_price.csv,holiday_binary
real_time_price,xgb_only,valley,diff_96,0.0298970602452754,7,feature_importance_real_time_price.csv,diff
real_time_price,xgb_only,valley,lag_96,0.0297954119741916,8,feature_importance_real_time_price.csv,lag
real_time_price,xgb_only,valley,slot96,0.0290053635835647,9,feature_importance_real_time_price.csv,calendar_time
real_time_price,xgb_only,valley,minute,0.0195925738662481,10,feature_importance_real_time_price.csv,calendar_time
real_time_price,xgb_only,valley,lag_672,0.0169597547501325,11,feature_importance_real_time_price.csv,lag
real_time_price,xgb_only,valley,lag_192,0.0167068857699632,12,feature_importance_real_time_price.csv,lag
real_time_price,xgb_only,valley,lag_2,0.0165178626775741,13,feature_importance_real_time_price.csv,lag
real_time_price,xgb_only,valley,is_holiday,0.0163307879120111,14,feature_importance_real_time_price.csv,holiday_binary
real_time_price,xgb_only,valley,holiday_name_Dragon Boat Festival,0.0136937135830521,15,feature_importance_real_time_price.csv,holiday_name
real_time_price,xgb_only,valley,dayofweek,0.0136327808722853,16,feature_importance_real_time_price.csv,calendar_time
real_time_price,xgb_only,valley,roll_mean_672,0.0128885610029101,17,feature_importance_real_time_price.csv,roll_mean
real_time_price,xgb_only,valley,hour,0.0128857512027025,18,feature_importance_real_time_price.csv,calendar_time
real_time_price,xgb_only,valley,lag_4,0.0121764242649078,19,feature_importance_real_time_price.csv,lag
real_time_price,xgb_only,valley,diff_1,0.0113532692193984,20,feature_importance_real_time_price.csv,diff
real_time_price,xgb_only,valley,after_holiday_1d,0.0107129588723182,21,feature_importance_real_time_price.csv,holiday_binary
real_time_price,xgb_only,valley,holiday_name_Spring Festival,0.0103586064651608,22,feature_importance_real_time_price.csv,holiday_name
real_time_price,xgb_only,valley,holiday_name_None,0.008516039699316,23,feature_importance_real_time_price.csv,holiday_name
real_time_price,xgb_only,valley,before_holiday_1d,0.0074041504412889,24,feature_importance_real_time_price.csv,holiday_binary
real_time_price,xgb_only,valley,sin_slot96,0.0071909623220562,25,feature_importance_real_time_price.csv,calendar_time
real_time_price,xgb_only,valley,roll_std_96,0.0067692678421735,26,feature_importance_real_time_price.csv,roll_std
real_time_price,xgb_only,valley,holiday_name_Tomb-sweeping Day,0.0066608553752303,27,feature_importance_real_time_price.csv,holiday_name
real_time_price,xgb_only,valley,holiday_name_New Year's Day,0.0013720843708142,28,feature_importance_real_time_price.csv,holiday_name
real_time_price,xgb_only,valley,cos_slot96,0.0,29,feature_importance_real_time_price.csv,calendar_time
real_time_price,xgb_only,valley,holiday_name_Labour Day,0.0,30,feature_importance_real_time_price.csv,holiday_name
real_time_price,xgb_only,valley,holiday_name_Mid-autumn Festival,0.0,31,feature_importance_real_time_price.csv,holiday_name
real_time_price,xgb_only,valley,is_makeup_workday,0.0,32,feature_importance_real_time_price.csv,holiday_binary
real_time_price,xgb_only,valley,is_weekend,0.0,33,feature_importance_real_time_price.csv,calendar_time
real_time_price,xgb_oof_train,flat,lag_1,0.3940303331384292,1,feature_importance_real_time_price.csv,lag
real_time_price,xgb_oof_train,flat,roll_mean_4,0.2107814480908788,2,feature_importance_real_time_price.csv,roll_mean
real_time_price,xgb_oof_train,flat,roll_mean_16,0.0281929986085742,3,feature_importance_real_time_price.csv,roll_mean
real_time_price,xgb_oof_train,flat,sin_slot96,0.0245460090764726,4,feature_importance_real_time_price.csv,calendar_time
real_time_price,xgb_oof_train,flat,is_holiday,0.0244421555947225,5,feature_importance_real_time_price.csv,holiday_binary
real_time_price,xgb_oof_train,flat,cos_slot96,0.0234322314365552,6,feature_importance_real_time_price.csv,calendar_time
real_time_price,xgb_oof_train,flat,roll_mean_96,0.0217148416066685,7,feature_importance_real_time_price.csv,roll_mean
real_time_price,xgb_oof_train,flat,roll_std_96,0.0215507342050281,8,feature_importance_real_time_price.csv,roll_std
real_time_price,xgb_oof_train,flat,diff_1,0.0192683266941458,9,feature_importance_real_time_price.csv,diff
real_time_price,xgb_oof_train,flat,before_holiday_1d,0.0178507261768502,10,feature_importance_real_time_price.csv,holiday_binary
real_time_price,xgb_oof_train,flat,lag_2,0.0171421257993922,11,feature_importance_real_time_price.csv,lag
real_time_price,xgb_oof_train,flat,slot96,0.0165111651250089,12,feature_importance_real_time_price.csv,calendar_time
real_time_price,xgb_oof_train,flat,hour,0.0155141189372023,13,feature_importance_real_time_price.csv,calendar_time
real_time_price,xgb_oof_train,flat,roll_mean_672,0.0145288086675394,14,feature_importance_real_time_price.csv,roll_mean
real_time_price,xgb_oof_train,flat,dayofweek,0.0135734657792804,15,feature_importance_real_time_price.csv,calendar_time
real_time_price,xgb_oof_train,flat,lag_96,0.0134451819601683,16,feature_importance_real_time_price.csv,lag
real_time_price,xgb_oof_train,flat,lag_672,0.0133752841144227,17,feature_importance_real_time_price.csv,lag
real_time_price,xgb_oof_train,flat,is_workday,0.0128504909897366,18,feature_importance_real_time_price.csv,holiday_binary
real_time_price,xgb_oof_train,flat,lag_192,0.01266313639756,19,feature_importance_real_time_price.csv,lag
real_time_price,xgb_oof_train,flat,lag_4,0.012647940723512,20,feature_importance_real_time_price.csv,lag
real_time_price,xgb_oof_train,flat,diff_96,0.0126177981280936,21,feature_importance_real_time_price.csv,diff
real_time_price,xgb_oof_train,flat,holiday_name_New Year's Day,0.0107207810774875,22,feature_importance_real_time_price.csv,holiday_name
real_time_price,xgb_oof_train,flat,minute,0.0102870855390882,23,feature_importance_real_time_price.csv,calendar_time
real_time_price,xgb_oof_train,flat,holiday_name_Dragon Boat Festival,0.0098131248333419,24,feature_importance_real_time_price.csv,holiday_name
real_time_price,xgb_oof_train,flat,after_holiday_1d,0.0077716584603946,25,feature_importance_real_time_price.csv,holiday_binary
real_time_price,xgb_oof_train,flat,holiday_name_None,0.0062052080712209,26,feature_importance_real_time_price.csv,holiday_name
real_time_price,xgb_oof_train,flat,holiday_name_Spring Festival,0.0057596783970858,27,feature_importance_real_time_price.csv,holiday_name
real_time_price,xgb_oof_train,flat,is_makeup_workday,0.0048705298932663,28,feature_importance_real_time_price.csv,holiday_binary
real_time_price,xgb_oof_train,flat,is_weekend,0.0018815227175274,29,feature_importance_real_time_price.csv,calendar_time
real_time_price,xgb_oof_train,flat,holiday_name_Tomb-sweeping Day,0.0017942388129505,30,feature_importance_real_time_price.csv,holiday_name
real_time_price,xgb_oof_train,flat,holiday_name_Labour Day,0.0002096017124131,31,feature_importance_real_time_price.csv,holiday_name
real_time_price,xgb_oof_train,flat,holiday_name_National Day,7.244313914830295e-06,32,feature_importance_real_time_price.csv,holiday_name
real_time_price,xgb_oof_train,flat,holiday_name_Mid-autumn Festival,0.0,33,feature_importance_real_time_price.csv,holiday_name
real_time_price,xgb_oof_train,global,lag_1,0.4225132273366818,1,feature_importance_real_time_price.csv,lag
real_time_price,xgb_oof_train,global,roll_mean_4,0.2210406328623111,2,feature_importance_real_time_price.csv,roll_mean
real_time_price,xgb_oof_train,global,roll_mean_16,0.0452592379341905,3,feature_importance_real_time_price.csv,roll_mean
real_time_price,xgb_oof_train,global,holiday_name_Dragon Boat Festival,0.0277087831905541,4,feature_importance_real_time_price.csv,holiday_name
real_time_price,xgb_oof_train,global,lag_2,0.0167938023268316,5,feature_importance_real_time_price.csv,lag
real_time_price,xgb_oof_train,global,diff_1,0.0161671097067972,6,feature_importance_real_time_price.csv,diff
real_time_price,xgb_oof_train,global,is_holiday,0.0161236471612937,7,feature_importance_real_time_price.csv,holiday_binary
real_time_price,xgb_oof_train,global,slot96,0.0144699992826924,8,feature_importance_real_time_price.csv,calendar_time
real_time_price,xgb_oof_train,global,roll_mean_96,0.0143581227077027,9,feature_importance_real_time_price.csv,roll_mean
real_time_price,xgb_oof_train,global,roll_mean_672,0.0143391474938163,10,feature_importance_real_time_price.csv,roll_mean
real_time_price,xgb_oof_train,global,diff_96,0.0137880768340367,11,feature_importance_real_time_price.csv,diff
real_time_price,xgb_oof_train,global,lag_4,0.0136755847264654,12,feature_importance_real_time_price.csv,lag
real_time_price,xgb_oof_train,global,cos_slot96,0.0131741230770085,13,feature_importance_real_time_price.csv,calendar_time
real_time_price,xgb_oof_train,global,lag_96,0.0128368462722461,14,feature_importance_real_time_price.csv,lag
real_time_price,xgb_oof_train,global,hour,0.0125495028556682,15,feature_importance_real_time_price.csv,calendar_time
real_time_price,xgb_oof_train,global,dayofweek,0.0125323476207156,16,feature_importance_real_time_price.csv,calendar_time
real_time_price,xgb_oof_train,global,roll_std_96,0.0124931187333109,17,feature_importance_real_time_price.csv,roll_std
real_time_price,xgb_oof_train,global,sin_slot96,0.0118416848037248,18,feature_importance_real_time_price.csv,calendar_time
real_time_price,xgb_oof_train,global,lag_672,0.011650108338262,19,feature_importance_real_time_price.csv,lag
real_time_price,xgb_oof_train,global,lag_192,0.0104518604124538,20,feature_importance_real_time_price.csv,lag
real_time_price,xgb_oof_train,global,minute,0.0102040170100875,21,feature_importance_real_time_price.csv,calendar_time
real_time_price,xgb_oof_train,global,before_holiday_1d,0.0100832944668721,22,feature_importance_real_time_price.csv,holiday_binary
real_time_price,xgb_oof_train,global,holiday_name_None,0.0091889970398579,23,feature_importance_real_time_price.csv,holiday_name
real_time_price,xgb_oof_train,global,holiday_name_Labour Day,0.0066775234254936,24,feature_importance_real_time_price.csv,holiday_name
real_time_price,xgb_oof_train,global,after_holiday_1d,0.0065913446686373,25,feature_importance_real_time_price.csv,holiday_binary
real_time_price,xgb_oof_train,global,holiday_name_New Year's Day,0.0062028149035401,26,feature_importance_real_time_price.csv,holiday_name
real_time_price,xgb_oof_train,global,holiday_name_National Day,0.0041324483911291,27,feature_importance_real_time_price.csv,holiday_name
real_time_price,xgb_oof_train,global,is_workday,0.0039300734195141,28,feature_importance_real_time_price.csv,holiday_binary
real_time_price,xgb_oof_train,global,holiday_name_Spring Festival,0.0033352909108194,29,feature_importance_real_time_price.csv,holiday_name
real_time_price,xgb_oof_train,global,is_makeup_workday,0.0025880062860848,30,feature_importance_real_time_price.csv,holiday_binary
real_time_price,xgb_oof_train,global,holiday_name_Tomb-sweeping Day,0.0017972522249552,31,feature_importance_real_time_price.csv,holiday_name
real_time_price,xgb_oof_train,global,is_weekend,0.0015019695252144,32,feature_importance_real_time_price.csv,calendar_time
real_time_price,xgb_oof_train,global,holiday_name_Mid-autumn Festival,0.0,33,feature_importance_real_time_price.csv,holiday_name
real_time_price,xgb_oof_train,peak,lag_1,0.2082478684158279,1,feature_importance_real_time_price.csv,lag
real_time_price,xgb_oof_train,peak,holiday_name_Dragon Boat Festival,0.1678905313691267,2,feature_importance_real_time_price.csv,holiday_name
real_time_price,xgb_oof_train,peak,roll_mean_4,0.1381469291563217,3,feature_importance_real_time_price.csv,roll_mean
real_time_price,xgb_oof_train,peak,roll_mean_16,0.0991567332082642,4,feature_importance_real_time_price.csv,roll_mean
real_time_price,xgb_oof_train,peak,cos_slot96,0.0267943564551667,5,feature_importance_real_time_price.csv,calendar_time
real_time_price,xgb_oof_train,peak,roll_mean_672,0.0249011392633502,6,feature_importance_real_time_price.csv,roll_mean
real_time_price,xgb_oof_train,peak,lag_2,0.0234685775000028,7,feature_importance_real_time_price.csv,lag
real_time_price,xgb_oof_train,peak,holiday_name_Labour Day,0.0183656788789309,8,feature_importance_real_time_price.csv,holiday_name
real_time_price,xgb_oof_train,peak,diff_1,0.0180923308854779,9,feature_importance_real_time_price.csv,diff
real_time_price,xgb_oof_train,peak,slot96,0.0177085324047276,10,feature_importance_real_time_price.csv,calendar_time
real_time_price,xgb_oof_train,peak,diff_96,0.0166466183996257,11,feature_importance_real_time_price.csv,diff
real_time_price,xgb_oof_train,peak,lag_192,0.0154446405179512,12,feature_importance_real_time_price.csv,lag
real_time_price,xgb_oof_train,peak,lag_672,0.0154295867273154,13,feature_importance_real_time_price.csv,lag
real_time_price,xgb_oof_train,peak,lag_4,0.0149112826553531,14,feature_importance_real_time_price.csv,lag
real_time_price,xgb_oof_train,peak,roll_mean_96,0.0147738012377745,15,feature_importance_real_time_price.csv,roll_mean
real_time_price,xgb_oof_train,peak,hour,0.0145528511717342,16,feature_importance_real_time_price.csv,calendar_time
real_time_price,xgb_oof_train,peak,lag_96,0.0143067542499361,17,feature_importance_real_time_price.csv,lag
real_time_price,xgb_oof_train,peak,roll_std_96,0.0135793665674729,18,feature_importance_real_time_price.csv,roll_std
real_time_price,xgb_oof_train,peak,minute,0.0128111835085571,19,feature_importance_real_time_price.csv,calendar_time
real_time_price,xgb_oof_train,peak,holiday_name_Spring Festival,0.0125121413327108,20,feature_importance_real_time_price.csv,holiday_name
real_time_price,xgb_oof_train,peak,sin_slot96,0.0124484687022721,21,feature_importance_real_time_price.csv,calendar_time
real_time_price,xgb_oof_train,peak,is_makeup_workday,0.0120810897429831,22,feature_importance_real_time_price.csv,holiday_binary
real_time_price,xgb_oof_train,peak,dayofweek,0.0120737867591042,23,feature_importance_real_time_price.csv,calendar_time
real_time_price,xgb_oof_train,peak,after_holiday_1d,0.0115014250981263,24,feature_importance_real_time_price.csv,holiday_binary
real_time_price,xgb_oof_train,peak,is_holiday,0.0114653743579625,25,feature_importance_real_time_price.csv,holiday_binary
real_time_price,xgb_oof_train,peak,is_weekend,0.0114344739346191,26,feature_importance_real_time_price.csv,calendar_time
real_time_price,xgb_oof_train,peak,before_holiday_1d,0.0108999085720055,27,feature_importance_real_time_price.csv,holiday_binary
real_time_price,xgb_oof_train,peak,holiday_name_None,0.0091552221890127,28,feature_importance_real_time_price.csv,holiday_name
real_time_price,xgb_oof_train,peak,is_workday,0.0083336102062066,29,feature_importance_real_time_price.csv,holiday_binary
real_time_price,xgb_oof_train,peak,holiday_name_New Year's Day,0.0060794725073859,30,feature_importance_real_time_price.csv,holiday_name
real_time_price,xgb_oof_train,peak,holiday_name_Tomb-sweeping Day,0.0051424463678043,31,feature_importance_real_time_price.csv,holiday_name
real_time_price,xgb_oof_train,peak,holiday_name_National Day,0.0016026146835289,32,feature_importance_real_time_price.csv,holiday_name
real_time_price,xgb_oof_train,peak,holiday_name_Mid-autumn Festival,4.119848773161021e-05,33,feature_importance_real_time_price.csv,holiday_name
real_time_price,xgb_oof_train,valley,roll_mean_4,0.3665589787639104,1,feature_importance_real_time_price.csv,roll_mean
real_time_price,xgb_oof_train,valley,lag_1,0.1974238078468121,2,feature_importance_real_time_price.csv,lag
real_time_price,xgb_oof_train,valley,roll_mean_672,0.0543526522457026,3,feature_importance_real_time_price.csv,roll_mean
real_time_price,xgb_oof_train,valley,roll_mean_16,0.0349114094950402,4,feature_importance_real_time_price.csv,roll_mean
real_time_price,xgb_oof_train,valley,roll_mean_96,0.0314300877507776,5,feature_importance_real_time_price.csv,roll_mean
real_time_price,xgb_oof_train,valley,lag_96,0.0251170689813219,6,feature_importance_real_time_price.csv,lag
real_time_price,xgb_oof_train,valley,slot96,0.0223593105956052,7,feature_importance_real_time_price.csv,calendar_time
real_time_price,xgb_oof_train,valley,lag_2,0.0181543154176324,8,feature_importance_real_time_price.csv,lag
real_time_price,xgb_oof_train,valley,diff_96,0.0172341310132581,9,feature_importance_real_time_price.csv,diff
real_time_price,xgb_oof_train,valley,holiday_name_Spring Festival,0.0162449404955483,10,feature_importance_real_time_price.csv,holiday_name
real_time_price,xgb_oof_train,valley,minute,0.0162234149801616,11,feature_importance_real_time_price.csv,calendar_time
real_time_price,xgb_oof_train,valley,lag_672,0.0159222252505759,12,feature_importance_real_time_price.csv,lag
real_time_price,xgb_oof_train,valley,lag_192,0.0152599814150912,13,feature_importance_real_time_price.csv,lag
real_time_price,xgb_oof_train,valley,diff_1,0.0150755111199732,14,feature_importance_real_time_price.csv,diff
real_time_price,xgb_oof_train,valley,hour,0.0144465689350349,15,feature_importance_real_time_price.csv,calendar_time
real_time_price,xgb_oof_train,valley,holiday_name_None,0.0137148907927509,16,feature_importance_real_time_price.csv,holiday_name
real_time_price,xgb_oof_train,valley,dayofweek,0.0134813642317357,17,feature_importance_real_time_price.csv,calendar_time
real_time_price,xgb_oof_train,valley,roll_std_96,0.0128855576935725,18,feature_importance_real_time_price.csv,roll_std
real_time_price,xgb_oof_train,valley,sin_slot96,0.0127025006267313,19,feature_importance_real_time_price.csv,calendar_time
real_time_price,xgb_oof_train,valley,is_holiday,0.0121867809939431,20,feature_importance_real_time_price.csv,holiday_binary
real_time_price,xgb_oof_train,valley,holiday_name_National Day,0.0120976121666339,21,feature_importance_real_time_price.csv,holiday_name
real_time_price,xgb_oof_train,valley,cos_slot96,0.0118792842661675,22,feature_importance_real_time_price.csv,calendar_time
real_time_price,xgb_oof_train,valley,lag_4,0.0114478335106888,23,feature_importance_real_time_price.csv,lag
real_time_price,xgb_oof_train,valley,after_holiday_1d,0.0105966582195833,24,feature_importance_real_time_price.csv,holiday_binary
real_time_price,xgb_oof_train,valley,before_holiday_1d,0.0070067205278274,25,feature_importance_real_time_price.csv,holiday_binary
real_time_price,xgb_oof_train,valley,holiday_name_Tomb-sweeping Day,0.0064545158126678,26,feature_importance_real_time_price.csv,holiday_name
real_time_price,xgb_oof_train,valley,holiday_name_Dragon Boat Festival,0.0055378175457008,27,feature_importance_real_time_price.csv,holiday_name
real_time_price,xgb_oof_train,valley,is_workday,0.0051175789110577,28,feature_importance_real_time_price.csv,holiday_binary
real_time_price,xgb_oof_train,valley,is_makeup_workday,0.0021297555470552,29,feature_importance_real_time_price.csv,holiday_binary
real_time_price,xgb_oof_train,valley,is_weekend,0.0007946510701843,30,feature_importance_real_time_price.csv,calendar_time
real_time_price,xgb_oof_train,valley,holiday_name_New Year's Day,0.0007527300711864,31,feature_importance_real_time_price.csv,holiday_name
real_time_price,xgb_oof_train,valley,holiday_name_Labour Day,0.0004993480128737,32,feature_importance_real_time_price.csv,holiday_name
real_time_price,xgb_oof_train,valley,holiday_name_Mid-autumn Festival,0.0,33,feature_importance_real_time_price.csv,holiday_name
spread_day_ahead_price,chronos_xgb_residual_spread_xgb_part,all,is_holiday,0.127185121178627,1,feature_importance_spread_day_ahead_price.csv,holiday_binary
spread_day_ahead_price,chronos_xgb_residual_spread_xgb_part,all,is_workday,0.1045011803507804,2,feature_importance_spread_day_ahead_price.csv,holiday_binary
spread_day_ahead_price,chronos_xgb_residual_spread_xgb_part,all,dayofweek,0.0819535925984382,3,feature_importance_spread_day_ahead_price.csv,calendar_time
spread_day_ahead_price,chronos_xgb_residual_spread_xgb_part,all,roll_mean_7,0.0724498033523559,4,feature_importance_spread_day_ahead_price.csv,roll_mean
spread_day_ahead_price,chronos_xgb_residual_spread_xgb_part,all,roll_mean_14,0.0705319121479988,5,feature_importance_spread_day_ahead_price.csv,roll_mean
spread_day_ahead_price,chronos_xgb_residual_spread_xgb_part,all,after_holiday_1d,0.0698874071240425,6,feature_importance_spread_day_ahead_price.csv,holiday_binary
spread_day_ahead_price,chronos_xgb_residual_spread_xgb_part,all,month,0.0681553557515144,7,feature_importance_spread_day_ahead_price.csv,calendar_time
spread_day_ahead_price,chronos_xgb_residual_spread_xgb_part,all,diff_7,0.0666076466441154,8,feature_importance_spread_day_ahead_price.csv,diff
spread_day_ahead_price,chronos_xgb_residual_spread_xgb_part,all,lag_14,0.0610103271901607,9,feature_importance_spread_day_ahead_price.csv,lag
spread_day_ahead_price,chronos_xgb_residual_spread_xgb_part,all,roll_std_7,0.0590539649128913,10,feature_importance_spread_day_ahead_price.csv,roll_std
spread_day_ahead_price,chronos_xgb_residual_spread_xgb_part,all,roll_mean_3,0.0563758835196495,11,feature_importance_spread_day_ahead_price.csv,roll_mean
spread_day_ahead_price,chronos_xgb_residual_spread_xgb_part,all,lag_28,0.0458212345838546,12,feature_importance_spread_day_ahead_price.csv,lag
spread_day_ahead_price,chronos_xgb_residual_spread_xgb_part,all,before_holiday_1d,0.0410245172679424,13,feature_importance_spread_day_ahead_price.csv,holiday_binary
spread_day_ahead_price,chronos_xgb_residual_spread_xgb_part,all,lag_7,0.0389254167675972,14,feature_importance_spread_day_ahead_price.csv,lag
spread_day_ahead_price,chronos_xgb_residual_spread_xgb_part,all,lag_1,0.0365166440606117,15,feature_importance_spread_day_ahead_price.csv,lag
spread_day_ahead_price,chronos_xgb_residual_spread_xgb_part,all,diff_1,0.0,16,feature_importance_spread_day_ahead_price.csv,diff
spread_day_ahead_price,chronos_xgb_residual_spread_xgb_part,all,is_makeup_workday,0.0,17,feature_importance_spread_day_ahead_price.csv,holiday_binary
spread_day_ahead_price,chronos_xgb_residual_spread_xgb_part,all,is_weekend,0.0,18,feature_importance_spread_day_ahead_price.csv,calendar_time
spread_day_ahead_price,xgb_only_spread,all,is_holiday,0.4093892574310303,1,feature_importance_spread_day_ahead_price.csv,holiday_binary
spread_day_ahead_price,xgb_only_spread,all,is_workday,0.3151217997074127,2,feature_importance_spread_day_ahead_price.csv,holiday_binary
spread_day_ahead_price,xgb_only_spread,all,diff_7,0.0348883271217346,3,feature_importance_spread_day_ahead_price.csv,diff
spread_day_ahead_price,xgb_only_spread,all,roll_mean_7,0.0314990580081939,4,feature_importance_spread_day_ahead_price.csv,roll_mean
spread_day_ahead_price,xgb_only_spread,all,roll_mean_14,0.0268997345119714,5,feature_importance_spread_day_ahead_price.csv,roll_mean
spread_day_ahead_price,xgb_only_spread,all,lag_1,0.0267498549073934,6,feature_importance_spread_day_ahead_price.csv,lag
spread_day_ahead_price,xgb_only_spread,all,after_holiday_1d,0.0202753115445375,7,feature_importance_spread_day_ahead_price.csv,holiday_binary
spread_day_ahead_price,xgb_only_spread,all,dayofweek,0.0182479191571474,8,feature_importance_spread_day_ahead_price.csv,calendar_time
spread_day_ahead_price,xgb_only_spread,all,lag_14,0.0180298462510108,9,feature_importance_spread_day_ahead_price.csv,lag
spread_day_ahead_price,xgb_only_spread,all,before_holiday_1d,0.0179988965392112,10,feature_importance_spread_day_ahead_price.csv,holiday_binary
spread_day_ahead_price,xgb_only_spread,all,roll_mean_3,0.0178164932876825,11,feature_importance_spread_day_ahead_price.csv,roll_mean
spread_day_ahead_price,xgb_only_spread,all,lag_7,0.0176024716347455,12,feature_importance_spread_day_ahead_price.csv,lag
spread_day_ahead_price,xgb_only_spread,all,roll_std_7,0.016150003299117,13,feature_importance_spread_day_ahead_price.csv,roll_std
spread_day_ahead_price,xgb_only_spread,all,lag_28,0.0147255584597587,14,feature_importance_spread_day_ahead_price.csv,lag
spread_day_ahead_price,xgb_only_spread,all,month,0.0146054876968264,15,feature_importance_spread_day_ahead_price.csv,calendar_time
spread_day_ahead_price,xgb_only_spread,all,diff_1,0.0,16,feature_importance_spread_day_ahead_price.csv,diff
spread_day_ahead_price,xgb_only_spread,all,is_makeup_workday,0.0,17,feature_importance_spread_day_ahead_price.csv,holiday_binary
spread_day_ahead_price,xgb_only_spread,all,is_weekend,0.0,18,feature_importance_spread_day_ahead_price.csv,calendar_time
spread_day_ahead_price,xgb_oof_train_spread,all,is_holiday,0.2369494652285159,1,feature_importance_spread_day_ahead_price.csv,holiday_binary
spread_day_ahead_price,xgb_oof_train_spread,all,is_workday,0.1197446380488719,2,feature_importance_spread_day_ahead_price.csv,holiday_binary
spread_day_ahead_price,xgb_oof_train_spread,all,month,0.0643932771263192,3,feature_importance_spread_day_ahead_price.csv,calendar_time
spread_day_ahead_price,xgb_oof_train_spread,all,diff_7,0.0571411192344809,4,feature_importance_spread_day_ahead_price.csv,diff
spread_day_ahead_price,xgb_oof_train_spread,all,roll_mean_14,0.056733015942776,5,feature_importance_spread_day_ahead_price.csv,roll_mean
spread_day_ahead_price,xgb_oof_train_spread,all,dayofweek,0.0553710360658689,6,feature_importance_spread_day_ahead_price.csv,calendar_time
spread_day_ahead_price,xgb_oof_train_spread,all,roll_mean_7,0.054120220714113,7,feature_importance_spread_day_ahead_price.csv,roll_mean
spread_day_ahead_price,xgb_oof_train_spread,all,roll_mean_3,0.0519302416122654,8,feature_importance_spread_day_ahead_price.csv,roll_mean
spread_day_ahead_price,xgb_oof_train_spread,all,roll_std_7,0.0489429645782824,9,feature_importance_spread_day_ahead_price.csv,roll_std
spread_day_ahead_price,xgb_oof_train_spread,all,before_holiday_1d,0.048228805719703,10,feature_importance_spread_day_ahead_price.csv,holiday_binary
spread_day_ahead_price,xgb_oof_train_spread,all,lag_1,0.047272126271742,11,feature_importance_spread_day_ahead_price.csv,lag
spread_day_ahead_price,xgb_oof_train_spread,all,lag_14,0.0460203657451185,12,feature_importance_spread_day_ahead_price.csv,lag
spread_day_ahead_price,xgb_oof_train_spread,all,after_holiday_1d,0.0425540924397776,13,feature_importance_spread_day_ahead_price.csv,holiday_binary
spread_day_ahead_price,xgb_oof_train_spread,all,lag_28,0.0369782116698119,14,feature_importance_spread_day_ahead_price.csv,lag
spread_day_ahead_price,xgb_oof_train_spread,all,lag_7,0.0272771747041385,15,feature_importance_spread_day_ahead_price.csv,lag
spread_day_ahead_price,xgb_oof_train_spread,all,is_weekend,0.0063432384173846,16,feature_importance_spread_day_ahead_price.csv,calendar_time
spread_day_ahead_price,xgb_oof_train_spread,all,diff_1,0.0,17,feature_importance_spread_day_ahead_price.csv,diff
spread_day_ahead_price,xgb_oof_train_spread,all,is_makeup_workday,0.0,18,feature_importance_spread_day_ahead_price.csv,holiday_binary
spread_real_time_price,chronos_xgb_residual_spread_xgb_part,all,after_holiday_1d,0.0919252187013626,1,feature_importance_spread_real_time_price.csv,holiday_binary
spread_real_time_price,chronos_xgb_residual_spread_xgb_part,all,roll_mean_14,0.0901914536952972,2,feature_importance_spread_real_time_price.csv,roll_mean
spread_real_time_price,chronos_xgb_residual_spread_xgb_part,all,roll_std_7,0.084969088435173,3,feature_importance_spread_real_time_price.csv,roll_std
spread_real_time_price,chronos_xgb_residual_spread_xgb_part,all,is_holiday,0.0841391384601593,4,feature_importance_spread_real_time_price.csv,holiday_binary
spread_real_time_price,chronos_xgb_residual_spread_xgb_part,all,diff_7,0.0831239074468612,5,feature_importance_spread_real_time_price.csv,diff
spread_real_time_price,chronos_xgb_residual_spread_xgb_part,all,roll_mean_7,0.0822485834360122,6,feature_importance_spread_real_time_price.csv,roll_mean
spread_real_time_price,chronos_xgb_residual_spread_xgb_part,all,roll_mean_3,0.07589703053236,7,feature_importance_spread_real_time_price.csv,roll_mean
spread_real_time_price,chronos_xgb_residual_spread_xgb_part,all,dayofweek,0.0741518586874008,8,feature_importance_spread_real_time_price.csv,calendar_time
spread_real_time_price,chronos_xgb_residual_spread_xgb_part,all,lag_1,0.0721626654267311,9,feature_importance_spread_real_time_price.csv,lag
spread_real_time_price,chronos_xgb_residual_spread_xgb_part,all,lag_14,0.0687091946601867,10,feature_importance_spread_real_time_price.csv,lag
spread_real_time_price,chronos_xgb_residual_spread_xgb_part,all,lag_28,0.0609162710607051,11,feature_importance_spread_real_time_price.csv,lag
spread_real_time_price,chronos_xgb_residual_spread_xgb_part,all,lag_7,0.0571232475340366,12,feature_importance_spread_real_time_price.csv,lag
spread_real_time_price,chronos_xgb_residual_spread_xgb_part,all,month,0.0470236428081989,13,feature_importance_spread_real_time_price.csv,calendar_time
spread_real_time_price,chronos_xgb_residual_spread_xgb_part,all,is_workday,0.0274186860769987,14,feature_importance_spread_real_time_price.csv,holiday_binary
spread_real_time_price,chronos_xgb_residual_spread_xgb_part,all,before_holiday_1d,0.0,15,feature_importance_spread_real_time_price.csv,holiday_binary
spread_real_time_price,chronos_xgb_residual_spread_xgb_part,all,diff_1,0.0,16,feature_importance_spread_real_time_price.csv,diff
spread_real_time_price,chronos_xgb_residual_spread_xgb_part,all,is_makeup_workday,0.0,17,feature_importance_spread_real_time_price.csv,holiday_binary
spread_real_time_price,chronos_xgb_residual_spread_xgb_part,all,is_weekend,0.0,18,feature_importance_spread_real_time_price.csv,calendar_time
spread_real_time_price,xgb_only_spread,all,roll_mean_3,0.145902082324028,1,feature_importance_spread_real_time_price.csv,roll_mean
spread_real_time_price,xgb_only_spread,all,roll_mean_14,0.1007301062345504,2,feature_importance_spread_real_time_price.csv,roll_mean
spread_real_time_price,xgb_only_spread,all,lag_28,0.0931190773844719,3,feature_importance_spread_real_time_price.csv,lag
spread_real_time_price,xgb_only_spread,all,after_holiday_1d,0.0818371400237083,4,feature_importance_spread_real_time_price.csv,holiday_binary
spread_real_time_price,xgb_only_spread,all,is_holiday,0.0769230648875236,5,feature_importance_spread_real_time_price.csv,holiday_binary
spread_real_time_price,xgb_only_spread,all,month,0.0692986920475959,6,feature_importance_spread_real_time_price.csv,calendar_time
spread_real_time_price,xgb_only_spread,all,roll_std_7,0.0680564194917678,7,feature_importance_spread_real_time_price.csv,roll_std
spread_real_time_price,xgb_only_spread,all,dayofweek,0.0656809657812118,8,feature_importance_spread_real_time_price.csv,calendar_time
spread_real_time_price,xgb_only_spread,all,roll_mean_7,0.0553712509572505,9,feature_importance_spread_real_time_price.csv,roll_mean
spread_real_time_price,xgb_only_spread,all,lag_14,0.0532620400190353,10,feature_importance_spread_real_time_price.csv,lag
spread_real_time_price,xgb_only_spread,all,lag_1,0.0524475201964378,11,feature_importance_spread_real_time_price.csv,lag
spread_real_time_price,xgb_only_spread,all,diff_7,0.0402436777949333,12,feature_importance_spread_real_time_price.csv,diff
spread_real_time_price,xgb_only_spread,all,is_workday,0.0393975190818309,13,feature_importance_spread_real_time_price.csv,holiday_binary
spread_real_time_price,xgb_only_spread,all,lag_7,0.0351842977106571,14,feature_importance_spread_real_time_price.csv,lag
spread_real_time_price,xgb_only_spread,all,before_holiday_1d,0.0225461255759,15,feature_importance_spread_real_time_price.csv,holiday_binary
spread_real_time_price,xgb_only_spread,all,diff_1,0.0,16,feature_importance_spread_real_time_price.csv,diff
spread_real_time_price,xgb_only_spread,all,is_makeup_workday,0.0,17,feature_importance_spread_real_time_price.csv,holiday_binary
spread_real_time_price,xgb_only_spread,all,is_weekend,0.0,18,feature_importance_spread_real_time_price.csv,calendar_time
spread_real_time_price,xgb_oof_train_spread,all,roll_mean_3,0.1372686312204659,1,feature_importance_spread_real_time_price.csv,roll_mean
spread_real_time_price,xgb_oof_train_spread,all,roll_mean_14,0.0999101699151174,2,feature_importance_spread_real_time_price.csv,roll_mean
spread_real_time_price,xgb_oof_train_spread,all,lag_28,0.0954448031355636,3,feature_importance_spread_real_time_price.csv,lag
spread_real_time_price,xgb_oof_train_spread,all,month,0.0780960319168639,4,feature_importance_spread_real_time_price.csv,calendar_time
spread_real_time_price,xgb_oof_train_spread,all,roll_std_7,0.0767355011117578,5,feature_importance_spread_real_time_price.csv,roll_std
spread_real_time_price,xgb_oof_train_spread,all,diff_7,0.0764165064790333,6,feature_importance_spread_real_time_price.csv,diff
spread_real_time_price,xgb_oof_train_spread,all,after_holiday_1d,0.0634382950951053,7,feature_importance_spread_real_time_price.csv,holiday_binary
spread_real_time_price,xgb_oof_train_spread,all,dayofweek,0.0573635169427202,8,feature_importance_spread_real_time_price.csv,calendar_time
spread_real_time_price,xgb_oof_train_spread,all,lag_14,0.050685211903218,9,feature_importance_spread_real_time_price.csv,lag
spread_real_time_price,xgb_oof_train_spread,all,roll_mean_7,0.048454596181259,10,feature_importance_spread_real_time_price.csv,roll_mean
spread_real_time_price,xgb_oof_train_spread,all,before_holiday_1d,0.0445898841464459,11,feature_importance_spread_real_time_price.csv,holiday_binary
spread_real_time_price,xgb_oof_train_spread,all,is_holiday,0.0444764961686098,12,feature_importance_spread_real_time_price.csv,holiday_binary
spread_real_time_price,xgb_oof_train_spread,all,lag_1,0.0429139889475673,13,feature_importance_spread_real_time_price.csv,lag
spread_real_time_price,xgb_oof_train_spread,all,lag_7,0.0405388153111091,14,feature_importance_spread_real_time_price.csv,lag
spread_real_time_price,xgb_oof_train_spread,all,is_weekend,0.0164513597382477,15,feature_importance_spread_real_time_price.csv,calendar_time
spread_real_time_price,xgb_oof_train_spread,all,is_makeup_workday,0.0143029878311084,16,feature_importance_spread_real_time_price.csv,holiday_binary
spread_real_time_price,xgb_oof_train_spread,all,is_workday,0.0129131984831106,17,feature_importance_spread_real_time_price.csv,holiday_binary
spread_real_time_price,xgb_oof_train_spread,all,diff_1,0.0,18,feature_importance_spread_real_time_price.csv,diff
