日期,时间,负荷预测D-1,负荷实际值,外送预测D-1,外送实际值,风电预测D-1,风电实际值,光伏预测D-1,光伏实际值,开机容量,负荷率D-1,负荷率D,实时电价,日前电价
2025/6/1,00:15,27267.1,26951.57,4623,4714.112,5259.15,4022.008,0.05,4.028,38315,69.51%,72.14%,351,340
2025/6/1,00:30,27105.7,26762.04,4617,4878.497,5155.84,4129.472,0.1,4.013,38315,69.34%,71.79%,351,330
2025/6/1,00:45,26803.2,26942.09,4613,4406.741,5072.85,4175.291,0.15,4.011,38315,68.75%,70.91%,351,318
2025/6/1,01:00,26541.1,26624.38,4609,4579.633,4967.81,4034.872,0.2,4.012,38315,68.33%,70.90%,350,310
2025/6/1,01:15,26339.4,26435.13,4605,5165.295,4858.31,3930.497,0.25,4.016,38315,68.08%,72.21%,351,323
2025/6/1,01:30,26178.1,26117.63,4603,5120.233,4745.3,3760.588,0.29,3.786,38315,67.95%,71.70%,351,310
2025/6/1,01:45,26036.9,25919.73,4605,5034.212,4629.12,3621.485,0.34,3.741,38315,67.89%,71.33%,350,310
2025/6/1,02:00,25895.8,25555.08,4603,5179.49,4508.67,3382.592,0.39,3.744,38315,67.83%,71.38%,350,313
2025/6/1,02:15,25714.3,25500.4,4605,4864.34,4392.49,3407.04,0.44,3.761,38315,67.67%,70.35%,351,310
2025/6/1,02:30,25673.9,25357.06,4605,4972.434,4280.95,3445.657,0.48,3.763,38315,67.85%,70.16%,351,300
2025/6/1,02:45,25573.1,25228.64,4605,4845.639,4166.08,3465.194,0.53,3.751,38315,67.89%,69.44%,348,310
2025/6/1,03:00,25512.6,25234.7,4605,4752.61,4051.66,3478.711,0.58,3.764,38315,68.03%,69.18%,350,310
2025/6/1,03:15,25331.1,25197.6,4605,4758.694,3943.45,3400.889,0.62,3.772,38315,67.84%,69.30%,339.4,319
2025/6/1,03:30,25230.3,25060.49,4604,4897.982,3844.49,3277.698,0.67,3.77,38315,67.83%,69.63%,335,306
2025/6/1,03:45,25169.8,25063.46,4604,4889.021,3744.39,3118.818,0.71,3.769,38315,67.93%,70.02%,334,330
2025/6/1,04:00,25129.5,24813.07,4604,4992.807,3651.73,3095.705,0.76,3.778,38315,68.07%,69.70%,330,310
2025/6/1,04:15,25109.3,24761.87,4604,4696.66,3576.88,3093.088,0.79,3.811,38315,68.21%,68.80%,350,350
2025/6/1,04:30,25089.1,24716.52,4602,4691.506,3504.09,2982.363,0.84,3.825,38315,68.34%,68.96%,336,323
2025/6/1,04:45,25089.1,24743.9,4604,4716.074,3437.12,2871.534,0.93,3.842,38315,68.52%,69.38%,335,330
2025/6/1,05:00,25089.1,24668.36,4603,4727.891,3358.35,2644.052,2.61,3.776,38315,68.72%,69.81%,351,330
2025/6/1,05:15,25129.5,25037.37,4618,4793.765,3292.19,2549.697,23.4,6.175,38315,68.99%,71.19%,351,348
2025/6/1,05:30,25290.8,25098.94,4618,4656.465,3226.78,2567.632,72.73,82.421,38315,69.45%,70.74%,350,351
2025/6/1,05:45,25593.3,25440.66,4618,4775.257,3171.76,2546.589,176.55,308.631,38315,70.11%,71.41%,351,351
2025/6/1,06:00,25815.1,25683.27,4618,4536.063,3120.67,2435.261,356.94,525.987,38315,70.35%,71.14%,351,351
2025/6/1,06:15,25996.6,25750.82,4622,4642.894,3067.81,2293.792,609.19,805.84,38315,70.32%,71.24%,351,351
2025/6/1,06:30,25996.6,25781.54,4761,4802.84,3019.7,2248.621,916.1,1113.469,38315,70.00%,71.05%,351,351
2025/6/1,06:45,25956.3,25771.07,4904,4853.265,2972.08,2218.281,1254.13,1439.697,38315,69.51%,70.38%,340,351
2025/6/1,07:00,25936.1,25701.67,5044,4993.625,2960.7,2345.161,1635.34,1827.346,38315,68.86%,69.22%,330,350
2025/6/1,07:15,25950.6,25501.38,5258,5147.139,3086.64,2469.132,2042.02,2164.744,38315,68.07%,67.90%,330,330
2025/6/1,07:30,25950.6,25731.22,5737,5592.968,3068.99,2512.558,2511.53,2568.082,38315,68.14%,68.49%,326,350
2025/6/1,07:45,25587.9,25188.47,6266,6548.956,3069.42,2532.583,3011.93,2878.8,38315,67.26%,68.71%,313,326
2025/6/1,08:00,25395.9,25434.21,6778,6793.213,3022.61,2502.823,3491.3,3150.159,38315,66.97%,69.36%,350,345
2025/6/1,08:15,25054.5,25618.25,7341,7481.503,2989.29,2385.01,3979.86,3584.332,38315,66.36%,70.81%,350,330
2025/6/1,08:30,24755.8,26112.62,7583,7722.564,2961.97,2297.456,4488.58,4055.017,38315,64.96%,71.73%,351,320
2025/6/1,08:45,24649.2,26253.03,7828,8019.813,2940.21,2355.082,4973.43,4144.486,38315,64.11%,72.49%,351,310
2025/6/1,09:00,24563.8,26164.2,8071,8441.69,2893.5,2158.566,5454.19,4271.356,38315,63.39%,73.54%,351,300
2025/6/1,09:15,24521.2,26366.96,8284,8427.279,2829.17,2191.048,5909.65,4579.125,38315,62.81%,73.14%,351,295
2025/6/1,09:30,24393.2,26433.7,8284,8531.584,2806.11,2127.242,6325.97,4697.616,38315,61.45%,73.44%,351,295
2025/6/1,09:45,24265.2,26746.48,8284,8277.253,2785.74,2011.024,6642.85,4688.598,38315,60.34%,73.92%,351,290
2025/6/1,10:00,24265.2,26658.71,8284,8473.754,2753.35,1975.936,6936.53,4950.287,38315,59.66%,73.62%,351,293
2025/6/1,10:15,24371.8,26929.7,8287,8390.643,2737.95,1868.828,7152.6,5176.715,38315,59.42%,73.80%,381,290
2025/6/1,10:30,24542.5,26591.83,8094,8271.044,2730.67,1850.962,7329.45,5467.524,38315,58.92%,71.89%,351,286
2025/6/1,10:45,24755.8,26481.25,7908,8141.812,2722.2,1798.65,7432.81,6095.461,38315,58.75%,69.76%,351,276
2025/6/1,11:00,25097.2,26525.96,7721,7461.474,2694.83,1801.77,7537.99,6640.199,38315,58.95%,66.67%,351,278
2025/6/1,11:15,25438.5,27633.75,7479,7576.451,2678,1855.709,7633.66,7021.767,38315,59.00%,68.73%,351,285
2025/6/1,11:30,25566.5,27502.85,7328,7416.347,2657.18,1889.944,7718.16,7487.605,38315,58.77%,66.66%,350,280
2025/6/1,11:45,25609.2,27161.95,7177,7218.825,2645.77,1932.774,7708.34,7594.195,38315,58.55%,64.87%,310,278
2025/6/1,12:00,25545.2,26954.67,7025,6868.451,2630.52,1955.284,7717.52,7518.333,38315,58.00%,63.55%,295,278
2025/6/1,12:15,25353.2,26432.07,6912,7139.449,2614.45,1976.717,7709.54,7443.825,38315,57.27%,63.03%,300,281
2025/6/1,12:30,25118.5,26288.11,7098,6981.828,2608.12,1860.684,7670.97,7429.202,38315,57.26%,62.59%,310,270
2025/6/1,12:45,24819.8,25541.42,7285,7338.817,2603.71,1782.575,7578.52,7248.502,38315,57.22%,62.24%,291,280
2025/6/1,13:00,24734.5,25723.88,7471,7211.573,2596.45,1633.671,7499.36,7110.579,38315,57.71%,63.14%,293,276.85
2025/6/1,13:15,24734.5,25333.57,7662,7842.999,2596.48,1513.539,7354.17,7232.842,38315,58.58%,63.76%,330,276.85
2025/6/1,13:30,24841.2,24939.13,7660,7547.757,2603.4,1551.33,7196.75,7485.468,38315,59.25%,61.20%,334,282
2025/6/1,13:45,25118.5,24582.3,7660,7687.945,2608.28,1667.633,7050.76,7558.875,38315,60.34%,60.14%,310,293
2025/6/1,14:00,25331.9,24739.37,7660,7638.828,2617.35,1948.757,6873.57,7845.804,38315,61.34%,58.94%,300,295
2025/6/1,14:15,25609.2,24800.76,7668,7712.763,2642.13,2106.524,6608.74,7966.013,38315,62.71%,58.57%,295,305
2025/6/1,14:30,25886.5,24908.43,7664,7834.117,2675.78,2306.284,6329.25,7624.187,38315,64.06%,59.54%,290,295
2025/6/1,14:45,26142.6,24907.24,7664,7801.59,2707.9,2295.779,6014.77,7146.741,38315,65.47%,60.72%,290,313
2025/6/1,15:00,26398.6,25080.52,7664,7807.888,2758.79,2155.784,5744.86,6949.387,38315,66.71%,62.07%,290,312
2025/6/1,15:15,26718.6,25260.59,7674,7844.238,2799.6,2369.946,5472.59,6853.551,38315,68.17%,62.33%,310,350
2025/6/1,15:30,26974.6,25334.88,7594,7605.791,2837.79,2653.214,5173.76,6526.987,38315,69.31%,62.01%,310,350
2025/6/1,15:45,27251.9,25544.95,7516,7457.379,2892.69,3012.885,4865.72,6138.64,38315,70.49%,62.25%,310,351
2025/6/1,16:00,27507.9,25494.33,7437,7481.653,2955.27,3342.524,4525.74,5753.219,38315,71.68%,62.33%,323,351
2025/6/1,16:15,27763.9,25950.33,7342,7397.16,2997.33,3627.687,4215.99,5302.69,38315,72.80%,63.73%,310,370
2025/6/1,16:30,28083.9,26121.51,6926,7053.072,3028.77,3723.041,3902.84,4835.19,38315,73.28%,64.25%,309,635
2025/6/1,16:45,28318.6,26383.18,6540,6835.336,3051.15,3664.521,3567.35,4369.217,38315,73.71%,65.73%,310,398.9
2025/6/1,17:00,28574.6,26613.93,6139,6378.953,3071.63,3721.166,3199.26,4196.994,38315,74.23%,65.44%,293,398.4
2025/6/1,17:15,28766.6,26859.99,5823,6126.044,3009.28,3680.507,2838,3954.554,38315,75.02%,66.16%,295,400
2025/6/1,17:30,29022.6,27482.75,5920,6192.985,2787.6,3679.2,2441.05,3289.754,38315,77.55%,69.70%,351,635
2025/6/1,17:45,29150.7,27844.01,6025,6031.615,2763.27,3623.971,2060.52,2774.921,38315,79.22%,71.71%,351,1025
2025/6/1,18:00,29278.7,28032.49,6128,6309.662,2747.79,3766.599,1704.74,2185.231,38315,80.79%,74.10%,351,727
2025/6/1,18:15,29492,28367.35,6186,6159.607,2736.71,4242.8,1336.23,1744.478,38315,82.49%,74.49%,500,1026
2025/6/1,18:30,29598.7,28580.3,6184,6320.586,2724.61,4650.411,1016.74,1311.391,38315,83.63%,75.53%,635,1025
2025/6/1,18:45,29726.7,28767.43,6185,6186.388,2716.77,5331.714,719.29,880.853,38315,84.76%,75.01%,635,1081
2025/6/1,19:00,29918.7,28876.57,6185,6214.104,2707.1,6192.535,442.69,533.284,38315,86.01%,74.03%,396,1026
2025/6/1,19:15,29961.3,29167.06,6187,6223.716,2660.35,6660.124,239.48,241.755,38315,86.78%,74.35%,351,1081
2025/6/1,19:30,30068,29275.71,6174,6213.919,2688.71,6919.272,101.12,69.212,38315,87.31%,74.39%,351,1082
2025/6/1,19:45,30132,29417.39,6162,6149.987,2721.04,7281.697,20.65,12.969,38315,87.57%,73.79%,351,1083
2025/6/1,20:00,30153.3,29361.4,6150,6004.346,2783,7518.335,2.81,13.195,38315,87.48%,72.65%,348,1081
2025/6/1,20:15,30089.3,29677.33,6139,6118.333,2797.05,7339.085,1.04,9.354,38315,87.25%,74.25%,323,1081
2025/6/1,20:30,30025.3,29636.17,6115,6112.264,2788.63,7513.458,0.84,9.661,38315,87.04%,73.67%,350,1080
2025/6/1,20:45,29940,29501.85,6093,6061.702,2813.82,7636.216,0.79,10.384,38315,86.70%,72.86%,351,1048
2025/6/1,21:00,29854.7,29194.49,6071,6150.188,2846.7,7510.166,0.76,10.386,38315,86.33%,72.62%,351,1082
2025/6/1,21:15,29684,28992.93,5991,5867.695,2938.04,6833.104,0.71,10.394,38315,85.44%,73.12%,300,1028
2025/6/1,21:30,29470.7,28751.2,5902,6849.273,2971.2,6717.971,0.67,10.385,38315,84.56%,75.35%,326,1026
2025/6/1,21:45,29214.7,28535.72,5820,5861.893,3013.65,6767.2,0.62,10.421,38315,83.57%,72.09%,351,1009
2025/6/1,22:00,28958.6,28359.96,5733,5733.407,3065.26,6365.503,0.58,10.344,38315,82.54%,72.34%,350,900
2025/6/1,22:15,28702.6,28097.28,5650,5798.241,3133.72,6238.677,0.53,10.424,38315,81.48%,72.16%,351,635
2025/6/1,22:30,28297.3,28047.12,5328,5295.919,3229.99,5919.768,0.48,10.415,38315,79.33%,71.55%,330,398.4
2025/6/1,22:45,27849.3,27655.5,5017,5030.481,3320.01,5822.089,0.44,10.41,38315,77.11%,70.09%,300,351
2025/6/1,23:00,27635.9,27321.39,4700,4620.085,3426.96,5759.082,0.39,10.383,38315,75.45%,68.31%,310,351
2025/6/1,23:15,27401.3,27250.32,4444,4471.806,3522.2,5815.913,0.34,9.642,38315,73.92%,67.59%,310,351
2025/6/1,23:30,26995.9,26992.05,4444,4321.679,3614.19,5462.015,0.29,9.64,38315,72.62%,67.45%,285,350
2025/6/1,23:45,26718.6,26652.91,4444,4468.203,3712.73,5425.563,0.25,9.608,38315,71.64%,67.04%,290,350
2025/6/1,24:00,26526.6,26530,4444,4394.74,3908.43,5309.242,0,4.361,38315,70.63%,66.84%,301.17,348
2025/6/2,00:15,26769.2,27541.21,5060,5240.047,5561.65,5407.483,0,4.353,36425,72.11%,75.14%,310,307
2025/6/2,00:30,26579.6,27614.18,5055,5042.856,5717.19,5238.742,0,4.305,36425,71.15%,75.26%,297,297.8
2025/6/2,00:45,26390.1,27429.47,5052,4603.591,6267.02,5155.867,0,4.31,36425,69.11%,73.78%,290,282.2
2025/6/2,01:00,26390.1,27132.7,5048,5467.408,6454.53,5394.039,0,4.281,36425,68.59%,74.68%,296,282
2025/6/2,01:15,25947.8,26541.9,5045,5616.119,6843.12,5739.738,0,4.282,36425,66.30%,72.52%,291,282
2025/6/2,01:30,25631.8,26432.53,5044,5439.129,7015.44,6021.858,0,4.319,36425,64.96%,70.96%,282,280
2025/6/2,01:45,25473.9,26189.11,5043,5340.408,7188.61,6116.367,0,4.334,36425,64.04%,69.76%,270,280
2025/6/2,02:00,25379.1,26178.2,5042,5478.044,7367.73,6337.561,0,4.456,36425,63.29%,69.50%,272,277
2025/6/2,02:15,25379.1,25879.32,5042,5060.284,7783.16,6613.387,0,4.472,36425,62.15%,66.77%,275,277
2025/6/2,02:30,25252.7,25502.24,5042,5228.148,7963.74,6864.724,0,4.482,36425,61.31%,65.51%,272,270
2025/6/2,02:45,25094.8,25312.85,5042,5058.436,8151.86,7052.497,0,4.486,36425,60.36%,64.01%,269,270
2025/6/2,03:00,25000,25209.66,5042,4945.008,8370.97,7061.058,75,4.449,36425,59.29%,63.39%,260,270
2025/6/2,03:15,25000,25092.87,5042,4777.61,8539.66,7104.681,105,4.482,36425,58.74%,62.49%,260,265
2025/6/2,03:30,24778.8,24805.05,5042,5112.809,8646.57,7302.565,105,4.482,36425,57.84%,62.07%,260,265
2025/6/2,03:45,24778.8,24865.92,5042,5025.468,8770.25,7602.023,105,4.452,36425,57.50%,61.18%,260,260
2025/6/2,04:00,24652.5,24686.57,5042,5216.856,8889.62,7971.994,105,4.489,36425,56.83%,60.20%,260,259
2025/6/2,04:15,24557.7,24626.62,5042,5125.944,9049.53,8184.904,105,4.432,36425,56.13%,59.20%,260,260
2025/6/2,04:30,24494.5,24586.89,5042,5110.75,9133.71,8261.307,105,4.465,36425,55.72%,58.84%,251,260
2025/6/2,04:45,24462.9,24493.52,5042,5198.801,9205.69,8402.341,105.08,4.427,36425,55.44%,58.44%,250,260
2025/6/2,05:00,24526.1,24641.76,5042,5127.063,9263.8,8315.935,106.38,4.586,36425,55.45%,58.88%,250,258.92
2025/6/2,05:15,24747.2,24883.62,5055,5172.753,9183.43,8187.831,153.6,41.553,36425,56.18%,59.92%,250,260
2025/6/2,05:30,25031.6,24934.61,5055,5255.756,9169.79,7929.599,270.52,254.077,36425,56.68%,60.42%,253,260
2025/6/2,05:45,25284.3,25261.76,5055,5151.001,9145.35,7591.981,488.41,625.341,36425,56.84%,60.93%,259.64,260
2025/6/2,06:00,25473.9,25299.96,5055,5211.408,9092.22,7565.714,852.78,1066.722,36425,56.51%,60.07%,256,260
2025/6/2,06:15,25600.2,25064.13,5059,5248.575,9112.26,7414.033,1348.63,1558.781,36425,55.45%,58.59%,254,259.28
2025/6/2,06:30,25729.6,25058.71,5240,5160.844,9022.9,7144.52,1984.2,2134.137,36425,54.80%,57.49%,236,259
2025/6/2,06:45,25449.6,24898.87,5423,5239.604,8945.6,6750.009,2686.25,2912.993,36425,52.82%,56.21%,235,249
2025/6/2,07:00,25117.6,24159.37,5605,5705.697,8865.91,6295.845,3580.47,3906.707,36425,50.17%,53.98%,224,247
2025/6/2,07:15,24593.6,23648.74,5859,5443.792,8412.7,6236.11,4548.55,4983.146,36425,48.02%,49.07%,202.59,235
2025/6/2,07:30,24208.6,23138.26,6343,5909.094,8355.88,6202.889,5701.13,6120.683,36425,45.28%,45.91%,29.74,215
2025/6/2,07:45,23542.6,22878.53,6875,6797.318,8106.05,6274.28,6750.66,7395.466,36425,42.72%,43.94%,30.02,55.65
2025/6/2,08:00,23111.6,22293.12,7391,7467.7,8051.59,6528.714,8002.91,8191.56,36425,39.67%,41.29%,30.66,27.51
2025/6/2,08:15,22756.9,21949.7,7957,7966.287,7989.29,6855.208,9265.41,8600.066,36425,36.95%,39.70%,30.98,27.61
2025/6/2,08:30,22441,22028.47,8199,8360.407,8162.59,6301.822,10497.61,9298.889,36425,32.89%,40.60%,30.82,27.97
2025/6/2,08:45,22188.2,21633.14,8445,8833.056,8373.43,6232.35,11715.26,10221.549,36425,28.95%,38.47%,30.02,27.86
2025/6/2,09:00,21967.1,21606.86,8688,8747.334,8471.75,5454.074,12866.51,10995.423,36425,25.58%,38.17%,29.24,27.53
2025/6/2,09:15,21651.2,21267.37,8901,9199.376,8599.18,5361.789,13935.02,10557.366,36425,22.01%,39.94%,28.55,27.24
2025/6/2,09:30,21303.6,20576.25,8900,9018.818,8762.21,4804.439,14920.39,10501.904,36425,17.90%,39.23%,28.3,26.86
2025/6/2,09:45,21114.1,20447.7,8900,9309.315,9057.3,4807.872,15813.05,10431.607,36425,14.12%,39.86%,29.73,27.78
2025/6/2,10:00,21019.3,20303.82,8900,9256.363,9339.47,4648.895,16579.55,10825.283,36425,10.98%,38.67%,21.95,20.98
2025/6/2,10:15,20987.7,20600.29,8902,9004.117,9607.26,4233.994,17273.06,10855.43,36425,8.26%,39.85%,23.51,21.81
2025/6/2,10:30,20924.5,20699.4,8663,8383.916,9889.7,3675.832,17843.78,11274.196,36425,5.09%,38.80%,19.79,0
2025/6/2,10:45,21082.5,20528.4,8431,8691.57,10181.14,3475.133,18314.07,11615.468,36425,2.80%,38.79%,19.66,0
2025/6/2,11:00,21588,20800.53,8199,8410.086,10432.09,3403.392,18732.74,11520.968,36425,1.71%,39.22%,0,0
2025/6/2,11:15,22393,21906.88,7911,8130.043,10676.04,3745.109,19043.78,11682.054,36425,1.60%,40.11%,0,0
2025/6/2,11:30,22393,21751.09,7760,8053.625,10908.2,3784.675,19293.9,11738.33,36425,-0.13%,39.21%,0,0
2025/6/2,11:45,22301.3,21840.88,7609,7999.417,11149.1,3716.937,19458.22,11381.62,36425,-1.91%,40.47%,0,0
2025/6/2,12:00,21322.9,21266.83,7457,7523.237,11370.06,3282.968,19497.39,11522.932,36425,-5.73%,38.39%,0,0
2025/6/2,12:15,21047.7,21027.02,7344,7850.064,11575.05,3180.682,19504.15,11591.2,36425,-7.38%,38.72%,0,0
2025/6/2,12:30,20650.2,20886.98,7576,7941.235,11761.02,3188.627,19454.41,11753.58,36425,-8.21%,38.12%,21.64,0
2025/6/2,12:45,20436.2,20599.51,7808,8231.041,11951.79,3174.001,19389.09,11337.029,36425,-8.50%,39.31%,26.3,0
2025/6/2,13:00,20405.6,20360.14,8040,8566.635,12126.11,4040.855,19178.84,10176.239,36425,-7.85%,40.38%,32.27,0
2025/6/2,13:15,19976.7,20085.6,8277,8380.362,12293.88,4295.537,18952.13,9994.777,36425,-8.21%,38.92%,27.29,23.03
2025/6/2,13:30,19913.6,20026.33,8275,8414.654,12458.21,4988.655,18652.85,9446.485,36425,-8.02%,38.45%,29.55,22.67
2025/6/2,13:45,19850.4,20329.33,8275,8284.521,12613.4,7203.5,18224.04,7787.838,36425,-7.45%,37.40%,28.9,22.28
2025/6/2,14:00,20545.4,20446.44,8275,8370.268,12753.46,8009.137,17780.56,7013.053,36425,-4.70%,37.87%,26.71,18.58
2025/6/2,14:15,20387.4,20697.38,8283,8245.825,12892.69,8451.527,17271.42,6666.133,36425,-4.10%,37.96%,34.28,28.23
2025/6/2,14:30,20419,20736.41,8279,8044.664,12995.22,7548.588,16639.88,6223.181,36425,-2.57%,41.21%,33.62,25.82
2025/6/2,14:45,21240.4,21255.9,8279,8385.607,13085.95,8058.606,15961.25,6186.589,36425,1.30%,42.27%,32.64,25.73
2025/6/2,15:00,21556.4,21540.54,8279,8197.946,13191.82,8818.913,15229.97,6451.034,36425,3.88%,39.72%,32.08,25.57
2025/6/2,15:15,21809.1,22097.54,8290,8711.772,13283.55,8995.987,14461.18,7320.611,36425,6.46%,39.79%,31.85,25.74
2025/6/2,15:30,22409.4,22552.3,8210,8357.85,13372.66,8977.624,13644.32,7399.931,36425,9.89%,39.90%,32.06,25.45
2025/6/2,15:45,23009.6,23000.86,8131,8582.908,13468.45,8869.68,12766.21,7393.079,36425,13.47%,42.06%,31.38,24.31
2025/6/2,16:00,23420.3,23013.88,8052,8664.636,13586.75,10007.689,11858.68,7206.434,36425,16.55%,39.71%,30.74,24.38
2025/6/2,16:15,23925.8,23738.74,7956,8895.898,13675.98,10419.358,10890.25,6994.084,36425,20.08%,41.79%,27.1,24.51
2025/6/2,16:30,24494.5,24219.54,7534,8044.45,13750.75,11002.556,9876.14,6203.889,36425,23.07%,41.34%,27.45,23.4
2025/6/2,16:45,25126.4,24812.68,7142,7683.733,13810.46,11035.787,8855.91,5733.274,36425,26.36%,43.18%,26.97,23.2
2025/6/2,17:00,25884.6,25228.54,6736,7464.582,13922.17,12031.341,7816.48,5028.791,36425,29.87%,42.92%,22.56,21.7
2025/6/2,17:15,26200.5,25845.55,6412,7562.451,14096.16,12766.839,6722.38,4591.079,36425,32.38%,44.06%,24.09,0
2025/6/2,17:30,26579.6,26435.39,6510,7715.983,14080.31,13317.383,5658.56,4315.403,36425,36.65%,45.35%,22.1,0
2025/6/2,17:45,27306.2,27108.33,6615,6941.705,14266.51,13316.312,4687.36,3573.007,36425,41.09%,47.11%,196.16,218.35
2025/6/2,18:00,27500.6,27467.15,6718,7147.917,14276.84,13778.809,3790.48,3144.703,36425,44.34%,48.57%,190.21,200
2025/6/2,18:15,27997.6,27864.97,6776,6903.907,14673.56,13853.596,2896.97,2462.185,36425,47.23%,50.66%,237.96,200.44
2025/6/2,18:30,28550.6,28215.86,6776,7042.472,14910.44,13620.742,2166.5,1828.419,36425,50.10%,54.38%,229.49,244.54
2025/6/2,18:45,29066.6,28302.89,6776,7332.591,14773.02,13403.894,1501.49,1283.511,36425,53.72%,57.51%,230.87,249
2025/6/2,19:00,29367.6,28651.52,6776,6982.874,14570.37,12969.569,942.43,861.669,36425,56.64%,59.86%,252.3,250.32
2025/6/2,19:15,29634.6,28982.22,6776,7091.39,14416.35,12455.95,560.48,496.928,36425,58.84%,63.47%,251.35,257.75
2025/6/2,19:30,29776.6,28965.69,6763,7044.791,14268.25,12186.542,295.12,201.338,36425,60.33%,64.85%,257.36,258.15
2025/6/2,19:45,29942.6,29452.59,6751,7145.343,14124.97,11797.741,117.98,27.666,36425,61.64%,68.01%,267.69,272.53
2025/6/2,20:00,30299.6,29725.86,6739,7088.308,14075.59,11408.02,83.74,4.677,36425,62.81%,69.74%,268.1,263.2
2025/6/2,20:15,30173.6,30342.54,6728,6554.989,13905.24,11155.673,80.3,3.422,36425,62.91%,70.66%,282,270
2025/6/2,20:30,30215.6,30132.37,6704,6825.648,13723.43,11040.325,80,3.102,36425,63.46%,71.15%,281.62,270
2025/6/2,20:45,30141.6,30084.46,6682,6720.091,13538.02,10908.385,80,3.304,36425,63.71%,71.09%,282.2,260
2025/6/2,21:00,30092.6,30102.71,6660,6882.428,13364.52,10885.599,80,3.304,36425,63.99%,71.64%,290,270
2025/6/2,21:15,29813.6,29919.78,6579,6799.877,13193.46,10662.531,80,3.351,36425,63.47%,71.53%,282,270
2025/6/2,21:30,29704.6,29715.3,6493,6284.625,13001.48,10345.305,80,4.231,36425,63.46%,70.42%,280,270
2025/6/2,21:45,29574.6,29452.68,6410,6619.353,12813.48,9962.773,80,4.259,36425,63.39%,71.67%,280,270
2025/6/2,22:00,29282.6,28943.18,6325,6547.025,12629.91,9509.067,105,4.283,36425,62.79%,71.32%,276.85,270
2025/6/2,22:15,28996.6,29029.62,6240,6166.874,12404.73,9026.745,105,4.303,36425,62.39%,71.83%,280,276.85
2025/6/2,22:30,28541.6,28615.29,5872,5751.866,12149.32,8602.765,105,4.225,36425,60.84%,70.72%,280,261.15
2025/6/2,22:45,28149.6,28090.97,5515,5542.581,11906.56,8282.35,105,4.308,36425,59.45%,69.59%,280,260
2025/6/2,23:00,27841.6,27622.89,5153,5222.266,11646.29,7981.411,105,4.228,36425,58.32%,68.25%,278.7,260
2025/6/2,23:15,27462.6,27519.83,4850,4961.769,11385.13,7625.823,105,3.52,36425,57.17%,68.23%,275,258.85
2025/6/2,23:30,27324.6,27180.75,4850,4895.522,11104.2,7452.15,105,3.464,36425,57.56%,67.59%,275,258
2025/6/2,23:45,26926.6,26837.91,4850,4971.716,10806.82,7229.489,105,3.476,36425,57.28%,67.47%,275,253
2025/6/2,24:00,26684.6,26528.11,4850,4906.647,10420,7257.122,10,3.424,36425,57.94%,66.37%,270,255
2025/6/3,00:15,26673.9,27886.98,5260,5218.992,10627,7486.347,80.05,3.452,36425,58.28%,70.33%,290,260
2025/6/3,00:30,27491.3,27542.16,5255,5311.225,10472.17,7745.244,80.1,3.423,36425,60.93%,68.92%,282,282
2025/6/3,00:45,27244.8,27045.18,5252,5428.238,10342.51,8082.875,80.15,3.424,36425,60.60%,66.95%,282,271.09
2025/6/3,01:00,26973.5,26984.61,5248,5209.885,10210.2,8334.134,80.21,3.476,36425,60.21%,65.50%,274,271.09
2025/6/3,01:15,26776.3,26690.26,5245,5215.804,10258.19,8669.656,80.26,3.474,36425,59.53%,63.78%,260,272.51
2025/6/3,01:30,26579,26090.72,5244,5306.058,10293.67,9025.668,80.3,3.468,36425,58.89%,61.41%,260,270
2025/6/3,01:45,26307.8,25932.75,5243,5299.686,10315.43,9339.291,80.35,3.469,36425,58.08%,60.10%,260,270
2025/6/3,02:00,26110.5,26063.45,5242,5088.338,10330.27,9640.18,110.4,3.496,36425,57.41%,59.05%,245,268
2025/6/3,02:15,25937.9,25892.06,5242,5232.817,10425.84,10048.212,110.45,3.512,36425,56.67%,57.85%,250,259
2025/6/3,02:30,25839.3,25634.53,5242,5300.848,10574.33,10576.272,110.5,3.467,36425,56.00%,55.88%,227.41,260
2025/6/3,02:45,25814.6,25117.15,5242,5362.758,10734.25,10856.867,110.55,3.472,36425,55.49%,53.86%,238.86,259
2025/6/3,03:00,25765.3,24990.32,5242,5243.984,10899.31,11061.348,135.6,3.48,36425,54.83%,52.63%,205,250
2025/6/3,03:15,25642,24775.17,5242,5401.016,11080.15,11307.002,135.64,3.509,36425,54.00%,51.79%,214.86,250
2025/6/3,03:30,25494.1,24840.64,5242,5338.352,11259.09,11612.144,135.69,3.475,36425,53.10%,50.96%,189.83,249
2025/6/3,03:45,25395.4,24789.3,5242,5225.974,11444.59,11768.908,135.73,3.426,36425,52.32%,50.08%,189.36,247
2025/6/3,04:00,25296.8,24592.68,5242,5275.109,11606.57,11915.824,135.78,3.428,36425,51.60%,49.28%,189.59,239
2025/6/3,04:15,25222.8,24556.15,5242,5141.935,11752.63,11897.294,135.82,3.455,36425,51.00%,48.86%,190.44,249.53
2025/6/3,04:30,25198.2,24695.88,5242,5299.173,11887.52,11941.385,135.87,3.474,36425,50.56%,49.55%,190.86,230
2025/6/3,04:45,25296.8,24359.22,5242,5304.206,12013.96,12057.948,136.04,3.476,36425,50.48%,48.32%,190.51,239.85
2025/6/3,05:00,25518.7,24602.55,5242,4955.328,12129.72,12043.563,138.95,4.219,36425,50.77%,48.07%,190.53,230
2025/6/3,05:15,25642,24849.62,5255,5273.1,12208.42,12092.692,157.88,43.528,36425,50.87%,49.38%,190.94,231.75
2025/6/3,05:30,25765.3,24985.89,5255,5215.662,12276.12,12112.756,290.34,239.473,36425,50.66%,49.00%,191.43,228.04
2025/6/3,05:45,25962.6,25387.81,5255,5401.338,12335.46,11991.494,536.22,557.164,36425,50.37%,50.08%,205.84,232.66
2025/6/3,06:00,26085.8,25473.93,5255,5209.441,12369.42,11911.636,934.22,912.426,36425,49.52%,49.03%,208.02,231.32
2025/6/3,06:15,26154.2,25633.48,5259,5289.265,12350.19,12160.842,1479.21,1338.548,36425,48.27%,47.83%,175.76,225.44
2025/6/3,06:30,26180.8,25801.42,5394,5553.216,12310.4,11932.121,2163.53,1906.4,36425,46.95%,48.09%,174.78,214.17
2025/6/3,06:45,25861.9,25520.9,5531,5533.386,12237.09,11461.317,2927.45,2677.576,36425,44.55%,46.44%,0,193.56
2025/6/3,07:00,25436.7,24867.69,5667,5673.681,12206.65,11066.348,3879.03,3726.149,36425,41.23%,43.24%,0,184
2025/6/3,07:15,25038.1,24194.2,5875,6099.209,11477.62,10744.989,4923.94,4909.104,36425,39.84%,40.19%,25.55,22.18
2025/6/3,07:30,24612.9,23592.66,6359,6634.999,11400.27,10331.414,6169.05,6009.318,36425,36.80%,38.12%,28.02,24.24
2025/6/3,07:45,23527.1,22998.23,6891,7985.307,11087.33,10228.112,7251.13,6625.871,36425,33.16%,38.79%,26.92,24.92
2025/6/3,08:00,23179.3,22421.95,7407,8736.272,10943.86,10046.707,8558.15,7116.387,36425,30.43%,38.42%,27.31,26.27
2025/6/3,08:15,23018.8,22338.34,7973,8887.61,10979.08,9484.188,9853.36,7741.552,36425,27.89%,38.44%,27.33,24.74
2025/6/3,08:30,22804.7,22080.57,8211,8699.577,11086.78,8046.665,11139.55,8457.164,36425,24.13%,39.19%,27.12,25.77
2025/6/3,08:45,22590.7,22120.34,8453,8876.655,11180.86,7552.979,12404.22,9108.673,36425,20.48%,39.36%,26.78,25.48
2025/6/3,09:00,22327.6,21801.43,8692,9337.318,11164.32,7711.541,13613.64,8798.907,36425,17.14%,40.16%,26.51,25.35
2025/6/3,09:15,22061.8,21722.26,8901,9297.453,11257.67,7568.138,14718.56,8486.71,36425,13.69%,41.08%,26.58,25.2
2025/6/3,09:30,21875.8,21312.95,8900,9463.404,11405.77,7310.567,15741.84,9066.908,36425,9.96%,39.53%,26.74,24.89
2025/6/3,09:45,21769.5,21171,8900,9118.926,11655.72,6316.523,16654.27,9474.95,36425,6.48%,39.80%,28.29,25.81
2025/6/3,10:00,21610.1,21128.58,8900,8869.121,11888.63,5874.629,17460.61,9980.721,36425,3.19%,38.83%,20.63,19.59
2025/6/3,10:15,21503.8,21212.2,8902,8867.312,12094.76,5724.769,18191.83,10380.886,36425,0.33%,38.36%,21.92,20.46
2025/6/3,10:30,21503.8,21035.43,8663,8321.632,12298.3,4841.161,18827.37,10285.546,36425,-2.63%,39.07%,18.37,0
2025/6/3,10:45,21689.8,21301.1,8431,8524.109,12505.85,4860.17,19332.97,10723.555,36425,-4.72%,39.10%,0,0
2025/6/3,11:00,22115,21387.07,8199,8140.486,12671.58,5043.007,19757.06,10875.686,36425,-5.81%,37.36%,0,0
2025/6/3,11:15,22537.2,22834,7911,7757.796,12819.03,5496.873,20094.08,11094.881,36425,-6.77%,38.44%,0,0
2025/6/3,11:30,22697.7,22344.47,7760,8058.484,12950.88,5773.911,20382.57,11079.042,36425,-7.89%,37.20%,0,0
2025/6/3,11:45,22619.9,22139.61,7609,7429.96,13082.44,5264.798,20571.15,10730.622,36425,-9.40%,37.27%,0,0
2025/6/3,12:00,22008.7,21597.12,7457,7820.508,13205.93,5190.412,20664.68,10727.698,36425,-12.09%,37.06%,0,0
2025/6/3,12:15,21583.5,21175.4,7344,7282.855,13318.1,4552.206,20667.69,9644.637,36425,-13.89%,39.15%,0,0
2025/6/3,12:30,21238,20850.65,7576,7445.4,13409.82,4604.119,20657.68,9598.48,36425,-14.42%,38.69%,0,0
2025/6/3,12:45,21052,20205.41,7808,7934.664,13497.53,4564.082,20576.15,9600.985,36425,-14.31%,38.37%,0,0
2025/6/3,13:00,20839.4,19872.46,8040,7945.87,13576.95,4514.393,20424.02,9822.726,36425,-14.06%,37.01%,0,0
2025/6/3,13:15,20786.3,19557.98,8277,8415.614,13649.38,4576.867,20229.5,10069.686,36425,-13.22%,36.59%,26.31,22.16
2025/6/3,13:30,20786.3,19396.86,8275,8232.047,13704.92,4542.691,19968.63,9025.617,36425,-12.66%,38.60%,26.08,21.91
2025/6/3,13:45,20812.9,19286.96,8275,8241.416,13754.92,4453.445,19616.34,8822.376,36425,-11.76%,39.13%,25.83,21.66
2025/6/3,14:00,20972.3,19450,8275,8459.835,13795.54,4468.73,19229.78,8727.568,36425,-10.37%,40.39%,21.55,18.12
2025/6/3,14:15,21291.2,19928.3,8283,8715.717,13768.03,4499.356,18755.03,9428.316,36425,-8.10%,40.40%,32.67,27.48
2025/6/3,14:30,21610.1,20314.07,8279,8420.358,13782.31,4497.907,18198.22,9028.51,36425,-5.74%,41.75%,29.97,25.13
2025/6/3,14:45,21982.1,20719.97,8279,8310.684,13786.74,4521.837,17562.52,9509.921,36425,-2.99%,41.18%,30.08,25.15
2025/6/3,15:00,22327.6,20640.33,8279,8699.373,13798.27,4939.84,16853.72,9417.946,36425,-0.12%,41.13%,30.12,25.02
2025/6/3,15:15,22673,21082.15,8290,8375.979,13773.88,5548.729,16083.7,8689.509,36425,3.03%,41.78%,30.19,25.17
2025/6/3,15:30,23177.9,21212.95,8210,8216.717,13758.69,6938.442,15239.64,8164.616,36425,6.56%,39.33%,30.39,25.04
2025/6/3,15:45,23656.3,22058.34,8131,8251.523,13733.91,7872.198,14304.09,7871.422,36425,10.29%,39.99%,30.68,25.22
2025/6/3,16:00,24108,22350.02,8052,8325.176,13714.48,8593.201,13307.8,7195.846,36425,14.10%,40.87%,30.47,25.43
2025/6/3,16:15,24533.2,23169.77,7956,8199.992,13745.57,9561.675,12224.64,7361.214,36425,17.90%,39.66%,28.94,24.27
2025/6/3,16:30,24958.4,23825.94,7584,7778.112,13673.35,9559.126,11105.45,6961.992,36425,21.31%,41.41%,27.99,24.51
2025/6/3,16:45,25303.8,24360.31,7242,7299.48,13695.15,9716.498,9951.9,6481.62,36425,24.43%,42.45%,26,23.5
2025/6/3,17:00,25835.3,25006.65,6886,7593.872,13643.03,11371.749,8779.1,5718.492,36425,28.28%,42.58%,25.31,23.55
2025/6/3,17:15,26393.3,25822.02,6612,7131.375,13710.65,12114.009,7573.69,4584.316,36425,32.18%,44.63%,25.08,23.51
2025/6/3,17:30,27137.4,26608.95,6710,6476.871,13499.35,12199.827,6353.92,4671.947,36425,38.42%,44.51%,24.33,23.01
2025/6/3,17:45,27695.5,27248.58,6815,6436.74,13354.6,12361.185,5195.03,4174.54,36425,43.82%,47.08%,24.24,182.76
2025/6/3,18:00,28492.7,27586.88,6918,6686.331,13165.14,12169.678,4141.22,3172.33,36425,49.70%,51.97%,237.83,238.17
2025/6/3,18:15,28678.7,28188.37,6976,7085.75,13066.12,11827.702,3161.21,2457.346,36425,53.34%,57.62%,239.47,235.04
2025/6/3,18:30,28785,28637.84,6976,7029.687,12924.49,11224.925,2318.98,1778.039,36425,56.33%,62.22%,255.55,260
2025/6/3,18:45,28997.6,28964.28,6976,7046.861,12481.94,10500.887,1604.56,1282.919,36425,60.09%,66.51%,270.06,270
2025/6/3,19:00,29316.5,29419.89,6976,6898.319,11954.06,9574.638,1002.1,852.176,36425,64.07%,71.08%,283.86,263.37
2025/6/3,19:15,29635.3,29692.16,6976,7036.796,11223.67,8734.521,556.96,508.548,36425,68.17%,75.46%,295.45,287.83
2025/6/3,19:30,29983.5,29779.32,6913,7100.63,10830.63,8050.19,266.52,181.636,36425,70.83%,78.65%,307.86,282
2025/6/3,19:45,30326.5,30228.02,6850,6710.217,10463.94,7629.896,46.35,22.55,36425,73.21%,80.40%,320,295
2025/6/3,20:00,30564,30397.26,6787,6870.458,9964.19,7510.226,5.52,11.703,36425,75.17%,81.66%,345,300
2025/6/3,20:15,30604.3,30706.34,6724,6812.156,9621.99,7336.33,1.22,3.099,36425,76.06%,82.85%,360,297
2025/6/3,20:30,30524.1,30612.18,6701,7051.896,9309.01,7241.923,0.87,2.597,36425,76.64%,83.51%,355,305
2025/6/3,20:45,30352.9,30464.93,6679,6634.745,9040.48,7270.437,0.82,3.581,36425,76.84%,81.88%,320,300
2025/6/3,21:00,30009.8,30377.93,6657,6550.63,8793.81,7053.175,0.78,14.041,36425,76.52%,81.98%,330,300
2025/6/3,21:15,29798.8,30290.02,6576,6589.813,8567.26,6941.292,0.73,14.146,36425,76.34%,82.15%,310,300
2025/6/3,21:30,29693.2,30086.76,6500,6504.632,8358.86,6910.193,0.69,4.444,36425,76.41%,81.47%,318,300
2025/6/3,21:45,29402.9,29769.68,6426,6275.731,8159.16,6770.679,0.64,14.222,36425,75.96%,80.33%,309,306
2025/6/3,22:00,29112.7,29322.59,6350,6441.204,7969.84,6657.849,0.6,14.215,36425,75.48%,79.87%,310,300
2025/6/3,22:15,28743.3,29143.43,6274,6330.905,7779.89,6604.065,0.55,14.094,36425,74.78%,79.22%,310,309
2025/6/3,22:30,28479.4,28752.23,5906,5778.292,7578.44,6424.959,0.5,4.513,36425,73.59%,77.15%,300,300
2025/6/3,22:45,28057.2,28321.43,5549,5711.197,7368.68,6269.568,0.45,4.485,36425,72.03%,76.21%,290,286.2
2025/6/3,23:00,27661.4,27949.9,5187,5185.566,7159.01,6047.592,0.4,4.507,36425,70.53%,74.35%,290,290
2025/6/3,23:15,27239.2,27652.94,4884,5019.334,7137.43,5824.271,0.35,3.809,36425,68.59%,73.70%,289,282
2025/6/3,23:30,26869.8,27226.32,4884,5011.878,6968.17,5726.416,0.3,3.813,36425,68.04%,72.77%,282,282
2025/6/3,23:45,26579.5,26797.53,4884,5080.51,6801.92,5597.571,0.26,3.774,36425,67.70%,72.14%,281,282
2025/6/3,24:00,26394.8,26780.25,4884,4669.46,6651.23,5541.504,0,3.799,36425,67.61%,71.12%,281,281
2025/6/4,00:15,28126.2,27958.22,5573,5674.54,5685.32,5493.394,48.39,3.776,39085,71.55%,71.99%,285,325
2025/6/4,00:30,27750.2,27738.28,5605,7107.989,5531.41,5421.012,0,3.829,39085,71.19%,75.28%,300,300
2025/6/4,00:45,27428.2,27516.62,5639,6998.725,5381.44,5261.389,0,3.779,39085,70.83%,74.84%,290,300
2025/6/4,01:00,27187.2,27405.62,5672,6911.354,5245.19,5115.755,0,3.805,39085,70.65%,74.70%,282,292.1
2025/6/4,01:15,26811.2,27149.84,5707,6659.414,5166.76,5025.215,0,3.783,39085,69.98%,73.64%,282,295.01
2025/6/4,01:30,26650.2,26754.54,5707,6663.222,5085.7,4974.567,0,3.793,39085,69.77%,72.76%,280,282.14
2025/6/4,01:45,26489.2,26635.41,5707,6369.149,4992.94,4855.532,0,3.756,39085,69.60%,72.01%,280,292.15
2025/6/4,02:00,26382.2,26246.32,5707,6351.535,4906.62,4848.733,0,3.736,39085,69.55%,70.99%,280,292.17
2025/6/4,02:15,26248.2,26402.04,5707,6219.187,4832.81,4847.59,0,3.788,39085,69.39%,71.05%,280,290.25
2025/6/4,02:30,26006.2,26188.53,5707,6148.309,4774.11,4808.443,0,3.76,39085,68.92%,70.42%,279,282
2025/6/4,02:45,25742.4,26061.19,5707,6189.169,4718.73,4731.286,0,3.776,39085,68.39%,70.40%,280,282
2025/6/4,03:00,25769.8,25787.85,5707,6046.244,4676.17,4642.644,0,3.759,39085,68.57%,69.56%,279,282
2025/6/4,03:15,25742.4,25870.39,5707,5867.227,4635.08,4546.224,0,3.751,39085,68.61%,69.56%,278,285
2025/6/4,03:30,25632.8,25821.24,5707,6111.359,4607.74,4459.209,0,3.757,39085,68.39%,70.28%,274,280
2025/6/4,03:45,25523.3,25685.91,5707,6377.59,4571.36,4388.799,0,3.753,39085,68.21%,70.80%,282,280
2025/6/4,04:00,25358.9,25777.32,5707,6226.874,4553.85,4435.715,0,3.821,39085,67.83%,70.52%,280,280.18
2025/6/4,04:15,25358.9,25665.25,5707,6070.907,4520.41,4445.387,0,3.794,39085,67.92%,69.81%,275,280.18
2025/6/4,04:30,25496.2,25614.56,5707,6188.351,4487.15,4366.116,0,3.773,39085,68.35%,70.19%,280,280
2025/6/4,04:45,25496.2,25716.49,5707,6137.935,4440.42,4320.781,0.14,3.774,39085,68.47%,70.44%,279,282
2025/6/4,05:00,25604.2,25764.7,5707,6103.997,4392.9,4281.09,4.6,3.768,39085,68.86%,70.57%,279,282
2025/6/4,05:15,25738.2,26029.17,5718,6372.209,4326.8,4195.917,53.85,42.095,39085,69.27%,72.06%,280,282
2025/6/4,05:30,25845.2,26479.87,5859,6512.462,4168.11,4190.303,180.7,236.297,39085,69.99%,73.09%,280,285
2025/6/4,05:45,26194.2,26680.21,6002,6838.938,4120.25,4114.602,430.87,517.845,39085,70.73%,73.91%,280,282.14
2025/6/4,06:00,26301.2,27027.57,6144,6871.483,4051.4,3948.291,844.92,864.061,39085,70.48%,74.42%,282,285
2025/6/4,06:15,26382.2,27214.08,6291,7260.497,3984.94,3667.606,1410.43,1279.679,39085,69.79%,75.55%,280,279
2025/6/4,06:30,26167.2,27115.52,6281,7412.862,3903.28,3416.726,2128.04,1868.817,39085,67.59%,74.82%,282,280
2025/6/4,06:45,25952.2,26707.17,6272,7278.606,3831.76,3096.01,2973.5,2701.075,39085,65.04%,72.12%,280,278
2025/6/4,07:00,25443.2,26009.47,6263,6592.492,3775.53,2733.721,4014.41,3707.519,39085,61.19%,66.93%,270,270
2025/6/4,07:15,24960.2,25212.08,6323,6588.776,3576.67,2369.363,5187.12,4850.366,39085,57.62%,62.89%,270,262
2025/6/4,07:30,24423.2,24689.37,6763,6722.504,3465.2,2093.125,6508.32,6109.404,39085,54.27%,59.38%,260,255
2025/6/4,07:45,24047.2,23848.31,7248,7161.193,3274.27,1850.096,7681.32,7446.739,39085,52.04%,55.55%,230,233
2025/6/4,08:00,23645.2,23064.37,7720,7772.604,3128.46,1609.507,9093.34,8925.834,39085,48.98%,51.94%,220,230
2025/6/4,08:15,23135.2,23039.09,8044,8389.084,2747.24,1413.987,10494.46,10358.046,39085,45.89%,50.29%,200,210
2025/6/4,08:30,22652.2,22617.1,8113,8692.144,2648.03,1286.058,11874.53,11661.813,39085,41.56%,46.98%,31.14,30.09
2025/6/4,08:45,22169.2,22576.48,8185,9289.022,2554.25,1186.455,13216.61,13090.919,39085,37.31%,45.00%,31.56,30.28
2025/6/4,09:00,21820.2,22478.49,8255,10266.9,2435.25,1126.196,14484,14340.661,39085,33.66%,44.21%,31.84,30.63
2025/6/4,09:15,21686.2,22170.39,8294,10358.75,2362.28,1027.398,15626.74,15315.4,39085,30.68%,41.41%,32.32,31.41
2025/6/4,09:30,21579.2,21744.07,8451,11021.35,2304.72,984.654,16702.52,16476.382,39085,28.20%,39.16%,32.37,31.23
2025/6/4,09:45,21364.2,21620.35,8608,10369.48,2243.38,894.728,17661.06,16216.135,39085,25.76%,38.07%,33.52,32.5
2025/6/4,10:00,21257.2,21286.98,8765,10657.41,2178.67,833.175,18499.38,15932.919,39085,23.91%,38.83%,25.59,24.84
2025/6/4,10:15,21257.2,21383.89,8922,10471.15,2133.99,796.655,19242.9,16018.664,39085,22.52%,38.48%,26.76,25.89
2025/6/4,10:30,21337.2,21592.8,8825,10474.79,2090.63,727.732,19855.07,16320.259,39085,21.02%,38.43%,0,0
2025/6/4,10:45,21498.2,21538.56,8689,9958.492,2044.48,688.781,20372,16241.629,39085,19.88%,37.27%,0,0
2025/6/4,11:00,22008.2,21814.77,8552,9796.381,1995.93,685.154,20809.77,16033.816,39085,19.84%,38.10%,0,0
2025/6/4,11:15,22598.2,22886.07,8361,10069.12,1952.38,648.07,21154.31,17674.978,39085,20.09%,37.44%,0,0
2025/6/4,11:30,22625.2,22949.91,8209,9323.206,1914.75,577.692,21442.09,16772.41,39085,19.13%,38.18%,0,0
2025/6/4,11:45,22625.2,22710.87,8057,9362.586,1872.5,549.604,21653.83,16518.617,39085,18.31%,38.39%,0,0
2025/6/4,12:00,22249.2,22341.42,7904,9190.555,1829.78,524.549,21752.94,16170.156,39085,16.81%,37.96%,0,0
2025/6/4,12:15,21579.2,21971.08,7782,8859.775,1784.25,530.73,21789.83,16143.834,39085,14.81%,36.22%,0,0
2025/6/4,12:30,21149.2,21732.87,7917,9431.02,1736.9,527.71,21806.97,16033.685,39085,14.13%,37.36%,0,0
2025/6/4,12:45,20693.2,21339.08,8054,9581.707,1688.1,571.369,21769.26,15798.001,39085,13.53%,37.23%,0,0
2025/6/4,13:00,20505.2,20811.18,8190,10098.83,1641.99,575.666,21604.62,15802.992,39085,13.94%,37.18%,0,0
2025/6/4,13:15,20290.2,20836.96,8286,10204.81,1595.03,639.068,21418.67,15762.413,39085,14.23%,37.46%,30.02,29.7
2025/6/4,13:30,20210.2,20503.15,8286,10709.88,1568.34,671.157,21151.63,15668.829,39085,14.78%,38.05%,29.7,29.44
2025/6/4,13:45,20210.2,20451.93,8286,10631.25,1547.33,674.817,20821.15,15549.94,39085,15.68%,38.02%,29.39,29.27
2025/6/4,14:00,20452.2,20617.94,8286,10697.44,1532.51,696.066,20442.59,15231.815,39085,17.30%,39.37%,24.59,24.5
2025/6/4,14:15,20666.2,20656.77,8286,10867.75,1523.9,700.325,19969.74,15648.548,39085,19.08%,38.83%,37.24,37.15
2025/6/4,14:30,21042.2,20956.72,8136,11219.92,1521.73,775.146,19401.8,14973.793,39085,21.12%,42.03%,34.03,34.11
2025/6/4,14:45,21364.2,21648.09,7986,11241,1522.37,764.424,18736.41,15385.964,39085,23.26%,42.83%,34.17,34.4
2025/6/4,15:00,21847.2,21973.13,7836,11203.06,1536.52,775.794,17996.33,15011.412,39085,25.97%,44.49%,33.94,33.57
2025/6/4,15:15,22330.2,22579.77,7686,9795.528,1546.11,835.236,17196.38,14664.068,39085,28.84%,43.18%,201.54,33.41
2025/6/4,15:30,22867.2,22939.93,7594,9853.243,1557.01,806.899,16281.37,14347.961,39085,32.30%,45.13%,245.23,32.87
2025/6/4,15:45,23403.2,23777.44,7502,8210.152,1572.7,828.1,15268.91,13401.737,39085,35.98%,45.43%,200,32.59
2025/6/4,16:00,23994.2,23698.98,7410,8267.002,1596.74,907.753,14207.61,12490.288,39085,39.91%,47.51%,201.53,138.01
2025/6/4,16:15,24691.2,24538.32,7368,8294.604,1643.06,934.412,13052.99,11185.106,39085,44.42%,53.00%,248,220
2025/6/4,16:30,25469.2,25600.29,7193,6961.411,1664.91,981.94,11824.24,9933.344,39085,49.05%,55.38%,260,240
2025/6/4,16:45,25926.2,26323.92,7020,6588.86,1687.05,1067.483,10538.23,8903.93,39085,53.02%,58.70%,270,255
2025/6/4,17:00,26355.2,26792.27,6844,6991.997,1719.82,1157.687,9217.3,7707.785,39085,56.96%,63.76%,282,259
2025/6/4,17:15,27079.2,27468,6611,6901.199,1741.67,1247.795,7861.83,6389.278,39085,61.63%,68.39%,290,260
2025/6/4,17:30,27401.2,28162.85,6862,6789.123,1783.21,1241.475,6530.68,5469.282,39085,66.39%,72.26%,300,270
2025/6/4,17:45,27777.2,28554.4,6928,6915.836,1831.53,1248.737,5266.56,4418.897,39085,70.63%,76.25%,310,282
2025/6/4,18:00,28020.2,29230.08,6985,6759.12,1884.19,1199.34,4133.61,3382.696,39085,74.17%,80.36%,320,290
2025/6/4,18:15,28558.2,29840.89,7060,7021.259,1949.6,1191.482,3133.07,2636.238,39085,78.13%,84.52%,380,300
2025/6/4,18:30,28747.2,30143.88,7060,7019.269,1950.93,1169.357,2281.33,1978.717,39085,80.79%,87.03%,398,310
2025/6/4,18:45,29285.2,30664.36,7060,6952.767,2034.34,1188.341,1568.12,1435.856,39085,83.77%,89.53%,450,325
2025/6/4,19:00,29716.2,30996.95,7060,6996.386,2131.03,1275.166,973.04,957.552,39085,86.15%,91.49%,820,340
2025/6/4,19:15,29823.2,30773,7060,7068.115,2247.26,1393.041,532.78,544.247,39085,87.25%,91.86%,920,347
2025/6/4,19:30,30326.2,31022.38,7029,6974.248,2363.15,1562.393,241.46,199.674,39085,88.91%,92.71%,1000,347
2025/6/4,19:45,30461.2,31297.6,7001,6755.613,2487.17,1714.122,50.74,19.142,39085,89.35%,92.93%,450,350
2025/6/4,20:00,30792.2,31353.79,6971,6742.325,2662.19,1923.86,4.47,4.585,39085,89.80%,92.54%,425,350
2025/6/4,20:15,30900.2,31623.26,6888,6311.702,2735.76,2087.494,0.35,6.343,39085,89.68%,91.70%,400,355
2025/6/4,20:30,30811.2,31626.65,6840,6341.871,2825.3,2284.982,0.06,4.77,39085,89.10%,91.29%,398,345
2025/6/4,20:45,30592.2,31705.45,6794,6165.055,2914.11,2431.833,0,4.957,39085,88.20%,90.66%,397,345
2025/6/4,21:00,30209.2,31452.6,6747,6122.241,3011.38,2678.336,0,5.128,39085,86.85%,89.27%,398,345
2025/6/4,21:15,29907.2,31225.07,6754,6041.832,3104.51,2922.983,0,5.145,39085,85.86%,87.86%,379,330
2025/6/4,21:30,29606.2,30972.17,6593,5782.583,3183.64,3031.262,0,5.126,39085,84.47%,86.27%,347,318
2025/6/4,21:45,29387.2,30611.77,6438,5992.565,3284.69,3171.992,0,5.176,39085,83.26%,85.52%,345,325
2025/6/4,22:00,29140.2,30259.91,6281,6313.826,3370.64,3244.285,0,5.208,39085,82.00%,85.26%,320,316
2025/6/4,22:15,28838.2,30064.69,6069,6419.353,3485.5,3303.994,0,5.215,39085,80.39%,84.88%,318,318
2025/6/4,22:30,28510.2,29598.24,5926,6288.171,3575.58,3502.645,0,5.212,39085,78.96%,82.84%,315,310
2025/6/4,22:45,28263.2,29202.4,5797,6094.021,3676.59,3582.311,0,5.177,39085,77.74%,81.13%,308,300
2025/6/4,23:00,27989.2,28709.27,5657,6284.421,4027,3555.306,0,5.199,39085,75.78%,80.42%,300,290
2025/6/4,23:15,27605.2,28679.42,5583,5367.589,4134.12,3537.538,0,4.461,39085,74.34%,78.05%,293,289
2025/6/4,23:30,27222.2,28069,5583,4585.762,4224.68,3566.916,0,4.457,39085,73.12%,74.41%,290,282
2025/6/4,23:45,26838.2,27558.52,5583,4321.264,4306.6,3605.373,0,4.427,39085,71.93%,72.33%,287,276
2025/6/4,24:00,26701.2,27458.11,5583,3942.579,4497.08,3642.683,0,4.413,39085,71.09%,71.01%,279,280
2025/6/5,00:15,28110.7,28622.5,5260,4001.598,4276.42,3606.123,0.05,4.445,39585,73.50%,73.29%,1124,1130
2025/6/5,00:30,27771.7,28340.15,5255,3813.717,4357,3594.066,0.1,4.427,39585,72.43%,72.14%,1125,1088
2025/6/5,00:45,27675.7,27942.27,5252,3588.786,4408.84,3533.921,0.15,4.467,39585,72.04%,70.72%,1189,398
2025/6/5,01:00,27458.7,27787.2,5248,3596.263,4459.62,3589.698,0.21,4.463,39585,71.36%,70.20%,1124,395
2025/6/5,01:15,27167.7,27586.42,5245,3422.413,4529.72,3637.259,0.26,4.426,39585,70.44%,69.14%,1124,398
2025/6/5,01:30,26709.7,27471.5,5244,3669.37,4586.06,3542.707,0.3,4.506,39585,69.14%,69.71%,1086,351
2025/6/5,01:45,26661.7,27302.09,5243,3737.369,4644.73,3506.324,0.35,4.451,39585,68.86%,69.54%,1080,351
2025/6/5,02:00,26538.7,27109.2,5242,3602.333,4705.11,3507.456,0.4,4.432,39585,68.40%,68.71%,1032,351
2025/6/5,02:15,26320.7,27085.39,5242,3683.222,4737.14,3444.87,0.45,4.462,39585,67.77%,69.01%,934.13,350
2025/6/5,02:30,26126.7,26982.4,5242,3743.734,4790.85,3354.76,0.5,4.465,39585,67.14%,69.13%,934.13,345
2025/6/5,02:45,25950.7,26881.65,5242,3798.766,4816.11,3348.938,0.55,4.438,39585,66.63%,69.03%,1088,335
2025/6/5,03:00,25791.7,26593.47,5242,3948.938,4834.98,3430.607,0.6,4.438,39585,66.18%,68.48%,1120,349
2025/6/5,03:15,25633.7,26410.98,5242,3709.031,4862.92,3510.567,30.64,4.467,39585,65.64%,67.21%,1080,330
2025/6/5,03:30,25497.7,26404.99,5242,3593.448,5268.06,3527.366,30.69,4.459,39585,64.27%,66.86%,598,320
2025/6/5,03:45,25407.7,26366.33,5242,3606.898,5307.34,3518,30.73,4.43,39585,63.94%,66.82%,398,345
2025/6/5,04:00,25307.7,26158.02,5242,3719.153,5341.95,3441.989,30.78,4.462,39585,63.60%,66.77%,390,335
2025/6/5,04:15,25259.7,26097.74,5242,3611.792,5375,3391.81,30.82,4.453,39585,63.40%,66.47%,360,345
2025/6/5,04:30,25259.7,26424.46,5242,3520.622,5409.14,3477.714,30.87,4.417,39585,63.31%,66.85%,398,320
2025/6/5,04:45,25380.7,26259.31,5242,3724.322,5439.88,3607.391,31,4.365,39585,63.54%,66.62%,398,340
2025/6/5,05:00,25453.7,26386.16,5242,3772.953,5465.02,3675.616,35.11,4.126,39585,63.65%,66.89%,664,349
2025/6/5,05:15,25598.7,26527.41,5255,3872.794,5499.45,3772.988,84.44,26,39585,63.84%,67.20%,598,349
2025/6/5,05:30,25791.7,26848.11,5255,3706.607,5522.15,3817.502,204.88,182.527,39585,63.96%,67.08%,500,349
2025/6/5,05:45,25960.7,26936.98,5255,3633.2,5556.46,3915.4,434.43,521.674,39585,63.72%,66.02%,398,351
2025/6/5,06:00,26202.7,27030.45,5255,4064.971,5581.62,4119.083,792.11,947.263,39585,63.37%,65.75%,398,349
2025/6/5,06:15,26539.7,27305.7,5259,3535.341,5578.96,4181.516,1271.27,1416.35,39585,63.03%,63.77%,351,349
2025/6/5,06:30,26661.7,27503.21,5394,4259.027,5554.35,4149.529,1879.96,1933.241,39585,62.20%,64.87%,351,351
2025/6/5,06:45,26296.7,27160.88,5531,5437.354,5536.27,3980.934,2599.74,2515.243,39585,59.85%,65.94%,350,285
2025/6/5,07:00,25545.7,26766.04,5667,5804.34,5543.93,3792.581,3466.27,3285.605,39585,56.09%,64.40%,300,282
2025/6/5,07:15,25037.7,26206.29,5875,6150.925,5303.24,3600.083,4432.31,4285.447,39585,53.50%,61.82%,285,271.7
2025/6/5,07:30,24358.7,25537.43,6359,6735.175,5220.62,3303.535,5559.37,5177.494,39585,50.37%,60.10%,282,255
2025/6/5,07:45,23776.7,25018.17,6891,7182.991,5133.49,3074.3,6815.85,6442.672,39585,47.29%,57.31%,262,235
2025/6/5,08:00,23389.7,24542,7407,7518.78,4931.53,2852.692,8103.21,7407.143,39585,44.87%,55.07%,260,200
2025/6/5,08:15,22929.7,24600.05,7973,7810.439,4565.56,2724.681,9441.27,8579.351,39585,42.68%,53.32%,230,210
2025/6/5,08:30,22639.7,24257.38,8211,8605.984,4453.48,2593.144,10731.48,9791.257,39585,39.57%,51.73%,220,191.38
2025/6/5,08:45,22323.7,24202.1,8453,9584.843,4324.51,2604.891,11986.91,10837.629,39585,36.54%,51.39%,253,28.24
2025/6/5,09:00,22154.7,24038.46,8692,10018,4189.72,2668.564,13189.57,11931.495,39585,34.02%,49.15%,242,28.35
2025/6/5,09:15,21936.7,24018.97,8901,10870.36,4150.52,2775.158,14325.99,13055.779,39585,31.23%,48.15%,235,28.16
2025/6/5,09:30,21814.7,23842.42,8900,10756.14,4146.88,2993.678,15381.04,13938.207,39585,28.26%,44.63%,189.32,27.93
2025/6/5,09:45,21670.7,23655.47,8900,10772.94,4151.81,3260.553,16336.98,14461.583,39585,25.47%,42.20%,31.65,30.61
2025/6/5,10:00,21548.7,23727.8,8900,11504.13,4156.96,3306.365,17189.55,15120.452,39585,22.99%,42.45%,0,22.48
2025/6/5,10:15,21524.7,23658.36,8902,12361.65,4186.35,3376.481,17965.77,15519.079,39585,20.90%,43.26%,88.19,22.52
2025/6/5,10:30,21500.7,23694.54,8663,12420.02,4230.45,3420.991,18636.74,15875.51,39585,18.43%,42.49%,88.75,0
2025/6/5,10:45,21524.7,23803.27,8431,11756.56,4264,3411.485,19170.11,16094.686,39585,16.47%,40.55%,0,0
2025/6/5,11:00,21524.7,24082.58,8199,11997.9,4281.46,3480.934,19660.79,16720.17,39585,14.61%,40.11%,80.48,0
2025/6/5,11:15,22590.7,24692.17,7911,11171.08,4272.9,3403.483,20061.94,16985.249,39585,15.58%,39.09%,69.52,0
2025/6/5,11:30,22663.7,25012.5,7760,11575.9,4247.86,3427,20362.07,17379.827,39585,14.69%,39.87%,59.09,0
2025/6/5,11:45,22420.7,24714.56,7609,11538.08,4211.67,3462.539,20560.84,17375.067,39585,13.28%,38.94%,0,0
2025/6/5,12:00,22057.7,24207.11,7457,11406.32,4168.22,3566.411,20642.5,17552.085,39585,11.88%,36.62%,0,0
2025/6/5,12:15,21742.7,23934.3,7344,11204.49,4091.71,3484.771,20665.42,17365.414,39585,10.94%,36.10%,0,0
2025/6/5,12:30,21233.7,23634.91,7576,11673.3,4006.44,3410.708,20635.69,17198.655,39585,10.53%,37.13%,0,0
2025/6/5,12:45,20991.7,23226.28,7808,12109.14,3926.52,3273.008,20507.08,17238.918,39585,11.03%,37.45%,75.4,0
2025/6/5,13:00,20797.7,23192.25,8040,12162,3834.59,3156.064,20237.84,17122.818,39585,12.04%,38.08%,0,0
2025/6/5,13:15,20797.7,23032.11,8277,11667.2,3725.59,3110.089,19944.33,16629.155,39585,13.65%,37.79%,27.82,28.22
2025/6/5,13:30,20797.7,22648.12,8275,11662.8,3638.85,3083.915,19567.74,16045.468,39585,14.82%,38.35%,27.73,28.07
2025/6/5,13:45,20749.7,22918.61,8275,10896.19,3550.61,2812.12,19084.35,15726.782,39585,16.14%,38.59%,27.68,27.98
2025/6/5,14:00,20749.7,22803.7,8275,10501.79,3465.61,2762.089,18564.08,15477.609,39585,17.67%,38.06%,23.32,23.5
2025/6/5,14:15,20845.7,23232.61,8283,10066.47,3377.81,2601.033,17946.2,15309.27,39585,19.72%,38.88%,35.09,35.48
2025/6/5,14:30,21088.7,23572.9,8279,9534.611,3286.53,2442.714,17264.79,14231.313,39585,22.27%,41.51%,30.91,31.18
2025/6/5,14:45,21500.7,23971.26,8279,8672.84,3199.32,2301.584,16471.64,13929.107,39585,25.54%,41.46%,31.14,31.57
2025/6/5,15:00,21766.7,24192.46,8279,8395.293,3114.94,2187.422,15691.48,13694.218,39585,28.39%,42.20%,31.29,31.55
2025/6/5,15:15,22081.7,24624.72,8290,8307.234,3029.75,1958.581,14830.03,12913.171,39585,31.61%,45.62%,209,31.44
2025/6/5,15:30,23001.7,25237.47,8210,8089.027,2947.09,1907.148,13912.09,12127.832,39585,36.26%,48.73%,251.44,31.16
2025/6/5,15:45,23341.7,25537.95,8131,8312.041,2871.91,1836.164,12910.38,11377.586,39585,39.64%,52.13%,276.85,31.05
2025/6/5,16:00,23752.7,25756.03,8052,8213.558,2818.55,1646.419,11861.56,10641.46,39585,43.26%,54.77%,282,191.8
2025/6/5,16:15,24116.7,26461.17,7956,8082.719,2794.2,1571.189,10799.91,9479.406,39585,46.68%,59.35%,285,230
2025/6/5,16:30,24867.7,27288.29,7584,7837.837,2735.73,1525.779,9609.2,8463.504,39585,50.79%,63.50%,300,249
2025/6/5,16:45,25303.7,27869.08,7242,7375.556,2688.01,1499.15,8465.86,7694.738,39585,54.04%,65.81%,345,250
2025/6/5,17:00,25932.7,28323.28,6886,7180.427,2610.9,1422.684,7344.57,6528.258,39585,57.76%,69.60%,351,270
2025/6/5,17:15,26489.7,28817.78,6612,6820.486,2577.35,1454.396,6222.44,5588.021,39585,61.39%,72.24%,1086,271
2025/6/5,17:30,27167.7,29308.74,6710,6564.271,2558.21,1507.771,5148.45,4852.349,39585,66.11%,74.56%,1100,300
2025/6/5,17:45,28016.7,29950.67,6815,6797.765,2329.07,1404.306,4101.48,3998.039,39585,71.75%,79.19%,1187,350
2025/6/5,18:00,28427.7,30259.79,6918,6871.826,2310.49,1390.712,3199.68,3144.983,39585,75.37%,82.34%,1268,398.4
2025/6/5,18:15,28597.7,30376.29,6976,7064.579,2280.39,1348.588,2438.88,2436.963,39585,77.94%,85.02%,1364,1086
2025/6/5,18:30,28911.7,30766.94,6976,7057.35,2276.09,1231.731,1797.54,1876.411,39585,80.37%,87.70%,1364,1124
2025/6/5,18:45,29638.7,31124.39,6976,6930.543,2265.03,1227.363,1259.41,1417.756,39585,83.59%,89.45%,1436,1189
2025/6/5,19:00,29880.7,31379.55,6976,7017.597,2256.36,1243.41,808.29,937.586,39585,85.37%,91.49%,1436,1267
2025/6/5,19:15,30220.7,31473.85,6976,6956.004,2264.88,1338.337,455.1,490.6,39585,87.10%,92.46%,1436,1267
2025/6/5,19:30,30486.7,31652.68,6913,6908.022,2281.3,1448.493,218.27,170.245,39585,88.17%,93.32%,1436,1249
2025/6/5,19:45,30559.7,32006.74,6850,6914.61,2290.77,1610.693,54.81,18.226,39585,88.58%,94.21%,1436,1267
2025/6/5,20:00,30897.7,32646.98,6787,6761.939,2339.74,1712.657,5.26,8.019,39585,89.28%,95.21%,1500,1268
2025/6/5,20:15,30947.7,32352.89,6724,5944.876,2345.24,1859.722,1.26,6.237,39585,89.24%,92.03%,1500,1267
2025/6/5,20:30,31019.7,32301.47,6701,6723.23,2346.27,1846.786,0.93,5.121,39585,89.36%,93.91%,1450,1269
2025/6/5,20:45,30729.7,31815.45,6679,6614.372,2355.92,1926.649,0.82,5.35,39585,88.55%,92.20%,1436,1195
2025/6/5,21:00,30389.7,31764.7,6657,6081.237,2379.08,1839.118,0.78,5.33,39585,87.58%,90.95%,1366,1248
2025/6/5,21:15,30098.7,31845.1,6576,5928.839,2421.08,1824.446,0.73,5.364,39585,86.53%,90.80%,1330,1261
2025/6/5,21:30,29880.7,31736.19,6500,6044.423,2437.2,1717.653,0.69,5.392,39585,85.75%,91.09%,1366,1250
2025/6/5,21:45,29590.7,31190.93,6426,6176.806,2456.49,1755.12,0.64,5.37,39585,84.78%,89.95%,1436,1237
2025/6/5,22:00,29372.7,31056.04,6350,6363.2,2555.36,1773.845,0.6,5.433,39585,83.79%,90.03%,1434,1235
2025/6/5,22:15,28839.7,30672.63,6274,6365.221,2597.08,1852.32,0.55,5.383,39585,82.14%,88.87%,1345,1195
2025/6/5,22:30,28767.7,30329.37,5906,5894.408,2630.38,1894.219,0.5,5.406,39585,80.95%,86.71%,1299,1200
2025/6/5,22:45,28258.7,29678.23,5549,5763.496,2668.35,1913.304,0.45,5.412,39585,78.66%,84.69%,1242,1125
2025/6/5,23:00,28112.7,29516.38,5187,5156.661,2698.88,2048.616,0.4,5.385,39585,77.30%,82.40%,1235,1126
2025/6/5,23:15,27798.7,29475.92,4884,4743.797,2723.62,2161.086,0.35,4.605,39585,75.68%,80.98%,1234,400
2025/6/5,23:30,27410.7,28847.72,4884,4893.66,2724.16,2223.275,0.3,4.601,39585,74.70%,79.61%,1188,1086
2025/6/5,23:45,27071.7,28130.77,4884,5044.771,2719.1,2271.461,0.26,4.626,39585,73.86%,78.06%,1126,398.4
2025/6/5,24:00,27107.7,28092.87,4884,4992.393,2752.03,2324.196,0,4.676,39585,73.87%,77.70%,1090.88,395
2025/6/6,00:15,28766,29091.88,5260,6011.212,2444.2,2315.794,0,4.643,40670,77.65%,80.61%,624,1085
2025/6/6,00:30,28328.5,28944.54,5258,6089.437,2453.28,2379.344,0,4.657,40670,76.55%,80.28%,956,624
2025/6/6,00:45,27949.2,28792.58,5257,5808.077,2467.69,2490.75,0,4.634,40670,75.58%,78.94%,899,623
2025/6/6,01:00,27832.6,28436.93,5256,5879.754,2486.09,2597.251,0,4.628,40670,75.25%,77.98%,954,622
2025/6/6,01:15,27686.7,27981.03,5255,5834.842,2498.12,2650.48,0,4.635,40670,74.86%,76.62%,624,623
2025/6/6,01:30,27511.7,27790.25,5251,5713.691,2502.08,2743.055,0,4.656,40670,74.41%,75.62%,621,487
2025/6/6,01:45,27365.8,27528.91,5248,5595.866,2511.09,2775.316,0,4.64,40670,74.02%,74.61%,487,487
2025/6/6,02:00,27249.2,27373.95,5245,5794.747,2499.5,2766.27,0,4.633,40670,73.75%,74.74%,488,488
2025/6/6,02:15,27132.5,27423.9,5242,5444.659,2487.96,2756.432,0,4.63,40670,73.49%,74.03%,487,489
2025/6/6,02:30,27015.8,27186.02,5242,5547.923,2458.68,2821.31,0,4.655,40670,73.27%,73.54%,390,488
2025/6/6,02:45,26870,26909.63,5242,5501.783,2425.66,2792.309,0,4.688,40670,72.99%,72.82%,401,487
2025/6/6,03:00,26753.3,27004.91,5242,5440.167,2381.32,2739.9,0,4.651,40670,72.82%,73.03%,380,487
2025/6/6,03:15,26578.2,26704.17,5242,5601.728,2325.55,2619.78,0,4.652,40670,72.52%,72.98%,360,488
2025/6/6,03:30,26461.6,26490.6,5242,5590.466,2264.11,2544.238,0,4.604,40670,72.39%,72.61%,468,488
2025/6/6,03:45,26432.4,26165.84,5242,5612.411,2206.98,2507.297,0,4.646,40670,72.45%,71.96%,385,622
2025/6/6,04:00,26432.4,26261.64,5242,5552.529,2156.19,2464.623,0,4.658,40670,72.58%,72.15%,351,489
2025/6/6,04:15,26432.4,26109.64,5242,5524.834,2095.77,2390.24,0,4.661,40670,72.73%,71.89%,351,488
2025/6/6,04:30,26636.6,25966.26,5242,5744.21,2028.78,2289.503,0,4.642,40670,73.40%,72.33%,360,624
2025/6/6,04:45,26636.6,26186.44,5242,5499.216,1964.29,2201.02,0.12,4.674,40670,73.55%,72.49%,355,623
2025/6/6,05:00,26636.6,26254.6,5242,5634.166,1892.78,2135.794,4.91,5.509,40670,73.72%,73.14%,351,622
2025/6/6,05:15,26665.8,26370.45,5255,5692.222,1807.75,2078.299,49.92,45.423,40670,73.92%,73.61%,482,622
2025/6/6,05:30,26899.1,26857.45,5255,5502.198,1723.71,1934.014,170.31,234.443,40670,74.40%,74.23%,487,948
2025/6/6,05:45,27161.7,27078.78,5255,5447.958,1623.21,1816.625,408.34,616.799,40670,74.71%,73.99%,487,623
2025/6/6,06:00,27336.7,27105.68,5255,5702.982,1535.95,1733.293,786.62,1014.314,40670,74.43%,73.91%,487,624
2025/6/6,06:15,27453.4,27584.23,5259,5672.097,1452.78,1678.458,1297.68,1480.521,40670,73.67%,74.00%,398.2,622
2025/6/6,06:30,27511.7,27245.38,5394,6219.073,1384.31,1588.161,1937.99,2042.027,40670,72.74%,73.36%,351,489
2025/6/6,06:45,27453.4,26966.77,5531,6285.308,1330.4,1486.226,2713.27,2787.31,40670,71.16%,71.25%,351,488
2025/6/6,07:00,27132.5,26868.03,5667,5593.91,1304.33,1290.411,3670.09,3701.067,40670,68.42%,67.54%,318,386
2025/6/6,07:15,25871.7,26060.57,5875,6248.702,1322.48,1084.924,4745.34,4733.454,40670,63.14%,65.14%,284.4,294
2025/6/6,07:30,25300.9,25438.03,6362,6755.845,1243.23,875.906,5922.56,5932.69,40670,60.23%,62.42%,290,290
2025/6/6,07:45,24700,24809.12,6898,7350.185,1173.61,708.913,7198.36,7228.445,40670,57.11%,59.56%,271,270
2025/6/6,08:00,24159.3,24398.41,7418,7832.466,1078.56,576.094,8490.05,8565.129,40670,54.12%,56.77%,265,271.2
2025/6/6,08:15,23888.9,24099.76,7988,8376.7,1024.33,473.725,9761.6,9924.817,40670,51.86%,54.29%,250,265
2025/6/6,08:30,23618.5,23787.16,8222,8388.594,973.68,395.846,11032.62,11225.784,40670,48.77%,50.54%,230,255
2025/6/6,08:45,23438.2,23625.3,8460,8221.178,926.87,328.993,12258.88,12560.379,40670,46.01%,46.61%,210,239
2025/6/6,09:00,23197.9,23637.45,8695,8671.65,864.05,292.021,13423.54,13696.383,40670,43.29%,45.05%,192.34,200
2025/6/6,09:15,22957.6,23438.51,8901,9664.101,837.78,280.473,14499.1,14752.305,40670,40.62%,44.43%,30.9,30.74
2025/6/6,09:30,22687.2,23424.76,8900,9923.743,823.51,314.453,15483.9,15479.446,40670,37.57%,43.16%,30.63,30.92
2025/6/6,09:45,22416.8,23259.66,8900,10312.7,819.94,356.905,16354.41,16513.157,40670,34.77%,41.07%,34.72,35.24
2025/6/6,10:00,22266.6,23182.46,8900,10823.48,810.38,461.398,17097.24,17241.456,40670,32.60%,40.09%,0,23.69
2025/6/6,10:15,22296.6,23461.7,8902,11680.03,830.12,535.536,17739.3,17636.977,40670,31.05%,41.72%,63.8,0
2025/6/6,10:30,22266.6,23525.01,8663,12589.35,860.37,620.485,18271.82,18290.529,40670,29.01%,42.30%,81.6,0
2025/6/6,10:45,22206.5,23366.51,8431,12128.2,900.97,734.452,18689.41,18922.497,40670,27.16%,38.94%,77.38,0
2025/6/6,11:00,22987.6,23618.43,8199,11565.46,936.86,904.806,19019.73,18098.174,40670,27.61%,39.79%,77.42,0
2025/6/6,11:15,23282,24680.78,7911,11168.35,989.89,1045.659,19279.81,17787.318,40670,26.86%,41.84%,0,0
2025/6/6,11:30,23252.9,24834.18,7760,11026.47,1047.09,1135.726,19441.51,17453.457,40670,25.88%,42.47%,65.85,0
2025/6/6,11:45,23136.2,24816.38,7609,10968.68,1110.83,1287.085,19501.48,17083.476,40670,24.91%,42.82%,0,0
2025/6/6,12:00,22786.1,24249.02,7457,10585.69,1173.91,1482.082,19488.37,16937.616,40670,23.56%,40.36%,0,0
2025/6/6,12:15,22611.1,23892.93,7344,9060.613,1253.68,1609.97,19421.64,16351.114,40670,22.82%,36.86%,0,0
2025/6/6,12:30,22377.8,23617.38,7576,9446.633,1337.76,1710.224,19293.02,15984.238,40670,22.92%,37.79%,0,0
2025/6/6,12:45,22173.6,23619.06,7808,9778.291,1436.43,1684.588,19092.09,15628.827,40670,23.24%,39.55%,0,0
2025/6/6,13:00,22027.7,23540.05,8040,10177.27,1528.97,1775.124,18814.19,15318.929,40670,23.91%,40.87%,29.61,30.78
2025/6/6,13:15,21485.4,23345.79,8277,10492.19,1621.12,1832.357,18474.32,14674.656,40670,23.77%,42.61%,31.47,32.87
2025/6/6,13:30,21455.4,23102.54,8275,10966.6,1718.34,1914.416,18030.17,14445.081,40670,24.54%,43.54%,31.32,32.73
2025/6/6,13:45,21545.5,23154.93,8275,10742.14,1831.12,1876.27,17521.76,14281.435,40670,25.74%,43.62%,226.85,31.48
2025/6/6,14:00,21815.9,23470.31,8275,9929.626,1934.49,1968.723,16921.1,14151.546,40670,27.63%,42.49%,195.98,27.59
2025/6/6,14:15,22056.2,23988.16,8283,10301.65,2020.66,1911.753,16277.28,13701.923,40670,29.61%,45.92%,226.71,34.51
2025/6/6,14:30,22296.6,24383.98,8279,10291.86,2102.15,1949.45,15565.15,13876.016,40670,31.74%,46.35%,241.57,32.29
2025/6/6,14:45,22627.1,24769.29,8279,8556.545,2180.37,2000.487,14803.65,13079.308,40670,34.23%,44.86%,226.48,32.41
2025/6/6,15:00,22867.4,25138.78,8279,8345.363,2268.03,1925.869,14031.23,12808.128,40670,36.51%,46.10%,217.57,32.11
2025/6/6,15:15,23258,25543.78,8290,8913.434,2349.85,1918.547,13212.19,12022.708,40670,39.31%,50.44%,252.7,161.06
2025/6/6,15:30,23768.7,26182.73,8210,8597.807,2419.98,2035.959,12391.38,11312.415,40670,42.21%,52.70%,254.55,200
2025/6/6,15:45,24850.3,26476.08,8131,8444.354,2489.37,2079.614,11552.6,10780.24,40670,46.57%,54.24%,273.38,236
2025/6/6,16:00,25661.4,26892.69,8052,8477.706,2574.66,2129.969,10627.54,9698.098,40670,50.43%,57.89%,276.9,270
2025/6/6,16:15,26202.2,27083.96,7956,8371.277,2636.06,2100.205,9708.03,8891.046,40670,53.64%,60.15%,271.2,260
2025/6/6,16:30,26743,27983.92,7583,7644.483,2677.03,2034.283,8704.54,7950.079,40670,56.42%,63.05%,290,280
2025/6/6,16:45,27283.7,28413.89,7240,7438.485,2708.87,1985.564,7744.86,7347.216,40670,59.18%,65.21%,300,282.2
2025/6/6,17:00,27914.6,28812.07,6883,7060.889,2578.6,1931.639,6761.59,6619.172,40670,62.60%,67.18%,351,290
2025/6/6,17:15,28215.1,29152.27,6608,6997.248,2557.74,1864.627,5774.56,5565.512,40670,65.14%,70.62%,390,345
2025/6/6,17:30,28906.1,29980.56,6707,6918.884,2559.29,1905.421,4798.34,4894.744,40670,69.47%,74.01%,489,351
2025/6/6,17:45,29266.6,30388.89,6813,7064.09,2483.79,1980.288,3871.85,3817.538,40670,73.09%,77.83%,624,398.2
2025/6/6,18:00,29777.3,30646.84,6917,7202.007,2459.06,2008.108,3048.33,3122.144,40670,76.68%,80.45%,1085,489
2025/6/6,18:15,30408.2,30965.94,6976,7245.247,2447.76,1970.978,2337.47,2491.989,40670,80.15%,82.98%,1364,619
2025/6/6,18:30,30828.8,31349.84,6976,7169.2,2492.11,1856.377,1724.88,1892.577,40670,82.59%,85.49%,1366,958
2025/6/6,18:45,31219.4,31534.52,6976,7433.159,2545,1898.94,1206.7,1349.855,40670,84.69%,87.83%,1418,956
2025/6/6,19:00,31770.6,31650.89,6976,7504.719,2609.5,1939.958,764.38,901.224,40670,86.97%,89.29%,1418,1172
2025/6/6,19:15,31952.6,31969.14,6976,7271.601,2694.68,1929.124,421.56,496.428,40670,88.06%,90.52%,1418,1088
2025/6/6,19:30,32165.6,32036.36,6913,7558.371,2772.17,2048.175,197.34,164.718,40670,88.79%,91.92%,1418,1174
2025/6/6,19:45,32378.6,32557.72,6850,7383.835,2856.5,2268.716,60.12,21.739,40670,89.28%,92.58%,1418,1178
2025/6/6,20:00,32499.6,32784.51,6787,7273.154,2968.57,2454.922,4.94,6.555,40670,89.29%,92.44%,1418,1091
2025/6/6,20:15,32499.6,32968.05,6724,7240.138,3037.34,2637.653,0.03,3.93,40670,88.98%,92.37%,1418,1174
2025/6/6,20:30,32469.6,33054.04,6701,7000.704,3067.4,2904.138,0,3.85,40670,88.77%,91.34%,1418,1175
2025/6/6,20:45,32347.6,32958.29,6679,7284.73,3125.36,3216.304,0,3.689,40670,88.27%,91.03%,1418,1173
2025/6/6,21:00,32195.6,32788.92,6657,7038.577,3202.18,3815.614,0,4.044,40670,87.66%,88.54%,1418,1173
2025/6/6,21:15,31952.6,32457.29,6576,7046.464,3268.71,4161.239,0,4.049,40670,86.70%,86.89%,1174,1174
2025/6/6,21:30,31588.6,32237.27,6500,6856.504,3343.94,4065.142,0,4.014,40670,85.43%,86.12%,1150,1170
2025/6/6,21:45,31254.6,31905.35,6426,6859.349,3428.08,3997.184,0,4.01,40670,84.22%,85.48%,954,1086
2025/6/6,22:00,30889.6,31496.42,6350,6792.085,3521.69,3734.132,0,4.036,40670,82.91%,84.95%,623,1035
2025/6/6,22:15,30525.6,31286.7,6274,6807.175,3611.85,3855.656,0,4.006,40670,81.60%,84.18%,850,954
2025/6/6,22:30,30160.6,31051.41,5906,6146.957,3695.41,3977.65,0,4.954,40670,79.59%,81.67%,624,900
2025/6/6,22:45,29765.6,30728.25,5549,5903.172,3786.38,4119.876,0,4.972,40670,77.52%,79.93%,622,622
2025/6/6,23:00,29462.6,30271.89,5187,5435.845,3862.58,4139.85,0,4.972,40670,75.70%,77.61%,489,487
2025/6/6,23:15,29127.6,30008.05,4884,5215.829,3968.16,4024.491,0,4.228,40670,73.87%,76.70%,488,488
2025/6/6,23:30,28733.6,29718.61,4884,5232.978,4059.31,4038.198,0,4.244,40670,72.68%,76.00%,487,351
2025/6/6,23:45,28277.6,29236.07,4884,5223.613,4146.93,4055.425,0,4.216,40670,71.34%,74.75%,487,482
2025/6/6,24:00,28095.6,28907.8,4884,5232.535,4209.2,4434.648,0,4.22,40670,70.74%,73.03%,487.01,351
2025/6/7,00:15,29225,29820.13,5260,6529.221,4808.81,4416.23,0.05,4.279,40370,73.51%,79.09%,320,318
2025/6/7,00:30,29004,29905.88,5255,6529.221,4804.18,4384.126,0.1,4.398,40370,72.96%,79.38%,300,308
2025/6/7,00:45,28758,29846.12,5252,6529.221,5020.99,4633.514,0.15,4.28,40370,71.81%,78.62%,295,295
2025/6/7,01:00,28440,29239.6,5248,6529.221,5027.57,4860.825,0.21,4.243,40370,70.99%,76.55%,295,300
2025/6/7,01:15,27998,29045.02,5245,6529.221,5135.71,4801.385,0.26,4.255,40370,69.62%,76.22%,295,295
2025/6/7,01:30,27653,29018.23,5244,6529.221,5131.41,4764.861,0.3,4.28,40370,68.78%,76.24%,280,282
2025/6/7,01:45,27432,28618.68,5243,6529.221,5110.31,4768.858,0.35,4.299,40370,68.28%,75.24%,280,289
2025/6/7,02:00,27335,28301.91,5242,6529.221,5292.48,4625.541,0.4,4.279,40370,67.59%,74.81%,280,282
2025/6/7,02:15,27261,28076.85,5242,6529.221,5444.8,4427.358,0.45,4.237,40370,67.02%,74.74%,280,280
2025/6/7,02:30,27064,27970.76,5242,6529.221,5363.97,4352.426,0.5,4.28,40370,66.74%,74.67%,279,280
2025/6/7,02:45,26917,27882.16,5242,6529.221,5270.48,4102.008,25.55,4.251,40370,66.54%,75.07%,276,279
2025/6/7,03:00,26794,27751.41,5242,6529.221,5172.52,4105.972,25.6,4.282,40370,66.48%,74.73%,280,282
2025/6/7,03:15,26598,27481.84,5242,6529.221,5120.45,4043.014,25.64,4.243,40370,66.12%,74.22%,282,280
2025/6/7,03:30,26475,27643.62,5242,6529.221,5064.48,4068.256,25.69,4.273,40370,65.96%,74.56%,280,279
2025/6/7,03:45,26303,27233.32,5242,6529.221,4971.64,3858.695,25.73,4.25,40370,65.76%,74.06%,280,280
2025/6/7,04:00,26205,27424.96,5242,6529.221,4890.38,3657.871,25.78,4.272,40370,65.72%,75.04%,280,280
2025/6/7,04:15,26205,27175.7,5242,6529.221,4817.1,3594.467,25.82,4.318,40370,65.90%,74.58%,276,280
2025/6/7,04:30,26106,27021.01,5242,6529.221,4754.83,3445.783,25.87,4.251,40370,65.81%,74.56%,282,280
2025/6/7,04:45,26082,27178.61,5242,6529.221,4689.89,3345.679,26,4.27,40370,65.91%,75.20%,280,280
2025/6/7,05:00,26230,27178.93,5242,6529.221,4626.13,3215.288,30.54,5.743,40370,66.42%,75.52%,280,280
2025/6/7,05:15,26401,27418.62,5255,6529.221,4570.34,3268.06,68.18,58.42,40370,66.92%,75.85%,290,282
2025/6/7,05:30,26769,27604.33,5255,6529.221,4540.45,3342.449,170.54,277.174,40370,67.66%,75.59%,290,285
2025/6/7,05:45,27089,27479.4,5255,6529.221,4514.28,3588.235,369.8,654.947,40370,68.02%,73.73%,290,285
2025/6/7,06:00,27580,27493.68,5255,6529.221,4479.56,3690.795,689.08,1152.217,40370,68.53%,72.28%,282,294
2025/6/7,06:15,27752,27625.59,5259,6529.221,4436.59,3627.251,1101.04,1633.782,40370,68.05%,71.57%,270,282
2025/6/7,06:30,27556,27432.85,5394,6529.221,4410.56,3702.818,1609.47,2188.8,40370,66.71%,69.53%,266.1,282
2025/6/7,06:45,27335,27049.08,5531,6529.221,4388.53,3643.485,2199.22,2783.382,40370,65.09%,67.26%,260,280
2025/6/7,07:00,26980,26749.52,5667,6529.221,4385.56,3638.69,2890.03,3429.648,40370,62.85%,64.93%,260,275
2025/6/7,07:15,26693,26103.25,5875,6529.221,3977.51,3691.658,3644.68,4184.978,40370,61.79%,61.32%,250,265
2025/6/7,07:30,26249,25619.89,6359,6529.221,3916.56,3600.56,4495.31,5185.405,40370,59.94%,57.87%,253,265
2025/6/7,07:45,25937,25451.99,6891,6529.221,3678.31,3556.178,5281.7,6173.621,40370,59.12%,55.12%,240,260
2025/6/7,08:00,25623,25372.2,7407,6529.221,3554.42,3566.379,6179.59,7160.676,40370,57.71%,52.45%,231,255
2025/6/7,08:15,24919,25211.77,7973,6529.221,3411.14,3404.818,7064.73,8192.903,40370,55.53%,49.90%,239.73,253
2025/6/7,08:30,24685,25154.48,8211,6529.221,3343.76,3336.758,7954.89,9116.577,40370,53.50%,47.64%,233,255
2025/6/7,08:45,24502,25399.02,8453,6529.221,3266.49,3268.932,8804.54,10061.673,40370,51.73%,46.07%,230,250
2025/6/7,09:00,24373,25282.47,8692,6529.221,3167.63,3079.813,9625.01,10965.408,40370,50.22%,44.01%,220,230
2025/6/7,09:15,24190,25335.37,8901,6529.221,3094.49,2820.946,10418.15,11778.424,40370,48.50%,42.77%,220,248.17
2025/6/7,09:30,24033,25262.6,8900,6529.221,3041.52,2557.055,11150.59,12265.529,40370,46.42%,42.03%,198.54,221.99
2025/6/7,09:45,23981,25288.81,8900,6529.221,3003.98,2393.723,11821.28,13012.985,40370,44.73%,40.65%,201.28,230
2025/6/7,10:00,24007,25145.03,8900,6529.221,2946.19,2204.103,12399.04,13621.757,40370,43.50%,39.26%,200.42,220
2025/6/7,10:15,24085,25399.48,8902,6529.221,2881.82,2051.331,12954.96,14021.805,40370,42.48%,39.28%,206.94,230.19
2025/6/7,10:30,24242,25240.82,8663,6529.221,2836.15,1946.805,13462.26,14505.483,40370,41.14%,37.94%,207.07,230.23
2025/6/7,10:45,24373,25255.55,8431,6529.221,2785.56,1896.666,13878.86,14865.857,40370,39.98%,37.21%,205.16,218.46
2025/6/7,11:00,24999,25676.8,8199,6529.221,2714.06,1833.364,14259.4,14969.141,40370,40.19%,38.16%,199.46,221.6
2025/6/7,11:15,25545,26463.51,7911,6529.221,2646.35,1837.208,14572.32,15690.247,40370,40.22%,38.31%,225.67,226.27
2025/6/7,11:30,25528,26248.07,7760,6529.221,2561.04,1775.461,14817.31,16109.701,40370,39.41%,36.89%,224.61,223.24
2025/6/7,11:45,25503,26036.53,7609,6529.221,2487.76,1531.43,14986.99,16778.173,40370,38.73%,35.31%,0.02,212.19
2025/6/7,12:00,25427,25811.88,7457,6529.221,2413.29,1647.477,15087.65,16931.874,40370,38.11%,34.09%,30.03,217.73
2025/6/7,12:15,25275,24945.7,7344,6529.221,2356.78,1648.372,15097.23,17167.561,40370,37.56%,31.36%,31.96,207.79
2025/6/7,12:30,25122,24831,7576,6529.221,2303.29,1619.385,15104.18,16804.919,40370,37.88%,32.04%,32.09,207.09
2025/6/7,12:45,25046,24584.59,7808,6529.221,2261.98,1688.263,14955.04,16862.554,40370,38.73%,31.12%,32.06,206.99
2025/6/7,13:00,24996,24018.93,8040,6529.221,2224.16,1737.226,14725.63,16760.441,40370,39.85%,29.85%,32.15,221.17
2025/6/7,13:15,25021,23801.32,8277,6529.221,2212.2,1727.28,14457.67,16524.463,40370,41.19%,29.92%,32.2,215.45
2025/6/7,13:30,25224,24149.63,8275,6529.221,2216.9,1808.949,14108.75,15669.446,40370,42.54%,32.70%,32.01,209.39
2025/6/7,13:45,25122,23838.26,8275,6529.221,2223.16,1932.525,13666.18,15471.722,40370,43.37%,32.11%,32.09,229.29
2025/6/7,14:00,25376,24301.41,8275,6529.221,2239.78,2028.163,13214.72,14877.072,40370,45.07%,34.49%,31.85,229.9
2025/6/7,14:15,25806,24679.63,8283,6529.221,2277.46,2061.257,12693.3,14290.684,40370,47.36%,36.80%,138.77,233.47
2025/6/7,14:30,26067,25226.38,8279,6529.221,2292.62,2166.9,12137.8,13680.804,40370,49.33%,39.41%,232.8,241.48
2025/6/7,14:45,26407,26032.92,8279,6529.221,2319.93,2450.516,11548.8,12966.677,40370,51.57%,42.47%,241.15,244.3
2025/6/7,15:00,26771,26720.4,8279,6529.221,2368.54,2693.307,10980.63,11795.704,40370,53.75%,46.47%,241.37,257.42
2025/6/7,15:15,27006,27277.4,8290,6529.221,2420.46,2927.665,10405.57,10926.878,40370,55.66%,49.42%,250,254.84
2025/6/7,15:30,27397,27969.18,8210,6529.221,2478.68,2858.768,9803.95,9925.836,40370,57.78%,53.79%,264.31,257.85
2025/6/7,15:45,27840,28128.5,8131,6529.221,2546.04,3237.155,9160.05,9022.351,40370,60.11%,55.48%,262.18,264.88
2025/6/7,16:00,28441,27941.4,8052,6529.221,2624.59,3505.163,8494.29,8028.844,40370,62.85%,56.82%,279,268
2025/6/7,16:15,29040,28257.92,7956,6529.221,2699.43,3550.357,7775.77,6828.606,40370,65.69%,60.46%,265.55,278.94
2025/6/7,16:30,29353,28699.37,7584,6529.221,2748.55,3694.178,7039.13,6121.821,40370,67.25%,62.95%,269,282
2025/6/7,16:45,29510,29297.19,7242,6529.221,2722.43,4043.821,6265.48,5441.886,40370,68.77%,65.25%,280,282
2025/6/7,17:00,29691,29159.73,6886,6529.221,2775.2,4566.176,5524.09,4654.539,40370,70.05%,65.56%,279,298
2025/6/7,17:15,29927,29798.33,6612,6529.221,2800.64,4873.184,4762.83,4065.852,40370,71.77%,67.84%,282.2,300
2025/6/7,17:30,30424,30361.55,6710,6529.221,2852.69,4938.325,4038.2,3488.868,40370,74.91%,70.51%,290,310
2025/6/7,17:45,30474,30431.01,6815,6529.221,2896.81,5004.092,3327.48,3004.468,40370,76.95%,71.72%,295,320
2025/6/7,18:00,30829,30679.51,6918,6529.221,2953.37,4901.946,2666.8,2509.928,40370,79.58%,73.81%,298,340
2025/6/7,18:15,30829,30996.46,6976,6529.221,2963.02,4599.293,2078.42,2031.556,40370,81.16%,76.53%,308,348
2025/6/7,18:30,31032,31015.32,6976,6529.221,3039.92,4646.632,1543.21,1551.719,40370,82.80%,77.65%,350,350
2025/6/7,18:45,31286,31154.13,6976,6529.221,3121.54,4451.226,1087.36,1186.331,40370,84.35%,79.38%,348,370
2025/6/7,19:00,31337,31482.76,6976,6529.221,3193.01,4412.736,688.03,791.406,40370,85.29%,81.27%,345,390
2025/6/7,19:15,31656,31312.81,6976,6529.221,3296.05,4651.745,382.41,444.886,40370,86.58%,81.11%,345,370
2025/6/7,19:30,31730,31553.39,6913,6529.221,3394.51,4818.164,173.98,208.973,40370,86.88%,81.88%,348,390
2025/6/7,19:45,32039,31855.5,6850,6529.221,3487.59,4657.428,57.66,43.521,40370,87.55%,83.44%,350,392
2025/6/7,20:00,32169,32016.87,6787,6529.221,3615.67,4699.786,5.33,7.262,40370,87.53%,83.82%,357,380
2025/6/7,20:15,32300,31913.31,6724,6529.221,3675.79,4881.065,0.93,4.299,40370,87.56%,83.12%,350,390
2025/6/7,20:30,32275,32074.11,6701,6529.221,3728.72,5148.717,0.87,4.168,40370,87.31%,82.86%,350,392
2025/6/7,20:45,32123,32079.13,6679,6529.221,3766.68,5383.525,0.82,5.067,40370,86.78%,82.29%,350,365
2025/6/7,21:00,31895,31760.62,6657,6529.221,3822.95,5508.997,0.78,5.25,40370,86.02%,81.19%,360,389
2025/6/7,21:15,31717,31668.13,6576,6529.221,3869.55,5632.388,0.73,5.257,40370,85.27%,80.65%,320,390
2025/6/7,21:30,31540,31573.72,6500,6529.221,3920.42,5386.853,0.69,5.297,40370,84.52%,81.03%,316,364.13
2025/6/7,21:45,31210,31389.54,6426,6529.221,3956.63,5047.496,0.64,5.241,40370,83.43%,81.41%,300,365
2025/6/7,22:00,31032,30726.03,6350,6529.221,4027.43,4786.895,0.6,5.25,40370,82.62%,80.41%,308,360
2025/6/7,22:15,30728,30790.22,6274,6529.221,4104.82,4504.154,0.55,5.266,40370,81.49%,81.27%,310,335
2025/6/7,22:30,30474,30403.04,5906,6529.221,4175.96,4313.965,0.5,5.26,40370,79.77%,80.79%,305,340
2025/6/7,22:45,29967,30066.12,5549,6529.221,4199.79,4029.568,0.45,5.248,40370,77.57%,80.66%,318,310
2025/6/7,23:00,29612,29682.14,5187,6529.221,4207.5,3668.616,0.4,5.242,40370,75.78%,80.60%,308,310
2025/6/7,23:15,29257,29681.01,4884,6529.221,4212.56,3524.189,0.35,4.517,40370,74.13%,80.95%,309,300
2025/6/7,23:30,28876,29368.59,4884,6529.221,4172.89,3330.235,0.3,4.524,40370,73.29%,80.66%,320,299
2025/6/7,23:45,28471,28920.26,4884,6529.221,4123.75,3229.527,0.26,4.518,40370,72.41%,79.80%,320,295
2025/6/7,24:00,28318,28773.28,4884,6529.221,4195.59,3045.667,0,4.485,40370,71.85%,79.89%,318,290
2025/6/8,00:15,29746.3,29665.62,5491,5467.881,3816.06,2864.384,0,4.487,41230,76.21%,78.26%,1137,1055
2025/6/8,00:30,29644.6,29523.5,5489,5616.582,3702.76,2659.599,0,4.523,41230,76.23%,78.77%,1135,900
2025/6/8,00:45,29415.8,29244.58,5488,5566.522,3612.15,2586.08,0,4.535,41230,75.90%,78.15%,1134,597
2025/6/8,01:00,29161.5,28845.14,5487,5608.739,3533.49,2485.655,0,4.567,41230,75.47%,77.53%,1116,1049
2025/6/8,01:15,28907.3,28553.09,5487,5406.473,3468.03,2413.696,0,4.592,41230,75.01%,76.50%,1056,596
2025/6/8,01:30,28653,28259.38,5471,5525.956,3390.64,2453.103,0,4.492,41230,74.54%,75.98%,1056,598
2025/6/8,01:45,28373.4,28301.23,5456,5446.306,3317.51,2408.076,0,4.519,41230,74.00%,76.00%,1055,510
2025/6/8,02:00,28093.7,27951.74,5441,5463.151,3235.31,2374.758,0,4.521,41230,73.49%,75.27%,1056,597
2025/6/8,02:15,27890.3,28032.59,5423,5680.606,3139.91,2431.361,0,4.533,41230,73.18%,75.86%,1056,597
2025/6/8,02:30,27763.2,27821.35,5423,5545.031,3071.31,2421.861,0,4.511,41230,73.04%,75.04%,599,410
2025/6/8,02:45,27661.5,27561.38,5423,5727.768,2993.77,2400.936,0,4.524,41230,72.98%,74.91%,598,450
2025/6/8,03:00,27509,27399.75,5423,5517.438,2927.1,2466.608,0,4.522,41230,72.77%,73.84%,588,597
2025/6/8,03:15,27331,27255.32,5423,5355.194,2865.48,2530.467,0,4.521,41230,72.49%,72.95%,396,596
2025/6/8,03:30,27229.3,27356.09,5423,5406.52,2800.51,2600.865,0,4.525,41230,72.40%,73.14%,450,396
2025/6/8,03:45,27153,27250.14,5423,5470.421,2742.1,2543.53,0,4.488,41230,72.36%,73.18%,390,581
2025/6/8,04:00,27102.2,27089.96,5423,5489.576,2690.18,2453.192,0,4.51,41230,72.36%,73.06%,390,415
2025/6/8,04:15,27000.5,27036.45,5423,5513.974,2643.53,2408.232,0,4.531,41230,72.23%,73.10%,395,598
2025/6/8,04:30,27000.5,27077.86,5423,5327.063,2590.3,2348.249,0.01,4.534,41230,72.36%,72.89%,360,450
2025/6/8,04:45,27102.2,27010.53,5423,5430.664,2531.9,2279.321,0.16,4.538,41230,72.75%,73.14%,410,600
2025/6/8,05:00,27229.3,27203.11,5423,5474.116,2465.92,2235.058,4.97,4.638,41230,73.20%,73.82%,588,588
2025/6/8,05:15,27254.7,27240.7,5436,5491.203,2388.57,2226.994,53.1,44.638,41230,73.37%,73.88%,588,834
2025/6/8,05:30,27331,27546.1,5448,5582.405,2316.16,2202.23,176.6,238.918,41230,73.46%,74.43%,598,597
2025/6/8,05:45,27432.7,27720.05,5460,5435.358,2238.43,2080.78,408.35,596.281,41230,73.36%,73.92%,597,597
2025/6/8,06:00,27534.4,27756.46,5472,5412.966,2160.62,1978.022,771.37,1023.481,41230,72.94%,73.17%,410,597
2025/6/8,06:15,27534.4,27578.66,5491,5560.271,2048.45,1873.43,1254.14,1510.119,41230,72.09%,72.17%,410,410
2025/6/8,06:30,27509,27461.73,5626,5773.434,1950.14,1803.881,1861.1,2050.505,41230,71.12%,71.26%,351,398.2
2025/6/8,06:45,27219.7,27034.34,5763,5699.46,1874.15,1675.632,2594.49,2778.127,41230,69.16%,68.59%,350,351
2025/6/8,07:00,26837.4,26590.55,5899,6069.135,1823.88,1550.43,3480.17,3688.413,41230,66.53%,66.51%,305,351
2025/6/8,07:15,26345.8,25979.84,6107,6301.926,1731.84,1395.247,4502.06,4637.242,41230,63.59%,63.67%,295,291
2025/6/8,07:30,25298.6,25700.9,6605,6579.181,1737.01,1186.077,5610.57,5690.078,41230,59.56%,61.62%,285,282.2
2025/6/8,07:45,24847.1,25095.27,7152,7033.431,1640.1,1043.519,6810.18,6879.78,41230,57.12%,58.71%,275,275
2025/6/8,08:00,24608,24658.46,7683,7777.72,1520.66,927.046,8035.16,8055.956,41230,55.14%,56.88%,270,265
2025/6/8,08:15,24422,24461.25,8266,8282.53,1448.21,827.291,9271.93,9224.457,41230,53.28%,55.04%,270,265.55
2025/6/8,08:30,24262.7,24159.45,8477,8482.559,1417.28,745.473,10496.25,10396.792,41230,50.51%,52.15%,239,254.45
2025/6/8,08:45,24183,23834.9,8693,8842.123,1386.48,725.804,11666.86,11633.698,41230,48.08%,49.28%,255,250
2025/6/8,09:00,24129.8,24101.46,8906,8915.491,1337.41,708.124,12802.43,12966.469,41230,45.83%,46.91%,235,230
2025/6/8,09:15,24023.6,23500.33,9090,9269.189,1339.76,716.779,13879.06,13999.851,41230,43.40%,43.79%,230,230
2025/6/8,09:30,23997,23234.63,9089,9030.884,1360.96,729.343,14876.72,14899.163,41230,40.86%,40.35%,31.77,230
2025/6/8,09:45,23943.9,23159.36,9089,9219.343,1396.91,804.086,15794.41,15883.562,41230,38.42%,38.06%,31.69,27.02
2025/6/8,10:00,23864.2,22966.43,9089,9148.491,1420.17,818.369,16577.91,15095.73,41230,36.27%,39.29%,31.89,30.44
2025/6/8,10:15,23917.3,23220.57,9091,9445.8,1478.77,978.757,17270.75,15253.79,41230,34.58%,39.86%,32.08,30.31
2025/6/8,10:30,24023.6,23411.71,8828,9186.758,1560.25,1171.59,17908.1,15531.871,41230,32.46%,38.55%,31.84,30.63
2025/6/8,10:45,24262.7,23320.89,8572,9195.817,1650.16,1391.098,18392.14,15765.468,41230,31.03%,37.25%,31.48,30.34
2025/6/8,11:00,24289.2,23477.29,8316,8852.94,1737.56,1580.611,18821.31,15012.619,41230,29.22%,38.17%,31.23,30.17
2025/6/8,11:15,25112.7,24566.89,8003,8501.697,1835.17,1755.696,19179.89,15539.363,41230,29.35%,38.26%,29.56,30.11
2025/6/8,11:30,25192.4,24770.9,7852,7771.988,1948.89,2054.684,19423.04,15272.118,41230,28.31%,36.91%,30.8,30.04
2025/6/8,11:45,25059.6,24493.74,7701,7568.594,2063.09,2137.615,19564.6,14434.041,41230,27.00%,37.57%,30.45,29.86
2025/6/8,12:00,24608,23811.81,7549,7687.505,2182.54,2119.862,19619.47,14345.817,41230,25.12%,36.46%,30.47,30.03
2025/6/8,12:15,23860.4,23758.38,7436,7836.113,2314.03,1978.097,19588.02,14219.746,41230,22.79%,37.34%,31.8,31.79
2025/6/8,12:30,23572,23515.29,7668,8082.743,2446,2091.621,19473.49,14065.673,41230,22.61%,37.45%,31.53,31.63
2025/6/8,12:45,23412.6,23519.59,7900,8384.479,2588.57,2242.683,19303.6,13917.737,41230,22.85%,38.18%,31.32,31.54
2025/6/8,13:00,23226.7,23514.38,8132,8470.737,2723.97,2444.616,19057.18,13130.215,41230,23.23%,39.80%,31.8,31.53
2025/6/8,13:15,23120.4,23126.17,8369,8901.509,2823.36,2553.842,18748.77,13393.539,41230,24.05%,39.00%,31.82,31.54
2025/6/8,13:30,23120.4,23442.89,8367,8569.484,2936.67,3383.584,18378.56,13103.534,41230,24.67%,37.66%,31.7,31.4
2025/6/8,13:45,23289.4,23369.24,8367,9838.679,3038.51,4049.851,17860.24,13096.004,41230,26.09%,38.96%,31.8,31.4
2025/6/8,14:00,23555.3,23896,8367,12012.61,3149.34,4290.602,17298.16,14129.831,41230,27.83%,42.42%,31.53,31.31
2025/6/8,14:15,23998.4,23998.85,8375,11404.07,3245.23,4141.47,16687.13,14239.864,41230,30.17%,41.28%,219.36,30.77
2025/6/8,14:30,24220,24354.15,8371,10635.46,3325.45,4439.078,16040.08,13884.642,41230,32.08%,40.42%,201.44,30.84
2025/6/8,14:45,24663.2,24227.94,8371,10339.68,3401.85,4503.122,15313.81,13535.775,41230,34.73%,40.09%,216.65,30.85
2025/6/8,15:00,25017.7,24332.88,8371,9838.192,3476.8,4302.767,14577.79,12957.17,41230,37.19%,41.02%,190.6,27.53
2025/6/8,15:15,25644,24748.41,8382,8848.581,3495.2,4446.053,13828.55,12543.376,41230,40.51%,40.28%,30,230.33
2025/6/8,15:30,25962.7,25178,8314,8266.909,3486.26,4226.995,13063.24,11971.592,41230,43.00%,41.83%,209.09,204
2025/6/8,15:45,26706.5,25367.53,8247,8124.824,3488.99,4180.695,12223.23,11558.757,41230,46.67%,43.06%,236.68,256
2025/6/8,16:00,27051.8,25679.02,8180,8151.318,3515.97,3925.613,11331.93,10577.249,41230,49.44%,46.88%,238.15,255
2025/6/8,16:15,27211.2,26211.7,8099,8110.295,3539.78,3806.152,10379.93,10270.598,41230,51.88%,49.10%,250,265
2025/6/8,16:30,27662.8,26785.55,7748,7971.083,3494.31,3531.337,9395.08,9523.972,41230,54.62%,52.63%,262.1,260
2025/6/8,16:45,28247.2,27408.1,7427,7511.836,3438.89,3233.462,8376.12,8752.019,41230,57.87%,55.63%,265,282.2
2025/6/8,17:00,28858.2,27698.37,7092,7112.135,3379.43,3083.93,7351.99,7775.058,41230,61.17%,58.09%,270,291
2025/6/8,17:15,29416,28508.92,6840,6814.826,3079.03,2806.695,6322.95,6755.846,41230,65.13%,62.48%,285,318
2025/6/8,17:30,29814.4,29481.18,6950,6822.388,2987.09,2487.801,5322.67,5643.086,41230,69.01%,68.33%,350,351
2025/6/8,17:45,30505.1,30000.41,7067,7074.254,2885.63,2276.161,4313.21,4527.669,41230,73.67%,73.42%,581,588
2025/6/8,18:00,30850.4,30696.4,7182,7087.233,2773.16,2054.706,3397.6,3432.879,41230,77.28%,78.33%,1055,1055
2025/6/8,18:15,31248.9,31110.43,7254,7147.4,2699.95,1834.031,2618.4,2483.097,41230,80.49%,82.32%,1326,1134
2025/6/8,18:30,31434.8,31480.17,7254,7330.188,2664.65,1532.456,1947.07,1874.32,41230,82.65%,85.87%,1456,1135
2025/6/8,18:45,31700.4,31502.2,7254,7376.66,2646.54,1347.948,1368.26,1491.071,41230,84.74%,87.41%,1456,1228
2025/6/8,19:00,31780.1,31956.82,7254,7342.412,2599.39,1181.576,874.58,1063.258,41230,86.25%,89.87%,1500,1330.64
2025/6/8,19:15,32125.5,32350.89,7254,7199.075,2628.05,1122.634,488.22,656.65,41230,87.95%,91.61%,1500,1331.51
2025/6/8,19:30,32258.3,32149.35,7221,7291.271,2674.06,1161.862,226.86,296.76,41230,88.72%,92.12%,1500,1332.39
2025/6/8,19:45,32417.7,32472.99,7188,7081.033,2729.18,1235.641,76.8,32.18,41230,89.25%,92.86%,1500,1332.38
2025/6/8,20:00,32816.1,32722.22,7155,7193.195,2838.81,1412.761,5.41,10.817,41230,90.05%,93.36%,1500,1376.9
2025/6/8,20:15,33028.6,32798.3,7122,6160.834,2877.87,1639.389,0.07,9.979,41230,90.40%,90.49%,1500,1375.29
2025/6/8,20:30,33028.6,32898.32,7099,5813.703,2905.77,1897.817,0.01,5.432,41230,90.28%,89.28%,1456,1375.33
2025/6/8,20:45,32853.8,32767.49,7077,5614.391,2944.53,2193.522,0,5.282,41230,89.71%,87.76%,1400,1369.15
2025/6/8,21:00,32534.8,32373.99,7055,6134.115,3037.72,2431.19,0,5.652,41230,88.65%,87.49%,1400,1331.48
2025/6/8,21:15,32162.5,32466.14,6974,6066.261,3119.13,2681.819,0,5.702,41230,87.36%,86.94%,1363,1330.47
2025/6/8,21:30,31683.9,32044.99,6857,6854.85,3178.28,3140.991,0,5.629,41230,85.77%,86.72%,1364,1299
2025/6/8,21:45,31471.2,31800.39,6742,6910.202,3242.26,3536.722,0,5.651,41230,84.82%,85.30%,1325,1229
2025/6/8,22:00,31152.1,31507.45,6625,6641.555,3325.11,3837.347,0,5.649,41230,83.56%,83.21%,1162,1134
2025/6/8,22:15,30859.6,31302.74,6505,6470.129,3481.06,4142.328,0,5.67,41230,82.18%,81.55%,1100,1136
2025/6/8,22:30,30593.7,30397.58,6137,6293.525,3602.97,4540.206,0,5.664,41230,80.35%,77.97%,1029,1057
2025/6/8,22:45,30327.8,30157.46,5780,5747.34,3732.21,4966.594,0,5.662,41230,78.52%,75.02%,450,598
2025/6/8,23:00,30008.7,29551.1,5418,5381.592,3861.55,5349.629,0,5.662,41230,76.56%,71.74%,350,597
2025/6/8,23:15,29556.7,29533.31,5114,5176.718,4025.86,5646.706,0,4.903,41230,74.33%,70.48%,351,410
2025/6/8,23:30,29157.8,29088.29,5114,5143.817,4174.34,5894.352,0,4.907,41230,73.00%,68.72%,350,351
2025/6/8,23:45,28732.4,28427.97,5114,5213.771,4361.37,6136.586,0,4.98,41230,71.51%,66.70%,325,351
2025/6/8,24:00,28039.1,28144.68,5114,5281.415,4522.21,6392.144,0,4.978,41230,69.44%,65.56%,300,351
2025/6/9,00:15,29658.2,29302.04,5519,5443.792,5312.59,6702.619,0.05,4.985,37740,79.13%,74.29%,300,318.48
2025/6/9,00:30,29414.2,28911.07,5518,5598.922,5490.66,7012.157,0.1,4.003,37740,78.01%,72.85%,280,313.48
2025/6/9,00:45,28950.2,28535.64,5518,5473.194,5831.25,7266.961,0.15,4.979,37740,75.88%,70.84%,275,294.06
2025/6/9,01:00,28570.2,28296.38,5518,5681.895,6574.09,7520.628,0.21,4.908,37740,72.90%,70.09%,260,298
2025/6/9,01:15,28351.2,28008.95,5518,5476.069,7083.61,7749.308,0.26,4.976,37740,70.97%,68.18%,260,289
2025/6/9,01:30,28243.2,27702.66,5497,5573.085,7292.85,7949.057,0.3,4.881,37740,70.08%,67.10%,260,282
2025/6/9,01:45,28162.2,27303.35,5479,5491.185,7520.88,8455.206,25.35,4.901,37740,69.14%,64.48%,260,280
2025/6/9,02:00,27971.2,27138.39,5459,5569.464,7717.69,8733.521,25.4,4.989,37740,68.06%,63.51%,250,280
2025/6/9,02:15,27862.2,26817.04,5438,5593.713,8007.15,9080.339,85.45,4.982,37740,66.79%,61.81%,245,282
2025/6/9,02:30,27644.2,26510.68,5445,5601.843,8171.2,9327.267,85.5,4.985,37740,65.80%,60.36%,249,260
2025/6/9,02:45,27301.8,26503.78,5453,5184.175,8324.11,9381.091,85.55,4.91,37740,64.51%,59.09%,230,269
2025/6/9,03:00,27245.9,26340.97,5461,5286.063,8485.55,9077.446,85.6,4.888,37740,63.95%,59.74%,230,270
2025/6/9,03:15,27078.4,26338.34,5469,5477.078,8633.89,8704.116,85.64,4.875,37740,63.14%,61.23%,245,269
2025/6/9,03:30,27050.4,26180.7,5475,5659.229,8732.1,8242.715,85.69,4.873,37740,62.82%,62.51%,249,262.1
2025/6/9,03:45,27022.5,26205.8,5482,5491.979,8836.04,8218.616,85.73,4.908,37740,62.49%,62.20%,258.86,260
2025/6/9,04:00,27022.5,26051.84,5489,5643.121,8927.29,8063.368,85.78,4.906,37740,62.26%,62.60%,260,265.55
2025/6/9,04:15,26966.6,26215.54,5496,5645.637,9006.21,8017.328,85.82,4.889,37740,61.93%,63.17%,260,260
2025/6/9,04:30,26882.8,26188.76,5487,5546.784,9050.79,7960.307,85.87,4.948,37740,61.56%,62.98%,259,260
2025/6/9,04:45,26854.9,26360.9,5480,5518.848,9076.71,7563.582,86.03,4.98,37740,61.40%,64.42%,259,260
2025/6/9,05:00,26966.6,26352.48,5471,5661.115,9087.55,7323.627,91.99,3.804,37740,61.63%,65.41%,260,260
2025/6/9,05:15,27190.1,26458.48,5477,5666.06,9055.76,7365.418,141.53,31.497,37740,62.19%,65.52%,260,260
2025/6/9,05:30,27329.7,26693.93,5489,5604.88,8982.03,7109.324,273.11,247.897,37740,62.44%,66.09%,260,260
2025/6/9,05:45,27563.2,26918.51,5501,5386.006,8900.73,6688.861,514.69,597.398,37740,62.66%,66.29%,260,268.34
2025/6/9,06:00,27671.2,26941.15,5513,5497.11,8802.85,6358.282,910.87,1023.387,37740,62.19%,66.39%,260,260
2025/6/9,06:15,27780.2,27177.94,5532,5572.044,8684.93,5775.415,1438.68,1472.323,37740,61.44%,67.57%,260,260
2025/6/9,06:30,27617.2,27116.13,5662,5637.811,8589.31,5611.221,2103.84,2051.4,37740,59.85%,66.48%,260,266.85
2025/6/9,06:45,27508.2,27012.73,5797,5835.405,8510.19,5436.752,2851.23,2709.989,37740,58.14%,65.45%,260,261.47
2025/6/9,07:00,26830.2,26369.59,5929,6078.252,8441.63,5176.531,3762.35,3564.89,37740,54.47%,62.82%,260,260
2025/6/9,07:15,26314.2,26059.39,6136,5885.802,7682.96,4679.862,4737.34,4605.898,37740,53.07%,60.04%,247,236
2025/6/9,07:30,25358.2,25319.06,6629,6637.189,7084.73,4250.971,5662.49,5550.764,37740,50.98%,58.70%,220,220
2025/6/9,07:45,25026.2,24907.08,7171,7313.189,6942.28,3821.945,6837.81,6765.014,37740,48.80%,57.32%,210,220
2025/6/9,08:00,24699.2,24564.66,7697,7787.429,6661.29,3673.793,8038.99,8125.162,37740,46.89%,54.46%,228,0
2025/6/9,08:15,24563.2,24277.46,8275,8620.098,6341.41,3510.531,9243.92,9457.856,37740,45.72%,52.81%,231,0
2025/6/9,08:30,24509.2,24409.86,8483,8487.513,6274.24,3403.141,10471.78,10698.497,37740,43.05%,49.80%,0,25.9
2025/6/9,08:45,24482.2,24280.16,8698,8853.348,6231.15,3428.333,11625.55,11888.508,37740,40.60%,47.21%,28.33,26.42
2025/6/9,09:00,24482.2,24022.49,8908,8910.729,6173.43,3580.325,12720.4,13216.896,37740,38.41%,42.76%,28.62,26.89
2025/6/9,09:15,24427.2,23906.88,9090,9209.939,6094.16,3682.784,13737.97,14356.223,37740,36.26%,39.95%,28.71,27.24
2025/6/9,09:30,24427.2,23596,9089,9795.574,6173.27,3964.015,14692.9,14338.806,37740,33.52%,39.98%,28.59,27.04
2025/6/9,09:45,24427.2,23379.24,9089,10798.22,6282.7,4375.42,15561.33,14650.815,37740,30.93%,40.15%,28.32,26.77
2025/6/9,10:00,24509.2,23644.6,9089,11201.93,6369.03,4817.385,16323.67,14679.773,37740,28.90%,40.67%,27.91,27
2025/6/9,10:15,24591.2,23395.25,9091,12003.62,6466.25,5468.537,16999.96,14751.765,37740,27.07%,40.22%,27.35,26.81
2025/6/9,10:30,24863.2,23309.29,8828,12865.63,6557.29,6065.468,17581.23,14988.182,37740,25.31%,40.07%,26.94,27.08
2025/6/9,10:45,24890.2,23434.47,8572,12555.06,6657.58,6650.489,18020.38,14234.887,37740,23.28%,40.02%,26.44,26.89
2025/6/9,11:00,25575.2,23817.31,8316,11677.17,6736.16,6850.549,18415.86,13682.741,37740,23.16%,39.64%,25.87,26.74
2025/6/9,11:15,26011.2,25208.65,8003,11873.53,6859.22,7215.052,18740.3,14218.573,37740,22.30%,41.46%,25.39,26.57
2025/6/9,11:30,26066.2,25287.91,7852,11408.56,6984.16,7805.51,18968.43,13927.779,37740,21.11%,39.65%,24.97,26.45
2025/6/9,11:45,25712.2,25092.38,7701,11475.83,7111.21,8029.732,19076.34,13603.79,37740,19.15%,39.57%,24.8,26.48
2025/6/9,12:00,25140.2,24911.92,7549,11048.19,7248.09,8136.653,19095.86,13114.808,37740,16.81%,38.97%,24.76,26.44
2025/6/9,12:15,24759.2,24671.01,7436,10558.95,7395.28,7770.691,19056.18,12748.962,37740,15.22%,38.98%,25.8,27.87
2025/6/9,12:30,24351.2,24826.27,7668,11227.46,7546.13,8626.428,18984.4,12274.826,37740,14.54%,40.15%,25.34,27.76
2025/6/9,12:45,24133.2,24917.57,7900,11901.95,7705.8,9565.476,18832.18,11919.821,37740,14.56%,40.63%,25.18,27.63
2025/6/9,13:00,24025.2,24571.79,8132,12182.2,7865.8,10334.6,18555.96,11678.065,37740,15.20%,39.06%,25.29,27.6
2025/6/9,13:15,23888.2,24543.22,8369,12541.59,8038.05,10515.242,18251.51,11254.927,37740,15.81%,40.58%,25.18,27.5
2025/6/9,13:30,23861.2,24557.23,8367,12839.14,8216.23,10448.864,17847.15,11712.72,37740,16.33%,40.37%,24.64,27.48
2025/6/9,13:45,23861.2,24805.87,8367,13082.67,8398.12,10689.353,17430.14,11152.279,37740,16.96%,42.52%,23.86,27.45
2025/6/9,14:00,24052.2,24764.35,8367,13225.79,8572.98,11029.212,16921.47,11381.15,37740,18.35%,41.28%,23.61,27.06
2025/6/9,14:15,24323.2,25185.72,8375,12313.02,8751.81,10289.819,16356.52,11369.175,37740,20.11%,41.97%,88.83,26.4
2025/6/9,14:30,24678.2,25265.06,8371,13012.55,8902.95,10339.874,15755.05,11363.448,37740,22.23%,43.92%,91.1,26.01
2025/6/9,14:45,25304.2,25892.33,8371,11234.03,9048.12,9835.393,15060.24,10925.398,37740,25.35%,43.36%,92.16,26.09
2025/6/9,15:00,25957.2,26175.28,8371,11803.04,9218.22,10815.181,14361,11382.79,37740,28.48%,41.81%,23.32,56.21
2025/6/9,15:15,26528.2,26563.78,8382,12458.38,9342.59,11182.559,13641.39,10801.725,37740,31.60%,45.15%,23.96,25.4
2025/6/9,15:30,26855.2,26758.8,8314,11748.96,9464.59,11137.999,12917.09,10853.955,37740,33.88%,43.76%,85.29,53.52
2025/6/9,15:45,27318.2,26732.26,8247,11489.06,9582.69,10901.939,12114.31,10385.982,37740,36.75%,44.87%,83.25,24.79
2025/6/9,16:00,27780.2,26969.11,8180,10489,9704.26,10666.995,11245.85,9963.3,37740,39.77%,44.59%,23.64,74.4
2025/6/9,16:15,28243.2,27162.25,8099,9783.621,9807.25,10634.598,10295.97,9093.515,37740,43.03%,45.62%,23.09,112.61
2025/6/9,16:30,28624.2,27299.7,7745,9259.604,9860.79,10611.375,9375.57,8423.486,37740,45.40%,46.43%,200,40.25
2025/6/9,16:45,28896.2,27931.81,7423,7643.929,9914.81,10723.13,8400.96,7621.963,37740,47.70%,45.66%,200,77.86
2025/6/9,17:00,29223.2,28439.22,7086,7111.915,9990.41,10742.524,7455.83,6813.485,37740,49.98%,47.68%,191,198.03
2025/6/9,17:15,29794.2,29010.17,6833,6933.538,10196.48,10953.304,6468.56,5909.561,37740,52.89%,50.56%,210,223.08
2025/6/9,17:30,30312.2,29448.47,6954,7178.409,10181.39,10679.149,5511.98,4950.519,37740,57.16%,55.64%,240,250.05
2025/6/9,17:45,30556.2,29753.29,7083,7070.546,10148.35,10390.819,4572.08,4271.51,37740,60.73%,58.72%,245.5,255
2025/6/9,18:00,30720.2,29961.21,7210,7273.033,10160.7,10344.274,3720.48,3395.264,37740,63.72%,62.25%,249.39,261.97
2025/6/9,18:15,30801.2,30331.72,7294,7504.062,10238.36,10558.914,2894.8,2653.522,37740,66.14%,65.24%,266.34,260
2025/6/9,18:30,30949.2,30417.33,7292,7524.073,10124.61,10424.175,2164.66,2047.857,37740,68.77%,67.49%,266.67,260
2025/6/9,18:45,31294.2,30613.81,7292,7410.019,9963.02,10204.591,1539.85,1544.072,37740,71.76%,69.62%,275,280.17
2025/6/9,19:00,31583.2,30993.59,7292,7134.656,9840.05,9744.755,996.93,1070.926,37740,74.29%,72.37%,279,279.1
2025/6/9,19:15,31631.2,31189.54,7294,7266.697,9695.05,9229.139,539.9,635.125,37740,76.02%,75.76%,280,290.81
2025/6/9,19:30,31860.2,31589.79,7261,7195.524,9385.03,8890.685,255.4,252.467,37740,78.12%,78.54%,282,287.68
2025/6/9,19:45,32173.2,31782.32,7228,7302.202,9108.1,8610.074,91.53,29.892,37740,80.03%,80.67%,301,293.14
2025/6/9,20:00,32800.2,32042.04,7195,7173.654,9054.26,8638.945,8.12,5.89,37740,81.96%,81.00%,320,371.13
2025/6/9,20:15,32488.2,32273.12,7162,7170.59,8946.63,8324.608,1.04,4.983,37740,81.35%,82.44%,323,304.92
2025/6/9,20:30,32469.2,32352.67,7139,7072.156,8826.87,8442.596,0.89,3.301,37740,81.56%,82.09%,320,302.9
2025/6/9,20:45,32042.2,32572.27,7117,7109.685,8679.06,8517.437,0.82,4.659,37740,80.76%,82.56%,335,299
2025/6/9,21:00,31915.2,32460.84,7095,6982.807,8544.73,8415.559,0.78,4.588,37740,80.72%,82.20%,330,302.94
2025/6/9,21:15,32027.2,32179.44,7014,6955.758,8413.83,8155.194,0.73,4.709,37740,81.15%,82.08%,320.41,304.01
2025/6/9,21:30,31779.2,31909.39,6895,7130.623,8459.56,7787.458,0.69,4.557,37740,80.06%,82.80%,320.45,300.22
2025/6/9,21:45,31436.2,31785.06,6780,6577.593,8566.01,7607.172,0.64,4.662,37740,78.56%,81.48%,311.19,303.54
2025/6/9,22:00,31243.2,31177.52,6663,6756.603,8622.61,7452.186,0.6,4.694,37740,77.59%,80.76%,303.85,300
2025/6/9,22:15,30862.2,31084.93,6545,6586.355,8488.93,7043.052,0.55,4.7,37740,76.62%,81.14%,310.58,303.31
2025/6/9,22:30,30402.3,30643.86,6177,6201.685,8522.01,6603.059,0.5,4.739,37740,74.34%,80.12%,302.27,285
2025/6/9,22:45,29927.4,30154.59,5820,5521.327,8812.15,6276.337,0.45,4.766,37740,71.37%,77.89%,298,275.51
2025/6/9,23:00,29676.1,29758.63,5458,5488.979,8685.42,6027.976,30.4,4.664,37740,70.00%,77.41%,289,279.71
2025/6/9,23:15,29480.5,29886.64,5155,5115.71,8626.13,5854.281,30.35,4.025,37740,68.84%,77.22%,295,270
2025/6/9,23:30,29145.3,29382.75,5155,5283.462,8511.91,5821.43,30.3,3.916,37740,68.25%,76.42%,300,270
2025/6/9,23:45,28698.4,29029.09,5155,5255.285,8379.84,5848.059,30.26,3.906,37740,67.42%,75.34%,300,265.55
2025/6/9,24:00,28642.6,28829.06,5155,5071.919,8189.22,5762.203,0,3.849,37740,67.85%,74.55%,294,265.55
2025/6/10,00:15,29440.4,29660.36,5492,5751.165,7040.77,5566.51,0,3.814,40624,68.66%,73.46%,318,314.23
2025/6/10,00:30,29076.7,29763.55,5490,6187.21,7089.92,5730.416,0,3.839,40624,67.64%,74.38%,308,295
2025/6/10,00:45,28741,29454.94,5489,6377.194,7266.85,5868.037,0,3.839,40624,66.37%,73.75%,309,290
2025/6/10,01:00,28489.2,29295.73,5488,6491.24,7149.73,6041.254,0,3.812,40624,66.04%,73.21%,308,294
2025/6/10,01:15,28265.4,28725.33,5487,6559.217,7097.35,6131.593,25,3.888,40624,65.55%,71.75%,305,290
2025/6/10,01:30,27929.7,28300,5471,6138.671,6982.05,6288.17,25,3.864,40624,64.97%,69.29%,300,289
2025/6/10,01:45,27649.9,28036.76,5456,5689.955,6870.16,6351.946,25,3.808,40624,64.52%,67.38%,280,289
2025/6/10,02:00,27202.3,27489.87,5441,5793.652,6751.56,6407.098,25,3.799,40624,63.67%,66.15%,271,280
2025/6/10,02:15,27034.5,27542.13,5423,5638.848,6646.38,6426.93,25,3.855,40624,63.48%,65.85%,275,280
2025/6/10,02:30,26838.6,27553.1,5423,5570.194,6526.66,6331.914,25,3.711,40624,63.29%,65.94%,270,283
2025/6/10,02:45,26698.8,27434.54,5423,5474.868,6404.38,6108.419,25,3.716,40624,63.24%,65.96%,270,275
2025/6/10,03:00,26530.9,27155.78,5423,5607.057,6288.55,5987.421,25,3.744,40624,63.12%,65.90%,275,282
2025/6/10,03:15,26475,26920.21,5423,5622.167,6134.1,5905.08,25,3.736,40624,63.36%,65.56%,271,290
2025/6/10,03:30,26335.1,26775.51,5423,5813.273,5977.46,5899.294,25,3.732,40624,63.40%,65.69%,270,282
2025/6/10,03:45,26279.2,26691.81,5423,5586.054,5825.98,5906.251,25,3.736,40624,63.64%,64.91%,270,280.14
2025/6/10,04:00,26279.2,26471.7,5423,5667.691,5688.63,5748.047,25,3.739,40624,63.97%,64.96%,270,290
2025/6/10,04:15,26447,26329.84,5423,5755.906,5518.09,5664.113,25,2.46,40624,64.81%,65.03%,270,297.28
2025/6/10,04:30,26530.9,26440.74,5423,5556.371,5353.58,5542.495,25,2.563,40624,65.42%,65.11%,270,295
2025/6/10,04:45,26586.9,26408.13,5423,5677.443,5187.71,5548.843,25.16,2.538,40624,65.96%,65.32%,270,302.4
2025/6/10,05:00,26642.8,26454.88,5423,5528.866,4846.52,5540.033,5.42,2.773,40624,66.99%,65.09%,275,300
2025/6/10,05:15,26838.6,26534.66,5436,5685.103,4603.23,5562.216,60.82,45.88,40624,67.97%,65.51%,275,307.55
2025/6/10,05:30,26978.5,26700.77,5448,5687.406,4391.97,5472.839,199.2,278.619,40624,68.52%,65.57%,279,311.95
2025/6/10,05:45,27174.4,27032.49,5460,5545.192,4243.46,5357.137,462.57,652.516,40624,68.75%,65.40%,275,309.6
2025/6/10,06:00,27370.2,27079.69,5472,5546.325,4066.06,5246.203,874.81,1098.394,40624,68.68%,64.69%,266.65,304.09
2025/6/10,06:15,27454.1,27259.23,5491,6157.822,3927.88,5093.707,1435.76,1600.16,40624,67.89%,65.78%,270,301.27
2025/6/10,06:30,27482.1,27283.81,5626,6049.679,3866.14,4848.813,2141.71,2178.82,40624,66.71%,64.75%,270,293.93
2025/6/10,06:45,26835.9,26964.09,5763,5895.043,3668.89,4499.097,3011.25,2889.679,40624,63.80%,62.70%,260,292.42
2025/6/10,07:00,26361.9,26438.98,5899,6047.946,3507.99,4182.484,4012.06,3809.11,40624,60.90%,60.30%,260,271.43
2025/6/10,07:15,25617.9,25838.64,6107,6230.121,3160.96,3867.347,5112.14,4816.036,40624,57.73%,57.57%,250,260
2025/6/10,07:30,25198.9,25362.05,6605,6793.034,2840.54,3493.32,6200.67,5952.277,40624,56.03%,55.90%,245,260
2025/6/10,07:45,24294.9,24630.16,7152,7410.071,2645.65,2925.427,7548.13,7150.002,40624,52.32%,54.07%,240,224
2025/6/10,08:00,23918.9,24034.45,7683,7940.465,2337.16,2648.555,8939.57,8420.151,40624,50.03%,51.46%,235,239
2025/6/10,08:15,23573.9,23754.07,8266,8689.463,2094.55,2338.028,10325.34,9744.025,40624,47.80%,50.12%,220,200
2025/6/10,08:30,23448.9,23686.09,8477,8724.479,1951.96,2033.925,11695.06,11060.286,40624,45.00%,47.55%,200,191.45
2025/6/10,08:45,23166.9,23368.72,8693,8896.005,1815.93,1731.517,12981.28,12448.763,40624,42.00%,44.52%,186.28,29.62
2025/6/10,09:00,22759.9,22988.33,8906,9293.222,1655.82,1518.643,14216.76,13697.583,40624,38.88%,42.01%,29.34,29.92
2025/6/10,09:15,22509.9,22877.81,9090,9617.166,1515.64,1328.179,15316.17,14876.779,40624,36.35%,40.10%,29.58,30.53
2025/6/10,09:30,22321.9,22808.28,9089,9630.032,1403.67,1179.804,16361.03,15857.977,40624,33.59%,37.91%,29.78,30.8
2025/6/10,09:45,22289.9,22696.31,9089,9136.132,1316.35,1061.273,17289.28,15629.845,40624,31.44%,37.27%,30.01,30.57
2025/6/10,10:00,22227.9,22507.78,9089,9601.251,1223.09,974.571,18108.6,15806.613,40624,29.50%,37.73%,30.71,30.8
2025/6/10,10:15,22289.9,22741.19,9091,9574.6,1169.83,904.513,18835.76,16224.094,40624,28.00%,37.38%,30.41,30.63
2025/6/10,10:30,22415.9,22779.41,8828,9803.717,1131.18,879.433,19466.57,16626.866,40624,26.21%,37.11%,30.16,30.78
2025/6/10,10:45,22728.9,22916.81,8572,10000.27,1105.91,888.459,19994.21,17007.295,40624,25.11%,36.98%,30.05,30.64
2025/6/10,11:00,23104.9,23051.32,8316,10412.14,1079.44,888.776,20441.44,17239.663,40624,24.37%,37.75%,29.99,30.77
2025/6/10,11:15,23292.9,24202.42,8003,10554.44,1084.16,934.831,20800.11,17791.442,40624,23.17%,39.46%,29.62,30.19
2025/6/10,11:30,23448.9,24304.48,7852,9757.453,1093.3,970.077,21083.09,17997.208,40624,22.46%,37.16%,29.68,30.58
2025/6/10,11:45,23386.9,24106.48,7701,9752.921,1118.6,1035.111,21287.4,17949.318,40624,21.37%,36.62%,29.14,30.53
2025/6/10,12:00,23135.9,23741.3,7549,9805.141,1138.51,1048.358,21398.23,17752.616,40624,20.06%,36.30%,29.44,30.46
2025/6/10,12:15,22759.9,23422.94,7436,9313.182,1166.49,707.65,21415.5,16516.514,40624,18.74%,38.18%,31.52,32.78
2025/6/10,12:30,22415.9,23415.6,7668,9398.938,1200.45,718.431,21430.85,16639.881,40624,18.35%,38.05%,31.3,32.71
2025/6/10,12:45,22289.9,23201.88,7900,9190.793,1241.99,657.322,21387.75,16485.103,40624,18.61%,37.54%,30.45,32.1
2025/6/10,13:00,22039.9,23165.12,8132,9392.264,1291.85,771.037,21224.77,16187.657,40624,18.84%,38.40%,31.46,32.52
2025/6/10,13:15,21882.9,22712.1,8369,10082.13,1343.68,802.493,21020.04,16234.505,40624,19.42%,38.79%,31.59,32.18
2025/6/10,13:30,21882.9,22176.16,8367,10437.16,1394.62,1206.812,20727.65,15862.49,40624,20.01%,38.26%,31.52,32.42
2025/6/10,13:45,21882.9,22465.33,8367,9989.306,1442.38,1279.014,20372.92,15792.274,40624,20.76%,37.87%,31.45,32.41
2025/6/10,14:00,21976.9,22923.41,8367,10203.81,1498.25,1390.57,19933.03,15950.535,40624,21.94%,38.86%,31.43,32.27
2025/6/10,14:15,22164.9,22755.11,8375,10766.83,1542.47,1426.771,19443.95,15939.965,40624,23.52%,39.77%,31.02,31.71
2025/6/10,14:30,22446.9,22940.53,8371,10927.41,1587.57,1369.676,18882.13,16109.217,40624,25.47%,40.34%,30.45,31.37
2025/6/10,14:45,22634.9,23368.59,8371,10853.25,1629.73,1339.69,18213.11,16056.101,40624,27.48%,41.42%,30.55,31.8
2025/6/10,15:00,22947.9,23873.34,8371,10602.32,1680.42,1397.721,17511.13,15621.3,40624,29.85%,42.97%,30.05,32.12
2025/6/10,15:15,23292.9,24308.69,8382,10581.61,1719.5,1442.773,16710.01,15148.366,40624,32.60%,45.05%,186.36,31.56
2025/6/10,15:30,23636.9,24707.8,8314,9812.222,1756.01,1506.617,15813.73,14668.546,40624,35.40%,45.16%,220,30.77
2025/6/10,15:45,24137.9,25063.67,8247,9175.329,1797.58,1535.219,14836.44,13830.865,40624,38.77%,46.46%,200,30.29
2025/6/10,16:00,24670.9,25514.15,8180,8403.229,1825.53,1584.076,13798.63,12755.568,40624,42.41%,48.19%,220,133.62
2025/6/10,16:15,25328.9,26298.69,8099,7895.022,1856.73,1579.659,12684.06,11781.441,40624,46.49%,51.28%,220,200
2025/6/10,16:30,25578.9,27185.91,7748,7862.147,1888.53,1733.752,11510.12,10702.306,40624,49.06%,55.66%,260,220
2025/6/10,16:45,26772.9,27803.62,7427,7388.982,1915.48,1827.524,10270,9455.353,40624,54.19%,58.86%,260,258
2025/6/10,17:00,27752.9,28443.8,7092,7029.786,1949.75,1857.165,9038.47,8268.333,40624,58.73%,62.40%,270,260
2025/6/10,17:15,28542.9,29029.62,6840,6828.655,1982.54,1866.95,7757.16,7036.763,40624,63.12%,66.35%,280,270
2025/6/10,17:30,29269.9,29762.38,6950,6854.554,2021.77,1871.828,6507.11,5778.265,40624,68.16%,71.30%,300,284.56
2025/6/10,17:45,29932.9,30257.37,7067,7065.765,1969.53,1906.214,5294.92,4689.879,40624,73.20%,75.64%,330,321.26
2025/6/10,18:00,30533.9,30307.94,7182,7319.444,2044.85,1929.307,4237.03,3722.142,40624,77.38%,78.71%,355,336.62
2025/6/10,18:15,30849.9,30852.39,7254,7299.463,2106.6,1954.393,3225.89,2862.415,40624,80.67%,82.06%,398,355.27
2025/6/10,18:30,31070.9,31050.56,7254,7442.521,2223.56,2000.183,2384.75,2175.25,40624,83.00%,84.48%,398,389.48
2025/6/10,18:45,31386.9,31554.83,7254,7214.298,2349.38,2126.711,1666.37,1600.134,40624,85.23%,86.26%,420,395
2025/6/10,19:00,31734.9,31537.85,7254,7273.643,2466.91,2184.45,1072.9,1118.965,40624,87.26%,87.41%,439,404.5
2025/6/10,19:15,32050.9,31957.66,7254,7204.137,2609.41,2285.754,610.71,673.789,40624,88.83%,89.12%,420,411
2025/6/10,19:30,32176.9,32095.59,7221,7226.518,2772.72,2438.815,304.08,269.356,40624,89.41%,90.13%,401,439
2025/6/10,19:45,32570.9,32185.3,7188,7371.602,2931.61,2581.406,106.16,28.708,40624,90.39%,90.95%,499,447
2025/6/10,20:00,32799.9,32648.16,7155,7343.423,3112.02,2693.942,6.91,15.37,40624,90.68%,91.77%,600,563.89
2025/6/10,20:15,32799.9,32783.72,7122,7155.448,3262.82,2792.016,0.16,4.861,40624,90.24%,91.43%,499,401
2025/6/10,20:30,32461.9,32658.52,7099,7106.533,3389.57,2932.385,0.03,3.869,40624,89.04%,90.66%,450,398.8
2025/6/10,20:45,32429.9,32679.77,7077,6973.979,3519.66,3010.41,0,4.205,40624,88.59%,90.19%,480,398
2025/6/10,21:00,32302.9,32268.88,7055,7073.837,3650.6,3175.689,0,4.387,40624,87.90%,89.02%,439,398.8
2025/6/10,21:15,31923.9,32315.29,6974,7226.586,3819.89,3270.494,0,4.216,40624,86.35%,89.28%,398,398
2025/6/10,21:30,31576.9,32182.58,6857,7339.084,3959.44,3335.178,0,11.034,40624,84.86%,89.05%,395,396
2025/6/10,21:45,31260.9,31844.35,6742,7333.061,4086.94,3419.742,0,5.591,40624,83.49%,88.01%,398,389
2025/6/10,22:00,30944.9,31690.3,6625,7459.632,4326.11,3519.636,0,1.086,40624,81.83%,87.70%,390,380
2025/6/10,22:15,30533.9,31175.55,6505,7408.469,4851.22,3608.923,0,0.455,40624,79.23%,86.09%,391,350
2025/6/10,22:30,30280.9,30620.08,6137,7226.409,5133.74,3663.739,0,0.555,40624,77.01%,84.14%,398,345
2025/6/10,22:45,29995.9,30370.16,5780,6940.163,5443.5,3697.817,0,-9.302,40624,74.67%,82.76%,389,322
2025/6/10,23:00,29648.9,30037.67,5418,6817.544,6000.88,3778.375,0,-9.894,40624,71.55%,81.45%,350,308
2025/6/10,23:15,29237.9,29730.35,5114,6537.25,6372.19,3844.487,0,-6.218,40624,68.87%,79.83%,318,300
2025/6/10,23:30,28889.9,29327.71,5114,6777.67,6568.98,3937.802,0,-6.064,40624,67.53%,79.20%,320,300
2025/6/10,23:45,28478.9,28849.27,5114,6315.619,6693.35,4019.903,0,-6.094,40624,66.22%,76.68%,305,295
2025/6/10,24:00,28289.9,28388.84,5114,5809.801,6802.01,4071.799,0,-6.021,40624,65.48%,74.18%,300,282
2025/6/11,00:15,29669.5,29500.97,5492,5770.939,6333.88,4063.539,50.05,-6.082,36940,77.90%,84.50%,329,358.36
2025/6/11,00:30,29392.4,29501.13,5490,6021.106,6435.86,4012.819,50.1,-5.847,36940,76.87%,85.31%,335,313.51
2025/6/11,00:45,29059.8,29234.39,5489,6123.532,6547.57,3994.911,50.15,3.528,36940,75.67%,84.89%,332,314.03
2025/6/11,01:00,28921.3,29025.63,5488,6064.662,6660.48,3990.897,50.21,3.455,36940,74.98%,84.18%,318,306.87
2025/6/11,01:15,28533.3,28534.42,5487,6277.427,6682.98,4056.034,105.26,3.507,36940,73.72%,83.25%,318,305.37
2025/6/11,01:30,28200.7,28465.05,5471,6696.54,6733.7,4191.157,105.3,13.412,36940,72.64%,83.80%,325,294.45
2025/6/11,01:45,27868.2,28370.83,5456,6512.615,6747.82,4331.667,105.35,13.418,36940,71.66%,82.67%,315,296.26
2025/6/11,02:00,27563.3,28005.7,5441,6405.475,6750.41,4413.048,105.4,13.454,36940,70.79%,81.17%,318,280
2025/6/11,02:15,27341.6,27786.5,5423,6703.004,6797.02,4471.959,105.45,11.389,36940,70.01%,81.23%,318,282.86
2025/6/11,02:30,27286.2,27760.03,5423,6250.484,6785.51,4483.879,105.5,3.585,36940,69.89%,79.92%,310,289.96
2025/6/11,02:45,27286.2,27331.05,5423,6348.011,6777.19,4538.955,105.55,13.345,36940,69.91%,78.85%,300,289.2
2025/6/11,03:00,27203.1,27154.81,5423,6777,6753.05,4664.439,105.61,13.259,36940,69.75%,79.19%,300,289.59
2025/6/11,03:15,26953.6,27124.55,5423,6711.763,6732.5,4905.057,105.66,13.177,36940,69.13%,78.28%,291,275
2025/6/11,03:30,26759.7,26953.25,5423,6689.474,6704.32,5007.575,105.73,13.176,36940,68.69%,77.48%,285,280.05
2025/6/11,03:45,26648.8,26984.55,5423,6754.429,6678.62,5048.879,105.81,13.093,36940,68.46%,77.63%,282,278
2025/6/11,04:00,26565.7,26801.09,5423,5834.974,6659.55,5108.33,105.93,13.091,36940,68.28%,74.48%,280,270
2025/6/11,04:15,26510.2,26881.84,5423,5694.497,6660.13,5238.501,106.1,13.428,36940,68.13%,73.97%,280,276.43
2025/6/11,04:30,26565.7,26726.48,5423,5737.403,6650.44,5379.254,106.34,7.432,36940,68.31%,73.30%,280,275
2025/6/11,04:45,26704.2,26497.12,5423,5746.028,6642.42,5375.362,106.79,4.545,36940,68.70%,72.72%,280,283.52
2025/6/11,05:00,26731.9,26655.04,5423,5591.862,6634.54,5346.565,112.95,3.455,36940,68.78%,72.81%,280,288.49
2025/6/11,05:15,26759.6,26798.31,5436,5973.641,6627.89,5278.145,182.36,45.342,36940,68.72%,74.31%,280,278.4
2025/6/11,05:30,27064.5,27268.5,5448,5978.141,6542.01,5220.955,339.47,259.558,36940,69.39%,75.17%,280,286.02
2025/6/11,05:45,27369.3,27210.17,5460,6015.858,6536.15,5286.497,602.41,621.809,36940,69.55%,73.95%,280,283.23
2025/6/11,06:00,27591,27403.68,5472,6356.197,6532.22,5360.184,1014.44,1054.487,36940,69.08%,74.03%,280,294.38
2025/6/11,06:15,27674.2,27850.6,5491,5866.69,6509.45,5419.654,1571.44,1540.091,36940,67.91%,72.44%,270,273.66
2025/6/11,06:30,27424.8,27710.44,5626,6256.453,6468.55,5434.452,2268.89,2125.552,36940,65.82%,71.49%,270,270
2025/6/11,06:45,27036.8,27331.88,5763,6198.044,6428.62,5443.295,3052.7,2861.383,36940,63.13%,68.29%,260,261.1
2025/6/11,07:00,26482.5,26828.46,5899,5937.273,6425.5,5327.354,4037.54,3753.678,36940,59.34%,64.12%,260,258.9
2025/6/11,07:15,25983.7,26355.52,6107,6020.682,5780.16,5119.872,5105.75,4778.342,36940,57.40%,60.85%,250,242.52
2025/6/11,07:30,25180,25800.2,6605,6527.396,5373.04,4819.509,6154.98,5900.58,36940,54.84%,58.49%,239,235
2025/6/11,07:45,24819.7,25016.14,7152,7384.331,5272.2,4571.997,7490.96,7149.344,36940,52.00%,55.98%,235,230
2025/6/11,08:00,24293.2,24608.06,7683,7831.688,5113.54,4276.995,8867.3,8450.286,36940,48.72%,53.36%,230,210
2025/6/11,08:15,24071.5,24541.98,8266,8437.227,4851.43,4044.286,10253.87,9783.38,36940,46.65%,51.84%,220,200
2025/6/11,08:30,23849.8,24484.63,8477,8773.579,4753.38,3898.322,11617.83,11090.56,36940,43.19%,49.46%,200,204
2025/6/11,08:45,23711.2,24195.94,8693,8667.084,4690.15,3834.784,12899.64,12369.714,36940,40.10%,45.10%,191.37,186.51
2025/6/11,09:00,23600.4,23865.61,8906,10073.04,4563.27,3886.103,14112.05,13635.699,36940,37.44%,44.44%,27.97,27.97
2025/6/11,09:15,23489.5,23793.07,9090,10549.12,4397.88,3902.481,15200.92,14788.239,36940,35.14%,42.37%,27.7,28.37
2025/6/11,09:30,23378.7,23160.4,9089,10966.74,4411.95,3947.07,16215.59,15412.341,36940,32.05%,39.98%,27.45,28.09
2025/6/11,09:45,23323.2,23410.98,9089,10746.65,4430.87,3945.299,17145.42,15689.727,36940,29.33%,39.31%,27.97,28.01
2025/6/11,10:00,23267.8,23210.25,9089,10775.91,4447.6,3979.613,17947.65,15583.787,36940,26.97%,39.04%,27.7,28.26
2025/6/11,10:15,23212.4,23380.86,9091,10723.62,4495.74,4025.622,18673.9,15636.429,36940,24.73%,39.10%,27.63,28.22
2025/6/11,10:30,23212.4,23515.58,8828,10428.9,4580.06,4090.489,19297.56,14791.579,36940,22.10%,40.78%,27.42,28.4
2025/6/11,10:45,23267.8,23509.27,8572,10176.52,4670.82,4034.171,19800.87,14789.93,36940,19.95%,40.23%,27.23,28.21
2025/6/11,11:00,23822.1,23886.09,8316,9875.385,4754.08,3653.58,20247.34,15089.461,36940,19.32%,40.66%,26.84,27.89
2025/6/11,11:15,24487.2,24963.11,8003,10089.62,4859.08,3924.161,20586.33,15343.988,36940,19.07%,42.73%,26.69,27.68
2025/6/11,11:30,24805.5,24839.17,7852,9984.275,4972.7,3984.923,20833.43,15414.544,36940,18.55%,41.75%,26.76,27.67
2025/6/11,11:45,24576.4,24484.76,7701,8930.595,5090.24,3210.924,21007.91,15497.032,36940,16.73%,39.81%,26.9,27.62
2025/6/11,12:00,24318.6,24226.48,7549,8652.564,5181.2,3279.451,21042.45,14983.007,36940,15.28%,39.57%,26.97,27.6
2025/6/11,12:15,23683.5,23947.79,7436,8268.415,5324.92,3436.191,21026.97,13768.404,36940,12.91%,40.64%,28.15,29.04
2025/6/11,12:30,23717.1,23843.73,7668,8442.205,5474.04,3376.399,21044.58,13487.288,36940,13.17%,41.75%,28.15,28.92
2025/6/11,12:45,23631.2,23536.29,7900,8480.485,5621.75,3423.603,20926.43,13416.906,36940,13.49%,41.08%,28.86,28.84
2025/6/11,13:00,23602.6,23392.88,8132,8613.757,5768.52,3567.814,20707.93,13210.715,36940,14.23%,41.22%,29.79,28.77
2025/6/11,13:15,23602.6,23132.41,8369,9124.627,5937.25,3642.45,20422.56,12888.626,36940,15.19%,42.57%,30.56,28.74
2025/6/11,13:30,23659.9,23201.98,8367,10213.2,6124.59,3646.254,20065.4,13681.855,36940,15.80%,43.55%,30.7,28.69
2025/6/11,13:45,23774.4,23326.04,8367,11310.98,6296.53,4878.117,19618.54,14154.59,36940,16.86%,42.24%,30.65,28.69
2025/6/11,14:00,23917.6,23610.43,8367,11597.09,6482.48,4930.651,19074.63,14279.197,36940,18.21%,43.31%,203.98,28.63
2025/6/11,14:15,24146.8,23712.37,8375,11493.85,6674.01,5003.611,18454.96,13554.988,36940,20.01%,45.07%,207.03,28.28
2025/6/11,14:30,24290,23743.14,8371,13047.48,6852.49,4985.831,17808.51,13527.428,36940,21.66%,49.48%,201.74,28.16
2025/6/11,14:45,24633.7,24422.66,8371,11964.74,7038.64,5162.915,17032.22,13267.581,36940,24.18%,48.61%,211.97,27.91
2025/6/11,15:00,24948.7,24477.15,8371,12287.6,7242.66,5515.84,16237.58,13530.061,36940,26.64%,47.97%,191.05,27.78
2025/6/11,15:15,25006,25176.7,8382,11624.23,7425.82,5772.825,15382.35,13976.937,36940,28.64%,46.16%,194.36,27.82
2025/6/11,15:30,25512.6,25361.89,8314,10458.96,7622.8,5843.946,14506.77,13610.922,36940,31.66%,44.30%,200,27.46
2025/6/11,15:45,26094.5,25848.89,8247,9886.544,7814.81,5959.023,13542.03,12776.05,36940,35.15%,46.02%,200,27.57
2025/6/11,16:00,26177.7,26226.05,8180,9056.849,7980.69,6089.227,12525.33,11990.806,36940,37.50%,46.57%,200,27.45
2025/6/11,16:15,26842.8,27207.61,8099,8278.087,8177.8,6271.285,11480.71,11154.335,36940,41.37%,48.89%,200,200
2025/6/11,16:30,27147.6,27594.69,7748,7747.48,8359.2,6515.573,10413.66,9948.805,36940,43.65%,51.10%,233.85,219
2025/6/11,16:45,27757.3,28212.53,7427,7507.859,8539.38,6790.442,9345.9,8782,36940,46.83%,54.54%,240,213
2025/6/11,17:00,28006.7,28644.72,7092,6965.186,8815.1,7182.728,8226.55,7799.73,36940,48.88%,55.84%,232,220
2025/6/11,17:15,28736.9,29275.27,6840,6708.281,9329.67,7492.128,7086.27,6614.781,36940,51.87%,59.22%,241.04,228
2025/6/11,17:30,29554.9,30042.24,6950,6856.76,10033.04,7832.597,6136.31,5498.347,36940,55.05%,63.80%,260,250
2025/6/11,17:45,30104.9,30401.97,7067,7042.217,10213.41,8264.669,5052.86,4467.999,36940,59.30%,66.90%,270,260
2025/6/11,18:00,30519.9,30690.7,7182,7297.246,10408.08,8811.86,4049.74,3545.861,36940,62.92%,69.38%,278,260.79
2025/6/11,18:15,31045.9,31252.58,7254,7321.316,10950.76,9256.667,3139.77,2707.522,36940,65.54%,72.03%,285,260
2025/6/11,18:30,31195.9,31235.43,7254,7671.038,11134,9657.44,2342.27,2009.496,36940,67.61%,73.74%,289,269.09
2025/6/11,18:45,31658.9,31468.75,7254,8415.101,11294.48,10202.674,1659.35,1445.658,36940,70.27%,76.44%,300,274.82
2025/6/11,19:00,31971.9,31686.41,7254,8481.902,11198.34,10785.242,1047.77,948.581,36940,73.04%,76.97%,290,282.33
2025/6/11,19:15,32206.9,31921.74,7254,8007.908,11275.2,11477.361,591,533.972,36940,74.70%,75.58%,289,292.32
2025/6/11,19:30,32261.9,31756.89,7221,8022.859,11451.63,12366.031,292.73,191.73,36940,75.09%,73.69%,280,293.62
2025/6/11,19:45,32533.9,32089.06,7188,8110.44,11642.85,13120.951,100.63,26.211,36940,75.74%,73.23%,280,298.96
2025/6/11,20:00,32807.9,32381.39,7155,8164.31,11868.96,13707.382,58,8.976,36940,75.90%,72.63%,260,293.91
2025/6/11,20:15,32977.9,32805.78,7122,7832.431,12018.38,14013.324,81.33,9.004,36940,75.80%,72.05%,261.66,299.23
2025/6/11,20:30,32999.9,32663.77,7099,8356.293,12154.72,13989.107,81.03,6.477,36940,75.43%,73.16%,261.15,303.57
2025/6/11,20:45,32820.9,32719.79,7077,8290.342,12280.16,14130.242,80.89,6.414,36940,74.54%,72.75%,262.12,295.79
2025/6/11,21:00,32717.9,32521.2,7055,8201.554,12436.16,14098.092,80.81,6.41,36940,73.78%,72.06%,261.12,278.46
2025/6/11,21:15,32574.9,32434.64,6974,7610.215,12565.88,14259.352,80.74,6.381,36940,72.83%,69.79%,260.03,293.98
2025/6/11,21:30,32298.9,32358.74,6857,7607.466,12993.87,14257.887,80.69,6.381,36940,70.60%,69.58%,260.46,273.3
2025/6/11,21:45,32074.9,31982.47,6742,7558.045,13544.74,14011.946,80.64,6.346,36940,68.20%,69.09%,260.46,265.33
2025/6/11,22:00,31828.9,31762.87,6625,6859.042,13677.33,13661.861,80.6,6.362,36940,66.85%,67.55%,255,270
2025/6/11,22:15,31515.9,31449.05,6505,6954.435,13805.07,13581.944,80.55,6.38,36940,65.34%,67.18%,260,260
2025/6/11,22:30,31098.9,30840.61,6137,6730.906,13859.74,14062.862,105.5,6.373,36940,63.00%,63.62%,256.93,262
2025/6/11,22:45,30584.9,29899.84,5780,6151.175,13915.88,13746.881,135.45,5.983,36940,60.40%,60.36%,240.56,258
2025/6/11,23:00,30170.9,30018.07,5418,5530.494,13959.57,12785.036,135.4,6.342,36940,58.19%,61.61%,220.39,245
2025/6/11,23:15,30098.9,30099.65,5114,5406.793,13987.4,11988.321,135.35,4.14,36940,57.09%,63.65%,230,254
2025/6/11,23:30,29521.9,29743.41,5114,5151.844,14015.21,11754.293,135.3,3.44,36940,55.46%,62.64%,260,240
2025/6/11,23:45,29043.9,29233.45,5114,5718.292,14054.88,11717.157,135.26,3.39,36940,54.05%,62.89%,249.9,238
2025/6/11,24:00,28728.9,29090.65,5114,5873.533,14035.44,11996.237,10,3.428,36940,53.59%,62.17%,259.31,235
2025/6/12,00:15,29878.8,30136.44,5492,5777.42,15144.24,12114.712,110.03,3.416,36940,54.46%,64.42%,260,246
2025/6/12,00:30,29710.8,29826.8,5490,5814.628,15092.66,11947.501,110.06,3.385,36940,54.14%,64.13%,250,245
2025/6/12,00:45,29430.8,29642.61,5489,5875.316,15038.18,12385.813,110.09,3.41,36940,53.52%,62.61%,245,240
2025/6/12,01:00,29402.8,29227.43,5488,5820.551,14978.86,12710.085,110.12,3.409,36940,53.61%,60.46%,240,240
2025/6/12,01:15,29065.8,28893.42,5487,5739.32,14918.23,12904.411,135.15,3.5,36940,52.79%,58.81%,240,245
2025/6/12,01:30,28421.8,28609.94,5471,5352.09,14854.42,13046.742,135.18,3.394,36940,51.17%,56.61%,238.51,233
2025/6/12,01:45,28225.8,27995.34,5456,5183.354,14788.72,13035.782,135.21,3.425,36940,50.78%,54.52%,0,228
2025/6/12,02:00,27889.8,27961.69,5441,4866.104,14721.39,13062.728,135.24,3.495,36940,50.01%,53.50%,200,228
2025/6/12,02:15,27665.8,27841.05,5423,5063.478,14652.3,12931.106,135.27,3.493,36940,49.54%,54.06%,200,230
2025/6/12,02:30,27329.8,27788.92,5423,4893.996,14562.81,12803.187,135.29,3.429,36940,48.88%,53.81%,200,229
2025/6/12,02:45,27217.8,27573.69,5423,5103.701,14475.36,12649.404,135.32,3.425,36940,48.81%,54.21%,230,201
2025/6/12,03:00,27049.8,27537.4,5423,5084.706,14378.9,12469.171,135.35,3.499,36940,48.62%,54.55%,230,220
2025/6/12,03:15,26768.8,27369.9,5423,5169.091,14266,12326.521,135.38,3.466,36940,48.16%,54.71%,228,220
2025/6/12,03:30,26880.8,27009.45,5423,5141.484,14146.88,12293.791,135.41,3.519,36940,48.79%,53.75%,235,200
2025/6/12,03:45,26601.8,26885.56,5423,5212.767,14025.25,12343.593,135.43,3.501,36940,48.36%,53.47%,220,220
2025/6/12,04:00,26405.8,27006.04,5423,5044.002,13918.77,12267.541,135.46,3.473,36940,48.12%,53.54%,220,219
2025/6/12,04:15,26377.8,26961.76,5423,5105.797,13790.71,12090.797,135.49,3.417,36940,48.39%,54.07%,224,210
2025/6/12,04:30,26348.8,26859.66,5423,5324.099,13647.16,12014.012,135.56,3.488,36940,48.70%,54.59%,230,220
2025/6/12,04:45,26293.8,26910.61,5423,5160.121,13499.04,11974.534,135.83,3.556,36940,48.95%,54.39%,227,228
2025/6/12,05:00,26293.8,26939.91,5423,5087.458,13338.19,11877.181,140.93,3.736,36940,49.37%,54.54%,228,230
2025/6/12,05:15,26489.8,26875.78,5436,5156.317,13170.01,11793.876,202.58,32.824,36940,50.23%,54.70%,235,230
2025/6/12,05:30,26656.8,27170.63,5448,5298.146,12962.31,11616.325,345.52,245.392,36940,50.89%,55.79%,232,230
2025/6/12,05:45,26909.8,27149.7,5460,5359.354,12802.17,11392.7,561.23,619.362,36940,51.45%,55.49%,229,236
2025/6/12,06:00,27188.8,27427.74,5472,5675.645,12612.61,11136.63,948.25,1075.757,36940,51.71%,56.55%,230,240
2025/6/12,06:15,27329.8,27527.7,5491,6062.366,12392.58,10970.121,1477.8,1576.945,36940,51.30%,56.97%,230,230
2025/6/12,06:30,27413.8,27400.93,5626,6127.035,12149.84,10648.405,2137.54,2175.771,36940,50.76%,56.05%,232,239
2025/6/12,06:45,27188.8,27394.01,5763,6198.06,11925.93,10486.871,2871.46,2882.989,36940,49.15%,54.74%,220,201
2025/6/12,07:00,26909.8,27023.77,5899,6288.559,11701.45,10205.342,3796.09,3693.331,36940,46.86%,52.55%,185,219
2025/6/12,07:15,25928.8,26506.66,6107,6646.302,10865.04,9968.549,4777.73,4581.869,36940,44.38%,50.36%,181,180
2025/6/12,07:30,25256.8,25917.33,6605,7200.378,10043.51,9759.611,5762.42,5694.431,36940,43.46%,47.82%,0,0
2025/6/12,07:45,25060.8,25305.17,7152,7773.777,9819.27,9414.28,7002.83,6752.225,36940,41.66%,45.78%,0,0
2025/6/12,08:00,24640.8,24984.88,7683,8270.105,9579.41,9248.748,8275.14,7803.852,36940,39.17%,43.86%,0,0
2025/6/12,08:15,24108.8,24863.54,8266,9750.361,9241.85,9152.178,9572,8913.325,36940,36.71%,44.80%,24.36,25.1
2025/6/12,08:30,23799.8,24980.27,8477,10428.26,9124.35,9205.18,10859.77,9998.242,36940,33.28%,43.87%,24.61,25.32
2025/6/12,08:45,23687.8,24703.2,8693,11604.73,9041.69,9098.198,12065.49,11005.202,36940,30.52%,43.87%,24.42,25.33
2025/6/12,09:00,23128.8,24567.8,8906,11094.17,8956.24,8849.233,13234.04,12292.014,36940,26.65%,39.31%,24.01,25.2
2025/6/12,09:15,23015.8,24556.53,9090,11738.13,8894.01,8715.277,14297,12834.759,36940,24.13%,39.92%,24.12,25.22
2025/6/12,09:30,22959.8,24338.75,9089,11303.98,8884.17,8487.397,15284.45,12990.745,36940,21.33%,38.34%,24.25,25.05
2025/6/12,09:45,22847.8,24230.32,9089,11041.56,8879.42,8251.554,16175.53,12015.97,36940,18.63%,40.62%,23.76,24.87
2025/6/12,10:00,22791.8,24077.94,9089,11170.78,8835.9,8300.709,16969.28,12396.618,36940,16.45%,39.39%,24.02,25.01
2025/6/12,10:15,22847.8,24432.7,9091,10101.83,8829.29,7293.506,17698.84,12824.563,36940,14.65%,39.03%,24,25.08
2025/6/12,10:30,22959.8,24484.22,8828,10065.1,8848.92,6266.687,18335.21,13142.531,36940,12.46%,40.99%,23.72,25.15
2025/6/12,10:45,23155.8,24458.18,8572,9298.488,8877.7,6180.227,18860.58,12703.762,36940,10.80%,40.26%,23.79,25.04
2025/6/12,11:00,23548.8,24591.05,8316,10583.79,8871.79,6307.161,19294.21,13500.396,36940,10.01%,41.60%,23.88,25.01
2025/6/12,11:15,24416.8,25613.27,8003,10900.15,8889.13,6262.124,19648.07,14410.031,36940,10.51%,42.88%,24.07,24.98
2025/6/12,11:30,24332.8,25857.22,7852,10039.08,8908.71,6541.123,19879.81,14654.602,36940,9.19%,39.80%,24.68,25.17
2025/6/12,11:45,24135.8,25581.86,7701,10145.61,8934.88,6066.737,20029.23,14967.313,36940,7.78%,39.78%,25.13,25.22
2025/6/12,12:00,23827.8,25172.43,7549,9961.017,8957.43,6026.412,20102.04,14835.443,36940,6.27%,38.63%,25.04,25.24
2025/6/12,12:15,23464.8,25359.75,7436,9132.326,8959.66,6024.34,20045.59,13272.008,36940,5.13%,41.14%,26.02,26.64
2025/6/12,12:30,23211.8,25053.88,7668,11273.63,8954.17,6219.705,19975.13,14221.606,36940,5.28%,43.01%,26.01,26.75
2025/6/12,12:45,23099.8,24965.28,7900,11970,8957.89,6538.883,19828.92,14766.702,36940,5.99%,42.31%,26.18,26.79
2025/6/12,13:00,22987.8,24680.63,8132,12467.24,8940.24,7075.88,19574.85,14434.572,36940,7.05%,42.33%,26.56,26.88
2025/6/12,13:15,22651.8,24413.04,8369,12851.3,8915.53,7050.263,19275.04,15134.162,36940,7.66%,40.82%,31.31,27.02
2025/6/12,13:30,22651.8,24164.68,8367,13071.01,8884.08,6872.863,18870.36,14712.586,36940,8.84%,42.37%,22.54,27.13
2025/6/12,13:45,22903.8,23983.94,8367,13614.29,8845.48,6812.3,18449.34,14431.147,36940,10.76%,44.27%,32.13,27.23
2025/6/12,14:00,22948.8,24254.35,8367,13702.96,8816.34,6667.983,17875.63,14048.011,36940,12.52%,46.67%,199.01,27.26
2025/6/12,14:15,22948.8,24476.91,8375,12428.71,8714.17,6550.214,17208.89,13539.34,36940,14.62%,45.52%,85.95,27.32
2025/6/12,14:30,23227.8,24636.02,8371,12474.05,8662.55,6812.38,16523.35,13388.694,36940,17.36%,45.77%,85.52,27.4
2025/6/12,14:45,23506.8,25251.78,8371,12360.55,8620.19,6872.108,15752.24,13567.839,36940,20.32%,46.49%,85.05,27.45
2025/6/12,15:00,23645.8,25660.61,8371,12733.34,8583.33,7300.399,14978.79,13325.349,36940,22.89%,48.10%,102.05,27.5
2025/6/12,15:15,24035.8,26057.2,8382,11895.07,8550.72,7414.684,14184.18,13101.43,36940,26.21%,47.20%,220.24,27.3
2025/6/12,15:30,24593.8,26614.6,8314,10310.2,8517.45,7683.689,13342.41,12417.819,36940,29.91%,45.54%,199.28,27.34
2025/6/12,15:45,25123.8,27040.92,8247,9308.411,8508.78,7816.372,12472.05,11514.182,36940,33.54%,46.07%,182.53,27.18
2025/6/12,16:00,25876.8,27277.67,8180,8292.289,8483.68,7876.783,11552.84,10584.978,36940,37.95%,46.31%,198.74,26.89
2025/6/12,16:15,26685.8,27899.25,8099,8099.118,8493.01,8083.028,10565.24,9450.095,36940,42.57%,49.99%,186,25.39
2025/6/12,16:30,27243.8,28471.35,7748,7729.584,8520.55,8442.669,9576.43,8421.277,36940,45.74%,52.35%,198.28,181.63
2025/6/12,16:45,27773.8,29117.43,7427,7537.089,8557.63,8841.619,8551.31,7277.178,36940,48.98%,55.59%,239,191
2025/6/12,17:00,28331.8,29651.86,7092,7110.246,8632.34,9327.082,7540.48,6218.647,36940,52.11%,57.43%,245,220
2025/6/12,17:15,28916.8,30140.15,6840,6920.695,9016.25,10194.631,6526.78,5226.279,36940,54.72%,58.58%,245,235
2025/6/12,17:30,29446.8,30719.11,6950,6922.847,9291.56,10624.461,5516.02,4341.626,36940,58.44%,61.39%,250,239
2025/6/12,17:45,30227.8,30963.65,7067,7058.876,9382.68,10740.84,4594.85,3579.772,36940,63.12%,64.16%,250,265.55
2025/6/12,18:00,30590.8,31211.85,7182,7327.822,9323.15,11224.029,3706.8,2758.222,36940,66.98%,66.48%,257,260.45
2025/6/12,18:15,30980.8,31603.57,7254,7315.381,9332.79,11197.173,2882.09,2093.976,36940,70.44%,69.38%,270,270
2025/6/12,18:30,31175.8,31905.38,7254,7191.538,9252.75,10975.837,2160.13,1557.346,36940,73.14%,71.91%,278,282.2
2025/6/12,18:45,31538.8,32205.9,7254,7526.49,8926.42,10724.159,1499.02,1085.556,36940,76.79%,75.59%,282,300.19
2025/6/12,19:00,31733.8,32603.12,7254,7158.479,8846.93,10455.563,955.96,707.871,36940,79.01%,77.42%,282,304.39
2025/6/12,19:15,32090.8,32656.68,7254,7333.93,8456.07,10157.821,529.22,357.487,36940,82.19%,79.79%,289,310.98
2025/6/12,19:30,32286.8,32529.34,7221,7440.133,8253.06,10427.026,253.89,94.312,36940,83.92%,79.72%,290,317.63
2025/6/12,19:45,32763.8,32887.76,7188,7195.481,8205.55,10574.253,83.07,8.561,36940,85.72%,79.86%,301,324.79
2025/6/12,20:00,33015.8,33045.06,7155,7193.881,8293.92,10870.248,4.78,26.124,36940,86.28%,79.43%,308,320
2025/6/12,20:15,33099.8,32857.5,7122,7571.151,8285.05,11533.974,0.64,26.067,36940,86.45%,78.15%,310,354.59
2025/6/12,20:30,33099.8,32951.31,7099,7283.245,8310.53,12273.389,0.53,24.594,36940,86.32%,75.63%,300,326.82
2025/6/12,20:45,33015.8,33017.32,7077,7106.291,8335.61,12166.648,0.48,24.524,36940,85.97%,75.62%,275,362.62
2025/6/12,21:00,32735.8,32809.32,7055,6990.15,8346.58,11827.726,0.46,24.474,36940,85.12%,75.66%,280,350.69
2025/6/12,21:15,32455.8,32703.72,6974,6790.996,8624.53,11691.046,0.43,4.614,36940,83.39%,75.25%,261.69,323.52
2025/6/12,21:30,32202.8,32869.93,6857,6969.667,8775.8,11321.633,0.41,24.529,36940,81.98%,77.13%,261.03,321.82
2025/6/12,21:45,31951.8,32822.38,6742,6799.233,8952.6,10624.944,0.38,19.921,36940,80.51%,78.44%,280,319.98
2025/6/12,22:00,31727.8,32232.16,6625,6854.898,9508.21,10801.015,50.35,4.623,36940,77.95%,76.56%,282,311.35
2025/6/12,22:15,31391.8,32092,6505,6726.241,9713.05,10802.408,50.32,4.772,36940,76.16%,75.83%,280,300
2025/6/12,22:30,31083.8,31651.64,6137,6386.684,9731.64,10611.399,50.29,1.362,36940,74.28%,74.24%,270,290
2025/6/12,22:45,30718.8,31211.41,5780,6106.02,9754.29,9711.262,50.27,1.334,36940,72.26%,74.73%,268,289.91
2025/6/12,23:00,30325.8,31000,5418,5478.013,9972.73,9108.644,80.24,1.324,36940,69.55%,74.09%,260,287.15
2025/6/12,23:15,29962.8,30879.86,5114,5334.274,10427.61,8566.384,80.21,0.619,36940,66.51%,74.84%,269,272.31
2025/6/12,23:30,29597.8,30463.47,5114,5639.064,10318.05,7884.74,80.18,4.076,36940,65.82%,76.38%,280,270
2025/6/12,23:45,28757.8,29793.81,5114,5551.551,10215.06,7802.071,80.15,4.108,36940,63.82%,74.55%,280,261.1
2025/6/12,24:00,28533.8,29536.34,5114,5659.823,9933.69,7612.927,0,4.067,36940,64.20%,74.66%,280.29,265.55
2025/6/13,00:15,30278.7,30713.66,5492,5449.768,7510,7366.693,0.02,4.156,41434,68.21%,69.49%,365,377.84
2025/6/13,00:30,30118.5,30387.18,5490,5674.289,7374.37,7418.162,0.04,4.107,41434,68.14%,69.12%,495,357.8
2025/6/13,00:45,29824.8,30126.78,5489,5941.779,7263.06,7448.522,0.06,4.109,41434,67.70%,69.06%,494,354.21
2025/6/13,01:00,29450.9,30063.87,5488,5871.064,7137.31,7765.609,0.08,4.087,41434,67.10%,67.98%,351,354.63
2025/6/13,01:15,29210.6,29727.9,5487,6304.521,7311.86,7442.087,0.1,4.175,41434,66.09%,68.99%,351,351
2025/6/13,01:30,28863.5,29507.54,5471,6064.63,7228.95,7143.935,0.11,14.022,41434,65.42%,68.58%,350,349
2025/6/13,01:45,28649.9,29044.33,5456,6037.055,7107.45,6938.438,0.13,14.143,41434,65.16%,67.89%,351,350
2025/6/13,02:00,28436.3,28918.22,5441,5674.804,6970.05,6723.443,0.15,14.143,41434,64.94%,67.23%,350,349
2025/6/13,02:15,28196,28863.53,5423,5344.537,6792.54,6264.905,0.17,13.296,41434,64.74%,67.41%,346,351
2025/6/13,02:30,28009.1,28670.8,5423,5525.512,6602.61,5988.295,0.19,4.045,41434,64.75%,68.07%,351,351
2025/6/13,02:45,27848.9,28670.57,5423,5492.034,6421.51,5932.253,0.21,4.063,41434,64.80%,68.12%,351,350
2025/6/13,03:00,27768.8,28240.55,5423,5651.358,5893.9,5872.679,0.23,4.138,41434,65.88%,67.61%,351,351
2025/6/13,03:15,27688.7,28067.6,5423,5927.236,5710.82,5712.305,0.24,4.138,41434,66.13%,68.25%,480,352.33
2025/6/13,03:30,27555.2,28166.75,5423,5585.117,5487.44,5517.26,0.26,4.107,41434,66.35%,68.13%,351,351
2025/6/13,03:45,27475.1,27359.23,5423,5628.784,5269.92,5045.528,0.28,4.258,41434,66.68%,67.43%,351,385.35
2025/6/13,04:00,27368.3,27415.13,5423,5594.024,5053.23,4592.092,0.3,4.078,41434,66.94%,68.57%,351,351
2025/6/13,04:15,27368.3,27339.66,5423,5467.637,4839.09,4445.032,0.31,4.121,41434,67.46%,68.44%,350,351
2025/6/13,04:30,27368.3,27363.31,5423,5588.407,4685.28,4029.724,0.34,4.153,41434,67.83%,69.79%,351,360.99
2025/6/13,04:45,27368.3,27253.16,5423,5641.526,4536.52,3819.136,0.48,4.079,41434,68.19%,70.16%,355,405.81
2025/6/13,05:00,27368.3,27398.74,5423,5524.871,4383.97,3956.905,3.74,4.133,41434,68.55%,69.90%,495,351
2025/6/13,05:15,27448.4,27648.11,5436,5501.357,4202.23,4118.335,39.3,11.157,41434,69.13%,70.04%,495,570.94
2025/6/13,05:30,27768.8,27858.02,5448,5491.691,4032.98,4083.446,146.45,156.262,41434,70.08%,70.26%,496,538.06
2025/6/13,05:45,27929,28225.97,5460,5512.301,3895.31,4010.068,357.7,504.041,41434,70.32%,70.53%,593,544.73
2025/6/13,06:00,27982.4,28171.92,5472,5618.721,3763.1,4155.233,691.13,918.2,41434,69.99%,69.31%,489,406.04
2025/6/13,06:15,27955.7,28504.31,5491,5515.677,3616.16,4172.954,1149.43,1416.658,41434,69.22%,68.62%,351,498.51
2025/6/13,06:30,27848.9,28088,5626,5756.062,3456.89,4100.483,1732.27,1961.429,41434,68.27%,67.05%,351,351
2025/6/13,06:45,27314.9,27971.8,5763,5853.098,3334.58,3969.129,2413.96,2640.43,41434,65.96%,65.68%,349,350
2025/6/13,07:00,26807.6,27718.29,5899,6045.862,3220.49,3718.775,3243.01,3449.762,41434,63.34%,64.19%,295,320
2025/6/13,07:15,26540.6,27080,6107,6084.184,3319.36,3446.543,4232.66,4379.611,41434,60.57%,61.15%,294,295
2025/6/13,07:30,26380.4,26563.14,6605,6598.004,3165.42,3047.921,5348.02,5480.837,41434,59.06%,59.45%,288.4,294.4
2025/6/13,07:45,25953.1,26105.84,7152,7199.031,2972.18,2679.185,6540.3,6564.651,41434,56.94%,58.07%,280,270
2025/6/13,08:00,25419.1,25687.43,7683,7619.52,2801.06,2438.524,7739.41,7762.73,41434,54.45%,55.77%,268,282.2
2025/6/13,08:15,25339,25719.04,8266,8148.45,2654.3,2171.723,8950.95,9177.17,41434,53.10%,54.35%,270,260
2025/6/13,08:30,25101.6,25505.81,8477,8346.995,2513.58,2051.817,10162.9,10555.467,41434,50.45%,51.28%,260,260
2025/6/13,08:45,25101.6,25510.13,8693,8331,2382.19,1871.407,11289.87,11760.05,41434,48.57%,48.78%,232,244
2025/6/13,09:00,25046.6,25267.88,8906,8887.514,2216.67,1779.29,12370.11,12884.063,41434,46.74%,47.04%,245,246
2025/6/13,09:15,25128.6,25325.31,9090,9171.779,2112.67,1715.19,13356.65,14105.621,41434,45.25%,45.07%,240,234
2025/6/13,09:30,25101.6,25100.45,9089,9338.163,2039.17,1717.444,14266.45,15192.934,41434,43.16%,42.30%,190,230
2025/6/13,09:45,24893.6,25035.62,9089,9279.683,1975.7,1721.688,15062.34,16018.789,41434,40.90%,40.00%,29.4,200
2025/6/13,10:00,24893.6,24772.06,9089,9362.214,1904.87,1772.386,15742.06,16759.164,41434,39.43%,37.66%,29.96,30.42
2025/6/13,10:15,24893.6,25125.96,9091,10211.75,1859.61,1893.134,16336.34,17515.299,41434,38.11%,38.44%,29.67,30.56
2025/6/13,10:30,24893.6,25109.45,8828,10170,1839.18,1925.253,16836.89,17895.116,41434,36.31%,37.31%,28.96,30.49
2025/6/13,10:45,25083.6,25229.57,8572,10277.65,1824.04,2066.701,17213.77,18342.341,41434,35.28%,36.44%,28.62,30.16
2025/6/13,11:00,25408.6,25127.35,8316,10288.88,1798.21,2120.637,17499.83,18480.145,41434,34.82%,35.76%,28.81,30.18
2025/6/13,11:15,26411.6,26672.94,8003,10224.68,1802.45,2259.222,17666.8,18555.889,41434,36.07%,38.81%,28.9,30.1
2025/6/13,11:30,26547.6,26739.52,7852,9974.125,1815.37,2346.622,17776.72,18535.57,41434,35.74%,38.21%,29.01,30.29
2025/6/13,11:45,26059.6,26694.57,7701,9742.234,1840.09,2364.648,17803.48,18309.996,41434,34.07%,38.04%,28.76,30.46
2025/6/13,12:00,25436.6,26643.32,7549,10402.9,1858.68,2439.823,17784.38,18017.155,41434,32.20%,40.04%,28.85,30.63
2025/6/13,12:15,25029.6,26549.96,7436,11390.62,1894.09,2589.244,17677.39,17588.339,41434,31.12%,42.87%,224.1,32.79
2025/6/13,12:30,24812.6,26487.79,7668,11121.21,1935.09,2646.323,17549.09,17193.28,41434,31.37%,42.89%,201.98,32.79
2025/6/13,12:45,24595.6,26401.77,7900,11602.67,1978.87,2541.054,17302.12,17157.699,41434,31.89%,44.18%,228.89,32.92
2025/6/13,13:00,24324.6,26359.76,8132,11949.87,2021.47,2533.551,16925.92,16308.675,41434,32.60%,46.98%,246.09,33.09
2025/6/13,13:15,24107.6,26222.35,8369,11295.67,2065.27,2544.216,16500.38,15893.632,41434,33.57%,46.05%,244.9,33.72
2025/6/13,13:30,24053.6,26034.09,8367,10491.32,2114.73,2556.031,15988.46,14901.894,41434,34.55%,46.02%,232.59,33.35
2025/6/13,13:45,24053.6,26067.47,8367,10251.71,2164.25,2567.379,15405.4,14031.362,41434,35.84%,47.59%,238.51,32.38
2025/6/13,14:00,24161.6,26182.27,8367,9607.626,2231.27,2629.726,14782.63,13376.252,41434,37.44%,47.75%,238.63,32.4
2025/6/13,14:15,24514.6,26270,8375,9202.995,2274.9,2635.035,14076.86,13065.408,41434,39.91%,47.72%,233.27,132.63
2025/6/13,14:30,25002.6,26420.49,8371,8569.137,2314.97,2751.703,13387.41,12501.683,41434,42.65%,47.63%,228.29,236.43
2025/6/13,14:45,25652.6,27002.44,8371,8423.31,2357.76,2612.762,12667.67,11982.233,41434,45.85%,50.27%,263.53,230
2025/6/13,15:00,26222.6,27422.88,8371,8668.617,2416.62,2671.485,11980.29,11649.564,41434,48.74%,52.54%,261.05,255
2025/6/13,15:15,26654.6,27898.37,8382,8563.604,2461.25,2733.625,11282.26,11282.18,41434,51.39%,54.17%,261.27,260
2025/6/13,15:30,27062.6,28195.67,8314,8300.977,2500.27,2933.537,10599.2,10544.626,41434,53.77%,55.55%,271.96,260
2025/6/13,15:45,27580.6,28588.48,8247,8291.775,2549.21,3197.468,9856.29,9682.559,41434,56.53%,57.92%,278.12,267.8
2025/6/13,16:00,28206.6,28868.78,8180,8490.229,2632.87,2965.855,9104.41,9203.77,41434,59.49%,60.79%,294,282.2
2025/6/13,16:15,28588.6,29237.69,8099,8554.086,2685.77,2833.51,8330.11,8499.591,41434,61.96%,63.86%,310,300
2025/6/13,16:30,28915.6,29810.23,7748,8117.009,2594.03,2956.253,7556.41,7382.669,41434,63.99%,66.58%,349,295
2025/6/13,16:45,29432.6,30474.01,7427,7317.559,2604.58,3164.949,6758.89,6782.439,41434,66.36%,67.20%,335,345.32
2025/6/13,17:00,29814.6,30740.7,7092,7183.765,2612.46,3280.712,5952.86,5960.252,41434,68.40%,69.23%,351,352.08
2025/6/13,17:15,30467.6,31096.84,6840,6932.551,2493.24,3483.588,5069.39,5025.549,41434,71.79%,71.25%,351,456.04
2025/6/13,17:30,30912.6,31872.97,6950,6824.5,2467.21,3413.387,4270.46,4444.156,41434,75.12%,74.43%,494,539.56
2025/6/13,17:45,31074.6,31941.99,7067,7055.232,2476.95,3545.391,3497.72,3778.884,41434,77.63%,76.44%,496,541.76
2025/6/13,18:00,31103.6,32465.93,7182,7525.616,2508.76,3533.514,2806.77,2921.971,41434,79.57%,80.94%,597,638.41
2025/6/13,18:15,31457.6,32540.39,7254,7521.388,2560.88,3760.991,2194.83,2368.979,41434,81.95%,81.89%,1220,598
2025/6/13,18:30,31706.6,33064.58,7254,7437.98,2639.93,3888.624,1652.87,1854.626,41434,83.67%,83.89%,1185,1121.99
2025/6/13,18:45,32047.6,33095.9,7254,7300.163,2677.08,3925.652,1189.37,1348.952,41434,85.52%,84.76%,1200,1156.72
2025/6/13,19:00,32156.6,33163.95,7254,7189.346,2727.86,3869.848,781.97,933.047,41434,86.65%,85.80%,1225,1165.23
2025/6/13,19:15,32156.6,33407.86,7254,7162.113,2818.49,3967.39,457.65,550.992,41434,87.21%,87.01%,1221,1193.64
2025/6/13,19:30,32510.6,33116.13,7221,7224.093,2917.47,4085.266,236.25,219.238,41434,88.28%,86.97%,1180,1191.63
2025/6/13,19:45,32565.6,33083.54,7188,7228.229,3014.05,4129.332,92.07,30.244,41434,88.45%,87.25%,1187,1185.53
2025/6/13,20:00,32919.6,33533.44,7155,7155.354,3156.94,4410.636,3.98,6.635,41434,89.09%,87.54%,1187,1185.53
2025/6/13,20:15,32999.6,33554.63,7122,7162.841,3240.66,4558.112,0.48,5.707,41434,89.01%,87.26%,1185,1185.53
2025/6/13,20:30,32919.6,33384.9,7099,7255.835,3317.6,5031.319,0.42,4.471,41434,88.58%,85.93%,1185,1129.96
2025/6/13,20:45,32837.6,33497.08,7077,7197.986,3379.73,5323.412,0.31,4.21,41434,88.18%,85.36%,1183,1129.96
2025/6/13,21:00,32837.6,33194.85,7055,7192.506,3459.61,5348.686,0.3,4.533,41434,87.93%,84.55%,1186,1135.91
2025/6/13,21:15,32538.6,33034.32,6974,7089.724,3543.64,5212.659,0.28,4.495,41434,86.81%,84.25%,599,1128.97
2025/6/13,21:30,32376.6,33039.54,6857,6919.793,3614.95,5038.375,0.26,4.51,41434,85.96%,84.27%,591,910
2025/6/13,21:45,32159.6,32778.59,6742,6953.843,3688.79,5048.711,0.24,17.849,41434,84.98%,83.67%,1128,1000
2025/6/13,22:00,31915.6,32407.42,6625,6667.557,3778.83,5084.981,0.23,4.212,41434,83.90%,82.02%,494,597
2025/6/13,22:15,31589.6,32059.88,6505,6582.516,3890.84,4995.217,0.21,23.214,41434,82.55%,81.15%,599,598
2025/6/13,22:30,31047.6,32043.7,6137,6307.892,3944.69,4933.557,0.19,22.785,41434,80.22%,80.60%,494,495
2025/6/13,22:45,30613.6,31135.76,5780,6037.078,3995.58,5249.771,0.17,14.396,41434,78.19%,77.01%,579,351
2025/6/13,23:00,30369.6,30750.69,5418,5832.672,4034.68,5780.26,0.15,3.476,41434,76.63%,74.33%,460,351
2025/6/13,23:15,30071.6,30699.35,5114,5674.796,4053.54,5996.332,0.13,3.56,41434,75.14%,73.31%,351,351
2025/6/13,23:30,29746.6,30255.83,5114,5718.196,4055.59,6113.71,0.11,3.62,41434,74.35%,72.06%,345,350
2025/6/13,23:45,29529.6,29839.18,5114,5668.267,4052.47,6337.359,0.1,3.513,41434,73.83%,70.39%,318,350
2025/6/13,24:00,29034.6,29356.62,5114,5618.732,4219.34,6350.657,0,3.507,41434,72.23%,69.08%,300,348
2025/6/14,00:15,29545.8,30111.32,5492,5701.836,4122,6317.092,0.03,3.525,40010,77.27%,73.71%,280,294
2025/6/14,00:30,29408.3,30183.62,5490,5899.329,4154.97,6351.613,0.06,3.587,40010,76.84%,74.30%,280,282
2025/6/14,00:45,29369,29977.47,5489,6456.818,4320.18,6478.74,0.09,3.518,40010,76.33%,74.86%,269,282
2025/6/14,01:00,29094.1,29561.48,5488,6412.957,4395.65,6465.937,0.13,3.53,40010,75.45%,73.74%,270,280
2025/6/14,01:15,28850.1,29255.88,5487,6138.376,4654.63,6494.679,0.16,3.449,40010,74.19%,72.22%,270,280
2025/6/14,01:30,28607.1,29011.12,5471,5808.99,4687.01,6432.451,0.19,2.508,40010,73.46%,70.95%,268,270
2025/6/14,01:45,28390.1,28669.29,5456,5663.735,4888.04,6107.968,0.22,3.52,40010,72.38%,70.54%,260,271
2025/6/14,02:00,28255.1,28555.39,5441,5711.812,4877.04,6016.815,0.25,5.056,40010,72.03%,70.60%,260,270
2025/6/14,02:15,28111.8,28529.54,5423,5512.83,4995.14,5869.035,25.28,3.432,40010,71.27%,70.41%,270,270
2025/6/14,02:30,27895.7,28267.66,5423,5628.967,4970.63,5810.123,25.31,3.532,40010,70.79%,70.19%,270,270
2025/6/14,02:45,27699.3,27965.78,5423,5626.21,4902.51,5910.019,25.34,3.423,40010,70.47%,69.18%,260,270
2025/6/14,03:00,27463.6,27958.28,5423,5471.854,4880.14,6230.076,25.37,3.527,40010,69.94%,67.97%,260,270
2025/6/14,03:15,27188.6,27616.51,5423,5634.064,4862.81,7038.347,25.4,3.523,40010,69.29%,65.51%,260,270
2025/6/14,03:30,27070.7,27064.1,5423,5637.409,4854.07,7265.439,25.43,3.413,40010,69.02%,63.57%,250,270
2025/6/14,03:45,27011.8,26874.13,5423,5554.825,4860.01,7778.07,25.45,3.533,40010,68.86%,61.60%,242,270
2025/6/14,04:00,26873.1,26967.17,5423,5545.379,4859.46,7766.506,25.48,3.604,40010,68.51%,61.84%,239,265.6
2025/6/14,04:15,26792.1,26880.76,5423,5571.473,4860.51,7640.399,25.51,3.536,40010,68.31%,62.01%,239,270
2025/6/14,04:30,26738.1,26536.81,5423,5672.021,4873.28,7506.816,25.54,3.616,40010,68.14%,61.73%,247,270
2025/6/14,04:45,26738.1,26342.8,5423,5618.758,4902.78,7105.574,40.63,3.375,40010,68.03%,62.12%,242,270
2025/6/14,05:00,26846.1,26386.48,5423,5653.14,4932.75,7067.885,43.46,3.409,40010,68.22%,62.41%,240,270
2025/6/14,05:15,27036.1,26373.86,5436,5864.156,4612.11,7032.062,66.26,4.207,40010,69.47%,62.99%,245,270
2025/6/14,05:30,27253.1,26741.36,5448,5919.985,4320.94,7043.038,73.14,20.971,40010,70.75%,63.98%,250,270
2025/6/14,05:45,27578.1,26661.18,5460,5932.402,4266.1,6895.028,161.97,58.711,40010,71.51%,64.08%,255,275
2025/6/14,06:00,27903.1,26842.65,5472,5491.537,4187.85,6738.534,306.99,104.639,40010,72.18%,63.71%,254,287.24
2025/6/14,06:15,28200.1,27007.97,5491,5605.805,4159.14,6782.308,507.85,174.158,40010,72.54%,64.13%,250,284.5
2025/6/14,06:30,28146.1,27162.82,5626,5639.327,4136.5,6721.847,755.96,254.707,40010,72.18%,64.55%,250,292.84
2025/6/14,06:45,27713.1,27083.99,5763,5806.287,4132.84,6679.105,1033.31,392.654,40010,70.76%,64.53%,250,273.83
2025/6/14,07:00,27686.1,27115.34,5899,5964.749,4167.21,6539.289,1335.69,583.486,40010,70.19%,64.88%,250,270
2025/6/14,07:15,27036.1,27166.27,6107,6193.587,4224.44,6419.846,1654.89,758.416,40010,68.14%,65.44%,250,271.83
2025/6/14,07:30,26494.1,26872.32,6605,6619.794,4330.5,6304.304,1993.42,859.847,40010,66.92%,65.80%,255,269.01
2025/6/14,07:45,26196.1,26999.37,7152,7118.343,4402.11,6158.874,2338.92,1015.594,40010,66.50%,67.34%,260,269.01
2025/6/14,08:00,26007.1,26734.42,7683,7753.942,4430.84,5861.338,2678.21,1315.319,40010,66.44%,68.26%,265,266
2025/6/14,08:15,26165.1,26948.45,8266,8417.584,4506.46,5486.974,3004.73,1700.986,40010,67.28%,70.43%,278,275
2025/6/14,08:30,26086.1,27278.32,8477,8394.211,4622.3,5030.342,3344.48,2246.699,40010,66.47%,70.97%,270,269
2025/6/14,08:45,26066.1,27181.53,8693,8907.701,4760.33,4930.455,3649.85,2913.419,40010,65.86%,70.60%,270,270
2025/6/14,09:00,26066.1,27301.84,8906,9025.441,4857.76,4712.574,3952.89,3708.101,40010,65.39%,69.75%,278,269
2025/6/14,09:15,26066.1,27447.53,9090,9090.342,4975.11,4670.586,4233.85,4026.619,40010,64.85%,69.58%,270,260
2025/6/14,09:30,26046.1,27429.6,9089,9167.347,5094.49,4737.223,4490.09,4672.429,40010,63.86%,67.95%,270,265
2025/6/14,09:45,25986.1,27222.92,9089,8937.545,5226.06,4686.227,4759.49,5250.061,40010,62.71%,65.54%,266.65,260
2025/6/14,10:00,25986.1,27118.83,9089,9224.002,5349.63,4779.999,5027.33,5060.238,40010,61.73%,66.24%,256,250
2025/6/14,10:15,25966.1,27231.6,9091,9164.134,5461.21,5115.957,5316.6,5366.589,40010,60.68%,64.77%,255,260
2025/6/14,10:30,26086.1,27383.71,8828,9007.079,5555.36,5461.787,5594.3,5437.219,40010,59.40%,63.71%,247,245
2025/6/14,10:45,26186.1,27400.77,8572,8587.227,5642.47,5763.237,5822,5716.008,40010,58.22%,61.26%,245,245
2025/6/14,11:00,26741.1,27664.07,8316,8346.957,5723.74,6068.012,6037.36,6190.233,40010,58.23%,59.37%,248,245
2025/6/14,11:15,27440.1,28227.85,8003,8088.217,5834.75,6429.682,6262.72,6409.454,40010,58.35%,58.68%,249,249
2025/6/14,11:30,27580.1,28053.46,7852,7845.807,5914.56,6448.16,6505.18,6773.215,40010,57.52%,56.68%,249,245
2025/6/14,11:45,27346.1,27223.11,7701,7934.187,6025.31,6471.876,6644.7,7492.046,40010,55.93%,52.97%,230,245
2025/6/14,12:00,26858.1,26456.55,7549,7475.964,6135.3,6148.202,6821.68,8326.641,40010,53.61%,48.63%,0,230
2025/6/14,12:15,26392.1,25779.75,7436,7472.93,6248.3,6210.41,6965.39,8424.847,40010,51.52%,46.53%,200,230
2025/6/14,12:30,26067.1,25000.49,7668,7727.767,6379.71,5949.919,7091.48,8979.365,40010,50.65%,44.49%,200,230
2025/6/14,12:45,25856.1,24185.6,7900,7969.364,6519.33,5981.136,7241.17,9460.224,40010,49.98%,41.77%,113.62,230
2025/6/14,13:00,25577.1,23570.93,8132,8700.272,6679.37,5995.031,7433.79,10513.502,40010,48.98%,39.40%,28.36,230
2025/6/14,13:15,25386.1,23209.85,8369,9001.272,6823.4,6282.314,7574.75,9913.711,40010,48.38%,40.03%,28.79,230
2025/6/14,13:30,25087.1,23156.68,8367,10328.04,6971.59,6052.739,7713.26,9656.602,40010,46.91%,44.43%,28.5,220
2025/6/14,13:45,24967.1,23007.98,8367,10288.22,7105.56,5895.974,7811.08,9732.29,40010,46.03%,44.16%,73.73,200
2025/6/14,14:00,24907.1,22914.96,8367,10503.76,7232.76,5800.154,7966.95,10091.367,40010,45.17%,43.81%,72.83,210
2025/6/14,14:15,24907.1,23176.04,8375,10662.34,7320.74,5619.453,8053.89,10109.069,40010,44.76%,45.26%,77.44,200
2025/6/14,14:30,24927.1,23047.12,8371,10702.43,7395.8,5727.459,8126.85,10389.589,40010,44.43%,44.07%,78.48,200
2025/6/14,14:45,24987.1,23172.71,8371,10426.64,7463.51,6012.408,8082.97,10042.685,40010,44.52%,43.85%,89.14,200.86
2025/6/14,15:00,25247.1,23555.69,8371,10102.69,7530.74,6468.658,7988,10670.121,40010,45.24%,41.29%,76.2,200
2025/6/14,15:15,25267.1,23671.25,8382,9596.457,7569.84,7425.441,7833.44,10151.095,40010,45.60%,39.22%,113.79,200
2025/6/14,15:30,25624.1,24030.61,8314,9363.6,7634.2,7899.499,7620.4,9770.652,40010,46.70%,39.30%,113.66,185
2025/6/14,15:45,26113.1,24422.05,8247,8249.542,7710.95,7377.734,7255.83,9545.982,40010,48.47%,39.36%,27.93,235
2025/6/14,16:00,26531.1,25095.3,8180,9000.482,7813.55,7012.184,6851,8693.812,40010,50.10%,45.96%,27.69,230
2025/6/14,16:15,26927.1,25513.71,8099,8543.434,7961.89,6999.645,6374.13,7611.881,40010,51.71%,48.60%,25.56,230
2025/6/14,16:30,27207.1,26222.18,7748,7907.71,8045.81,6586.989,5930.66,6580.115,40010,52.43%,52.39%,219,245
2025/6/14,16:45,27577.1,26576.29,7427,7833.829,8146.64,6374.311,5452.84,5680.495,40010,53.50%,55.87%,240,240
2025/6/14,17:00,28138.1,27102.54,7092,6964.276,8247.93,6160.663,4933.68,5276.541,40010,55.11%,56.56%,249,241
2025/6/14,17:15,29039.3,27674.48,6840,7267.289,8464.18,5665.505,4400.19,4491.65,40010,57.52%,61.95%,255,240
2025/6/14,17:30,29749.1,28589.14,6950,7030.11,8557.47,5881.774,3843.93,3569.22,40010,60.73%,65.40%,260,256
2025/6/14,17:45,30158.5,29164.76,7067,7196.124,8668.26,6053.836,3299.52,3059.536,40010,63.13%,68.10%,265,260
2025/6/14,18:00,30404.2,29385.06,7182,7454.693,8789.64,6506.163,2700.93,2547.758,40010,65.22%,69.45%,275,260
2025/6/14,18:15,30704.5,29607.46,7254,8453.195,8177.62,7584.184,2153.04,2127.655,40010,69.05%,70.85%,298,260
2025/6/14,18:30,30895.6,29518.46,7254,6474.985,8333.25,6376.73,1644.67,1595.196,40010,70.41%,70.04%,275.13,264.51
2025/6/14,18:45,31059.3,29716.51,7254,6979.654,8531.95,8946.933,1171.07,1116.712,40010,71.51%,66.56%,260,265.55
2025/6/14,19:00,31141.2,29594.62,7254,7902.764,8615.63,8984.047,754.17,777.632,40010,72.55%,69.32%,280,265
2025/6/14,19:15,31215.1,29799.59,7254,7990.177,8800.73,9915.45,434.2,401.668,40010,73.07%,68.66%,260,269
2025/6/14,19:30,31268.1,30002.21,7221,8303.289,8996.64,9890.359,218.29,146.773,40010,73.17%,70.65%,249,269
2025/6/14,19:45,31346.1,29827.89,7188,7956.527,9174.66,9821.054,77.96,13.445,40010,73.19%,69.86%,249,260
2025/6/14,20:00,31428.1,30240.71,7155,8431.363,9483.45,10124.751,3.25,5.976,40010,72.72%,71.34%,260,265
2025/6/14,20:15,31500.1,30050.4,7122,8250.135,9662.68,10484.143,0.88,5.642,40010,72.38%,69.51%,254,260.93
2025/6/14,20:30,31449.1,30179.49,7099,8385.734,9799.65,10504.38,0.91,4.524,40010,71.85%,70.12%,250,251.77
2025/6/14,20:45,31469.1,29966.24,7077,8360.936,10039.96,10737.725,0.78,4.52,40010,71.25%,68.95%,250,260
2025/6/14,21:00,31321.1,29663.7,7055,8338.398,10218.99,10724.995,0.48,4.618,40010,70.37%,68.16%,250,250
2025/6/14,21:15,31102.1,29608.09,6974,8777.919,10498.28,10955.31,0.45,4.634,40010,68.93%,68.55%,240,256
2025/6/14,21:30,31053.1,29431.48,6857,9019.972,10807.9,11372.168,0.43,4.675,40010,67.74%,67.67%,240,245
2025/6/14,21:45,30734.1,29196.48,6742,8435.3,11112.88,11434.111,0.4,4.641,40010,65.89%,65.47%,236,254
2025/6/14,22:00,30436.1,28913.27,6625,8413.894,12017.33,11427.129,0.37,4.681,40010,62.59%,64.72%,230,245
2025/6/14,22:15,30130.1,28500.69,6505,8200.079,13135.22,11790.959,0.34,4.725,40010,58.73%,62.25%,239,248
2025/6/14,22:30,29692.1,28064.86,6137,8136.707,13314.72,12028.957,50.31,4.698,40010,56.15%,60.40%,240,240
2025/6/14,22:45,29473.1,27834.1,5780,7531.579,13484.7,12040.483,50.28,4.682,40010,54.28%,58.29%,230,235
2025/6/14,23:00,28920.1,27507.33,5418,7758.384,13663.75,11890.727,100.25,4.691,40010,51.42%,58.41%,230,230
2025/6/14,23:15,28824.1,27452.31,5114,7404.26,13859.31,11982.063,100.22,4.052,40010,49.93%,57.16%,220,230
2025/6/14,23:30,28456.1,27121.02,5114,7093.939,13952.23,12101.714,100.19,3.938,40010,48.78%,55.26%,210,210
2025/6/14,23:45,28136.1,26801.92,5114,6770.721,14014.41,12465.029,100.16,3.97,40010,47.83%,52.75%,200,200
2025/6/14,24:00,27722.1,26580.37,5114,5967.609,14050.77,12730.198,0,3.979,40010,46.95%,49.52%,200,200
2025/6/15,00:15,27692.5,27429.43,5475,5586.565,14618.19,12893.736,110.02,4.042,37940,48.60%,53.03%,220,181
2025/6/15,00:30,27737.2,27359.52,5476,5509.005,14730.71,13142.78,110.04,3.903,37940,48.43%,51.98%,220,200
2025/6/15,00:45,27564.5,27142.41,5476,5711.211,14841.07,13612.016,110.06,3.904,37940,47.68%,50.71%,185,180
2025/6/15,01:00,27283.2,26867.87,5476,5514.722,14935.47,13851.115,110.08,3.898,37940,46.69%,48.83%,0,10
2025/6/15,01:15,27047.5,26502.25,5477,5496.645,15010.26,14182.469,110.1,3.893,37940,45.87%,46.95%,0,169
2025/6/15,01:30,26728,26366,5465,5447.075,15098.35,14235.118,110.11,3.905,37940,44.77%,46.32%,0,0
2025/6/15,01:45,26440.4,26134.3,5453,5446.479,15139.3,14185.544,110.13,3.906,37940,43.87%,45.84%,0,0
2025/6/15,02:00,26202.2,25777.15,5441,5502.77,15173.57,14344.368,110.15,3.978,37940,43.12%,44.63%,0,0
2025/6/15,02:15,26301.7,25841.05,5426,5418.039,15233.1,14253.219,135.17,4.005,37940,43.12%,44.81%,0,10
2025/6/15,02:30,26046.6,25485.46,5440,5599.37,15279.23,13972.756,135.19,3.968,37940,42.36%,45.09%,0,0
2025/6/15,02:45,25917,25645.07,5454,5511.592,15328.51,13921.496,135.21,3.953,37940,41.93%,45.42%,0,0
2025/6/15,03:00,25824,25510.79,5468,5552.653,15368.2,13830.245,135.23,3.956,37940,41.61%,45.41%,0,0
2025/6/15,03:15,25532.4,25499.18,5482,5409.025,15417.35,13565.351,135.24,4.033,37940,40.75%,45.70%,0,0
2025/6/15,03:30,25540.1,25292.03,5482,5454.358,15465.9,13386.242,135.26,4.031,37940,40.65%,45.75%,0,10
2025/6/15,03:45,25135.6,25190.4,5482,5491.764,15519.52,13301.583,135.28,4.03,37940,39.44%,45.80%,0,0
2025/6/15,04:00,25213.6,25314.33,5482,5176.995,15554.28,13247.167,135.3,4.023,37940,39.55%,45.44%,0,0
2025/6/15,04:15,25119.1,24724.06,5482,5658.052,15595.96,13325.574,135.31,4.043,37940,39.19%,44.95%,0,0
2025/6/15,04:30,25083.6,24832.54,5474,5435.143,15636.28,13452.928,135.34,4.033,37940,38.97%,44.31%,0,0
2025/6/15,04:45,25145.7,24611.52,5466,5505.086,15685.83,13576.422,150.89,3.96,37940,38.94%,43.59%,0,0
2025/6/15,05:00,25075.2,24998.18,5458,5443.494,15737.96,13379.253,156.32,4.162,37940,38.58%,44.96%,0,0
2025/6/15,05:15,25331.7,24997.02,5464,5986.758,15799.24,13258.147,206.78,28.405,37940,38.98%,46.65%,0,0
2025/6/15,05:30,25478.5,24977.48,5476,5783.9,15869.75,13319.839,311.32,227.403,37940,38.94%,45.37%,0,0
2025/6/15,05:45,25894.8,25334.88,5488,5753.68,15942.33,13642.546,526.16,568.503,37940,39.31%,44.48%,0,0
2025/6/15,06:00,25992.4,25294.96,5500,5496.065,15972.09,13901.105,909.18,971.464,37940,38.51%,41.96%,0,0
2025/6/15,06:15,26203.1,25266.55,5519,5433.219,16042.12,13966.765,1441.75,1447.667,37940,37.53%,40.29%,0,0
2025/6/15,06:30,26113.6,25300.62,5653,5633.441,16104.28,13784.864,2113.74,2003.38,37940,35.71%,39.92%,0,0
2025/6/15,06:45,25923.8,24835.54,5788,6760.173,16149.3,13535.524,2874.53,2720.459,37940,33.44%,40.43%,0,0
2025/6/15,07:00,25508.6,24179.81,5923,7974.455,16246,13360.1,3831.33,3650.588,37940,29.93%,39.91%,0,0
2025/6/15,07:15,24832.8,23803.59,6130,9501.884,15241.86,13278.597,4918.32,4752.653,37940,28.47%,40.26%,0,0
2025/6/15,07:30,24535.8,23193.22,6623,11545.54,15079.21,13136.618,6088.39,5952.251,37940,26.33%,41.25%,65.02,0
2025/6/15,07:45,24115.9,22825.14,7165,10741.94,14879.26,12252.392,7316.54,6318.358,37940,23.95%,39.53%,0,0
2025/6/15,08:00,23605,22221.67,7692,12118.51,14666.38,12066.685,8683.21,6725.077,37940,20.95%,40.98%,82.52,0
2025/6/15,08:15,23288.5,22187.23,8270,10528.97,14699.21,9608.086,10052.6,7522.944,37940,17.94%,41.08%,54.62,0
2025/6/15,08:30,23171.8,21548.75,8480,10109.81,14822.88,8655.337,11387.86,7763.636,37940,14.34%,40.17%,21.62,21.39
2025/6/15,08:45,22926.6,21587.17,8695,9436.63,14956.68,8410.978,12616.17,7703.048,37940,10.67%,39.30%,19.84,19.25
2025/6/15,09:00,22789.2,20943.72,8908,8912.044,15052.96,7527.806,13784.19,7073.001,37940,7.54%,40.21%,23.91,21.91
2025/6/15,09:15,22439.8,20993.58,9090,9730.762,15128.61,7646.888,14760.28,7188.05,37940,4.33%,41.88%,23.86,21.86
2025/6/15,09:30,22279.1,20628.66,9089,9333.437,15224,7140.142,15709.81,7388.39,37940,1.14%,40.68%,24.01,21.67
2025/6/15,09:45,22139.8,20612.81,9089,9047.428,15299.35,7070.909,16552,7402.67,37940,-1.64%,40.03%,24.68,21.52
2025/6/15,10:00,22212.2,20322.65,9089,9437.295,15289.51,7069.32,17278,7390.661,37940,-3.34%,40.33%,24.99,21.66
2025/6/15,10:15,22007.3,20690.78,9091,9234.419,15340.42,7022.321,17886.15,7230.951,37940,-5.61%,41.31%,25.11,21.97
2025/6/15,10:30,22065.3,20824.87,8828,8775.244,15389.72,7025.203,18417.17,7163.098,37940,-7.68%,40.62%,25.37,22.15
2025/6/15,10:45,22083.7,20784.11,8572,8611.448,15434.53,6995.579,18830.76,7210.83,37940,-9.51%,40.03%,25.42,22.03
2025/6/15,11:00,22103.2,21049.24,8316,8133.188,15448.32,6590.895,19132.51,7163.339,37940,-10.97%,40.66%,24.27,20.93
2025/6/15,11:15,22604.2,22591.63,8003,7906.815,15482.14,7273.926,19379.42,7577.258,37940,-11.21%,41.24%,25.47,21.96
2025/6/15,11:30,22776.9,22790.1,7852,7737.107,15496.44,7292.366,19547.14,7669.561,37940,-11.64%,41.03%,0,0
2025/6/15,11:45,22788.1,22793.08,7701,7645.076,15502.21,7667.721,19637.2,7757.487,37940,-12.26%,39.57%,0,0
2025/6/15,12:00,22409.6,22359.64,7549,7762.179,15502.91,7605.303,19653.46,7692.849,37940,-13.70%,39.07%,25.38,22.03
2025/6/15,12:15,22146,21989.01,7436,7646.245,15498.74,7184.338,19573.59,7332.917,37940,-14.47%,39.85%,26.38,23.15
2025/6/15,12:30,22012.7,22049.32,7668,7886.917,15491.37,7159.726,19503.67,7402.082,37940,-14.01%,40.52%,26.58,23.16
2025/6/15,12:45,21796.7,21588.4,7900,7771.757,15460.22,7116.813,19348.96,7315.855,37940,-13.48%,39.34%,26.44,23.19
2025/6/15,13:00,21587.9,21337.78,8132,8200.98,15408.94,7157.758,19128.46,7035.93,37940,-12.70%,40.45%,26.62,23.28
2025/6/15,13:15,21421.8,21098.37,8369,8485.481,15367.47,7104.929,18838.69,6941.705,37940,-11.64%,40.95%,26.81,23.36
2025/6/15,13:30,21222,21034.53,8367,8316.781,15364.92,7132.334,18492.64,7049.611,37940,-11.25%,39.98%,26.82,23.45
2025/6/15,13:45,21423.3,21046.81,8367,8565.427,15359.27,7132.388,18136.7,7123.788,37940,-9.77%,40.47%,26.84,23.51
2025/6/15,14:00,21432.6,21447.25,8367,8672.044,15375.07,7279.873,17667.15,7257.255,37940,-8.55%,41.07%,26.84,23.6
2025/6/15,14:15,21440.1,21819.14,8375,8472,15324.15,7300.972,17106.32,7272.025,37940,-6.89%,41.43%,26.55,23.53
2025/6/15,14:30,21567.3,21926.86,8371,8397.765,15333.63,7966.55,16538.08,7659.112,37940,-5.10%,38.74%,26.56,23.6
2025/6/15,14:45,21902.6,22038.83,8371,8629.939,15341.29,7867.956,15863.17,7382.839,37940,-2.45%,40.64%,26.61,23.67
2025/6/15,15:00,22159.5,22803.01,8371,8335.032,15359.77,8804.17,15172.82,7204.76,37940,-0.01%,39.88%,26.58,23.77
2025/6/15,15:15,22289.3,23323.27,8382,8346.009,15415.39,9123.856,14421.03,6948.508,37940,2.20%,41.11%,26.51,23.17
2025/6/15,15:30,22548.3,23601.32,8314,8528.053,15442.96,9433.256,13611.63,7417.654,37940,4.76%,40.27%,26.23,23.03
2025/6/15,15:45,23009.4,24297.43,8247,8504.978,15476.82,9319.234,12796.66,7204.147,37940,7.86%,42.91%,26.18,23.08
2025/6/15,16:00,23265.2,24254.76,8180,8136.059,15550.89,11301.978,11944.07,6661.031,37940,10.41%,38.03%,25.68,23.18
2025/6/15,16:15,23794.9,24861.56,8099,8636.443,15675.57,12203.026,10996.63,6355.332,37940,13.76%,39.38%,24.01,22.12
2025/6/15,16:30,24569.7,25495.45,7743,8123.104,15749.17,12643.894,10021.16,5699.413,37940,17.24%,40.26%,24.28,22.19
2025/6/15,16:45,25035.6,26126.64,7417,7392.37,15807.36,12969.839,8978.05,4865.267,37940,20.21%,41.34%,20.94,19.44
2025/6/15,17:00,25619.1,26178.24,7077,7220.026,15902.98,13669.354,7915.65,4514.187,37940,23.40%,40.10%,0,0
2025/6/15,17:15,26500.6,26248.74,6820,7174.709,16115.7,14019.371,6846.97,4182.614,37940,27.30%,40.12%,0,0
2025/6/15,17:30,27073.5,26701.88,6942,6964.043,16139.48,14400.977,5775.62,3771.392,37940,31.89%,40.84%,0,0
2025/6/15,17:45,27439,27230.33,7071,7099.496,16231.64,14740.157,4825.43,3517.495,37940,35.46%,42.36%,19.65,18.51
2025/6/15,18:00,27760.5,27416.48,7198,7421.7,16848.19,14830.533,4031.49,2817.568,37940,37.11%,45.31%,22.43,21.22
2025/6/15,18:15,28715,27700.1,7282,6970.982,17338.43,14842.8,3143.58,2172.461,37940,40.89%,46.54%,22.65,21.22
2025/6/15,18:30,28929.7,28075.79,7282,7307.079,17258.58,15263.425,2360.55,1646.968,37940,43.73%,48.69%,230,20.86
2025/6/15,18:45,29300.7,28411.71,7282,7636.866,17169.48,15988.645,1695.04,1247.479,37940,46.70%,49.58%,219,20
2025/6/15,19:00,29790.3,28502.8,7282,7154.392,17085.09,15792.935,1121.57,891.116,37940,49.72%,50.01%,10,200
2025/6/15,19:15,30432.3,28669.83,7283,7387.686,16982.37,16148.39,724.3,505.127,37940,52.74%,51.14%,170,230
2025/6/15,19:30,30512,28774.36,7252,7296.159,16917.45,16454.123,435.46,233.262,37940,53.80%,51.09%,10,220
2025/6/15,19:45,30625,29008.55,7221,7178.39,16874.27,16526.421,207.59,23.618,37940,54.73%,51.76%,0,229
2025/6/15,20:00,30817.9,29413.65,7190,7039.32,16943.24,16543.732,111.95,7.313,37940,55.23%,52.46%,200,235
2025/6/15,20:15,31061.1,29379.32,7159,6941.982,16951.51,16379.821,107.32,6.724,37940,55.78%,52.54%,10,230
2025/6/15,20:30,31072.3,29653.06,7136,7275.105,16963.32,16107.12,106.38,5.083,37940,55.72%,54.87%,10,235
2025/6/15,20:45,31274,29693.13,7114,7206.214,17003.28,15482.389,105.95,4.87,37940,56.09%,56.44%,232,235
2025/6/15,21:00,30927.6,29462.46,7092,6982.543,17051.44,15225.164,105.51,4.706,37940,54.99%,55.92%,220,230
2025/6/15,21:15,30807.3,29490.59,7011,7065.931,17105.46,15164.818,105.37,4.64,37940,54.32%,56.37%,209,234
2025/6/15,21:30,30826.1,29219.72,6896,7044.167,17120.55,15250.893,105.32,4.743,37940,54.02%,55.37%,229.9,230
2025/6/15,21:45,30624.1,29028.37,6783,6746.265,17152.13,15746.653,105.27,4.805,37940,53.11%,52.78%,220,234
2025/6/15,22:00,30306,28683.8,6668,6384.771,17231.58,16058.173,135.25,4.785,37940,51.68%,50.09%,10,230
2025/6/15,22:15,30071,28118.69,6551,6490.862,17302.25,16010.493,135.21,4.767,37940,50.57%,49.01%,0,210
2025/6/15,22:30,29762.9,27580.16,6183,6232.692,17353.66,16044.704,135.19,4.679,37940,48.65%,46.82%,0,200
2025/6/15,22:45,29424.6,27031.7,5825,6190.175,17423.46,16198.651,135.17,4.717,37940,46.63%,44.86%,0,200
2025/6/15,23:00,28975.6,26999.95,5463,5348.825,17480.4,16416.584,135.15,4.708,37940,44.34%,41.98%,0,138
2025/6/15,23:15,28875.7,26665.2,5158,5071.668,17515.46,16227.948,110.13,3.991,37940,43.25%,40.87%,0,0
2025/6/15,23:30,28472.9,26511.36,5158,5910.509,17542.58,16075.638,110.11,4.095,37940,42.11%,43.07%,0,0
2025/6/15,23:45,27960,26587.48,5158,6117.86,17587.99,16515.639,110.1,3.881,37940,40.64%,42.66%,0,0
2025/6/15,24:00,27650.6,26106.57,5158,6489.58,17428.66,16702.789,0,3.92,37940,40.54%,41.88%,0,0
2025/6/16,00:15,27947.4,26945.44,5486,6750.805,18059.58,16798.022,110.03,3.983,38950,39.19%,43.37%,0,191
2025/6/16,00:30,27983.9,27031.89,5485,6641.989,18053.69,16821.071,110.06,3.959,38950,39.29%,43.26%,0,10
2025/6/16,00:45,27863.6,26735.79,5485,6940.821,18038.55,16868.859,110.09,3.981,38950,39.02%,43.14%,0,20
2025/6/16,01:00,27525.3,26526.03,5485,7123.94,18030.46,17071.222,110.13,4.021,38950,38.18%,42.55%,0,0
2025/6/16,01:15,27227.6,26206.18,5485,7132.55,17975.38,17081.565,110.16,4.031,38950,37.55%,41.73%,0,0
2025/6/16,01:30,26983.9,26007.69,5471,7393.706,17990.12,17128.618,110.19,4.037,38950,36.85%,41.77%,0,0
2025/6/16,01:45,26685.7,25934.69,5459,7830.32,17995.37,17386.834,110.22,3.977,38950,36.04%,42.04%,18.37,17.8
2025/6/16,02:00,26422.7,25469.78,5446,7957.146,18058.69,17524.274,110.25,4.011,38950,35.17%,40.82%,0,0
2025/6/16,02:15,26393.4,25486.67,5431,7898.846,18021.09,17613.976,135.28,4.025,38950,35.09%,40.48%,0,110
2025/6/16,02:30,26205.9,25415.26,5436,7918.843,18016.91,17701.141,135.31,4.014,38950,34.63%,40.13%,0,10
2025/6/16,02:45,25965.4,25178.68,5442,8257.487,18012.65,17774.462,135.34,4.021,38950,34.04%,40.20%,0,10
2025/6/16,03:00,25867.7,24954.28,5447,8242.252,17995.74,17803.833,135.37,3.948,38950,33.85%,39.51%,0,0
2025/6/16,03:15,25721.4,25205.04,5453,8193.277,17981.24,17826.728,135.4,4.042,38950,33.52%,39.97%,0,10
2025/6/16,03:30,25636,24972.31,5453,8842.551,17969.48,17829.026,135.43,3.939,38950,33.34%,41.03%,0,10
2025/6/16,03:45,25464.2,25039.18,5453,8663.7,17954.43,17894.71,135.45,3.911,38950,32.93%,40.58%,0,0
2025/6/16,04:00,25450.3,24685.21,5453,8332.562,17929.81,17531.718,135.48,3.926,38950,32.96%,39.75%,0,0
2025/6/16,04:15,25357.8,24735.34,5453,8954.254,17902.45,17767.706,135.51,4.025,38950,32.79%,40.87%,0,0
2025/6/16,04:30,25418.4,24732.24,5447,8395.126,17883.3,17513.254,135.54,3.997,38950,32.98%,40.08%,0,0
2025/6/16,04:45,25415,24873.35,5443,8144.394,17852.63,16930.403,150.72,3.961,38950,33.00%,41.29%,0,0
2025/6/16,05:00,25501.7,24878.16,5438,9000.896,17813.77,17122.218,154.49,3.775,38950,33.30%,43.01%,0,0
2025/6/16,05:15,25583.3,25065.04,5447,8376.395,17783.05,17309.867,188.2,16.389,38950,33.53%,41.37%,0,0
2025/6/16,05:30,25817.4,25282.53,5459,8735.124,17736.88,17288.891,257.16,159.529,38950,34.10%,42.54%,0,1.31
2025/6/16,05:45,26083.7,25509.75,5471,8364.492,17690.45,17310.834,410.04,485.405,38950,34.54%,41.28%,0,0
2025/6/16,06:00,26231.7,25552.26,5483,8176.411,17620.2,17326.797,723.54,861.3,38950,34.33%,39.90%,0,1.42
2025/6/16,06:15,26434.1,25702.58,5502,8656.479,17562.47,17149.46,1171.98,1309.141,38950,33.89%,40.82%,0,1.76
2025/6/16,06:30,26405.6,25712.58,5639,9081.723,17496.39,16901.235,1735.85,1819.511,38950,32.89%,41.27%,0,1.82
2025/6/16,06:45,26312.6,25353.03,5779,9325.074,17427.65,16628.602,2375.58,2422.86,38950,31.55%,40.12%,0,0
2025/6/16,07:00,25946.1,25056.52,5918,8757.8,17342.7,16077.266,3131.23,3053.832,38950,29.24%,37.70%,0,0
2025/6/16,07:15,25125.1,24669.16,6130,8422.898,16233.97,15203.259,3975.98,3177.803,38950,28.36%,37.77%,0,0
2025/6/16,07:30,24658.9,24340.28,6623,9327.428,15924.37,14996.285,4937.59,3736.711,38950,26.75%,38.34%,0,0
2025/6/16,07:45,24147.8,23755.08,7165,8967.488,15657.48,12917.352,5961.61,4410.581,38950,24.89%,39.52%,0,0
2025/6/16,08:00,23621.1,23350,7692,8501.096,15360.72,11065.674,7129.22,5116.769,38950,22.65%,40.23%,0,0
2025/6/16,08:15,22834.9,23208.32,8270,10063.03,15225.37,11388.012,8346.83,5577.922,38950,19.34%,41.86%,0,0
2025/6/16,08:30,22653.4,23157.48,8480,11349.51,15170.51,11775.052,9573.72,6167.031,38950,16.40%,42.53%,21.3,22.33
2025/6/16,08:45,22495.4,22784.45,8695,8367.763,15129.68,10327.64,10759.89,6168.149,38950,13.61%,37.63%,22.88,22.97
2025/6/16,09:00,22349,22786.5,8908,8662.437,15058.55,9206.371,11916.65,6796.382,38950,10.99%,39.66%,23.15,22.83
2025/6/16,09:15,21955.4,22652.64,9090,9293.151,15009.15,8334.841,12954.44,6951.675,38950,7.91%,42.77%,23.17,22.74
2025/6/16,09:30,21684.6,22438.71,9089,9315.581,14983.4,8226.689,13959.04,7083.297,38950,4.70%,42.22%,23.24,22.64
2025/6/16,09:45,21585,22336.1,9089,9884.779,14975.16,8471.742,14888.59,8142.459,38950,2.08%,40.07%,23.76,22.5
2025/6/16,10:00,21586.3,22075.12,9089,9722.47,14913.38,8500.673,15735.11,8278.797,38950,0.07%,38.56%,0,0
2025/6/16,10:15,21504,22082.79,9091,9906.4,14864.3,7941.932,16485.26,8447.392,38950,-1.94%,40.05%,0,0
2025/6/16,10:30,21478.8,21983.93,8828,8484.355,14822.16,7380.844,17213.74,8023.18,38950,-4.44%,38.68%,0,0
2025/6/16,10:45,21446.8,21532.2,8572,8305.651,14808.07,7564.583,17815.6,7939.179,38950,-6.69%,36.80%,0,0
2025/6/16,11:00,21576.8,21845.14,8316,8124.139,14754.98,7551.893,18345.73,7955.747,38950,-8.24%,37.13%,0,0
2025/6/16,11:15,22166.6,22911.51,8003,7915.833,14719.63,7735.121,18804.35,8503.757,38950,-8.61%,37.45%,0,0
2025/6/16,11:30,22493.5,22681.25,7852,7765.899,14662.42,7787.388,19180.64,8116.235,38950,-8.98%,37.34%,0,0
2025/6/16,11:45,22379,22509.54,7701,7966.604,14619.37,7818.974,19452.62,8091.178,38950,-10.25%,37.40%,0,0
2025/6/16,12:00,21934,21848.22,7549,7514.888,14547.08,6896.457,19613.71,7788.871,38950,-12.01%,37.68%,0,0
2025/6/16,12:15,21738.9,21621.43,7436,7359.327,14451.87,5979.814,19720.32,7823.439,38950,-12.83%,38.97%,0,0
2025/6/16,12:30,21583.4,21282.14,7668,7550.422,14377.65,5916.155,19812.97,7732.244,38950,-12.68%,38.98%,0,0
2025/6/16,12:45,21434.6,20780.97,7900,8020.937,14281.37,5921.663,19731.72,7654.264,38950,-12.01%,39.09%,0,0
2025/6/16,13:00,21238.6,20496.75,8132,8272.216,14182.3,5909.479,19576.27,7555.823,38950,-11.27%,39.29%,0,0
2025/6/16,13:15,21159.1,20461.52,8369,8328.528,14078.52,6073.787,19351.55,7459.084,38950,-10.02%,39.17%,28.99,24.03
2025/6/16,13:30,21070.4,20294.41,8367,8312.871,13969.79,5996.387,19090.31,7467.707,38950,-9.30%,38.88%,28.18,23.31
2025/6/16,13:45,21163.6,20471.05,8367,8327.521,13860.05,6198.765,18681.91,7779.691,38950,-7.73%,38.05%,25.22,20.92
2025/6/16,14:00,21263.8,21017.84,8367,8237.345,13745.34,6257.756,18235.65,7889.174,38950,-6.03%,38.79%,0,0
2025/6/16,14:15,21559.5,21139.96,8375,8402.09,13572.11,6242.217,17719.67,7795.887,38950,-3.48%,39.80%,28.68,24.1
2025/6/16,14:30,21766.2,21373.82,8371,8374.533,13435.77,6325.847,17129.9,7950.169,38950,-1.10%,39.72%,28.56,24.19
2025/6/16,14:45,22147.3,21624.02,8371,8288.591,13306.26,6327.94,16461.34,8214.16,38950,1.93%,39.46%,28.5,24.34
2025/6/16,15:00,22278.7,22150.32,8371,8403.793,13190.04,6382.029,15760.13,8120.631,38950,4.36%,41.21%,28.39,24.5
2025/6/16,15:15,22371.3,22622.04,8382,8241.772,12998.62,6159.963,15072.46,8017.271,38950,6.89%,42.84%,28.43,24.19
2025/6/16,15:30,22691.9,23105.51,8314,8306.233,12825.81,5871.066,14335.7,8296.383,38950,9.87%,44.27%,28,24.07
2025/6/16,15:45,23036,23292,8247,8366.41,12625.89,6836.796,13512.87,8165.821,38950,13.21%,42.76%,27.77,24.32
2025/6/16,16:00,23491.5,23687.07,8180,8245.678,12423.74,7912.264,12666.42,7708.224,38950,16.90%,41.88%,27.36,24.43
2025/6/16,16:15,24333,24284.64,8099,8098.587,12286.42,7712.708,11718.73,8044.847,38950,21.64%,42.68%,26.57,23.98
2025/6/16,16:30,24932,25117.14,7738,7532.547,12003.58,7588.893,10727.31,7811.223,38950,25.52%,44.29%,26.66,24.13
2025/6/16,16:45,25535.7,25584.3,7408,7647.965,11695.63,8652.257,9679.81,7427.536,38950,29.70%,44.04%,26.23,24.17
2025/6/16,17:00,26196.1,26007.95,7063,7046.27,11327.25,8603.17,8632.1,7329.441,38950,34.15%,43.96%,25.47,24.17
2025/6/16,17:15,26955,26711.67,6803,6652.635,11082.48,8287.723,7519.86,6365.665,38950,38.91%,48.04%,28.09,23.62
2025/6/16,17:30,27545.6,27235.12,6924,6995.114,10566.4,7902.747,6418.01,5430.273,38950,44.89%,53.65%,251,36.28
2025/6/16,17:45,27992,28135.41,7053,6812.272,10769.68,7546.88,5348.64,4476.332,38950,48.59%,58.86%,250,240
2025/6/16,18:00,28334.4,28594.59,7180,7088.016,10251.69,6953.272,4346.68,3597.102,38950,53.70%,64.52%,255,245
2025/6/16,18:15,29164.1,29016.14,7264,7113.742,9789.9,6363.375,3392.3,2832.58,38950,59.68%,69.15%,282,250
2025/6/16,18:30,29688.6,29571.24,7267,7117.382,9147.83,5536.832,2534.1,2162.047,38950,64.89%,74.43%,290.68,262.37
2025/6/16,18:45,29869.1,29977.57,7272,7027.292,8517.95,5109.901,1808.72,1590.131,38950,68.84%,77.80%,311.7,275.58
2025/6/16,19:00,30418,30264.75,7277,7135.356,7393.37,4759.369,1156,1137.295,38950,74.83%,80.88%,856.01,299.58
2025/6/16,19:15,30639,30699.96,7283,7202.55,6396.5,4518.559,671.66,708.727,38950,79.21%,83.89%,1113.97,312.17
2025/6/16,19:30,30938.2,30888.16,7252,7059.354,5964.61,4324.381,347.08,347.663,38950,81.84%,85.43%,310,317.52
2025/6/16,19:45,30996.9,31214.68,7221,7149.948,5563.7,4172.134,127.87,57.73,38950,83.51%,87.64%,331.81,309.65
2025/6/16,20:00,31276.8,31377.84,7190,6977.179,5234.6,4103.427,5.58,6.791,38950,85.31%,87.92%,410.2,410.45
2025/6/16,20:15,31526.3,31669.96,7159,6545.779,4881.92,4069.607,1.41,4.941,38950,86.78%,87.65%,1471.56,427.53
2025/6/16,20:30,31530.1,31460.08,7136,6820.92,4610.92,3920.1,1.21,4.073,38950,87.43%,88.21%,585.83,356.66
2025/6/16,20:45,31566.1,31703.62,7114,6511.721,4354.6,3795.96,0.97,4.225,38950,88.12%,88.36%,1210.78,481.02
2025/6/16,21:00,31402.3,31138.3,7092,6747.064,4130.87,3705.528,0.48,4.199,38950,88.22%,87.74%,374.34,481.19
2025/6/16,21:15,31165,31411.9,7011,6720.931,3929.38,3730.599,0.45,4.23,38950,87.92%,88.31%,350.64,487.02
2025/6/16,21:30,30991.1,31114.82,6891,6683.268,3742.11,3689.102,0.43,4.223,38950,87.65%,87.56%,332,852.9
2025/6/16,21:45,30779.9,31018.66,6773,6609.023,3565.02,3557.113,0.4,4.146,38950,87.26%,87.46%,340,864.08
2025/6/16,22:00,30520.9,30532.12,6653,6541.271,3404.39,3552.172,0.37,4.188,38950,86.70%,86.05%,330,867.42
2025/6/16,22:15,30365.7,30025.33,6533,6604.973,3303.35,3584.167,0.34,14.191,38950,86.25%,84.81%,330,874.3
2025/6/16,22:30,29960.3,29617.53,6165,5907.404,3198.83,3573.652,0.31,4.236,38950,84.53%,82.02%,310,444.32
2025/6/16,22:45,29756.5,29371.03,5807,5595.161,3106.87,3659.58,0.28,4.248,38950,83.33%,80.37%,290,879.13
2025/6/16,23:00,29274.4,28815.45,5445,5420.716,3031.13,3700.299,50.25,4.194,38950,81.23%,78.39%,286,472.23
2025/6/16,23:15,28934.3,28782.51,5141,4900.944,3028.58,3752.994,50.22,3.408,38950,79.58%,76.83%,290,430.24
2025/6/16,23:30,28600.3,28250.27,5141,5006.233,2981.07,3898.152,50.19,3.436,38950,78.84%,75.37%,280,319.62
2025/6/16,23:45,28277.5,27785.59,5141,5044.36,2937.4,3925.034,50.16,3.439,38950,78.13%,74.20%,280,381.32
2025/6/16,24:00,28005,27737,5141,4987.188,2919.01,3899.994,0,3.459,38950,77.60%,73.99%,280,305.11
2025/6/17,00:15,28397.9,28611.3,5486,5486.998,2300.99,3997.937,0.02,3.106,39685,79.58%,75.84%,295,458.97
2025/6/17,00:30,28444.6,28661.82,5485,5396.867,2345.27,4017.932,0.04,3.406,39685,79.59%,75.69%,300,469.87
2025/6/17,00:45,28278.4,28324.56,5485,5374.547,2340.17,4188.999,0.06,3.04,39685,79.18%,74.35%,287,490.8
2025/6/17,01:00,27959.3,28142.47,5485,5480.567,2336.25,4325.031,0.08,3.405,39685,78.39%,73.82%,298,499.37
2025/6/17,01:15,27661.7,27853.37,5485,5483.062,2365.05,4520.971,0.1,3.476,39685,77.56%,72.60%,286,455.37
2025/6/17,01:30,27406,27554.15,5471,5428.605,2665.74,4626.955,0.11,3.394,39685,76.13%,71.44%,280,361.7
2025/6/17,01:45,27144.2,27353.77,5459,5408.195,2703.41,4691.553,0.13,3.325,39685,75.34%,70.72%,275,320.83
2025/6/17,02:00,26969,27156.77,5446,5291.353,2758.42,4795.872,0.15,3.434,39685,74.73%,69.67%,270,333.08
2025/6/17,02:15,26929.4,26920.65,5431,5412.429,2843.68,4932.479,0.17,-5.728,39685,74.38%,69.06%,270,333.28
2025/6/17,02:30,26668,26732.71,5436,5491.92,2910.04,5099.104,0.19,-5.728,39685,73.56%,68.37%,270,306.45
2025/6/17,02:45,26461.9,26474.38,5442,5530.57,2983.24,5348.929,0.21,-5.699,39685,72.88%,67.18%,268,297.6
2025/6/17,03:00,26322.7,26623.91,5447,5416.21,3058.18,5577.178,0.23,-5.736,39685,72.35%,66.70%,265.55,298.19
2025/6/17,03:15,26127.2,26347.52,5453,5561.333,3140.91,5633.298,0.24,3.331,39685,71.66%,66.20%,263.54,297.7
2025/6/17,03:30,26071.2,26270.01,5453,5496.912,3232.91,5674.288,0.26,3.396,39685,71.29%,65.74%,265.55,298.36
2025/6/17,03:45,25788.9,26019.08,5453,5402.301,3329.21,5748.73,0.28,3.434,39685,70.33%,64.68%,260,279.94
2025/6/17,04:00,25837.6,25915.14,5453,5427.807,3438.03,5816.318,0.3,3.436,39685,70.18%,64.31%,260,294.33
2025/6/17,04:15,25693.3,26001.92,5453,5395.254,3527.68,5895.847,0.31,3.512,39685,69.59%,64.25%,260,280.6
2025/6/17,04:30,25801.7,25938.94,5447,5245.625,3606.09,5992.25,0.37,3.402,39685,69.65%,63.47%,260,294.44
2025/6/17,04:45,25757.5,25592.54,5443,5518.594,3678.49,5935.421,0.67,3.402,39685,69.35%,63.43%,260,296.82
2025/6/17,05:00,25820.3,25693.75,5438,5465.67,3743.22,5914.925,6.04,3.732,39685,69.32%,63.60%,260,287.6
2025/6/17,05:15,25996.8,25859.57,5447,5362.388,3788.4,6034.522,63.94,49.075,39685,69.53%,63.34%,255,276.84
2025/6/17,05:30,26196.6,26041.38,5459,5456.786,3819.32,6149.899,195.68,311.494,39685,69.65%,63.09%,260,294.16
2025/6/17,05:45,26529.7,26290.76,5471,5378.959,3843.89,6242.696,444.2,689.794,39685,69.83%,62.33%,260,293.09
2025/6/17,06:00,26601.4,26185.26,5483,5398.796,3863.74,6325.405,838.18,1120.407,39685,69.00%,60.82%,255,293.35
2025/6/17,06:15,26948,26157.72,5502,5487.577,3864.7,6328.15,1369.16,1564.726,39685,68.58%,59.85%,240,290.34
2025/6/17,06:30,26830.7,26117.27,5639,5594.079,3854.1,6210.772,2031.71,2137.548,39685,66.99%,58.87%,240,287.66
2025/6/17,06:45,26634,25896.17,5779,5676.973,3858.9,5996.374,2829.36,2841.865,39685,64.82%,57.29%,235,270.49
2025/6/17,07:00,26302.9,25325.35,5918,5795.26,3903.33,5825.557,3786.43,3719.991,39685,61.81%,54.37%,235,260
2025/6/17,07:15,25480.4,24771.79,6130,6034.825,3448.63,5612.129,4867.81,4811.603,39685,58.70%,51.36%,230,250
2025/6/17,07:30,25061.6,24060.17,6623,6499.287,3446.74,5404.773,6051.7,5972.232,39685,55.91%,48.34%,150,245
2025/6/17,07:45,24282.1,23558.18,7165,7015.222,3384.34,5081.102,7332.95,7250.825,39685,52.24%,45.97%,150,230
2025/6/17,08:00,23716.8,23002.68,7692,7708.314,3278.31,4914.939,8629.26,8482.252,39685,49.14%,43.63%,0,230
2025/6/17,08:15,23193.5,22602.58,8270,8868.077,3192.12,4725.099,9918.25,9896.004,39685,46.25%,42.46%,150,230
2025/6/17,08:30,23001.6,22583.57,8480,10277.79,3108.23,4632.374,11180.82,11274.967,39685,43.32%,42.72%,0,150
2025/6/17,08:45,22733.9,22517.88,8695,11677.17,3032.45,4488.492,12359.07,12425.255,39685,40.41%,43.55%,27.64,192.26
2025/6/17,09:00,22578.1,22394.82,8908,12677.5,2945.36,4334.987,13487.29,13798.941,39685,37.93%,42.68%,90.11,28.7
2025/6/17,09:15,22270.5,22343.11,9090,12666.38,2907.44,4184.246,14492,14769.814,39685,35.18%,40.46%,89.25,29.14
2025/6/17,09:30,22117.7,21992.71,9089,11862.61,2886.47,4104.612,15429.08,13882.483,39685,32.48%,39.99%,86.99,28.99
2025/6/17,09:45,21898,21987.97,9089,11273.07,2881.4,3975.634,16287.44,14173.387,39685,29.78%,38.08%,26.85,29.14
2025/6/17,10:00,21953.9,22077.55,9089,10632.12,2851.8,4062.384,17013.89,13420.066,39685,28.16%,38.37%,0,0
2025/6/17,10:15,21906.5,22330.61,9091,9935.697,2842,4244.483,17650.32,13231.247,39685,26.47%,37.27%,0,0
2025/6/17,10:30,21903.9,22240.55,8828,9803.293,2858.72,3453.318,18187.77,13264.542,39685,24.41%,38.62%,0,0
2025/6/17,10:45,21882.1,22236.64,8572,9710.902,2874.71,3414.733,18587.96,13417.972,39685,22.66%,38.09%,0,0
2025/6/17,11:00,21994,22300.31,8316,9969.408,2877.88,3387.124,18894.41,12937.595,39685,21.51%,40.18%,0,0
2025/6/17,11:15,22847.3,23849.41,8003,9926.727,2875.92,3798.81,19164.92,14155.854,39685,22.20%,39.87%,0,0
2025/6/17,11:30,23020.9,24118.61,7852,10330.66,2874.57,3721.803,19356.94,14280.031,39685,21.77%,41.44%,0,0
2025/6/17,11:45,23054,23970.78,7701,10250.33,2863.83,3753.629,19443.91,14399.491,39685,21.29%,40.49%,0,0
2025/6/17,12:00,22624.2,23562.65,7549,9433.018,2841.16,3533.812,19401.63,14006.295,39685,19.98%,38.95%,0,0
2025/6/17,12:15,22394.7,23080.54,7436,8233.67,2794.73,3103.755,19332.66,13044.43,39685,19.41%,38.22%,0,0
2025/6/17,12:30,22223.2,23141.8,7668,10902.63,2761.82,3379.762,19259.63,14076.736,39685,19.83%,41.80%,0,0
2025/6/17,12:45,21955.8,22690.83,7900,11006.57,2731.49,3064.809,19054.1,14731.173,39685,20.34%,40.07%,0,0
2025/6/17,13:00,21813.4,22595.22,8132,11123.11,2694.22,2988.123,18803.97,14691.745,39685,21.29%,40.41%,0,0
2025/6/17,13:15,21874.4,22313.41,8369,12157.33,2652.84,2915.077,18466.55,16003.564,39685,22.99%,39.19%,30.31,31.87
2025/6/17,13:30,21726.5,21950.26,8367,12578.09,2621.36,2761.281,18019.46,15612.248,39685,23.82%,40.71%,31.11,31.06
2025/6/17,13:45,21795.9,22455.18,8367,12314.69,2589.11,2592.256,17540.87,15490.965,39685,25.28%,42.05%,85.67,27.05
2025/6/17,14:00,21926,22606.08,8367,12413.03,2568.48,2524.466,17013.6,15632.995,39685,26.99%,42.49%,85.96,0
2025/6/17,14:15,22047.2,22600.13,8375,12234.29,2548.55,2473.07,16400.09,14967.625,39685,28.91%,43.83%,34.26,31.78
2025/6/17,14:30,22172.9,23016.72,8371,11767.86,2534.67,2295.583,15739.17,15290.821,39685,30.92%,43.34%,157.59,31.76
2025/6/17,14:45,22463.7,23593.4,8371,10234.06,2500.99,2153.966,14976.12,15083.912,39685,33.66%,41.80%,31.37,31.85
2025/6/17,15:00,22604.2,23814.38,8371,9351.762,2488.51,2133.455,14206.18,15076.461,39685,35.98%,40.21%,31.72,32.08
2025/6/17,15:15,23002.9,24276.36,8382,8874.415,2498.38,2047.44,13463.33,14381.951,39685,38.86%,42.14%,182.86,31.37
2025/6/17,15:30,23372.9,24764.72,8314,9260.789,2519.16,2159.367,12681.36,13262.794,39685,41.54%,46.88%,200,157.72
2025/6/17,15:45,23729.2,25443.37,8247,8251.911,2548.81,2207.937,11921.96,12115.985,39685,44.11%,48.81%,200,197
2025/6/17,16:00,24106.7,25815.34,8180,8259.478,2605.74,2341.423,11077.32,11551.372,39685,46.88%,50.86%,232,230
2025/6/17,16:15,24595.4,26569.65,8099,8184.455,2755.07,2388.894,10215.3,10497.409,39685,49.70%,55.10%,240,230
2025/6/17,16:30,25661.4,27280.83,7738,7819.882,2815.91,2421.401,9325.03,9285.917,39685,53.57%,58.95%,250,240
2025/6/17,16:45,26249,27945.78,7408,7109.399,2898.31,2591.253,8392.6,8379.245,39685,56.36%,60.69%,248,245
2025/6/17,17:00,26889.9,28326.65,7063,7080.861,2994.77,2743.575,7429.38,7327.293,39685,59.29%,63.84%,255,245
2025/6/17,17:15,27622.1,28865.43,6803,6964.942,3107.15,3012.74,6453.43,6315.684,39685,62.65%,66.78%,265,260
2025/6/17,17:30,28335.4,29405.11,6924,6713.434,3234.5,3446.123,5474.42,5187.648,39685,66.90%,69.26%,282,270
2025/6/17,17:45,28675.6,29836.18,7053,7059.472,3345.57,3812.272,4514.21,4291.611,39685,70.23%,72.55%,286,280
2025/6/17,18:00,29006.1,30041.4,7180,7126.827,3439.98,4109.79,3599.55,3419.057,39685,73.44%,74.69%,298,289
2025/6/17,18:15,29903,30276.36,7264,7386.29,3267.4,4462.812,2783.33,2714.67,39685,78.41%,76.82%,308,300
2025/6/17,18:30,30242.2,30506.4,7267,7765.87,3375.38,4786.437,2076.29,2044.507,39685,80.78%,79.23%,314,310.39
2025/6/17,18:45,30398.1,30675,7272,7779.363,3526.56,5344.27,1473.18,1491.579,39685,82.32%,79.67%,320,310.22
2025/6/17,19:00,30793.6,30927.74,7277,7241.438,3660.99,5718.735,955.76,1069.486,39685,84.30%,79.08%,310,314.75
2025/6/17,19:15,31331.7,31021.43,7283,7197.228,3857.93,6584.344,553.51,636.602,39685,86.19%,78.11%,300,349.71
2025/6/17,19:30,31521.5,31335.18,7252,7260.692,4078.75,7048.734,279.02,249.057,39685,86.72%,78.87%,290,331.03
2025/6/17,19:45,31563.1,31480.44,7221,7258.615,4307.28,7631.181,100.5,27.647,39685,86.62%,78.32%,287,439.14
2025/6/17,20:00,31889.7,31735.02,7190,7297.019,4581.11,8209.336,6.03,7.491,39685,86.92%,77.65%,299,323.4
2025/6/17,20:15,31951.5,31743.66,7159,7118.148,4830.92,8676.961,1.29,7.638,39685,86.38%,76.04%,282,400.18
2025/6/17,20:30,31961.2,31590.91,7136,7438.858,5041.4,9167.696,1.05,15.034,39685,85.81%,75.21%,280,319.99
2025/6/17,20:45,31968.9,31691.83,7114,7023.982,5308.9,9483.575,0.8,15.153,39685,85.10%,73.62%,279,349.03
2025/6/17,21:00,31845,31331.99,7092,7240.649,5611.08,9595.186,0.3,15.095,39685,83.98%,72.98%,270,316.09
2025/6/17,21:15,31685.6,31404.2,7011,7026.676,5955.41,9758.862,0.28,15.083,39685,82.50%,72.21%,268,324.39
2025/6/17,21:30,31534.4,31193.62,6891,6898.086,6169.43,9881.235,0.26,24.754,39685,81.28%,71.02%,268,334.96
2025/6/17,21:45,31350.2,30930.23,6773,6913.622,6721.47,9963.926,0.24,14.598,39685,79.13%,70.22%,269,322.34
2025/6/17,22:00,31170.5,30652.47,6653,7268.38,6968.35,10063.584,0.23,14.769,39685,77.75%,70.16%,260,312.57
2025/6/17,22:15,30865.8,30380.56,6533,7224.045,8058.99,10145.803,0.21,14.864,39685,73.93%,69.15%,260,304.05
2025/6/17,22:30,30557.4,30271.96,6165,7097.522,8285.99,10190.074,50.19,7.237,39685,71.53%,68.47%,255,289.69
2025/6/17,22:45,30266.2,29484.12,5807,6736.576,8567.94,10225.346,50.17,5.191,39685,69.18%,65.49%,250,295.94
2025/6/17,23:00,29754.5,29195.43,5445,6550.242,8753.64,10106.87,50.15,5.29,39685,66.51%,64.59%,250,271.02
2025/6/17,23:15,29503.8,28921.42,5141,6067.432,8997.73,9994.923,50.13,4.54,39685,64.50%,62.97%,239,260
2025/6/17,23:30,29176.7,28558,5141,5770.16,9088.36,10052.993,50.11,4.439,39685,63.45%,61.16%,236,273.53
2025/6/17,23:45,28753.7,28265.85,5141,5324.54,9161.85,9954.757,50.1,4.301,39685,62.20%,59.55%,235,254.83
2025/6/17,24:00,28479.8,27901.85,5141,5267.928,9260.31,9886.066,0,4.31,39685,61.38%,58.66%,232,259
2025/6/18,00:15,28831.5,28917.03,5332,6040.538,10244.67,9872.016,90.03,3.986,41994,56.74%,59.73%,250,260
2025/6/18,00:30,28804.3,29007.98,5331,5775.288,10318.23,9723.198,90.06,4.054,41994,56.50%,59.67%,250,265
2025/6/18,00:45,28641.3,28558.86,5331,5781.919,10415.83,9628.284,90.09,4.367,41994,55.88%,58.84%,250,260
2025/6/18,01:00,28559.8,28303.04,5331,5763.493,10514.6,9463.159,90.13,-2.832,41994,55.45%,58.59%,250,259
2025/6/18,01:15,28260.9,27741.65,5331,5578.359,10550.79,9376.807,90.16,2.247,41994,54.65%,57.01%,248,256
2025/6/18,01:30,27744.6,27413.73,5331,5612.938,10547.5,9285.398,90.19,-4.66,41994,53.43%,56.55%,245,250
2025/6/18,01:45,27635.9,27391.58,5332,5543.127,10521.81,9158.971,90.22,0.434,41994,53.24%,56.62%,245,250
2025/6/18,02:00,27472.8,27456.3,5333,5497.425,10492.03,9067.756,90.25,4.359,41994,52.92%,56.87%,240,250
2025/6/18,02:15,27337,27277.67,5334,5457.792,10415.75,8962.708,90.28,4.155,41994,52.78%,56.60%,245,250
2025/6/18,02:30,27038,27060.08,5355,5338.54,10343.91,8702.993,90.31,4.049,41994,52.29%,56.42%,250,250
2025/6/18,02:45,27001.8,26884,5378,5382.74,10237.78,8524.118,90.34,10.145,41994,52.51%,56.51%,245,250
2025/6/18,03:00,26820.7,26891.67,5400,5424.817,10135.91,8367.649,90.37,4.113,41994,52.38%,57.02%,245,250
2025/6/18,03:15,26521.7,26696.62,5423,5328.115,10017.83,8564.849,90.4,8.645,41994,52.00%,55.84%,245,250
2025/6/18,03:30,26331.5,26596.78,5423,5465.315,9887.9,8473.94,90.43,4.392,41994,51.86%,56.16%,248,255
2025/6/18,03:45,26046.2,26572.81,5423,5323.823,9739.35,8225.102,90.45,4.395,41994,51.53%,56.36%,240,245
2025/6/18,04:00,25951.1,26456.84,5423,5424.854,9569.33,8113.579,90.48,4.832,41994,51.71%,56.59%,239,249
2025/6/18,04:15,25951.1,26301.43,5423,5487.193,9388.25,8099.285,90.51,4.437,41994,52.14%,56.40%,239,250
2025/6/18,04:30,25842.4,26317.63,5416,5510.693,9176.79,8025.239,90.55,4.389,41994,52.37%,56.67%,245,250
2025/6/18,04:45,25760.9,26519.54,5410,5217.588,8940.19,7814.279,90.75,4.59,41994,52.72%,56.96%,245,247
2025/6/18,05:00,25733.7,26487.67,5404,5528.338,8693.42,7767.953,95.19,5.162,41994,53.22%,57.73%,240,250
2025/6/18,05:15,25815.2,26679.77,5411,5492.971,8452.64,7456.1,139.37,26.701,41994,53.90%,58.79%,245,253
2025/6/18,05:30,25815.2,27025.95,5394,5597.492,8220.46,7035.102,243.19,178.668,41994,54.16%,60.51%,260,250
2025/6/18,05:45,26114.1,27071.16,5378,5542.511,7984.43,6438.431,390.78,489.978,41994,55.05%,61.16%,260,250
2025/6/18,06:00,26250,27286.8,5362,5580.316,7740.89,6358.311,659.96,853.792,41994,55.27%,61.09%,259,260
2025/6/18,06:15,26340.6,27550.8,5350,5537.563,7486.92,6532.23,988.37,1288.653,41994,55.28%,60.17%,260,250
2025/6/18,06:30,26399.5,27342.19,5488,5684.92,7224.15,6225.045,1421.12,1763.844,41994,55.35%,59.62%,256,250
2025/6/18,06:45,26440.2,26812.65,5628,5680.374,6975.76,5707.401,1922.61,2365.21,41994,55.17%,58.15%,243,253
2025/6/18,07:00,26440.2,26306.52,5768,5891.837,6744.72,5250.91,2508.9,3080.368,41994,54.66%,56.83%,235,250
2025/6/18,07:15,25991.8,26158.02,5979,5704.804,6034.67,4957.742,3105.21,3829.045,41994,54.37%,54.95%,230,251
2025/6/18,07:30,25625,25786.96,6470,6367.59,5610.01,4673.095,3787.55,4694.473,41994,54.05%,54.26%,234,249
2025/6/18,07:45,25815.2,25314.65,7009,6980.44,5348.7,4297.203,4553.4,5441.895,41994,54.58%,53.71%,235,249
2025/6/18,08:00,25679.3,24942.25,7533,7688.563,5039.29,4106.435,5320.86,6489.089,41994,54.42%,52.47%,234,250
2025/6/18,08:15,25543.5,25098.18,8108,8226.903,4372.41,3958.49,6094.22,7686.008,41994,55.21%,51.63%,230,250
2025/6/18,08:30,25407.6,24855.73,8360,8508.02,4155.17,3811.512,6860.46,8676.398,41994,54.18%,49.71%,226,245
2025/6/18,08:45,25271.7,24962.48,8619,8162.2,3968.02,3485.294,7567.42,9735.39,41994,53.23%,47.40%,220,241.32
2025/6/18,09:00,25149.5,24752.33,8875,8297.707,3762.27,3391.811,8267.8,10610.271,41994,52.38%,45.36%,100,235.08
2025/6/18,09:15,25054.3,24740.09,9101,8519.62,3650.82,3557.947,8897.91,11338.676,41994,51.45%,43.73%,187.02,236.3
2025/6/18,09:30,25027.2,24729.46,9100,8499.227,3591.31,3639.317,9525.57,12136.528,41994,50.03%,41.56%,28.01,220.13
2025/6/18,09:45,24959.2,24671.8,9100,8599.916,3550.67,3635.792,10071.27,12729.974,41994,48.67%,40.26%,28.27,200
2025/6/18,10:00,24945.7,24849.51,9100,9135.68,3494.02,3684.719,10500.99,13122.973,41994,47.75%,40.90%,0,197.09
2025/6/18,10:15,24972.8,25170.67,9102,9806.982,3394.57,3536.332,10948.2,13535.807,41994,46.99%,42.64%,180,214.92
2025/6/18,10:30,25190.2,25159.06,8863,10088.07,3398.67,3203.551,11299.75,14107.164,41994,46.09%,42.71%,198.6,199.69
2025/6/18,10:45,25489.1,25210.84,8631,10438.35,3397.7,3089.126,11577.52,14387,41994,45.59%,43.28%,197.67,207.59
2025/6/18,11:00,25978.3,25512.99,8399,10455.87,3369.24,2990.428,11808.67,14347.737,41994,45.72%,44.37%,188.64,217.6
2025/6/18,11:15,26087,26566.65,8111,10233.83,3354.06,3047.627,12004.39,14557.16,41994,44.86%,45.71%,214.4,195.96
2025/6/18,11:30,26087,26794.57,7960,10274.66,3335.03,3107.816,12184.25,14462.213,41994,44.12%,46.43%,213.91,204.15
2025/6/18,11:45,25896.7,26787.52,7809,9830.457,3313.38,3104.349,12264.47,14193.649,41994,43.17%,46.01%,191.43,203.88
2025/6/18,12:00,25570.7,26132.24,7657,10320.07,3282.52,2981.767,12294.66,14071.591,41994,42.03%,46.19%,197.9,196.78
2025/6/18,12:15,25000,25796.06,7544,10292.47,3251.38,3112.725,12248.52,13419.392,41994,40.59%,46.57%,188.39,137.9
2025/6/18,12:30,24565.2,25708.5,7776,10445.77,3230.6,3068.837,12169.67,13394.959,41994,40.34%,46.89%,229.35,183.1
2025/6/18,12:45,23967.4,25432.7,8008,10372.58,3215.7,3025.132,12030.46,13324.942,41994,39.84%,46.33%,209.7,181.13
2025/6/18,13:00,23233.7,25151.69,8240,10197.89,3192.53,3001.006,11833.23,13000.238,41994,39.17%,46.07%,208.77,178.41
2025/6/18,13:15,22853.3,24540.77,8477,10455.26,3172.05,2796.362,11547.27,13030.46,41994,39.56%,45.65%,209.61,184.37
2025/6/18,13:30,22500,24529.01,8475,10377.63,3149.38,2927.621,11239.37,12979.793,41994,39.50%,45.24%,198.01,113.38
2025/6/18,13:45,22337,24449.95,8475,9922.521,3122.62,3059.521,10871.58,13070.537,41994,40.05%,43.44%,197.83,159.53
2025/6/18,14:00,22173.9,24235.8,8475,9051.883,3094.22,2928.285,10524.66,12145.304,41994,40.55%,43.37%,194.59,182.16
2025/6/18,14:15,22146.7,24365.59,8483,8657.355,3052.56,2773.711,10072.92,11928.723,41994,41.68%,43.63%,200.06,181.19
2025/6/18,14:30,22472.8,24701.85,8479,8592.739,3017.58,2841.758,9631.44,12059.431,41994,43.58%,43.80%,197.83,197.26
2025/6/18,14:45,22934.8,24888.11,8479,8533.77,2983.13,2769.58,9115.59,11523.237,41994,45.99%,45.55%,199.57,220
2025/6/18,15:00,23288,25427.39,8479,8703.122,2968.01,2853.119,8638.44,11454.992,41994,48.01%,47.20%,212.55,226
2025/6/18,15:15,23369.6,25827.25,8490,9096.43,2933.02,2905.755,8183.37,10976.8,41994,49.40%,50.11%,239,230
2025/6/18,15:30,23559.8,25965.93,8410,8032.834,2901.04,2742.639,7699.99,9449.486,41994,50.89%,51.93%,238,230
2025/6/18,15:45,24103.3,26221.64,8331,8192.375,2887.24,2782.439,7173.06,9258.558,41994,53.28%,53.28%,235,240
2025/6/18,16:00,24686.6,26423.98,8252,8236.29,2901.28,3065.687,6601.75,8906.603,41994,55.81%,54.03%,235.05,245
2025/6/18,16:15,25300.3,27205.88,8156,8013.913,2936.41,3466.578,6013,8124.558,41994,58.36%,56.27%,235,265.42
2025/6/18,16:30,25887.9,27516.96,7749,7894.381,2922.23,3523.201,5440.33,7500.628,41994,60.19%,58.07%,262,260
2025/6/18,16:45,26114.1,28138.75,7372,7393.109,2917.48,3645.814,4905.14,7085.944,41994,61.11%,59.06%,253,269
2025/6/18,17:00,26508.2,28519.47,6981,6998.953,2919.27,3961.659,4353.84,6388.454,41994,62.43%,59.93%,249,268
2025/6/18,17:15,26847.8,28750.27,6674,6786.426,2862.58,4242.959,3791.26,5467.381,41994,63.98%,61.50%,245,270
2025/6/18,17:30,27418.5,29060.63,6779,6744.647,2829.96,4525.871,3242.25,4655.262,41994,66.97%,63.40%,259,280
2025/6/18,17:45,27971,29321.81,6891,7100.593,2695.75,4910.436,2708.81,4028.405,41994,70.15%,65.45%,264.48,285
2025/6/18,18:00,28750,29718.69,7001,6826.789,2677.22,5443.608,2178.96,3256.581,41994,73.57%,66.31%,265,300
2025/6/18,18:15,29320.7,29925.49,7067,7100.574,2588.86,5704.296,1716.72,2487.515,41994,76.40%,68.66%,280,299
2025/6/18,18:30,29728.3,30099.53,7066,7164.687,2593.77,6311.082,1299.85,1823.883,41994,78.35%,69.37%,280,319
2025/6/18,18:45,30000,30388.89,7066,7143.528,2602.01,6987.587,952.66,1294.251,41994,79.80%,69.65%,289,310
2025/6/18,19:00,30462,30504.71,7065,7149.764,2547.72,7653.8,644.23,840.367,41994,81.76%,69.44%,270,329
2025/6/18,19:15,30597.8,30580.16,7065,7214.934,2571.67,8438.991,385.46,498.355,41994,82.64%,68.72%,270,325
2025/6/18,19:30,30760.9,30970.6,7034,7217.173,2585.01,8784.139,204.13,191.046,41994,83.36%,69.56%,270,330
2025/6/18,19:45,31331.5,31026.85,7003,7131.312,2588.69,8610.36,81.65,18.979,41994,84.93%,70.32%,268,340
2025/6/18,20:00,31467.4,31251.88,6972,7198.351,2616.14,8111.22,5.53,6.625,41994,85.29%,72.23%,269,358
2025/6/18,20:15,31684.8,31399.09,6941,6832.817,2573.5,7537.507,1.55,5.795,41994,85.85%,73.08%,269,350
2025/6/18,20:30,31956.5,31360.05,6918,6965.802,2513.83,6897.259,1.16,3.564,41994,86.58%,74.83%,280,380
2025/6/18,20:45,32010.9,31528.82,6896,6880.04,2448.31,6549.946,0.78,3.582,41994,86.82%,75.86%,298,355
2025/6/18,21:00,32010.9,31353.01,6874,6816.287,2378.11,6521.136,0.64,14.521,41994,86.93%,75.33%,308,380
2025/6/18,21:15,31902.2,31394.29,6793,6839.88,2294.75,6669.382,0.54,-2.856,41994,86.68%,75.17%,300,389
2025/6/18,21:30,31331.5,31306.33,6690,6652.754,2183.29,6892.828,0.47,4.554,41994,85.34%,73.97%,298,358
2025/6/18,21:45,31141.3,30900.08,6588,6517.449,2090.95,6779.008,0.43,14.641,41994,84.86%,72.92%,280,360
2025/6/18,22:00,30869.6,30908.6,6484,6513.889,2015.58,6156.591,0.37,-2.671,41994,84.15%,74.46%,279,350
2025/6/18,22:15,30516.3,30883.29,6381,6245.893,1961.1,5844.678,0.34,4.673,41994,83.19%,74.49%,270,350
2025/6/18,22:30,30108.7,30287.04,6013,6236.504,1911.13,5810.171,0.31,4.605,41994,81.46%,73.13%,280,330
2025/6/18,22:45,29538,30036.12,5655,5816.396,1889.76,5347.887,0.28,4.378,41994,79.30%,72.63%,290,318
2025/6/18,23:00,29103.3,29565.52,5293,5265.663,1863.22,4794.127,0.25,14.321,41994,77.47%,71.49%,280,310
2025/6/18,23:15,28858.7,29522.39,4989,4937.193,1843.29,4454.732,0.22,13.664,41994,76.21%,71.42%,270,305
2025/6/18,23:30,28614.1,29067.57,4989,5145.474,1800.57,3871.411,0.19,13.151,41994,75.73%,72.22%,280,318
2025/6/18,23:45,28070.7,28872.96,4989,5053.673,1752.08,3416.031,0.16,6.592,41994,74.55%,72.64%,282,300
2025/6/18,24:00,27581.5,28507.36,4989,4984.788,1791.76,3303.305,0,3.628,41994,73.29%,71.88%,293.03,290
2025/6/19,00:15,29658.9,29582.34,5332,5230.415,2130.86,3163.748,0.02,3.845,42154,77.95%,75.07%,360,398
2025/6/19,00:30,29633.9,29503.65,5331,5325.037,2049.6,2969.631,0.04,3.801,42154,78.08%,75.57%,360,467
2025/6/19,00:45,29169.9,29138.84,5331,5435.428,1988.28,2829.96,0.06,3.76,42154,77.13%,75.30%,458,468
2025/6/19,01:00,28876.9,28987.23,5331,5305.48,1931.33,2727.415,0.08,-1.422,42154,76.57%,74.88%,395,489
2025/6/19,01:15,28412.9,28566.48,5331,5380.454,1881.76,2635.386,0.1,3.792,42154,75.58%,74.27%,351,459
2025/6/19,01:30,28119.9,28106.4,5331,5457.564,1830.06,2508.033,0.11,13.797,42154,75.01%,73.64%,351,395
2025/6/19,01:45,27760.9,28094.02,5332,5387.814,1776.2,2511.467,0.13,-3.523,42154,74.29%,73.48%,351,398
2025/6/19,02:00,27564.9,27879.51,5333,5383.657,1723.44,2633.932,0.15,-3.515,42154,73.95%,72.67%,351,456
2025/6/19,02:15,27416.9,27684.12,5334,5367.6,1694.21,2600.249,0.17,-3.507,42154,73.67%,72.25%,351,351
2025/6/19,02:30,27235.9,27341.78,5355,5531.63,1668.26,2605.86,0.19,-3.513,42154,73.36%,71.81%,351,390
2025/6/19,02:45,27069.9,27349.12,5378,5358.947,1657.29,2594.157,0.21,3.715,42154,73.04%,71.43%,350,351
2025/6/19,03:00,26972.9,27213.31,5400,5502.768,1639.23,2708.634,0.23,3.618,42154,72.91%,71.18%,349,351
2025/6/19,03:15,26874.9,27062.81,5423,5411.861,1613.41,2808.636,0.24,3.689,42154,72.79%,70.37%,350,355
2025/6/19,03:30,26825.9,26997.02,5423,5508.806,1607.5,2833.316,0.26,3.699,42154,72.69%,70.38%,345,351
2025/6/19,03:45,26825.9,26882.86,5423,5348.67,1604.82,2843.563,0.28,3.745,42154,72.69%,69.71%,320,351
2025/6/19,04:00,26825.9,26658.3,5423,5429.405,1604.39,2679.99,0.3,13.648,42154,72.70%,69.73%,348,351
2025/6/19,04:15,26654.9,26773.13,5423,5371.656,1614.54,2561.531,0.31,13.53,42154,72.27%,70.15%,335,351
2025/6/19,04:30,26654.9,26593.65,5416,5380.919,1607.59,2484.388,0.34,13.68,42154,72.27%,69.93%,332,351
2025/6/19,04:45,26679.9,26395.87,5410,5606.59,1602.55,2495.351,0.43,3.699,42154,72.32%,69.99%,348,351
2025/6/19,05:00,26874.9,26595.9,5404,5479.387,1584.84,2481.631,2.91,3.538,42154,72.81%,70.20%,348,351
2025/6/19,05:15,27069.9,26901.93,5411,5424.585,1559.82,2470.303,36.56,8.475,42154,73.27%,70.81%,350,351
2025/6/19,05:30,27240.9,27074.41,5394,5311.25,1516.44,2260.607,116.83,49.874,42154,73.54%,71.35%,349,351
2025/6/19,05:45,27411.9,27268.08,5378,5435.342,1466.96,2121.253,266.97,209.604,42154,73.67%,72.05%,351,360
2025/6/19,06:00,27680.9,27486.88,5362,5305.026,1421.15,1896.683,512.53,501.341,42154,73.80%,72.10%,351,380
2025/6/19,06:15,27753.9,27734.49,5350,5465.766,1368.96,1620.677,843.11,898.506,42154,73.28%,72.78%,351,351
2025/6/19,06:30,27631.9,27936.75,5488,5464.188,1318.34,1449.562,1258.03,1373.975,42154,72.46%,72.54%,351,351
2025/6/19,06:45,27289.9,27886.13,5628,5644.141,1279.85,1283.209,1740.19,1927.564,42154,70.93%,71.93%,351,351
2025/6/19,07:00,26923.9,27592.14,5768,5772.988,1281.3,1076.104,2316.41,2547.654,42154,69.02%,70.55%,350,348
2025/6/19,07:15,26410.9,27198.97,5979,5851.293,1234.97,1017.256,2979.01,3111.261,42154,66.84%,68.61%,350,311
2025/6/19,07:30,25873.9,26654.34,6470,6466.849,1193.94,944.887,3695.25,3826.196,42154,65.13%,67.25%,345,295
2025/6/19,07:45,25124.1,26274.56,7009,7069.09,1220.9,846.902,4470.78,4644.842,42154,62.73%,66.07%,300,290
2025/6/19,08:00,24710.9,26056.18,7533,7775.35,1167.48,787.516,5231.57,5690.953,42154,61.31%,64.89%,300,280
2025/6/19,08:15,24238.6,26204.93,8108,7940.66,1147.08,756.405,5995.54,6309.124,42154,59.79%,64.24%,300,270
2025/6/19,08:30,23943.5,26061.69,8360,8411.362,1120.63,723.288,6772.05,7205.994,42154,57.91%,62.97%,290,265.55
2025/6/19,08:45,23766.4,25821.94,8619,8770.839,1100.14,706.918,7470.9,8036.505,42154,56.49%,61.32%,270,270
2025/6/19,09:00,23648.3,25663.29,8875,9052.862,1046.86,609.573,8175.84,8865.571,42154,55.27%,59.88%,270,245
2025/6/19,09:15,23530.2,25908.42,9101,9056.229,1042.22,553.149,8862.84,9478.805,42154,53.91%,59.15%,265.55,255
2025/6/19,09:30,23471.2,25523.8,9100,9313.7,1045.16,571.279,9505.94,9837.102,42154,52.24%,57.95%,253,233
2025/6/19,09:45,23294.1,25876.97,9100,9259.497,1053.93,615.861,10113.79,10223.25,42154,50.35%,57.64%,256,210
2025/6/19,10:00,23176,25913.24,9100,9334.447,1050.09,653.028,10625.51,10566.512,42154,48.87%,57.00%,250,215
2025/6/19,10:15,23058,26230.08,9102,9043.945,1064.95,636.273,11130.14,10939.079,42154,47.36%,56.22%,253,227
2025/6/19,10:30,23058,26400.04,8863,8887.146,1083,636.41,11513.43,11011.834,42154,45.84%,56.08%,270,198
2025/6/19,10:45,23323.6,26674.69,8631,8646.809,1099.34,657.257,11815.21,10895.015,42154,45.17%,56.39%,260,200
2025/6/19,11:00,23736.9,26857.49,8399,8338.271,1114.73,611.626,12087,11207.253,42154,44.92%,55.46%,265,200
2025/6/19,11:15,24238.6,28405.37,8111,8285.33,1139.01,673.494,12330.47,10629.621,42154,44.79%,60.23%,288.03,190
2025/6/19,11:30,24386.2,28879.21,7960,7843.796,1165.52,749.685,12562.97,10748.395,42154,44.17%,59.84%,281.09,80
2025/6/19,11:45,24150.1,28635.27,7809,7882.008,1195.9,779.656,12678.02,10898.063,42154,42.90%,58.93%,286.01,185
2025/6/19,12:00,23825.4,28458.2,7657,7602.334,1222.75,773.769,12742.12,11136.979,42154,41.56%,57.29%,283.12,0
2025/6/19,12:15,23441.7,27987.24,7544,7436.828,1260.45,777.862,12723.88,10801.983,42154,40.33%,56.56%,291.06,0
2025/6/19,12:30,23235.1,27608.08,7776,7915.661,1300.11,753.202,12649.58,10957.462,42154,40.47%,56.49%,291.67,0
2025/6/19,12:45,22939.9,27054.71,8008,7777.28,1348.26,774.799,12466.38,10969.804,42154,40.64%,54.77%,265.14,0
2025/6/19,13:00,22762.8,26509.83,8240,8308.276,1390.59,740.795,12236.77,11039.089,42154,41.22%,54.65%,266.38,0
2025/6/19,13:15,22644.8,26259.04,8477,8484.788,1445.16,805.002,11870.14,10900.211,42154,42.24%,54.65%,260,0
2025/6/19,13:30,22733.3,25666.22,8475,8663.76,1508.88,819.929,11460.43,10583.875,42154,43.27%,54.39%,255,40
2025/6/19,13:45,22821.8,25603.83,8475,8529.343,1579.28,824.431,11020.58,10430.193,42154,44.35%,54.27%,264.99,185
2025/6/19,14:00,23028.5,25921.09,8475,8450.192,1644.8,915.314,10579.26,10912.904,42154,45.74%,53.48%,260,195
2025/6/19,14:15,23235.1,25860.61,8483,8646.293,1703.24,1019.239,10060.5,10596.279,42154,47.34%,54.30%,260,245
2025/6/19,14:30,23559.8,26151.82,8479,8625.538,1750.46,1220.366,9565.06,10207.367,42154,49.16%,55.39%,260,245
2025/6/19,14:45,23943.5,26623.62,8479,8243.961,1809.16,1290.881,9019.25,10073.934,42154,51.23%,55.75%,260,249
2025/6/19,15:00,24179.6,26968.66,8479,8509.096,1888.61,1425.526,8507.08,9778.851,42154,52.81%,57.58%,268,251
2025/6/19,15:15,24620.9,27396.29,8490,8600.265,1953.04,1535.042,8005.41,9288.602,42154,54.92%,59.72%,300,255
2025/6/19,15:30,25199.9,27770.8,8410,8495.376,1992.52,1491.433,7512.37,8825.23,42154,57.18%,61.56%,300,265
2025/6/19,15:45,25822.9,28036.47,8331,8337.421,2041.26,1588.542,7047.55,8179.63,42154,59.46%,63.12%,300,260
2025/6/19,16:00,26079.9,27790.92,8252,8404.988,2123.3,1711.888,6527.74,7749.322,42154,60.92%,63.42%,300,295
2025/6/19,16:15,26643.9,28492.64,8156,8259.777,2179.95,1940.248,5987.23,7249.069,42154,63.18%,65.39%,300,300
2025/6/19,16:30,27151.9,28856.36,7749,7766.645,2227.5,1940.71,5449.26,6553.58,42154,64.58%,66.73%,320,300
2025/6/19,16:45,27614.9,28971.56,7372,7461.667,2322.93,1982.716,4919.68,6041.574,42154,65.82%,67.39%,318,318
2025/6/19,17:00,28020.9,29340.21,6981,6906.938,2272.3,1934.45,4362.61,5353.976,42154,67.29%,68.70%,318,305
2025/6/19,17:15,28435.9,29741.76,6674,6585.58,2299.13,1935.091,3789.46,4522.019,42154,68.85%,70.86%,350,350
2025/6/19,17:30,29112.9,30131.5,6779,6883.414,2332.64,2245.689,3228.9,4024.013,42154,71.95%,72.94%,351,351
2025/6/19,17:45,29736.9,30316.12,6891,6963.613,2310.7,2557.944,2667.94,3345.975,42154,75.08%,74.43%,460,390
2025/6/19,18:00,30192.9,30269.04,7001,7156.04,2270.05,2801.358,2078.91,2743.28,42154,77.92%,75.63%,467,464
2025/6/19,18:15,30464.9,30567.29,7067,6857.215,2269.59,2859.44,1629.73,2253.046,42154,79.79%,76.65%,467,466
2025/6/19,18:30,31003.9,30864.77,7066,7096.866,2306.08,2637.073,1231.21,1773.08,42154,81.92%,79.59%,619,600
2025/6/19,18:45,31267.9,30810.28,7066,7050.732,2352.92,2453.408,902.54,1362.41,42154,83.21%,80.76%,635,637
2025/6/19,19:00,31519.9,30995.5,7065,7132.321,2353.77,2520.543,615,965.712,42154,84.49%,82.18%,633,750
2025/6/19,19:15,31528.9,31066.84,7065,7057.919,2388.53,2537.156,371.86,584.447,42154,85.01%,83.04%,619,637
2025/6/19,19:30,31564.9,31445.2,7034,7018.457,2444.5,2489.611,198.99,264.62,42154,85.30%,84.71%,800,635
2025/6/19,19:45,31759.9,31622.79,7003,7235.69,2504.14,2455.447,78.96,56.058,42154,85.83%,86.22%,1134,800
2025/6/19,20:00,31971.9,31616.36,6972,7130.27,2585.6,2509.861,4.53,5.872,42154,86.24%,85.95%,1137,1133
2025/6/19,20:15,32099.9,32023.95,6941,7003.828,2638.41,2515.656,1.02,4.889,42154,86.35%,86.60%,1227,636
2025/6/19,20:30,32083.9,32034.23,6918,6903.229,2662.57,2605.945,0.91,3.063,42154,86.20%,86.18%,1135,634
2025/6/19,20:45,32088.9,32074.66,6896,6880.214,2686.24,2691.013,0.72,3.097,42154,86.11%,86.02%,1263,1125
2025/6/19,21:00,31938.9,31832.6,6874,6778.07,2716.17,2684.929,0.3,3.086,42154,85.63%,85.22%,1260,1062
2025/6/19,21:15,31866.9,31964.61,6793,6682.216,2768.2,2631.88,0.28,3.078,42154,85.14%,85.43%,1134,1100
2025/6/19,21:30,31637.9,31668.85,6690,6756.59,2767.84,2509.145,0.26,3.085,42154,84.36%,85.20%,1133,639
2025/6/19,21:45,31454.9,31541.58,6588,6726.54,2775.94,2219.121,0.24,3.156,42154,83.66%,85.51%,1137,637
2025/6/19,22:00,31142.9,31350.48,6484,6528.964,2790.7,2037.61,0.23,3.217,42154,82.64%,85.02%,1136,500
2025/6/19,22:15,30883.9,31101.72,6381,6558.751,2787.68,1942.277,0.21,3.159,42154,81.79%,84.73%,1134,467
2025/6/19,22:30,30552.9,30429.74,6013,6225.54,2773.79,1883.447,0.19,3.133,42154,80.16%,82.48%,1090,458
2025/6/19,22:45,30031.9,30066.95,5655,5921.663,2758.52,2033.891,0.17,3.179,42154,78.11%,80.54%,635,395
2025/6/19,23:00,29641.9,29588.45,5293,5445.084,2743.46,2268.076,0.15,3.177,42154,76.37%,77.72%,466,351
2025/6/19,23:15,29450.9,29566.55,4989,5370.789,2765.48,2437.445,0.13,2.374,42154,75.14%,77.09%,398.4,351
2025/6/19,23:30,29031.9,29068.84,4989,5464.239,2737.07,2558.613,0.11,2.429,42154,74.21%,75.85%,351,351
2025/6/19,23:45,28558.9,28702.45,4989,5443.317,2708.56,2648.762,0.1,2.434,42154,73.16%,74.71%,351,351
2025/6/19,24:00,28230.9,28408.33,4989,5514.73,2760.7,2759.482,0,2.403,42154,72.26%,73.92%,351,351
2025/6/20,00:15,29814.4,29413.56,5332,5749.145,2112.82,2966.659,0.03,2.43,42090,78.48%,76.49%,850,793
2025/6/20,00:30,29652.4,29376.65,5331,6257.842,2140.46,3240.804,0.06,2.326,42090,78.03%,76.96%,398,852
2025/6/20,00:45,29355.4,28806.42,5331,6293.824,2177.43,3608.685,0.09,2.356,42090,77.24%,74.81%,351,598
2025/6/20,01:00,28950.4,28480.05,5331,6088.21,2220.17,3769.694,0.13,2.359,42090,76.17%,73.17%,332,370
2025/6/20,01:15,28680.4,28307.88,5331,5836.819,2290.21,3876.762,0.16,2.357,42090,75.36%,71.91%,300,350
2025/6/20,01:30,28491.4,28202.66,5331,5825.325,2335.82,3960.562,0.19,2.403,42090,74.81%,71.43%,300,332
2025/6/20,01:45,28194.4,27793.84,5332,6104.781,2385.72,4009.098,0.22,2.429,42090,73.99%,71.01%,310,332
2025/6/20,02:00,27924.4,27768.64,5333,5950.52,2461.61,3903.938,0.25,2.356,42090,73.17%,70.83%,310,332
2025/6/20,02:15,27708.4,27475.88,5334,5736.758,2534.42,3861.77,0.28,2.401,42090,72.48%,69.73%,300,328
2025/6/20,02:30,27519.4,27484.53,5355,5749.283,2579.35,3919.089,0.31,2.402,42090,71.98%,69.64%,300,332
2025/6/20,02:45,27330.4,27196.35,5378,5789.32,2621.94,3984.286,0.34,2.412,42090,71.48%,68.90%,300,328
2025/6/20,03:00,27222.4,26930.69,5400,5560.97,2668.44,4023.15,0.37,2.429,42090,71.17%,67.63%,300,330
2025/6/20,03:15,27087.4,26824.58,5423,5688.571,2709.3,3939.69,0.4,2.329,42090,70.80%,67.88%,300,316
2025/6/20,03:30,26925.4,26479.7,5423,5630.863,2748.27,3872.43,0.43,2.356,42090,70.32%,67.08%,295,310
2025/6/20,03:45,26844.4,26273.14,5423,5571.136,2791.54,3794.866,0.45,2.428,42090,70.03%,66.64%,294,300
2025/6/20,04:00,26790.4,26267.83,5423,5452.053,2839.64,3712.01,0.48,2.182,42090,69.79%,66.54%,285,316
2025/6/20,04:15,26520.4,26137.31,5423,5526.271,2876.58,3647.183,0.51,2.253,42090,69.06%,66.56%,290,300
2025/6/20,04:30,26520.4,26140.21,5416,5583.77,2910.08,3633.727,0.55,2.148,42090,68.96%,66.73%,295,300
2025/6/20,04:45,26574.4,26130.54,5410,5639.386,2939.22,3664.647,0.67,2.195,42090,69.01%,66.77%,290,300
2025/6/20,05:00,26763.4,26214.4,5404,5526.278,2964.85,3520.011,4.26,3.672,42090,69.37%,67.04%,295,300
2025/6/20,05:15,26771.4,26635.26,5411,5452.675,2970.99,3456.668,49.09,71.724,42090,69.29%,67.85%,300,316
2025/6/20,05:30,26982.4,26665.58,5394,5606.243,2958.9,3388.972,154.79,296.364,42090,69.52%,67.92%,300,300
2025/6/20,05:45,27166.4,26874.72,5378,5634.294,2954.6,3216.509,351.6,691.125,42090,69.47%,67.95%,300,300
2025/6/20,06:00,27377.4,26815.7,5362,5428.665,2938.17,3097.061,662.63,1164.204,42090,69.23%,66.48%,300,300
2025/6/20,06:15,27719.4,26963.27,5350,5574.519,2889.33,2953.081,1078.7,1657.642,42090,69.14%,66.35%,285,300
2025/6/20,06:30,27798.4,26961.43,5488,5574.75,2826.47,2743.976,1602.63,2293.668,42090,68.56%,65.33%,285,300
2025/6/20,06:45,27789.4,26763.07,5628,5788.813,2769.68,2565.599,2227.1,3000.75,42090,67.52%,64.11%,280,285
2025/6/20,07:00,27519.4,26460.17,5768,5842.228,2784.87,2384.859,3002.95,3769.405,42090,65.34%,62.12%,252,282.2
2025/6/20,07:15,27168.4,26091.15,5979,5979.139,2721.74,2156.008,3876,4728.669,42090,63.08%,59.84%,250,281.1
2025/6/20,07:30,26655.4,25411.06,6470,6668.077,2766.46,1865.35,4829.4,5765.158,42090,60.65%,58.09%,250,250
2025/6/20,07:45,26277.4,25004.13,7009,7113.75,2671.52,1625.241,5873.82,6866.516,42090,58.78%,56.13%,245,252
2025/6/20,08:00,25953.4,24693.01,7533,7875.991,2548.17,1507.384,6926.49,8008.065,42090,57.05%,54.77%,235,252
2025/6/20,08:15,25521.4,24839.75,8108,8307.052,2502.1,1372.584,8013.12,9113.356,42090,54.92%,53.84%,240,250
2025/6/20,08:30,25278.4,24930.79,8360,8632.545,2464.26,1324.852,9078.96,10140.454,42090,52.50%,52.50%,233,229
2025/6/20,08:45,25089.4,24927.45,8619,9019.29,2433.95,1377.255,10078.58,11082.214,42090,50.36%,51.05%,215,239
2025/6/20,09:00,24765.4,24824.65,8875,9389.022,2380.59,1410.952,11069.77,11901.355,42090,47.97%,49.66%,198,200
2025/6/20,09:15,24468.4,24905.96,9101,9122.94,2398.69,1440.876,12023.31,12854.032,42090,45.49%,46.89%,209,191.34
2025/6/20,09:30,24198.4,24705.89,9100,9963.291,2438.96,1494.406,12912.05,13713.712,42090,42.64%,46.24%,25.8,27.54
2025/6/20,09:45,23928.4,24717.81,9100,9944.072,2475.23,1691.699,13729.95,14651.225,42090,39.97%,43.52%,27.88,27.8
2025/6/20,10:00,23874.4,24489.12,9100,10175.87,2510.03,1783.44,14428.92,15411.284,42090,38.10%,41.51%,27.68,27.99
2025/6/20,10:15,24063.4,24478.08,9102,10067.15,2483.33,1822.222,15077.15,16067.578,42090,37.08%,39.57%,27.49,28.29
2025/6/20,10:30,24333.4,24405.88,8863,10172.24,2527.58,1728.549,15658.72,16070.795,42090,35.66%,39.86%,27.23,28.13
2025/6/20,10:45,24657.4,24573.98,8631,9542.095,2565.71,1627.396,16170.97,15770.887,42090,34.57%,39.72%,27.68,27.99
2025/6/20,11:00,24846.4,24466.71,8399,9575.645,2585.43,1620.316,16620.04,15179.036,42090,33.36%,40.97%,27.47,27.84
2025/6/20,11:15,24873.4,25853.27,8111,9706.094,2581.41,1580.892,16980.13,15942.646,42090,31.89%,42.85%,27.52,27.89
2025/6/20,11:30,24657.4,25887.26,7960,9707.907,2567,1461.067,17327.59,16195.304,42090,30.23%,42.62%,27.34,27.85
2025/6/20,11:45,24441.4,25958.25,7809,9151.952,2546.03,1324.811,17549.88,16171.24,42090,28.88%,41.85%,27.54,28.01
2025/6/20,12:00,24144.4,25533.32,7657,8911.365,2505.02,1277.65,17721.07,15958.113,42090,27.50%,40.89%,27.71,28.21
2025/6/20,12:15,23874.4,25256.15,7544,8835.07,2451.47,1199.499,17809.63,15816.007,42090,26.51%,40.57%,29.95,30.34
2025/6/20,12:30,23415.4,25058.59,7776,9254.392,2397.12,1208.049,17831,15711.611,42090,26.05%,41.32%,30.01,30.41
2025/6/20,12:45,23253.4,24879,8008,9572.248,2344.83,1214.218,17784.88,15504.189,42090,26.45%,42.13%,30.05,30.5
2025/6/20,13:00,23280.4,25014.22,8240,9513.967,2282.17,1173.763,17646.63,14870.551,42090,27.54%,43.92%,30.34,30.74
2025/6/20,13:15,23361.4,24879.13,8477,9353.865,2228.39,1082.53,17450.73,14465.023,42090,28.89%,44.39%,30.62,30.91
2025/6/20,13:30,23523.4,24474.96,8475,9733.281,2185.67,1140.166,17231.92,14393.526,42090,29.89%,44.37%,30.24,30.74
2025/6/20,13:45,23793.4,24780.09,8475,8992.798,2140.03,1071.593,16861.43,14119.116,42090,31.52%,44.15%,30.4,30.88
2025/6/20,14:00,24009.4,24602.39,8475,9344.553,2103.89,1076.99993,16462.98,14030.767,42090,33.07%,44.76%,29.42,30.72
2025/6/20,14:15,24171.4,25255.45,8483,9117.396,2083.77,1088.7,16017.39,13869.026,42090,34.58%,46.13%,28.7,30.1
2025/6/20,14:30,24414.4,25477.77,8479,9357.82,2049.8,1100.511,15488.47,13221.435,42090,36.48%,48.74%,227.99,30.2
2025/6/20,14:45,24711.4,26010.49,8479,8932.221,2017.58,1111.333,14914.1,12541.2,42090,38.63%,50.58%,241.29,30.24
2025/6/20,15:00,25197.4,26484.12,8479,8885.361,2000.32,1131.962,14314.14,12076.411,42090,41.25%,52.65%,252.18,39.41
2025/6/20,15:15,25467.4,26845.53,8490,9112.998,1995.93,1348.976,13722.88,11340.945,42090,43.33%,55.28%,262.29,37.62
2025/6/20,15:30,25656.4,27142.18,8410,8443.112,1976.1,1353.164,13025.07,10641.391,42090,45.30%,56.05%,268.77,200
2025/6/20,15:45,25902.4,27526.42,8331,8499.451,1961.66,1419.222,12267.99,10137.739,42090,47.53%,58.13%,272.21,200
2025/6/20,16:00,26482.4,27655.67,8252,8377.398,1973.04,1408.821,11437.13,9286.532,42090,50.66%,60.20%,286.88,240.05
2025/6/20,16:15,27008.4,27959.14,8156,8454.248,2017.76,1480.957,10557.74,8557.614,42090,53.67%,62.66%,285.7,250
2025/6/20,16:30,27482.4,28680.74,7749,7766.521,2032.17,1479.199,9621.15,7586.946,42090,56.02%,65.05%,300,250
2025/6/20,16:45,28009.4,28863.44,7372,7503.821,2052.52,1395.779,8645.5,6753.133,42090,58.64%,67.04%,300,270
2025/6/20,17:00,28561.4,29150.29,6981,7199.429,2087.96,1310.607,7655.6,5929.099,42090,61.29%,69.16%,331,270
2025/6/20,17:15,29035.4,29618.29,6674,7079.583,2017.39,1337.428,6603.5,5103.799,42090,64.36%,71.89%,332,285
2025/6/20,17:30,29536.4,30182.14,6779,7037.366,2052.62,1453.534,5613.05,4493.127,42090,68.07%,74.30%,332,300
2025/6/20,17:45,29878.4,30477.67,6891,7204.875,2038.12,1402.84,4548.15,3823.457,42090,71.71%,77.11%,852,331
2025/6/20,18:00,30194.4,30684.52,7001,7204.626,2072,1425.102,3603.22,3089.921,42090,74.89%,79.29%,1050,332
2025/6/20,18:15,30483.4,31116.77,7067,7179.421,2064.01,1468.306,2803.36,2443.611,42090,77.65%,81.69%,1153,400
2025/6/20,18:30,30720.4,30983.59,7066,7551.382,2134.87,1554.371,2099.18,1862.146,42090,79.72%,83.44%,1260,400
2025/6/20,18:45,30931.4,31338.3,7066,7517.18,2210.19,1646.819,1491.85,1394.874,42090,81.48%,85.09%,1291,853
2025/6/20,19:00,31221.4,31275.75,7065,7227.364,2269.4,1808.925,986.02,992.292,42090,83.23%,84.82%,1260,1051
2025/6/20,19:15,31484.4,31554.61,7065,7308.233,2340.43,1825.523,580.75,623.132,42090,84.65%,86.52%,1261,1150
2025/6/20,19:30,31773.4,31475.55,7034,7268.269,2418.79,1854.338,296.58,316.366,42090,85.75%,86.89%,1255,1050
2025/6/20,19:45,31958.4,31758.26,7003,7134.59,2487.75,1920.307,111.65,81.567,42090,86.39%,87.65%,1261,1154
2025/6/20,20:00,32142.4,31965.28,6972,7061.107,2579.11,1957.489,7.43,10.617,42090,86.79%,88.05%,1260,1160
2025/6/20,20:15,32247.4,32119.95,6941,7254.562,2613.36,2062.162,1.54,6.398,42090,86.89%,88.63%,1264,1150
2025/6/20,20:30,32300.4,32277.48,6918,7237.705,2627.59,2091.257,1.3,3.281,42090,86.93%,88.91%,1291,1157
2025/6/20,20:45,32247.4,32426.37,6896,7002.414,2655.9,2173.846,1.02,4.423,42090,86.69%,88.50%,1264,1151
2025/6/20,21:00,32218.4,31971.14,6874,7139.31,2680.97,2264.439,0.48,4.494,42090,86.51%,87.53%,1294,1154
2025/6/20,21:15,31948.4,31616.57,6793,7038.195,2685.37,2438.339,0.45,4.492,42090,85.66%,86.03%,1264,1153
2025/6/20,21:30,31353.4,31563.9,6690,6900.616,2681.41,2571.033,0.43,4.486,42090,84.01%,85.27%,1155,854
2025/6/20,21:45,31111.4,31303.32,6588,6825.305,2683.34,2678,0.4,4.558,42090,83.19%,84.21%,996,1120
2025/6/20,22:00,30813.4,30825.18,6484,6751.634,2711.13,2758.825,0.37,4.502,42090,82.17%,82.71%,996,855
2025/6/20,22:15,30597.4,30619.1,6381,6454.261,2756.1,2756.379,0.34,4.559,42090,81.31%,81.52%,852,853
2025/6/20,22:30,30354.4,30260.72,6013,6046.586,2739.83,2561.094,0.31,4.47,42090,79.89%,80.17%,346,851
2025/6/20,22:45,30246.4,29780.81,5655,6458.114,2718.34,2437.32,0.28,4.501,42090,78.84%,80.30%,332,408
2025/6/20,23:00,29652.4,29364.82,5293,6266.388,2690.29,2370.612,0.25,4.493,42090,76.63%,79.01%,340,332
2025/6/20,23:15,29328.4,29490.64,4989,6241.223,2648.53,2231.952,0.22,3.732,42090,75.24%,79.58%,332,332
2025/6/20,23:30,28815.4,29160.31,4989,6212.812,2596.45,1975.845,0.19,3.757,42090,74.15%,79.34%,332,332
2025/6/20,23:45,28383.4,28964.23,4989,6280.045,2537.37,1781.557,0.16,3.728,42090,73.26%,79.49%,332,332
2025/6/20,24:00,28113.4,28872.31,4989,5674.709,2565.7,1639.374,0,3.731,42090,72.55%,78.18%,332.25,332
2025/6/21,00:15,29332,29732.2,5475,6344.64,2077.74,1486.164,0.02,3.709,42004,77.92%,82.34%,315,310
2025/6/21,00:30,29200.8,29700.96,5474,6608.629,2001.96,1276.062,0.04,3.742,42004,77.78%,83.40%,320,285
2025/6/21,00:45,28912,29377.76,5474,6710.147,1928.75,1075.916,0.06,3.726,42004,77.27%,83.35%,315,287
2025/6/21,01:00,28623.2,28981.68,5474,6826.397,1849.07,964.431,0.08,3.692,42004,76.77%,82.94%,318,285
2025/6/21,01:15,28334.4,29018.91,5474,6674.768,1794.06,878.828,0.1,3.789,42004,76.22%,82.88%,319,280
2025/6/21,01:30,28150.6,28638.81,5462,6332.936,1724.3,813.141,0.11,3.73,42004,75.92%,81.31%,310,280
2025/6/21,01:45,27966.8,28197.03,5451,6147.68,1657.5,746.086,0.13,3.721,42004,75.61%,79.98%,315,288
2025/6/21,02:00,27730.5,27902.16,5440,5933.592,1589.9,702.757,0.15,3.801,42004,75.18%,78.87%,308,272
2025/6/21,02:15,27520.5,27409.75,5426,5253.856,1519.91,700.489,0.17,3.739,42004,74.82%,76.09%,289,285
2025/6/21,02:30,27336.7,27363.94,5447,5403.907,1478.12,762.166,0.19,3.749,42004,74.53%,76.19%,285,280
2025/6/21,02:45,27284.2,27240.67,5469,5506.597,1437.77,786.878,0.21,3.709,42004,74.55%,76.08%,282,280
2025/6/21,03:00,27205.5,27253.82,5491,5417.283,1404.95,811.236,0.23,3.712,42004,74.50%,75.84%,285,280
2025/6/21,03:15,26969.2,27098.12,5514,5311.905,1382.21,841.091,0.24,3.673,42004,74.04%,75.15%,285,285
2025/6/21,03:30,26837.9,27137.91,5514,5335.56,1354.72,863.689,0.26,3.703,42004,73.80%,75.25%,282,280
2025/6/21,03:45,26680.4,26917.51,5514,5382.207,1339.46,890.554,0.28,3.693,42004,73.46%,74.77%,280,282
2025/6/21,04:00,26339.1,26802.59,5514,5365.648,1325.42,910.079,0.3,3.673,42004,72.68%,74.41%,280,272
2025/6/21,04:15,26286.6,26815.26,5514,5456.934,1306.56,935.783,0.31,3.664,42004,72.60%,74.59%,280,280
2025/6/21,04:30,26339.1,26679.32,5508,5536.612,1285.76,955.751,0.34,3.722,42004,72.76%,74.41%,280,272
2025/6/21,04:45,26391.6,26866.27,5502,5352.57,1258.95,1025.252,0.48,3.731,42004,72.93%,74.25%,280,280
2025/6/21,05:00,26522.8,26797.63,5496,5462.455,1238.83,1086.132,4.05,5.273,42004,73.27%,74.20%,280,279
2025/6/21,05:15,26732.9,26827.41,5503,5440.049,1229.25,1206.232,59.05,45.564,42004,73.68%,73.84%,282,282
2025/6/21,05:30,26890.4,26823.98,5498,5408.213,1225.27,1263.707,180.33,242.583,42004,73.76%,73.15%,280,280
2025/6/21,05:45,27074.2,27138.2,5494,5473.938,1223.31,1325.616,416.73,558.161,42004,73.63%,73.16%,280,280
2025/6/21,06:00,27153,27314.97,5490,5333.993,1217.35,1396.887,796.27,960.07,42004,72.92%,72.12%,270,275
2025/6/21,06:15,27231.7,27247.99,5493,5793.305,1197.18,1404.266,1317.72,1409.676,42004,71.92%,71.96%,270,270
2025/6/21,06:30,27100.4,26897.86,5631,6088.003,1177.15,1360.445,1970.55,1950.909,42004,70.43%,70.65%,270,270
2025/6/21,06:45,26785.4,26449.47,5771,6199.711,1169.81,1334.033,2756.73,2687.002,42004,68.16%,68.16%,265,270
2025/6/21,07:00,26286.6,25906.87,5910,6467.32,1161.28,1244.327,3660.39,3660.54,42004,65.17%,65.40%,250,260
2025/6/21,07:15,26024,25364.65,6121,6085.242,1161.63,1147.974,4725.46,4746.744,42004,62.51%,60.84%,245,260
2025/6/21,07:30,25604,24828.17,6623,6832.39,1119.96,1068.913,5861.4,5900.443,42004,60.10%,58.78%,245,250
2025/6/21,07:45,24973.9,24503.3,7174,7178.142,1053.41,986.892,7080.33,7211.185,42004,57.17%,55.91%,240,240
2025/6/21,08:00,24553.8,23969.74,7709,7598.437,985.5,933.604,8379.34,8525.262,42004,54.51%,52.64%,220,235
2025/6/21,08:15,24422.5,23559.14,8297,8294.501,933.54,907.591,9711.09,9911.81,42004,52.55%,50.08%,220,232.77
2025/6/21,08:30,24238.8,23348.49,8549,8491.586,905.06,896.94,11020.56,11262.022,42004,49.67%,46.86%,200,220
2025/6/21,08:45,24107.5,23199.33,8808,8905.917,886.47,927.043,12213.12,12643.119,42004,47.18%,44.13%,29.54,207.74
2025/6/21,09:00,24028.7,23049.98,9064,9104.368,838.71,964.838,13374.34,13852.684,42004,44.95%,41.27%,30.1,192.94
2025/6/21,09:15,23897.4,22759.71,9290,9519.816,830.01,1097.024,14430.6,15022.953,42004,42.68%,38.47%,29.77,80.63
2025/6/21,09:30,23897.4,22713.86,9289,9270.014,838.98,1143.749,15418.32,14606.769,42004,40.30%,38.65%,30.16,29.53
2025/6/21,09:45,23897.4,22628,9289,9267.263,851.45,1284.81,16330.3,14542.075,42004,38.10%,38.25%,30.25,29.01
2025/6/21,10:00,23897.4,22686.71,9289,9122.777,851.93,1490.128,17106.82,13928.991,42004,36.25%,39.02%,29.89,81.5
2025/6/21,10:15,23897.4,22689.04,9291,9377.951,867.74,1649.702,17809.42,14168.356,42004,34.55%,38.68%,29.47,29.89
2025/6/21,10:30,24081.2,22764.54,9028,9095.428,905.36,1156.541,18444.87,14165.607,42004,32.76%,39.37%,29.07,30.51
2025/6/21,10:45,24265,22604.67,8772,8889.973,945.93,1171.54,18962.93,14108.141,42004,31.25%,38.60%,28.68,30.33
2025/6/21,11:00,24580,22940.25,8516,9195.168,979.26,1209.145,19381.84,13843.981,42004,30.32%,40.67%,27.97,29.67
2025/6/21,11:15,24973.9,24310.44,8203,8769.334,1016.94,1325.274,19732.46,14430.477,42004,29.59%,41.24%,27.87,29.57
2025/6/21,11:30,24895.1,24404.19,8052,8640.349,1048.45,1328.257,20018.07,14430.088,42004,28.28%,41.15%,28.06,29.49
2025/6/21,11:45,24658.8,24128.61,7901,8694.274,1080.38,1300.774,20213.56,14727.734,42004,26.82%,39.98%,28.85,29.82
2025/6/21,12:00,24606.3,23662.89,7749,8030.525,1107.35,1188.582,20328.66,14243.254,42004,26.00%,38.71%,29.19,30.36
2025/6/21,12:15,24475,23481.63,7636,7790.627,1124.23,1167.526,20379.65,13990.151,42004,25.25%,38.36%,30.93,32.36
2025/6/21,12:30,24212.5,23410.15,7868,8629.792,1152.95,1213.277,20370.65,13940.175,42004,25.13%,40.20%,30.45,32.36
2025/6/21,12:45,23976.2,23165.69,8100,8635.729,1183.45,1148.821,20309.78,13951.862,42004,25.20%,39.76%,31,32.39
2025/6/21,13:00,23713.7,22962.14,8332,8732.582,1208.72,1030.658,20175.94,14240.583,42004,25.38%,39.10%,31.84,32.51
2025/6/21,13:15,23661.2,22520.97,8569,9103.238,1233.29,977.023,19968.61,14118.76,42004,26.26%,39.35%,32.29,32.7
2025/6/21,13:30,23661.2,22411.8,8567,9027.451,1259.63,888.676,19693.98,14077.23,42004,26.84%,39.22%,31.9,32.77
2025/6/21,13:45,23661.2,22479.42,8567,9149.9,1282.09,833.523,19348.67,14339.835,42004,27.61%,39.18%,31.16,32.06
2025/6/21,14:00,23739.9,22426.24,8567,9344.74,1312.81,1119.91,18915.5,14727.313,42004,28.76%,37.91%,30.77,31.44
2025/6/21,14:15,23871.2,22812.48,8575,9586.805,1346.46,1096.657,18432.96,15020.736,42004,30.16%,38.76%,30.4,31.07
2025/6/21,14:30,24002.5,22949.02,8571,9342.055,1381.19,1049.798,17902.6,15652.511,42004,31.64%,37.11%,30.27,31.16
2025/6/21,14:45,24212.5,23237.36,8571,9347.192,1417.47,1079.916,17255.25,15084.367,42004,33.59%,39.09%,30.24,31.33
2025/6/21,15:00,24527.5,23732.03,8571,9322.076,1469.65,1126.668,16561.42,14844.231,42004,35.87%,40.67%,30.3,31.52
2025/6/21,15:15,25000.1,24089.14,8582,8972.592,1506.91,1164.694,15805.48,14407.299,42004,38.73%,41.64%,30.28,31.18
2025/6/21,15:30,25682.7,24468.82,8514,8691.172,1545.16,1254.73,14988.31,14156.117,42004,42.05%,42.26%,30.59,191.47
2025/6/21,15:45,26207.8,25220.84,8447,8749.668,1560.54,1305.453,14079.7,13697.151,42004,45.27%,45.16%,30.84,159.14
2025/6/21,16:00,26732.9,25382.66,8380,8453.555,1620.88,1347.968,13123.48,12940.604,42004,48.49%,46.54%,200,235.04
2025/6/21,16:15,27205.5,25848.3,8299,8463.389,1671.77,1342.463,12097.78,11982.815,42004,51.74%,49.96%,235,240
2025/6/21,16:30,27651.8,26646.21,7892,8050.268,1722.35,1326.577,11013.11,10845.426,42004,54.30%,53.62%,210,236
2025/6/21,16:45,28229.4,27161.61,7515,7897.796,1792.66,1325.505,9881.87,9808.795,42004,57.30%,56.96%,240,245
2025/6/21,17:00,28728.2,27815.86,7124,7563.652,1865.08,1340.229,8706.67,8661.283,42004,60.19%,60.42%,250,252
2025/6/21,17:15,29227,28362.28,6816,7139.123,1950.63,1320.799,7473.24,7459.898,42004,63.37%,63.61%,260,260
2025/6/21,17:30,29542.1,29163.39,6932,7172.188,2011.69,1328.932,6304.81,6190.878,42004,67.04%,68.60%,272,270
2025/6/21,17:45,29909.6,29900.85,7056,6901.809,1992.09,1372.029,5247.27,4985.099,42004,70.77%,72.48%,270,274
2025/6/21,18:00,30329.7,30481.43,7177,7029.508,2058.55,1454.33,4177.52,3880.181,42004,74.45%,76.60%,280,285
2025/6/21,18:15,30697.2,30881.35,7256,7030.173,2171.8,1588.228,3200.18,2933.136,42004,77.57%,79.49%,355,280
2025/6/21,18:30,30933.5,31210.24,7255,7283.182,2309.32,1739.861,2380.05,2140.261,42004,79.75%,82.40%,360,290
2025/6/21,18:45,31222.3,31651.08,7255,7311.605,2406.3,1852.207,1660.93,1543.76,42004,81.92%,84.67%,370,299.39
2025/6/21,19:00,31432.4,31759.74,7254,7246.53,2465.49,1997.972,1087.14,1090.335,42004,83.64%,85.51%,345,310.17
2025/6/21,19:15,31589.9,32058.61,7254,7332.004,2618.65,2293.107,644.61,702.632,42004,84.71%,86.65%,355,318.02
2025/6/21,19:30,31826.2,32024.08,7223,7269,2760.53,2515.729,334.43,368.976,42004,85.60%,86.68%,355,315.07
2025/6/21,19:45,32036.2,31917.84,7192,7424.489,2893.55,2894.662,128.6,91.797,42004,86.20%,86.55%,350,320
2025/6/21,20:00,32305.6,32165.22,7161,7201.492,3065.62,3334.751,7.97,16.351,42004,86.64%,85.74%,338,317.04
2025/6/21,20:15,32384.8,32668.5,7130,7135.27,3139.6,3713.926,1.35,15.287,42004,86.60%,85.88%,320,330
2025/6/21,20:30,32437.6,32599.32,7107,7163.115,3202.18,4066.463,1.11,12.481,42004,86.52%,84.95%,320,319
2025/6/21,20:45,32358.4,32872.84,7085,7152.99,3272.29,4294.167,0.82,12.593,42004,86.11%,85.04%,329,318.02
2025/6/21,21:00,32173.6,32455.78,7063,7096.447,3349.04,4484.173,0.3,12.496,42004,85.44%,83.46%,310,318.02
2025/6/21,21:15,31936.1,32272.19,6982,7169.026,3378.6,4688.257,0.28,13.45,42004,84.61%,82.71%,299,318.02
2025/6/21,21:30,31645.8,32167.8,6868,6851.485,3400.58,4784.299,0.26,14.193,42004,83.59%,81.47%,290,310.16
2025/6/21,21:45,31408.3,31871.84,6755,6678.188,3428.59,4879.981,0.24,14.113,42004,82.69%,80.13%,285,300.35
2025/6/21,22:00,31118,31595.34,6640,6584.215,3538.09,4978.078,0.23,14.135,42004,81.47%,79.01%,285,310.17
2025/6/21,22:15,30801.3,31273.34,6523,6586.715,3573.03,5010.644,0.21,14.135,42004,80.35%,78.17%,285,308.2
2025/6/21,22:30,30299.8,30830.04,6155,6533.511,3575.07,5072.861,0.19,14.139,42004,78.28%,76.84%,280,289
2025/6/21,22:45,29798.4,30413.31,5797,6086.917,3729.84,5064.66,0.17,14.274,42004,75.86%,74.81%,270,282
2025/6/21,23:00,29402.5,29942.4,5435,6504.649,3715.56,5021.172,0.15,14.223,42004,74.09%,74.78%,268,272
2025/6/21,23:15,29085.8,29798.1,5130,6285.051,3711.07,5036.693,0.13,13.507,42004,72.62%,73.88%,265,272
2025/6/21,23:30,28742.8,29540.5,5130,6175.691,3651.99,4973.97,0.11,13.503,42004,71.95%,73.16%,265,270
2025/6/21,23:45,28320.5,28845.18,5130,5789.196,3580.71,4917.359,0.1,13.514,42004,71.11%,70.72%,264,270
2025/6/21,24:00,28162.2,28640.9,5130,5223.021,3652.61,4811.595,0,13.547,42004,70.56%,69.13%,260,270
2025/6/22,00:15,29713.6,29642.1,5475,5982.958,4756.16,4680.082,0.03,13.496,41590,73.17%,74.37%,270,295
2025/6/22,00:30,29531.8,29426.93,5474,5861.755,4686.03,4595.805,0.06,13.474,41590,72.90%,73.77%,270,299.37
2025/6/22,00:45,29077.8,29239.64,5474,5811.659,4627.84,4446.425,0.09,13.51,41590,71.95%,73.55%,270,280
2025/6/22,01:00,28839.8,28771.69,5474,5873.846,4592.73,4314.881,0.13,13.498,41590,71.46%,72.90%,269,282
2025/6/22,01:15,28464.7,28454.97,5474,6095.424,4511.63,4157.866,10.16,12.486,41590,70.73%,73.05%,272,282
2025/6/22,01:30,28177.9,28703.45,5462,5349.164,4411.41,3964.474,10.19,12.527,41590,70.25%,72.31%,270,282
2025/6/22,01:45,28023.4,28250,5451,5424.776,4335.33,3838.26,10.22,12.57,41590,70.04%,71.71%,270,278
2025/6/22,02:00,27935.2,28213.25,5440,5515.476,4209.2,3656.902,25.25,12.508,41590,70.07%,72.28%,275,280
2025/6/22,02:15,27716.8,27986.45,5426,5079.526,4074.93,3422.639,25.28,12.538,41590,69.83%,71.25%,270,279
2025/6/22,02:30,27521.8,27942.96,5447,5101.369,3944.76,3198.894,25.31,12.543,41590,69.73%,71.73%,270,280
2025/6/22,02:45,27370.8,27577.92,5469,5437.782,3817.29,2978.582,25.34,12.544,41590,69.72%,72.19%,270,271
2025/6/22,03:00,27241.8,27330.41,5491,5410.053,3652.47,2796.016,25.37,12.545,41590,69.86%,71.97%,270,280
2025/6/22,03:15,27154.8,27074.96,5514,5624.833,3527.14,2680.611,25.4,12.502,41590,70.01%,72.15%,270,275
2025/6/22,03:30,27089.8,27453.17,5514,5360.015,3395.47,2574.609,25.43,12.576,41590,70.17%,72.68%,270,280
2025/6/22,03:45,26852.8,27116.81,5514,5538.441,3272.29,2597.382,25.45,12.112,41590,69.89%,72.24%,270,278
2025/6/22,04:00,26700.8,27224.17,5514,5347.664,3160.77,2520.641,25.48,12.495,41590,69.80%,72.23%,280,275
2025/6/22,04:15,26636.8,27313.95,5514,5334.271,3016.97,2435.81,25.51,12.472,41590,69.99%,72.61%,272,278
2025/6/22,04:30,26571.8,26886.68,5508,5457.553,2898.48,2356.241,25.54,12.5,41590,70.10%,72.07%,272,280
2025/6/22,04:45,26549.8,26785.74,5502,5646.64,2779.86,2257.242,26,12.503,41590,70.32%,72.52%,272,270
2025/6/22,05:00,26722.8,26953.57,5496,5444.128,2669.06,2136.487,30.15,13.412,41590,70.98%,72.73%,270,284
2025/6/22,05:15,26873.8,26951.65,5503,5499.488,2567.83,2089.097,84.99,60.453,41590,71.47%,72.86%,272,280
2025/6/22,05:30,27003.8,27098.56,5498,5564.513,2486.69,2036.351,209.87,270.041,41590,71.66%,72.99%,275,282
2025/6/22,05:45,27025.8,27275.04,5494,5250.994,2406.96,1996.17,451.33,615.871,41590,71.32%,71.93%,272,282
2025/6/22,06:00,27133.8,27394.12,5490,5386.119,2318.44,1981.666,842.25,1008.53,41590,70.84%,71.63%,270,272
2025/6/22,06:15,27305.8,27364.96,5493,5417.415,2242.13,1989.831,1385.16,1463.596,41590,70.14%,70.52%,270,278
2025/6/22,06:30,27370.8,27296.35,5631,5567.245,2186.9,1977.287,2082.67,2016.026,41590,69.08%,69.42%,270,270
2025/6/22,06:45,26916.8,27168.22,5771,5559.382,2144.23,1969.581,2922.94,2740.276,41590,66.41%,67.37%,265,266.1
2025/6/22,07:00,26636.8,26315.2,5910,6000.452,2091.73,1898.333,3871.82,3653.932,41590,63.92%,64.35%,260,265
2025/6/22,07:15,26311.8,25917.43,6121,5999.337,1539.99,1798.681,4931.54,4762.496,41590,62.42%,60.97%,250,250
2025/6/22,07:30,25663.8,25006.12,6623,6721.752,1429.76,1687.906,6088.29,6001.154,41590,59.55%,57.80%,240,240
2025/6/22,07:45,25318.8,24825.75,7174,7203.749,1355.76,1613.606,7311.47,7296.795,41590,57.29%,55.59%,235,250
2025/6/22,08:00,25231.8,24270.61,7709,7797.4,1267.86,1522.479,8683.36,8719.255,41590,55.28%,52.48%,230,226
2025/6/22,08:15,25166.8,23963.82,8297,8292.814,1142.89,1444.363,10069.38,10105.331,41590,53.50%,49.79%,215,241
2025/6/22,08:30,24821.8,23670.64,8549,8617.216,1099.9,1443.554,11420.89,11601.326,41590,50.13%,46.27%,200,250
2025/6/22,08:45,24907.8,23822.3,8808,8969.901,1047.54,1482.308,12664.81,12910.611,41590,48.10%,44.24%,28.66,23.15
2025/6/22,09:00,24842.8,23559.25,9064,9140.824,985.01,1522.734,13853.56,14126.969,41590,45.85%,41.00%,29.62,182.83
2025/6/22,09:15,24821.8,23065.89,9290,9909.118,956.26,1512.075,14887.35,15334.114,41590,43.92%,38.78%,29.25,192.24
2025/6/22,09:30,24799.8,23234.27,9289,10144.91,953.25,1543.706,15892.39,15369.231,41590,41.46%,39.59%,28.54,29.16
2025/6/22,09:45,24734.8,23206.34,9289,10483.33,942.22,1544.021,16805.26,15529.87,41590,39.14%,39.95%,28.98,29.08
2025/6/22,10:00,24734.8,23119.8,9289,9657.006,925.77,1586.823,17604.95,15107.689,41590,37.25%,38.67%,29.1,29.85
2025/6/22,10:15,24691.8,23220.98,9291,9223.443,942.5,1623.847,18335.24,15196.128,41590,35.36%,37.57%,29.08,30.36
2025/6/22,10:30,24799.8,23182.76,9028,9225.82,969.41,1599.127,18967.16,14924.614,41590,33.40%,38.19%,28.88,30.15
2025/6/22,10:45,25382.8,23266.92,8772,9342.117,1005.11,1629.578,19485.15,14957.25,41590,32.86%,38.52%,28.42,29.74
2025/6/22,11:00,25879.8,23526.84,8516,8918.343,1041.3,1372.2,19908.48,15203.797,41590,32.33%,38.16%,0,0
2025/6/22,11:15,25879.8,24843.59,8203,8659.058,1095.8,1406.077,20238.04,15750.075,41590,30.65%,39.30%,28.09,29.41
2025/6/22,11:30,25771.8,24763.24,8052,8566.983,1165.23,1528.866,20490.55,15716.509,41590,29.26%,38.67%,28.29,29.62
2025/6/22,11:45,25598.8,25031.65,7901,8703.475,1241.6,1429.702,20676.47,15983.711,41590,27.85%,39.24%,28.26,29.5
2025/6/22,12:00,25361.8,24702.05,7749,7930.896,1321.99,1317.546,20755.68,15545.794,41590,26.53%,37.92%,28.37,29.44
2025/6/22,12:15,25123.8,24182.4,7636,7593.612,1414.16,988.389,20776.55,15273.535,41590,25.41%,37.30%,29.89,31.3
2025/6/22,12:30,24972.8,23958.97,7868,7900.092,1508.63,850.152,20792.6,15097.402,41590,25.34%,38.26%,29.86,31.34
2025/6/22,12:45,24842.8,23969.37,8100,7987.541,1614.98,856.396,20703.06,14866.566,41590,25.55%,39.03%,29.96,31.29
2025/6/22,13:00,24777.8,23693.89,8332,8297.05,1721.22,876.293,20530.77,14767.433,41590,26.11%,39.31%,30.21,31.22
2025/6/22,13:15,24756.8,23736.41,8569,9123.291,1814.17,857.331,20301.45,15235.371,41590,26.95%,40.31%,30.74,31.34
2025/6/22,13:30,24821.8,23316.12,8567,9080.536,1926.96,1045.214,19985.58,15144.055,41590,27.59%,38.97%,31.01,31.28
2025/6/22,13:45,24993.8,23225.45,8567,9215.41,2038.12,1014.551,19591.17,15402.957,41590,28.69%,38.53%,31.13,31.29
2025/6/22,14:00,25274.8,23317.09,8567,10661.84,2152.35,978.408,19119.73,16276.545,41590,30.22%,40.21%,31.14,31.29
2025/6/22,14:15,25771.8,23572.84,8575,11065.12,2257.05,911.028,18595.37,16470.785,41590,32.45%,41.49%,30.32,30.87
2025/6/22,14:30,26225.8,23745.34,8571,11838.24,2343.46,898.864,17998.86,16848.255,41590,34.75%,42.89%,190,30.96
2025/6/22,14:45,26679.8,24319.2,8571,12004.55,2429.61,906.903,17313.48,16778.364,41590,37.29%,44.81%,200,30.31
2025/6/22,15:00,27025.8,24436.67,8571,11139.18,2526.75,942.095,16599.08,16530.755,41590,39.60%,43.53%,192.29,200
2025/6/22,15:15,27435.8,24965.73,8582,9941.867,2622.8,969.571,15795.31,15715.131,41590,42.32%,43.82%,200,200
2025/6/22,15:30,27824.8,25269.8,8514,9183.229,2708.11,904.989,14938.6,14829.678,41590,44.94%,45.01%,200,220
2025/6/22,15:45,28105.8,25561.31,8447,8600.34,2797.4,1016.189,14009.7,13786.574,41590,47.48%,46.55%,220,215
2025/6/22,16:00,28321.8,26194.37,8380,8464.645,2907.86,1102.497,13058.85,12709.787,41590,49.86%,50.12%,239,227
2025/6/22,16:15,28580.8,26611.08,8299,8660.14,3011.18,1215.011,11997.05,11790.255,41590,52.59%,53.54%,235,233
2025/6/22,16:30,28991.8,27405.55,7892,8388.539,3117.91,1316.594,10910.02,10707.253,41590,54.96%,57.15%,240,245
2025/6/22,16:45,29358.8,28017.95,7515,7988.214,3366.44,1524.165,9742.96,9594.701,41590,57.14%,59.84%,250,250
2025/6/22,17:00,29769.8,28559.27,7124,7661.977,3481.26,1647.244,8594.37,8325.175,41590,59.67%,63.11%,250,250
2025/6/22,17:15,30093.8,29080.04,6816,7158.052,3700.22,1849.058,7405.62,6967.094,41590,62.04%,65.93%,260,260
2025/6/22,17:30,30309.8,29771.34,6932,6911.339,3822.42,2100.146,6242.38,5884.812,41590,65.35%,69.00%,269,265
2025/6/22,17:45,30417.8,30273.33,7056,7163.022,4302.4,2332.179,5149.48,4896.179,41590,67.38%,72.63%,270,278
2025/6/22,18:00,30503.8,30733.52,7177,7141.113,4445.91,2653.45,4109.61,3898.357,41590,70.03%,75.31%,282,285
2025/6/22,18:15,30633.8,31191.16,7256,7140.058,4598.43,2869.063,3176.22,2993.816,41590,72.41%,78.07%,329,279
2025/6/22,18:30,30849.8,31299.51,7255,7297.241,4729.12,3123.957,2365.92,2259.503,41590,74.56%,79.86%,331,289
2025/6/22,18:45,31043.8,31486.96,7255,7329.229,4236.11,3391.331,1667.86,1658.968,41590,77.89%,81.19%,329,299.36
2025/6/22,19:00,31303.8,31571.61,7254,7406.443,4362.2,3648.988,1108.1,1198.658,41590,79.56%,82.06%,320,290
2025/6/22,19:15,31627.8,32009.66,7254,7102.515,4508.57,3979.893,656.95,758.653,41590,81.07%,82.65%,320,308.19
2025/6/22,19:30,31929.8,31723.89,7223,7374.284,4667.04,4388.723,338.44,365.727,41590,82.10%,82.58%,318,308.19
2025/6/22,19:45,32145.8,32425.8,7192,7252.914,4836.27,4716.947,128.66,79.917,41590,82.65%,83.87%,320,318.02
2025/6/22,20:00,32275.8,32250.87,7161,7272.5,5066.24,5018.252,8.45,12.067,41590,82.62%,82.94%,310,310.16
2025/6/22,20:15,32426.8,32722.35,7130,7168.601,5177.7,5390.993,1.55,7.068,41590,82.66%,82.94%,310,310.16
2025/6/22,20:30,32599.8,32777.21,7107,7079.146,5314.61,5644.108,1.3,3.985,41590,82.69%,82.25%,305,310.16
2025/6/22,20:45,32577.8,32674.27,7085,7054.315,5399.67,5708.816,1.02,4.145,41590,82.38%,81.79%,300,309.17
2025/6/22,21:00,32281.7,32421.66,7063,7126.149,5475.21,5815.22,0.48,4.314,41590,81.44%,81.10%,305,309.17
2025/6/22,21:15,32127.3,32353.05,6982,6990.709,5536.08,5888.811,0.45,4.338,41590,80.72%,80.43%,290,308.19
2025/6/22,21:30,31928.7,31891.66,6868,6962.981,5555.34,5859.029,0.43,4.374,41590,79.93%,79.32%,282,300.33
2025/6/22,21:45,31686,31662.87,6755,6802.728,5568.18,6058.503,0.4,4.407,41590,79.04%,77.91%,278,290
2025/6/22,22:00,31333,31254.58,6640,6791.437,5587.47,6294.024,0.37,5.072,41590,77.87%,76.33%,270,290
2025/6/22,22:15,30935.8,31053.61,6523,6845.584,6334.09,6339.561,0.34,5.084,41590,74.84%,75.87%,268,293.46
2025/6/22,22:30,30494.6,30561.43,6155,6201.109,6335,6249.004,0.31,5.093,41590,72.89%,73.36%,265,280
2025/6/22,22:45,30097.4,30169.5,5797,5850.521,6349.56,6217.012,0.28,5.114,41590,71.04%,71.65%,260,272
2025/6/22,23:00,29876.8,29695.56,5435,5440.012,6309.08,6336.446,0.25,5.055,41590,69.73%,69.23%,250,270
2025/6/22,23:15,29479.6,29955.09,5130,5017.884,6315.28,6410.332,10.22,5.107,41590,68.01%,68.66%,250,265
2025/6/22,23:30,29082.5,29233.72,5130,5165.397,6249.72,6582.826,10.19,5.09,41590,67.21%,66.87%,260,265.55
2025/6/22,23:45,28707.4,28918.1,5130,5087.389,6176.12,6518.817,10.16,5.082,41590,66.49%,66.08%,260,265
2025/6/22,24:00,28530.9,28505.77,5130,4955.079,6077.71,6435.087,0,4.297,41590,66.32%,64.97%,251,266.1
2025/6/23,00:15,29495,29373.69,5475,5315.25,6312.6,6371.335,0.05,4.354,41290,69.41%,68.57%,263,270
2025/6/23,00:30,29393,29383.31,5474,5448.694,6236.27,6224.125,0.1,4.373,41290,69.34%,69.27%,260,270
2025/6/23,00:45,29145,29019.69,5474,5395.762,6156.96,6041.131,0.15,4.345,41290,68.93%,68.71%,259,271
2025/6/23,01:00,28892,28716.43,5474,5384.102,6168.11,5777.513,0.2,4.337,41290,68.29%,68.58%,260,270
2025/6/23,01:15,28694,28750.21,5474,5130.581,6055.33,5535.703,0.25,4.315,41290,68.09%,68.64%,255,270
2025/6/23,01:30,28492,28034.89,5462,5754.402,5937.45,5281.571,25.29,4.314,41290,67.79%,69.03%,260,270
2025/6/23,01:45,28275,27783.39,5451,5814.235,5800.38,5033.848,25.34,4.342,41290,67.57%,69.17%,260,270
2025/6/23,02:00,28084,27669.78,5440,5857.072,5652.29,4794.258,25.39,4.321,41290,67.44%,69.58%,265,265
2025/6/23,02:15,27936,27736.14,5426,5818.762,5485.65,4509.88,25.44,4.398,41290,67.45%,70.33%,265,270
2025/6/23,02:30,27794,27678.45,5447,5692.897,5314.98,4213.505,25.48,4.372,41290,67.57%,70.61%,265,265
2025/6/23,02:45,27649,27532.38,5469,5876.477,5140.41,4038.898,25.53,4.352,41290,67.70%,71.12%,265,270
2025/6/23,03:00,27540,27520.06,5491,5697.271,4959.71,3851.944,25.58,4.344,41290,67.92%,71.11%,265,265
2025/6/23,03:15,27472,27169.12,5514,6003.174,4779.41,3756.198,25.62,4.343,41290,68.25%,71.23%,265,270
2025/6/23,03:30,27419,27070.62,5514,5815.597,4590.45,3575.979,25.67,4.37,41290,68.58%,70.98%,265,265.55
2025/6/23,03:45,27341,26949.27,5514,5791.437,4398.75,3560.994,25.71,4.347,41290,68.86%,70.66%,260,270
2025/6/23,04:00,27227,27112.75,5514,5725.083,4212.47,3468.271,25.76,4.315,41290,69.03%,71.12%,264,270
2025/6/23,04:15,27110,26910.88,5514,5839.793,4035.97,3350.793,25.79,3.4,41290,69.17%,71.20%,265,275
2025/6/23,04:30,27025,26959.99,5508,5963.772,3864.66,3112.552,25.84,3.353,41290,69.37%,72.19%,270,272
2025/6/23,04:45,26982,26974.27,5502,5775.633,3700.48,2863.352,26,3.354,41290,69.65%,72.37%,270,272
2025/6/23,05:00,26999,26991.12,5496,5910.336,3532.47,2548.498,31.04,3.578,41290,70.07%,73.50%,270,278
2025/6/23,05:15,27101,27151.4,5503,6038.051,3381.21,2389.266,75.78,55.573,41290,70.59%,74.46%,270,280
2025/6/23,05:30,27270,27427.42,5498,5857.852,3256.27,2233.806,179.43,236.451,41290,71.04%,74.63%,270,280
2025/6/23,05:45,27448,27529.52,5494,5948.477,3143.04,2064.16,399.35,524.797,41290,71.20%,74.81%,270,280
2025/6/23,06:00,27603,27684.66,5490,5925.127,3029.6,1894.793,738.98,902.494,41290,71.02%,74.62%,272,278
2025/6/23,06:15,27696,27809.07,5493,5526.939,2923.02,1738.536,1215.28,1325.308,41290,70.36%,73.32%,270,275
2025/6/23,06:30,27565,27708.11,5631,5581.162,2826.73,1655.718,1816.99,1843.376,41290,69.15%,72.15%,265,271
2025/6/23,06:45,27170,27379.85,5771,5777.268,2794.94,1541.281,2540.06,2480.278,41290,66.86%,70.56%,265,270
2025/6/23,07:00,26668,26801.33,5910,5993.891,2710.11,1429.871,3335.5,3254.701,41290,64.26%,68.08%,263,265
2025/6/23,07:15,26097,26740.37,6121,6140.104,1987.93,1278.984,4197.26,4155.103,41290,63.05%,66.47%,255,250
2025/6/23,07:30,25455,26263.97,6623,6687.743,1743.81,1137.133,5142.25,5148.797,41290,61.01%,64.58%,250,251
2025/6/23,07:45,24771,25774.48,7174,7366.738,1636.39,1038.728,6130.58,6194.203,41290,58.56%,62.75%,250,249
2025/6/23,08:00,24156,25646.87,7709,7783.776,1457.14,910.665,7203.86,7179.238,41290,56.20%,61.37%,250,240
2025/6/23,08:15,23743,25719.76,8297,8421.58,1338.32,819.28,8316.62,8272.051,41290,54.21%,60.67%,240,240
2025/6/23,08:30,23506,25673.11,8549,8801.169,1311.32,805.385,9416.02,9373.872,41290,51.65%,58.84%,245,220
2025/6/23,08:45,23348,25844.94,8808,8883.352,1294.35,792.942,10434.34,10547.021,41290,49.47%,56.64%,239,220
2025/6/23,09:00,23181,25489.45,9064,9249.597,1246.77,793.124,11415.64,11569.496,41290,47.43%,54.19%,220,200
2025/6/23,09:15,22992,25533.77,9290,9304.026,1239.43,885.246,12268,12848.079,41290,45.47%,51.11%,220,191.4
2025/6/23,09:30,22820,25260.63,9289,9191.006,1268.37,999.596,13114.58,13711.904,41290,42.93%,47.81%,200,191.4
2025/6/23,09:45,22688,25131.7,9289,9451.015,1312.8,1162.512,13882.31,14536.106,41290,40.64%,45.74%,33.81,29.25
2025/6/23,10:00,22586,24945.94,9289,9380.029,1341.51,1323.91,14552.48,15225.336,41290,38.70%,43.05%,29.39,30.19
2025/6/23,10:15,22540,25366.26,9291,10205.37,1407.29,1533.253,15151.89,15730.17,41290,36.99%,44.34%,29.15,30.36
2025/6/23,10:30,22640,25287.31,9028,10414.65,1465.39,1692.409,15684.27,16551.699,41290,35.16%,42.28%,28.76,30.49
2025/6/23,10:45,22937,25104.74,8772,10434.02,1538.19,1851.072,16125.14,17345.924,41290,34.02%,39.58%,28.5,30.4
2025/6/23,11:00,23362,25531.74,8516,10929.04,1603.41,1973.078,16512.2,17391.86,41290,33.33%,41.40%,28.98,30.24
2025/6/23,11:15,23754,26623.25,8203,10813.95,1691.77,1920.173,16818.96,17530.808,41290,32.57%,43.56%,28.65,30.07
2025/6/23,11:30,23917,26667.77,8052,11037.55,1777.1,1931.891,17053.59,17495.941,41290,31.82%,44.27%,197.92,30.17
2025/6/23,11:45,23765,26728.69,7901,11342.89,1869.73,1941.01,17205.68,17713.663,41290,30.49%,44.60%,195.82,30.21
2025/6/23,12:00,23459,26284.43,7749,11182.15,1955.39,1898.733,17322.67,17801.435,41290,28.89%,43.03%,28.32,30.15
2025/6/23,12:15,23220,26204.25,7636,12228.11,2039.31,1842.811,17343.63,18250.388,41290,27.79%,44.42%,230,32.02
2025/6/23,12:30,23084,25738.89,7868,12311.83,2124.3,1883.851,17279.33,18057.232,41290,27.97%,43.86%,200,32.02
2025/6/23,12:45,22955,25449.64,8100,12386.41,2210.17,1769.473,17132.74,17879.462,41290,28.37%,44.05%,178.05,31.98
2025/6/23,13:00,22816,25012.89,8332,12462.98,2291.58,1644.916,16941.16,17607.068,41290,28.86%,44.14%,199.58,31.98
2025/6/23,13:15,22770,24462.34,8569,12126.8,2373.33,1638.471,16680.4,17564.93,41290,29.75%,42.11%,174.43,32.08
2025/6/23,13:30,22855,24581.34,8567,11887.82,2462.83,1654.375,16330.67,17124.532,41290,30.58%,42.84%,195.56,32.08
2025/6/23,13:45,23031,24194.45,8567,11377.92,2524.77,1720.968,15886.26,16521.548,41290,31.94%,41.97%,114.99,32.18
2025/6/23,14:00,23249,24479.27,8567,10837.42,2594.37,1923.619,15414.82,16644.692,41290,33.44%,40.56%,191.48,32.05
2025/6/23,14:15,23477,24385.06,8575,9746.22,2677.4,2026.725,14897.92,16200.172,41290,35.06%,38.52%,31.06,31.5
2025/6/23,14:30,23737,24645.1,8571,9321.371,2751.75,2118.698,14392.63,15667.707,41290,36.72%,39.19%,30.32,115.05
2025/6/23,14:45,24040,25376.64,8571,9121.556,2841.81,2233.755,13783.54,15433.162,41290,38.72%,40.76%,115,191.49
2025/6/23,15:00,24377,25326.59,8571,8897.167,2943.96,2381.675,13163.98,14878.927,41290,40.78%,41.08%,197.7,190
2025/6/23,15:15,24789,25675.3,8582,8594.031,3037.97,2552.898,12577.27,14150.775,41290,43.00%,42.54%,197.66,210
2025/6/23,15:30,25273,25811.28,8514,8588.574,3124.1,2714.9,11933.2,13568.639,41290,45.36%,43.88%,197.7,220
2025/6/23,15:45,25696,26342.86,8447,8395.976,3209.25,2904.667,11280.41,12785.356,41290,47.60%,46.13%,207.03,230
2025/6/23,16:00,26040,26848.35,8380,8418.311,3325.04,2979.588,10565.81,11900.071,41290,49.72%,49.38%,230,230.08
2025/6/23,16:15,26483,27620.17,8299,8244.756,3473.9,3072.215,9785.23,11110.581,41290,52.13%,52.51%,230,233
2025/6/23,16:30,27110,28064.63,7892,8191.108,3573.73,3285.154,8951.33,10090.056,41290,54.44%,55.41%,240,245
2025/6/23,16:45,27800,28746.21,7515,7576.658,3678.39,3430.553,8118.66,8960.406,41290,56.96%,57.96%,250,250
2025/6/23,17:00,28451,29190.51,7124,7317.748,3798.69,3485.791,7293.42,8028.894,41290,59.29%,60.53%,242,250
2025/6/23,17:15,29089,29513.05,6816,6872.086,4098.11,3568.275,6400.94,6950.488,41290,61.53%,62.65%,250,260
2025/6/23,17:30,29763,30058.01,6932,6878.842,4267.36,3660.821,5516.13,5849.152,41290,65.18%,66.42%,255,265
2025/6/23,17:45,30419,30461.67,7056,6988.799,4364.11,3631.406,4606.24,4799.294,41290,69.04%,70.28%,265,275
2025/6/23,18:00,30921,30925.25,7177,7240.642,4497.61,3768.019,3748.57,3873.102,41290,72.30%,73.93%,275,280
2025/6/23,18:15,31317,31333.55,7256,7307.313,4639.58,3905.466,2928.5,3104.11,41290,75.09%,76.61%,293,285
2025/6/23,18:30,31749,31584.44,7255,7287.747,4776.88,4078.547,2206.7,2441.886,41290,77.55%,78.35%,310,290
2025/6/23,18:45,32150,31577.61,7255,7247.862,4915.15,4163.648,1603.44,1838.608,41290,79.65%,79.49%,309,300.26
2025/6/23,19:00,32447,31861.33,7254,7178.384,5031.82,4284.695,1061.73,1304.292,41290,81.39%,81.01%,290,300.26
2025/6/23,19:15,32595,31811.84,7254,7324.496,5180.85,4469.505,624.24,818.186,41290,82.45%,81.98%,295,295.35
2025/6/23,19:30,32611,31863.31,7223,7264.748,5325.21,4579.407,322.03,380.919,41290,82.80%,82.75%,300,305.17
2025/6/23,19:45,32733,31846.96,7192,7416.492,5465.93,4845.744,129.28,57.352,41290,83.14%,83.22%,300,310.09
2025/6/23,20:00,33026,32350.24,7161,7296.751,5658.91,5146.327,8.18,6.376,41290,83.60%,83.54%,300,310.09
2025/6/23,20:15,33308,32718.7,7130,7246.503,5740.1,5307.259,1.79,5.675,41290,84.03%,83.92%,308,312.05
2025/6/23,20:30,33464,32656.88,7107,7281.062,5795.19,5495.027,1.57,3.135,41290,84.22%,83.41%,312,310.09
2025/6/23,20:45,33428,32629.59,7085,7207.842,5844.25,5665.53,1.29,2.593,41290,83.96%,82.75%,310,310.09
2025/6/23,21:00,33245,32597.31,7063,7280.988,5906.6,5703.761,0.76,2.663,41290,83.31%,82.76%,300,310.09
2025/6/23,21:15,33041,32368.19,6982,7126.573,5911.46,5846.918,0.71,4.014,41290,82.61%,81.48%,290,305.17
2025/6/23,21:30,32840,32123.94,6868,7030.719,5892.23,5873.462,0.67,3.693,41290,81.90%,80.59%,296,305.17
2025/6/23,21:45,32605,31789.96,6755,7013.918,5886.31,5890.291,0.62,3.637,41290,81.07%,79.70%,285,305.17
2025/6/23,22:00,32319,31584.28,6640,6792.6,5879.79,5821.051,0.58,3.655,41290,80.11%,78.84%,282,305.17
2025/6/23,22:15,32018,31324.82,6523,6644.277,6593.33,5807.545,10.53,3.621,41290,77.35%,77.88%,280,300.26
2025/6/23,22:30,31721,30662.28,6155,6210.388,6595.89,5831.156,10.48,5.043,41290,75.73%,75.17%,275,295.35
2025/6/23,22:45,31379,30112.62,5797,5907.029,6572.07,5827.335,10.44,4.698,41290,74.09%,73.11%,270,291.42
2025/6/23,23:00,30998,29897.58,5435,5276.549,6512.51,5763.596,10.39,4.497,41290,72.44%,71.22%,265,282
2025/6/23,23:15,30616,29729.3,5130,5092.61,6569.05,5701.19,10.34,3.724,41290,70.64%,70.52%,265,278
2025/6/23,23:30,30219.7,29353.62,5130,5261.782,6490.6,5462.423,10.29,3.767,41290,69.87%,70.60%,270,272
2025/6/23,23:45,29783,28966.4,5130,5175.986,6391.97,5193.463,10.25,3.764,41290,69.05%,70.10%,265,272
2025/6/23,24:00,29361,28744.12,5130,5156.626,6185.64,4864.667,0,3.711,41290,68.55%,70.31%,265,272
2025/6/24,00:15,29694.5,30128.99,5475,5721.794,4207.19,4606.223,0,4.082,40990,75.54%,76.21%,280,300.36
2025/6/24,00:30,29585.3,30011.65,5474,5766.434,4050.6,4367.346,0,3.739,40990,75.65%,76.62%,282,300.36
2025/6/24,00:45,29394.2,29546.41,5474,5762.948,3906.98,4129.111,0,3.752,40990,75.53%,76.06%,285,300.36
2025/6/24,01:00,29203.1,29095.19,5474,5806.625,3749.13,3843.011,0,4.045,40990,75.45%,75.76%,282,293
2025/6/24,01:15,28848.3,28853.98,5474,5686.958,3636.07,3538.035,0,4.084,40990,74.86%,75.63%,280,291.53
2025/6/24,01:30,28684.5,28658,5462,5505.991,3533.23,3320.627,0,3.78,40990,74.68%,75.24%,279,289
2025/6/24,01:45,28411.5,28250.59,5451,5644.162,3408.99,3110.385,15,3.674,40990,74.26%,75.09%,275,291.54
2025/6/24,02:00,28029.3,28321.26,5440,5551.718,3279.82,2892.783,15,3.691,40990,73.61%,75.57%,280,285
2025/6/24,02:15,27783.7,28399.17,5426,5448.439,3148.51,2652.698,15,3.663,40990,73.30%,76.09%,280,285
2025/6/24,02:30,27538,27873.87,5447,5539.797,3020.25,2418.641,15,3.65,40990,73.07%,75.61%,280,285
2025/6/24,02:45,27346.9,27722.4,5469,5557.554,2891.68,2208.564,15,3.669,40990,72.97%,75.79%,285,285
2025/6/24,03:00,27319.6,27670.12,5491,5374.196,2766.82,2029.769,15,3.651,40990,73.26%,75.65%,280,282
2025/6/24,03:15,27265,27422.29,5514,5582.218,2625.94,1874.701,35,3.734,40990,73.48%,75.94%,280,285
2025/6/24,03:30,27155.8,27139.48,5514,5653.956,2517.37,1739.624,35,4.019,40990,73.48%,75.75%,285,285
2025/6/24,03:45,27128.6,27073.31,5514,5479.497,2415.29,1588.898,35,4.039,40990,73.66%,75.53%,280,285
2025/6/24,04:00,27128.6,27073.08,5514,5553.882,2318.76,1503.194,35,3.644,40990,73.89%,75.92%,280,290
2025/6/24,04:15,27101.3,27014.6,5514,5524.298,2235.73,1472.441,35,3.672,40990,74.03%,75.78%,280,289
2025/6/24,04:30,27101.3,26922.74,5508,5651.033,2163.07,1453.47,35.01,3.689,40990,74.19%,75.91%,285,289
2025/6/24,04:45,27183.1,27212.79,5502,5524.246,2070.6,1460.175,35.16,3.755,40990,74.60%,76.29%,285,289
2025/6/24,05:00,27346.9,27109.35,5496,5612.207,1994.1,1443.549,39.63,4.959,40990,75.16%,76.29%,285,298.41
2025/6/24,05:15,27510.7,27165.82,5503,5795.598,1927.03,1451.708,89.24,47.878,40990,75.62%,76.75%,289,298.41
2025/6/24,05:30,27756.4,27400.8,5498,5697.846,1881.9,1416.857,205.53,241.246,40990,76.04%,76.70%,282,300.37
2025/6/24,05:45,27920.2,27769.52,5494,5474.726,1847.97,1387.789,454.32,615.092,40990,75.90%,76.22%,280,290
2025/6/24,06:00,28029.3,27559.62,5490,5798.228,1813.16,1353.538,851.89,1053.015,40990,75.27%,75.51%,275,290
2025/6/24,06:15,28056.7,27811.71,5493,5603.906,1791.34,1311.723,1420.87,1560.065,40990,74.01%,74.52%,280,285
2025/6/24,06:30,27838.3,27694.44,5631,5620.433,1764.02,1274.844,2129.08,2156.582,40990,72.15%,72.90%,275,285
2025/6/24,06:45,27374.2,27559.15,5771,5760.42,1749.56,1234.633,3001,2903.559,40990,69.27%,71.19%,270,275
2025/6/24,07:00,26746.4,26865.34,5910,6017.262,1798.58,1189.687,3980.01,3825.553,40990,65.57%,67.99%,265,267
2025/6/24,07:15,26446.1,26513.13,6121,6089.446,1310.2,1115.391,5057.66,4842.838,40990,63.92%,65.00%,260,265
2025/6/24,07:30,26118.6,25802.93,6623,6607.308,1200.62,1026.138,6239.39,6104.562,40990,61.73%,61.67%,250,265
2025/6/24,07:45,25545.3,25042.96,7174,7218.2,1171.43,899.73,7491.24,7330.541,40990,58.69%,58.63%,240,248
2025/6/24,08:00,24890.2,24628.81,7709,7943.248,1072.99,882.509,8863.23,8545.724,40990,55.29%,56.46%,230,230
2025/6/24,08:15,24398.8,24475.48,8297,8907.906,1035.43,884.32,10257.29,9937.463,40990,52.22%,55.04%,230,240
2025/6/24,08:30,24125.9,24319.4,8549,9195.403,1042.57,938.979,11619.35,11327.734,40990,48.82%,51.84%,220,219
2025/6/24,08:45,24044,24478.49,8808,9173.799,1068.43,1032.231,12892.88,12717.322,40990,46.09%,48.56%,200,200
2025/6/24,09:00,23880.2,23974.98,9064,10235.08,1069.58,1159.487,14112.73,14048.463,40990,43.33%,46.36%,34.66,29.12
2025/6/24,09:15,23716.4,24247.81,9290,11221.16,1121.87,1340.067,15122.58,15211.562,40990,40.89%,46.15%,199.69,29.54
2025/6/24,09:30,23525.3,23760.47,9289,12288.08,1205.82,1551.609,16144.92,16251.655,40990,37.73%,44.51%,82.96,29.02
2025/6/24,09:45,23443.4,23894.4,9289,13358.39,1308.52,1794.814,17065.08,17100.227,40990,35.03%,44.79%,94.96,28.64
2025/6/24,10:00,23388.8,23676.86,9289,13707.61,1403.07,2057.471,17895.36,17988.662,40990,32.64%,42.30%,100.48,28.73
2025/6/24,10:15,23388.8,24138.3,9291,13541.14,1537.8,2301.701,18635.77,17022.066,40990,30.51%,44.78%,106.1,29.26
2025/6/24,10:30,23388.8,24235.42,9028,13316.13,1668.36,2507.154,19276.1,17134.791,40990,27.99%,43.69%,102.97,29.38
2025/6/24,10:45,23552.6,24048.89,8772,12808.54,1818.76,2574.683,19789.37,16959.038,40990,26.14%,42.26%,44.57,28.1
2025/6/24,11:00,24098.6,24387.83,8516,12833.15,1953.88,2650.356,20208.4,16716.462,40990,25.50%,43.56%,89.07,0
2025/6/24,11:15,24644.5,25866.68,8203,12452.93,2107.95,2633.552,20530.88,17615.414,40990,24.91%,44.09%,93.59,27.33
2025/6/24,11:30,24781,25744.91,8052,12478.6,2259.34,2750.952,20752.99,18064.863,40990,23.96%,42.47%,83.86,0
2025/6/24,11:45,24617.2,25611.24,7901,12475.29,2413.94,2910.859,20909.31,17834.6,40990,22.43%,42.31%,81.79,0
2025/6/24,12:00,24262.3,24890.05,7749,12325.3,2571.66,3020.112,20956.18,18074.102,40990,20.70%,39.33%,84.86,24.25
2025/6/24,12:15,24016.7,24594.14,7636,11972.06,2719.46,3054.607,20979,18365.623,40990,19.41%,36.95%,0,0
2025/6/24,12:30,23661.8,24573.66,7868,12638.7,2862.05,3108.793,20985.74,18223.207,40990,18.74%,38.74%,77.6,29.02
2025/6/24,12:45,23334.3,24230.61,8100,12944.95,3004.3,3178.811,20846.46,18162.145,40990,18.50%,38.63%,28.19,29.82
2025/6/24,13:00,23061.3,23948.49,8332,13242.44,3141.3,3359.388,20631,18171.911,40990,18.59%,38.20%,85.26,29.81
2025/6/24,13:15,23006.7,23665.29,8569,13734.58,3259.43,3422.428,20312.03,17708.455,40990,19.53%,39.69%,95.91,29.91
2025/6/24,13:30,23006.7,23408.45,8567,13664.78,3388.19,3384.728,19944.44,17347.091,40990,20.11%,39.87%,93.7,29.8
2025/6/24,13:45,23006.7,23700.74,8567,13624.98,3481.13,3433.67,19485.26,17105.22,40990,21.00%,40.95%,96.63,29.81
2025/6/24,14:00,23061.3,23703.02,8567,13685.23,3592.31,3410.006,18908.97,16900.93,40990,22.27%,41.66%,96.73,29.86
2025/6/24,14:15,23252.3,23879.58,8575,13068.82,3684.46,3482.77,18310.93,16710.467,40990,23.99%,40.88%,87.27,25.81
2025/6/24,14:30,23525.3,24147.44,8571,13099.06,3773.58,3614.882,17627.97,16416.346,40990,26.09%,42.00%,88.99,0
2025/6/24,14:45,23880.2,24403.87,8571,13101.51,3845.75,3466.355,16848.73,16271.218,40990,28.68%,43.35%,91.09,0
2025/6/24,15:00,24453.4,24876.79,8571,12059.99,3931.08,3586.636,16062.5,16357.794,40990,31.79%,41.45%,87.13,0
2025/6/24,15:15,24999.4,25320.36,8582,10547.98,3984.99,3520.506,15219.52,15748.943,40990,35.07%,40.49%,24.47,25.55
2025/6/24,15:30,25627.2,25437.54,8514,9279.136,4023.9,3459.072,14331.78,14773.952,40990,38.51%,40.21%,25.23,185
2025/6/24,15:45,26118.6,26142.38,8447,8651.445,4070.24,3349.286,13405.42,13879.113,40990,41.69%,42.85%,197.11,180
2025/6/24,16:00,26418.8,26634.9,8380,8389.46,4188.02,3217.448,12491.95,13026.652,40990,44.20%,45.82%,197.25,220
2025/6/24,16:15,26691.8,27233.02,8299,8839.367,4451.61,3047.428,11425.09,11810.057,40990,46.63%,51.76%,218.35,205
2025/6/24,16:30,27265,28114.73,7892,8386.702,4492.11,3063.237,10323.47,10574.849,40990,49.63%,55.78%,251,235
2025/6/24,16:45,27729.1,28528.11,7515,8015.38,4539.76,3099.502,9215.31,9394.059,40990,52.43%,58.67%,247,235
2025/6/24,17:00,28384.2,29040.43,7124,8087.748,4601.98,3042.219,8141.34,8156.746,40990,55.54%,63.26%,250,243
2025/6/24,17:15,29093.9,29668.44,6816,6811.917,4910.38,2984.105,7031.27,6954.386,40990,58.47%,64.75%,260,260
2025/6/24,17:30,30131.2,30388.83,6932,6984.403,5001.91,2919.816,5936.72,5942.707,40990,63.73%,69.56%,282,260
2025/6/24,17:45,30404.2,30690.54,7056,7243.752,4967.99,2957.228,4899.98,4892.573,40990,67.31%,73.39%,285,271
2025/6/24,18:00,30841,31109.51,7177,7029.985,5040.4,2969.809,3912.54,4094.703,40990,70.91%,75.81%,285,289
2025/6/24,18:15,31340,31436.09,7256,7389.26,5091.99,2991.278,3012.76,3136.393,40990,74.39%,79.77%,308,285
2025/6/24,18:30,31649.7,31644.5,7255,7439.038,5185.74,3112.438,2245.93,2404.148,40990,76.78%,81.89%,318,289
2025/6/24,18:45,31818.6,31617.73,7255,7422.856,5361.36,3158.815,1627.75,1717.259,40990,78.27%,83.35%,328,290
2025/6/24,19:00,31931.2,32119.17,7254,7493.252,5553.14,3255.168,1105.88,1195.3,40990,79.35%,85.78%,335,310.17
2025/6/24,19:15,32100.1,32370.19,7254,7670.436,5645.51,3430.852,658.7,725.068,40990,80.63%,87.55%,345,309.19
2025/6/24,19:30,32437.8,32570.16,7223,7228.622,5748.34,3616.548,344.28,356.205,40990,81.89%,87.40%,350,300.34
2025/6/24,19:45,32691.2,32769.4,7192,7403.481,5842.91,3848.377,139.49,56.077,40990,82.71%,88.48%,350,315.07
2025/6/24,20:00,32944.5,33036.33,7161,7514.37,6017.4,3985.19,8.38,4.916,40990,83.14%,89.19%,365,318.02
2025/6/24,20:15,33113.4,33357.13,7130,7226.312,6077.86,4101.735,0.99,5.799,40990,83.35%,88.99%,369,320
2025/6/24,20:30,33085.3,33151.05,7107,7279.572,6108.75,4305.436,0.77,3.367,40990,83.15%,88.12%,365,305.24
2025/6/24,20:45,32860.1,32910.38,7085,7371.094,6154.82,4377.644,0.5,2.343,40990,82.43%,87.59%,360,320
2025/6/24,21:00,32606.8,33060.05,7063,7343.404,6185.42,4387.235,0,2.319,40990,81.69%,87.86%,345,305.25
2025/6/24,21:15,32381.6,32877.6,6982,7151.149,6296.77,4324.886,0,-7.308,40990,80.67%,87.12%,325,305.24
2025/6/24,21:30,32128.2,32727.17,6868,7018.453,6283.28,4404.39,0,-6.903,40990,79.81%,86.24%,328,300.33
2025/6/24,21:45,31874.9,32571.79,6755,6951.467,6266.42,4422.044,0,-7.285,40990,78.95%,85.65%,320,300.33
2025/6/24,22:00,31537.1,32334.49,6640,6729.056,6252.56,4379.799,0,-6.967,40990,77.88%,84.63%,310,300.34
2025/6/24,22:15,31255.6,31879.65,6523,6925.595,6767.1,4288.334,0,-6.304,40990,75.66%,84.22%,308,295.44
2025/6/24,22:30,30917.8,31568.76,6155,6418.181,6715.33,4177.358,0,-0.346,40990,74.06%,82.48%,305,289.02
2025/6/24,22:45,30523.7,30998.38,5797,6375.401,6652.89,4034.211,20,4.511,40990,72.33%,81.32%,297,285.09
2025/6/24,23:00,30185.9,30655.49,5435,5577.112,6603.39,3902.831,20,4.491,40990,70.74%,78.86%,291,275
2025/6/24,23:15,29876.2,30576.77,5130,5289.32,6704.53,3691.654,40,3.774,40990,68.95%,78.48%,293,272
2025/6/24,23:30,29538.4,30051.07,5130,5458.382,6573.17,3478.67,40,4.262,40990,68.44%,78.13%,285,275
2025/6/24,23:45,29088.1,29853.01,5130,5093.066,6443.79,3426.015,40,4.263,40990,67.66%,76.89%,282,269
2025/6/24,24:00,28947.3,29580.88,5130,5117.61,6233.23,3382.687,0,4.241,40990,67.93%,76.39%,285,270
2025/6/25,00:15,29751.3,30419.65,5475,5234.221,4836.77,3271.189,0.05,14.045,41650,72.96%,77.72%,300,282
2025/6/25,00:30,29840.9,30270.79,5474,5371.454,4706.11,3150.319,0.1,14.067,41650,73.49%,77.98%,291,285
2025/6/25,00:45,29437.8,30051.72,5474,5239.03,4545.74,3061.205,0.15,14.028,41650,72.91%,77.35%,290,280
2025/6/25,01:00,29258.6,29434.55,5474,5515.741,4463.61,2924.281,0.21,14.032,41650,72.67%,76.86%,285,278
2025/6/25,01:15,28989.8,29232.32,5474,5419.197,4420.04,2760.344,0.26,14.024,41650,72.13%,76.54%,278,280
2025/6/25,01:30,28810.7,29074.32,5462,5216.524,4284.81,2558.03,0.3,14.015,41650,72.00%,76.16%,275,279
2025/6/25,01:45,28497.2,28937.83,5451,5265.747,4147.16,2352.419,25.35,14.069,41650,71.49%,76.44%,275,279
2025/6/25,02:00,28228.4,28768.65,5440,5302.355,3999.28,2124.642,25.4,11.046,41650,71.17%,76.68%,280,279
2025/6/25,02:15,28094,28567.12,5426,5184.525,3841.79,1970.199,25.45,4.366,41650,71.20%,76.30%,282,275
2025/6/25,02:30,27959.7,28463.46,5447,5489.234,3712.32,1832.184,25.5,4.308,41650,71.23%,77.11%,285,275
2025/6/25,02:45,27758.1,28213.86,5469,5246.927,3565.29,1702.76,25.55,4.298,41650,71.16%,76.24%,285,275
2025/6/25,03:00,27623.7,28295.26,5491,5294.667,3420.41,1629.445,25.6,4.262,41650,71.23%,76.73%,285,275
2025/6/25,03:15,27489.4,28038.96,5514,5325.709,3276.21,1599.285,25.64,4.306,41650,71.31%,76.26%,285,270
2025/6/25,03:30,27377.4,28045,5514,5364,3134.29,1549.787,25.69,4.289,41650,71.38%,76.48%,289,278
2025/6/25,03:45,27287.8,27876.16,5514,5331.669,3016.08,1476.836,25.73,4.295,41650,71.45%,76.17%,285,266.13
2025/6/25,04:00,27153.4,27868.86,5514,5289.684,2889.17,1424.749,25.78,4.251,41650,71.43%,76.18%,285,275
2025/6/25,04:15,27086.2,27769.92,5514,5526.267,2771.24,1409.467,25.82,2.799,41650,71.56%,76.55%,289,278
2025/6/25,04:30,27063.8,27993.79,5508,5231.228,2678.62,1348.462,25.87,2.799,41650,71.71%,76.53%,285,275
2025/6/25,04:45,26974.3,28070.32,5502,5350.729,2599.42,1285.286,25.97,2.78,41650,71.67%,77.15%,285,278
2025/6/25,05:00,27041.4,28045.72,5496,5445.033,2509.62,1167.595,27.66,3.048,41650,72.03%,77.60%,290,279
2025/6/25,05:15,27153.4,28395,5503,5296.433,2387.25,1102.144,59.57,32.721,41650,72.53%,78.17%,295,279
2025/6/25,05:30,27355,28276.43,5498,5447.799,2195.43,1030.691,135.01,222.575,41650,73.28%,77.96%,295,278
2025/6/25,05:45,27534.2,28585.45,5494,5591.632,2123.5,933.038,282.19,541.836,41650,73.52%,78.52%,299,280
2025/6/25,06:00,27601.3,28795.53,5490,5302.163,2053.34,906.068,512.12,909.721,41650,73.29%,77.51%,290,276
2025/6/25,06:15,28052.9,28937.64,5493,5292.89,1987.28,834.203,824.35,1333.693,41650,73.79%,76.98%,291,282
2025/6/25,06:30,28076.4,28875.07,5631,5524.767,1932.76,776.652,1213.78,1827.495,41650,73.38%,76.34%,290,279
2025/6/25,06:45,28076.4,29012.72,5771,5719.355,1889.21,718.073,1666.58,2296.956,41650,72.73%,76.15%,285,282
2025/6/25,07:00,27840.9,28484,5910,5706.112,2007.79,673.21,2164.31,2831.165,41650,71.02%,73.68%,278,280
2025/6/25,07:15,27511.2,28132.84,6121,6077.652,1435.81,612.443,2682.18,3433.599,41650,70.86%,72.42%,275,275
2025/6/25,07:30,27275.7,27911.26,6623,6642.397,1365.22,561.552,3260.17,4080.826,41650,70.28%,71.82%,270,271
2025/6/25,07:45,26974.3,27418.04,7174,7233.545,1305.4,593.027,3853.5,4814.915,41650,69.60%,70.21%,275,269
2025/6/25,08:00,26884.7,27205.67,7709,7942.16,1191.68,616.777,4480.58,5484.105,41650,69.44%,69.74%,270,270
2025/6/25,08:15,26839.9,27486.61,8297,8994.798,1018.08,577.616,5123.77,6218.206,41650,69.62%,71.27%,270,270
2025/6/25,08:30,26839.9,27720.01,8549,9251.935,989.34,506.902,5755.71,6930.836,41650,68.77%,70.91%,270,270
2025/6/25,08:45,26498.5,27812.05,8808,9379.725,971.94,549.834,6356.82,7482.259,41650,67.17%,70.01%,273.74,263
2025/6/25,09:00,26404.3,27750.04,9064,9237.407,925.36,598.445,6933.2,8018.144,41650,66.29%,68.12%,270,265
2025/6/25,09:15,26380.7,27968.11,9290,9195.399,899.43,609.182,7454.38,8626.13,41650,65.59%,67.05%,265,262.71
2025/6/25,09:30,26380.7,27910.8,9289,9313.575,907.41,638.067,7975.56,9062.817,,64.31%,66.08%,265,260.2
2025/6/25,09:45,26380.7,27759.07,9289,9499.62,927.56,641.046,8426.93,9617.593,,63.18%,64.83%,265.06,254.7
2025/6/25,10:00,26380.7,27689.95,9289,9278.014,938.18,609.23,8826.1,9803.254,,62.20%,63.76%,259.6,254.59
2025/6/25,10:15,26522,27833.56,9291,9494.483,986.69,633.706,9200.5,10097.396,41650,61.53%,63.86%,249,255.53
2025/6/25,10:30,26734,28002.3,9028,9072.235,1039.67,636.027,9497.6,10473.969,41650,60.56%,62.34%,244.85,251.71
2025/6/25,10:45,27134.4,27826.99,8772,8899.057,1098.7,519.443,9739.63,10881.792,41650,60.19%,60.80%,248.64,251.18
2025/6/25,11:00,27628.9,28206.16,8516,8342.024,1148.16,597.498,9937.47,11584.513,41650,60.17%,58.50%,247.98,253.29
2025/6/25,11:15,28147.1,29484.98,8203,8330.736,1207.9,635.945,10064.18,11752.702,41650,60.21%,61.05%,262.94,253.26
2025/6/25,11:30,28264.8,29417.46,8052,8082.547,1277.34,650.845,10190.91,11860.75,41650,59.66%,60.00%,256.68,251.3
2025/6/25,11:45,28170.6,29178.75,7901,7832.768,1348.91,712.552,10254.91,11779.133,41650,58.75%,58.87%,250.74,251.15
2025/6/25,12:00,28147.1,28557.19,7749,7828.732,1420.97,812.138,10307.28,12269.529,41650,58.03%,55.95%,248.77,246.19
2025/6/25,12:15,27558.3,28388.56,7636,7946.936,1498.41,791.219,10273.29,12373.329,41650,56.24%,55.63%,248.83,246.1
2025/6/25,12:30,27299.2,27873.4,7868,8124.783,1575.73,866.77,10222.08,12106.311,41650,56.11%,55.28%,246,236.53
2025/6/25,12:45,27040.2,27181.78,8100,8447.023,1661.26,1162.497,10032.12,12883.706,41650,56.29%,51.82%,237.87,237.29
2025/6/25,13:00,26615.9,26793.23,8332,8399.373,1745.13,1022.501,9824.3,12985.876,41650,56.13%,50.86%,232.23,231.8
2025/6/25,13:15,26615.9,26593.63,8569,8594.963,1829.32,1096.543,9543.79,12927.757,41650,57.17%,50.81%,228.59,244.38
2025/6/25,13:30,26615.9,26343.16,8567,8619.805,1908.34,1134.08,9155.78,12691.97,41650,57.91%,50.75%,226.73,248.49
2025/6/25,13:45,26615.9,26309.54,8567,8694.476,1982.16,1189.735,8740.87,12225.686,41650,58.73%,51.83%,226.62,243.4
2025/6/25,14:00,26638.3,26095.89,8567,8602.413,2058.13,1259.23,8385.57,12044.427,41650,59.45%,51.37%,226.65,250.05
2025/6/25,14:15,26750.3,26413.88,8575,8565.539,2139.95,1387.732,7938.22,11662.16,41650,60.62%,52.65%,226.52,251.92
2025/6/25,14:30,27040.2,26649.43,8571,8500.617,2209.32,1563.302,7521.42,11046.676,41650,62.14%,54.12%,226.21,251.25
2025/6/25,14:45,27275.7,26893.39,8571,8602.902,2279.51,1680.163,7030.91,10766.12,41650,63.71%,55.34%,228.44,255.03
2025/6/25,15:00,27511.2,27401.65,8571,8554.061,2366.77,1801.933,6627.96,10302.633,41650,65.04%,57.27%,232.05,260.02
2025/6/25,15:15,27746.7,27858.88,8582,8743.505,2432.33,2040.16,6234.38,9569.18,41650,66.42%,60.01%,247.64,264.73
2025/6/25,15:30,27935.1,28194.57,8514,8355.469,2495.37,2178.267,5814.83,9140.083,41650,67.56%,60.58%,250,265
2025/6/25,15:45,28288.4,28397.53,8447,8407.456,2565.01,2335.803,5392.17,8651.483,41650,69.10%,61.99%,260,270
2025/6/25,16:00,28688.8,28487.46,8380,8464.468,2664.31,2586.551,5005.55,7888.562,41650,70.59%,63.57%,263,266
2025/6/25,16:15,29065.6,28832.23,8299,8587.694,2760.69,2787.824,4554.14,7284.757,41650,72.15%,65.66%,260,279
2025/6/25,16:30,29136.2,29275.76,7892,8196.216,2888.9,2874.231,4102.58,6723.353,41650,72.12%,66.93%,262,276
2025/6/25,16:45,29788.1,29656.86,7515,7532.241,2983.59,2903.153,3708.16,5908.153,41650,73.50%,68.13%,265,278
2025/6/25,17:00,30259.1,29950.25,7124,7267.013,3085.78,2933.075,3286.12,5264.675,41650,74.46%,69.67%,265,285
2025/6/25,17:15,30532.1,30046.22,6816,7144.349,3169.66,2877.331,2835.79,4646.942,41650,75.25%,71.23%,265,280
2025/6/25,17:30,31006.1,30575.85,6932,6921.549,3281.35,2824.417,2427.61,4032.044,41650,77.38%,73.57%,275,289
2025/6/25,17:45,31393.1,30831.73,7056,7146.405,3323.08,2723.288,2029.94,3481.452,41650,79.46%,76.29%,280,300.34
2025/6/25,18:00,31444.3,31281.29,7177,7209.746,3394.25,2593.768,1642.41,2949.515,41650,80.64%,79.11%,289,302.72
2025/6/25,18:15,31444.3,31205.68,7256,7391.075,3431.48,2548.753,1292.63,2372.755,41650,81.58%,80.85%,300,300.35
2025/6/25,18:30,31774,31680.17,7255,7433.932,3496.38,2467.538,986.19,1802.282,41650,82.94%,83.66%,310,302.71
2025/6/25,18:45,31844.6,31915.16,7255,7307.999,3573.44,2346.11,735.51,1316.675,41650,83.53%,85.38%,318,318
2025/6/25,19:00,31891.7,31831.02,7254,7604.725,3635.43,2201.982,514.37,911.239,41650,84.02%,87.21%,330,320
2025/6/25,19:15,32139.1,32234.45,7254,8071.097,3715.58,2201.63,322.64,514.971,41650,84.89%,90.25%,350,315.07
2025/6/25,19:30,32016.1,31706.18,7223,8234.763,3800.07,2299.321,179.76,211.814,41650,84.66%,89.87%,343,310.16
2025/6/25,19:45,32157.1,32080.25,7192,8307.988,3839.03,2355.497,78.43,20.88,41650,85.07%,91.26%,315,318.42
2025/6/25,20:00,32353.1,32175.92,7161,8055.538,3961.06,2338.767,3.94,15.18,41650,85.35%,90.94%,318,318.02
2025/6/25,20:15,32549.1,32413.67,7130,7926.834,4026.69,2314.368,1.01,13.812,41650,85.60%,91.27%,330,318.02
2025/6/25,20:30,32689.1,32598.91,7107,7580.663,4024.95,2263.705,1.13,12.392,41650,85.88%,91.00%,328,320
2025/6/25,20:45,32700.1,32145.59,7085,7518.396,4040.48,2175.846,1.03,12.531,41650,85.82%,89.98%,327,318.02
2025/6/25,21:00,32411.1,32232.52,7063,7680.517,4068.27,2196.679,0.78,-5.586,41650,85.01%,90.57%,330,320
2025/6/25,21:15,32298.1,32030.72,6982,7399.59,4048.38,2252.777,0.73,-5.458,41650,84.59%,89.27%,318.11,310.16
2025/6/25,21:30,32120.1,31805.64,6868,7270.811,4051.29,2427.978,0.69,4.214,41650,83.88%,87.98%,320,310.16
2025/6/25,21:45,31915.1,31672.99,6755,7062.099,4027.37,2591.638,0.64,-5.715,41650,83.17%,86.79%,316.53,301.41
2025/6/25,22:00,31591.1,31544.77,6640,6657.912,4018.3,2750.917,0.6,-4.983,41650,82.14%,85.13%,305,302.41
2025/6/25,22:15,31277.1,31356.79,6523,7014.537,4480.2,2870.621,0.55,-5.094,41650,80.00%,85.25%,300,295.43
2025/6/25,22:30,30733.1,31065,6155,6924.523,4498.51,2952.56,0.5,-5.052,41650,77.76%,84.13%,300,285
2025/6/25,22:45,30507.1,30595.66,5797,6799.018,4572.82,3221.269,0.45,-5.017,41650,76.18%,82.06%,296,279
2025/6/25,23:00,30027.1,30136.87,5435,6470.858,4562.83,3400.423,0.4,14.425,41650,74.19%,79.69%,290,275
2025/6/25,23:15,29777.1,29898.1,5130,6347.302,4544.02,3624.454,0.35,14.459,41650,72.90%,78.29%,282,275
2025/6/25,23:30,29632.1,29477.07,5130,6271.151,4488.61,3576.382,0.3,4.814,41650,-,-,270,275.51
2025/6/25,23:45,29325.1,29122.55,5130,6035.114,4406.7,3501.429,0.26,4.851,41650,-,-,269,270
2025/6/25,24:00,28804.1,28896.87,5130,5540.19,4262.64,3570.013,0,4.206,41650,-,-,269,270
2025/6/26,00:15,30580.4,29950.76,5475,5814.669,3224.87,3551.447,0,4.178,43884,74.81%,73.40%,349,496
2025/6/26,00:30,30472,29560.31,5474,5878.984,3099.45,3620.129,0,4.267,43884,74.85%,72.50%,349,395
2025/6/26,00:45,30147,29502.29,5474,5861.487,2979.72,3700.829,0,4.185,43884,74.38%,72.14%,349,400
2025/6/26,01:00,29843.6,29306.43,5474,5695.214,2867.73,3558.987,0,4.277,43884,73.94%,71.64%,341,349
2025/6/26,01:15,29626.9,29028,5474,5721.338,2774.26,3435.428,0,4.301,43884,73.66%,71.35%,341,349
2025/6/26,01:30,29388.5,28445.61,5462,5945.677,2692.36,3211.624,0,4.342,43884,73.28%,71.04%,342,349
2025/6/26,01:45,29171.8,28487.29,5451,5829.803,2610.05,2869.431,0,4.3,43884,72.95%,71.65%,330,349
2025/6/26,02:00,28998.4,28194.31,5440,5827.219,2527.45,2494.575,0,4.298,43884,72.72%,71.83%,342,349
2025/6/26,02:15,28846.8,28116.96,5426,5218.876,2471.98,2347.154,0,4.264,43884,72.47%,70.61%,345,349
2025/6/26,02:30,28695.1,28003.58,5447,5082.857,2397.05,2035.259,0,4.288,43884,72.34%,70.75%,349,349
2025/6/26,02:45,28521.7,27810.29,5469,5117.84,2330.33,2108.589,15,4.287,43884,72.11%,70.22%,349,347
2025/6/26,03:00,28456.7,27884.5,5491,5017.328,2265.76,2115.84,15,4.299,43884,72.16%,70.14%,349,349
2025/6/26,03:15,28348.3,27642.58,5514,5498.937,2201.58,2072.436,15,2.768,43884,72.11%,70.79%,349,349
2025/6/26,03:30,28110,27369.53,5514,5699.577,2143.01,2034.756,15,2.818,43884,71.70%,70.71%,349,349
2025/6/26,03:45,27936.6,27274.79,5514,5645.729,2094.74,1945.267,15,2.79,43884,71.42%,70.58%,349,349
2025/6/26,04:00,27914.9,27080.33,5514,5751.186,2052.82,1867.049,15,2.808,43884,71.46%,70.55%,341,345
2025/6/26,04:15,27784.9,27062.46,5514,5733.577,2022.1,1891.694,0,2.805,43884,71.27%,70.42%,340,349
2025/6/26,04:30,27784.9,26996.52,5508,5653.782,1998.62,1538.185,0,2.801,43884,71.31%,70.89%,332,349
2025/6/26,04:45,27991.4,26987.89,5502,5717.942,1983.68,1122.544,0.04,2.885,43884,71.80%,71.96%,341,349
2025/6/26,05:00,28197.9,27141.91,5496,5756.436,1963.26,939.06,0.93,2.803,43884,72.30%,72.82%,349,349
2025/6/26,05:15,28430.2,27245.44,5503,5846.994,1926.01,1008.321,25.46,2.847,43884,72.88%,73.10%,349,349
2025/6/26,05:30,28559.3,27749.64,5498,5813.046,1826.86,1267.611,73.91,18.052,43884,73.28%,73.55%,350,349
2025/6/26,05:45,28765.8,28306.99,5494,5629.026,1799.96,1305.099,183.7,83.137,43884,73.55%,74.17%,398,349
2025/6/26,06:00,29063.4,28202.64,5490,5778.882,1772.06,1227.133,370.38,247.836,43884,73.86%,74.07%,349,349
2025/6/26,06:15,29063.4,28788.97,5493,5307.029,1736.42,1165.189,646.07,450.523,43884,73.32%,74.01%,350,349
2025/6/26,06:30,29085.1,28647.73,5631,5574.362,1694.65,1281.219,1018.69,754.118,43884,72.93%,73.35%,349,349
2025/6/26,06:45,28955.1,28764.95,5771,5717.615,1670.64,1399.38,1434.43,1114.189,43884,72.06%,72.85%,349,349
2025/6/26,07:00,28565,28644.37,5910,5648.391,1660.45,1341.081,1929.91,1515.421,43884,70.38%,71.63%,349,332
2025/6/26,07:15,28326.7,28532.25,6121,6070.952,1655.18,1487.571,2524.75,1898.753,43884,68.97%,71.13%,347,332
2025/6/26,07:30,27981.8,28208.71,6623,6683.52,1679.16,1546.225,3185.33,2299.596,43884,67.77%,70.75%,349,290
2025/6/26,07:45,27721.7,27781.99,7174,7396.584,1662.33,1401.047,3864.34,2776.092,43884,66.92%,70.64%,341,295
2025/6/26,08:00,27151.4,27708.27,7709,8186.147,1622.96,1337.133,4557.5,3345.167,43884,65.35%,71.12%,341,285
2025/6/26,08:15,27036,28075.27,8297,8508.267,1622.94,1278.5,5267.6,3953.713,43884,64.81%,71.44%,349,285
2025/6/26,08:30,26943.6,28137.07,8549,8638.605,1628.09,1256.882,6006.61,4422.296,43884,63.48%,70.86%,345,275
2025/6/26,08:45,26897.4,28130.88,8808,8983.337,1635.77,1246.932,6702.83,4877.478,43884,62.36%,70.62%,349,272
2025/6/26,09:00,26874.2,28036.91,9064,9279.171,1617.41,1304.85,7366.8,5354.452,43884,61.42%,69.86%,345,275
2025/6/26,09:15,26828,28110.44,9290,9629.588,1596.96,1379.853,7992.46,5637.86,43884,60.45%,70.01%,285,266.1
2025/6/26,09:30,26804.9,27778.4,9289,9825.98,1739.8,1337.792,8574.45,5987.132,43884,58.74%,69.00%,280,265
2025/6/26,09:45,26758.7,27729.64,9289,9857.29,1796.8,1390.192,9031.71,6406.183,43884,57.47%,67.88%,295,265
2025/6/26,10:00,26689.4,27643.69,9289,9876.432,1828.33,1285.147,9402.43,6823.719,43884,56.39%,67.02%,282,265
2025/6/26,10:15,26643.2,27767.99,9291,9490.483,1878.27,1224.537,9734.6,7153.84,43884,55.42%,65.81%,285,265
2025/6/26,10:30,26666.3,27758.58,9028,9094.74,1936.44,1294.174,9984.7,7677.974,43884,54.17%,63.53%,290,265
2025/6/26,10:45,26781.8,27957.74,8772,8985.03,1997.18,1295.963,10134.33,8067.739,43884,53.37%,62.85%,275,250
2025/6/26,11:00,26920.4,28061.92,8516,8646.174,2044.75,1202.589,10212.98,8081.492,43884,52.82%,62.49%,275,250
2025/6/26,11:15,27243.8,29218.42,8203,8600.805,2109.29,1187.593,10267.22,8295.23,43884,52.57%,64.57%,308,250
2025/6/26,11:30,27359.4,29490.57,8052,8174.802,2169.25,1239.097,10313.39,8179.464,43884,52.25%,64.37%,295,250
2025/6/26,11:45,27313.2,29287.91,7901,7899.619,2232.62,1344.613,10276.97,7955.478,43884,51.74%,63.55%,272,248
2025/6/26,12:00,27220.8,28917.9,7749,7636.365,2287.86,1429.999,10301.04,7736.602,43884,51.00%,62.41%,272,242.33
2025/6/26,12:15,27128.4,28822.04,7636,8001.114,2347.96,1393.017,10249.42,7680.063,43884,50.51%,63.24%,295,229
2025/6/26,12:30,26943.6,28773.38,7868,7902.164,2405.57,1303.844,10156.25,7484.32,43884,50.70%,63.55%,295,234
2025/6/26,12:45,26781.8,28536.61,8100,8320.101,2464.69,1375.962,10071.24,7474.869,43884,50.92%,63.82%,295,240
2025/6/26,13:00,26781.8,28065.21,8332,8657.34,2519.55,1434.137,10013.93,7316.622,43884,51.45%,63.74%,295,248
2025/6/26,13:15,26781.8,27521.92,8569,8997.186,2581.83,1489.694,9942.83,7400.662,43884,52.01%,62.96%,295,250
2025/6/26,13:30,26804.9,27363.82,8567,8920.979,2641.01,1452.631,9756.9,7278.398,43884,52.35%,62.79%,275,245
2025/6/26,13:45,26851.1,27078.1,8567,8985.139,2695.3,1342.655,9546.41,7076.822,43884,52.81%,62.99%,282,253
2025/6/26,14:00,26966.6,27218.14,8567,8778.302,2751.99,1322.576,9407.88,7039.788,43884,53.26%,62.97%,295,250
2025/6/26,14:15,27082.2,27643.22,8575,8973.683,2775.13,1365.912,9195.37,6863.146,43884,53.98%,64.69%,290,250
2025/6/26,14:30,27220.8,27486.32,8571,9144.69,2790.86,1430.868,8970.96,6856.849,43884,54.76%,64.59%,295,250
2025/6/26,14:45,27359.4,27657.58,8571,9695.653,2806.75,1523.183,8643.24,6368.266,43884,55.78%,67.14%,345,250
2025/6/26,15:00,27613.5,28156.29,8571,9587.693,2836.55,1553.093,8343.58,6050.22,43884,56.98%,68.68%,341,265
2025/6/26,15:15,27798.3,28486.11,8582,9505.777,2695.57,1557.748,8024.14,5674.548,43884,58.47%,70.09%,340,265
2025/6/26,15:30,27983.1,28640.88,8514,9495.182,2689.15,1587.305,7671.7,5314.064,43884,59.56%,71.18%,349,265
2025/6/26,15:45,28214.1,28658.37,8447,9317.462,2690.54,1652.928,7291.6,5188.328,43884,60.79%,70.95%,349,264.39
2025/6/26,16:00,28491.3,28294.19,8380,9070.111,2720.21,1752.522,6885.64,5103.269,43884,62.13%,69.52%,349,265.61
2025/6/26,16:15,28953.3,28741.74,8299,8197.837,2731.7,1924.516,6387.81,4839.888,43884,64.11%,68.76%,330,274.39
2025/6/26,16:30,29415.3,29291.27,7892,7919.418,2733.92,2077.138,5906.64,4443.826,43884,65.32%,69.93%,332,280
2025/6/26,16:45,29877.3,29542.82,7515,7712.098,2733.04,2108.771,5450.46,4274.538,43884,66.56%,70.35%,330,295
2025/6/26,17:00,30085.2,29552.85,7124,7395.97,2739.99,2234.999,4928.58,3958.398,43884,67.32%,70.08%,332,280
2025/6/26,17:15,30316.2,29968.98,6816,6910.962,2717.21,2352.776,4363.57,3645.964,43884,68.48%,70.37%,332,300
2025/6/26,17:30,30583.2,30077.41,6932,7208.681,2700.11,2480.223,3826.83,3189.477,43884,70.61%,72.05%,332,320
2025/6/26,17:45,30865,30193.46,7056,7164.527,2670.66,2604.215,3262.96,2803.46,43884,72.89%,72.81%,349,349
2025/6/26,18:00,31016.8,30300.14,7177,7446.489,2607.64,2730.166,2625.53,2395.124,43884,75.11%,74.34%,348,349
2025/6/26,18:15,31450.3,30246.38,7256,7693.193,2530.85,2800.14,2065.88,1916.003,43884,77.73%,75.71%,349,395
2025/6/26,18:30,31577.2,30755.47,7255,7656.845,2544.16,2985.988,1579.23,1499.942,43884,79.09%,77.31%,398,398.4
2025/6/26,18:45,31882.7,30798.6,7255,7699.85,2536.78,3074.253,1137.46,1108.908,43884,80.81%,78.20%,398.4,683
2025/6/26,19:00,32085.8,30756.63,7254,7792.746,2512.28,3237.605,756.83,738.641,43884,82.20%,78.78%,493,684
2025/6/26,19:15,32153.4,31031.45,7254,7900.063,2539.82,3266.594,448.15,426.481,43884,82.99%,80.30%,493,682
2025/6/26,19:30,32333.9,31057.12,7223,7676.22,2577.22,3212.162,228.76,156.054,43884,83.75%,80.59%,364,682
2025/6/26,19:45,32559.5,31213.41,7192,7995.08,2620.46,3339.646,90.15,1.979,43884,84.41%,81.73%,486,700
2025/6/26,20:00,32649.7,31449.17,7161,7656.425,2707.23,3466.987,4.32,7.337,43884,84.54%,81.19%,495,684
2025/6/26,20:15,32672.3,31822.61,7130,7646.802,2708.14,3543.156,0.58,6.894,43884,84.53%,81.85%,497,680
2025/6/26,20:30,32649.7,31514.91,7107,7812.761,2726.38,3641.668,0.56,3.144,43884,84.38%,81.31%,550.67,550.67
2025/6/26,20:45,32491.8,31778.37,7085,7565.645,2753.74,3626.375,0.4,12.647,43884,83.91%,81.36%,495,550
2025/6/26,21:00,32424.1,31361,7063,7553.724,2785.41,3578.944,0,2.589,43884,83.63%,80.51%,493,550.67
2025/6/26,21:15,32198.6,31277.45,6982,7713.808,2788.52,3474.079,0,12.377,43884,82.93%,80.91%,493,650
2025/6/26,21:30,31914.8,31420.16,6868,7401.089,2792.54,3452.788,0,22.224,43884,82.01%,80.54%,386,494
2025/6/26,21:45,31656.7,31045.54,6755,7314.521,2822,3398.302,0,22.196,43884,81.10%,79.62%,386,496
2025/6/26,22:00,31476,30773.37,6640,7240.904,2864.24,3208.632,0,42.077,43884,80.33%,79.22%,400,495
2025/6/26,22:15,31114.6,30567.51,6523,7354.569,2940.5,3008.506,0,31.794,43884,79.07%,79.49%,450,493
2025/6/26,22:30,30727.5,30214.62,6155,7115.628,2986.15,2892.845,0,31.761,43884,77.24%,78.40%,349,349
2025/6/26,22:45,30417.7,29669.53,5797,7110.321,3031.55,2874.818,0,28.191,43884,75.62%,77.20%,349,349
2025/6/26,23:00,30108,29570.44,5435,6716.724,3068.23,2795.062,0,23.318,43884,74.00%,76.27%,349,340
2025/6/26,23:15,29720.8,29639.27,5130,6438.229,3097.27,2729.331,0,21.85,43884,72.36%,75.94%,349,340
2025/6/26,23:30,29307.8,29097.82,5130,6627.389,3117.17,2644.097,0,21.259,43884,71.37%,75.33%,345,332
2025/6/26,23:45,28972.3,28735.91,5130,6260.172,3111.18,2593.938,0,22.007,43884,70.62%,73.79%,341,320
2025/6/26,24:00,28817.4,28643.64,5130,5846.989,3180.36,2481.902,0,1.752,43884,70.11%,72.94%,332,305
2025/6/27,00:15,29677.9,29592.8,5475,5863.701,3425.74,2409.463,30.05,-1.198,42880,73.92%,77.07%,300,286
2025/6/27,00:30,29829.9,29738.6,5474,6207.901,3527.69,2295.803,30.1,-1.112,42880,74.03%,78.48%,295,290
2025/6/27,00:45,29594.9,29196.66,5474,6775.596,3496.63,2240.595,30.15,-1.08,42880,73.56%,78.67%,282,282
2025/6/27,01:00,29254.9,29066.13,5474,7428.584,3485.84,2129.157,30.21,-1.112,42880,72.79%,80.15%,280,280
2025/6/27,01:15,28995.9,28961.44,5474,7383.354,3455.71,2034.875,30.26,1.138,42880,72.26%,80.01%,285,280
2025/6/27,01:30,28621.9,28817.52,5462,7332.445,3417.85,1938.329,30.3,1.177,42880,71.45%,79.78%,282,280
2025/6/27,01:45,28316.9,28156.14,5451,7157.121,3380.24,1909.973,30.35,1.259,42880,70.80%,77.90%,282,276
2025/6/27,02:00,28251.9,28055.73,5440,6823.454,3358.25,1845.728,30.4,0.795,42880,70.67%,77.04%,289,272
2025/6/27,02:15,28019.9,27897.75,5426,5427.911,3346,1818.907,55.45,0.689,42880,70.07%,73.47%,275,278
2025/6/27,02:30,27857.9,27708.92,5447,5661.898,3293.1,1824.456,55.5,0.791,42880,69.86%,73.57%,272,275
2025/6/27,02:45,27681.9,27690.67,5469,5634.836,3240.48,1778.18,55.55,0.79,42880,69.62%,73.57%,272,272
2025/6/27,03:00,27564.9,27427.23,5491,5280.938,3179.08,1770.244,55.6,0.757,42880,69.55%,72.15%,272,275
2025/6/27,03:15,27343.9,27163.36,5514,5434.071,3111,1780.564,55.64,0.79,42880,69.24%,71.87%,272,270
2025/6/27,03:30,27382.9,27019.21,5514,5255.614,3081.78,1772.04,55.69,0.786,42880,69.40%,71.13%,270,272
2025/6/27,03:45,27152.9,26990.36,5514,5384.926,3030.21,1844.579,55.73,0.79,42880,68.99%,71.20%,269,274
2025/6/27,04:00,27084.6,26958.43,5514,5295.398,3003.31,1945.018,55.78,0.792,42880,68.89%,70.68%,270,270
2025/6/27,04:15,27002,26819.99,5514,5389.991,2946.31,1981.533,55.82,0.794,42880,68.83%,70.49%,270,272
2025/6/27,04:30,26981.4,26587.08,5508,5377.093,2857.4,1955.821,55.88,0.817,42880,68.97%,69.98%,265,275
2025/6/27,04:45,26981.4,26381.15,5502,5396.773,2794.47,1914.879,56.29,0.808,42880,69.11%,69.64%,265,270
2025/6/27,05:00,27022.7,26668.68,5496,5486.874,2737.91,1893.961,59,0.795,42880,69.31%,70.57%,265,276
2025/6/27,05:15,27208.4,26741.2,5503,5523.453,2672.88,1857.254,92.11,6.564,42880,69.84%,70.90%,265,275
2025/6/27,05:30,27435.5,27000.88,5498,5367.495,2625.65,1788.151,173.82,104.561,42880,70.28%,71.07%,266,275
2025/6/27,05:45,27703.8,27203.47,5494,5378.68,2561.73,1856.768,360.62,381.264,42880,70.61%,70.77%,275,274
2025/6/27,06:00,27992.7,27530.7,5490,5383.051,2493.1,1780.448,684.2,740.255,42880,70.67%,70.88%,272,275
2025/6/27,06:15,28281.6,27780.12,5493,5348.583,2415.96,1689.956,1159.53,1144.055,42880,70.43%,70.65%,272,275
2025/6/27,06:30,28529.3,27629.34,5631,5560.998,2338.61,1694.657,1740.77,1638.532,42880,70.15%,69.63%,270.35,275
2025/6/27,06:45,28529.3,27541.32,5771,5762.883,2288.75,1648.987,2458.78,2244.598,42880,68.92%,68.59%,269,272
2025/6/27,07:00,28302.3,27167.23,5910,5817.258,2242.88,1655.949,3246.92,2834.382,42880,66.98%,66.45%,260,269
2025/6/27,07:15,28034,27158.42,6121,5930.433,1527.33,1606.942,4099.82,3523.58,42880,66.53%,65.20%,265,265
2025/6/27,07:30,27868.9,26657.92,6623,6715.182,1436.68,1496.742,5028.99,4332.202,42880,65.36%,64.24%,260,262
2025/6/27,07:45,27476.7,26318.26,7174,7153.216,1345.91,1294.052,5985.33,5226.771,42880,63.71%,62.85%,260,260
2025/6/27,08:00,27125.9,26004.89,7709,7835.56,1235.06,1102.968,7056.94,5985.63,42880,61.90%,62.39%,260,258
2025/6/27,08:15,27105.2,25767.9,8297,8453.342,1175.29,966.59,8135.68,6922.755,42880,60.85%,61.41%,260,260
2025/6/27,08:30,27084.6,25964.61,8549,8664.848,1136.61,952.428,9194.47,7815.948,42880,59.01%,60.31%,250,250
2025/6/27,08:45,27084.6,26029.19,8808,8907.575,1066.22,924.845,10197.23,8537.577,42880,57.44%,59.41%,236,245.37
2025/6/27,09:00,27125.9,25678.91,9064,9359.283,1000.33,906.554,11119.23,9303.839,42880,56.13%,57.90%,250,243.06
2025/6/27,09:15,27146.5,25623.63,9290,9367.241,915.68,822.969,11939.92,10243.684,42880,54.99%,55.79%,240,242.07
2025/6/27,09:30,27146.5,25718.44,9289,9361.006,923.42,753.064,12667.76,10795.217,42880,53.28%,54.88%,230,227.56
2025/6/27,09:45,27146.5,25365.73,9289,9406.349,932.14,776.308,13262.24,11675.373,42880,51.87%,52.05%,230,232.42
2025/6/27,10:00,27146.5,25642.3,9289,9493.861,922.85,781.088,13780.52,11913.189,42880,50.68%,52.34%,228,202.94
2025/6/27,10:15,27208.4,25814.68,9291,9330.913,952.66,815.624,14215.52,12025.325,42880,49.75%,52.02%,235,121
2025/6/27,10:30,27229.1,25782.71,9028,9737.105,986.44,848.233,14531.91,12468.503,42880,48.36%,51.78%,232.5,76.71
2025/6/27,10:45,27352.9,26105.14,8772,9134.927,1027.43,900.191,14713.67,12945.321,42880,47.54%,49.89%,229,26.8
2025/6/27,11:00,27641.8,26660.76,8516,9354.297,1065.53,957.757,14788.58,13083.661,42880,47.35%,51.24%,220.65,27.31
2025/6/27,11:15,28322.9,28077.95,8203,8448.367,1120.15,1048.814,14767.68,13332.063,42880,48.13%,51.65%,235,197.41
2025/6/27,11:30,28756.3,27853.85,8052,8161.891,1176.56,1063.213,14701.58,12856.67,42880,48.81%,51.53%,227,171.55
2025/6/27,11:45,28529.3,27898.12,7901,8107.772,1235.8,1118.119,14569.58,12734.038,42880,48.10%,51.66%,228.56,188.6
2025/6/27,12:00,27992.7,27633.48,7749,7822.457,1295.97,1213.659,14405.54,12426.951,42880,46.74%,50.88%,197.09,111.92
2025/6/27,12:15,27538.7,27115.49,7636,7577.999,1366.86,1316.08,14205.95,12329.869,42880,45.71%,49.08%,225,28.65
2025/6/27,12:30,27146.5,26973.34,7868,8085.196,1443.31,1408.694,14012.12,12254.009,42880,45.61%,49.90%,197.32,28.84
2025/6/27,12:45,26795.7,26925.15,8100,8088.167,1531.28,1519.33,13726.1,11221.436,42880,45.80%,51.94%,216.82,171.62
2025/6/27,13:00,26506.7,27017.76,8332,8368.361,1618.56,1717.885,13410.46,10820.793,42880,46.20%,53.28%,232.4,157.06
2025/6/27,13:15,26279.7,26558.16,8569,8474.306,1710.42,1843.851,13017.29,10643.495,42880,46.92%,52.58%,247.71,197.04
2025/6/27,13:30,26114.6,26621.6,8567,8729.669,1796.53,1952.997,12548.75,10142.887,42880,47.43%,54.23%,255.27,208.59
2025/6/27,13:45,26094,26628.97,8567,8640.34,1881.95,1923.947,12008.45,9574.082,42880,48.44%,55.44%,243.4,214.12
2025/6/27,14:00,26094,26839.82,8567,8574.589,1964.65,1970.266,11493.01,9081.102,42880,49.45%,56.82%,249.38,225
2025/6/27,14:15,26155.9,27394.96,8575,8484.883,2016.59,2116.644,10941.1,8774.095,42880,50.78%,58.28%,250,224
2025/6/27,14:30,26279.7,27357.03,8571,8919.53,2079.3,2388.168,10367.04,8506.23,42880,52.25%,59.19%,260,230
2025/6/27,14:45,26444.8,27444.68,8571,8345.823,2147.85,2289.477,9728.67,8221.927,42880,53.96%,58.95%,265,227
2025/6/27,15:00,26713.1,27463,8571,9014.277,2242.43,2714.336,9174.72,8356.558,42880,55.66%,59.25%,265,240
2025/6/27,15:15,26960.8,27441.76,8582,8660.931,2308.13,3104.437,8630.71,8230.648,42880,57.38%,57.76%,253,240
2025/6/27,15:30,27270.4,27403.47,8514,8545.587,2378.2,3383.947,8073.75,7820.028,42880,59.08%,57.71%,255.29,250
2025/6/27,15:45,27579.9,27628.55,8447,8777.808,2506.82,3659.513,7554.88,7619.141,42880,60.55%,58.60%,260,250
2025/6/27,16:00,27972.1,27243.86,8380,8651.692,2679.33,3791.726,7035.81,7275.129,42880,62.12%,57.90%,250,260
2025/6/27,16:15,28384.8,28361.44,8299,8798.66,2710.17,3923.476,6459.38,6877.032,42880,64.17%,61.47%,243.3,260
2025/6/27,16:30,28818.3,28612.3,7892,8587.262,2765.33,4278.382,5910.98,6294.779,42880,65.38%,62.10%,250,265
2025/6/27,16:45,29189.8,29145.65,7515,8274.499,2818.51,4613.982,5386.52,5726.321,42880,66.46%,63.15%,260,265
2025/6/27,17:00,29581.9,29033.01,7124,7928.146,2887.42,4738.899,4833.89,4961.825,42880,67.59%,63.57%,260,265
2025/6/27,17:15,29891.5,29520.68,6816,7472.306,2898.15,4572.244,4238.85,4353.038,42880,68.96%,65.46%,260,270
2025/6/27,17:30,29947.9,29797.64,6932,7533.635,2932.05,4406.453,3688.24,3801.197,42880,70.57%,67.92%,265,272.37
2025/6/27,17:45,30380.9,30320.16,7056,7555.145,2978.09,4216.954,3111.66,3111.075,42880,73.10%,71.24%,269,275.3
2025/6/27,18:00,30775.9,30334.11,7177,8043.412,2988.85,4252.297,2541.6,2469.845,42880,75.61%,73.82%,280,295.45
2025/6/27,18:15,31052.9,30533.46,7256,8298.106,2923.41,4133.788,1990.57,1901.224,42880,77.88%,76.48%,299,295.46
2025/6/27,18:30,31419.9,30910.86,7255,7919.301,2929.55,4077.589,1504.02,1390.676,42880,79.85%,77.80%,300,310.17
2025/6/27,18:45,31805.9,30891.67,7255,7916.486,2960.73,4102.407,1091.49,964.069,42880,81.64%,78.69%,310,310.17
2025/6/27,19:00,32038.9,31312.16,7254,7906.67,2949.36,4199.69,735.67,648.538,42880,83.04%,80.16%,315,330
2025/6/27,19:15,32346.9,31407.22,7254,7843.193,2957.87,4370.482,440.63,365.026,42880,84.43%,80.49%,310,335
2025/6/27,19:30,32215.9,31492.71,7223,7754.303,3023.05,4385.786,232.83,116.328,42880,84.38%,81.03%,314,320
2025/6/27,19:45,32421.9,31436.92,7192,7945.244,3103.8,4412.952,96.47,10.495,42880,84.92%,81.53%,319,335
2025/6/27,20:00,32588.9,31751.11,7161,7740.021,3206.51,4609.713,5.14,-3.745,42880,85.21%,81.36%,320,335
2025/6/27,20:15,32621.9,31913.78,7130,8349.898,3282.69,4684.439,1.44,-4.719,42880,85.05%,82.98%,330,336
2025/6/27,20:30,32699.9,31707.69,7107,8464.503,3356.88,4817.492,1.37,-5.509,42880,85.00%,82.46%,330,335
2025/6/27,20:45,32593.9,31658.07,7085,8375.164,3523.43,4908.489,1.18,-5.868,42880,84.32%,81.93%,319,326
2025/6/27,21:00,32582.9,31563.4,7063,8350.201,3619.52,4985.229,0.78,-5.48,42880,84.01%,81.47%,314,330
2025/6/27,21:15,32319.9,31416.93,6982,8312.705,3744.11,5055.594,0.73,-3.765,42880,82.92%,80.87%,305,330
2025/6/27,21:30,32278.9,31291.63,6868,7672.762,4000.5,5072.265,0.69,8.184,42880,81.96%,79.02%,299,310.16
2025/6/27,21:45,31908.9,31045.32,6755,7175.617,4274.67,4832.284,0.64,10.619,42880,80.20%,77.84%,295,303.29
2025/6/27,22:00,31726.9,30607.66,6640,7217.92,4408.98,4901.095,0.6,3.923,42880,79.19%,76.77%,289,299.35
2025/6/27,22:15,31422.9,30196.91,6523,7416.104,4610.33,4783.01,30.55,3.821,42880,77.67%,76.55%,286,295.42
2025/6/27,22:30,31074.9,30011.69,6155,7740.681,5295.72,4652.131,30.5,3.832,42880,74.40%,77.18%,278,282
2025/6/27,22:45,30615.9,29550.56,5797,7522.26,5430.31,4635.775,30.45,3.802,42880,72.18%,75.64%,272,275
2025/6/27,23:00,30004.9,29240.68,5435,7234.103,5512.75,4717.412,30.4,3.97,42880,69.72%,74.05%,272,275
2025/6/27,23:15,29837.9,29078.1,5130,6960.465,5653.57,4942.801,30.35,12.827,42880,68.29%,72.49%,270,270
2025/6/27,23:30,29526.9,28678.3,5130,6861.554,5717,5153.212,30.3,12.889,42880,67.42%,70.83%,270,266
2025/6/27,23:45,29102.9,28227.61,5130,6244.295,5714.86,5235.921,30.26,12.896,42880,66.44%,68.15%,265,270
2025/6/27,24:00,28736.9,28110.63,5130,5466.28,5699.31,5194.343,0,12.911,42880,65.69%,66.16%,262,268
2025/6/28,00:15,29778.8,29267.27,5475,6331.805,5153.4,4932.022,50,12.836,44000,68.30%,69.67%,266.1,282
2025/6/28,00:30,29620.4,28846.9,5474,6968.939,5075.89,4599.769,50,12.87,44000,68.11%,70.92%,265,280
2025/6/28,00:45,29488.5,28942.81,5474,7026.154,5004.18,4329.226,50,12.759,44000,67.97%,71.88%,269,270
2025/6/28,01:00,29119.2,28773.87,5474,6939.013,4922.1,4278.678,50,12.753,44000,67.32%,71.41%,265.55,270
2025/6/28,01:15,28881.7,28402.54,5474,7241.223,4865.23,4218.773,50,3.191,44000,66.91%,71.41%,274,274
2025/6/28,01:30,28644.3,28015.47,5462,7001.959,4785.01,4075.715,75,3.18,44000,66.47%,70.31%,270,270
2025/6/28,01:45,28538.7,27714.26,5451,6645.889,4706.65,3877.709,75,3.1,44000,66.38%,69.27%,265,270
2025/6/28,02:00,28301.3,27675.87,5440,5978.795,4597.9,3692.628,95,3.182,44000,66.02%,68.09%,259,271
2025/6/28,02:15,28037.5,27693.06,5426,6107.051,4503.81,3677.171,95,3.218,44000,65.60%,68.45%,260,270
2025/6/28,02:30,27852.8,27375.8,5447,6169.938,4391.1,3665.664,95,3.218,44000,65.49%,67.90%,262,274
2025/6/28,02:45,27747.2,27275.99,5469,5838.655,4270.82,3607.792,95,3.149,44000,65.57%,67.05%,260,270
2025/6/28,03:00,27509.8,27292.74,5491,5810.488,4147.3,3497.266,95,3.223,44000,65.36%,67.28%,260,270
2025/6/28,03:15,27351.5,27210.55,5514,5699.845,4015.87,3446.685,95,3.17,44000,65.35%,66.96%,260,270
2025/6/28,03:30,27114,26985.36,5514,5810.458,3883.58,3366.741,95,3.104,44000,65.11%,66.88%,260,269
2025/6/28,03:45,26903,26928.71,5514,5654.96,3765.87,3218.54,75,3.13,44000,64.95%,66.73%,260,270
2025/6/28,04:00,26823.8,26749.64,5514,5974.019,3657.36,3125.775,75,3.123,44000,65.01%,67.26%,260,270
2025/6/28,04:15,26771.1,26893.24,5514,5212.312,3523.54,2960.018,75,3.126,44000,65.20%,66.23%,260,270
2025/6/28,04:30,26586.4,26973.99,5508,5261.284,3390.34,2935.379,75,3.146,44000,65.07%,66.58%,260,265
2025/6/28,04:45,26612.8,26878.35,5502,5258.199,3281.1,2710.21,75.05,3.102,44000,65.36%,66.87%,262,270
2025/6/28,05:00,26744.7,26934.68,5496,5409.495,3166.43,2547.102,76.88,3.234,44000,65.90%,67.71%,265,265
2025/6/28,05:15,26955.8,27028.03,5503,5182.909,3077.52,2450.112,101.07,17.995,44000,66.55%,67.60%,265,270
2025/6/28,05:30,27061.3,27287.31,5498,5421.799,3008.35,2184.149,112.99,83.854,44000,66.90%,69.18%,265,270
2025/6/28,05:45,27246,27536.76,5494,5642.29,2956.83,1882.738,298.74,222.589,44000,67.01%,70.62%,265,270
2025/6/28,06:00,27457,27404.79,5490,5828.913,2902.84,1710.689,559.07,486.905,44000,67.01%,70.54%,270,270
2025/6/28,06:15,27562.6,27764.83,5493,6060.996,2839.35,1617.564,908.79,797.726,44000,66.61%,71.39%,278,274
2025/6/28,06:30,27562.6,27917.73,5631,5920.099,2813.2,1454.025,1302.72,1192.626,44000,66.09%,70.89%,272,272
2025/6/28,06:45,27536.2,27668.44,5771,6167.351,2761.13,1254.267,1823.22,1640.154,44000,65.28%,70.32%,272,270
2025/6/28,07:00,27509.8,27383.26,5910,6324.821,2713.15,1039.447,2392.14,2183.238,44000,64.35%,69.28%,267,270
2025/6/28,07:15,27325.1,27207.01,6121,6359.193,2069.98,886.317,2976.69,2701.455,44000,64.54%,68.13%,265,265
2025/6/28,07:30,27114,26929.11,6623,7183.461,1995.98,713.862,3635.49,3215.198,44000,63.88%,68.60%,260,265
2025/6/28,07:45,26454.5,26654.5,7174,7746.768,1914.55,588.617,4295.42,3953.476,44000,62.31%,67.86%,260,260
2025/6/28,08:00,26164.2,26404.51,7709,8451.165,1778.53,532.076,5039.53,4757.081,44000,61.49%,67.20%,260,260
2025/6/28,08:15,26375.3,26269.68,8297,8904.627,1659.07,572.674,5832.72,5614.555,44000,61.77%,65.88%,260,265
2025/6/28,08:30,26032.3,26249.45,8549,9198.844,1605.04,529.736,6645.88,6484.536,44000,59.84%,64.62%,260,260
2025/6/28,08:45,25900.4,26062.53,8808,9246.392,1525.19,510.438,7446.09,7311.683,44000,58.49%,62.47%,260,260
2025/6/28,09:00,25847.7,26079.18,9064,9586.958,1429.15,504.323,8192.36,7973.926,44000,57.48%,61.79%,250,255
2025/6/28,09:15,25715.7,26104.92,9290,9914.602,1097.93,526.075,8896.71,8927.737,44000,56.84%,60.38%,250,246
2025/6/28,09:30,25715.7,25713.8,9289,9876.301,1061.49,535.232,9578.81,9657.718,44000,55.37%,57.72%,240,239
2025/6/28,09:45,25794.9,25411.32,9289,9914.28,1041.46,521.26,10197.82,10490.318,44000,54.19%,55.26%,234,240
2025/6/28,10:00,25768.5,25335.35,9289,9511.352,997.38,526.173,10754.15,10885.722,44000,52.97%,53.26%,230,235
2025/6/28,10:15,25610.2,25523.75,9291,9424.112,989.65,530.021,11282.67,11425.807,44000,51.43%,52.25%,230,230
2025/6/28,10:30,25794.9,25811.68,9028,9228.797,986.43,577.972,11750.71,11808.38,44000,50.19%,51.49%,220,230
2025/6/28,10:45,25953.2,25804.75,8772,8819.918,987.52,578.025,12182.67,12106.813,44000,48.99%,49.86%,209,226
2025/6/28,11:00,26533.6,26109.03,8516,8705.136,987.26,602.917,12571.17,12048.11,44000,48.84%,50.37%,220,230
2025/6/28,11:15,26903,27243.17,8203,8404.277,999.52,649.786,12913.11,11945.942,44000,48.17%,52.39%,235,230
2025/6/28,11:30,27061.3,27020.37,8052,8126.14,1013.76,665.89,13202.83,12118.842,44000,47.49%,50.82%,230,230
2025/6/28,11:45,26982.1,27004.47,7901,8060.715,1037.59,652.219,13408.05,12026.904,44000,46.45%,50.88%,215,220
2025/6/28,12:00,26586.4,26500.94,7749,7759.119,1056.59,614.612,13546.89,12391.262,44000,44.85%,48.30%,220,200
2025/6/28,12:15,26137.9,25785.15,7636,7840.057,1078.89,593.904,13669.8,12289.494,44000,43.24%,47.14%,223.1,192.33
2025/6/28,12:30,25821.3,25653.61,7868,8106.988,1095.07,587.25,13795.23,12444.331,44000,42.73%,47.11%,212.87,190.65
2025/6/28,12:45,25583.8,25662.13,8100,7659.205,1112.14,622.283,13773.36,12061.229,44000,42.72%,46.90%,213.12,174.51
2025/6/28,13:00,25478.3,25413.18,8332,7899.778,1127.47,681.513,13739.37,12199.34,44000,43.05%,46.44%,217.32,188.95
2025/6/28,13:15,25425.5,25349.28,8569,7834.236,1157.07,694.956,13626.69,12111.634,44000,43.66%,46.31%,213.19,183.01
2025/6/28,13:30,25399.1,25321.15,8567,8172.38,1183.29,680.501,13419.73,11891.977,44000,44.01%,47.55%,219.8,200
2025/6/28,13:45,25425.5,24866.62,8567,8405.256,1214.01,691.732,13155.48,11901.011,44000,44.60%,47.00%,222.78,195
2025/6/28,14:00,25504.7,24816.86,8567,8326.494,1241.2,693.852,12913.74,11897.916,44000,45.27%,46.71%,203.26,215
2025/6/28,14:15,25663,24833.86,8575,9002.887,1256.32,755.473,12588.22,11967.938,44000,46.35%,47.98%,222.03,200
2025/6/28,14:30,25900.4,24895.69,8571,8656.823,1260.17,743.012,12215.31,11605.717,44000,47.72%,48.19%,227,205
2025/6/28,14:45,26164.2,25229.53,8571,8119.528,1268.45,675.862,11737.71,11540.725,44000,49.38%,48.03%,233,230
2025/6/28,15:00,26533.6,25360.12,8571,7968.025,1293.57,668.789,11282.31,10997.948,44000,51.20%,49.23%,205,235
2025/6/28,15:15,27034.9,25778.9,8582,8084.143,1294.9,682.937,10799.88,10559.614,44000,53.46%,51.41%,230,245
2025/6/28,15:30,27483.4,26054.94,8514,8038.038,1291.56,688.036,10246.09,10132.941,44000,55.59%,52.89%,239.91,245
2025/6/28,15:45,27852.8,26534.57,8447,7434.561,1334.85,775.525,9660.67,9443.876,44000,57.51%,53.98%,250,259
2025/6/28,16:00,28143,26612.6,8380,7465.253,1533.58,836.702,9043.31,8737.653,44000,58.97%,55.69%,255,256.05
2025/6/28,16:15,28406.8,27159.84,8299,7975.391,1565.19,879.765,8362.99,8061.386,44000,60.86%,59.53%,265,265
2025/6/28,16:30,28670.7,27626.81,7892,7989.317,1576.31,974.057,7663.68,7422.182,44000,62.10%,61.86%,260,260
2025/6/28,16:45,28987.3,28123.77,7515,7604.189,1596.69,945.532,6976.9,6846.777,44000,63.47%,63.49%,262,270
2025/6/28,17:00,29383,28682.27,7124,7595.372,1642.59,865.709,6274.24,6096.673,44000,64.98%,66.63%,260,270
2025/6/28,17:15,29646.8,28728.52,6816,7758.746,1727.69,846.566,5502.63,5503.961,44000,66.44%,68.49%,270,270
2025/6/28,17:30,29884.3,29618.46,6932,7584.722,1776.23,898.173,4751.9,4689.4,44000,68.84%,71.85%,280,280
2025/6/28,17:45,30148.1,29841.44,7056,7724.071,1835.07,901.922,3969.64,4002.388,44000,71.36%,74.23%,280,285
2025/6/28,18:00,30412,30269.33,7177,7849.944,1906.43,903.714,3211.61,3315.956,44000,73.80%,77.04%,299,295.45
2025/6/28,18:15,30649.4,30889.99,7256,7793.561,1967.03,896.795,2519.73,2723.408,44000,75.95%,79.69%,315,290
2025/6/28,18:30,30781.3,30927.52,7255,8075.415,2047.85,919.847,1899.48,2156.636,44000,77.47%,81.65%,326,310.17
2025/6/28,18:45,30966,31245.04,7255,7994.425,2167.6,901.203,1371.24,1650.826,44000,78.82%,83.38%,360,300.36
2025/6/28,19:00,31124.3,31412.14,7254,7774.418,2088.19,961.584,915.02,1157.769,44000,80.40%,84.24%,341,298.39
2025/6/28,19:15,31229.8,31678.93,7254,7760.89,2152.6,1030.742,543.36,702.699,44000,81.34%,85.70%,340,310.16
2025/6/28,19:30,31335.4,31850.44,7223,7762.047,2177.99,1195.122,277.59,317.522,44000,82.05%,86.59%,332,300.35
2025/6/28,19:45,31467.3,31745.28,7192,7683.21,2223.52,1232.184,107.46,48.123,44000,82.56%,86.70%,340,315.07
2025/6/28,20:00,31625.6,32271.07,7161,7679.757,2320.95,1298.777,5.55,6.298,44000,82.86%,87.83%,380,314.09
2025/6/28,20:15,31678.3,32577.88,7130,7704.444,2382.05,1389.687,1.01,4.456,44000,82.78%,88.38%,365,305.25
2025/6/28,20:30,31783.9,32356.05,7107,7550.937,2430.21,1541.746,0.79,2.179,44000,82.86%,87.19%,355,315.07
2025/6/28,20:45,31810.3,32402.07,7085,7650.349,2527.8,1671.378,0.54,3.012,44000,82.65%,87.22%,365,310.16
2025/6/28,21:00,31599.2,32289.56,7063,7764.74,2567.07,1676.22,0,3.495,44000,82.03%,87.21%,365,305.25
2025/6/28,21:15,31467.3,32486.36,6982,7622.861,2618.19,1557.867,0,3.323,44000,81.43%,87.61%,341,312.12
2025/6/28,21:30,31256.2,32185.85,6868,7566.605,2766.05,1531.255,0,3.281,44000,80.36%,86.86%,330,303.28
2025/6/28,21:45,31071.5,32204.66,6755,7371.913,2897.49,1507.285,0,3.424,44000,79.38%,86.51%,339,300.34
2025/6/28,22:00,30754.9,31701.75,6640,7458.833,3039.96,1531.576,0,3.392,44000,78.08%,85.51%,332,306.23
2025/6/28,22:15,30491.1,31492.4,6523,7584.732,3663.06,1586.388,50,3.396,44000,75.68%,85.20%,315,294.45
2025/6/28,22:30,30464.7,30954.89,6155,7154.2,3672.17,1667.336,50,3.284,44000,74.77%,82.81%,314,298.37
2025/6/28,22:45,29937,30473.14,5797,7072.878,3641.24,1750.427,50,3.462,44000,72.82%,81.35%,319,289
2025/6/28,23:00,29620.4,30246.67,5435,6647.97,3633.36,1866.707,50,3.469,44000,71.30%,79.60%,305,285
2025/6/28,23:15,29303.8,30060.09,5130,6630.393,3655.39,1930.741,50,2.579,44000,69.84%,78.99%,295,280
2025/6/28,23:30,28960.9,29527.62,5130,6052.79,3593.12,1880.356,50,2.74,44000,69.20%,76.58%,285,280
2025/6/28,23:45,28565.1,29131.44,5130,5625.712,3527.22,1791.254,50,2.71,44000,68.45%,74.92%,280,275
2025/6/28,24:00,28459.6,29080.24,5130,5548.935,3384.38,1733.665,0,2.737,44000,68.65%,74.76%,278,275
2025/6/29,00:15,29483.2,29784.15,5317,5598.929,1930.58,1673.578,0.05,2.707,42280,77.74%,79.72%,1283,1283
2025/6/29,00:30,29334.8,30010.68,5311,5412.428,1869.77,1626.365,0.1,2.737,42280,77.52%,79.93%,1283,602
2025/6/29,00:45,29087.5,29532.2,5307,5617.134,1747.63,1585.932,0.15,2.7,42280,77.22%,79.38%,1166,1166
2025/6/29,01:00,28840.1,29237.03,5302,5791.519,1664.21,1483.94,0.21,2.737,42280,76.82%,79.33%,1282,602
2025/6/29,01:15,28493.8,28900.8,5299,5652.82,1598.99,1301.456,0.26,2.73,42280,76.14%,78.64%,1162,602
2025/6/29,01:30,28221.7,28453.73,5287,5447.523,1527.96,1233.649,0.3,2.735,42280,75.64%,77.26%,598,602
2025/6/29,01:45,27949.6,28271.44,5276,5535.407,1468.98,1179.786,0.35,2.738,42280,75.11%,77.16%,498,602
2025/6/29,02:00,27751.8,28250.74,5264,5413.933,1412.26,1204.153,0.4,2.736,42280,74.75%,76.77%,602,597.01
2025/6/29,02:15,27529.1,28030.48,5250,5347.879,1375.05,1250.85,0.45,2.738,42280,74.28%,75.98%,681,598
2025/6/29,02:30,27479.7,27889.36,5250,5171.127,1335.06,1274.588,0.5,2.731,42280,74.25%,75.17%,602,400
2025/6/29,02:45,27454.9,27710.96,5250,5396.051,1393.03,1331.398,0.55,2.734,42280,74.06%,75.15%,389,398.4
2025/6/29,03:00,27380.7,27452.7,5250,5249.146,1351.88,1403.777,0.6,2.742,42280,73.98%,74.02%,398,335
2025/6/29,03:15,27207.6,27269.27,5250,5304.965,1325.52,1398.799,0.64,2.73,42280,73.63%,73.73%,340,400
2025/6/29,03:30,27059.2,27212.84,5265,5432.845,1292.17,1451.178,0.69,2.727,42280,73.39%,73.77%,332,398
2025/6/29,03:45,27009.7,27038.78,5281,5458.388,1265.71,1447.563,0.73,2.727,42280,73.38%,73.43%,321,398.4
2025/6/29,04:00,27009.7,27058.37,5297,5281.39,1243.86,1441.194,0.78,2.737,42280,73.47%,73.07%,321,335
2025/6/29,04:15,27009.7,27036.19,5313,5334.162,1216.63,1390.183,0.82,2.739,42280,73.57%,73.27%,301,398
2025/6/29,04:30,27009.7,27051.3,5318,5456.153,1194.62,1288.492,0.89,2.763,42280,73.63%,73.83%,301,456
2025/6/29,04:45,27034.4,27175.61,5323,5337.705,1168.43,1193.666,0.98,2.736,42280,73.77%,74.07%,335,398
2025/6/29,05:00,27158.1,27511.65,5328,5284.417,1140.44,1191.537,2.99,2.89,42280,74.13%,74.74%,400,598
2025/6/29,05:15,27356,27609.4,5346,5256.651,1114.8,1217.271,31.18,13.526,42280,74.64%,74.82%,600,602
2025/6/29,05:30,27454.9,27452.45,5337,5753.456,1091.53,1238.637,114.76,120.759,42280,74.71%,75.32%,602,598
2025/6/29,05:45,27529.1,27735.94,5329,5822.865,1066.32,1255.698,299.09,409.261,42280,74.49%,75.43%,602,550
2025/6/29,06:00,27727,27803.95,5320,5227.21,1044.39,1194.539,602.66,802.11,42280,74.27%,73.40%,398.4,601
2025/6/29,06:15,27924.9,27864.39,5320,5374.042,1023.26,1137.042,1024.58,1268.206,42280,73.79%,72.93%,301,398
2025/6/29,06:30,27875.4,27556.73,5488,5515.711,1001.04,1063.945,1563.96,1827.217,42280,72.84%,71.38%,301,398.4
2025/6/29,06:45,27652.8,27146.74,5658,5852.465,987.26,988.295,2244.69,2459.468,42280,71.14%,69.89%,301,301
2025/6/29,07:00,27331.2,26883.21,5827,5795.457,994.52,1007.582,3028.99,3180.283,42280,68.91%,67.39%,285,301
2025/6/29,07:15,26886,26644.56,6069,6067.222,934.83,1042.982,3925.07,4025.367,42280,66.45%,65.38%,265,279
2025/6/29,07:30,26564.8,25988.84,6624,6891.03,910.94,1024.999,4917.67,5006.721,42280,64.71%,63.50%,265,270
2025/6/29,07:45,26346,25771.84,7228,7132.13,889.09,975.354,5985.16,6018.51,42280,63.15%,61.28%,253,270
2025/6/29,08:00,26127.2,25349.75,7816,7778.627,861.66,918.491,7120.4,7079.625,42280,61.40%,59.44%,255,265
2025/6/29,08:15,25662.4,24860.69,8456,8418.887,853.62,834.972,8262.06,8207.511,42280,59.14%,57.33%,254,257
2025/6/29,08:30,25416.3,24558.9,8670,8676.922,838.46,774.124,9426.37,9372.966,42280,56.34%,54.61%,239,258
2025/6/29,08:45,25224.9,24604.17,8888,8833.463,825.14,782.241,10545.59,10605.244,42280,53.79%,52.15%,200,235
2025/6/29,09:00,25115.5,24189.92,9103,9402.01,771.27,776.031,11585.16,11687.605,42280,51.71%,49.97%,200,234.92
2025/6/29,09:15,25006.1,24119.86,9290,9234.13,770.74,783.359,12557.33,12829.575,42280,49.59%,46.69%,219,232.51
2025/6/29,09:30,24896.8,23765.27,9289,9397.09,757.65,769.663,13468.43,13906.049,42280,47.21%,43.72%,27.36,187.29
2025/6/29,09:45,24814.7,23681.41,9289,9231.928,749.22,758.795,14269.45,14886.319,42280,45.14%,40.84%,29.62,188.54
2025/6/29,10:00,24814.7,23298.8,9289,9704.695,720.21,775.689,15016.97,15700.104,42280,43.44%,39.09%,29.43,29.79
2025/6/29,10:15,24814.7,23192.67,9291,10822.64,704.63,798.923,15690.37,16683.73,42280,41.89%,39.10%,29.25,30.02
2025/6/29,10:30,24814.7,23234.91,9028,11397.14,708.95,737.704,16280.6,17420.296,42280,39.86%,38.96%,29.47,31.04
2025/6/29,10:45,24978.8,23419.8,8772,11190.66,722.27,764.274,16769.79,17991.684,42280,38.45%,37.50%,29.56,30.8
2025/6/29,11:00,25361.6,23691.6,8516,10771.58,726,722.314,17172.91,17456.6,42280,37.79%,38.52%,29.74,30.71
2025/6/29,11:15,26455.4,25058.62,8203,11519.49,738.57,707.228,17482.46,18852.498,42280,38.88%,40.25%,29.51,30.31
2025/6/29,11:30,26510.1,25080.55,8052,11559.14,752.24,720.086,17715.34,18922.158,42280,38.07%,40.20%,29.45,30.48
2025/6/29,11:45,26264,24936.07,7901,11812.17,772.01,758.575,17891.43,19421.367,42280,36.66%,39.19%,29.34,30.65
2025/6/29,12:00,25744.4,24590.29,7749,12282.84,792.73,747.936,18015.59,19167.947,42280,34.73%,40.11%,29.56,30.66
2025/6/29,12:15,25389,24320.31,7636,11551.19,819.67,776.587,18006.71,18824.383,42280,33.58%,38.48%,31.54,33.06
2025/6/29,12:30,25060.8,24276.16,7868,11899.9,844.2,876.325,17978.48,18291.831,42280,33.36%,40.23%,31.51,33.06
2025/6/29,12:45,24814.7,24117.41,8100,12602.48,875.74,978.048,17799.97,17985.097,42280,33.68%,42.00%,31.44,33.11
2025/6/29,13:00,24623.3,24141.22,8332,12071.6,906.53,1055.297,17535.74,17948.298,42280,34.33%,40.70%,197.38,33.22
2025/6/29,13:15,24459.2,24031.58,8569,12716.6,942.89,1128.222,17228.4,17601.824,42280,35.14%,42.62%,197.59,33.26
2025/6/29,13:30,24185.8,24322.18,8567,12563.46,983.04,1238.294,16836.52,16728.608,42280,35.32%,44.75%,218.84,33.26
2025/6/29,13:45,23994.4,24352.39,8567,12163.95,1025.07,1336.754,16383.91,15924.16,42280,35.84%,45.54%,218.79,33.37
2025/6/29,14:00,23994.4,24573.67,8567,11518.08,1078.34,1416.774,15912.46,14940.717,42280,36.83%,46.68%,248.61,32.97
2025/6/29,14:15,23994.4,24872.82,8575,11175.5,1138.7,1571.995,15364.52,14868.628,42280,38.00%,46.38%,235.05,32.8
2025/6/29,14:30,24131.1,24953.48,8571,10750.36,1208.1,1584.493,14787.91,14435.126,42280,39.51%,46.56%,237.2,196.27
2025/6/29,14:45,24431.9,25239.4,8571,9934.586,1279,1611.82,14113.18,13825.568,42280,41.65%,46.68%,246.85,43.36
2025/6/29,15:00,24705.3,25278.55,8571,8826.815,1365.66,1726.714,13428.34,12977.083,42280,43.71%,45.89%,230,226.06
2025/6/29,15:15,25006.1,25954.8,8582,8716.582,1456.47,1844.608,12754.23,12567.224,42280,45.83%,47.92%,240,215.79
2025/6/29,15:30,25252.2,26340.89,8531,8525.433,1520.32,1856.885,12015.24,12032.021,42280,47.89%,49.62%,250,199.01
2025/6/29,15:45,25525.7,26581.48,8482,8531.326,1583.6,1858.1,11289.24,11243.238,42280,49.99%,52.06%,253,247
2025/6/29,16:00,26318.6,26921.07,8433,8389.04,1632.27,1906.907,10536.88,10414.132,42280,53.41%,54.37%,258,251
2025/6/29,16:15,27002.3,27299.74,8370,8453.588,1708.88,2007.749,9728.55,9624.593,42280,56.61%,57.05%,255,265
2025/6/29,16:30,27685.9,27846.53,7949,8223.287,1772.47,2142.032,8867.42,8942.013,42280,59.12%,59.10%,290,264
2025/6/29,16:45,28314.8,28346.42,7558,7377.525,1862.36,2155.829,8028.45,7987.141,42280,61.45%,60.50%,280,275
2025/6/29,17:00,28998.4,28559.42,7153,7570.971,1968.86,2287.634,7175.89,6852.513,42280,63.88%,63.84%,274.82,295
2025/6/29,17:15,29435.9,29111.86,6833,6934.923,2045.49,2300.896,6268.69,6045.798,42280,66.12%,65.52%,285,301
2025/6/29,17:30,29900.8,30045.84,6960,6840.873,2115.63,2462.216,5336.99,5110.193,42280,69.56%,69.33%,301,350
2025/6/29,17:45,30228.9,30349.52,7094,7221.271,2072.91,2699.679,4385.2,4280.54,42280,73.00%,72.35%,321,350
2025/6/29,18:00,30475,30788.22,7226,7376.524,2140,2875.887,3502.27,3494.004,42280,75.82%,75.20%,1160,800
2025/6/29,18:15,30857.8,31009.75,7317,7435.356,2185.59,2944.686,2730.21,2689.733,42280,78.66%,77.60%,1283,602
2025/6/29,18:30,30920.3,31450.89,7316,7369.244,2228.16,3130.452,2049.67,2143.847,42280,80.32%,79.34%,1290,1281
2025/6/29,18:45,31061.3,31515.68,7316,7212.697,2250.5,3329.415,1454.34,1551.453,42280,82.01%,80.06%,1285,1281
2025/6/29,19:00,31262.3,31295.65,7315,7436.84,2292.78,3645.732,968.23,1060.235,42280,83.53%,80.48%,1283,1283
2025/6/29,19:15,31445.3,31596.5,7315,7430.359,2353.21,3811.213,571.56,627.919,42280,84.76%,81.81%,1285,1289
2025/6/29,19:30,31555.3,31535.7,7305,7297.897,2452.28,3953.206,291.27,288.643,42280,85.42%,81.82%,1281,1281
2025/6/29,19:45,31737.3,31571.17,7296,7443.751,2541.47,4089.566,116.36,56.532,42280,86.03%,82.47%,1285,1290
2025/6/29,20:00,31939.3,31832.02,7286,7504.531,2665.71,4309.347,7.76,4.113,42280,86.45%,82.84%,1290,1290
2025/6/29,20:15,32100.3,32265.36,7277,7411.202,2717.48,4547.446,4,3.969,42280,86.70%,83.08%,1290,1293
2025/6/29,20:30,32079.3,32611.37,7254,7242.371,2735.58,4727.144,1.68,2.807,42280,86.56%,83.07%,1286,1289
2025/6/29,20:45,31918.3,32612.07,7232,7240.678,2782.84,4761.255,1.36,1.887,42280,86.01%,82.99%,1289,1282
2025/6/29,21:00,31856.3,32465.62,7210,7426.208,2803.25,4660.088,0.78,1.959,42280,85.77%,83.32%,1299,1283
2025/6/29,21:15,31670.3,32643.96,7130,7070.189,2805.76,4512.408,0.73,2.399,42280,85.13%,83.25%,1290,1285
2025/6/29,21:30,31593.3,32346.07,6994,7101.941,2814.38,4456.874,0.69,2.457,42280,84.61%,82.75%,1283,1281
2025/6/29,21:45,31354.3,32123.48,6862,6866.624,2862.41,4366.429,0.64,2.419,42280,83.62%,81.89%,1282,1289
2025/6/29,22:00,30963.3,31932,6725,6744.769,2918.87,4264.012,0.6,2.485,42280,82.23%,81.39%,1250,1283
2025/6/29,22:15,30820.3,31586.13,6589,6819.107,3039.87,4240.756,0.55,2.415,42280,81.29%,80.80%,1158,1289
2025/6/29,22:30,30405.3,31305.73,6221,6370.103,3090.49,4224.444,0.5,2.408,42280,79.32%,79.11%,950,1250
2025/6/29,22:45,29993.3,30717.81,5864,5875.458,3096.63,4068.834,0.45,2.463,42280,77.48%,76.92%,597.01,681
2025/6/29,23:00,29654.3,30141.61,5503,5670.639,3086.14,3927.078,0.4,2.502,42280,75.85%,75.41%,340,602
2025/6/29,23:15,29587.3,29812.56,5199,5384.677,3260.83,3776.474,0.35,1.56,42280,74.56%,74.31%,388,398.4
2025/6/29,23:30,29217.3,29840.25,5199,5239.136,3217.79,3630.149,0.3,1.744,42280,73.79%,74.38%,301,600
2025/6/29,23:45,28741.3,29389.79,5199,5436.665,3160.62,3386.308,0.26,1.743,42280,72.80%,74.36%,315,315
2025/6/29,24:00,28445.3,29083.04,5199,5350.17,3178.63,3215.388,0,1.764,42280,72.06%,73.83%,500.6,340
2025/6/30,00:15,29883,30274.82,5475,5579.274,4310.56,2979.793,0,1.652,43150,71.95%,76.18%,300,315
2025/6/30,00:30,29667.4,30034.57,5474,5633.067,4190.08,2820.839,0,1.764,43150,71.73%,76.12%,289,285
2025/6/30,00:45,29427.9,29601.07,5474,5732.874,4080.57,2674.2,0,1.766,43150,71.43%,75.68%,290,287
2025/6/30,01:00,29116.5,29342.9,5474,5494.577,3977.75,2574.301,0,1.782,43150,70.94%,74.77%,280,282
2025/6/30,01:15,28805.1,29223.68,5474,5633.714,3892.54,2493.627,0,1.767,43150,70.42%,75.00%,275,278
2025/6/30,01:30,28493.7,28832.85,5462,5762.885,3793,2361.443,0,1.765,43150,69.90%,74.70%,274,275
2025/6/30,01:45,28350,28958.67,5451,5508.726,3701.32,2315.789,25,1.766,43150,69.70%,74.51%,274,278
2025/6/30,02:00,28182.3,28565.29,5440,5694.432,3616.43,2227.343,25,1.765,43150,69.48%,74.23%,274,275
2025/6/30,02:15,28014.7,28244.89,5426,5277.672,3490.8,2220.46,75,1.77,43150,69.23%,72.54%,274,270
2025/6/30,02:30,27799.1,27623.41,5447,5399.328,3396.17,2165.471,75,1.763,43150,69.00%,71.51%,270,275
2025/6/30,02:45,27631.4,27644.99,5469,5160.897,3280.95,2119.9,75,1.768,43150,68.93%,71.11%,265,270
2025/6/30,03:00,27511.6,27965.8,5491,5230.425,3187.34,2118.103,75,1.828,43150,68.92%,72.02%,265,270
2025/6/30,03:15,27439.8,27661.75,5514,5321.431,3113.12,2102.022,75,1.764,43150,68.98%,71.56%,265,270
2025/6/30,03:30,27248.2,27595.31,5514,5170.608,3036.06,2056.195,75,1.779,43150,68.72%,71.17%,270,270
2025/6/30,03:45,27104.4,27388.34,5514,5333.591,2945.35,2049.665,75,1.767,43150,68.59%,71.08%,269,270
2025/6/30,04:00,27104.4,27443.39,5514,5331.441,2873.07,2040.91,75,1.691,43150,68.76%,71.22%,269,270
2025/6/30,04:15,26936.8,27370.25,5514,5363.14,2809.93,1982.117,75,1.709,43150,68.52%,71.26%,267,270
2025/6/30,04:30,26936.8,27276.9,5508,5408.754,2762.88,1938.698,75.05,1.693,43150,68.61%,71.25%,268,270
2025/6/30,04:45,27032.6,27549.4,5502,5281.216,2708.67,1915.274,75.24,1.695,43150,68.95%,71.64%,270,270
2025/6/30,05:00,27224.2,27276.12,5496,5392.375,2656.04,1796.609,78.07,1.887,43150,69.49%,71.54%,270,270
2025/6/30,05:15,27391.9,27422.17,5503,5358.751,2614.63,1700.377,105.18,47.677,43150,69.93%,71.92%,270,274
2025/6/30,05:30,27511.6,27791.14,5498,5342.205,2517.54,1595.858,187.33,258.609,43150,70.23%,72.49%,270,270
2025/6/30,05:45,27727.2,27912.04,5494,5407.099,2483.17,1523.782,358.75,604.834,43150,70.40%,72.28%,270,271
2025/6/30,06:00,27918.8,27741.36,5490,5534.735,2454.53,1470.46,651.81,1062.441,43150,70.23%,71.25%,270,274
2025/6/30,06:15,27966.7,28385.81,5493,5372.376,2403.12,1304.703,1022.84,1552.064,43150,69.60%,71.61%,270,270
2025/6/30,06:30,27799.8,28294.03,5631,5451.863,2361.49,1258.361,1553.27,2081.694,43150,68.40%,70.47%,270,270
2025/6/30,06:45,27580.3,28106.83,5771,5814.266,2323.88,1155.3,2169.57,2603.744,43150,66.88%,69.90%,270,270
2025/6/30,07:00,27287.7,27468,5910,5951.254,2301.11,1079.77,2854.92,3340.024,43150,64.99%,67.21%,265,265
2025/6/30,07:15,27043.9,27441.73,6121,5971.727,1616.46,972.373,3561.95,4116.783,43150,64.86%,65.64%,260,260
2025/6/30,07:30,26726.9,26911.36,6623,6711.011,1552.2,822.258,4338.72,4878.658,43150,63.64%,64.71%,253,260
2025/6/30,07:45,26556.2,26949.31,7174,7418.317,1490.93,705.433,5118.72,5476.62,43150,62.85%,65.32%,250,260
2025/6/30,08:00,26361.2,26596.48,7709,7895.068,1350.96,682.052,5968.07,6315.131,43150,62.00%,63.72%,253,260
2025/6/30,08:15,26141.7,26871.66,8297,8453.539,1217.52,633.769,6836.33,7021.053,43150,61.15%,64.13%,260,259
2025/6/30,08:30,25922.3,27075.08,8549,8689.088,1181.72,603.898,7697.7,7543.497,43150,59.31%,64.00%,256,250
2025/6/30,08:45,25776,27231.01,8808,9044.803,1031.54,600.202,8514.52,8110.403,43150,58.03%,63.88%,265,248
2025/6/30,09:00,25654.1,27068.49,9064,9191.47,974.95,622.814,9284.91,8970.891,43150,56.68%,61.80%,260,240
2025/6/30,09:15,25605.3,27129.45,9290,8280.096,959.71,686.576,9982.52,9609.069,43150,55.51%,58.20%,250,245
2025/6/30,09:30,25532.1,26923.26,9289,8318.342,954.23,746.682,10652.76,10454.179,43150,53.80%,55.71%,250,235
2025/6/30,09:45,25532.1,27111.66,9289,8007.694,957.76,759.84,11249.14,10694.139,43150,52.41%,54.84%,235,235
2025/6/30,10:00,25532.1,26925.43,9289,8988.234,945.86,825.768,11799.27,10858.426,43150,51.16%,56.15%,235,229.84
2025/6/30,10:15,25751.6,27271.02,9291,8512.343,961.68,836.089,12285.8,11626.976,43150,50.51%,54.04%,240,238.84
2025/6/30,10:30,25971,27322.18,9028,8438.865,986.82,823.49,12699.97,12307.998,43150,49.39%,52.44%,238,227.76
2025/6/30,10:45,26312.4,27518.91,8772,7865.116,1021.08,852.654,13029.13,12784.875,43150,48.75%,50.40%,235,227.53
2025/6/30,11:00,26848.8,27883.78,8516,7764.357,1048.78,939.088,13300.19,13542.371,43150,48.70%,49.05%,235,226.46
2025/6/30,11:15,27580.3,29012.88,8203,7658.639,1096.44,1110.81,13481.29,13785.287,43150,49.14%,50.46%,240,228.77
2025/6/30,11:30,27726.6,29165.76,8052,7300.133,1148.06,1365.295,13600.86,13838.065,43150,48.74%,49.28%,235,232.76
2025/6/30,11:45,27507.2,28818.62,7901,7400.329,1202.51,1509.256,13624.81,14013.701,43150,47.70%,47.96%,228.95,226.56
2025/6/30,12:00,27117.1,28209.8,7749,7012.31,1262.61,1799.598,13645.8,13920.715,43150,46.25%,45.20%,198.91,227.54
2025/6/30,12:15,26897.6,27902.72,7636,6882.198,1349.01,1963.866,13575.85,13578.282,43150,45.44%,44.60%,217.65,217.41
2025/6/30,12:30,26678.2,27939.73,7868,7132.559,1445.77,2226.53,13482.97,13527.77,43150,45.46%,44.77%,218.08,223.4
2025/6/30,12:45,26385.6,27947.56,8100,7628.347,1546.24,2346.924,13262.61,13087.286,43150,45.60%,46.68%,237.84,216
2025/6/30,13:00,26190.5,27614.26,8332,7639.797,1638.79,2666.047,12999.23,12716.143,43150,46.08%,46.05%,236.75,227.06
2025/6/30,13:15,26117.3,27607.4,8569,8708.732,1738.78,2892.674,12652.6,11667.952,43150,47.03%,50.42%,238.17,224.25
2025/6/30,13:30,26044.2,27747.74,8567,8515.623,1843.55,3076.59,12221.73,11236.921,43150,47.62%,50.87%,239.9,227.31
2025/6/30,13:45,26019.8,27686.03,8567,8494.236,1948.8,3266.592,11739.68,10468.93,43150,48.43%,52.02%,239.91,227.03
2025/6/30,14:00,26019.8,28213.23,8567,8555.159,2052.23,3039.268,11243.49,10064.666,43150,49.34%,54.84%,248.1,227.25
2025/6/30,14:15,26117.3,28357.73,8575,8394.28,2171.25,2899.506,10668.98,8646.67,43150,50.64%,58.41%,248.96,227.2
2025/6/30,14:30,26312.4,28797.47,8571,8861.994,2249.8,2712.022,10046.02,7767.74,43150,52.35%,62.99%,265,237.31
2025/6/30,14:45,26531.8,28962.71,8571,8802.479,2318.94,2524.956,9371.64,7401.777,43150,54.26%,64.52%,269.1,239.5
2025/6/30,15:00,26678.2,29255.96,8571,8741.101,2403.66,2580.541,8752.28,7081.509,43150,55.84%,65.67%,282,247.15
2025/6/30,15:15,27043.9,29364.88,8582,8344.616,2455.69,2531.171,8154.63,6615.976,43150,57.97%,66.19%,280,250
2025/6/30,15:30,27263.3,29274.04,8514,8623.454,2465.3,2476.804,7533.51,6016.316,43150,59.74%,68.14%,270,252
2025/6/30,15:45,27531.6,29150.87,8447,8336.127,2515.63,2522.111,6905.78,5418.164,43150,61.55%,68.47%,274,250
2025/6/30,16:00,27775.4,29146.89,8380,8460.066,2761.46,2715.38,6296.51,5013.444,43150,62.80%,69.24%,270,260
2025/6/30,16:15,28214.3,29570.57,8299,8417.584,2912.3,2942.294,5644.94,4594.067,43150,64.79%,70.57%,270,265.55
2025/6/30,16:30,28677.6,29719.67,7892,7956.391,2916.47,3129.474,5037.56,4213.799,43150,66.32%,70.30%,270,265
2025/6/30,16:45,29043.3,30108.37,7515,7737.341,2945.8,3164.454,4444.41,3878.918,43150,67.60%,71.38%,270,265
2025/6/30,17:00,29067.7,30111.22,7124,7076.397,2963.12,3361.054,3868.29,3539.048,43150,68.04%,70.19%,265,266.1
2025/6/30,17:15,29406,30128.99,6816,6866.338,2921.8,3633.67,3296.58,2999.094,43150,69.53%,70.37%,266,274
2025/6/30,17:30,29981,30489.03,6932,6965.279,2846.41,3591.905,2781.94,2477.741,43150,72.50%,72.73%,270,279.9
2025/6/30,17:45,30463,30574.52,7056,7228.367,2632.53,3616.038,2284.75,2128.125,43150,75.55%,74.30%,270,295.43
2025/6/30,18:00,30744,30346.49,7177,7339.311,2600.82,3538.564,1810.19,1854.945,43150,77.66%,74.84%,280,295.43
2025/6/30,18:15,31118,30699.79,7256,7330.383,2535.38,3262.014,1405.91,1569.807,43150,79.80%,76.94%,290,299.36
2025/6/30,18:30,31344,30791.26,7255,7269.974,2460.36,3273.07,1063.5,1294.276,43150,81.29%,77.62%,290,298.37
2025/6/30,18:45,31754,30629.17,7255,7407.874,2404.16,3140.662,776.27,976.944,43150,83.03%,78.61%,295,315.07
2025/6/30,19:00,31877,30860.72,7254,7269.717,2329.88,2809.533,527.55,705.985,43150,84.06%,80.22%,290,320
2025/6/30,19:15,31915,31050.58,7254,7309.362,2321.02,2664.17,317.1,407.978,43150,84.66%,81.78%,295,320
2025/6/30,19:30,32073,31370.16,7223,7359.901,2327.45,2553.522,167.32,179.978,43150,85.29%,83.42%,305,330
2025/6/30,19:45,31871,31226.51,7192,7320.094,2345.36,2774.51,67.15,56.554,43150,84.94%,82.77%,310,320
2025/6/30,20:00,32400,31285.97,7161,7350.488,2391.5,2904.396,2.92,12.794,43150,86.13%,82.78%,330,335
2025/6/30,20:15,32389,31571.96,7130,7355.249,2398.84,3046.131,0.25,3.477,43150,86.03%,83.15%,325,339
2025/6/30,20:30,32395,31640.71,7107,7198.987,2400.34,3151.096,0.08,2.581,43150,85.98%,82.70%,310,320
2025/6/30,20:45,32241,31443.82,7085,7286.16,2404.35,3271.214,0,2.758,43150,85.57%,82.17%,299,320
2025/6/30,21:00,32239,31184.73,7063,7260.83,2421.15,3123.518,0,2.945,43150,85.47%,81.85%,295,325
2025/6/30,21:15,32087,31258.45,6982,7098.333,2499.84,3174.52,0,2.972,43150,84.75%,81.53%,284,311.14
2025/6/30,21:30,32078.6,31055.99,6868,6918.179,2737.17,3272.077,0,2.905,43150,83.92%,80.42%,276,320
2025/6/30,21:45,31908.6,30968,6755,6800.774,2812.28,3281.312,0,2.917,43150,83.09%,79.92%,274.45,320
2025/6/30,22:00,31665.6,30393.69,6640,6723.446,2903.18,3238.937,0,2.889,43150,82.05%,78.51%,274,318.02
2025/6/30,22:15,31277,30030.2,6523,6662.306,3005.17,3227.661,0,2.884,43150,80.64%,77.55%,274,310.16
2025/6/30,22:30,30694,29831.86,6155,6346.177,3060.22,3169.69,0,2.839,43150,78.31%,76.49%,271,295.42
2025/6/30,22:45,30208.2,29438.54,5797,5985.298,3649.56,3034.021,0,2.887,43150,74.98%,75.06%,269,286
2025/6/30,23:00,29965.3,29077.5,5435,5669.288,3684.01,2931.233,0,2.887,43150,73.50%,73.73%,270,285
2025/6/30,23:15,29285.1,28720.54,5130,5399.279,3701.45,2837.539,50,2.136,43150,71.06%,72.49%,270,275
2025/6/30,23:30,29042.2,28376.93,5130,5243.116,3719.1,2765.856,50,2.19,43150,70.46%,71.50%,270,275
2025/6/30,23:45,28799.3,28251.51,5130,5101.681,3740.71,2760.152,50,2.215,43150,69.85%,70.89%,260,275
2025/6/30,24:00,28702.2,27799.76,5130,5194.78,3701.15,2838.92,0,2.217,43150,69.83%,69.88%,260,270
