times,target,actual,segment,prediction
2026-01-01 00:15:00,real_time_price,290.1,valley,253.26748657226562
2026-01-01 00:30:00,real_time_price,323.1,valley,347.2467041015625
2026-01-01 00:45:00,real_time_price,247.87,valley,320.6793518066406
2026-01-01 01:00:00,real_time_price,263.99,valley,258.7144775390625
2026-01-01 01:15:00,real_time_price,247.01,valley,263.32757568359375
2026-01-01 01:30:00,real_time_price,190.55,valley,242.52487182617188
2026-01-01 01:45:00,real_time_price,222.92,valley,209.9633026123047
2026-01-01 02:00:00,real_time_price,227.75,valley,216.74282836914062
2026-01-01 02:15:00,real_time_price,240.0,valley,222.9679412841797
2026-01-01 02:30:00,real_time_price,250.0,valley,221.74444580078125
2026-01-01 02:45:00,real_time_price,150.0,valley,230.7621612548828
2026-01-01 03:00:00,real_time_price,150.38,valley,198.01145935058594
2026-01-01 03:15:00,real_time_price,196.0,valley,176.260009765625
2026-01-01 03:30:00,real_time_price,206.69,valley,190.0251922607422
2026-01-01 03:45:00,real_time_price,213.29,valley,200.88111877441406
2026-01-01 04:00:00,real_time_price,205.06,valley,205.20425415039062
2026-01-01 04:15:00,real_time_price,200.41,valley,209.56307983398438
2026-01-01 04:30:00,real_time_price,200.0,valley,189.23585510253906
2026-01-01 04:45:00,real_time_price,191.42,valley,188.7876434326172
2026-01-01 05:00:00,real_time_price,150.3,valley,178.32965087890625
2026-01-01 05:15:00,real_time_price,121.24,valley,176.1893310546875
2026-01-01 05:30:00,real_time_price,200.0,valley,151.57354736328125
2026-01-01 05:45:00,real_time_price,0.0,valley,172.69630432128906
2026-01-01 06:00:00,real_time_price,188.46,valley,124.75753021240234
2026-01-01 06:15:00,real_time_price,10.29,valley,174.19415283203125
2026-01-01 06:30:00,real_time_price,150.15,valley,175.83004760742188
2026-01-01 06:45:00,real_time_price,-42.84,valley,121.92817687988281
2026-01-01 07:00:00,real_time_price,-0.81,valley,185.68865966796875
2026-01-01 07:15:00,real_time_price,0.0,valley,70.18431854248047
2026-01-01 07:30:00,real_time_price,0.0,valley,63.285152435302734
2026-01-01 07:45:00,real_time_price,0.0,valley,72.31816101074219
2026-01-01 08:00:00,real_time_price,-45.0,flat,33.74903106689453
2026-01-01 08:15:00,real_time_price,-50.0,flat,67.5087661743164
2026-01-01 08:30:00,real_time_price,-50.0,flat,73.26518249511719
2026-01-01 08:45:00,real_time_price,-50.0,flat,-22.897781372070312
2026-01-01 09:00:00,real_time_price,-50.0,flat,35.97325897216797
2026-01-01 09:15:00,real_time_price,-44.04,flat,-14.422966957092285
2026-01-01 09:30:00,real_time_price,-45.27,flat,-12.602228164672852
2026-01-01 09:45:00,real_time_price,-44.14,flat,15.1146821975708
2026-01-01 10:00:00,real_time_price,-44.14,peak,76.5564193725586
2026-01-01 10:15:00,real_time_price,-50.0,peak,52.78615188598633
2026-01-01 10:30:00,real_time_price,-50.0,peak,39.03749465942383
2026-01-01 10:45:00,real_time_price,-50.0,peak,19.90009117126465
2026-01-01 11:00:00,real_time_price,-39.72,peak,24.427364349365234
2026-01-01 11:15:00,real_time_price,-50.0,peak,59.31056213378906
2026-01-01 11:30:00,real_time_price,-49.46,peak,26.97775650024414
2026-01-01 11:45:00,real_time_price,-37.91,peak,38.55208969116211
2026-01-01 12:00:00,real_time_price,-41.97,flat,-2.0953469276428223
2026-01-01 12:15:00,real_time_price,-42.81,flat,72.96370697021484
2026-01-01 12:30:00,real_time_price,-39.76,flat,2.782194137573242
2026-01-01 12:45:00,real_time_price,142.48,flat,-1.8885079622268677
2026-01-01 13:00:00,real_time_price,-0.12,flat,136.68421936035156
2026-01-01 13:15:00,real_time_price,-50.0,flat,73.110107421875
2026-01-01 13:30:00,real_time_price,-40.49,flat,9.559767723083496
2026-01-01 13:45:00,real_time_price,12.12,flat,21.27495574951172
2026-01-01 14:00:00,real_time_price,-18.47,peak,43.691810607910156
2026-01-01 14:15:00,real_time_price,-38.96,peak,30.484771728515625
2026-01-01 14:30:00,real_time_price,-38.38,peak,12.178925514221191
2026-01-01 14:45:00,real_time_price,-38.76,peak,24.420352935791016
2026-01-01 15:00:00,real_time_price,-38.56,peak,21.548025131225586
2026-01-01 15:15:00,real_time_price,-39.76,peak,39.66777038574219
2026-01-01 15:30:00,real_time_price,-38.94,peak,86.94595336914062
2026-01-01 15:45:00,real_time_price,-41.64,peak,81.70878601074219
2026-01-01 16:00:00,real_time_price,9.93,peak,101.25880432128906
2026-01-01 16:15:00,real_time_price,-40.42,peak,136.91151428222656
2026-01-01 16:30:00,real_time_price,-42.06,peak,190.4215850830078
2026-01-01 16:45:00,real_time_price,9.56,peak,145.11036682128906
2026-01-01 17:00:00,real_time_price,274.47,peak,146.69631958007812
2026-01-01 17:15:00,real_time_price,182.35,peak,247.54405212402344
2026-01-01 17:30:00,real_time_price,204.98,peak,297.7980651855469
2026-01-01 17:45:00,real_time_price,242.21,peak,258.29351806640625
2026-01-01 18:00:00,real_time_price,241.3,peak,270.5132751464844
2026-01-01 18:15:00,real_time_price,250.1,peak,276.7214660644531
2026-01-01 18:30:00,real_time_price,257.41,peak,271.54071044921875
2026-01-01 18:45:00,real_time_price,256.0,peak,293.9905700683594
2026-01-01 19:00:00,real_time_price,205.53,flat,289.1758117675781
2026-01-01 19:15:00,real_time_price,100.65,flat,288.9629211425781
2026-01-01 19:30:00,real_time_price,210.36,flat,298.16302490234375
2026-01-01 19:45:00,real_time_price,191.66,flat,294.93707275390625
2026-01-01 20:00:00,real_time_price,262.14,flat,284.5299377441406
2026-01-01 20:15:00,real_time_price,253.9,flat,287.9664001464844
2026-01-01 20:30:00,real_time_price,249.39,flat,312.85858154296875
2026-01-01 20:45:00,real_time_price,251.35,flat,314.58343505859375
2026-01-01 21:00:00,real_time_price,251.9,flat,315.36932373046875
2026-01-01 21:15:00,real_time_price,269.39,flat,309.9708251953125
2026-01-01 21:30:00,real_time_price,262.73,flat,289.5203552246094
2026-01-01 21:45:00,real_time_price,159.25,flat,316.72198486328125
2026-01-01 22:00:00,real_time_price,254.25,flat,334.2175598144531
2026-01-01 22:15:00,real_time_price,250.65,flat,304.8234558105469
2026-01-01 22:30:00,real_time_price,248.99,flat,281.2792053222656
2026-01-01 22:45:00,real_time_price,241.5,flat,280.84600830078125
2026-01-01 23:00:00,real_time_price,266.22,flat,284.0707702636719
2026-01-01 23:15:00,real_time_price,253.59,flat,277.620849609375
2026-01-01 23:30:00,real_time_price,239.24,flat,281.8503723144531
2026-01-01 23:45:00,real_time_price,246.63,flat,267.36627197265625
2026-01-02 00:00:00,real_time_price,245.23,valley,234.5768280029297
2026-01-02 00:15:00,real_time_price,322.15,valley,237.5828857421875
2026-01-02 00:30:00,real_time_price,461.38,valley,341.6076354980469
2026-01-02 00:45:00,real_time_price,332.99,valley,284.77764892578125
2026-01-02 01:00:00,real_time_price,276.14,valley,303.10430908203125
2026-01-02 01:15:00,real_time_price,275.84,valley,274.0199890136719
2026-01-02 01:30:00,real_time_price,277.0,valley,261.0935363769531
2026-01-02 01:45:00,real_time_price,264.44,valley,281.1480407714844
2026-01-02 02:00:00,real_time_price,266.41,valley,260.25726318359375
2026-01-02 02:15:00,real_time_price,265.53,valley,263.01470947265625
2026-01-02 02:30:00,real_time_price,267.96,valley,263.0322570800781
2026-01-02 02:45:00,real_time_price,246.49,valley,258.1256103515625
2026-01-02 03:00:00,real_time_price,157.41,valley,242.77734375
2026-01-02 03:15:00,real_time_price,43.25,valley,204.2855682373047
2026-01-02 03:30:00,real_time_price,43.25,valley,140.21453857421875
2026-01-02 03:45:00,real_time_price,43.25,valley,97.65695190429688
2026-01-02 04:00:00,real_time_price,43.25,valley,76.99414825439453
2026-01-02 04:15:00,real_time_price,17.49,valley,73.24317932128906
2026-01-02 04:30:00,real_time_price,17.49,valley,21.03986358642578
2026-01-02 04:45:00,real_time_price,43.25,valley,9.28042221069336
2026-01-02 05:00:00,real_time_price,10.0,valley,44.045440673828125
2026-01-02 05:15:00,real_time_price,102.0,valley,11.888145446777344
2026-01-02 05:30:00,real_time_price,43.25,valley,41.302894592285156
2026-01-02 05:45:00,real_time_price,43.25,valley,94.60889434814453
2026-01-02 06:00:00,real_time_price,43.25,valley,60.449405670166016
2026-01-02 06:15:00,real_time_price,43.25,valley,106.22578430175781
2026-01-02 06:30:00,real_time_price,208.24,valley,104.43601989746094
2026-01-02 06:45:00,real_time_price,250.34,valley,250.16053771972656
2026-01-02 07:00:00,real_time_price,43.25,valley,199.0081024169922
2026-01-02 07:15:00,real_time_price,253.28,valley,144.68153381347656
2026-01-02 07:30:00,real_time_price,276.66,valley,243.88943481445312
2026-01-02 07:45:00,real_time_price,179.16,valley,246.60459899902344
2026-01-02 08:00:00,real_time_price,425.47,flat,370.5335998535156
2026-01-02 08:15:00,real_time_price,388.72,flat,465.51422119140625
2026-01-02 08:30:00,real_time_price,341.99,flat,613.605712890625
2026-01-02 08:45:00,real_time_price,249.01,flat,426.5763244628906
2026-01-02 09:00:00,real_time_price,303.29,flat,289.7681579589844
2026-01-02 09:15:00,real_time_price,280.06,flat,261.39105224609375
2026-01-02 09:30:00,real_time_price,174.17,flat,229.14639282226562
2026-01-02 09:45:00,real_time_price,255.01,flat,246.42544555664062
2026-01-02 10:00:00,real_time_price,252.39,peak,231.73138427734375
2026-01-02 10:15:00,real_time_price,70.74,peak,214.8225555419922
2026-01-02 10:30:00,real_time_price,188.29,peak,194.02279663085938
2026-01-02 10:45:00,real_time_price,178.19,peak,174.2225799560547
2026-01-02 11:00:00,real_time_price,-48.64,peak,170.29718017578125
2026-01-02 11:15:00,real_time_price,0.19,peak,159.78427124023438
2026-01-02 11:30:00,real_time_price,20.41,peak,84.2386703491211
2026-01-02 11:45:00,real_time_price,-48.66,peak,127.54827117919922
2026-01-02 12:00:00,real_time_price,0.77,flat,7.80890417098999
2026-01-02 12:15:00,real_time_price,-49.71,flat,143.3861083984375
2026-01-02 12:30:00,real_time_price,-48.95,flat,27.45401382446289
2026-01-02 12:45:00,real_time_price,-49.47,flat,-6.087836265563965
2026-01-02 13:00:00,real_time_price,-50.0,flat,16.92278289794922
2026-01-02 13:15:00,real_time_price,-48.21,flat,13.423606872558594
2026-01-02 13:30:00,real_time_price,-47.86,flat,17.647863388061523
2026-01-02 13:45:00,real_time_price,-28.86,flat,33.976043701171875
2026-01-02 14:00:00,real_time_price,-41.55,peak,32.10812759399414
2026-01-02 14:15:00,real_time_price,-40.01,peak,39.77451705932617
2026-01-02 14:30:00,real_time_price,-50.0,peak,36.155826568603516
2026-01-02 14:45:00,real_time_price,-45.63,peak,25.364288330078125
2026-01-02 15:00:00,real_time_price,10.25,peak,11.483440399169922
2026-01-02 15:15:00,real_time_price,-44.48,peak,45.79027557373047
2026-01-02 15:30:00,real_time_price,10.75,peak,80.75796508789062
2026-01-02 15:45:00,real_time_price,239.44,peak,109.56304168701172
2026-01-02 16:00:00,real_time_price,280.33,peak,225.8500518798828
2026-01-02 16:15:00,real_time_price,269.73,peak,226.45782470703125
2026-01-02 16:30:00,real_time_price,330.89,peak,281.0489807128906
2026-01-02 16:45:00,real_time_price,309.85,peak,280.5545349121094
2026-01-02 17:00:00,real_time_price,398.07,peak,341.7398376464844
2026-01-02 17:15:00,real_time_price,344.4,peak,294.15948486328125
2026-01-02 17:30:00,real_time_price,311.26,peak,439.919921875
2026-01-02 17:45:00,real_time_price,431.12,peak,321.62109375
2026-01-02 18:00:00,real_time_price,379.45,peak,407.0383605957031
2026-01-02 18:15:00,real_time_price,488.11,peak,398.00933837890625
2026-01-02 18:30:00,real_time_price,400.86,peak,480.96490478515625
2026-01-02 18:45:00,real_time_price,618.61,peak,429.9148254394531
2026-01-02 19:00:00,real_time_price,715.52,flat,564.494140625
2026-01-02 19:15:00,real_time_price,1168.84,flat,582.5159301757812
2026-01-02 19:30:00,real_time_price,658.69,flat,759.8099365234375
2026-01-02 19:45:00,real_time_price,1102.52,flat,710.3882446289062
2026-01-02 20:00:00,real_time_price,495.69,flat,845.8320922851562
2026-01-02 20:15:00,real_time_price,325.89,flat,570.7301635742188
2026-01-02 20:30:00,real_time_price,329.98,flat,393.3509216308594
2026-01-02 20:45:00,real_time_price,684.16,flat,396.2344970703125
2026-01-02 21:00:00,real_time_price,731.51,flat,466.4024963378906
2026-01-02 21:15:00,real_time_price,370.58,flat,451.4766540527344
2026-01-02 21:30:00,real_time_price,351.95,flat,479.4393615722656
2026-01-02 21:45:00,real_time_price,335.25,flat,379.7254943847656
2026-01-02 22:00:00,real_time_price,531.7,flat,351.7715148925781
2026-01-02 22:15:00,real_time_price,667.08,flat,392.8936462402344
2026-01-02 22:30:00,real_time_price,292.27,flat,481.695556640625
2026-01-02 22:45:00,real_time_price,485.39,flat,378.5360412597656
2026-01-02 23:00:00,real_time_price,452.69,flat,358.8460388183594
2026-01-02 23:15:00,real_time_price,342.44,flat,363.2310485839844
2026-01-02 23:30:00,real_time_price,284.93,flat,338.5937805175781
2026-01-02 23:45:00,real_time_price,291.56,flat,305.1700439453125
2026-01-03 00:00:00,real_time_price,267.11,valley,268.4412841796875
2026-01-03 00:15:00,real_time_price,314.75,valley,277.511962890625
2026-01-03 00:30:00,real_time_price,291.8,valley,460.3161315917969
2026-01-03 00:45:00,real_time_price,297.24,valley,310.68280029296875
2026-01-03 01:00:00,real_time_price,260.98,valley,264.6457824707031
2026-01-03 01:15:00,real_time_price,323.14,valley,247.9927215576172
2026-01-03 01:30:00,real_time_price,285.75,valley,286.4979248046875
2026-01-03 01:45:00,real_time_price,252.82,valley,275.953125
2026-01-03 02:00:00,real_time_price,410.22,valley,246.45660400390625
2026-01-03 02:15:00,real_time_price,392.69,valley,297.0599670410156
2026-01-03 02:30:00,real_time_price,390.65,valley,327.1107177734375
2026-01-03 02:45:00,real_time_price,374.34,valley,337.366943359375
2026-01-03 03:00:00,real_time_price,342.84,valley,347.9097900390625
2026-01-03 03:15:00,real_time_price,327.27,valley,336.4678649902344
2026-01-03 03:30:00,real_time_price,338.18,valley,318.05584716796875
2026-01-03 03:45:00,real_time_price,302.07,valley,310.2379150390625
2026-01-03 04:00:00,real_time_price,326.26,valley,293.6504821777344
2026-01-03 04:15:00,real_time_price,311.05,valley,303.04107666015625
2026-01-03 04:30:00,real_time_price,305.12,valley,300.33819580078125
2026-01-03 04:45:00,real_time_price,312.06,valley,289.7122802734375
2026-01-03 05:00:00,real_time_price,303.61,valley,283.5707702636719
2026-01-03 05:15:00,real_time_price,310.15,valley,281.7115783691406
2026-01-03 05:30:00,real_time_price,301.45,valley,300.992431640625
2026-01-03 05:45:00,real_time_price,353.31,valley,298.283935546875
2026-01-03 06:00:00,real_time_price,326.18,valley,362.4408264160156
2026-01-03 06:15:00,real_time_price,328.29,valley,319.243896484375
2026-01-03 06:30:00,real_time_price,359.75,valley,316.6363830566406
2026-01-03 06:45:00,real_time_price,402.13,valley,326.8832702636719
2026-01-03 07:00:00,real_time_price,433.47,valley,349.47503662109375
2026-01-03 07:15:00,real_time_price,424.73,valley,334.413818359375
2026-01-03 07:30:00,real_time_price,498.73,valley,367.0588073730469
2026-01-03 07:45:00,real_time_price,579.09,valley,363.5948486328125
2026-01-03 08:00:00,real_time_price,543.24,flat,496.5711364746094
2026-01-03 08:15:00,real_time_price,571.27,flat,512.1328735351562
2026-01-03 08:30:00,real_time_price,509.16,flat,612.5989379882812
2026-01-03 08:45:00,real_time_price,352.31,flat,433.6383972167969
2026-01-03 09:00:00,real_time_price,306.22,flat,371.3529968261719
2026-01-03 09:15:00,real_time_price,327.33,flat,326.77008056640625
2026-01-03 09:30:00,real_time_price,304.98,flat,276.8109130859375
2026-01-03 09:45:00,real_time_price,294.07,flat,278.5581970214844
2026-01-03 10:00:00,real_time_price,303.44,peak,284.7810974121094
2026-01-03 10:15:00,real_time_price,287.78,peak,298.77874755859375
2026-01-03 10:30:00,real_time_price,259.81,peak,292.6580810546875
2026-01-03 10:45:00,real_time_price,272.71,peak,266.0595703125
2026-01-03 11:00:00,real_time_price,287.01,peak,351.6795349121094
2026-01-03 11:15:00,real_time_price,277.65,peak,300.9893798828125
2026-01-03 11:30:00,real_time_price,252.47,peak,281.4472961425781
2026-01-03 11:45:00,real_time_price,253.02,peak,250.94190979003906
2026-01-03 12:00:00,real_time_price,253.5,flat,171.105712890625
2026-01-03 12:15:00,real_time_price,8.93,flat,213.90370178222656
2026-01-03 12:30:00,real_time_price,233.05,flat,99.29004669189453
2026-01-03 12:45:00,real_time_price,14.41,flat,236.5429229736328
2026-01-03 13:00:00,real_time_price,6.18,flat,59.92943572998047
2026-01-03 13:15:00,real_time_price,211.38,flat,21.549962997436523
2026-01-03 13:30:00,real_time_price,256.56,flat,250.6761474609375
2026-01-03 13:45:00,real_time_price,259.41,flat,256.6380310058594
2026-01-03 14:00:00,real_time_price,159.71,peak,239.8217315673828
2026-01-03 14:15:00,real_time_price,250.28,peak,187.58779907226562
2026-01-03 14:30:00,real_time_price,199.35,peak,206.13523864746094
2026-01-03 14:45:00,real_time_price,227.37,peak,268.3892822265625
2026-01-03 15:00:00,real_time_price,212.35,peak,200.96775817871094
2026-01-03 15:15:00,real_time_price,176.5,peak,310.977783203125
2026-01-03 15:30:00,real_time_price,292.34,peak,235.89842224121094
2026-01-03 15:45:00,real_time_price,298.36,peak,280.6622619628906
2026-01-03 16:00:00,real_time_price,354.96,peak,323.5857238769531
2026-01-03 16:15:00,real_time_price,270.98,peak,293.0039367675781
2026-01-03 16:30:00,real_time_price,309.67,peak,350.6102600097656
2026-01-03 16:45:00,real_time_price,363.83,peak,325.3004455566406
2026-01-03 17:00:00,real_time_price,295.67,peak,383.71722412109375
2026-01-03 17:15:00,real_time_price,342.34,peak,380.1957702636719
2026-01-03 17:30:00,real_time_price,320.08,peak,361.2969665527344
2026-01-03 17:45:00,real_time_price,321.49,peak,341.3833923339844
2026-01-03 18:00:00,real_time_price,352.27,peak,330.8307189941406
2026-01-03 18:15:00,real_time_price,343.03,peak,343.660400390625
2026-01-03 18:30:00,real_time_price,328.01,peak,379.5378112792969
2026-01-03 18:45:00,real_time_price,332.94,peak,388.9783935546875
2026-01-03 19:00:00,real_time_price,343.94,flat,320.12017822265625
2026-01-03 19:15:00,real_time_price,319.86,flat,375.48876953125
2026-01-03 19:30:00,real_time_price,368.3,flat,354.591796875
2026-01-03 19:45:00,real_time_price,401.93,flat,383.69158935546875
2026-01-03 20:00:00,real_time_price,361.3,flat,384.5052490234375
2026-01-03 20:15:00,real_time_price,359.74,flat,346.02203369140625
2026-01-03 20:30:00,real_time_price,340.68,flat,358.2702941894531
2026-01-03 20:45:00,real_time_price,419.53,flat,344.9456787109375
2026-01-03 21:00:00,real_time_price,428.78,flat,424.7668762207031
2026-01-03 21:15:00,real_time_price,371.13,flat,403.2269592285156
2026-01-03 21:30:00,real_time_price,359.9,flat,376.490478515625
2026-01-03 21:45:00,real_time_price,327.72,flat,340.86566162109375
2026-01-03 22:00:00,real_time_price,311.02,flat,329.3020935058594
2026-01-03 22:15:00,real_time_price,315.94,flat,331.7093505859375
2026-01-03 22:30:00,real_time_price,278.21,flat,327.4881591796875
2026-01-03 22:45:00,real_time_price,65.24,flat,291.373046875
2026-01-03 23:00:00,real_time_price,266.02,flat,238.86195373535156
2026-01-03 23:15:00,real_time_price,256.44,flat,283.6743469238281
2026-01-03 23:30:00,real_time_price,249.42,flat,261.4971618652344
2026-01-03 23:45:00,real_time_price,218.79,flat,288.93048095703125
2026-01-04 00:00:00,real_time_price,249.09,valley,243.80471801757812
2026-01-04 00:15:00,real_time_price,275.92,valley,249.33517456054688
2026-01-04 00:30:00,real_time_price,358.74,valley,347.4117126464844
2026-01-04 00:45:00,real_time_price,273.83,valley,353.61737060546875
2026-01-04 01:00:00,real_time_price,267.12,valley,286.2811279296875
2026-01-04 01:15:00,real_time_price,416.85,valley,269.4906311035156
2026-01-04 01:30:00,real_time_price,395.39,valley,331.3935241699219
2026-01-04 01:45:00,real_time_price,333.2,valley,340.1719665527344
2026-01-04 02:00:00,real_time_price,307.98,valley,357.4532775878906
2026-01-04 02:15:00,real_time_price,295.09,valley,348.9520568847656
2026-01-04 02:30:00,real_time_price,281.41,valley,309.68829345703125
2026-01-04 02:45:00,real_time_price,291.69,valley,291.8580017089844
2026-01-04 03:00:00,real_time_price,281.33,valley,285.249755859375
2026-01-04 03:15:00,real_time_price,283.56,valley,282.16717529296875
2026-01-04 03:30:00,real_time_price,277.04,valley,279.49261474609375
2026-01-04 03:45:00,real_time_price,288.05,valley,272.6957702636719
2026-01-04 04:00:00,real_time_price,288.54,valley,275.2384948730469
2026-01-04 04:15:00,real_time_price,265.45,valley,282.7206726074219
2026-01-04 04:30:00,real_time_price,303.74,valley,267.874267578125
2026-01-04 04:45:00,real_time_price,280.07,valley,290.403076171875
2026-01-04 05:00:00,real_time_price,280.23,valley,285.7025451660156
2026-01-04 05:15:00,real_time_price,296.02,valley,280.1604919433594
2026-01-04 05:30:00,real_time_price,276.93,valley,285.3539733886719
2026-01-04 05:45:00,real_time_price,269.8,valley,290.5641784667969
2026-01-04 06:00:00,real_time_price,269.3,valley,274.7529296875
2026-01-04 06:15:00,real_time_price,345.48,valley,273.8446350097656
2026-01-04 06:30:00,real_time_price,333.03,valley,331.32049560546875
2026-01-04 06:45:00,real_time_price,290.47,valley,353.32275390625
2026-01-04 07:00:00,real_time_price,318.32,valley,318.0118103027344
2026-01-04 07:15:00,real_time_price,314.17,valley,328.32159423828125
2026-01-04 07:30:00,real_time_price,462.17,valley,329.047607421875
2026-01-04 07:45:00,real_time_price,598.79,valley,439.0161437988281
2026-01-04 08:00:00,real_time_price,351.55,flat,479.78814697265625
2026-01-04 08:15:00,real_time_price,382.4,flat,406.20111083984375
2026-01-04 08:30:00,real_time_price,352.87,flat,459.4953918457031
2026-01-04 08:45:00,real_time_price,295.47,flat,384.8105773925781
2026-01-04 09:00:00,real_time_price,359.18,flat,322.5299072265625
2026-01-04 09:15:00,real_time_price,342.11,flat,337.1452941894531
2026-01-04 09:30:00,real_time_price,303.35,flat,357.6589660644531
2026-01-04 09:45:00,real_time_price,290.39,flat,314.9625549316406
2026-01-04 10:00:00,real_time_price,248.59,peak,264.9072570800781
2026-01-04 10:15:00,real_time_price,277.16,peak,242.30154418945312
2026-01-04 10:30:00,real_time_price,271.43,peak,273.7348937988281
2026-01-04 10:45:00,real_time_price,233.86,peak,267.5902404785156
2026-01-04 11:00:00,real_time_price,272.04,peak,239.56228637695312
2026-01-04 11:15:00,real_time_price,263.44,peak,284.3523254394531
2026-01-04 11:30:00,real_time_price,240.56,peak,259.3542175292969
2026-01-04 11:45:00,real_time_price,256.31,peak,258.9616394042969
2026-01-04 12:00:00,real_time_price,253.65,flat,230.23939514160156
2026-01-04 12:15:00,real_time_price,0.03,flat,117.66946411132812
2026-01-04 12:30:00,real_time_price,5.47,flat,188.76951599121094
2026-01-04 12:45:00,real_time_price,162.98,flat,91.32147216796875
2026-01-04 13:00:00,real_time_price,104.19,flat,99.7803726196289
2026-01-04 13:15:00,real_time_price,8.05,flat,128.65599060058594
2026-01-04 13:30:00,real_time_price,158.41,flat,163.99900817871094
2026-01-04 13:45:00,real_time_price,200.79,flat,177.34449768066406
2026-01-04 14:00:00,real_time_price,236.36,peak,192.40902709960938
2026-01-04 14:15:00,real_time_price,42.36,peak,170.10635375976562
2026-01-04 14:30:00,real_time_price,62.04,peak,180.8079071044922
2026-01-04 14:45:00,real_time_price,87.46,peak,112.68367004394531
2026-01-04 15:00:00,real_time_price,240.75,peak,99.6709976196289
2026-01-04 15:15:00,real_time_price,252.94,peak,190.4156494140625
2026-01-04 15:30:00,real_time_price,241.84,peak,290.9814758300781
2026-01-04 15:45:00,real_time_price,266.44,peak,315.7623596191406
2026-01-04 16:00:00,real_time_price,274.75,peak,338.92242431640625
2026-01-04 16:15:00,real_time_price,285.46,peak,307.6831970214844
2026-01-04 16:30:00,real_time_price,292.59,peak,296.8882141113281
2026-01-04 16:45:00,real_time_price,405.86,peak,345.1148376464844
2026-01-04 17:00:00,real_time_price,304.6,peak,353.4194641113281
2026-01-04 17:15:00,real_time_price,302.53,peak,371.728271484375
2026-01-04 17:30:00,real_time_price,792.24,peak,323.3624267578125
2026-01-04 17:45:00,real_time_price,405.58,peak,447.6769104003906
2026-01-04 18:00:00,real_time_price,425.33,peak,403.4737243652344
2026-01-04 18:15:00,real_time_price,414.5,peak,410.63555908203125
2026-01-04 18:30:00,real_time_price,411.4,peak,481.64947509765625
2026-01-04 18:45:00,real_time_price,322.59,peak,466.56036376953125
2026-01-04 19:00:00,real_time_price,406.54,flat,434.53387451171875
2026-01-04 19:15:00,real_time_price,372.61,flat,390.8012390136719
2026-01-04 19:30:00,real_time_price,498.1,flat,416.2580261230469
2026-01-04 19:45:00,real_time_price,432.05,flat,462.5516052246094
2026-01-04 20:00:00,real_time_price,394.42,flat,450.2812805175781
2026-01-04 20:15:00,real_time_price,409.2,flat,385.6656188964844
2026-01-04 20:30:00,real_time_price,405.38,flat,440.3725280761719
2026-01-04 20:45:00,real_time_price,353.68,flat,474.83270263671875
2026-01-04 21:00:00,real_time_price,374.45,flat,446.3179931640625
2026-01-04 21:15:00,real_time_price,367.98,flat,390.2759704589844
2026-01-04 21:30:00,real_time_price,434.45,flat,399.68878173828125
2026-01-04 21:45:00,real_time_price,437.38,flat,402.2740478515625
2026-01-04 22:00:00,real_time_price,322.62,flat,418.6597595214844
2026-01-04 22:15:00,real_time_price,330.55,flat,368.6699523925781
2026-01-04 22:30:00,real_time_price,298.97,flat,328.2582092285156
2026-01-04 22:45:00,real_time_price,328.02,flat,316.1045227050781
2026-01-04 23:00:00,real_time_price,308.58,flat,309.3085632324219
2026-01-04 23:15:00,real_time_price,310.43,flat,295.2558288574219
2026-01-04 23:30:00,real_time_price,312.54,flat,293.5902099609375
2026-01-04 23:45:00,real_time_price,307.15,flat,307.5477294921875
2026-01-05 00:00:00,real_time_price,282.91,valley,296.04986572265625
2026-01-05 00:15:00,real_time_price,293.94,valley,280.6777648925781
2026-01-05 00:30:00,real_time_price,1000.39,valley,382.0234680175781
2026-01-05 00:45:00,real_time_price,337.69,valley,575.4000244140625
2026-01-05 01:00:00,real_time_price,320.34,valley,330.63494873046875
2026-01-05 01:15:00,real_time_price,310.28,valley,372.6372375488281
2026-01-05 01:30:00,real_time_price,307.09,valley,390.2728576660156
2026-01-05 01:45:00,real_time_price,296.03,valley,311.3179626464844
2026-01-05 02:00:00,real_time_price,291.46,valley,313.5382995605469
2026-01-05 02:15:00,real_time_price,285.42,valley,306.70361328125
2026-01-05 02:30:00,real_time_price,280.19,valley,310.456787109375
2026-01-05 02:45:00,real_time_price,285.33,valley,281.8604431152344
2026-01-05 03:00:00,real_time_price,278.07,valley,277.8643798828125
2026-01-05 03:15:00,real_time_price,278.27,valley,282.1257629394531
2026-01-05 03:30:00,real_time_price,279.0,valley,276.9669494628906
2026-01-05 03:45:00,real_time_price,275.1,valley,274.6817932128906
2026-01-05 04:00:00,real_time_price,275.93,valley,272.1839904785156
2026-01-05 04:15:00,real_time_price,276.12,valley,270.4306640625
2026-01-05 04:30:00,real_time_price,275.18,valley,271.2957763671875
2026-01-05 04:45:00,real_time_price,275.39,valley,266.44561767578125
2026-01-05 05:00:00,real_time_price,276.1,valley,266.79351806640625
2026-01-05 05:15:00,real_time_price,272.03,valley,270.1906433105469
2026-01-05 05:30:00,real_time_price,270.51,valley,271.3687744140625
2026-01-05 05:45:00,real_time_price,271.24,valley,271.76953125
2026-01-05 06:00:00,real_time_price,272.89,valley,283.41424560546875
2026-01-05 06:15:00,real_time_price,275.04,valley,283.0287780761719
2026-01-05 06:30:00,real_time_price,288.37,valley,288.0679016113281
2026-01-05 06:45:00,real_time_price,297.92,valley,307.9445495605469
2026-01-05 07:00:00,real_time_price,278.33,valley,324.0113525390625
2026-01-05 07:15:00,real_time_price,296.51,valley,310.23565673828125
2026-01-05 07:30:00,real_time_price,305.31,valley,299.9085998535156
2026-01-05 07:45:00,real_time_price,303.1,valley,309.4479675292969
2026-01-05 08:00:00,real_time_price,325.84,flat,318.4930114746094
2026-01-05 08:15:00,real_time_price,426.75,flat,345.7196350097656
2026-01-05 08:30:00,real_time_price,314.82,flat,436.0260925292969
2026-01-05 08:45:00,real_time_price,371.56,flat,347.4200744628906
2026-01-05 09:00:00,real_time_price,412.26,flat,369.007568359375
2026-01-05 09:15:00,real_time_price,366.13,flat,395.8528137207031
2026-01-05 09:30:00,real_time_price,355.73,flat,370.79638671875
2026-01-05 09:45:00,real_time_price,360.66,flat,358.5537414550781
2026-01-05 10:00:00,real_time_price,316.92,peak,347.5693664550781
2026-01-05 10:15:00,real_time_price,288.79,peak,302.752685546875
2026-01-05 10:30:00,real_time_price,292.06,peak,287.7869873046875
2026-01-05 10:45:00,real_time_price,288.64,peak,292.43359375
2026-01-05 11:00:00,real_time_price,288.59,peak,302.3721008300781
2026-01-05 11:15:00,real_time_price,296.2,peak,296.0802917480469
2026-01-05 11:30:00,real_time_price,280.23,peak,289.1053771972656
2026-01-05 11:45:00,real_time_price,311.46,peak,279.9065856933594
2026-01-05 12:00:00,real_time_price,136.4,flat,284.9189147949219
2026-01-05 12:15:00,real_time_price,268.53,flat,72.98683166503906
2026-01-05 12:30:00,real_time_price,283.8,flat,216.6971893310547
2026-01-05 12:45:00,real_time_price,188.07,flat,279.6101989746094
2026-01-05 13:00:00,real_time_price,273.5,flat,179.48159790039062
2026-01-05 13:15:00,real_time_price,209.44,flat,228.71681213378906
2026-01-05 13:30:00,real_time_price,161.14,flat,253.06991577148438
2026-01-05 13:45:00,real_time_price,281.76,flat,219.65078735351562
2026-01-05 14:00:00,real_time_price,292.52,peak,335.289306640625
2026-01-05 14:15:00,real_time_price,113.93,peak,281.6557922363281
2026-01-05 14:30:00,real_time_price,190.3,peak,207.97616577148438
2026-01-05 14:45:00,real_time_price,283.4,peak,222.91970825195312
2026-01-05 15:00:00,real_time_price,283.48,peak,282.3390197753906
2026-01-05 15:15:00,real_time_price,281.16,peak,278.43310546875
2026-01-05 15:30:00,real_time_price,289.36,peak,278.19403076171875
2026-01-05 15:45:00,real_time_price,284.64,peak,296.16412353515625
2026-01-05 16:00:00,real_time_price,287.31,peak,305.8309020996094
2026-01-05 16:15:00,real_time_price,295.06,peak,297.0733947753906
2026-01-05 16:30:00,real_time_price,312.59,peak,308.7613830566406
2026-01-05 16:45:00,real_time_price,342.31,peak,324.5601501464844
2026-01-05 17:00:00,real_time_price,323.03,peak,364.4290466308594
2026-01-05 17:15:00,real_time_price,401.17,peak,351.9561462402344
2026-01-05 17:30:00,real_time_price,375.96,peak,397.488525390625
2026-01-05 17:45:00,real_time_price,310.33,peak,368.3154602050781
2026-01-05 18:00:00,real_time_price,401.05,peak,334.6618957519531
2026-01-05 18:15:00,real_time_price,398.22,peak,409.0296936035156
2026-01-05 18:30:00,real_time_price,316.87,peak,421.3751220703125
2026-01-05 18:45:00,real_time_price,408.39,peak,365.5593566894531
2026-01-05 19:00:00,real_time_price,310.34,flat,396.7311096191406
2026-01-05 19:15:00,real_time_price,373.01,flat,328.737060546875
2026-01-05 19:30:00,real_time_price,359.43,flat,409.7389831542969
2026-01-05 19:45:00,real_time_price,320.45,flat,377.40081787109375
2026-01-05 20:00:00,real_time_price,401.65,flat,335.4764099121094
2026-01-05 20:15:00,real_time_price,386.19,flat,386.50830078125
2026-01-05 20:30:00,real_time_price,320.91,flat,409.41326904296875
2026-01-05 20:45:00,real_time_price,323.54,flat,361.1785583496094
2026-01-05 21:00:00,real_time_price,319.84,flat,345.0589599609375
2026-01-05 21:15:00,real_time_price,310.42,flat,330.01251220703125
2026-01-05 21:30:00,real_time_price,310.41,flat,318.90008544921875
2026-01-05 21:45:00,real_time_price,311.26,flat,307.56085205078125
2026-01-05 22:00:00,real_time_price,314.94,flat,316.1207275390625
2026-01-05 22:15:00,real_time_price,320.51,flat,319.4399108886719
2026-01-05 22:30:00,real_time_price,296.5,flat,315.432861328125
2026-01-05 22:45:00,real_time_price,313.79,flat,274.5727233886719
2026-01-05 23:00:00,real_time_price,290.05,flat,301.9427795410156
2026-01-05 23:15:00,real_time_price,280.3,flat,288.2607116699219
2026-01-05 23:30:00,real_time_price,277.09,flat,282.1383361816406
2026-01-05 23:45:00,real_time_price,281.49,flat,280.3475036621094
2026-01-06 00:00:00,real_time_price,274.99,valley,279.9194641113281
2026-01-06 00:15:00,real_time_price,281.91,valley,280.7672119140625
2026-01-06 00:30:00,real_time_price,252.05,valley,359.809814453125
2026-01-06 00:45:00,real_time_price,287.58,valley,293.9205322265625
2026-01-06 01:00:00,real_time_price,257.61,valley,265.7108459472656
2026-01-06 01:15:00,real_time_price,307.38,valley,280.0487365722656
2026-01-06 01:30:00,real_time_price,287.48,valley,291.64154052734375
2026-01-06 01:45:00,real_time_price,279.15,valley,281.7769470214844
2026-01-06 02:00:00,real_time_price,284.77,valley,276.7709655761719
2026-01-06 02:15:00,real_time_price,271.3,valley,278.5215148925781
2026-01-06 02:30:00,real_time_price,268.95,valley,272.260009765625
2026-01-06 02:45:00,real_time_price,270.09,valley,267.9477844238281
2026-01-06 03:00:00,real_time_price,251.94,valley,266.9024963378906
2026-01-06 03:15:00,real_time_price,265.69,valley,254.8949737548828
2026-01-06 03:30:00,real_time_price,259.05,valley,257.2705993652344
2026-01-06 03:45:00,real_time_price,244.75,valley,257.90142822265625
2026-01-06 04:00:00,real_time_price,255.55,valley,246.85385131835938
2026-01-06 04:15:00,real_time_price,258.63,valley,248.01412963867188
2026-01-06 04:30:00,real_time_price,244.94,valley,252.07443237304688
2026-01-06 04:45:00,real_time_price,219.94,valley,245.56947326660156
2026-01-06 05:00:00,real_time_price,247.94,valley,243.39476013183594
2026-01-06 05:15:00,real_time_price,166.32,valley,236.54444885253906
2026-01-06 05:30:00,real_time_price,247.94,valley,212.11729431152344
2026-01-06 05:45:00,real_time_price,250.05,valley,230.2250213623047
2026-01-06 06:00:00,real_time_price,253.13,valley,251.9146728515625
2026-01-06 06:15:00,real_time_price,260.04,valley,254.6873779296875
2026-01-06 06:30:00,real_time_price,270.87,valley,274.7079162597656
2026-01-06 06:45:00,real_time_price,273.54,valley,275.627685546875
2026-01-06 07:00:00,real_time_price,272.59,valley,272.1792297363281
2026-01-06 07:15:00,real_time_price,278.79,valley,268.35528564453125
2026-01-06 07:30:00,real_time_price,279.18,valley,313.5079650878906
2026-01-06 07:45:00,real_time_price,294.72,valley,308.1546630859375
2026-01-06 08:00:00,real_time_price,300.43,flat,296.5094299316406
2026-01-06 08:15:00,real_time_price,366.49,flat,311.7379455566406
2026-01-06 08:30:00,real_time_price,271.11,flat,368.9723815917969
2026-01-06 08:45:00,real_time_price,277.41,flat,304.1098327636719
2026-01-06 09:00:00,real_time_price,288.82,flat,296.2098388671875
2026-01-06 09:15:00,real_time_price,272.51,flat,280.8757629394531
2026-01-06 09:30:00,real_time_price,300.48,flat,277.876708984375
2026-01-06 09:45:00,real_time_price,287.65,flat,286.9716491699219
2026-01-06 10:00:00,real_time_price,297.94,peak,275.9888000488281
2026-01-06 10:15:00,real_time_price,246.95,peak,293.1779479980469
2026-01-06 10:30:00,real_time_price,273.29,peak,266.0583801269531
2026-01-06 10:45:00,real_time_price,263.48,peak,280.7391052246094
2026-01-06 11:00:00,real_time_price,279.0,peak,266.8712463378906
2026-01-06 11:15:00,real_time_price,294.45,peak,277.7749938964844
2026-01-06 11:30:00,real_time_price,283.0,peak,299.9599914550781
2026-01-06 11:45:00,real_time_price,284.85,peak,272.6846923828125
2026-01-06 12:00:00,real_time_price,283.97,flat,277.1436462402344
2026-01-06 12:15:00,real_time_price,262.41,flat,232.12364196777344
2026-01-06 12:30:00,real_time_price,282.17,flat,266.0906677246094
2026-01-06 12:45:00,real_time_price,263.65,flat,288.8303527832031
2026-01-06 13:00:00,real_time_price,143.75,flat,272.7227783203125
2026-01-06 13:15:00,real_time_price,217.93,flat,213.88644409179688
2026-01-06 13:30:00,real_time_price,301.12,flat,235.62008666992188
2026-01-06 13:45:00,real_time_price,290.83,flat,299.4911193847656
2026-01-06 14:00:00,real_time_price,291.51,peak,317.4443359375
2026-01-06 14:15:00,real_time_price,297.66,peak,269.49566650390625
2026-01-06 14:30:00,real_time_price,302.68,peak,273.9699401855469
2026-01-06 14:45:00,real_time_price,262.39,peak,297.8991394042969
2026-01-06 15:00:00,real_time_price,265.33,peak,286.8114318847656
2026-01-06 15:15:00,real_time_price,347.74,peak,274.7666320800781
2026-01-06 15:30:00,real_time_price,298.43,peak,302.5106506347656
2026-01-06 15:45:00,real_time_price,321.92,peak,308.3372802734375
2026-01-06 16:00:00,real_time_price,283.33,peak,318.86138916015625
2026-01-06 16:15:00,real_time_price,295.35,peak,297.12103271484375
2026-01-06 16:30:00,real_time_price,280.83,peak,304.7643737792969
2026-01-06 16:45:00,real_time_price,287.4,peak,300.0971374511719
2026-01-06 17:00:00,real_time_price,300.91,peak,295.020263671875
2026-01-06 17:15:00,real_time_price,300.7,peak,311.7927551269531
2026-01-06 17:30:00,real_time_price,321.6,peak,309.01385498046875
2026-01-06 17:45:00,real_time_price,316.28,peak,312.7566833496094
2026-01-06 18:00:00,real_time_price,344.48,peak,330.0008544921875
2026-01-06 18:15:00,real_time_price,342.16,peak,346.61083984375
2026-01-06 18:30:00,real_time_price,370.18,peak,368.0023193359375
2026-01-06 18:45:00,real_time_price,365.14,peak,376.7884216308594
2026-01-06 19:00:00,real_time_price,370.42,flat,371.3638000488281
2026-01-06 19:15:00,real_time_price,348.96,flat,372.4281311035156
2026-01-06 19:30:00,real_time_price,355.41,flat,411.31671142578125
2026-01-06 19:45:00,real_time_price,375.37,flat,398.5566101074219
2026-01-06 20:00:00,real_time_price,375.09,flat,361.5007629394531
2026-01-06 20:15:00,real_time_price,375.14,flat,356.6953430175781
2026-01-06 20:30:00,real_time_price,424.02,flat,379.16064453125
2026-01-06 20:45:00,real_time_price,378.61,flat,396.9976501464844
2026-01-06 21:00:00,real_time_price,438.92,flat,381.603759765625
2026-01-06 21:15:00,real_time_price,381.03,flat,405.6387634277344
2026-01-06 21:30:00,real_time_price,432.65,flat,417.5174255371094
2026-01-06 21:45:00,real_time_price,461.21,flat,415.3863220214844
2026-01-06 22:00:00,real_time_price,446.5,flat,415.7864990234375
2026-01-06 22:15:00,real_time_price,357.28,flat,407.5164489746094
2026-01-06 22:30:00,real_time_price,307.91,flat,366.5682373046875
2026-01-06 22:45:00,real_time_price,303.02,flat,321.5241394042969
2026-01-06 23:00:00,real_time_price,298.26,flat,300.1634216308594
2026-01-06 23:15:00,real_time_price,284.89,flat,281.9093017578125
2026-01-06 23:30:00,real_time_price,282.75,flat,279.55035400390625
2026-01-06 23:45:00,real_time_price,273.34,flat,278.4600830078125
2026-01-07 00:00:00,real_time_price,270.13,valley,280.4151611328125
2026-01-07 00:15:00,real_time_price,265.1,valley,285.2975769042969
2026-01-07 00:30:00,real_time_price,289.24,valley,441.66876220703125
2026-01-07 00:45:00,real_time_price,286.61,valley,309.7433776855469
2026-01-07 01:00:00,real_time_price,278.68,valley,279.7146911621094
2026-01-07 01:15:00,real_time_price,277.93,valley,283.3501281738281
2026-01-07 01:30:00,real_time_price,278.95,valley,275.7413024902344
2026-01-07 01:45:00,real_time_price,277.88,valley,277.3716125488281
2026-01-07 02:00:00,real_time_price,277.73,valley,275.71380615234375
2026-01-07 02:15:00,real_time_price,262.86,valley,276.727783203125
2026-01-07 02:30:00,real_time_price,269.84,valley,266.5273132324219
2026-01-07 02:45:00,real_time_price,265.5,valley,265.7787780761719
2026-01-07 03:00:00,real_time_price,265.5,valley,262.3518371582031
2026-01-07 03:15:00,real_time_price,254.11,valley,263.0928649902344
2026-01-07 03:30:00,real_time_price,259.26,valley,253.78358459472656
2026-01-07 03:45:00,real_time_price,257.0,valley,252.34930419921875
2026-01-07 04:00:00,real_time_price,262.71,valley,251.4419708251953
2026-01-07 04:15:00,real_time_price,260.63,valley,255.09205627441406
2026-01-07 04:30:00,real_time_price,254.0,valley,256.3958435058594
2026-01-07 04:45:00,real_time_price,254.0,valley,248.4571075439453
2026-01-07 05:00:00,real_time_price,252.0,valley,252.5775146484375
2026-01-07 05:15:00,real_time_price,252.0,valley,246.38580322265625
2026-01-07 05:30:00,real_time_price,252.0,valley,252.76686096191406
2026-01-07 05:45:00,real_time_price,258.54,valley,254.44525146484375
2026-01-07 06:00:00,real_time_price,254.0,valley,258.2132873535156
2026-01-07 06:15:00,real_time_price,269.61,valley,256.91534423828125
2026-01-07 06:30:00,real_time_price,270.0,valley,271.7740783691406
2026-01-07 06:45:00,real_time_price,273.34,valley,273.4698181152344
2026-01-07 07:00:00,real_time_price,277.52,valley,273.0558166503906
2026-01-07 07:15:00,real_time_price,278.96,valley,272.5036315917969
2026-01-07 07:30:00,real_time_price,285.54,valley,274.0229797363281
2026-01-07 07:45:00,real_time_price,290.64,valley,275.8031005859375
2026-01-07 08:00:00,real_time_price,290.68,flat,289.3233947753906
2026-01-07 08:15:00,real_time_price,296.92,flat,309.57061767578125
2026-01-07 08:30:00,real_time_price,278.78,flat,309.1375427246094
2026-01-07 08:45:00,real_time_price,311.0,flat,288.31866455078125
2026-01-07 09:00:00,real_time_price,274.59,flat,304.0751953125
2026-01-07 09:15:00,real_time_price,280.73,flat,276.2666015625
2026-01-07 09:30:00,real_time_price,281.46,flat,282.3805236816406
2026-01-07 09:45:00,real_time_price,316.86,flat,279.992431640625
2026-01-07 10:00:00,real_time_price,285.75,peak,303.111083984375
2026-01-07 10:15:00,real_time_price,316.9,peak,290.71649169921875
2026-01-07 10:30:00,real_time_price,187.65,peak,298.6276550292969
2026-01-07 10:45:00,real_time_price,285.66,peak,257.4165954589844
2026-01-07 11:00:00,real_time_price,288.19,peak,287.6842041015625
2026-01-07 11:15:00,real_time_price,188.06,peak,289.87298583984375
2026-01-07 11:30:00,real_time_price,759.39,peak,225.4318389892578
2026-01-07 11:45:00,real_time_price,469.89,peak,484.0225524902344
2026-01-07 12:00:00,real_time_price,93.71,flat,444.2000427246094
2026-01-07 12:15:00,real_time_price,27.26,flat,177.4508819580078
2026-01-07 12:30:00,real_time_price,151.2,flat,286.5543518066406
2026-01-07 12:45:00,real_time_price,77.5,flat,178.5021209716797
2026-01-07 13:00:00,real_time_price,38.82,flat,93.6267318725586
2026-01-07 13:15:00,real_time_price,-9.43,flat,87.70856475830078
2026-01-07 13:30:00,real_time_price,118.95,flat,62.48276901245117
2026-01-07 13:45:00,real_time_price,321.13,flat,115.47856140136719
2026-01-07 14:00:00,real_time_price,278.96,peak,299.18695068359375
2026-01-07 14:15:00,real_time_price,305.49,peak,234.48971557617188
2026-01-07 14:30:00,real_time_price,317.86,peak,288.0855407714844
2026-01-07 14:45:00,real_time_price,293.61,peak,304.2052917480469
2026-01-07 15:00:00,real_time_price,316.52,peak,297.8470764160156
2026-01-07 15:15:00,real_time_price,646.3,peak,300.31475830078125
2026-01-07 15:30:00,real_time_price,320.79,peak,407.9125671386719
2026-01-07 15:45:00,real_time_price,312.53,peak,306.8713684082031
2026-01-07 16:00:00,real_time_price,397.67,peak,321.62841796875
2026-01-07 16:15:00,real_time_price,335.41,peak,337.70208740234375
2026-01-07 16:30:00,real_time_price,426.15,peak,376.85333251953125
2026-01-07 16:45:00,real_time_price,482.62,peak,372.46893310546875
2026-01-07 17:00:00,real_time_price,554.05,peak,530.5283813476562
2026-01-07 17:15:00,real_time_price,327.96,peak,584.1492309570312
2026-01-07 17:30:00,real_time_price,601.67,peak,383.8810729980469
2026-01-07 17:45:00,real_time_price,560.21,peak,503.44122314453125
2026-01-07 18:00:00,real_time_price,654.97,peak,527.2130126953125
2026-01-07 18:15:00,real_time_price,859.32,peak,484.7019348144531
2026-01-07 18:30:00,real_time_price,830.51,peak,690.7291259765625
2026-01-07 18:45:00,real_time_price,908.45,peak,580.776611328125
2026-01-07 19:00:00,real_time_price,823.71,flat,965.6337280273438
2026-01-07 19:15:00,real_time_price,839.95,flat,728.2706909179688
2026-01-07 19:30:00,real_time_price,1304.99,flat,846.5282592773438
2026-01-07 19:45:00,real_time_price,1115.8,flat,924.2821655273438
2026-01-07 20:00:00,real_time_price,847.85,flat,889.81591796875
2026-01-07 20:15:00,real_time_price,615.88,flat,729.4730834960938
2026-01-07 20:30:00,real_time_price,851.97,flat,759.5869140625
2026-01-07 20:45:00,real_time_price,649.59,flat,881.9288940429688
2026-01-07 21:00:00,real_time_price,1170.66,flat,786.1655883789062
2026-01-07 21:15:00,real_time_price,765.54,flat,994.1693115234375
2026-01-07 21:30:00,real_time_price,588.07,flat,813.0079345703125
2026-01-07 21:45:00,real_time_price,663.1,flat,591.0670166015625
2026-01-07 22:00:00,real_time_price,786.81,flat,656.560546875
2026-01-07 22:15:00,real_time_price,520.67,flat,668.7991943359375
2026-01-07 22:30:00,real_time_price,506.06,flat,485.8077392578125
2026-01-07 22:45:00,real_time_price,475.53,flat,432.6164245605469
2026-01-07 23:00:00,real_time_price,358.87,flat,407.69866943359375
2026-01-07 23:15:00,real_time_price,311.11,flat,337.017578125
2026-01-07 23:30:00,real_time_price,310.05,flat,321.09967041015625
2026-01-07 23:45:00,real_time_price,320.7,flat,301.26611328125
2026-01-08 00:00:00,real_time_price,295.93,valley,297.1202697753906
2026-01-08 00:15:00,real_time_price,289.75,valley,278.6247863769531
2026-01-08 00:30:00,real_time_price,324.91,valley,348.2302551269531
2026-01-08 00:45:00,real_time_price,354.03,valley,308.9609375
2026-01-08 01:00:00,real_time_price,357.5,valley,325.3868713378906
2026-01-08 01:15:00,real_time_price,352.26,valley,327.90576171875
2026-01-08 01:30:00,real_time_price,303.67,valley,332.05419921875
2026-01-08 01:45:00,real_time_price,301.29,valley,304.2465515136719
2026-01-08 02:00:00,real_time_price,310.04,valley,290.2606201171875
2026-01-08 02:15:00,real_time_price,306.38,valley,301.5918884277344
2026-01-08 02:30:00,real_time_price,269.46,valley,297.42962646484375
2026-01-08 02:45:00,real_time_price,278.8,valley,280.6251525878906
2026-01-08 03:00:00,real_time_price,280.92,valley,269.8587341308594
2026-01-08 03:15:00,real_time_price,275.01,valley,271.46380615234375
2026-01-08 03:30:00,real_time_price,272.0,valley,264.9855041503906
2026-01-08 03:45:00,real_time_price,267.96,valley,264.3450622558594
2026-01-08 04:00:00,real_time_price,273.13,valley,260.06365966796875
2026-01-08 04:15:00,real_time_price,270.91,valley,263.93792724609375
2026-01-08 04:30:00,real_time_price,266.17,valley,264.747802734375
2026-01-08 04:45:00,real_time_price,270.68,valley,258.19610595703125
2026-01-08 05:00:00,real_time_price,270.22,valley,261.56463623046875
2026-01-08 05:15:00,real_time_price,267.77,valley,262.20941162109375
2026-01-08 05:30:00,real_time_price,263.88,valley,264.470947265625
2026-01-08 05:45:00,real_time_price,279.53,valley,262.20953369140625
2026-01-08 06:00:00,real_time_price,261.39,valley,273.5577697753906
2026-01-08 06:15:00,real_time_price,264.7,valley,263.4743347167969
2026-01-08 06:30:00,real_time_price,269.22,valley,261.0619812011719
2026-01-08 06:45:00,real_time_price,170.28,valley,264.0436706542969
2026-01-08 07:00:00,real_time_price,260.11,valley,201.32699584960938
2026-01-08 07:15:00,real_time_price,264.31,valley,234.5450439453125
2026-01-08 07:30:00,real_time_price,280.91,valley,213.83294677734375
2026-01-08 07:45:00,real_time_price,279.97,valley,238.18475341796875
2026-01-08 08:00:00,real_time_price,278.22,flat,264.35296630859375
2026-01-08 08:15:00,real_time_price,272.42,flat,298.8983459472656
2026-01-08 08:30:00,real_time_price,267.64,flat,296.6112976074219
2026-01-08 08:45:00,real_time_price,262.4,flat,275.850830078125
2026-01-08 09:00:00,real_time_price,262.24,flat,250.8314666748047
2026-01-08 09:15:00,real_time_price,271.69,flat,255.88356018066406
2026-01-08 09:30:00,real_time_price,267.27,flat,259.7166748046875
2026-01-08 09:45:00,real_time_price,318.13,flat,263.4201354980469
2026-01-08 10:00:00,real_time_price,284.56,peak,305.739013671875
2026-01-08 10:15:00,real_time_price,279.65,peak,305.3111877441406
2026-01-08 10:30:00,real_time_price,283.68,peak,285.2707824707031
2026-01-08 10:45:00,real_time_price,264.23,peak,288.804443359375
2026-01-08 11:00:00,real_time_price,283.99,peak,291.4534606933594
2026-01-08 11:15:00,real_time_price,312.58,peak,295.2449035644531
2026-01-08 11:30:00,real_time_price,395.28,peak,293.2352294921875
2026-01-08 11:45:00,real_time_price,326.93,peak,451.4637756347656
2026-01-08 12:00:00,real_time_price,265.73,flat,222.91102600097656
2026-01-08 12:15:00,real_time_price,89.3,flat,166.75137329101562
2026-01-08 12:30:00,real_time_price,270.43,flat,221.89842224121094
2026-01-08 12:45:00,real_time_price,90.42,flat,258.74053955078125
2026-01-08 13:00:00,real_time_price,180.37,flat,136.17034912109375
2026-01-08 13:15:00,real_time_price,281.7,flat,153.5816650390625
2026-01-08 13:30:00,real_time_price,189.74,flat,244.8982696533203
2026-01-08 13:45:00,real_time_price,277.68,flat,247.41981506347656
2026-01-08 14:00:00,real_time_price,286.81,peak,289.1123352050781
2026-01-08 14:15:00,real_time_price,289.52,peak,287.0416259765625
2026-01-08 14:30:00,real_time_price,258.2,peak,294.38055419921875
2026-01-08 14:45:00,real_time_price,279.97,peak,277.1312255859375
2026-01-08 15:00:00,real_time_price,261.32,peak,304.7563171386719
2026-01-08 15:15:00,real_time_price,525.13,peak,256.91485595703125
2026-01-08 15:30:00,real_time_price,296.59,peak,338.45458984375
2026-01-08 15:45:00,real_time_price,287.04,peak,316.63897705078125
2026-01-08 16:00:00,real_time_price,294.88,peak,321.8794860839844
2026-01-08 16:15:00,real_time_price,268.27,peak,314.0718078613281
2026-01-08 16:30:00,real_time_price,255.08,peak,293.7680969238281
2026-01-08 16:45:00,real_time_price,282.15,peak,283.7561950683594
2026-01-08 17:00:00,real_time_price,352.31,peak,290.9726257324219
2026-01-08 17:15:00,real_time_price,373.59,peak,339.70904541015625
2026-01-08 17:30:00,real_time_price,404.32,peak,405.7314758300781
2026-01-08 17:45:00,real_time_price,405.06,peak,387.1290283203125
2026-01-08 18:00:00,real_time_price,1090.41,peak,419.9947204589844
2026-01-08 18:15:00,real_time_price,755.96,peak,505.2700500488281
2026-01-08 18:30:00,real_time_price,1325.85,peak,652.1959838867188
2026-01-08 18:45:00,real_time_price,1556.81,peak,729.5523071289062
2026-01-08 19:00:00,real_time_price,1800.0,flat,1095.8707275390625
2026-01-08 19:15:00,real_time_price,833.83,flat,919.1819458007812
2026-01-08 19:30:00,real_time_price,1794.39,flat,984.6183471679688
2026-01-08 19:45:00,real_time_price,1651.79,flat,1086.9517822265625
2026-01-08 20:00:00,real_time_price,1091.86,flat,1032.224609375
2026-01-08 20:15:00,real_time_price,1241.18,flat,914.5037231445312
2026-01-08 20:30:00,real_time_price,1274.94,flat,1087.2532958984375
2026-01-08 20:45:00,real_time_price,663.42,flat,1114.927490234375
2026-01-08 21:00:00,real_time_price,1357.85,flat,747.9744873046875
2026-01-08 21:15:00,real_time_price,665.09,flat,1039.02490234375
2026-01-08 21:30:00,real_time_price,1098.88,flat,744.36767578125
2026-01-08 21:45:00,real_time_price,1410.41,flat,937.1519165039062
2026-01-08 22:00:00,real_time_price,642.13,flat,1025.989501953125
2026-01-08 22:15:00,real_time_price,330.57,flat,679.7440185546875
2026-01-08 22:30:00,real_time_price,326.89,flat,465.1459655761719
2026-01-08 22:45:00,real_time_price,295.19,flat,430.4352111816406
2026-01-08 23:00:00,real_time_price,301.65,flat,345.5302429199219
2026-01-08 23:15:00,real_time_price,296.72,flat,336.9853210449219
2026-01-08 23:30:00,real_time_price,289.67,flat,337.12921142578125
2026-01-08 23:45:00,real_time_price,270.23,flat,346.5250244140625
2026-01-09 00:00:00,real_time_price,232.57,valley,264.68194580078125
2026-01-09 00:15:00,real_time_price,285.93,valley,189.58151245117188
2026-01-09 00:30:00,real_time_price,249.33,valley,350.26910400390625
2026-01-09 00:45:00,real_time_price,271.22,valley,249.2147674560547
2026-01-09 01:00:00,real_time_price,273.61,valley,245.4358367919922
2026-01-09 01:15:00,real_time_price,277.54,valley,257.8120422363281
2026-01-09 01:30:00,real_time_price,293.68,valley,268.1588134765625
2026-01-09 01:45:00,real_time_price,276.73,valley,275.06011962890625
2026-01-09 02:00:00,real_time_price,264.73,valley,277.0346984863281
2026-01-09 02:15:00,real_time_price,270.0,valley,267.7721862792969
2026-01-09 02:30:00,real_time_price,272.01,valley,272.7976379394531
2026-01-09 02:45:00,real_time_price,265.91,valley,267.3761901855469
2026-01-09 03:00:00,real_time_price,265.67,valley,280.443603515625
2026-01-09 03:15:00,real_time_price,263.24,valley,293.2723083496094
2026-01-09 03:30:00,real_time_price,261.15,valley,288.1482849121094
2026-01-09 03:45:00,real_time_price,257.98,valley,288.12060546875
2026-01-09 04:00:00,real_time_price,257.9,valley,273.94281005859375
2026-01-09 04:15:00,real_time_price,266.68,valley,275.7754211425781
2026-01-09 04:30:00,real_time_price,258.48,valley,291.04058837890625
2026-01-09 04:45:00,real_time_price,259.17,valley,287.6585388183594
2026-01-09 05:00:00,real_time_price,94.63,valley,281.75506591796875
2026-01-09 05:15:00,real_time_price,230.11,valley,206.20135498046875
2026-01-09 05:30:00,real_time_price,252.65,valley,271.6136169433594
2026-01-09 05:45:00,real_time_price,245.96,valley,263.68994140625
2026-01-09 06:00:00,real_time_price,249.56,valley,278.8656311035156
2026-01-09 06:15:00,real_time_price,266.96,valley,267.8773498535156
2026-01-09 06:30:00,real_time_price,270.65,valley,271.36322021484375
2026-01-09 06:45:00,real_time_price,261.94,valley,276.8653564453125
2026-01-09 07:00:00,real_time_price,274.98,valley,288.3859558105469
2026-01-09 07:15:00,real_time_price,268.49,valley,273.52459716796875
2026-01-09 07:30:00,real_time_price,265.24,valley,253.59609985351562
2026-01-09 07:45:00,real_time_price,265.11,valley,278.70721435546875
2026-01-09 08:00:00,real_time_price,265.67,flat,280.6056213378906
2026-01-09 08:15:00,real_time_price,261.92,flat,301.27581787109375
2026-01-09 08:30:00,real_time_price,252.13,flat,298.78045654296875
2026-01-09 08:45:00,real_time_price,260.36,flat,268.20428466796875
2026-01-09 09:00:00,real_time_price,265.42,flat,273.4022521972656
2026-01-09 09:15:00,real_time_price,276.93,flat,267.6602783203125
2026-01-09 09:30:00,real_time_price,264.32,flat,278.77264404296875
2026-01-09 09:45:00,real_time_price,271.16,flat,270.3260803222656
2026-01-09 10:00:00,real_time_price,275.4,peak,296.27392578125
2026-01-09 10:15:00,real_time_price,269.44,peak,299.5616149902344
2026-01-09 10:30:00,real_time_price,252.0,peak,307.2301025390625
2026-01-09 10:45:00,real_time_price,270.69,peak,282.9335021972656
2026-01-09 11:00:00,real_time_price,252.0,peak,315.7118225097656
2026-01-09 11:15:00,real_time_price,277.73,peak,292.55108642578125
2026-01-09 11:30:00,real_time_price,256.74,peak,342.09796142578125
2026-01-09 11:45:00,real_time_price,270.95,peak,268.8524475097656
2026-01-09 12:00:00,real_time_price,259.71,flat,228.8139190673828
2026-01-09 12:15:00,real_time_price,78.93,flat,137.0384521484375
2026-01-09 12:30:00,real_time_price,11.95,flat,173.1348419189453
2026-01-09 12:45:00,real_time_price,227.66,flat,156.50173950195312
2026-01-09 13:00:00,real_time_price,222.49,flat,154.7311553955078
2026-01-09 13:15:00,real_time_price,256.82,flat,231.1746063232422
2026-01-09 13:30:00,real_time_price,230.86,flat,260.0491027832031
2026-01-09 13:45:00,real_time_price,268.02,flat,257.2703857421875
2026-01-09 14:00:00,real_time_price,252.56,peak,341.32354736328125
2026-01-09 14:15:00,real_time_price,244.24,peak,265.1502380371094
2026-01-09 14:30:00,real_time_price,252.48,peak,241.52313232421875
2026-01-09 14:45:00,real_time_price,255.37,peak,290.21917724609375
2026-01-09 15:00:00,real_time_price,260.19,peak,269.7090759277344
2026-01-09 15:15:00,real_time_price,270.43,peak,273.1432800292969
2026-01-09 15:30:00,real_time_price,272.97,peak,302.95111083984375
2026-01-09 15:45:00,real_time_price,285.68,peak,290.0361633300781
2026-01-09 16:00:00,real_time_price,277.22,peak,298.88580322265625
2026-01-09 16:15:00,real_time_price,281.76,peak,302.98822021484375
2026-01-09 16:30:00,real_time_price,300.0,peak,312.90423583984375
2026-01-09 16:45:00,real_time_price,302.27,peak,348.9838562011719
2026-01-09 17:00:00,real_time_price,317.99,peak,327.6498718261719
2026-01-09 17:15:00,real_time_price,308.58,peak,337.9988098144531
2026-01-09 17:30:00,real_time_price,329.98,peak,319.7677307128906
2026-01-09 17:45:00,real_time_price,357.6,peak,336.5501708984375
2026-01-09 18:00:00,real_time_price,303.92,peak,354.66357421875
2026-01-09 18:15:00,real_time_price,301.59,peak,366.7424621582031
2026-01-09 18:30:00,real_time_price,310.02,peak,325.09271240234375
2026-01-09 18:45:00,real_time_price,304.0,peak,368.0476379394531
2026-01-09 19:00:00,real_time_price,327.39,flat,374.19573974609375
2026-01-09 19:15:00,real_time_price,299.99,flat,488.8554992675781
2026-01-09 19:30:00,real_time_price,308.58,flat,389.4909973144531
2026-01-09 19:45:00,real_time_price,328.56,flat,505.8570251464844
2026-01-09 20:00:00,real_time_price,326.92,flat,361.4611511230469
2026-01-09 20:15:00,real_time_price,300.34,flat,350.2257080078125
2026-01-09 20:30:00,real_time_price,320.49,flat,369.68768310546875
2026-01-09 20:45:00,real_time_price,309.96,flat,324.7779235839844
2026-01-09 21:00:00,real_time_price,305.14,flat,364.1452331542969
2026-01-09 21:15:00,real_time_price,307.86,flat,359.8945007324219
2026-01-09 21:30:00,real_time_price,308.02,flat,323.0235595703125
2026-01-09 21:45:00,real_time_price,310.04,flat,325.0097351074219
2026-01-09 22:00:00,real_time_price,335.89,flat,376.568115234375
2026-01-09 22:15:00,real_time_price,313.9,flat,321.3645935058594
2026-01-09 22:30:00,real_time_price,341.18,flat,323.44415283203125
2026-01-09 22:45:00,real_time_price,418.73,flat,318.132080078125
2026-01-09 23:00:00,real_time_price,414.19,flat,362.3846435546875
2026-01-09 23:15:00,real_time_price,381.19,flat,367.9022521972656
2026-01-09 23:30:00,real_time_price,383.51,flat,372.5746154785156
2026-01-09 23:45:00,real_time_price,374.41,flat,369.0054016113281
2026-01-10 00:00:00,real_time_price,308.44,valley,345.76129150390625
2026-01-10 00:15:00,real_time_price,302.0,valley,317.6965026855469
2026-01-10 00:30:00,real_time_price,384.98,valley,402.2649841308594
2026-01-10 00:45:00,real_time_price,481.24,valley,335.3096923828125
2026-01-10 01:00:00,real_time_price,356.92,valley,321.8180236816406
2026-01-10 01:15:00,real_time_price,348.55,valley,352.3331298828125
2026-01-10 01:30:00,real_time_price,345.44,valley,349.54095458984375
2026-01-10 01:45:00,real_time_price,328.98,valley,341.0022888183594
2026-01-10 02:00:00,real_time_price,341.95,valley,325.377197265625
2026-01-10 02:15:00,real_time_price,319.68,valley,335.56390380859375
2026-01-10 02:30:00,real_time_price,319.96,valley,322.55078125
2026-01-10 02:45:00,real_time_price,309.01,valley,315.02813720703125
2026-01-10 03:00:00,real_time_price,304.29,valley,307.0968933105469
2026-01-10 03:15:00,real_time_price,270.48,valley,301.8855895996094
2026-01-10 03:30:00,real_time_price,273.98,valley,278.5540771484375
2026-01-10 03:45:00,real_time_price,271.98,valley,269.1905212402344
2026-01-10 04:00:00,real_time_price,277.98,valley,269.5099182128906
2026-01-10 04:15:00,real_time_price,275.98,valley,271.7129211425781
2026-01-10 04:30:00,real_time_price,275.98,valley,267.2182312011719
2026-01-10 04:45:00,real_time_price,274.84,valley,266.6614685058594
2026-01-10 05:00:00,real_time_price,275.98,valley,265.34820556640625
2026-01-10 05:15:00,real_time_price,275.98,valley,265.3138122558594
2026-01-10 05:30:00,real_time_price,274.67,valley,272.5159912109375
2026-01-10 05:45:00,real_time_price,278.0,valley,277.0140075683594
2026-01-10 06:00:00,real_time_price,281.27,valley,282.43658447265625
2026-01-10 06:15:00,real_time_price,292.92,valley,286.9498291015625
2026-01-10 06:30:00,real_time_price,310.1,valley,291.73211669921875
2026-01-10 06:45:00,real_time_price,309.65,valley,305.72210693359375
2026-01-10 07:00:00,real_time_price,340.0,valley,307.2267150878906
2026-01-10 07:15:00,real_time_price,317.7,valley,331.8351135253906
2026-01-10 07:30:00,real_time_price,330.0,valley,322.5055236816406
2026-01-10 07:45:00,real_time_price,320.0,valley,325.9175109863281
2026-01-10 08:00:00,real_time_price,375.66,flat,338.82763671875
2026-01-10 08:15:00,real_time_price,399.94,flat,383.328369140625
2026-01-10 08:30:00,real_time_price,381.56,flat,420.49847412109375
2026-01-10 08:45:00,real_time_price,415.32,flat,393.1315002441406
2026-01-10 09:00:00,real_time_price,315.26,flat,387.2505798339844
2026-01-10 09:15:00,real_time_price,330.02,flat,337.7132263183594
2026-01-10 09:30:00,real_time_price,282.1,flat,327.27960205078125
2026-01-10 09:45:00,real_time_price,265.84,flat,318.0319519042969
2026-01-10 10:00:00,real_time_price,299.24,peak,263.4621887207031
2026-01-10 10:15:00,real_time_price,265.15,peak,279.41827392578125
2026-01-10 10:30:00,real_time_price,260.29,peak,277.35699462890625
2026-01-10 10:45:00,real_time_price,260.03,peak,249.85845947265625
2026-01-10 11:00:00,real_time_price,261.66,peak,258.2425537109375
2026-01-10 11:15:00,real_time_price,255.5,peak,268.2906494140625
2026-01-10 11:30:00,real_time_price,266.63,peak,262.7381896972656
2026-01-10 11:45:00,real_time_price,266.95,peak,219.49586486816406
2026-01-10 12:00:00,real_time_price,256.63,flat,246.81845092773438
2026-01-10 12:15:00,real_time_price,142.47,flat,140.67083740234375
2026-01-10 12:30:00,real_time_price,162.6,flat,231.44349670410156
2026-01-10 12:45:00,real_time_price,112.95,flat,158.5931854248047
2026-01-10 13:00:00,real_time_price,154.0,flat,131.45968627929688
2026-01-10 13:15:00,real_time_price,241.9,flat,163.5504913330078
2026-01-10 13:30:00,real_time_price,216.53,flat,221.0642852783203
2026-01-10 13:45:00,real_time_price,258.67,flat,238.20704650878906
2026-01-10 14:00:00,real_time_price,262.59,peak,255.8607635498047
2026-01-10 14:15:00,real_time_price,253.44,peak,235.1304168701172
2026-01-10 14:30:00,real_time_price,255.04,peak,247.4296112060547
2026-01-10 14:45:00,real_time_price,247.35,peak,250.6917266845703
2026-01-10 15:00:00,real_time_price,256.08,peak,257.92236328125
2026-01-10 15:15:00,real_time_price,253.71,peak,247.48512268066406
2026-01-10 15:30:00,real_time_price,260.37,peak,250.3343505859375
2026-01-10 15:45:00,real_time_price,270.01,peak,253.6020050048828
2026-01-10 16:00:00,real_time_price,283.06,peak,276.23443603515625
2026-01-10 16:15:00,real_time_price,299.25,peak,274.33978271484375
2026-01-10 16:30:00,real_time_price,304.1,peak,292.0416564941406
2026-01-10 16:45:00,real_time_price,357.55,peak,307.42340087890625
2026-01-10 17:00:00,real_time_price,320.68,peak,354.0830383300781
2026-01-10 17:15:00,real_time_price,400.06,peak,348.48095703125
2026-01-10 17:30:00,real_time_price,426.66,peak,383.8384704589844
2026-01-10 17:45:00,real_time_price,404.67,peak,389.5779724121094
2026-01-10 18:00:00,real_time_price,429.26,peak,433.54888916015625
2026-01-10 18:15:00,real_time_price,479.99,peak,416.99462890625
2026-01-10 18:30:00,real_time_price,478.01,peak,484.12347412109375
2026-01-10 18:45:00,real_time_price,520.03,peak,468.48223876953125
2026-01-10 19:00:00,real_time_price,458.48,flat,556.4937744140625
2026-01-10 19:15:00,real_time_price,329.79,flat,452.75823974609375
2026-01-10 19:30:00,real_time_price,382.31,flat,429.2068786621094
2026-01-10 19:45:00,real_time_price,331.28,flat,396.2201232910156
2026-01-10 20:00:00,real_time_price,361.62,flat,373.263916015625
2026-01-10 20:15:00,real_time_price,313.84,flat,342.9671630859375
2026-01-10 20:30:00,real_time_price,306.33,flat,354.6285400390625
2026-01-10 20:45:00,real_time_price,317.74,flat,312.2280578613281
2026-01-10 21:00:00,real_time_price,343.57,flat,328.9162902832031
2026-01-10 21:15:00,real_time_price,321.19,flat,329.56219482421875
2026-01-10 21:30:00,real_time_price,378.48,flat,347.9516906738281
2026-01-10 21:45:00,real_time_price,362.85,flat,362.46490478515625
2026-01-10 22:00:00,real_time_price,421.42,flat,362.689697265625
2026-01-10 22:15:00,real_time_price,455.78,flat,377.2230529785156
2026-01-10 22:30:00,real_time_price,417.59,flat,408.4788513183594
2026-01-10 22:45:00,real_time_price,344.07,flat,383.1213073730469
2026-01-10 23:00:00,real_time_price,313.97,flat,345.0077209472656
2026-01-10 23:15:00,real_time_price,331.04,flat,336.3692932128906
2026-01-10 23:30:00,real_time_price,279.44,flat,315.027099609375
2026-01-10 23:45:00,real_time_price,276.0,flat,293.97491455078125
2026-01-11 00:00:00,real_time_price,272.0,valley,291.0148620605469
2026-01-11 00:15:00,real_time_price,285.62,valley,293.2259216308594
2026-01-11 00:30:00,real_time_price,336.95,valley,379.2694091796875
2026-01-11 00:45:00,real_time_price,314.02,valley,323.6054382324219
2026-01-11 01:00:00,real_time_price,312.79,valley,312.86627197265625
2026-01-11 01:15:00,real_time_price,309.11,valley,299.6911926269531
2026-01-11 01:30:00,real_time_price,305.06,valley,305.0221252441406
2026-01-11 01:45:00,real_time_price,308.49,valley,304.53082275390625
2026-01-11 02:00:00,real_time_price,305.4,valley,298.6413269042969
2026-01-11 02:15:00,real_time_price,289.32,valley,305.25067138671875
2026-01-11 02:30:00,real_time_price,282.99,valley,295.2904052734375
2026-01-11 02:45:00,real_time_price,280.04,valley,287.9037780761719
2026-01-11 03:00:00,real_time_price,282.09,valley,282.36737060546875
2026-01-11 03:15:00,real_time_price,277.09,valley,278.06683349609375
2026-01-11 03:30:00,real_time_price,279.09,valley,277.2152404785156
2026-01-11 03:45:00,real_time_price,280.0,valley,273.66290283203125
2026-01-11 04:00:00,real_time_price,269.99,valley,275.2320861816406
2026-01-11 04:15:00,real_time_price,274.99,valley,266.43560791015625
2026-01-11 04:30:00,real_time_price,271.41,valley,264.8668212890625
2026-01-11 04:45:00,real_time_price,269.69,valley,265.4144592285156
2026-01-11 05:00:00,real_time_price,265.99,valley,263.14801025390625
2026-01-11 05:15:00,real_time_price,269.84,valley,264.4012756347656
2026-01-11 05:30:00,real_time_price,270.0,valley,269.9118957519531
2026-01-11 05:45:00,real_time_price,269.96,valley,269.4213562011719
2026-01-11 06:00:00,real_time_price,268.61,valley,271.77191162109375
2026-01-11 06:15:00,real_time_price,269.89,valley,271.5519104003906
2026-01-11 06:30:00,real_time_price,272.65,valley,281.90496826171875
2026-01-11 06:45:00,real_time_price,280.0,valley,276.67523193359375
2026-01-11 07:00:00,real_time_price,280.09,valley,286.2060852050781
2026-01-11 07:15:00,real_time_price,280.03,valley,281.4007568359375
2026-01-11 07:30:00,real_time_price,284.98,valley,283.03094482421875
2026-01-11 07:45:00,real_time_price,279.9,valley,284.9999694824219
2026-01-11 08:00:00,real_time_price,276.53,flat,290.0361633300781
2026-01-11 08:15:00,real_time_price,297.0,flat,294.087646484375
2026-01-11 08:30:00,real_time_price,265.73,flat,296.3905334472656
2026-01-11 08:45:00,real_time_price,255.05,flat,272.0753173828125
2026-01-11 09:00:00,real_time_price,273.94,flat,252.9151153564453
2026-01-11 09:15:00,real_time_price,253.8,flat,267.1045227050781
2026-01-11 09:30:00,real_time_price,266.0,flat,257.2871398925781
2026-01-11 09:45:00,real_time_price,255.44,flat,256.47833251953125
2026-01-11 10:00:00,real_time_price,261.54,peak,248.50485229492188
2026-01-11 10:15:00,real_time_price,233.16,peak,229.1817169189453
2026-01-11 10:30:00,real_time_price,159.91,peak,222.62440490722656
2026-01-11 10:45:00,real_time_price,139.35,peak,198.5893096923828
2026-01-11 11:00:00,real_time_price,244.01,peak,180.9804229736328
2026-01-11 11:15:00,real_time_price,260.79,peak,192.6161346435547
2026-01-11 11:30:00,real_time_price,263.99,peak,208.90240478515625
2026-01-11 11:45:00,real_time_price,260.82,peak,210.63064575195312
2026-01-11 12:00:00,real_time_price,26.18,flat,242.9635009765625
2026-01-11 12:15:00,real_time_price,-49.17,flat,31.340229034423828
2026-01-11 12:30:00,real_time_price,28.2,flat,73.34522247314453
2026-01-11 12:45:00,real_time_price,-32.71,flat,73.2222671508789
2026-01-11 13:00:00,real_time_price,-49.76,flat,16.829795837402344
2026-01-11 13:15:00,real_time_price,-29.12,flat,-2.8461055755615234
2026-01-11 13:30:00,real_time_price,2.89,flat,-5.82421350479126
2026-01-11 13:45:00,real_time_price,71.35,flat,20.928403854370117
2026-01-11 14:00:00,real_time_price,2.49,peak,96.19406127929688
2026-01-11 14:15:00,real_time_price,-1.03,peak,68.10597229003906
2026-01-11 14:30:00,real_time_price,-11.99,peak,41.252620697021484
2026-01-11 14:45:00,real_time_price,-1.5,peak,46.90485763549805
2026-01-11 15:00:00,real_time_price,10.95,peak,65.78812408447266
2026-01-11 15:15:00,real_time_price,9.83,peak,63.02256774902344
2026-01-11 15:30:00,real_time_price,139.71,peak,82.09416961669922
2026-01-11 15:45:00,real_time_price,154.41,peak,181.36074829101562
2026-01-11 16:00:00,real_time_price,265.68,peak,207.3707733154297
2026-01-11 16:15:00,real_time_price,266.17,peak,249.22503662109375
2026-01-11 16:30:00,real_time_price,260.2,peak,261.3214111328125
2026-01-11 16:45:00,real_time_price,279.47,peak,263.4266052246094
2026-01-11 17:00:00,real_time_price,280.12,peak,291.41729736328125
2026-01-11 17:15:00,real_time_price,301.34,peak,298.2950439453125
2026-01-11 17:30:00,real_time_price,314.48,peak,343.4108581542969
2026-01-11 17:45:00,real_time_price,309.14,peak,343.16070556640625
2026-01-11 18:00:00,real_time_price,314.07,peak,332.0970458984375
2026-01-11 18:15:00,real_time_price,327.79,peak,333.6376647949219
2026-01-11 18:30:00,real_time_price,303.15,peak,346.8240051269531
2026-01-11 18:45:00,real_time_price,311.95,peak,304.6477355957031
2026-01-11 19:00:00,real_time_price,317.5,flat,305.3233642578125
2026-01-11 19:15:00,real_time_price,312.11,flat,308.42742919921875
2026-01-11 19:30:00,real_time_price,313.61,flat,333.04815673828125
2026-01-11 19:45:00,real_time_price,313.32,flat,314.6021423339844
2026-01-11 20:00:00,real_time_price,305.67,flat,310.8701171875
2026-01-11 20:15:00,real_time_price,320.02,flat,298.0616149902344
2026-01-11 20:30:00,real_time_price,346.95,flat,315.86700439453125
2026-01-11 20:45:00,real_time_price,326.29,flat,333.7171325683594
2026-01-11 21:00:00,real_time_price,494.23,flat,332.3597717285156
2026-01-11 21:15:00,real_time_price,413.86,flat,363.379638671875
2026-01-11 21:30:00,real_time_price,486.4,flat,424.5550537109375
2026-01-11 21:45:00,real_time_price,461.74,flat,438.2364501953125
2026-01-11 22:00:00,real_time_price,400.17,flat,455.6777038574219
2026-01-11 22:15:00,real_time_price,460.87,flat,390.9975891113281
2026-01-11 22:30:00,real_time_price,359.7,flat,442.0136413574219
2026-01-11 22:45:00,real_time_price,309.83,flat,359.5195007324219
2026-01-11 23:00:00,real_time_price,290.0,flat,317.9732971191406
2026-01-11 23:15:00,real_time_price,299.88,flat,300.0388488769531
2026-01-11 23:30:00,real_time_price,295.0,flat,280.3269958496094
2026-01-11 23:45:00,real_time_price,298.88,flat,279.6446228027344
2026-01-12 00:00:00,real_time_price,279.92,valley,278.86175537109375
2026-01-12 00:15:00,real_time_price,272.0,valley,280.2250061035156
2026-01-12 00:30:00,real_time_price,393.93,valley,367.6667785644531
2026-01-12 00:45:00,real_time_price,304.18,valley,344.0968322753906
2026-01-12 01:00:00,real_time_price,292.88,valley,293.2074890136719
2026-01-12 01:15:00,real_time_price,289.9,valley,286.04278564453125
2026-01-12 01:30:00,real_time_price,277.92,valley,296.32562255859375
2026-01-12 01:45:00,real_time_price,280.05,valley,282.4322204589844
2026-01-12 02:00:00,real_time_price,279.88,valley,275.74169921875
2026-01-12 02:15:00,real_time_price,279.9,valley,274.7265930175781
2026-01-12 02:30:00,real_time_price,273.96,valley,276.92230224609375
2026-01-12 02:45:00,real_time_price,273.56,valley,269.8607177734375
2026-01-12 03:00:00,real_time_price,271.19,valley,265.5143127441406
2026-01-12 03:15:00,real_time_price,269.98,valley,266.7675476074219
2026-01-12 03:30:00,real_time_price,268.0,valley,265.35015869140625
2026-01-12 03:45:00,real_time_price,265.46,valley,261.70172119140625
2026-01-12 04:00:00,real_time_price,268.0,valley,257.5675048828125
2026-01-12 04:15:00,real_time_price,261.06,valley,262.34814453125
2026-01-12 04:30:00,real_time_price,264.0,valley,256.96331787109375
2026-01-12 04:45:00,real_time_price,264.51,valley,256.76531982421875
2026-01-12 05:00:00,real_time_price,260.48,valley,260.22564697265625
2026-01-12 05:15:00,real_time_price,263.22,valley,259.3347473144531
2026-01-12 05:30:00,real_time_price,263.49,valley,261.1036682128906
2026-01-12 05:45:00,real_time_price,260.0,valley,263.72979736328125
2026-01-12 06:00:00,real_time_price,266.89,valley,263.29107666015625
2026-01-12 06:15:00,real_time_price,269.44,valley,265.2677001953125
2026-01-12 06:30:00,real_time_price,267.93,valley,275.8887023925781
2026-01-12 06:45:00,real_time_price,269.95,valley,272.2840881347656
2026-01-12 07:00:00,real_time_price,266.8,valley,276.231201171875
2026-01-12 07:15:00,real_time_price,269.91,valley,263.3620910644531
2026-01-12 07:30:00,real_time_price,267.9,valley,276.88458251953125
2026-01-12 07:45:00,real_time_price,273.72,valley,268.4411315917969
2026-01-12 08:00:00,real_time_price,338.7,flat,276.62347412109375
2026-01-12 08:15:00,real_time_price,337.42,flat,326.21624755859375
2026-01-12 08:30:00,real_time_price,330.79,flat,359.69970703125
2026-01-12 08:45:00,real_time_price,276.11,flat,336.1435241699219
2026-01-12 09:00:00,real_time_price,339.49,flat,312.7842102050781
2026-01-12 09:15:00,real_time_price,389.63,flat,324.2070007324219
2026-01-12 09:30:00,real_time_price,351.64,flat,379.3824768066406
2026-01-12 09:45:00,real_time_price,283.61,flat,349.6333923339844
2026-01-12 10:00:00,real_time_price,296.25,peak,292.1057434082031
2026-01-12 10:15:00,real_time_price,263.94,peak,261.31744384765625
2026-01-12 10:30:00,real_time_price,266.97,peak,249.3685760498047
2026-01-12 10:45:00,real_time_price,268.0,peak,261.3025817871094
2026-01-12 11:00:00,real_time_price,263.36,peak,267.1314392089844
2026-01-12 11:15:00,real_time_price,266.28,peak,249.42681884765625
2026-01-12 11:30:00,real_time_price,269.66,peak,268.4586181640625
2026-01-12 11:45:00,real_time_price,254.86,peak,248.6892852783203
2026-01-12 12:00:00,real_time_price,263.4,flat,210.9486083984375
2026-01-12 12:15:00,real_time_price,176.29,flat,150.42420959472656
2026-01-12 12:30:00,real_time_price,89.5,flat,222.3594512939453
2026-01-12 12:45:00,real_time_price,253.54,flat,119.81918334960938
2026-01-12 13:00:00,real_time_price,221.68,flat,206.1884765625
2026-01-12 13:15:00,real_time_price,248.28,flat,191.935791015625
2026-01-12 13:30:00,real_time_price,251.84,flat,216.42710876464844
2026-01-12 13:45:00,real_time_price,259.78,flat,268.97357177734375
2026-01-12 14:00:00,real_time_price,265.13,peak,229.26608276367188
2026-01-12 14:15:00,real_time_price,256.21,peak,217.58583068847656
2026-01-12 14:30:00,real_time_price,248.66,peak,203.9060516357422
2026-01-12 14:45:00,real_time_price,255.33,peak,227.97239685058594
2026-01-12 15:00:00,real_time_price,262.65,peak,236.53074645996094
2026-01-12 15:15:00,real_time_price,261.24,peak,236.19500732421875
2026-01-12 15:30:00,real_time_price,262.03,peak,242.93077087402344
2026-01-12 15:45:00,real_time_price,262.14,peak,255.80348205566406
2026-01-12 16:00:00,real_time_price,272.38,peak,265.4781799316406
2026-01-12 16:15:00,real_time_price,277.52,peak,277.43310546875
2026-01-12 16:30:00,real_time_price,318.29,peak,279.7572937011719
2026-01-12 16:45:00,real_time_price,303.82,peak,313.7405700683594
2026-01-12 17:00:00,real_time_price,319.65,peak,312.0123291015625
2026-01-12 17:15:00,real_time_price,326.23,peak,324.0586242675781
2026-01-12 17:30:00,real_time_price,429.15,peak,339.36639404296875
2026-01-12 17:45:00,real_time_price,329.7,peak,354.8630065917969
2026-01-12 18:00:00,real_time_price,388.41,peak,337.1077880859375
2026-01-12 18:15:00,real_time_price,398.84,peak,382.4925842285156
2026-01-12 18:30:00,real_time_price,442.76,peak,429.7345886230469
2026-01-12 18:45:00,real_time_price,465.22,peak,461.24884033203125
2026-01-12 19:00:00,real_time_price,774.62,flat,489.73260498046875
2026-01-12 19:15:00,real_time_price,576.74,flat,782.6880493164062
2026-01-12 19:30:00,real_time_price,814.7,flat,646.75830078125
2026-01-12 19:45:00,real_time_price,705.6,flat,786.3167114257812
2026-01-12 20:00:00,real_time_price,637.2,flat,756.056640625
2026-01-12 20:15:00,real_time_price,463.65,flat,533.7325439453125
2026-01-12 20:30:00,real_time_price,596.42,flat,509.73663330078125
2026-01-12 20:45:00,real_time_price,444.85,flat,521.40283203125
2026-01-12 21:00:00,real_time_price,558.22,flat,454.3691711425781
2026-01-12 21:15:00,real_time_price,442.09,flat,473.1560363769531
2026-01-12 21:30:00,real_time_price,474.93,flat,489.6585693359375
2026-01-12 21:45:00,real_time_price,459.73,flat,478.0630798339844
2026-01-12 22:00:00,real_time_price,428.64,flat,458.53466796875
2026-01-12 22:15:00,real_time_price,453.7,flat,435.9588623046875
2026-01-12 22:30:00,real_time_price,326.05,flat,425.8209228515625
2026-01-12 22:45:00,real_time_price,315.02,flat,347.41455078125
2026-01-12 23:00:00,real_time_price,396.98,flat,320.0141906738281
2026-01-12 23:15:00,real_time_price,350.3,flat,328.12322998046875
2026-01-12 23:30:00,real_time_price,322.81,flat,323.383056640625
2026-01-12 23:45:00,real_time_price,359.67,flat,311.7402648925781
2026-01-13 00:00:00,real_time_price,295.73,valley,326.4151306152344
2026-01-13 00:15:00,real_time_price,298.94,valley,297.4575500488281
2026-01-13 00:30:00,real_time_price,682.31,valley,392.2906494140625
2026-01-13 00:45:00,real_time_price,451.8,valley,503.3100891113281
2026-01-13 01:00:00,real_time_price,685.07,valley,403.0724792480469
2026-01-13 01:15:00,real_time_price,546.98,valley,556.2509765625
2026-01-13 01:30:00,real_time_price,416.06,valley,515.9083862304688
2026-01-13 01:45:00,real_time_price,352.01,valley,423.36114501953125
2026-01-13 02:00:00,real_time_price,411.72,valley,366.91729736328125
2026-01-13 02:15:00,real_time_price,338.09,valley,374.1853332519531
2026-01-13 02:30:00,real_time_price,314.02,valley,343.32733154296875
2026-01-13 02:45:00,real_time_price,310.02,valley,332.00762939453125
2026-01-13 03:00:00,real_time_price,320.09,valley,314.8197021484375
2026-01-13 03:15:00,real_time_price,313.02,valley,317.26788330078125
2026-01-13 03:30:00,real_time_price,305.62,valley,310.5029296875
2026-01-13 03:45:00,real_time_price,310.02,valley,308.6654052734375
2026-01-13 04:00:00,real_time_price,305.02,valley,306.8243408203125
2026-01-13 04:15:00,real_time_price,294.01,valley,306.7324523925781
2026-01-13 04:30:00,real_time_price,307.0,valley,295.771484375
2026-01-13 04:45:00,real_time_price,309.01,valley,301.8714904785156
2026-01-13 05:00:00,real_time_price,304.01,valley,306.8378601074219
2026-01-13 05:15:00,real_time_price,310.01,valley,304.8745422363281
2026-01-13 05:30:00,real_time_price,300.0,valley,311.1546325683594
2026-01-13 05:45:00,real_time_price,315.71,valley,302.1827392578125
2026-01-13 06:00:00,real_time_price,312.01,valley,315.01129150390625
2026-01-13 06:15:00,real_time_price,320.01,valley,317.069580078125
2026-01-13 06:30:00,real_time_price,397.08,valley,322.00469970703125
2026-01-13 06:45:00,real_time_price,400.26,valley,381.40606689453125
2026-01-13 07:00:00,real_time_price,417.21,valley,404.1574401855469
2026-01-13 07:15:00,real_time_price,494.07,valley,380.2107849121094
2026-01-13 07:30:00,real_time_price,576.02,valley,446.67779541015625
2026-01-13 07:45:00,real_time_price,593.55,valley,473.5208740234375
2026-01-13 08:00:00,real_time_price,647.65,flat,491.90826416015625
2026-01-13 08:15:00,real_time_price,592.71,flat,602.6829223632812
2026-01-13 08:30:00,real_time_price,633.58,flat,621.5596313476562
2026-01-13 08:45:00,real_time_price,540.41,flat,586.3973999023438
2026-01-13 09:00:00,real_time_price,390.98,flat,520.5123901367188
2026-01-13 09:15:00,real_time_price,385.69,flat,406.61431884765625
2026-01-13 09:30:00,real_time_price,408.77,flat,435.01947021484375
2026-01-13 09:45:00,real_time_price,338.7,flat,398.6692810058594
2026-01-13 10:00:00,real_time_price,315.39,peak,314.5822448730469
2026-01-13 10:15:00,real_time_price,296.33,peak,308.4801025390625
2026-01-13 10:30:00,real_time_price,290.56,peak,288.47515869140625
2026-01-13 10:45:00,real_time_price,284.0,peak,310.8467712402344
2026-01-13 11:00:00,real_time_price,284.02,peak,304.6347961425781
2026-01-13 11:15:00,real_time_price,286.4,peak,292.87994384765625
2026-01-13 11:30:00,real_time_price,276.16,peak,279.0750732421875
2026-01-13 11:45:00,real_time_price,289.58,peak,258.41607666015625
2026-01-13 12:00:00,real_time_price,281.71,flat,259.6799621582031
2026-01-13 12:15:00,real_time_price,163.81,flat,171.57569885253906
2026-01-13 12:30:00,real_time_price,258.9,flat,253.96287536621094
2026-01-13 12:45:00,real_time_price,251.83,flat,264.0777587890625
2026-01-13 13:00:00,real_time_price,179.23,flat,239.84303283691406
2026-01-13 13:15:00,real_time_price,265.38,flat,230.0818328857422
2026-01-13 13:30:00,real_time_price,251.37,flat,269.67291259765625
2026-01-13 13:45:00,real_time_price,260.28,flat,281.7679443359375
2026-01-13 14:00:00,real_time_price,279.42,peak,259.39581298828125
2026-01-13 14:15:00,real_time_price,262.09,peak,256.0812072753906
2026-01-13 14:30:00,real_time_price,249.47,peak,248.5078582763672
2026-01-13 14:45:00,real_time_price,244.36,peak,252.00982666015625
2026-01-13 15:00:00,real_time_price,256.86,peak,255.8050994873047
2026-01-13 15:15:00,real_time_price,258.33,peak,248.0827178955078
2026-01-13 15:30:00,real_time_price,260.3,peak,247.43771362304688
2026-01-13 15:45:00,real_time_price,270.98,peak,258.53448486328125
2026-01-13 16:00:00,real_time_price,277.83,peak,281.6086120605469
2026-01-13 16:15:00,real_time_price,279.69,peak,279.3671569824219
2026-01-13 16:30:00,real_time_price,306.93,peak,288.7778625488281
2026-01-13 16:45:00,real_time_price,302.31,peak,311.8480224609375
2026-01-13 17:00:00,real_time_price,397.05,peak,320.28729248046875
2026-01-13 17:15:00,real_time_price,353.69,peak,349.12445068359375
2026-01-13 17:30:00,real_time_price,359.99,peak,387.7552490234375
2026-01-13 17:45:00,real_time_price,345.99,peak,340.883056640625
2026-01-13 18:00:00,real_time_price,318.7,peak,357.9391784667969
2026-01-13 18:15:00,real_time_price,340.13,peak,328.9367980957031
2026-01-13 18:30:00,real_time_price,330.77,peak,346.80963134765625
2026-01-13 18:45:00,real_time_price,360.52,peak,354.6978759765625
2026-01-13 19:00:00,real_time_price,360.42,flat,379.4951171875
2026-01-13 19:15:00,real_time_price,310.06,flat,374.8739013671875
2026-01-13 19:30:00,real_time_price,332.57,flat,385.6622619628906
2026-01-13 19:45:00,real_time_price,396.6,flat,341.76409912109375
2026-01-13 20:00:00,real_time_price,356.54,flat,396.3188171386719
2026-01-13 20:15:00,real_time_price,308.6,flat,354.18817138671875
2026-01-13 20:30:00,real_time_price,328.34,flat,347.4436340332031
2026-01-13 20:45:00,real_time_price,358.09,flat,337.0834045410156
2026-01-13 21:00:00,real_time_price,365.93,flat,374.6579895019531
2026-01-13 21:15:00,real_time_price,353.28,flat,359.8186950683594
2026-01-13 21:30:00,real_time_price,360.39,flat,365.5216979980469
2026-01-13 21:45:00,real_time_price,373.67,flat,365.5389099121094
2026-01-13 22:00:00,real_time_price,366.06,flat,368.7689208984375
2026-01-13 22:15:00,real_time_price,388.21,flat,360.6684875488281
2026-01-13 22:30:00,real_time_price,325.0,flat,367.0158386230469
2026-01-13 22:45:00,real_time_price,400.25,flat,335.07550048828125
2026-01-13 23:00:00,real_time_price,407.57,flat,358.4797668457031
2026-01-13 23:15:00,real_time_price,365.72,flat,361.489501953125
2026-01-13 23:30:00,real_time_price,340.0,flat,346.0819396972656
2026-01-13 23:45:00,real_time_price,319.49,flat,333.9364013671875
2026-01-14 00:00:00,real_time_price,309.37,valley,318.58111572265625
2026-01-14 00:15:00,real_time_price,280.0,valley,306.51849365234375
2026-01-14 00:30:00,real_time_price,320.7,valley,399.21356201171875
2026-01-14 00:45:00,real_time_price,334.73,valley,318.9009094238281
2026-01-14 01:00:00,real_time_price,339.72,valley,335.6158447265625
2026-01-14 01:15:00,real_time_price,309.81,valley,312.9334716796875
2026-01-14 01:30:00,real_time_price,299.75,valley,308.9419860839844
2026-01-14 01:45:00,real_time_price,300.0,valley,296.2235412597656
2026-01-14 02:00:00,real_time_price,314.95,valley,281.1626892089844
2026-01-14 02:15:00,real_time_price,301.97,valley,308.1396789550781
2026-01-14 02:30:00,real_time_price,296.97,valley,303.1806335449219
2026-01-14 02:45:00,real_time_price,296.99,valley,294.8071594238281
2026-01-14 03:00:00,real_time_price,298.7,valley,291.3016662597656
2026-01-14 03:15:00,real_time_price,286.98,valley,293.3688049316406
2026-01-14 03:30:00,real_time_price,294.78,valley,286.033935546875
2026-01-14 03:45:00,real_time_price,247.04,valley,285.11248779296875
2026-01-14 04:00:00,real_time_price,273.08,valley,263.84075927734375
2026-01-14 04:15:00,real_time_price,274.91,valley,261.7605895996094
2026-01-14 04:30:00,real_time_price,271.2,valley,269.0476379394531
2026-01-14 04:45:00,real_time_price,279.7,valley,266.857177734375
2026-01-14 05:00:00,real_time_price,279.65,valley,274.1374816894531
2026-01-14 05:15:00,real_time_price,279.53,valley,276.5046081542969
2026-01-14 05:30:00,real_time_price,276.97,valley,280.75146484375
2026-01-14 05:45:00,real_time_price,276.96,valley,283.9151306152344
2026-01-14 06:00:00,real_time_price,279.96,valley,285.5239562988281
2026-01-14 06:15:00,real_time_price,284.94,valley,286.7099914550781
2026-01-14 06:30:00,real_time_price,286.91,valley,285.0645446777344
2026-01-14 06:45:00,real_time_price,286.91,valley,289.1181945800781
2026-01-14 07:00:00,real_time_price,294.83,valley,288.45623779296875
2026-01-14 07:15:00,real_time_price,283.82,valley,303.53173828125
2026-01-14 07:30:00,real_time_price,294.71,valley,278.68121337890625
2026-01-14 07:45:00,real_time_price,301.42,valley,269.31951904296875
2026-01-14 08:00:00,real_time_price,309.43,flat,308.7377014160156
2026-01-14 08:15:00,real_time_price,255.27,flat,333.70941162109375
2026-01-14 08:30:00,real_time_price,250.53,flat,311.66656494140625
2026-01-14 08:45:00,real_time_price,299.64,flat,292.4611511230469
2026-01-14 09:00:00,real_time_price,323.82,flat,284.14794921875
2026-01-14 09:15:00,real_time_price,324.05,flat,307.776123046875
2026-01-14 09:30:00,real_time_price,290.2,flat,315.95538330078125
2026-01-14 09:45:00,real_time_price,276.26,flat,304.951416015625
2026-01-14 10:00:00,real_time_price,278.51,peak,280.2254638671875
2026-01-14 10:15:00,real_time_price,281.32,peak,270.3825378417969
2026-01-14 10:30:00,real_time_price,148.83,peak,277.3982849121094
2026-01-14 10:45:00,real_time_price,161.16,peak,320.9720764160156
2026-01-14 11:00:00,real_time_price,150.57,peak,250.7354278564453
2026-01-14 11:15:00,real_time_price,150.49,peak,210.65699768066406
2026-01-14 11:30:00,real_time_price,209.3,peak,176.94654846191406
2026-01-14 11:45:00,real_time_price,128.29,peak,173.34080505371094
2026-01-14 12:00:00,real_time_price,130.17,flat,148.08103942871094
2026-01-14 12:15:00,real_time_price,45.56,flat,30.25770378112793
2026-01-14 12:30:00,real_time_price,-0.11,flat,131.5216827392578
2026-01-14 12:45:00,real_time_price,0.84,flat,46.04177474975586
2026-01-14 13:00:00,real_time_price,51.34,flat,48.204551696777344
2026-01-14 13:15:00,real_time_price,-4.71,flat,72.23200988769531
2026-01-14 13:30:00,real_time_price,-47.6,flat,31.706392288208008
2026-01-14 13:45:00,real_time_price,65.52,flat,16.475797653198242
2026-01-14 14:00:00,real_time_price,88.66,peak,129.12350463867188
2026-01-14 14:15:00,real_time_price,64.7,peak,88.52532196044922
2026-01-14 14:30:00,real_time_price,-40.29,peak,97.34481048583984
2026-01-14 14:45:00,real_time_price,76.4,peak,35.178585052490234
2026-01-14 15:00:00,real_time_price,18.21,peak,89.46263122558594
2026-01-14 15:15:00,real_time_price,152.26,peak,133.96775817871094
2026-01-14 15:30:00,real_time_price,163.16,peak,147.46194458007812
2026-01-14 15:45:00,real_time_price,260.6,peak,194.08090209960938
2026-01-14 16:00:00,real_time_price,266.62,peak,236.82644653320312
2026-01-14 16:15:00,real_time_price,275.17,peak,264.0480651855469
2026-01-14 16:30:00,real_time_price,280.6,peak,270.3439025878906
2026-01-14 16:45:00,real_time_price,310.15,peak,300.0263671875
2026-01-14 17:00:00,real_time_price,318.58,peak,349.58319091796875
2026-01-14 17:15:00,real_time_price,320.0,peak,343.63897705078125
2026-01-14 17:30:00,real_time_price,310.07,peak,356.7371520996094
2026-01-14 17:45:00,real_time_price,309.05,peak,345.50238037109375
2026-01-14 18:00:00,real_time_price,332.09,peak,335.6916198730469
2026-01-14 18:15:00,real_time_price,330.09,peak,357.7121887207031
2026-01-14 18:30:00,real_time_price,336.11,peak,354.5224914550781
2026-01-14 18:45:00,real_time_price,330.12,peak,355.8373107910156
2026-01-14 19:00:00,real_time_price,330.11,flat,342.3446044921875
2026-01-14 19:15:00,real_time_price,317.12,flat,337.48895263671875
2026-01-14 19:30:00,real_time_price,353.33,flat,470.85345458984375
2026-01-14 19:45:00,real_time_price,320.11,flat,407.8796081542969
2026-01-14 20:00:00,real_time_price,324.17,flat,334.26788330078125
2026-01-14 20:15:00,real_time_price,325.1,flat,315.23565673828125
2026-01-14 20:30:00,real_time_price,331.38,flat,345.95159912109375
2026-01-14 20:45:00,real_time_price,343.36,flat,333.011474609375
2026-01-14 21:00:00,real_time_price,383.55,flat,381.8486633300781
2026-01-14 21:15:00,real_time_price,360.97,flat,370.3158264160156
2026-01-14 21:30:00,real_time_price,322.03,flat,375.2177429199219
2026-01-14 21:45:00,real_time_price,354.14,flat,341.73590087890625
2026-01-14 22:00:00,real_time_price,329.0,flat,345.99884033203125
2026-01-14 22:15:00,real_time_price,320.13,flat,331.8554382324219
2026-01-14 22:30:00,real_time_price,310.04,flat,312.0283203125
2026-01-14 22:45:00,real_time_price,359.84,flat,294.7392272949219
2026-01-14 23:00:00,real_time_price,311.44,flat,323.924072265625
2026-01-14 23:15:00,real_time_price,315.0,flat,313.4685363769531
2026-01-14 23:30:00,real_time_price,315.0,flat,304.2022705078125
2026-01-14 23:45:00,real_time_price,310.8,flat,305.8487548828125
2026-01-15 00:00:00,real_time_price,310.0,valley,298.02313232421875
2026-01-15 00:15:00,real_time_price,287.8,valley,298.112060546875
2026-01-15 00:30:00,real_time_price,399.07,valley,400.095703125
2026-01-15 00:45:00,real_time_price,375.33,valley,345.50653076171875
2026-01-15 01:00:00,real_time_price,359.21,valley,356.87451171875
2026-01-15 01:15:00,real_time_price,319.45,valley,343.2707214355469
2026-01-15 01:30:00,real_time_price,334.02,valley,328.7646179199219
2026-01-15 01:45:00,real_time_price,318.88,valley,317.7449035644531
2026-01-15 02:00:00,real_time_price,315.7,valley,318.5813903808594
2026-01-15 02:15:00,real_time_price,315.0,valley,313.8675842285156
2026-01-15 02:30:00,real_time_price,310.0,valley,311.1793212890625
2026-01-15 02:45:00,real_time_price,315.0,valley,304.4303894042969
2026-01-15 03:00:00,real_time_price,310.0,valley,305.7221374511719
2026-01-15 03:15:00,real_time_price,310.03,valley,303.88800048828125
2026-01-15 03:30:00,real_time_price,302.0,valley,301.9798583984375
2026-01-15 03:45:00,real_time_price,303.03,valley,294.357421875
2026-01-15 04:00:00,real_time_price,302.03,valley,297.5111389160156
2026-01-15 04:15:00,real_time_price,297.03,valley,296.9241943359375
2026-01-15 04:30:00,real_time_price,303.83,valley,286.56915283203125
2026-01-15 04:45:00,real_time_price,302.03,valley,295.1976623535156
2026-01-15 05:00:00,real_time_price,300.03,valley,296.5045166015625
2026-01-15 05:15:00,real_time_price,302.04,valley,289.78704833984375
2026-01-15 05:30:00,real_time_price,302.03,valley,300.9812316894531
2026-01-15 05:45:00,real_time_price,302.11,valley,303.2607421875
2026-01-15 06:00:00,real_time_price,302.06,valley,304.1513671875
2026-01-15 06:15:00,real_time_price,309.04,valley,304.1832580566406
2026-01-15 06:30:00,real_time_price,398.34,valley,315.67010498046875
2026-01-15 06:45:00,real_time_price,352.64,valley,375.78118896484375
2026-01-15 07:00:00,real_time_price,365.11,valley,359.1447448730469
2026-01-15 07:15:00,real_time_price,366.21,valley,346.17291259765625
2026-01-15 07:30:00,real_time_price,431.02,valley,360.0726318359375
2026-01-15 07:45:00,real_time_price,481.9,valley,378.238525390625
2026-01-15 08:00:00,real_time_price,394.1,flat,480.5480041503906
2026-01-15 08:15:00,real_time_price,1079.55,flat,453.6310119628906
2026-01-15 08:30:00,real_time_price,596.58,flat,564.0927124023438
2026-01-15 08:45:00,real_time_price,689.68,flat,540.7965087890625
2026-01-15 09:00:00,real_time_price,791.93,flat,575.4155883789062
2026-01-15 09:15:00,real_time_price,587.67,flat,510.2159423828125
2026-01-15 09:30:00,real_time_price,460.81,flat,608.1443481445312
2026-01-15 09:45:00,real_time_price,481.39,flat,433.87890625
2026-01-15 10:00:00,real_time_price,320.41,peak,434.9814147949219
2026-01-15 10:15:00,real_time_price,332.7,peak,395.71337890625
2026-01-15 10:30:00,real_time_price,303.5,peak,323.54449462890625
2026-01-15 10:45:00,real_time_price,295.0,peak,326.8498229980469
2026-01-15 11:00:00,real_time_price,310.47,peak,359.1728820800781
2026-01-15 11:15:00,real_time_price,306.09,peak,335.86175537109375
2026-01-15 11:30:00,real_time_price,297.39,peak,331.5112609863281
2026-01-15 11:45:00,real_time_price,286.8,peak,335.9402770996094
2026-01-15 12:00:00,real_time_price,272.75,flat,277.6563720703125
2026-01-15 12:15:00,real_time_price,201.34,flat,164.20465087890625
2026-01-15 12:30:00,real_time_price,272.77,flat,241.52896118164062
2026-01-15 12:45:00,real_time_price,254.54,flat,230.52354431152344
2026-01-15 13:00:00,real_time_price,250.05,flat,250.1025390625
2026-01-15 13:15:00,real_time_price,262.43,flat,257.159423828125
2026-01-15 13:30:00,real_time_price,274.55,flat,260.0138854980469
2026-01-15 13:45:00,real_time_price,271.45,flat,288.8210754394531
2026-01-15 14:00:00,real_time_price,279.79,peak,308.2409362792969
2026-01-15 14:15:00,real_time_price,270.78,peak,261.7413635253906
2026-01-15 14:30:00,real_time_price,266.21,peak,255.17984008789062
2026-01-15 14:45:00,real_time_price,264.69,peak,258.4404296875
2026-01-15 15:00:00,real_time_price,268.19,peak,262.0614929199219
2026-01-15 15:15:00,real_time_price,266.89,peak,247.97427368164062
2026-01-15 15:30:00,real_time_price,275.24,peak,259.96063232421875
2026-01-15 15:45:00,real_time_price,279.39,peak,276.16552734375
2026-01-15 16:00:00,real_time_price,284.99,peak,293.5584411621094
2026-01-15 16:15:00,real_time_price,299.53,peak,294.0481872558594
2026-01-15 16:30:00,real_time_price,345.08,peak,311.7677001953125
2026-01-15 16:45:00,real_time_price,329.16,peak,334.447509765625
2026-01-15 17:00:00,real_time_price,359.83,peak,361.5559997558594
2026-01-15 17:15:00,real_time_price,319.81,peak,367.4215393066406
2026-01-15 17:30:00,real_time_price,380.84,peak,361.6651611328125
2026-01-15 17:45:00,real_time_price,339.03,peak,344.00494384765625
2026-01-15 18:00:00,real_time_price,330.37,peak,326.544677734375
2026-01-15 18:15:00,real_time_price,378.64,peak,323.50201416015625
2026-01-15 18:30:00,real_time_price,359.19,peak,360.57708740234375
2026-01-15 18:45:00,real_time_price,418.97,peak,376.74517822265625
2026-01-15 19:00:00,real_time_price,396.78,flat,464.9558410644531
2026-01-15 19:15:00,real_time_price,334.37,flat,398.2701416015625
2026-01-15 19:30:00,real_time_price,463.19,flat,425.36566162109375
2026-01-15 19:45:00,real_time_price,371.57,flat,469.9563903808594
2026-01-15 20:00:00,real_time_price,354.34,flat,380.05841064453125
2026-01-15 20:15:00,real_time_price,345.46,flat,356.7340393066406
2026-01-15 20:30:00,real_time_price,371.4,flat,380.70068359375
2026-01-15 20:45:00,real_time_price,335.14,flat,366.84442138671875
2026-01-15 21:00:00,real_time_price,382.19,flat,370.06494140625
2026-01-15 21:15:00,real_time_price,356.93,flat,373.23675537109375
2026-01-15 21:30:00,real_time_price,411.32,flat,379.1201171875
2026-01-15 21:45:00,real_time_price,401.69,flat,409.5237121582031
2026-01-15 22:00:00,real_time_price,380.68,flat,385.9698791503906
2026-01-15 22:15:00,real_time_price,345.44,flat,376.0218200683594
2026-01-15 22:30:00,real_time_price,360.65,flat,340.8938293457031
2026-01-15 22:45:00,real_time_price,403.3,flat,340.0048522949219
2026-01-15 23:00:00,real_time_price,358.48,flat,350.25360107421875
2026-01-15 23:15:00,real_time_price,322.27,flat,342.2559814453125
2026-01-15 23:30:00,real_time_price,317.63,flat,325.1571350097656
2026-01-15 23:45:00,real_time_price,312.33,flat,315.1567687988281
2026-01-16 00:00:00,real_time_price,309.23,valley,301.5903625488281
2026-01-16 00:15:00,real_time_price,287.8,valley,300.30694580078125
2026-01-16 00:30:00,real_time_price,310.58,valley,405.3370666503906
2026-01-16 00:45:00,real_time_price,310.02,valley,328.9813232421875
2026-01-16 01:00:00,real_time_price,317.63,valley,340.0045166015625
2026-01-16 01:15:00,real_time_price,316.78,valley,307.3778076171875
2026-01-16 01:30:00,real_time_price,317.09,valley,310.7772216796875
2026-01-16 01:45:00,real_time_price,315.01,valley,311.061767578125
2026-01-16 02:00:00,real_time_price,314.7,valley,309.2418212890625
2026-01-16 02:15:00,real_time_price,310.0,valley,310.2055969238281
2026-01-16 02:30:00,real_time_price,310.02,valley,311.14874267578125
2026-01-16 02:45:00,real_time_price,310.0,valley,306.5799255371094
2026-01-16 03:00:00,real_time_price,306.04,valley,308.75604248046875
2026-01-16 03:15:00,real_time_price,307.13,valley,304.37164306640625
2026-01-16 03:30:00,real_time_price,300.07,valley,302.9653625488281
2026-01-16 03:45:00,real_time_price,300.07,valley,292.659912109375
2026-01-16 04:00:00,real_time_price,300.0,valley,291.193359375
2026-01-16 04:15:00,real_time_price,300.04,valley,290.9815368652344
2026-01-16 04:30:00,real_time_price,300.0,valley,292.68048095703125
2026-01-16 04:45:00,real_time_price,298.0,valley,292.9683837890625
2026-01-16 05:00:00,real_time_price,300.05,valley,288.3616943359375
2026-01-16 05:15:00,real_time_price,297.08,valley,293.9112548828125
2026-01-16 05:30:00,real_time_price,298.0,valley,297.7610168457031
2026-01-16 05:45:00,real_time_price,287.8,valley,299.3377990722656
2026-01-16 06:00:00,real_time_price,300.0,valley,299.569091796875
2026-01-16 06:15:00,real_time_price,297.79,valley,298.58184814453125
2026-01-16 06:30:00,real_time_price,300.01,valley,303.9774169921875
2026-01-16 06:45:00,real_time_price,306.8,valley,302.65740966796875
2026-01-16 07:00:00,real_time_price,324.98,valley,313.8562316894531
2026-01-16 07:15:00,real_time_price,316.72,valley,310.12286376953125
2026-01-16 07:30:00,real_time_price,320.01,valley,310.4989013671875
2026-01-16 07:45:00,real_time_price,320.01,valley,313.1430969238281
2026-01-16 08:00:00,real_time_price,323.49,flat,334.974853515625
2026-01-16 08:15:00,real_time_price,329.89,flat,373.5661315917969
2026-01-16 08:30:00,real_time_price,330.59,flat,371.20458984375
2026-01-16 08:45:00,real_time_price,326.21,flat,352.8289489746094
2026-01-16 09:00:00,real_time_price,322.92,flat,340.5591125488281
2026-01-16 09:15:00,real_time_price,323.98,flat,343.4242248535156
2026-01-16 09:30:00,real_time_price,310.15,flat,343.86163330078125
2026-01-16 09:45:00,real_time_price,317.16,flat,330.2687683105469
2026-01-16 10:00:00,real_time_price,305.47,peak,305.31732177734375
2026-01-16 10:15:00,real_time_price,308.82,peak,294.4403991699219
2026-01-16 10:30:00,real_time_price,286.97,peak,290.23046875
2026-01-16 10:45:00,real_time_price,280.36,peak,287.0839538574219
2026-01-16 11:00:00,real_time_price,265.61,peak,283.94671630859375
2026-01-16 11:15:00,real_time_price,278.89,peak,263.8132019042969
2026-01-16 11:30:00,real_time_price,274.25,peak,283.608154296875
2026-01-16 11:45:00,real_time_price,269.56,peak,244.25186157226562
2026-01-16 12:00:00,real_time_price,260.48,flat,263.1048889160156
2026-01-16 12:15:00,real_time_price,170.54,flat,177.4571990966797
2026-01-16 12:30:00,real_time_price,240.77,flat,210.6455841064453
2026-01-16 12:45:00,real_time_price,157.14,flat,239.6328125
2026-01-16 13:00:00,real_time_price,59.1,flat,182.1643524169922
2026-01-16 13:15:00,real_time_price,155.4,flat,150.92892456054688
2026-01-16 13:30:00,real_time_price,168.32,flat,190.8178253173828
2026-01-16 13:45:00,real_time_price,255.51,flat,195.01870727539062
2026-01-16 14:00:00,real_time_price,256.49,peak,253.41586303710938
2026-01-16 14:15:00,real_time_price,231.43,peak,236.62677001953125
2026-01-16 14:30:00,real_time_price,233.86,peak,229.44834899902344
2026-01-16 14:45:00,real_time_price,252.14,peak,237.2992401123047
2026-01-16 15:00:00,real_time_price,246.09,peak,245.38478088378906
2026-01-16 15:15:00,real_time_price,256.28,peak,243.89974975585938
2026-01-16 15:30:00,real_time_price,263.4,peak,246.07846069335938
2026-01-16 15:45:00,real_time_price,274.4,peak,259.0926513671875
2026-01-16 16:00:00,real_time_price,285.06,peak,272.4676818847656
2026-01-16 16:15:00,real_time_price,301.22,peak,286.19757080078125
2026-01-16 16:30:00,real_time_price,311.0,peak,312.932373046875
2026-01-16 16:45:00,real_time_price,310.97,peak,328.47808837890625
2026-01-16 17:00:00,real_time_price,357.9,peak,329.0774230957031
2026-01-16 17:15:00,real_time_price,328.2,peak,356.8919677734375
2026-01-16 17:30:00,real_time_price,322.83,peak,360.40277099609375
2026-01-16 17:45:00,real_time_price,332.61,peak,321.673583984375
2026-01-16 18:00:00,real_time_price,329.37,peak,332.19891357421875
2026-01-16 18:15:00,real_time_price,328.39,peak,336.10064697265625
2026-01-16 18:30:00,real_time_price,347.2,peak,345.4745788574219
2026-01-16 18:45:00,real_time_price,378.48,peak,364.9283752441406
2026-01-16 19:00:00,real_time_price,329.57,flat,378.18017578125
2026-01-16 19:15:00,real_time_price,349.77,flat,348.92938232421875
2026-01-16 19:30:00,real_time_price,313.89,flat,360.6075439453125
2026-01-16 19:45:00,real_time_price,361.79,flat,338.778076171875
2026-01-16 20:00:00,real_time_price,318.79,flat,343.86322021484375
2026-01-16 20:15:00,real_time_price,361.97,flat,334.07049560546875
2026-01-16 20:30:00,real_time_price,329.54,flat,365.6122741699219
2026-01-16 20:45:00,real_time_price,324.95,flat,355.9761047363281
2026-01-16 21:00:00,real_time_price,330.02,flat,341.2424621582031
2026-01-16 21:15:00,real_time_price,327.81,flat,336.8748779296875
2026-01-16 21:30:00,real_time_price,336.34,flat,344.1687927246094
2026-01-16 21:45:00,real_time_price,320.16,flat,342.73443603515625
2026-01-16 22:00:00,real_time_price,340.06,flat,327.4013977050781
2026-01-16 22:15:00,real_time_price,314.15,flat,332.6362609863281
2026-01-16 22:30:00,real_time_price,318.83,flat,319.0592346191406
2026-01-16 22:45:00,real_time_price,314.53,flat,311.3997802734375
2026-01-16 23:00:00,real_time_price,317.38,flat,310.0936584472656
2026-01-16 23:15:00,real_time_price,316.48,flat,306.4731750488281
2026-01-16 23:30:00,real_time_price,317.15,flat,309.8780212402344
2026-01-16 23:45:00,real_time_price,316.38,flat,308.0091857910156
2026-01-17 00:00:00,real_time_price,320.05,valley,315.2358703613281
2026-01-17 00:15:00,real_time_price,267.84,valley,309.38427734375
2026-01-17 00:30:00,real_time_price,275.57,valley,357.01904296875
2026-01-17 00:45:00,real_time_price,303.32,valley,319.7559814453125
2026-01-17 01:00:00,real_time_price,309.31,valley,288.4383239746094
2026-01-17 01:15:00,real_time_price,349.02,valley,297.3074645996094
2026-01-17 01:30:00,real_time_price,327.12,valley,325.6125183105469
2026-01-17 01:45:00,real_time_price,342.76,valley,325.4258728027344
2026-01-17 02:00:00,real_time_price,311.21,valley,330.11773681640625
2026-01-17 02:15:00,real_time_price,336.7,valley,318.4923095703125
2026-01-17 02:30:00,real_time_price,323.0,valley,323.0548095703125
2026-01-17 02:45:00,real_time_price,301.53,valley,325.1422119140625
2026-01-17 03:00:00,real_time_price,310.01,valley,307.46295166015625
2026-01-17 03:15:00,real_time_price,318.38,valley,308.2884216308594
2026-01-17 03:30:00,real_time_price,315.0,valley,307.1797180175781
2026-01-17 03:45:00,real_time_price,305.0,valley,309.04864501953125
2026-01-17 04:00:00,real_time_price,303.15,valley,303.4914245605469
2026-01-17 04:15:00,real_time_price,301.36,valley,301.4805908203125
2026-01-17 04:30:00,real_time_price,302.07,valley,297.129638671875
2026-01-17 04:45:00,real_time_price,293.76,valley,297.4688415527344
2026-01-17 05:00:00,real_time_price,292.68,valley,290.489501953125
2026-01-17 05:15:00,real_time_price,291.08,valley,291.3922424316406
2026-01-17 05:30:00,real_time_price,291.08,valley,290.6144104003906
2026-01-17 05:45:00,real_time_price,291.99,valley,291.1495361328125
2026-01-17 06:00:00,real_time_price,297.65,valley,292.61212158203125
2026-01-17 06:15:00,real_time_price,297.44,valley,292.25799560546875
2026-01-17 06:30:00,real_time_price,298.84,valley,303.23236083984375
2026-01-17 06:45:00,real_time_price,296.4,valley,305.8289794921875
2026-01-17 07:00:00,real_time_price,298.39,valley,299.9946594238281
2026-01-17 07:15:00,real_time_price,302.23,valley,293.2523193359375
2026-01-17 07:30:00,real_time_price,307.85,valley,323.5980529785156
2026-01-17 07:45:00,real_time_price,322.96,valley,306.0289611816406
2026-01-17 08:00:00,real_time_price,327.15,flat,324.05145263671875
2026-01-17 08:15:00,real_time_price,467.7,flat,332.8749694824219
2026-01-17 08:30:00,real_time_price,329.13,flat,403.3977966308594
2026-01-17 08:45:00,real_time_price,444.75,flat,347.2277526855469
2026-01-17 09:00:00,real_time_price,340.92,flat,390.3699951171875
2026-01-17 09:15:00,real_time_price,352.62,flat,352.6042785644531
2026-01-17 09:30:00,real_time_price,330.41,flat,355.9831848144531
2026-01-17 09:45:00,real_time_price,328.6,flat,344.50897216796875
2026-01-17 10:00:00,real_time_price,309.95,peak,303.90087890625
2026-01-17 10:15:00,real_time_price,287.97,peak,296.9207763671875
2026-01-17 10:30:00,real_time_price,289.7,peak,290.717041015625
2026-01-17 10:45:00,real_time_price,263.13,peak,289.7671813964844
2026-01-17 11:00:00,real_time_price,277.45,peak,284.41192626953125
2026-01-17 11:15:00,real_time_price,271.92,peak,280.21881103515625
2026-01-17 11:30:00,real_time_price,279.24,peak,277.3161315917969
2026-01-17 11:45:00,real_time_price,259.45,peak,261.2852478027344
2026-01-17 12:00:00,real_time_price,259.35,flat,254.15419006347656
2026-01-17 12:15:00,real_time_price,100.0,flat,176.93682861328125
2026-01-17 12:30:00,real_time_price,209.15,flat,247.4462127685547
2026-01-17 12:45:00,real_time_price,141.91,flat,191.60450744628906
2026-01-17 13:00:00,real_time_price,147.25,flat,166.0721893310547
2026-01-17 13:15:00,real_time_price,143.29,flat,169.1881103515625
2026-01-17 13:30:00,real_time_price,199.09,flat,184.36972045898438
2026-01-17 13:45:00,real_time_price,266.93,flat,224.09703063964844
2026-01-17 14:00:00,real_time_price,225.16,peak,265.36578369140625
2026-01-17 14:15:00,real_time_price,239.15,peak,256.088623046875
2026-01-17 14:30:00,real_time_price,189.93,peak,245.1559295654297
2026-01-17 14:45:00,real_time_price,214.67,peak,241.4393768310547
2026-01-17 15:00:00,real_time_price,231.39,peak,203.25120544433594
2026-01-17 15:15:00,real_time_price,188.45,peak,218.76710510253906
2026-01-17 15:30:00,real_time_price,186.39,peak,225.2608642578125
2026-01-17 15:45:00,real_time_price,259.78,peak,238.44715881347656
2026-01-17 16:00:00,real_time_price,269.55,peak,247.2068634033203
2026-01-17 16:15:00,real_time_price,275.79,peak,252.47669982910156
2026-01-17 16:30:00,real_time_price,282.9,peak,274.4134216308594
2026-01-17 16:45:00,real_time_price,299.22,peak,287.3904724121094
2026-01-17 17:00:00,real_time_price,469.48,peak,305.3088684082031
2026-01-17 17:15:00,real_time_price,419.37,peak,386.9942626953125
2026-01-17 17:30:00,real_time_price,328.44,peak,450.75439453125
2026-01-17 17:45:00,real_time_price,318.73,peak,333.16796875
2026-01-17 18:00:00,real_time_price,327.51,peak,340.6923522949219
2026-01-17 18:15:00,real_time_price,321.66,peak,341.6759033203125
2026-01-17 18:30:00,real_time_price,314.13,peak,337.6397399902344
2026-01-17 18:45:00,real_time_price,328.96,peak,332.4133605957031
2026-01-17 19:00:00,real_time_price,321.89,flat,335.0491943359375
2026-01-17 19:15:00,real_time_price,328.02,flat,334.2033386230469
2026-01-17 19:30:00,real_time_price,341.45,flat,369.583740234375
2026-01-17 19:45:00,real_time_price,347.17,flat,344.7049255371094
2026-01-17 20:00:00,real_time_price,353.48,flat,339.24945068359375
2026-01-17 20:15:00,real_time_price,362.18,flat,349.30059814453125
2026-01-17 20:30:00,real_time_price,380.72,flat,366.45294189453125
2026-01-17 20:45:00,real_time_price,333.47,flat,392.3328857421875
2026-01-17 21:00:00,real_time_price,330.46,flat,355.8238830566406
2026-01-17 21:15:00,real_time_price,396.09,flat,340.69622802734375
2026-01-17 21:30:00,real_time_price,384.25,flat,394.4295349121094
2026-01-17 21:45:00,real_time_price,325.3,flat,386.55145263671875
2026-01-17 22:00:00,real_time_price,357.63,flat,351.2744140625
2026-01-17 22:15:00,real_time_price,329.94,flat,354.12158203125
2026-01-17 22:30:00,real_time_price,328.59,flat,327.5685729980469
2026-01-17 22:45:00,real_time_price,349.03,flat,316.5587158203125
2026-01-17 23:00:00,real_time_price,324.99,flat,325.79931640625
2026-01-17 23:15:00,real_time_price,328.33,flat,314.638671875
2026-01-17 23:30:00,real_time_price,317.0,flat,315.14422607421875
2026-01-17 23:45:00,real_time_price,306.9,flat,315.1932373046875
2026-01-18 00:00:00,real_time_price,298.67,valley,307.1803894042969
2026-01-18 00:15:00,real_time_price,267.37,valley,288.10455322265625
2026-01-18 00:30:00,real_time_price,361.46,valley,344.71112060546875
2026-01-18 00:45:00,real_time_price,385.36,valley,350.91473388671875
2026-01-18 01:00:00,real_time_price,316.2,valley,335.42510986328125
2026-01-18 01:15:00,real_time_price,326.35,valley,311.381591796875
2026-01-18 01:30:00,real_time_price,325.43,valley,319.35723876953125
2026-01-18 01:45:00,real_time_price,323.99,valley,321.4885559082031
2026-01-18 02:00:00,real_time_price,325.85,valley,319.6455078125
2026-01-18 02:15:00,real_time_price,326.86,valley,320.5364990234375
2026-01-18 02:30:00,real_time_price,315.47,valley,321.7351379394531
2026-01-18 02:45:00,real_time_price,312.5,valley,322.5796203613281
2026-01-18 03:00:00,real_time_price,294.75,valley,311.21075439453125
2026-01-18 03:15:00,real_time_price,291.41,valley,295.4679260253906
2026-01-18 03:30:00,real_time_price,297.83,valley,291.04254150390625
2026-01-18 03:45:00,real_time_price,305.99,valley,289.4202575683594
2026-01-18 04:00:00,real_time_price,312.34,valley,299.7163391113281
2026-01-18 04:15:00,real_time_price,298.97,valley,302.5243225097656
2026-01-18 04:30:00,real_time_price,297.75,valley,294.8283996582031
2026-01-18 04:45:00,real_time_price,289.42,valley,287.9192199707031
2026-01-18 05:00:00,real_time_price,289.75,valley,288.9468688964844
2026-01-18 05:15:00,real_time_price,287.74,valley,284.38836669921875
2026-01-18 05:30:00,real_time_price,294.34,valley,287.8478698730469
2026-01-18 05:45:00,real_time_price,294.39,valley,287.2437744140625
2026-01-18 06:00:00,real_time_price,297.75,valley,291.3210144042969
2026-01-18 06:15:00,real_time_price,299.38,valley,291.1529846191406
2026-01-18 06:30:00,real_time_price,294.33,valley,300.5055847167969
2026-01-18 06:45:00,real_time_price,272.49,valley,297.4932861328125
2026-01-18 07:00:00,real_time_price,289.77,valley,286.85394287109375
2026-01-18 07:15:00,real_time_price,279.82,valley,286.390869140625
2026-01-18 07:30:00,real_time_price,297.73,valley,280.2402648925781
2026-01-18 07:45:00,real_time_price,302.62,valley,282.9845886230469
2026-01-18 08:00:00,real_time_price,317.92,flat,294.7346496582031
2026-01-18 08:15:00,real_time_price,318.11,flat,318.5301513671875
2026-01-18 08:30:00,real_time_price,300.29,flat,332.05328369140625
2026-01-18 08:45:00,real_time_price,297.38,flat,301.3963928222656
2026-01-18 09:00:00,real_time_price,293.59,flat,290.4084167480469
2026-01-18 09:15:00,real_time_price,296.01,flat,285.6322937011719
2026-01-18 09:30:00,real_time_price,278.75,flat,286.9726257324219
2026-01-18 09:45:00,real_time_price,273.61,flat,286.96014404296875
2026-01-18 10:00:00,real_time_price,243.9,peak,262.92919921875
2026-01-18 10:15:00,real_time_price,215.63,peak,249.3130340576172
2026-01-18 10:30:00,real_time_price,143.45,peak,211.2010955810547
2026-01-18 10:45:00,real_time_price,177.23,peak,210.11001586914062
2026-01-18 11:00:00,real_time_price,153.41,peak,179.95175170898438
2026-01-18 11:15:00,real_time_price,55.26,peak,162.00958251953125
2026-01-18 11:30:00,real_time_price,245.31,peak,134.69017028808594
2026-01-18 11:45:00,real_time_price,145.59,peak,210.32786560058594
2026-01-18 12:00:00,real_time_price,172.61,flat,162.4845428466797
2026-01-18 12:15:00,real_time_price,23.25,flat,87.15946960449219
2026-01-18 12:30:00,real_time_price,89.51,flat,143.1549530029297
2026-01-18 12:45:00,real_time_price,0.09,flat,111.05052947998047
2026-01-18 13:00:00,real_time_price,144.54,flat,82.22051239013672
2026-01-18 13:15:00,real_time_price,64.15,flat,95.08965301513672
2026-01-18 13:30:00,real_time_price,71.25,flat,113.25797271728516
2026-01-18 13:45:00,real_time_price,139.45,flat,100.64250946044922
2026-01-18 14:00:00,real_time_price,2.23,peak,127.04054260253906
2026-01-18 14:15:00,real_time_price,67.94,peak,128.6413116455078
2026-01-18 14:30:00,real_time_price,-48.29,peak,118.81050109863281
2026-01-18 14:45:00,real_time_price,-49.85,peak,117.68247985839844
2026-01-18 15:00:00,real_time_price,169.98,peak,7.855527400970459
2026-01-18 15:15:00,real_time_price,57.02,peak,122.36407470703125
2026-01-18 15:30:00,real_time_price,68.58,peak,93.94292449951172
2026-01-18 15:45:00,real_time_price,-19.75,peak,115.46388244628906
2026-01-18 16:00:00,real_time_price,80.68,peak,85.01087951660156
2026-01-18 16:15:00,real_time_price,186.75,peak,163.27667236328125
2026-01-18 16:30:00,real_time_price,266.32,peak,205.64645385742188
2026-01-18 16:45:00,real_time_price,273.04,peak,238.32229614257812
2026-01-18 17:00:00,real_time_price,285.39,peak,271.1936950683594
2026-01-18 17:15:00,real_time_price,295.0,peak,297.22265625
2026-01-18 17:30:00,real_time_price,313.99,peak,310.6044921875
2026-01-18 17:45:00,real_time_price,319.98,peak,310.2884216308594
2026-01-18 18:00:00,real_time_price,310.0,peak,331.6151428222656
2026-01-18 18:15:00,real_time_price,319.98,peak,323.20123291015625
2026-01-18 18:30:00,real_time_price,317.28,peak,348.3546142578125
2026-01-18 18:45:00,real_time_price,315.29,peak,331.3294982910156
2026-01-18 19:00:00,real_time_price,320.08,flat,320.0072326660156
2026-01-18 19:15:00,real_time_price,324.97,flat,315.2532958984375
2026-01-18 19:30:00,real_time_price,320.08,flat,341.1532897949219
2026-01-18 19:45:00,real_time_price,319.99,flat,327.48846435546875
2026-01-18 20:00:00,real_time_price,322.98,flat,320.72454833984375
2026-01-18 20:15:00,real_time_price,319.98,flat,321.0599365234375
2026-01-18 20:30:00,real_time_price,320.68,flat,332.4424743652344
2026-01-18 20:45:00,real_time_price,326.26,flat,332.0926818847656
2026-01-18 21:00:00,real_time_price,330.0,flat,330.7829895019531
2026-01-18 21:15:00,real_time_price,330.0,flat,331.57745361328125
2026-01-18 21:30:00,real_time_price,355.22,flat,340.0799560546875
2026-01-18 21:45:00,real_time_price,365.7,flat,345.04010009765625
2026-01-18 22:00:00,real_time_price,320.1,flat,349.48040771484375
2026-01-18 22:15:00,real_time_price,319.0,flat,334.7254333496094
2026-01-18 22:30:00,real_time_price,314.0,flat,313.42852783203125
2026-01-18 22:45:00,real_time_price,299.86,flat,308.37640380859375
2026-01-18 23:00:00,real_time_price,300.1,flat,288.1082458496094
2026-01-18 23:15:00,real_time_price,285.6,flat,282.0525817871094
2026-01-18 23:30:00,real_time_price,284.86,flat,280.47320556640625
2026-01-18 23:45:00,real_time_price,279.91,flat,277.0935974121094
2026-01-19 00:00:00,real_time_price,279.91,valley,274.1138610839844
2026-01-19 00:15:00,real_time_price,275.0,valley,272.126220703125
2026-01-19 00:30:00,real_time_price,299.54,valley,358.10479736328125
2026-01-19 00:45:00,real_time_price,292.13,valley,296.3549499511719
2026-01-19 01:00:00,real_time_price,285.0,valley,281.7432556152344
2026-01-19 01:15:00,real_time_price,285.03,valley,281.830810546875
2026-01-19 01:30:00,real_time_price,280.04,valley,282.37396240234375
2026-01-19 01:45:00,real_time_price,278.33,valley,278.92633056640625
2026-01-19 02:00:00,real_time_price,270.14,valley,273.5787048339844
2026-01-19 02:15:00,real_time_price,275.23,valley,271.5975341796875
2026-01-19 02:30:00,real_time_price,275.03,valley,265.98822021484375
2026-01-19 02:45:00,real_time_price,272.03,valley,267.182373046875
2026-01-19 03:00:00,real_time_price,270.0,valley,266.8024597167969
2026-01-19 03:15:00,real_time_price,268.04,valley,265.5707092285156
2026-01-19 03:30:00,real_time_price,265.04,valley,261.86590576171875
2026-01-19 03:45:00,real_time_price,274.98,valley,259.691650390625
2026-01-19 04:00:00,real_time_price,265.13,valley,262.54864501953125
2026-01-19 04:15:00,real_time_price,270.3,valley,261.18170166015625
2026-01-19 04:30:00,real_time_price,265.04,valley,261.4114685058594
2026-01-19 04:45:00,real_time_price,269.99,valley,258.9849853515625
2026-01-19 05:00:00,real_time_price,263.04,valley,263.21392822265625
2026-01-19 05:15:00,real_time_price,269.97,valley,262.0705871582031
2026-01-19 05:30:00,real_time_price,265.07,valley,266.4035949707031
2026-01-19 05:45:00,real_time_price,272.92,valley,266.2083435058594
2026-01-19 06:00:00,real_time_price,274.85,valley,270.9974060058594
2026-01-19 06:15:00,real_time_price,274.85,valley,271.6873779296875
2026-01-19 06:30:00,real_time_price,281.81,valley,278.4283447265625
2026-01-19 06:45:00,real_time_price,280.34,valley,284.13824462890625
2026-01-19 07:00:00,real_time_price,291.19,valley,285.23004150390625
2026-01-19 07:15:00,real_time_price,291.18,valley,279.7414245605469
2026-01-19 07:30:00,real_time_price,299.7,valley,285.6569519042969
2026-01-19 07:45:00,real_time_price,298.91,valley,292.23724365234375
2026-01-19 08:00:00,real_time_price,302.92,flat,301.0615539550781
2026-01-19 08:15:00,real_time_price,291.23,flat,312.74859619140625
2026-01-19 08:30:00,real_time_price,310.78,flat,305.9818115234375
2026-01-19 08:45:00,real_time_price,306.63,flat,302.51336669921875
2026-01-19 09:00:00,real_time_price,337.21,flat,298.0234069824219
2026-01-19 09:15:00,real_time_price,263.17,flat,313.4455261230469
2026-01-19 09:30:00,real_time_price,304.11,flat,286.21240234375
2026-01-19 09:45:00,real_time_price,279.4,flat,278.8134460449219
2026-01-19 10:00:00,real_time_price,278.73,peak,277.27911376953125
2026-01-19 10:15:00,real_time_price,265.81,peak,267.99749755859375
2026-01-19 10:30:00,real_time_price,254.77,peak,261.608154296875
2026-01-19 10:45:00,real_time_price,143.61,peak,248.8621368408203
2026-01-19 11:00:00,real_time_price,155.3,peak,208.74183654785156
2026-01-19 11:15:00,real_time_price,196.95,peak,222.04029846191406
2026-01-19 11:30:00,real_time_price,244.7,peak,174.93927001953125
2026-01-19 11:45:00,real_time_price,248.88,peak,183.87393188476562
2026-01-19 12:00:00,real_time_price,240.15,flat,215.50074768066406
2026-01-19 12:15:00,real_time_price,106.04,flat,136.94985961914062
2026-01-19 12:30:00,real_time_price,180.6,flat,190.44110107421875
2026-01-19 12:45:00,real_time_price,106.97,flat,179.53024291992188
2026-01-19 13:00:00,real_time_price,132.57,flat,156.27310180664062
2026-01-19 13:15:00,real_time_price,146.92,flat,122.08951568603516
2026-01-19 13:30:00,real_time_price,151.63,flat,178.2078399658203
2026-01-19 13:45:00,real_time_price,154.35,flat,187.62940979003906
2026-01-19 14:00:00,real_time_price,245.18,peak,216.7388458251953
2026-01-19 14:15:00,real_time_price,228.39,peak,167.7025146484375
2026-01-19 14:30:00,real_time_price,85.8,peak,205.68505859375
2026-01-19 14:45:00,real_time_price,178.76,peak,152.57720947265625
2026-01-19 15:00:00,real_time_price,164.75,peak,181.87753295898438
2026-01-19 15:15:00,real_time_price,232.63,peak,172.63758850097656
2026-01-19 15:30:00,real_time_price,203.09,peak,185.9839630126953
2026-01-19 15:45:00,real_time_price,224.48,peak,233.29344177246094
2026-01-19 16:00:00,real_time_price,252.36,peak,248.7252655029297
2026-01-19 16:15:00,real_time_price,287.96,peak,256.35504150390625
2026-01-19 16:30:00,real_time_price,272.88,peak,278.1626892089844
2026-01-19 16:45:00,real_time_price,273.2,peak,288.55633544921875
2026-01-19 17:00:00,real_time_price,290.95,peak,283.52984619140625
2026-01-19 17:15:00,real_time_price,295.07,peak,293.61273193359375
2026-01-19 17:30:00,real_time_price,313.01,peak,302.38177490234375
2026-01-19 17:45:00,real_time_price,305.37,peak,301.7528991699219
2026-01-19 18:00:00,real_time_price,315.6,peak,309.3509216308594
2026-01-19 18:15:00,real_time_price,318.83,peak,319.26153564453125
2026-01-19 18:30:00,real_time_price,326.43,peak,329.6650085449219
2026-01-19 18:45:00,real_time_price,331.46,peak,340.8419189453125
2026-01-19 19:00:00,real_time_price,342.9,flat,351.44549560546875
2026-01-19 19:15:00,real_time_price,327.61,flat,363.5943908691406
2026-01-19 19:30:00,real_time_price,317.72,flat,383.5094909667969
2026-01-19 19:45:00,real_time_price,327.24,flat,344.57989501953125
2026-01-19 20:00:00,real_time_price,317.54,flat,323.69207763671875
2026-01-19 20:15:00,real_time_price,317.96,flat,324.7510986328125
2026-01-19 20:30:00,real_time_price,321.83,flat,336.9186706542969
2026-01-19 20:45:00,real_time_price,315.42,flat,331.02569580078125
2026-01-19 21:00:00,real_time_price,317.67,flat,327.4703674316406
2026-01-19 21:15:00,real_time_price,319.64,flat,318.8605651855469
2026-01-19 21:30:00,real_time_price,318.74,flat,326.8716125488281
2026-01-19 21:45:00,real_time_price,307.38,flat,321.9730224609375
2026-01-19 22:00:00,real_time_price,303.01,flat,301.58392333984375
2026-01-19 22:15:00,real_time_price,298.47,flat,299.84344482421875
2026-01-19 22:30:00,real_time_price,291.24,flat,291.31951904296875
2026-01-19 22:45:00,real_time_price,292.07,flat,285.79339599609375
2026-01-19 23:00:00,real_time_price,292.64,flat,282.28631591796875
2026-01-19 23:15:00,real_time_price,282.88,flat,280.7271423339844
2026-01-19 23:30:00,real_time_price,279.91,flat,281.61883544921875
2026-01-19 23:45:00,real_time_price,281.95,flat,279.4030456542969
2026-01-20 00:00:00,real_time_price,278.0,valley,278.631591796875
2026-01-20 00:15:00,real_time_price,265.02,valley,279.6555480957031
2026-01-20 00:30:00,real_time_price,300.98,valley,296.7195739746094
2026-01-20 00:45:00,real_time_price,293.72,valley,298.5467224121094
2026-01-20 01:00:00,real_time_price,293.04,valley,273.7112121582031
2026-01-20 01:15:00,real_time_price,283.16,valley,277.41448974609375
2026-01-20 01:30:00,real_time_price,286.57,valley,277.8819580078125
2026-01-20 01:45:00,real_time_price,275.93,valley,281.8810119628906
2026-01-20 02:00:00,real_time_price,281.05,valley,269.16705322265625
2026-01-20 02:15:00,real_time_price,274.42,valley,276.4172668457031
2026-01-20 02:30:00,real_time_price,276.66,valley,268.8606262207031
2026-01-20 02:45:00,real_time_price,274.26,valley,269.6097412109375
2026-01-20 03:00:00,real_time_price,262.11,valley,266.8066101074219
2026-01-20 03:15:00,real_time_price,268.39,valley,260.0255432128906
2026-01-20 03:30:00,real_time_price,278.65,valley,259.45477294921875
2026-01-20 03:45:00,real_time_price,273.85,valley,268.7633056640625
2026-01-20 04:00:00,real_time_price,265.07,valley,263.6372985839844
2026-01-20 04:15:00,real_time_price,272.11,valley,263.2385559082031
2026-01-20 04:30:00,real_time_price,268.28,valley,263.6219787597656
2026-01-20 04:45:00,real_time_price,263.84,valley,261.2920837402344
2026-01-20 05:00:00,real_time_price,257.02,valley,260.7711181640625
2026-01-20 05:15:00,real_time_price,266.88,valley,257.6572570800781
2026-01-20 05:30:00,real_time_price,269.01,valley,260.4637145996094
2026-01-20 05:45:00,real_time_price,275.2,valley,269.5762939453125
2026-01-20 06:00:00,real_time_price,274.27,valley,273.748291015625
2026-01-20 06:15:00,real_time_price,273.47,valley,277.3797607421875
2026-01-20 06:30:00,real_time_price,276.48,valley,279.91497802734375
2026-01-20 06:45:00,real_time_price,271.57,valley,279.0534973144531
2026-01-20 07:00:00,real_time_price,286.91,valley,275.15460205078125
2026-01-20 07:15:00,real_time_price,283.5,valley,280.4941711425781
2026-01-20 07:30:00,real_time_price,300.82,valley,277.8317565917969
2026-01-20 07:45:00,real_time_price,303.46,valley,290.42279052734375
2026-01-20 08:00:00,real_time_price,318.39,flat,305.91497802734375
2026-01-20 08:15:00,real_time_price,312.57,flat,346.4410705566406
2026-01-20 08:30:00,real_time_price,318.05,flat,353.1240234375
2026-01-20 08:45:00,real_time_price,318.95,flat,332.79510498046875
2026-01-20 09:00:00,real_time_price,361.8,flat,323.2474670410156
2026-01-20 09:15:00,real_time_price,444.3,flat,338.2830505371094
2026-01-20 09:30:00,real_time_price,388.2,flat,387.7781677246094
2026-01-20 09:45:00,real_time_price,311.21,flat,378.7083435058594
2026-01-20 10:00:00,real_time_price,318.25,peak,292.3658447265625
2026-01-20 10:15:00,real_time_price,312.79,peak,289.9078063964844
2026-01-20 10:30:00,real_time_price,313.27,peak,292.2120056152344
2026-01-20 10:45:00,real_time_price,281.77,peak,299.0768127441406
2026-01-20 11:00:00,real_time_price,304.15,peak,301.2059631347656
2026-01-20 11:15:00,real_time_price,348.59,peak,286.5204772949219
2026-01-20 11:30:00,real_time_price,265.85,peak,340.8121337890625
2026-01-20 11:45:00,real_time_price,284.21,peak,284.8411560058594
2026-01-20 12:00:00,real_time_price,301.07,flat,269.47320556640625
2026-01-20 12:15:00,real_time_price,272.7,flat,233.6968994140625
2026-01-20 12:30:00,real_time_price,285.16,flat,279.6690368652344
2026-01-20 12:45:00,real_time_price,275.99,flat,276.80804443359375
2026-01-20 13:00:00,real_time_price,220.76,flat,281.43646240234375
2026-01-20 13:15:00,real_time_price,250.71,flat,250.5269317626953
2026-01-20 13:30:00,real_time_price,302.23,flat,259.5570068359375
2026-01-20 13:45:00,real_time_price,313.59,flat,297.7586669921875
2026-01-20 14:00:00,real_time_price,317.32,peak,288.771728515625
2026-01-20 14:15:00,real_time_price,309.78,peak,294.43145751953125
2026-01-20 14:30:00,real_time_price,257.32,peak,269.0525817871094
2026-01-20 14:45:00,real_time_price,275.16,peak,281.944091796875
2026-01-20 15:00:00,real_time_price,253.94,peak,272.9903564453125
2026-01-20 15:15:00,real_time_price,266.84,peak,269.6513671875
2026-01-20 15:30:00,real_time_price,271.11,peak,259.4017028808594
2026-01-20 15:45:00,real_time_price,278.64,peak,261.94622802734375
2026-01-20 16:00:00,real_time_price,279.48,peak,276.7295837402344
2026-01-20 16:15:00,real_time_price,285.05,peak,285.4512023925781
2026-01-20 16:30:00,real_time_price,290.89,peak,293.5092468261719
2026-01-20 16:45:00,real_time_price,305.95,peak,300.8200378417969
2026-01-20 17:00:00,real_time_price,360.16,peak,306.2725524902344
2026-01-20 17:15:00,real_time_price,354.2,peak,336.4706115722656
2026-01-20 17:30:00,real_time_price,427.52,peak,382.357666015625
2026-01-20 17:45:00,real_time_price,370.85,peak,373.2003479003906
2026-01-20 18:00:00,real_time_price,403.56,peak,378.4148864746094
2026-01-20 18:15:00,real_time_price,414.05,peak,388.0112609863281
2026-01-20 18:30:00,real_time_price,504.0,peak,438.2066650390625
2026-01-20 18:45:00,real_time_price,453.71,peak,502.46563720703125
2026-01-20 19:00:00,real_time_price,389.87,flat,462.358642578125
2026-01-20 19:15:00,real_time_price,384.17,flat,377.79974365234375
2026-01-20 19:30:00,real_time_price,502.54,flat,425.8332214355469
2026-01-20 19:45:00,real_time_price,440.5,flat,449.98297119140625
2026-01-20 20:00:00,real_time_price,342.38,flat,415.16375732421875
2026-01-20 20:15:00,real_time_price,417.68,flat,349.1950378417969
2026-01-20 20:30:00,real_time_price,573.59,flat,406.5060119628906
2026-01-20 20:45:00,real_time_price,437.37,flat,459.0345458984375
2026-01-20 21:00:00,real_time_price,652.97,flat,413.53289794921875
2026-01-20 21:15:00,real_time_price,608.25,flat,499.783203125
2026-01-20 21:30:00,real_time_price,616.35,flat,563.03662109375
2026-01-20 21:45:00,real_time_price,364.56,flat,543.8978881835938
2026-01-20 22:00:00,real_time_price,540.04,flat,388.3421936035156
2026-01-20 22:15:00,real_time_price,523.03,flat,437.1063537597656
2026-01-20 22:30:00,real_time_price,455.62,flat,454.3393859863281
2026-01-20 22:45:00,real_time_price,405.33,flat,420.3709716796875
2026-01-20 23:00:00,real_time_price,358.69,flat,372.06390380859375
2026-01-20 23:15:00,real_time_price,343.27,flat,336.5597229003906
2026-01-20 23:30:00,real_time_price,341.61,flat,330.8143615722656
2026-01-20 23:45:00,real_time_price,342.89,flat,323.62615966796875
2026-01-21 00:00:00,real_time_price,337.16,valley,337.735595703125
2026-01-21 00:15:00,real_time_price,289.45,valley,328.3442077636719
2026-01-21 00:30:00,real_time_price,330.18,valley,367.6165466308594
2026-01-21 00:45:00,real_time_price,293.73,valley,334.5756530761719
2026-01-21 01:00:00,real_time_price,292.7,valley,297.1876525878906
2026-01-21 01:15:00,real_time_price,280.95,valley,290.1703796386719
2026-01-21 01:30:00,real_time_price,283.53,valley,289.78253173828125
2026-01-21 01:45:00,real_time_price,282.28,valley,281.0079345703125
2026-01-21 02:00:00,real_time_price,274.11,valley,279.72076416015625
2026-01-21 02:15:00,real_time_price,275.47,valley,274.7811279296875
2026-01-21 02:30:00,real_time_price,275.51,valley,272.67388916015625
2026-01-21 02:45:00,real_time_price,269.41,valley,270.8135681152344
2026-01-21 03:00:00,real_time_price,269.86,valley,267.60772705078125
2026-01-21 03:15:00,real_time_price,264.87,valley,268.75018310546875
2026-01-21 03:30:00,real_time_price,265.45,valley,262.081787109375
2026-01-21 03:45:00,real_time_price,259.34,valley,260.78790283203125
2026-01-21 04:00:00,real_time_price,264.53,valley,256.17181396484375
2026-01-21 04:15:00,real_time_price,254.46,valley,258.9444885253906
2026-01-21 04:30:00,real_time_price,247.79,valley,253.22515869140625
2026-01-21 04:45:00,real_time_price,237.95,valley,247.28187561035156
2026-01-21 05:00:00,real_time_price,254.57,valley,242.34446716308594
2026-01-21 05:15:00,real_time_price,252.84,valley,243.32444763183594
2026-01-21 05:30:00,real_time_price,283.87,valley,252.98377990722656
2026-01-21 05:45:00,real_time_price,264.23,valley,272.1736755371094
2026-01-21 06:00:00,real_time_price,274.24,valley,273.7882995605469
2026-01-21 06:15:00,real_time_price,274.69,valley,272.8740539550781
2026-01-21 06:30:00,real_time_price,287.27,valley,279.34368896484375
2026-01-21 06:45:00,real_time_price,293.35,valley,287.46295166015625
2026-01-21 07:00:00,real_time_price,285.33,valley,290.0445861816406
2026-01-21 07:15:00,real_time_price,239.62,valley,282.012451171875
2026-01-21 07:30:00,real_time_price,307.35,valley,253.13623046875
2026-01-21 07:45:00,real_time_price,292.54,valley,296.0969543457031
2026-01-21 08:00:00,real_time_price,300.33,flat,298.36676025390625
2026-01-21 08:15:00,real_time_price,311.38,flat,306.4233703613281
2026-01-21 08:30:00,real_time_price,314.37,flat,331.31634521484375
2026-01-21 08:45:00,real_time_price,331.72,flat,322.3531494140625
2026-01-21 09:00:00,real_time_price,342.59,flat,331.1224060058594
2026-01-21 09:15:00,real_time_price,348.0,flat,333.8106384277344
2026-01-21 09:30:00,real_time_price,494.72,flat,335.2945251464844
2026-01-21 09:45:00,real_time_price,501.02,flat,400.8006591796875
2026-01-21 10:00:00,real_time_price,370.06,peak,432.8643493652344
2026-01-21 10:15:00,real_time_price,588.0,peak,360.98577880859375
2026-01-21 10:30:00,real_time_price,283.57,peak,494.71771240234375
2026-01-21 10:45:00,real_time_price,321.78,peak,370.161376953125
2026-01-21 11:00:00,real_time_price,364.15,peak,319.76959228515625
2026-01-21 11:15:00,real_time_price,374.4,peak,347.8814697265625
2026-01-21 11:30:00,real_time_price,324.71,peak,352.4308776855469
2026-01-21 11:45:00,real_time_price,331.0,peak,304.4349060058594
2026-01-21 12:00:00,real_time_price,317.65,flat,303.1908264160156
2026-01-21 12:15:00,real_time_price,108.14,flat,246.80113220214844
2026-01-21 12:30:00,real_time_price,382.36,flat,256.52386474609375
2026-01-21 12:45:00,real_time_price,318.72,flat,311.5158996582031
2026-01-21 13:00:00,real_time_price,318.9,flat,314.1327209472656
2026-01-21 13:15:00,real_time_price,113.77,flat,325.652099609375
2026-01-21 13:30:00,real_time_price,317.56,flat,262.7086181640625
2026-01-21 13:45:00,real_time_price,314.25,flat,328.29541015625
2026-01-21 14:00:00,real_time_price,371.45,peak,317.6039123535156
2026-01-21 14:15:00,real_time_price,295.39,peak,321.69134521484375
2026-01-21 14:30:00,real_time_price,285.18,peak,301.4095153808594
2026-01-21 14:45:00,real_time_price,291.77,peak,281.9235534667969
2026-01-21 15:00:00,real_time_price,294.18,peak,290.2555847167969
2026-01-21 15:15:00,real_time_price,298.78,peak,286.21368408203125
2026-01-21 15:30:00,real_time_price,302.79,peak,289.6818542480469
2026-01-21 15:45:00,real_time_price,300.01,peak,300.9642639160156
2026-01-21 16:00:00,real_time_price,309.88,peak,306.7678527832031
2026-01-21 16:15:00,real_time_price,314.47,peak,314.23687744140625
2026-01-21 16:30:00,real_time_price,388.99,peak,325.5921630859375
2026-01-21 16:45:00,real_time_price,546.17,peak,361.7523498535156
2026-01-21 17:00:00,real_time_price,631.18,peak,501.349609375
2026-01-21 17:15:00,real_time_price,479.51,peak,592.69580078125
2026-01-21 17:30:00,real_time_price,616.71,peak,530.19287109375
2026-01-21 17:45:00,real_time_price,597.75,peak,473.60040283203125
2026-01-21 18:00:00,real_time_price,774.67,peak,532.5523681640625
2026-01-21 18:15:00,real_time_price,704.5,peak,575.2530517578125
2026-01-21 18:30:00,real_time_price,737.5,peak,667.8118896484375
2026-01-21 18:45:00,real_time_price,1197.72,peak,718.6697387695312
2026-01-21 19:00:00,real_time_price,865.8,flat,865.5029907226562
2026-01-21 19:15:00,real_time_price,510.48,flat,763.043701171875
2026-01-21 19:30:00,real_time_price,780.01,flat,806.3622436523438
2026-01-21 19:45:00,real_time_price,678.23,flat,833.815673828125
2026-01-21 20:00:00,real_time_price,1200.53,flat,662.2882080078125
2026-01-21 20:15:00,real_time_price,764.11,flat,817.4296264648438
2026-01-21 20:30:00,real_time_price,1227.89,flat,748.7454833984375
2026-01-21 20:45:00,real_time_price,1048.77,flat,958.2059326171875
2026-01-21 21:00:00,real_time_price,987.45,flat,1084.9217529296875
2026-01-21 21:15:00,real_time_price,822.34,flat,844.7116088867188
2026-01-21 21:30:00,real_time_price,962.17,flat,1079.634765625
2026-01-21 21:45:00,real_time_price,775.05,flat,857.3563842773438
2026-01-21 22:00:00,real_time_price,685.0,flat,697.9286499023438
2026-01-21 22:15:00,real_time_price,1211.89,flat,643.4122314453125
2026-01-21 22:30:00,real_time_price,739.64,flat,810.1412353515625
2026-01-21 22:45:00,real_time_price,450.03,flat,652.0492553710938
2026-01-21 23:00:00,real_time_price,348.81,flat,527.1608276367188
2026-01-21 23:15:00,real_time_price,318.55,flat,327.9464111328125
2026-01-21 23:30:00,real_time_price,316.55,flat,310.8260192871094
2026-01-21 23:45:00,real_time_price,298.3,flat,325.85333251953125
2026-01-22 00:00:00,real_time_price,291.77,valley,282.4479675292969
2026-01-22 00:15:00,real_time_price,287.69,valley,281.1839599609375
2026-01-22 00:30:00,real_time_price,219.09,valley,332.4083557128906
2026-01-22 00:45:00,real_time_price,284.75,valley,252.65414428710938
2026-01-22 01:00:00,real_time_price,290.87,valley,257.62847900390625
2026-01-22 01:15:00,real_time_price,274.31,valley,275.19720458984375
2026-01-22 01:30:00,real_time_price,293.48,valley,268.0116882324219
2026-01-22 01:45:00,real_time_price,281.71,valley,281.6465148925781
2026-01-22 02:00:00,real_time_price,249.29,valley,276.9551696777344
2026-01-22 02:15:00,real_time_price,276.34,valley,260.73480224609375
2026-01-22 02:30:00,real_time_price,280.64,valley,258.9098205566406
2026-01-22 02:45:00,real_time_price,267.24,valley,267.3039855957031
2026-01-22 03:00:00,real_time_price,273.68,valley,257.9713134765625
2026-01-22 03:15:00,real_time_price,277.61,valley,261.0171203613281
2026-01-22 03:30:00,real_time_price,274.22,valley,263.9428405761719
2026-01-22 03:45:00,real_time_price,278.38,valley,261.48577880859375
2026-01-22 04:00:00,real_time_price,257.99,valley,261.7342224121094
2026-01-22 04:15:00,real_time_price,285.53,valley,256.8363342285156
2026-01-22 04:30:00,real_time_price,274.39,valley,258.7322998046875
2026-01-22 04:45:00,real_time_price,272.13,valley,260.2791442871094
2026-01-22 05:00:00,real_time_price,274.54,valley,264.6737976074219
2026-01-22 05:15:00,real_time_price,277.49,valley,264.0094299316406
2026-01-22 05:30:00,real_time_price,285.06,valley,271.5550842285156
2026-01-22 05:45:00,real_time_price,283.69,valley,281.3033142089844
2026-01-22 06:00:00,real_time_price,287.42,valley,287.2146301269531
2026-01-22 06:15:00,real_time_price,288.85,valley,287.0860900878906
2026-01-22 06:30:00,real_time_price,286.56,valley,294.4316101074219
2026-01-22 06:45:00,real_time_price,289.41,valley,290.9249572753906
2026-01-22 07:00:00,real_time_price,292.35,valley,291.814208984375
2026-01-22 07:15:00,real_time_price,376.3,valley,279.400146484375
2026-01-22 07:30:00,real_time_price,386.63,valley,353.16558837890625
2026-01-22 07:45:00,real_time_price,377.91,valley,391.1539001464844
2026-01-22 08:00:00,real_time_price,229.3,flat,391.4114685058594
2026-01-22 08:15:00,real_time_price,288.25,flat,331.2261962890625
2026-01-22 08:30:00,real_time_price,299.65,flat,319.2298583984375
2026-01-22 08:45:00,real_time_price,286.32,flat,294.79681396484375
2026-01-22 09:00:00,real_time_price,301.09,flat,290.09466552734375
2026-01-22 09:15:00,real_time_price,512.37,flat,310.1408996582031
2026-01-22 09:30:00,real_time_price,714.97,flat,405.8135986328125
2026-01-22 09:45:00,real_time_price,573.36,flat,677.5692138671875
2026-01-22 10:00:00,real_time_price,564.34,peak,477.6903381347656
2026-01-22 10:15:00,real_time_price,497.95,peak,638.5308837890625
2026-01-22 10:30:00,real_time_price,473.75,peak,471.7579345703125
2026-01-22 10:45:00,real_time_price,389.01,peak,518.6832885742188
2026-01-22 11:00:00,real_time_price,485.22,peak,422.8417663574219
2026-01-22 11:15:00,real_time_price,477.32,peak,491.416748046875
2026-01-22 11:30:00,real_time_price,759.9,peak,497.1372375488281
2026-01-22 11:45:00,real_time_price,637.44,peak,651.6648559570312
2026-01-22 12:00:00,real_time_price,429.98,flat,500.6224670410156
2026-01-22 12:15:00,real_time_price,324.53,flat,345.7675476074219
2026-01-22 12:30:00,real_time_price,305.87,flat,369.5548095703125
2026-01-22 12:45:00,real_time_price,272.48,flat,357.7995910644531
2026-01-22 13:00:00,real_time_price,265.94,flat,307.27215576171875
2026-01-22 13:15:00,real_time_price,292.67,flat,286.22442626953125
2026-01-22 13:30:00,real_time_price,289.02,flat,300.2710876464844
2026-01-22 13:45:00,real_time_price,274.55,flat,311.30572509765625
2026-01-22 14:00:00,real_time_price,291.02,peak,314.6219177246094
2026-01-22 14:15:00,real_time_price,297.19,peak,271.1249084472656
2026-01-22 14:30:00,real_time_price,298.99,peak,280.3796081542969
2026-01-22 14:45:00,real_time_price,294.5,peak,289.6195373535156
2026-01-22 15:00:00,real_time_price,363.66,peak,280.6810607910156
2026-01-22 15:15:00,real_time_price,314.89,peak,297.59661865234375
2026-01-22 15:30:00,real_time_price,315.48,peak,318.9883117675781
2026-01-22 15:45:00,real_time_price,311.08,peak,321.99481201171875
2026-01-22 16:00:00,real_time_price,284.98,peak,314.9571838378906
2026-01-22 16:15:00,real_time_price,320.3,peak,297.4435119628906
2026-01-22 16:30:00,real_time_price,360.47,peak,324.9792785644531
2026-01-22 16:45:00,real_time_price,349.04,peak,389.46624755859375
2026-01-22 17:00:00,real_time_price,419.79,peak,367.3813781738281
2026-01-22 17:15:00,real_time_price,547.69,peak,419.8763732910156
2026-01-22 17:30:00,real_time_price,558.51,peak,525.0707397460938
2026-01-22 17:45:00,real_time_price,406.01,peak,503.86431884765625
2026-01-22 18:00:00,real_time_price,632.08,peak,427.3895568847656
2026-01-22 18:15:00,real_time_price,540.94,peak,570.80126953125
2026-01-22 18:30:00,real_time_price,474.66,peak,673.4362182617188
2026-01-22 18:45:00,real_time_price,493.93,peak,557.7025756835938
2026-01-22 19:00:00,real_time_price,555.67,flat,564.763671875
2026-01-22 19:15:00,real_time_price,649.31,flat,504.9989318847656
2026-01-22 19:30:00,real_time_price,749.21,flat,658.1395874023438
2026-01-22 19:45:00,real_time_price,800.58,flat,669.3646850585938
2026-01-22 20:00:00,real_time_price,782.18,flat,725.4730224609375
2026-01-22 20:15:00,real_time_price,668.59,flat,733.1505126953125
2026-01-22 20:30:00,real_time_price,823.12,flat,779.9994506835938
2026-01-22 20:45:00,real_time_price,585.83,flat,827.2252807617188
2026-01-22 21:00:00,real_time_price,783.9,flat,668.8427124023438
2026-01-22 21:15:00,real_time_price,770.89,flat,803.3302612304688
2026-01-22 21:30:00,real_time_price,631.35,flat,805.7332763671875
2026-01-22 21:45:00,real_time_price,597.28,flat,638.4498291015625
2026-01-22 22:00:00,real_time_price,658.01,flat,594.05810546875
2026-01-22 22:15:00,real_time_price,548.65,flat,644.5009155273438
2026-01-22 22:30:00,real_time_price,497.36,flat,541.8057250976562
2026-01-22 22:45:00,real_time_price,499.79,flat,481.6541748046875
2026-01-22 23:00:00,real_time_price,373.04,flat,434.4806823730469
2026-01-22 23:15:00,real_time_price,322.0,flat,362.50250244140625
2026-01-22 23:30:00,real_time_price,311.13,flat,331.6870422363281
2026-01-22 23:45:00,real_time_price,297.15,flat,317.92559814453125
2026-01-23 00:00:00,real_time_price,287.04,valley,291.9192199707031
2026-01-23 00:15:00,real_time_price,290.0,valley,283.4206237792969
2026-01-23 00:30:00,real_time_price,386.88,valley,380.1351318359375
2026-01-23 00:45:00,real_time_price,326.12,valley,375.7025451660156
2026-01-23 01:00:00,real_time_price,353.17,valley,324.3859558105469
2026-01-23 01:15:00,real_time_price,399.55,valley,327.46746826171875
2026-01-23 01:30:00,real_time_price,324.51,valley,366.73431396484375
2026-01-23 01:45:00,real_time_price,318.43,valley,335.10504150390625
2026-01-23 02:00:00,real_time_price,343.7,valley,318.9578857421875
2026-01-23 02:15:00,real_time_price,328.9,valley,327.1683044433594
2026-01-23 02:30:00,real_time_price,323.28,valley,324.9663391113281
2026-01-23 02:45:00,real_time_price,336.29,valley,318.6225891113281
2026-01-23 03:00:00,real_time_price,317.74,valley,316.4886474609375
2026-01-23 03:15:00,real_time_price,322.32,valley,316.4337463378906
2026-01-23 03:30:00,real_time_price,297.75,valley,309.8828430175781
2026-01-23 03:45:00,real_time_price,309.71,valley,299.063232421875
2026-01-23 04:00:00,real_time_price,306.72,valley,293.67059326171875
2026-01-23 04:15:00,real_time_price,304.37,valley,302.8055419921875
2026-01-23 04:30:00,real_time_price,289.6,valley,298.4897155761719
2026-01-23 04:45:00,real_time_price,289.4,valley,292.2604675292969
2026-01-23 05:00:00,real_time_price,284.65,valley,286.63958740234375
2026-01-23 05:15:00,real_time_price,286.78,valley,283.67266845703125
2026-01-23 05:30:00,real_time_price,289.5,valley,287.4112854003906
2026-01-23 05:45:00,real_time_price,289.51,valley,288.8789367675781
2026-01-23 06:00:00,real_time_price,291.66,valley,290.69140625
2026-01-23 06:15:00,real_time_price,289.6,valley,288.93121337890625
2026-01-23 06:30:00,real_time_price,304.53,valley,293.8932800292969
2026-01-23 06:45:00,real_time_price,310.66,valley,304.0329895019531
2026-01-23 07:00:00,real_time_price,313.65,valley,312.5177307128906
2026-01-23 07:15:00,real_time_price,314.59,valley,316.800537109375
2026-01-23 07:30:00,real_time_price,317.61,valley,318.9962463378906
2026-01-23 07:45:00,real_time_price,365.53,valley,326.41717529296875
2026-01-23 08:00:00,real_time_price,440.73,flat,374.24749755859375
2026-01-23 08:15:00,real_time_price,505.12,flat,415.5458068847656
2026-01-23 08:30:00,real_time_price,670.4,flat,472.1816711425781
2026-01-23 08:45:00,real_time_price,678.17,flat,567.5928955078125
2026-01-23 09:00:00,real_time_price,753.71,flat,586.3328247070312
2026-01-23 09:15:00,real_time_price,613.69,flat,619.3751220703125
2026-01-23 09:30:00,real_time_price,834.89,flat,599.6467895507812
2026-01-23 09:45:00,real_time_price,1377.21,flat,746.1600341796875
2026-01-23 10:00:00,real_time_price,761.67,peak,886.86376953125
2026-01-23 10:15:00,real_time_price,691.45,peak,700.7760620117188
2026-01-23 10:30:00,real_time_price,510.49,peak,585.0286865234375
2026-01-23 10:45:00,real_time_price,623.31,peak,664.1870727539062
2026-01-23 11:00:00,real_time_price,577.56,peak,759.1609497070312
2026-01-23 11:15:00,real_time_price,393.12,peak,716.3406982421875
2026-01-23 11:30:00,real_time_price,504.41,peak,627.2461547851562
2026-01-23 11:45:00,real_time_price,479.0,peak,715.4293212890625
2026-01-23 12:00:00,real_time_price,411.53,flat,479.8440246582031
2026-01-23 12:15:00,real_time_price,275.3,flat,351.359375
2026-01-23 12:30:00,real_time_price,310.36,flat,396.7449951171875
2026-01-23 12:45:00,real_time_price,305.13,flat,344.19000244140625
2026-01-23 13:00:00,real_time_price,258.21,flat,334.27288818359375
2026-01-23 13:15:00,real_time_price,325.61,flat,303.9181823730469
2026-01-23 13:30:00,real_time_price,318.84,flat,351.08172607421875
2026-01-23 13:45:00,real_time_price,320.59,flat,348.7373962402344
2026-01-23 14:00:00,real_time_price,337.92,peak,350.18902587890625
2026-01-23 14:15:00,real_time_price,322.94,peak,299.9621276855469
2026-01-23 14:30:00,real_time_price,285.04,peak,290.0917053222656
2026-01-23 14:45:00,real_time_price,300.11,peak,305.7393798828125
2026-01-23 15:00:00,real_time_price,305.0,peak,337.1805114746094
2026-01-23 15:15:00,real_time_price,302.2,peak,322.30718994140625
2026-01-23 15:30:00,real_time_price,299.7,peak,313.3203125
2026-01-23 15:45:00,real_time_price,289.49,peak,309.52008056640625
2026-01-23 16:00:00,real_time_price,289.64,peak,316.81048583984375
2026-01-23 16:15:00,real_time_price,299.09,peak,311.92694091796875
2026-01-23 16:30:00,real_time_price,324.11,peak,330.1427307128906
2026-01-23 16:45:00,real_time_price,319.61,peak,371.34417724609375
2026-01-23 17:00:00,real_time_price,349.46,peak,368.5426025390625
2026-01-23 17:15:00,real_time_price,340.94,peak,378.93121337890625
2026-01-23 17:30:00,real_time_price,333.35,peak,381.79376220703125
2026-01-23 17:45:00,real_time_price,322.88,peak,350.55926513671875
2026-01-23 18:00:00,real_time_price,379.25,peak,351.7368469238281
2026-01-23 18:15:00,real_time_price,357.49,peak,404.38018798828125
2026-01-23 18:30:00,real_time_price,375.01,peak,408.5211181640625
2026-01-23 18:45:00,real_time_price,451.09,peak,402.7471923828125
2026-01-23 19:00:00,real_time_price,388.69,flat,470.2759094238281
2026-01-23 19:15:00,real_time_price,388.93,flat,423.1173095703125
2026-01-23 19:30:00,real_time_price,384.75,flat,508.08856201171875
2026-01-23 19:45:00,real_time_price,350.38,flat,459.70208740234375
2026-01-23 20:00:00,real_time_price,433.07,flat,411.7300720214844
2026-01-23 20:15:00,real_time_price,324.45,flat,443.8206481933594
2026-01-23 20:30:00,real_time_price,371.22,flat,412.97320556640625
2026-01-23 20:45:00,real_time_price,372.51,flat,434.1705017089844
2026-01-23 21:00:00,real_time_price,333.82,flat,432.4101867675781
2026-01-23 21:15:00,real_time_price,324.37,flat,387.0479431152344
2026-01-23 21:30:00,real_time_price,508.9,flat,381.1701354980469
2026-01-23 21:45:00,real_time_price,313.83,flat,471.464111328125
2026-01-23 22:00:00,real_time_price,317.32,flat,371.24053955078125
2026-01-23 22:15:00,real_time_price,302.03,flat,374.07763671875
2026-01-23 22:30:00,real_time_price,328.92,flat,346.3673095703125
2026-01-23 22:45:00,real_time_price,329.79,flat,319.12274169921875
2026-01-23 23:00:00,real_time_price,316.85,flat,316.37432861328125
2026-01-23 23:15:00,real_time_price,318.81,flat,309.55584716796875
2026-01-23 23:30:00,real_time_price,313.83,flat,303.3734130859375
2026-01-23 23:45:00,real_time_price,310.85,flat,300.9429016113281
2026-01-24 00:00:00,real_time_price,288.92,valley,300.2668151855469
2026-01-24 00:15:00,real_time_price,319.15,valley,290.8724365234375
2026-01-24 00:30:00,real_time_price,480.02,valley,423.9393310546875
2026-01-24 00:45:00,real_time_price,364.99,valley,389.1108703613281
2026-01-24 01:00:00,real_time_price,463.49,valley,361.1863098144531
2026-01-24 01:15:00,real_time_price,494.28,valley,411.66387939453125
2026-01-24 01:30:00,real_time_price,324.12,valley,438.9092102050781
2026-01-24 01:45:00,real_time_price,338.6,valley,343.4014892578125
2026-01-24 02:00:00,real_time_price,324.32,valley,315.08892822265625
2026-01-24 02:15:00,real_time_price,349.95,valley,323.6677551269531
2026-01-24 02:30:00,real_time_price,323.68,valley,334.7818603515625
2026-01-24 02:45:00,real_time_price,332.63,valley,330.63690185546875
2026-01-24 03:00:00,real_time_price,319.51,valley,323.2581481933594
2026-01-24 03:15:00,real_time_price,322.46,valley,321.6495666503906
2026-01-24 03:30:00,real_time_price,309.71,valley,315.0373229980469
2026-01-24 03:45:00,real_time_price,318.41,valley,312.4491882324219
2026-01-24 04:00:00,real_time_price,313.87,valley,310.2182922363281
2026-01-24 04:15:00,real_time_price,318.51,valley,312.69683837890625
2026-01-24 04:30:00,real_time_price,318.51,valley,305.2129211425781
2026-01-24 04:45:00,real_time_price,318.39,valley,310.0375671386719
2026-01-24 05:00:00,real_time_price,318.48,valley,310.7187194824219
2026-01-24 05:15:00,real_time_price,323.71,valley,313.7461853027344
2026-01-24 05:30:00,real_time_price,309.15,valley,319.8885192871094
2026-01-24 05:45:00,real_time_price,315.61,valley,314.40802001953125
2026-01-24 06:00:00,real_time_price,317.9,valley,316.7093811035156
2026-01-24 06:15:00,real_time_price,319.66,valley,318.1095886230469
2026-01-24 06:30:00,real_time_price,326.06,valley,323.04595947265625
2026-01-24 06:45:00,real_time_price,326.45,valley,329.5235595703125
2026-01-24 07:00:00,real_time_price,343.86,valley,329.2978515625
2026-01-24 07:15:00,real_time_price,323.19,valley,339.4773864746094
2026-01-24 07:30:00,real_time_price,328.17,valley,343.8165283203125
2026-01-24 07:45:00,real_time_price,337.28,valley,325.299072265625
2026-01-24 08:00:00,real_time_price,348.3,flat,348.3185119628906
2026-01-24 08:15:00,real_time_price,478.05,flat,363.9858703613281
2026-01-24 08:30:00,real_time_price,497.21,flat,460.8467102050781
2026-01-24 08:45:00,real_time_price,442.5,flat,489.85491943359375
2026-01-24 09:00:00,real_time_price,565.76,flat,438.0546875
2026-01-24 09:15:00,real_time_price,629.41,flat,488.3974609375
2026-01-24 09:30:00,real_time_price,278.65,flat,593.1828002929688
2026-01-24 09:45:00,real_time_price,387.15,flat,438.7548522949219
2026-01-24 10:00:00,real_time_price,431.43,peak,365.18988037109375
2026-01-24 10:15:00,real_time_price,454.61,peak,406.5581359863281
2026-01-24 10:30:00,real_time_price,340.03,peak,422.20037841796875
2026-01-24 10:45:00,real_time_price,348.85,peak,355.83013916015625
2026-01-24 11:00:00,real_time_price,302.96,peak,397.10003662109375
2026-01-24 11:15:00,real_time_price,300.91,peak,354.0806579589844
2026-01-24 11:30:00,real_time_price,282.67,peak,345.5312805175781
2026-01-24 11:45:00,real_time_price,296.67,peak,293.560302734375
2026-01-24 12:00:00,real_time_price,279.48,flat,274.7972106933594
2026-01-24 12:15:00,real_time_price,240.48,flat,167.35305786132812
2026-01-24 12:30:00,real_time_price,268.48,flat,269.1413269042969
2026-01-24 12:45:00,real_time_price,260.58,flat,271.77587890625
2026-01-24 13:00:00,real_time_price,266.32,flat,267.12652587890625
2026-01-24 13:15:00,real_time_price,263.16,flat,273.6260986328125
2026-01-24 13:30:00,real_time_price,266.88,flat,279.0016784667969
2026-01-24 13:45:00,real_time_price,270.19,flat,285.4458923339844
2026-01-24 14:00:00,real_time_price,271.34,peak,288.1612548828125
2026-01-24 14:15:00,real_time_price,262.59,peak,259.4150390625
2026-01-24 14:30:00,real_time_price,253.59,peak,248.96481323242188
2026-01-24 14:45:00,real_time_price,249.71,peak,253.31549072265625
2026-01-24 15:00:00,real_time_price,251.88,peak,254.45252990722656
2026-01-24 15:15:00,real_time_price,247.51,peak,243.5418701171875
2026-01-24 15:30:00,real_time_price,265.63,peak,238.27247619628906
2026-01-24 15:45:00,real_time_price,259.7,peak,254.06216430664062
2026-01-24 16:00:00,real_time_price,266.65,peak,256.9149475097656
2026-01-24 16:15:00,real_time_price,272.69,peak,271.37542724609375
2026-01-24 16:30:00,real_time_price,277.85,peak,287.19830322265625
2026-01-24 16:45:00,real_time_price,282.4,peak,289.51806640625
2026-01-24 17:00:00,real_time_price,287.02,peak,315.73321533203125
2026-01-24 17:15:00,real_time_price,288.71,peak,333.3363952636719
2026-01-24 17:30:00,real_time_price,283.06,peak,309.29217529296875
2026-01-24 17:45:00,real_time_price,283.5,peak,288.5066223144531
2026-01-24 18:00:00,real_time_price,290.68,peak,306.58984375
2026-01-24 18:15:00,real_time_price,294.02,peak,314.25579833984375
2026-01-24 18:30:00,real_time_price,304.25,peak,315.004150390625
2026-01-24 18:45:00,real_time_price,303.19,peak,328.9794616699219
2026-01-24 19:00:00,real_time_price,315.42,flat,304.16143798828125
2026-01-24 19:15:00,real_time_price,291.17,flat,310.2957763671875
2026-01-24 19:30:00,real_time_price,298.21,flat,310.8106994628906
2026-01-24 19:45:00,real_time_price,310.63,flat,293.8470153808594
2026-01-24 20:00:00,real_time_price,308.67,flat,303.3190002441406
2026-01-24 20:15:00,real_time_price,389.85,flat,295.10321044921875
2026-01-24 20:30:00,real_time_price,297.98,flat,377.4632873535156
2026-01-24 20:45:00,real_time_price,314.63,flat,340.8598937988281
2026-01-24 21:00:00,real_time_price,311.92,flat,310.6723937988281
2026-01-24 21:15:00,real_time_price,317.07,flat,323.823974609375
2026-01-24 21:30:00,real_time_price,321.49,flat,324.1514892578125
2026-01-24 21:45:00,real_time_price,319.01,flat,310.94915771484375
2026-01-24 22:00:00,real_time_price,327.51,flat,311.6627502441406
2026-01-24 22:15:00,real_time_price,370.21,flat,317.9561767578125
2026-01-24 22:30:00,real_time_price,397.66,flat,346.8546142578125
2026-01-24 22:45:00,real_time_price,397.99,flat,360.4726867675781
2026-01-24 23:00:00,real_time_price,364.7,flat,361.3214111328125
2026-01-24 23:15:00,real_time_price,341.47,flat,345.63531494140625
2026-01-24 23:30:00,real_time_price,324.77,flat,338.0882568359375
2026-01-24 23:45:00,real_time_price,298.33,flat,325.1297607421875
2026-01-25 00:00:00,real_time_price,298.55,valley,295.2459716796875
2026-01-25 00:15:00,real_time_price,265.39,valley,294.98193359375
2026-01-25 00:30:00,real_time_price,386.61,valley,402.51776123046875
2026-01-25 00:45:00,real_time_price,331.61,valley,372.73388671875
2026-01-25 01:00:00,real_time_price,315.73,valley,318.264404296875
2026-01-25 01:15:00,real_time_price,328.03,valley,317.7395324707031
2026-01-25 01:30:00,real_time_price,318.31,valley,325.46240234375
2026-01-25 01:45:00,real_time_price,308.44,valley,321.0417175292969
2026-01-25 02:00:00,real_time_price,313.13,valley,310.4612731933594
2026-01-25 02:15:00,real_time_price,312.47,valley,310.65020751953125
2026-01-25 02:30:00,real_time_price,314.34,valley,310.8677062988281
2026-01-25 02:45:00,real_time_price,306.43,valley,315.3921813964844
2026-01-25 03:00:00,real_time_price,306.44,valley,306.94769287109375
2026-01-25 03:15:00,real_time_price,286.85,valley,305.7960510253906
2026-01-25 03:30:00,real_time_price,289.86,valley,293.7889404296875
2026-01-25 03:45:00,real_time_price,283.88,valley,289.835693359375
2026-01-25 04:00:00,real_time_price,294.68,valley,281.7542419433594
2026-01-25 04:15:00,real_time_price,289.8,valley,287.8236389160156
2026-01-25 04:30:00,real_time_price,301.57,valley,288.00860595703125
2026-01-25 04:45:00,real_time_price,274.11,valley,292.53271484375
2026-01-25 05:00:00,real_time_price,276.93,valley,281.82666015625
2026-01-25 05:15:00,real_time_price,278.99,valley,276.2595520019531
2026-01-25 05:30:00,real_time_price,278.24,valley,283.36663818359375
2026-01-25 05:45:00,real_time_price,279.87,valley,284.85174560546875
2026-01-25 06:00:00,real_time_price,274.85,valley,286.8916320800781
2026-01-25 06:15:00,real_time_price,274.82,valley,280.1658020019531
2026-01-25 06:30:00,real_time_price,274.71,valley,279.9471130371094
2026-01-25 06:45:00,real_time_price,274.85,valley,279.76690673828125
2026-01-25 07:00:00,real_time_price,279.84,valley,276.7325744628906
2026-01-25 07:15:00,real_time_price,274.89,valley,272.562255859375
2026-01-25 07:30:00,real_time_price,269.99,valley,272.0848083496094
2026-01-25 07:45:00,real_time_price,274.98,valley,270.976806640625
2026-01-25 08:00:00,real_time_price,280.2,flat,279.4733581542969
2026-01-25 08:15:00,real_time_price,296.48,flat,302.2652587890625
2026-01-25 08:30:00,real_time_price,320.38,flat,308.38201904296875
2026-01-25 08:45:00,real_time_price,289.24,flat,304.819580078125
2026-01-25 09:00:00,real_time_price,285.35,flat,311.6086730957031
2026-01-25 09:15:00,real_time_price,354.04,flat,305.92816162109375
2026-01-25 09:30:00,real_time_price,445.01,flat,324.806396484375
2026-01-25 09:45:00,real_time_price,373.19,flat,386.3785705566406
2026-01-25 10:00:00,real_time_price,287.85,peak,389.43902587890625
2026-01-25 10:15:00,real_time_price,277.18,peak,302.769775390625
2026-01-25 10:30:00,real_time_price,268.62,peak,277.6527099609375
2026-01-25 10:45:00,real_time_price,277.09,peak,271.4346618652344
2026-01-25 11:00:00,real_time_price,276.95,peak,279.7388916015625
2026-01-25 11:15:00,real_time_price,259.54,peak,274.7236328125
2026-01-25 11:30:00,real_time_price,271.57,peak,264.75213623046875
2026-01-25 11:45:00,real_time_price,193.94,peak,277.21185302734375
2026-01-25 12:00:00,real_time_price,263.87,flat,222.3536376953125
2026-01-25 12:15:00,real_time_price,42.72,flat,142.29714965820312
2026-01-25 12:30:00,real_time_price,249.26,flat,174.1943359375
2026-01-25 12:45:00,real_time_price,144.69,flat,178.79876708984375
2026-01-25 13:00:00,real_time_price,145.27,flat,177.8536376953125
2026-01-25 13:15:00,real_time_price,145.27,flat,153.33456420898438
2026-01-25 13:30:00,real_time_price,188.34,flat,166.15016174316406
2026-01-25 13:45:00,real_time_price,201.15,flat,217.36167907714844
2026-01-25 14:00:00,real_time_price,198.37,peak,210.19107055664062
2026-01-25 14:15:00,real_time_price,230.11,peak,168.82017517089844
2026-01-25 14:30:00,real_time_price,174.86,peak,260.4944763183594
2026-01-25 14:45:00,real_time_price,229.8,peak,192.48219299316406
2026-01-25 15:00:00,real_time_price,194.11,peak,214.62991333007812
2026-01-25 15:15:00,real_time_price,197.23,peak,251.6692657470703
2026-01-25 15:30:00,real_time_price,243.88,peak,210.24481201171875
2026-01-25 15:45:00,real_time_price,271.34,peak,229.38885498046875
2026-01-25 16:00:00,real_time_price,268.48,peak,277.912841796875
2026-01-25 16:15:00,real_time_price,273.62,peak,263.4047546386719
2026-01-25 16:30:00,real_time_price,285.2,peak,274.12799072265625
2026-01-25 16:45:00,real_time_price,312.3,peak,286.7955322265625
2026-01-25 17:00:00,real_time_price,333.44,peak,314.1226806640625
2026-01-25 17:15:00,real_time_price,149.29,peak,320.43621826171875
2026-01-25 17:30:00,real_time_price,373.57,peak,275.8269958496094
2026-01-25 17:45:00,real_time_price,309.19,peak,315.3103942871094
2026-01-25 18:00:00,real_time_price,370.79,peak,309.767333984375
2026-01-25 18:15:00,real_time_price,320.97,peak,346.697509765625
2026-01-25 18:30:00,real_time_price,359.67,peak,350.57415771484375
2026-01-25 18:45:00,real_time_price,359.28,peak,380.8929138183594
2026-01-25 19:00:00,real_time_price,319.64,flat,362.33355712890625
2026-01-25 19:15:00,real_time_price,324.61,flat,333.335693359375
2026-01-25 19:30:00,real_time_price,324.63,flat,348.261474609375
2026-01-25 19:45:00,real_time_price,317.0,flat,340.64385986328125
2026-01-25 20:00:00,real_time_price,328.75,flat,328.54107666015625
2026-01-25 20:15:00,real_time_price,329.5,flat,324.75177001953125
2026-01-25 20:30:00,real_time_price,375.98,flat,344.8077087402344
2026-01-25 20:45:00,real_time_price,409.5,flat,366.219482421875
2026-01-25 21:00:00,real_time_price,350.79,flat,375.6275634765625
2026-01-25 21:15:00,real_time_price,384.45,flat,360.4533386230469
2026-01-25 21:30:00,real_time_price,382.12,flat,388.3580627441406
2026-01-25 21:45:00,real_time_price,379.52,flat,379.0375061035156
2026-01-25 22:00:00,real_time_price,435.64,flat,372.1766052246094
2026-01-25 22:15:00,real_time_price,417.04,flat,399.6445007324219
2026-01-25 22:30:00,real_time_price,365.37,flat,398.53460693359375
2026-01-25 22:45:00,real_time_price,449.36,flat,353.390380859375
2026-01-25 23:00:00,real_time_price,330.07,flat,383.6673278808594
2026-01-25 23:15:00,real_time_price,322.88,flat,330.4698181152344
2026-01-25 23:30:00,real_time_price,291.51,flat,321.8043212890625
2026-01-25 23:45:00,real_time_price,316.25,flat,293.9434509277344
2026-01-26 00:00:00,real_time_price,285.48,valley,298.305908203125
2026-01-26 00:15:00,real_time_price,282.6,valley,284.7412109375
2026-01-26 00:30:00,real_time_price,358.28,valley,392.0137023925781
2026-01-26 00:45:00,real_time_price,309.08,valley,342.880615234375
2026-01-26 01:00:00,real_time_price,309.37,valley,307.5143737792969
2026-01-26 01:15:00,real_time_price,301.45,valley,311.2333068847656
2026-01-26 01:30:00,real_time_price,299.05,valley,305.0078125
2026-01-26 01:45:00,real_time_price,291.76,valley,295.68914794921875
2026-01-26 02:00:00,real_time_price,307.08,valley,292.6971435546875
2026-01-26 02:15:00,real_time_price,289.71,valley,300.1179504394531
2026-01-26 02:30:00,real_time_price,294.73,valley,296.048095703125
2026-01-26 02:45:00,real_time_price,279.69,valley,292.5533142089844
2026-01-26 03:00:00,real_time_price,285.34,valley,282.2410583496094
2026-01-26 03:15:00,real_time_price,286.36,valley,277.74127197265625
2026-01-26 03:30:00,real_time_price,299.33,valley,280.0428466796875
2026-01-26 03:45:00,real_time_price,283.93,valley,284.2850036621094
2026-01-26 04:00:00,real_time_price,284.87,valley,280.4723815917969
2026-01-26 04:15:00,real_time_price,284.93,valley,281.87347412109375
2026-01-26 04:30:00,real_time_price,291.84,valley,283.8045959472656
2026-01-26 04:45:00,real_time_price,280.0,valley,281.80657958984375
2026-01-26 05:00:00,real_time_price,300.76,valley,280.4664306640625
2026-01-26 05:15:00,real_time_price,279.93,valley,289.8167724609375
2026-01-26 05:30:00,real_time_price,290.35,valley,284.44781494140625
2026-01-26 05:45:00,real_time_price,286.87,valley,287.6451110839844
2026-01-26 06:00:00,real_time_price,297.44,valley,292.2166442871094
2026-01-26 06:15:00,real_time_price,290.23,valley,290.8397216796875
2026-01-26 06:30:00,real_time_price,316.21,valley,299.1665344238281
2026-01-26 06:45:00,real_time_price,289.91,valley,320.5995178222656
2026-01-26 07:00:00,real_time_price,311.96,valley,301.6925048828125
2026-01-26 07:15:00,real_time_price,329.53,valley,303.7466735839844
2026-01-26 07:30:00,real_time_price,315.57,valley,321.044921875
2026-01-26 07:45:00,real_time_price,310.77,valley,304.34918212890625
2026-01-26 08:00:00,real_time_price,316.49,flat,319.262939453125
2026-01-26 08:15:00,real_time_price,336.95,flat,340.92572021484375
2026-01-26 08:30:00,real_time_price,379.93,flat,362.06109619140625
2026-01-26 08:45:00,real_time_price,320.04,flat,395.70849609375
2026-01-26 09:00:00,real_time_price,288.86,flat,336.89569091796875
2026-01-26 09:15:00,real_time_price,322.61,flat,296.0745849609375
2026-01-26 09:30:00,real_time_price,418.88,flat,314.0719909667969
2026-01-26 09:45:00,real_time_price,302.56,flat,374.9371032714844
2026-01-26 10:00:00,real_time_price,308.66,peak,308.98382568359375
2026-01-26 10:15:00,real_time_price,276.27,peak,300.43450927734375
2026-01-26 10:30:00,real_time_price,288.61,peak,306.70135498046875
2026-01-26 10:45:00,real_time_price,277.94,peak,291.2208251953125
2026-01-26 11:00:00,real_time_price,259.85,peak,291.03082275390625
2026-01-26 11:15:00,real_time_price,273.26,peak,262.00634765625
2026-01-26 11:30:00,real_time_price,217.01,peak,285.33758544921875
2026-01-26 11:45:00,real_time_price,286.72,peak,258.0894470214844
2026-01-26 12:00:00,real_time_price,271.9,flat,243.17994689941406
2026-01-26 12:15:00,real_time_price,133.41,flat,153.78858947753906
2026-01-26 12:30:00,real_time_price,263.75,flat,260.40716552734375
2026-01-26 12:45:00,real_time_price,243.53,flat,237.24440002441406
2026-01-26 13:00:00,real_time_price,224.58,flat,236.50653076171875
2026-01-26 13:15:00,real_time_price,265.56,flat,222.74435424804688
2026-01-26 13:30:00,real_time_price,198.77,flat,264.8509521484375
2026-01-26 13:45:00,real_time_price,260.91,flat,262.1074523925781
2026-01-26 14:00:00,real_time_price,277.81,peak,255.0375213623047
2026-01-26 14:15:00,real_time_price,254.15,peak,247.86302185058594
2026-01-26 14:30:00,real_time_price,264.22,peak,240.17379760742188
2026-01-26 14:45:00,real_time_price,218.19,peak,249.77651977539062
2026-01-26 15:00:00,real_time_price,269.47,peak,252.24331665039062
2026-01-26 15:15:00,real_time_price,229.7,peak,251.95162963867188
2026-01-26 15:30:00,real_time_price,220.92,peak,248.583740234375
2026-01-26 15:45:00,real_time_price,232.86,peak,248.62881469726562
2026-01-26 16:00:00,real_time_price,219.88,peak,252.73963928222656
2026-01-26 16:15:00,real_time_price,268.23,peak,256.4146728515625
2026-01-26 16:30:00,real_time_price,268.26,peak,279.25531005859375
2026-01-26 16:45:00,real_time_price,226.84,peak,274.2420959472656
2026-01-26 17:00:00,real_time_price,278.7,peak,268.4208068847656
2026-01-26 17:15:00,real_time_price,290.0,peak,287.558837890625
2026-01-26 17:30:00,real_time_price,295.05,peak,288.071533203125
2026-01-26 17:45:00,real_time_price,288.1,peak,302.5436096191406
2026-01-26 18:00:00,real_time_price,300.0,peak,297.76873779296875
2026-01-26 18:15:00,real_time_price,302.5,peak,311.01519775390625
2026-01-26 18:30:00,real_time_price,309.99,peak,315.5038757324219
2026-01-26 18:45:00,real_time_price,303.13,peak,322.67572021484375
2026-01-26 19:00:00,real_time_price,307.66,flat,317.57122802734375
2026-01-26 19:15:00,real_time_price,295.28,flat,316.52374267578125
2026-01-26 19:30:00,real_time_price,282.44,flat,335.72332763671875
2026-01-26 19:45:00,real_time_price,282.62,flat,301.6882629394531
2026-01-26 20:00:00,real_time_price,275.87,flat,290.4690856933594
2026-01-26 20:15:00,real_time_price,294.3,flat,282.7786560058594
2026-01-26 20:30:00,real_time_price,297.89,flat,296.4114685058594
2026-01-26 20:45:00,real_time_price,290.42,flat,296.14813232421875
2026-01-26 21:00:00,real_time_price,298.64,flat,294.43353271484375
2026-01-26 21:15:00,real_time_price,297.79,flat,291.8530578613281
2026-01-26 21:30:00,real_time_price,312.03,flat,297.8678283691406
2026-01-26 21:45:00,real_time_price,300.9,flat,312.1718444824219
2026-01-26 22:00:00,real_time_price,310.0,flat,299.0289611816406
2026-01-26 22:15:00,real_time_price,320.0,flat,296.43438720703125
2026-01-26 22:30:00,real_time_price,320.0,flat,311.1715087890625
2026-01-26 22:45:00,real_time_price,325.1,flat,309.12945556640625
2026-01-26 23:00:00,real_time_price,325.1,flat,313.6877746582031
2026-01-26 23:15:00,real_time_price,325.11,flat,315.20751953125
2026-01-26 23:30:00,real_time_price,319.14,flat,316.7074890136719
2026-01-26 23:45:00,real_time_price,307.57,flat,317.5621337890625
2026-01-27 00:00:00,real_time_price,296.75,valley,295.7991638183594
2026-01-27 00:15:00,real_time_price,263.56,valley,285.8313903808594
2026-01-27 00:30:00,real_time_price,319.35,valley,356.26837158203125
2026-01-27 00:45:00,real_time_price,324.97,valley,317.31060791015625
2026-01-27 01:00:00,real_time_price,297.79,valley,309.855712890625
2026-01-27 01:15:00,real_time_price,319.98,valley,297.6352844238281
2026-01-27 01:30:00,real_time_price,312.99,valley,307.4991760253906
2026-01-27 01:45:00,real_time_price,310.29,valley,306.4560546875
2026-01-27 02:00:00,real_time_price,310.12,valley,306.3431091308594
2026-01-27 02:15:00,real_time_price,310.08,valley,303.9076843261719
2026-01-27 02:30:00,real_time_price,300.4,valley,305.4790344238281
2026-01-27 02:45:00,real_time_price,300.12,valley,296.8464050292969
2026-01-27 03:00:00,real_time_price,290.08,valley,295.8853454589844
2026-01-27 03:15:00,real_time_price,286.07,valley,289.8262939453125
2026-01-27 03:30:00,real_time_price,283.06,valley,283.3951416015625
2026-01-27 03:45:00,real_time_price,280.09,valley,278.5547790527344
2026-01-27 04:00:00,real_time_price,278.38,valley,277.54034423828125
2026-01-27 04:15:00,real_time_price,262.17,valley,277.613525390625
2026-01-27 04:30:00,real_time_price,259.16,valley,263.2744445800781
2026-01-27 04:45:00,real_time_price,263.87,valley,258.2417907714844
2026-01-27 05:00:00,real_time_price,260.87,valley,260.1902770996094
2026-01-27 05:15:00,real_time_price,260.09,valley,260.2903137207031
2026-01-27 05:30:00,real_time_price,263.87,valley,259.2548522949219
2026-01-27 05:45:00,real_time_price,263.85,valley,265.45611572265625
2026-01-27 06:00:00,real_time_price,268.94,valley,270.61322021484375
2026-01-27 06:15:00,real_time_price,270.87,valley,270.53302001953125
2026-01-27 06:30:00,real_time_price,278.5,valley,277.2266540527344
2026-01-27 06:45:00,real_time_price,309.0,valley,279.97698974609375
2026-01-27 07:00:00,real_time_price,299.19,valley,304.4313049316406
2026-01-27 07:15:00,real_time_price,381.07,valley,293.3096618652344
2026-01-27 07:30:00,real_time_price,379.13,valley,347.16064453125
2026-01-27 07:45:00,real_time_price,423.46,valley,362.1422119140625
2026-01-27 08:00:00,real_time_price,381.18,flat,391.4707336425781
2026-01-27 08:15:00,real_time_price,407.15,flat,410.01788330078125
2026-01-27 08:30:00,real_time_price,442.45,flat,450.3830261230469
2026-01-27 08:45:00,real_time_price,417.98,flat,432.5339660644531
2026-01-27 09:00:00,real_time_price,380.03,flat,413.5079040527344
2026-01-27 09:15:00,real_time_price,393.73,flat,373.8377380371094
2026-01-27 09:30:00,real_time_price,528.57,flat,402.0604553222656
2026-01-27 09:45:00,real_time_price,688.41,flat,440.60321044921875
2026-01-27 10:00:00,real_time_price,303.44,peak,528.84375
2026-01-27 10:15:00,real_time_price,307.03,peak,422.75396728515625
2026-01-27 10:30:00,real_time_price,275.02,peak,321.3149108886719
2026-01-27 10:45:00,real_time_price,267.02,peak,368.878173828125
2026-01-27 11:00:00,real_time_price,280.87,peak,306.2361145019531
2026-01-27 11:15:00,real_time_price,259.12,peak,277.4476318359375
2026-01-27 11:30:00,real_time_price,221.87,peak,262.1038513183594
2026-01-27 11:45:00,real_time_price,280.11,peak,256.35809326171875
2026-01-27 12:00:00,real_time_price,72.53,flat,245.1093292236328
2026-01-27 12:15:00,real_time_price,128.39,flat,59.49742126464844
2026-01-27 12:30:00,real_time_price,81.11,flat,169.3100128173828
2026-01-27 12:45:00,real_time_price,47.91,flat,133.3087615966797
2026-01-27 13:00:00,real_time_price,50.1,flat,91.04938507080078
2026-01-27 13:15:00,real_time_price,-28.54,flat,80.08934020996094
2026-01-27 13:30:00,real_time_price,8.07,flat,75.65795135498047
2026-01-27 13:45:00,real_time_price,72.74,flat,81.37487030029297
2026-01-27 14:00:00,real_time_price,136.7,peak,102.88742065429688
2026-01-27 14:15:00,real_time_price,50.04,peak,50.787200927734375
2026-01-27 14:30:00,real_time_price,-43.72,peak,115.60702514648438
2026-01-27 14:45:00,real_time_price,49.96,peak,43.71511459350586
2026-01-27 15:00:00,real_time_price,6.16,peak,58.5496940612793
2026-01-27 15:15:00,real_time_price,0.15,peak,109.67109680175781
2026-01-27 15:30:00,real_time_price,43.4,peak,91.01979064941406
2026-01-27 15:45:00,real_time_price,233.28,peak,163.60940551757812
2026-01-27 16:00:00,real_time_price,247.22,peak,210.36651611328125
2026-01-27 16:15:00,real_time_price,252.02,peak,244.48182678222656
2026-01-27 16:30:00,real_time_price,280.1,peak,268.127685546875
2026-01-27 16:45:00,real_time_price,279.97,peak,284.40216064453125
2026-01-27 17:00:00,real_time_price,299.85,peak,291.98101806640625
2026-01-27 17:15:00,real_time_price,300.1,peak,301.584228515625
2026-01-27 17:30:00,real_time_price,300.12,peak,331.1495666503906
2026-01-27 17:45:00,real_time_price,319.19,peak,310.9030456542969
2026-01-27 18:00:00,real_time_price,320.19,peak,324.8268127441406
2026-01-27 18:15:00,real_time_price,325.79,peak,328.3795166015625
2026-01-27 18:30:00,real_time_price,319.82,peak,341.33465576171875
2026-01-27 18:45:00,real_time_price,339.66,peak,337.5962219238281
2026-01-27 19:00:00,real_time_price,309.54,flat,331.2828674316406
2026-01-27 19:15:00,real_time_price,290.99,flat,308.27105712890625
2026-01-27 19:30:00,real_time_price,298.03,flat,317.4444580078125
2026-01-27 19:45:00,real_time_price,295.75,flat,297.84326171875
2026-01-27 20:00:00,real_time_price,318.85,flat,287.8076477050781
2026-01-27 20:15:00,real_time_price,299.42,flat,302.3679504394531
2026-01-27 20:30:00,real_time_price,318.32,flat,309.2139892578125
2026-01-27 20:45:00,real_time_price,296.47,flat,312.58807373046875
2026-01-27 21:00:00,real_time_price,299.16,flat,300.6918640136719
2026-01-27 21:15:00,real_time_price,315.69,flat,292.2716369628906
2026-01-27 21:30:00,real_time_price,309.0,flat,311.2478942871094
2026-01-27 21:45:00,real_time_price,315.33,flat,302.2018127441406
2026-01-27 22:00:00,real_time_price,313.18,flat,315.1979064941406
2026-01-27 22:15:00,real_time_price,320.65,flat,308.5339660644531
2026-01-27 22:30:00,real_time_price,319.67,flat,310.2153625488281
2026-01-27 22:45:00,real_time_price,296.39,flat,308.96563720703125
2026-01-27 23:00:00,real_time_price,306.24,flat,285.28314208984375
2026-01-27 23:15:00,real_time_price,294.94,flat,286.20892333984375
2026-01-27 23:30:00,real_time_price,284.8,flat,284.5225830078125
2026-01-27 23:45:00,real_time_price,283.38,flat,275.8638000488281
2026-01-28 00:00:00,real_time_price,269.14,valley,279.14398193359375
2026-01-28 00:15:00,real_time_price,258.81,valley,271.2848815917969
2026-01-28 00:30:00,real_time_price,318.38,valley,315.4049377441406
2026-01-28 00:45:00,real_time_price,315.83,valley,308.6275939941406
2026-01-28 01:00:00,real_time_price,308.28,valley,300.49755859375
2026-01-28 01:15:00,real_time_price,324.84,valley,300.6984558105469
2026-01-28 01:30:00,real_time_price,295.99,valley,309.0448303222656
2026-01-28 01:45:00,real_time_price,308.04,valley,300.9203796386719
2026-01-28 02:00:00,real_time_price,298.98,valley,297.1170349121094
2026-01-28 02:15:00,real_time_price,297.54,valley,294.2625427246094
2026-01-28 02:30:00,real_time_price,287.78,valley,289.5440368652344
2026-01-28 02:45:00,real_time_price,283.01,valley,287.520263671875
2026-01-28 03:00:00,real_time_price,290.41,valley,277.5057067871094
2026-01-28 03:15:00,real_time_price,277.32,valley,280.1456298828125
2026-01-28 03:30:00,real_time_price,253.52,valley,277.56817626953125
2026-01-28 03:45:00,real_time_price,268.83,valley,256.7140197753906
2026-01-28 04:00:00,real_time_price,265.63,valley,257.9539489746094
2026-01-28 04:15:00,real_time_price,241.27,valley,261.4565124511719
2026-01-28 04:30:00,real_time_price,260.92,valley,255.41624450683594
2026-01-28 04:45:00,real_time_price,254.31,valley,249.04025268554688
2026-01-28 05:00:00,real_time_price,244.31,valley,250.53631591796875
2026-01-28 05:15:00,real_time_price,268.22,valley,244.24908447265625
2026-01-28 05:30:00,real_time_price,265.8,valley,258.2297058105469
2026-01-28 05:45:00,real_time_price,271.21,valley,267.06005859375
2026-01-28 06:00:00,real_time_price,273.76,valley,273.5601501464844
2026-01-28 06:15:00,real_time_price,287.62,valley,276.3170471191406
2026-01-28 06:30:00,real_time_price,293.25,valley,287.1213073730469
2026-01-28 06:45:00,real_time_price,286.3,valley,297.1545715332031
2026-01-28 07:00:00,real_time_price,322.13,valley,289.68951416015625
2026-01-28 07:15:00,real_time_price,305.43,valley,307.9676208496094
2026-01-28 07:30:00,real_time_price,316.44,valley,314.64666748046875
2026-01-28 07:45:00,real_time_price,328.54,valley,306.044921875
2026-01-28 08:00:00,real_time_price,404.31,flat,324.3865966796875
2026-01-28 08:15:00,real_time_price,404.8,flat,450.994140625
2026-01-28 08:30:00,real_time_price,357.62,flat,507.9735412597656
2026-01-28 08:45:00,real_time_price,306.66,flat,389.7682800292969
2026-01-28 09:00:00,real_time_price,489.58,flat,362.6310729980469
2026-01-28 09:15:00,real_time_price,367.18,flat,355.41729736328125
2026-01-28 09:30:00,real_time_price,482.53,flat,393.57318115234375
2026-01-28 09:45:00,real_time_price,322.98,flat,430.8549499511719
2026-01-28 10:00:00,real_time_price,363.93,peak,359.35650634765625
2026-01-28 10:15:00,real_time_price,260.6,peak,342.9576416015625
2026-01-28 10:30:00,real_time_price,269.07,peak,284.0376892089844
2026-01-28 10:45:00,real_time_price,265.49,peak,276.59539794921875
2026-01-28 11:00:00,real_time_price,260.73,peak,258.93218994140625
2026-01-28 11:15:00,real_time_price,200.73,peak,248.4060516357422
2026-01-28 11:30:00,real_time_price,209.33,peak,203.80662536621094
2026-01-28 11:45:00,real_time_price,250.45,peak,220.9314727783203
2026-01-28 12:00:00,real_time_price,182.22,flat,221.84722900390625
2026-01-28 12:15:00,real_time_price,58.43,flat,53.72406005859375
2026-01-28 12:30:00,real_time_price,96.43,flat,157.53001403808594
2026-01-28 12:45:00,real_time_price,65.64,flat,153.12742614746094
2026-01-28 13:00:00,real_time_price,10.83,flat,68.23011779785156
2026-01-28 13:15:00,real_time_price,38.6,flat,56.1028938293457
2026-01-28 13:30:00,real_time_price,13.57,flat,114.13851928710938
2026-01-28 13:45:00,real_time_price,12.14,flat,112.98148345947266
2026-01-28 14:00:00,real_time_price,11.46,peak,94.45441436767578
2026-01-28 14:15:00,real_time_price,65.4,peak,56.20964431762695
2026-01-28 14:30:00,real_time_price,-10.28,peak,39.8824462890625
2026-01-28 14:45:00,real_time_price,14.29,peak,50.850154876708984
2026-01-28 15:00:00,real_time_price,36.24,peak,45.247737884521484
2026-01-28 15:15:00,real_time_price,145.18,peak,73.15140533447266
2026-01-28 15:30:00,real_time_price,11.23,peak,132.90798950195312
2026-01-28 15:45:00,real_time_price,216.58,peak,102.86128234863281
2026-01-28 16:00:00,real_time_price,256.64,peak,224.7397918701172
2026-01-28 16:15:00,real_time_price,268.64,peak,230.41940307617188
2026-01-28 16:30:00,real_time_price,285.91,peak,285.3650207519531
2026-01-28 16:45:00,real_time_price,283.67,peak,280.8403625488281
2026-01-28 17:00:00,real_time_price,308.13,peak,340.6018371582031
2026-01-28 17:15:00,real_time_price,295.0,peak,324.05596923828125
2026-01-28 17:30:00,real_time_price,314.7,peak,384.4010925292969
2026-01-28 17:45:00,real_time_price,300.0,peak,326.2867431640625
2026-01-28 18:00:00,real_time_price,310.4,peak,331.8529357910156
2026-01-28 18:15:00,real_time_price,327.53,peak,333.20648193359375
2026-01-28 18:30:00,real_time_price,314.99,peak,339.99365234375
2026-01-28 18:45:00,real_time_price,325.17,peak,340.4013977050781
2026-01-28 19:00:00,real_time_price,308.1,flat,317.0962219238281
2026-01-28 19:15:00,real_time_price,330.0,flat,304.54278564453125
2026-01-28 19:30:00,real_time_price,304.75,flat,351.37158203125
2026-01-28 19:45:00,real_time_price,325.1,flat,318.22100830078125
2026-01-28 20:00:00,real_time_price,320.0,flat,347.6731872558594
2026-01-28 20:15:00,real_time_price,325.0,flat,315.6288146972656
2026-01-28 20:30:00,real_time_price,319.98,flat,375.5425109863281
2026-01-28 20:45:00,real_time_price,346.0,flat,346.21307373046875
2026-01-28 21:00:00,real_time_price,346.66,flat,325.7487487792969
2026-01-28 21:15:00,real_time_price,449.84,flat,333.3839111328125
2026-01-28 21:30:00,real_time_price,416.57,flat,401.5804443359375
2026-01-28 21:45:00,real_time_price,419.95,flat,402.99798583984375
2026-01-28 22:00:00,real_time_price,367.92,flat,396.0014953613281
2026-01-28 22:15:00,real_time_price,385.8,flat,371.3447265625
2026-01-28 22:30:00,real_time_price,364.93,flat,394.0889892578125
2026-01-28 22:45:00,real_time_price,337.43,flat,342.70953369140625
2026-01-28 23:00:00,real_time_price,318.76,flat,327.6425476074219
2026-01-28 23:15:00,real_time_price,290.12,flat,311.09942626953125
2026-01-28 23:30:00,real_time_price,283.35,flat,290.5639343261719
2026-01-28 23:45:00,real_time_price,288.21,flat,278.992431640625
2026-01-29 00:00:00,real_time_price,280.39,valley,283.017578125
2026-01-29 00:15:00,real_time_price,257.79,valley,277.049072265625
2026-01-29 00:30:00,real_time_price,323.92,valley,323.0557556152344
2026-01-29 00:45:00,real_time_price,315.74,valley,319.9458923339844
2026-01-29 01:00:00,real_time_price,271.65,valley,304.2355041503906
2026-01-29 01:15:00,real_time_price,292.85,valley,266.2069091796875
2026-01-29 01:30:00,real_time_price,283.86,valley,283.1147766113281
2026-01-29 01:45:00,real_time_price,244.31,valley,283.7162170410156
2026-01-29 02:00:00,real_time_price,245.99,valley,252.18756103515625
2026-01-29 02:15:00,real_time_price,267.98,valley,247.39370727539062
2026-01-29 02:30:00,real_time_price,253.88,valley,257.0586853027344
2026-01-29 02:45:00,real_time_price,273.01,valley,250.67747497558594
2026-01-29 03:00:00,real_time_price,260.38,valley,259.10302734375
2026-01-29 03:15:00,real_time_price,255.45,valley,258.255126953125
2026-01-29 03:30:00,real_time_price,263.35,valley,250.4610137939453
2026-01-29 03:45:00,real_time_price,253.6,valley,257.7230224609375
2026-01-29 04:00:00,real_time_price,226.56,valley,252.60874938964844
2026-01-29 04:15:00,real_time_price,249.27,valley,237.45877075195312
2026-01-29 04:30:00,real_time_price,250.29,valley,242.23965454101562
2026-01-29 04:45:00,real_time_price,257.0,valley,245.65541076660156
2026-01-29 05:00:00,real_time_price,255.89,valley,244.76568603515625
2026-01-29 05:15:00,real_time_price,257.0,valley,251.90469360351562
2026-01-29 05:30:00,real_time_price,260.0,valley,253.37631225585938
2026-01-29 05:45:00,real_time_price,255.46,valley,259.9411315917969
2026-01-29 06:00:00,real_time_price,264.0,valley,259.62255859375
2026-01-29 06:15:00,real_time_price,260.1,valley,264.28759765625
2026-01-29 06:30:00,real_time_price,270.3,valley,266.8533020019531
2026-01-29 06:45:00,real_time_price,262.23,valley,271.6001281738281
2026-01-29 07:00:00,real_time_price,275.3,valley,272.560546875
2026-01-29 07:15:00,real_time_price,268.0,valley,277.2723083496094
2026-01-29 07:30:00,real_time_price,270.0,valley,272.5660400390625
2026-01-29 07:45:00,real_time_price,275.0,valley,293.1104431152344
2026-01-29 08:00:00,real_time_price,275.3,flat,277.6357421875
2026-01-29 08:15:00,real_time_price,275.0,flat,295.7527160644531
2026-01-29 08:30:00,real_time_price,285.14,flat,298.1038513183594
2026-01-29 08:45:00,real_time_price,279.89,flat,285.5991516113281
2026-01-29 09:00:00,real_time_price,279.81,flat,286.9906311035156
2026-01-29 09:15:00,real_time_price,276.47,flat,282.2552795410156
2026-01-29 09:30:00,real_time_price,283.6,flat,287.5723571777344
2026-01-29 09:45:00,real_time_price,282.01,flat,282.5868835449219
2026-01-29 10:00:00,real_time_price,279.4,peak,267.073974609375
2026-01-29 10:15:00,real_time_price,250.39,peak,269.063232421875
2026-01-29 10:30:00,real_time_price,267.95,peak,240.5504608154297
2026-01-29 10:45:00,real_time_price,250.14,peak,253.70101928710938
2026-01-29 11:00:00,real_time_price,253.47,peak,238.74359130859375
2026-01-29 11:15:00,real_time_price,249.76,peak,228.2518310546875
2026-01-29 11:30:00,real_time_price,278.67,peak,241.83596801757812
2026-01-29 11:45:00,real_time_price,266.64,peak,283.77545166015625
2026-01-29 12:00:00,real_time_price,219.64,flat,236.3074493408203
2026-01-29 12:15:00,real_time_price,151.33,flat,136.2977294921875
2026-01-29 12:30:00,real_time_price,169.49,flat,215.56198120117188
2026-01-29 12:45:00,real_time_price,107.72,flat,158.7789306640625
2026-01-29 13:00:00,real_time_price,50.44,flat,100.72372436523438
2026-01-29 13:15:00,real_time_price,72.32,flat,54.780609130859375
2026-01-29 13:30:00,real_time_price,126.3,flat,75.37117004394531
2026-01-29 13:45:00,real_time_price,91.74,flat,169.9496612548828
2026-01-29 14:00:00,real_time_price,258.32,peak,135.36819458007812
2026-01-29 14:15:00,real_time_price,207.06,peak,186.2591094970703
2026-01-29 14:30:00,real_time_price,149.48,peak,168.02615356445312
2026-01-29 14:45:00,real_time_price,59.5,peak,177.01150512695312
2026-01-29 15:00:00,real_time_price,180.27,peak,136.0917510986328
2026-01-29 15:15:00,real_time_price,186.26,peak,141.56678771972656
2026-01-29 15:30:00,real_time_price,229.88,peak,172.00587463378906
2026-01-29 15:45:00,real_time_price,98.09,peak,190.30015563964844
2026-01-29 16:00:00,real_time_price,295.56,peak,173.39915466308594
2026-01-29 16:15:00,real_time_price,238.0,peak,278.88836669921875
2026-01-29 16:30:00,real_time_price,286.34,peak,273.7047424316406
2026-01-29 16:45:00,real_time_price,382.6,peak,279.817626953125
2026-01-29 17:00:00,real_time_price,376.88,peak,356.67022705078125
2026-01-29 17:15:00,real_time_price,347.82,peak,371.1932373046875
2026-01-29 17:30:00,real_time_price,348.54,peak,380.76141357421875
2026-01-29 17:45:00,real_time_price,306.83,peak,347.6646728515625
2026-01-29 18:00:00,real_time_price,352.96,peak,348.5110168457031
2026-01-29 18:15:00,real_time_price,297.12,peak,352.80181884765625
2026-01-29 18:30:00,real_time_price,419.0,peak,330.6261901855469
2026-01-29 18:45:00,real_time_price,317.52,peak,376.67669677734375
2026-01-29 19:00:00,real_time_price,377.73,flat,339.28546142578125
2026-01-29 19:15:00,real_time_price,340.72,flat,369.68133544921875
2026-01-29 19:30:00,real_time_price,353.93,flat,378.83294677734375
2026-01-29 19:45:00,real_time_price,365.55,flat,365.6681213378906
2026-01-29 20:00:00,real_time_price,358.56,flat,361.5586242675781
2026-01-29 20:15:00,real_time_price,319.63,flat,351.10693359375
2026-01-29 20:30:00,real_time_price,295.1,flat,353.6175537109375
2026-01-29 20:45:00,real_time_price,316.61,flat,326.575439453125
2026-01-29 21:00:00,real_time_price,313.07,flat,329.6968688964844
2026-01-29 21:15:00,real_time_price,298.83,flat,332.6148376464844
2026-01-29 21:30:00,real_time_price,305.59,flat,310.7341003417969
2026-01-29 21:45:00,real_time_price,302.36,flat,305.0910949707031
2026-01-29 22:00:00,real_time_price,307.02,flat,316.8437805175781
2026-01-29 22:15:00,real_time_price,275.48,flat,310.6963806152344
2026-01-29 22:30:00,real_time_price,285.95,flat,294.1865539550781
2026-01-29 22:45:00,real_time_price,265.1,flat,280.706298828125
2026-01-29 23:00:00,real_time_price,274.07,flat,267.378173828125
2026-01-29 23:15:00,real_time_price,275.0,flat,266.798583984375
2026-01-29 23:30:00,real_time_price,267.95,flat,278.6144104003906
2026-01-29 23:45:00,real_time_price,257.0,flat,263.72216796875
2026-01-30 00:00:00,real_time_price,260.0,valley,263.0429382324219
2026-01-30 00:15:00,real_time_price,263.76,valley,263.0871276855469
2026-01-30 00:30:00,real_time_price,319.7,valley,306.1275329589844
2026-01-30 00:45:00,real_time_price,311.98,valley,311.9021911621094
2026-01-30 01:00:00,real_time_price,303.94,valley,297.92706298828125
2026-01-30 01:15:00,real_time_price,316.97,valley,295.55877685546875
2026-01-30 01:30:00,real_time_price,290.94,valley,304.0206298828125
2026-01-30 01:45:00,real_time_price,265.0,valley,286.8789367675781
2026-01-30 02:00:00,real_time_price,265.0,valley,265.6646728515625
2026-01-30 02:15:00,real_time_price,262.0,valley,264.2077331542969
2026-01-30 02:30:00,real_time_price,255.5,valley,261.3266296386719
2026-01-30 02:45:00,real_time_price,256.79,valley,253.27207946777344
2026-01-30 03:00:00,real_time_price,252.33,valley,251.5234832763672
2026-01-30 03:15:00,real_time_price,257.0,valley,252.07240295410156
2026-01-30 03:30:00,real_time_price,255.0,valley,248.7376708984375
2026-01-30 03:45:00,real_time_price,255.0,valley,249.480224609375
2026-01-30 04:00:00,real_time_price,256.0,valley,243.98402404785156
2026-01-30 04:15:00,real_time_price,253.0,valley,250.04315185546875
2026-01-30 04:30:00,real_time_price,260.0,valley,247.6508026123047
2026-01-30 04:45:00,real_time_price,260.0,valley,250.5397186279297
2026-01-30 05:00:00,real_time_price,258.76,valley,253.6335906982422
2026-01-30 05:15:00,real_time_price,262.69,valley,255.54925537109375
2026-01-30 05:30:00,real_time_price,260.0,valley,262.6318054199219
2026-01-30 05:45:00,real_time_price,257.0,valley,261.9073791503906
2026-01-30 06:00:00,real_time_price,262.0,valley,260.8509826660156
2026-01-30 06:15:00,real_time_price,262.0,valley,262.365234375
2026-01-30 06:30:00,real_time_price,267.03,valley,269.7649841308594
2026-01-30 06:45:00,real_time_price,270.67,valley,271.9286193847656
2026-01-30 07:00:00,real_time_price,280.09,valley,274.4068603515625
2026-01-30 07:15:00,real_time_price,280.0,valley,278.6881103515625
2026-01-30 07:30:00,real_time_price,302.48,valley,279.8998718261719
2026-01-30 07:45:00,real_time_price,285.0,valley,295.1473693847656
2026-01-30 08:00:00,real_time_price,381.3,flat,289.2164306640625
2026-01-30 08:15:00,real_time_price,338.71,flat,359.3900146484375
2026-01-30 08:30:00,real_time_price,380.0,flat,367.6611022949219
2026-01-30 08:45:00,real_time_price,395.69,flat,375.71734619140625
2026-01-30 09:00:00,real_time_price,388.17,flat,381.5699462890625
2026-01-30 09:15:00,real_time_price,409.18,flat,364.44158935546875
2026-01-30 09:30:00,real_time_price,497.52,flat,402.7867431640625
2026-01-30 09:45:00,real_time_price,435.76,flat,481.17840576171875
2026-01-30 10:00:00,real_time_price,363.51,peak,459.884521484375
2026-01-30 10:15:00,real_time_price,472.28,peak,402.0607604980469
2026-01-30 10:30:00,real_time_price,338.59,peak,403.3307800292969
2026-01-30 10:45:00,real_time_price,296.0,peak,352.1517639160156
2026-01-30 11:00:00,real_time_price,281.58,peak,312.6706848144531
2026-01-30 11:15:00,real_time_price,295.56,peak,268.1917724609375
2026-01-30 11:30:00,real_time_price,289.59,peak,290.1107482910156
2026-01-30 11:45:00,real_time_price,284.39,peak,272.8686218261719
2026-01-30 12:00:00,real_time_price,290.24,flat,258.2898864746094
2026-01-30 12:15:00,real_time_price,282.29,flat,237.60194396972656
2026-01-30 12:30:00,real_time_price,319.05,flat,282.6966857910156
2026-01-30 12:45:00,real_time_price,291.44,flat,295.2864990234375
2026-01-30 13:00:00,real_time_price,284.15,flat,292.1343994140625
2026-01-30 13:15:00,real_time_price,259.71,flat,282.1148376464844
2026-01-30 13:30:00,real_time_price,269.02,flat,279.1417236328125
2026-01-30 13:45:00,real_time_price,305.67,flat,282.51605224609375
2026-01-30 14:00:00,real_time_price,306.46,peak,288.47467041015625
2026-01-30 14:15:00,real_time_price,296.99,peak,283.0435485839844
2026-01-30 14:30:00,real_time_price,268.46,peak,252.209228515625
2026-01-30 14:45:00,real_time_price,278.4,peak,263.6048278808594
2026-01-30 15:00:00,real_time_price,292.49,peak,263.6112976074219
2026-01-30 15:15:00,real_time_price,289.44,peak,280.3882751464844
2026-01-30 15:30:00,real_time_price,293.69,peak,276.2704772949219
2026-01-30 15:45:00,real_time_price,283.22,peak,296.3990478515625
2026-01-30 16:00:00,real_time_price,294.15,peak,288.36529541015625
2026-01-30 16:15:00,real_time_price,300.27,peak,291.10260009765625
2026-01-30 16:30:00,real_time_price,303.88,peak,310.0653076171875
2026-01-30 16:45:00,real_time_price,361.36,peak,308.2102355957031
2026-01-30 17:00:00,real_time_price,416.66,peak,354.3016662597656
2026-01-30 17:15:00,real_time_price,507.63,peak,409.8449401855469
2026-01-30 17:30:00,real_time_price,611.63,peak,485.12164306640625
2026-01-30 17:45:00,real_time_price,368.69,peak,448.3502197265625
2026-01-30 18:00:00,real_time_price,559.95,peak,413.5469055175781
2026-01-30 18:15:00,real_time_price,776.46,peak,467.6063232421875
2026-01-30 18:30:00,real_time_price,843.11,peak,694.0397338867188
2026-01-30 18:45:00,real_time_price,410.73,peak,678.0789184570312
2026-01-30 19:00:00,real_time_price,499.88,flat,482.7187805175781
2026-01-30 19:15:00,real_time_price,639.79,flat,480.4018249511719
2026-01-30 19:30:00,real_time_price,866.43,flat,744.7421875
2026-01-30 19:45:00,real_time_price,360.18,flat,682.6616821289062
2026-01-30 20:00:00,real_time_price,884.71,flat,420.32843017578125
2026-01-30 20:15:00,real_time_price,517.48,flat,608.6776733398438
2026-01-30 20:30:00,real_time_price,553.04,flat,661.7800903320312
2026-01-30 20:45:00,real_time_price,1066.52,flat,513.1410522460938
2026-01-30 21:00:00,real_time_price,830.59,flat,831.1848754882812
2026-01-30 21:15:00,real_time_price,525.82,flat,782.5804443359375
2026-01-30 21:30:00,real_time_price,446.38,flat,599.591064453125
2026-01-30 21:45:00,real_time_price,407.32,flat,540.2249145507812
2026-01-30 22:00:00,real_time_price,379.59,flat,486.13671875
2026-01-30 22:15:00,real_time_price,328.97,flat,382.6187744140625
2026-01-30 22:30:00,real_time_price,330.0,flat,347.415283203125
2026-01-30 22:45:00,real_time_price,399.9,flat,325.9322204589844
2026-01-30 23:00:00,real_time_price,310.0,flat,364.3885498046875
2026-01-30 23:15:00,real_time_price,320.01,flat,303.1547546386719
2026-01-30 23:30:00,real_time_price,319.0,flat,308.0519714355469
2026-01-30 23:45:00,real_time_price,314.0,flat,306.8999328613281
2026-01-31 00:00:00,real_time_price,290.0,valley,306.8802490234375
2026-01-31 00:15:00,real_time_price,269.0,valley,296.99542236328125
2026-01-31 00:30:00,real_time_price,429.36,valley,367.5815124511719
2026-01-31 00:45:00,real_time_price,341.78,valley,382.8553161621094
2026-01-31 01:00:00,real_time_price,335.19,valley,329.0877990722656
2026-01-31 01:15:00,real_time_price,324.42,valley,324.7901916503906
2026-01-31 01:30:00,real_time_price,324.07,valley,322.4302062988281
2026-01-31 01:45:00,real_time_price,283.56,valley,319.92041015625
2026-01-31 02:00:00,real_time_price,280.0,valley,294.0611267089844
2026-01-31 02:15:00,real_time_price,279.98,valley,287.805908203125
2026-01-31 02:30:00,real_time_price,280.0,valley,280.40325927734375
2026-01-31 02:45:00,real_time_price,275.0,valley,280.5448303222656
2026-01-31 03:00:00,real_time_price,270.3,valley,274.0560607910156
2026-01-31 03:15:00,real_time_price,265.3,valley,271.8543395996094
2026-01-31 03:30:00,real_time_price,260.3,valley,266.8876037597656
2026-01-31 03:45:00,real_time_price,257.0,valley,260.5709533691406
2026-01-31 04:00:00,real_time_price,255.4,valley,254.2183837890625
2026-01-31 04:15:00,real_time_price,251.0,valley,254.76803588867188
2026-01-31 04:30:00,real_time_price,260.0,valley,253.4813995361328
2026-01-31 04:45:00,real_time_price,260.0,valley,251.7967529296875
2026-01-31 05:00:00,real_time_price,257.0,valley,254.77764892578125
2026-01-31 05:15:00,real_time_price,262.0,valley,255.02940368652344
2026-01-31 05:30:00,real_time_price,260.0,valley,260.7655334472656
2026-01-31 05:45:00,real_time_price,260.0,valley,264.3828430175781
2026-01-31 06:00:00,real_time_price,260.4,valley,262.04779052734375
2026-01-31 06:15:00,real_time_price,260.0,valley,264.7230529785156
2026-01-31 06:30:00,real_time_price,260.0,valley,263.927490234375
2026-01-31 06:45:00,real_time_price,264.97,valley,263.81927490234375
2026-01-31 07:00:00,real_time_price,260.4,valley,265.8733825683594
2026-01-31 07:15:00,real_time_price,265.0,valley,259.0760803222656
2026-01-31 07:30:00,real_time_price,262.0,valley,269.0366516113281
2026-01-31 07:45:00,real_time_price,267.0,valley,263.2135314941406
2026-01-31 08:00:00,real_time_price,270.3,flat,274.11248779296875
2026-01-31 08:15:00,real_time_price,295.0,flat,281.4873046875
2026-01-31 08:30:00,real_time_price,293.04,flat,312.2552795410156
2026-01-31 08:45:00,real_time_price,306.13,flat,288.9857482910156
2026-01-31 09:00:00,real_time_price,300.43,flat,325.0492858886719
2026-01-31 09:15:00,real_time_price,323.84,flat,295.858154296875
2026-01-31 09:30:00,real_time_price,324.73,flat,320.2445373535156
2026-01-31 09:45:00,real_time_price,325.21,flat,325.6258544921875
2026-01-31 10:00:00,real_time_price,347.11,peak,304.2757568359375
2026-01-31 10:15:00,real_time_price,361.03,peak,305.1175231933594
2026-01-31 10:30:00,real_time_price,325.94,peak,346.5697021484375
2026-01-31 10:45:00,real_time_price,292.33,peak,318.3658752441406
2026-01-31 11:00:00,real_time_price,337.38,peak,297.9786682128906
2026-01-31 11:15:00,real_time_price,306.56,peak,296.1424560546875
2026-01-31 11:30:00,real_time_price,305.64,peak,309.009765625
2026-01-31 11:45:00,real_time_price,280.65,peak,278.02337646484375
2026-01-31 12:00:00,real_time_price,279.16,flat,271.57452392578125
2026-01-31 12:15:00,real_time_price,93.7,flat,240.25588989257812
2026-01-31 12:30:00,real_time_price,287.34,flat,257.115234375
2026-01-31 12:45:00,real_time_price,277.49,flat,266.5224304199219
2026-01-31 13:00:00,real_time_price,272.15,flat,274.2425842285156
2026-01-31 13:15:00,real_time_price,294.41,flat,278.5291442871094
2026-01-31 13:30:00,real_time_price,257.46,flat,291.06903076171875
2026-01-31 13:45:00,real_time_price,278.54,flat,285.7900695800781
2026-01-31 14:00:00,real_time_price,295.56,peak,301.7155456542969
2026-01-31 14:15:00,real_time_price,259.98,peak,285.4578857421875
2026-01-31 14:30:00,real_time_price,274.97,peak,263.5450439453125
2026-01-31 14:45:00,real_time_price,208.1,peak,287.9062805175781
2026-01-31 15:00:00,real_time_price,210.01,peak,238.360107421875
2026-01-31 15:15:00,real_time_price,210.88,peak,224.63880920410156
2026-01-31 15:30:00,real_time_price,263.68,peak,232.65428161621094
2026-01-31 15:45:00,real_time_price,249.95,peak,258.7646789550781
2026-01-31 16:00:00,real_time_price,108.1,peak,262.126220703125
2026-01-31 16:15:00,real_time_price,208.24,peak,258.4653015136719
2026-01-31 16:30:00,real_time_price,264.98,peak,268.4718322753906
2026-01-31 16:45:00,real_time_price,262.34,peak,268.80096435546875
2026-01-31 17:00:00,real_time_price,268.41,peak,263.7135009765625
2026-01-31 17:15:00,real_time_price,318.28,peak,282.9898681640625
2026-01-31 17:30:00,real_time_price,320.0,peak,330.0207214355469
2026-01-31 17:45:00,real_time_price,315.0,peak,335.0471496582031
2026-01-31 18:00:00,real_time_price,349.32,peak,366.9115905761719
2026-01-31 18:15:00,real_time_price,309.0,peak,369.7583923339844
2026-01-31 18:30:00,real_time_price,315.0,peak,350.4176025390625
2026-01-31 18:45:00,real_time_price,319.9,peak,344.6869201660156
2026-01-31 19:00:00,real_time_price,315.0,flat,324.0122985839844
2026-01-31 19:15:00,real_time_price,319.0,flat,331.3600158691406
2026-01-31 19:30:00,real_time_price,353.9,flat,360.14996337890625
2026-01-31 19:45:00,real_time_price,318.19,flat,345.622314453125
2026-01-31 20:00:00,real_time_price,337.0,flat,359.7217102050781
2026-01-31 20:15:00,real_time_price,317.66,flat,324.18341064453125
2026-01-31 20:30:00,real_time_price,319.0,flat,344.4701843261719
2026-01-31 20:45:00,real_time_price,324.0,flat,351.5150146484375
2026-01-31 21:00:00,real_time_price,-10.96,flat,346.7193603515625
2026-01-31 21:15:00,real_time_price,178.04,flat,303.2292785644531
2026-01-31 21:30:00,real_time_price,236.82,flat,282.8653869628906
2026-01-31 21:45:00,real_time_price,242.32,flat,239.09536743164062
2026-01-31 22:00:00,real_time_price,248.0,flat,221.60830688476562
2026-01-31 22:15:00,real_time_price,245.0,flat,251.19593811035156
2026-01-31 22:30:00,real_time_price,248.0,flat,243.19839477539062
2026-01-31 22:45:00,real_time_price,240.63,flat,252.00762939453125
2026-01-31 23:00:00,real_time_price,272.2,flat,237.05535888671875
2026-01-31 23:15:00,real_time_price,250.12,flat,252.50625610351562
2026-01-31 23:30:00,real_time_price,240.0,flat,258.22021484375
2026-01-31 23:45:00,real_time_price,246.0,flat,242.50538635253906
2026-02-01 00:00:00,real_time_price,248.0,valley,247.4533233642578
2026-02-01 00:15:00,real_time_price,275.0,valley,251.43638610839844
2026-02-01 00:30:00,real_time_price,-50.0,valley,315.6882019042969
2026-02-01 00:45:00,real_time_price,232.17,valley,187.60308837890625
2026-02-01 01:00:00,real_time_price,-50.0,valley,260.75433349609375
2026-02-01 01:15:00,real_time_price,-50.0,valley,78.55076599121094
2026-02-01 01:30:00,real_time_price,-50.0,valley,31.068164825439453
2026-02-01 01:45:00,real_time_price,-50.0,valley,36.4907341003418
2026-02-01 02:00:00,real_time_price,-50.0,valley,17.996843338012695
2026-02-01 02:15:00,real_time_price,245.98,valley,30.32691192626953
2026-02-01 02:30:00,real_time_price,243.49,valley,196.93869018554688
2026-02-01 02:45:00,real_time_price,-50.0,valley,204.23016357421875
2026-02-01 03:00:00,real_time_price,-50.0,valley,70.25518798828125
2026-02-01 03:15:00,real_time_price,-50.0,valley,51.447628021240234
2026-02-01 03:30:00,real_time_price,-50.0,valley,41.372154235839844
2026-02-01 03:45:00,real_time_price,-50.0,valley,25.81744384765625
2026-02-01 04:00:00,real_time_price,-50.0,valley,27.9390811920166
2026-02-01 04:15:00,real_time_price,-50.0,valley,34.32139587402344
2026-02-01 04:30:00,real_time_price,-50.0,valley,26.92937660217285
2026-02-01 04:45:00,real_time_price,-50.0,valley,27.331951141357422
2026-02-01 05:00:00,real_time_price,-50.0,valley,23.213626861572266
2026-02-01 05:15:00,real_time_price,145.61,valley,26.838258743286133
2026-02-01 05:30:00,real_time_price,-50.0,valley,124.45022583007812
2026-02-01 05:45:00,real_time_price,-50.0,valley,63.15617370605469
2026-02-01 06:00:00,real_time_price,-50.0,valley,23.59718132019043
2026-02-01 06:15:00,real_time_price,-50.0,valley,39.6671142578125
2026-02-01 06:30:00,real_time_price,-8.23,valley,29.29727554321289
2026-02-01 06:45:00,real_time_price,14.68,valley,20.77235984802246
2026-02-01 07:00:00,real_time_price,70.17,valley,18.97955894470215
2026-02-01 07:15:00,real_time_price,0.33,valley,81.14221954345703
2026-02-01 07:30:00,real_time_price,-49.08,valley,39.11931228637695
2026-02-01 07:45:00,real_time_price,234.58,valley,27.51884651184082
2026-02-01 08:00:00,real_time_price,-50.0,flat,170.77024841308594
2026-02-01 08:15:00,real_time_price,6.37,flat,96.4372787475586
2026-02-01 08:30:00,real_time_price,346.5,flat,54.000823974609375
2026-02-01 08:45:00,real_time_price,344.81,flat,222.94522094726562
2026-02-01 09:00:00,real_time_price,96.94,flat,268.4945983886719
2026-02-01 09:15:00,real_time_price,167.17,flat,70.78770446777344
2026-02-01 09:30:00,real_time_price,30.78,flat,156.8582763671875
2026-02-01 09:45:00,real_time_price,246.09,flat,54.764366149902344
2026-02-01 10:00:00,real_time_price,73.69,peak,202.61065673828125
2026-02-01 10:15:00,real_time_price,329.55,peak,181.6693878173828
2026-02-01 10:30:00,real_time_price,299.81,peak,200.43606567382812
2026-02-01 10:45:00,real_time_price,307.15,peak,272.3330383300781
2026-02-01 11:00:00,real_time_price,294.67,peak,308.70843505859375
2026-02-01 11:15:00,real_time_price,298.39,peak,290.6823425292969
2026-02-01 11:30:00,real_time_price,287.7,peak,318.18963623046875
2026-02-01 11:45:00,real_time_price,265.18,peak,278.41552734375
2026-02-01 12:00:00,real_time_price,254.83,flat,232.9478759765625
2026-02-01 12:15:00,real_time_price,44.89,flat,159.42076110839844
2026-02-01 12:30:00,real_time_price,198.79,flat,194.2510528564453
2026-02-01 12:45:00,real_time_price,236.43,flat,163.2763214111328
2026-02-01 13:00:00,real_time_price,260.0,flat,188.41378784179688
2026-02-01 13:15:00,real_time_price,56.85,flat,225.09042358398438
2026-02-01 13:30:00,real_time_price,259.08,flat,160.5168914794922
2026-02-01 13:45:00,real_time_price,188.46,flat,237.80252075195312
2026-02-01 14:00:00,real_time_price,270.35,peak,196.83535766601562
2026-02-01 14:15:00,real_time_price,209.12,peak,235.97882080078125
2026-02-01 14:30:00,real_time_price,-31.18,peak,212.364013671875
2026-02-01 14:45:00,real_time_price,47.76,peak,121.47515106201172
2026-02-01 15:00:00,real_time_price,50.88,peak,97.40394592285156
2026-02-01 15:15:00,real_time_price,132.03,peak,58.367942810058594
2026-02-01 15:30:00,real_time_price,35.29,peak,133.5623321533203
2026-02-01 15:45:00,real_time_price,48.3,peak,126.4945068359375
2026-02-01 16:00:00,real_time_price,228.2,peak,122.56875610351562
2026-02-01 16:15:00,real_time_price,258.0,peak,186.59751892089844
2026-02-01 16:30:00,real_time_price,278.69,peak,242.2042236328125
2026-02-01 16:45:00,real_time_price,313.04,peak,288.8380432128906
2026-02-01 17:00:00,real_time_price,292.85,peak,297.4766845703125
2026-02-01 17:15:00,real_time_price,300.3,peak,305.25970458984375
2026-02-01 17:30:00,real_time_price,330.0,peak,330.9936828613281
2026-02-01 17:45:00,real_time_price,320.0,peak,330.3085632324219
2026-02-01 18:00:00,real_time_price,330.0,peak,346.1899719238281
2026-02-01 18:15:00,real_time_price,324.99,peak,355.81561279296875
2026-02-01 18:30:00,real_time_price,390.0,peak,361.5357971191406
2026-02-01 18:45:00,real_time_price,359.99,peak,379.20330810546875
2026-02-01 19:00:00,real_time_price,305.88,flat,343.2127990722656
2026-02-01 19:15:00,real_time_price,266.77,flat,302.7658386230469
2026-02-01 19:30:00,real_time_price,471.38,flat,307.72296142578125
2026-02-01 19:45:00,real_time_price,-50.0,flat,339.14990234375
2026-02-01 20:00:00,real_time_price,210.5,flat,227.9496307373047
2026-02-01 20:15:00,real_time_price,850.64,flat,236.8782196044922
2026-02-01 20:30:00,real_time_price,696.87,flat,347.5692443847656
2026-02-01 20:45:00,real_time_price,-50.0,flat,529.7863159179688
2026-02-01 21:00:00,real_time_price,700.0,flat,332.3326110839844
2026-02-01 21:15:00,real_time_price,1260.14,flat,490.5550231933594
2026-02-01 21:30:00,real_time_price,723.4,flat,575.8445434570312
2026-02-01 21:45:00,real_time_price,761.8,flat,594.9388427734375
2026-02-01 22:00:00,real_time_price,680.56,flat,610.5693359375
2026-02-01 22:15:00,real_time_price,1217.51,flat,589.0208129882812
2026-02-01 22:30:00,real_time_price,790.89,flat,479.2681884765625
2026-02-01 22:45:00,real_time_price,436.34,flat,608.8737182617188
2026-02-01 23:00:00,real_time_price,644.14,flat,398.91790771484375
2026-02-01 23:15:00,real_time_price,230.16,flat,373.5099182128906
2026-02-01 23:30:00,real_time_price,-50.0,flat,335.28607177734375
2026-02-01 23:45:00,real_time_price,209.72,flat,348.72003173828125
2026-02-02 00:00:00,real_time_price,292.03,valley,248.8357696533203
2026-02-02 00:15:00,real_time_price,269.0,valley,219.65492248535156
2026-02-02 00:30:00,real_time_price,358.91,valley,285.79827880859375
2026-02-02 00:45:00,real_time_price,312.58,valley,327.1363830566406
2026-02-02 01:00:00,real_time_price,282.0,valley,284.18975830078125
2026-02-02 01:15:00,real_time_price,288.0,valley,266.0672912597656
2026-02-02 01:30:00,real_time_price,270.0,valley,279.30999755859375
2026-02-02 01:45:00,real_time_price,280.0,valley,256.2013854980469
2026-02-02 02:00:00,real_time_price,276.1,valley,246.44236755371094
2026-02-02 02:15:00,real_time_price,273.3,valley,273.18450927734375
2026-02-02 02:30:00,real_time_price,270.0,valley,267.0239562988281
2026-02-02 02:45:00,real_time_price,270.0,valley,259.9347839355469
2026-02-02 03:00:00,real_time_price,220.0,valley,255.16680908203125
2026-02-02 03:15:00,real_time_price,260.0,valley,245.43243408203125
2026-02-02 03:30:00,real_time_price,258.0,valley,236.73162841796875
2026-02-02 03:45:00,real_time_price,255.5,valley,245.45384216308594
2026-02-02 04:00:00,real_time_price,257.0,valley,242.26077270507812
2026-02-02 04:15:00,real_time_price,255.0,valley,242.986572265625
2026-02-02 04:30:00,real_time_price,255.0,valley,243.0876007080078
2026-02-02 04:45:00,real_time_price,255.0,valley,240.8187713623047
2026-02-02 05:00:00,real_time_price,200.0,valley,240.04978942871094
2026-02-02 05:15:00,real_time_price,250.4,valley,222.2152099609375
2026-02-02 05:30:00,real_time_price,237.2,valley,227.56068420410156
2026-02-02 05:45:00,real_time_price,253.3,valley,237.87026977539062
2026-02-02 06:00:00,real_time_price,256.1,valley,240.3008575439453
2026-02-02 06:15:00,real_time_price,260.0,valley,251.94761657714844
2026-02-02 06:30:00,real_time_price,265.0,valley,259.48406982421875
2026-02-02 06:45:00,real_time_price,270.0,valley,256.3701171875
2026-02-02 07:00:00,real_time_price,270.0,valley,261.37982177734375
2026-02-02 07:15:00,real_time_price,275.0,valley,257.5110778808594
2026-02-02 07:30:00,real_time_price,270.1,valley,269.9189758300781
2026-02-02 07:45:00,real_time_price,276.17,valley,273.7840576171875
2026-02-02 08:00:00,real_time_price,280.0,flat,285.685791015625
2026-02-02 08:15:00,real_time_price,287.78,flat,311.84942626953125
2026-02-02 08:30:00,real_time_price,331.8,flat,312.6769104003906
2026-02-02 08:45:00,real_time_price,326.61,flat,331.4284973144531
2026-02-02 09:00:00,real_time_price,367.83,flat,318.5851135253906
2026-02-02 09:15:00,real_time_price,364.53,flat,354.6939392089844
2026-02-02 09:30:00,real_time_price,324.42,flat,321.72149658203125
2026-02-02 09:45:00,real_time_price,282.27,flat,324.96026611328125
2026-02-02 10:00:00,real_time_price,266.57,peak,291.5596923828125
2026-02-02 10:15:00,real_time_price,267.44,peak,252.47802734375
2026-02-02 10:30:00,real_time_price,266.51,peak,273.3163757324219
2026-02-02 10:45:00,real_time_price,276.38,peak,273.2914733886719
2026-02-02 11:00:00,real_time_price,273.47,peak,286.5897216796875
2026-02-02 11:15:00,real_time_price,272.2,peak,280.90679931640625
2026-02-02 11:30:00,real_time_price,274.91,peak,275.5520324707031
2026-02-02 11:45:00,real_time_price,260.35,peak,282.0902404785156
2026-02-02 12:00:00,real_time_price,286.41,flat,252.65817260742188
2026-02-02 12:15:00,real_time_price,213.81,flat,195.1121826171875
2026-02-02 12:30:00,real_time_price,274.55,flat,255.67247009277344
2026-02-02 12:45:00,real_time_price,246.45,flat,266.5794677734375
2026-02-02 13:00:00,real_time_price,158.95,flat,256.8260192871094
2026-02-02 13:15:00,real_time_price,227.01,flat,207.11004638671875
2026-02-02 13:30:00,real_time_price,217.0,flat,238.30564880371094
2026-02-02 13:45:00,real_time_price,317.12,flat,244.75387573242188
2026-02-02 14:00:00,real_time_price,265.85,peak,316.9776611328125
2026-02-02 14:15:00,real_time_price,6.39,peak,265.60205078125
2026-02-02 14:30:00,real_time_price,16.48,peak,139.99893188476562
2026-02-02 14:45:00,real_time_price,24.43,peak,103.7835693359375
2026-02-02 15:00:00,real_time_price,48.26,peak,79.12611389160156
2026-02-02 15:15:00,real_time_price,6.69,peak,91.64605712890625
2026-02-02 15:30:00,real_time_price,-48.81,peak,141.22445678710938
2026-02-02 15:45:00,real_time_price,-0.08,peak,140.720703125
2026-02-02 16:00:00,real_time_price,229.18,peak,112.8444595336914
2026-02-02 16:15:00,real_time_price,249.51,peak,218.14784240722656
2026-02-02 16:30:00,real_time_price,309.23,peak,244.6831512451172
2026-02-02 16:45:00,real_time_price,276.35,peak,291.7425842285156
2026-02-02 17:00:00,real_time_price,286.51,peak,371.7315979003906
2026-02-02 17:15:00,real_time_price,274.81,peak,322.1084899902344
2026-02-02 17:30:00,real_time_price,285.0,peak,332.60015869140625
2026-02-02 17:45:00,real_time_price,280.0,peak,317.6752014160156
2026-02-02 18:00:00,real_time_price,285.0,peak,334.70611572265625
2026-02-02 18:15:00,real_time_price,290.03,peak,323.4861755371094
2026-02-02 18:30:00,real_time_price,297.06,peak,357.6971130371094
2026-02-02 18:45:00,real_time_price,294.96,peak,337.3387756347656
2026-02-02 19:00:00,real_time_price,307.0,flat,302.35845947265625
2026-02-02 19:15:00,real_time_price,296.0,flat,302.7305603027344
2026-02-02 19:30:00,real_time_price,422.45,flat,316.12579345703125
2026-02-02 19:45:00,real_time_price,310.04,flat,420.6972351074219
2026-02-02 20:00:00,real_time_price,312.47,flat,300.81109619140625
2026-02-02 20:15:00,real_time_price,290.9,flat,312.07354736328125
2026-02-02 20:30:00,real_time_price,288.01,flat,307.959228515625
2026-02-02 20:45:00,real_time_price,289.01,flat,287.125732421875
2026-02-02 21:00:00,real_time_price,286.98,flat,294.6041564941406
2026-02-02 21:15:00,real_time_price,290.01,flat,286.9462585449219
2026-02-02 21:30:00,real_time_price,302.88,flat,301.9718322753906
2026-02-02 21:45:00,real_time_price,302.59,flat,295.6737060546875
2026-02-02 22:00:00,real_time_price,307.59,flat,284.5789489746094
2026-02-02 22:15:00,real_time_price,367.24,flat,283.02532958984375
2026-02-02 22:30:00,real_time_price,320.07,flat,353.38043212890625
2026-02-02 22:45:00,real_time_price,320.49,flat,323.775146484375
2026-02-02 23:00:00,real_time_price,300.71,flat,283.7166442871094
2026-02-02 23:15:00,real_time_price,292.46,flat,295.70751953125
2026-02-02 23:30:00,real_time_price,314.06,flat,284.4783935546875
2026-02-02 23:45:00,real_time_price,312.93,flat,299.8094787597656
2026-02-03 00:00:00,real_time_price,307.28,valley,295.68939208984375
2026-02-03 00:15:00,real_time_price,255.5,valley,291.6594543457031
2026-02-03 00:30:00,real_time_price,361.95,valley,340.7607116699219
2026-02-03 00:45:00,real_time_price,327.36,valley,314.9099426269531
2026-02-03 01:00:00,real_time_price,281.43,valley,310.6728210449219
2026-02-03 01:15:00,real_time_price,287.15,valley,280.3865661621094
2026-02-03 01:30:00,real_time_price,274.96,valley,283.2493896484375
2026-02-03 01:45:00,real_time_price,276.95,valley,275.23419189453125
2026-02-03 02:00:00,real_time_price,274.96,valley,276.3209533691406
2026-02-03 02:15:00,real_time_price,274.79,valley,271.017333984375
2026-02-03 02:30:00,real_time_price,268.65,valley,268.7564392089844
2026-02-03 02:45:00,real_time_price,265.1,valley,265.8671875
2026-02-03 03:00:00,real_time_price,260.24,valley,255.79994201660156
2026-02-03 03:15:00,real_time_price,260.0,valley,258.391357421875
2026-02-03 03:30:00,real_time_price,258.0,valley,253.52809143066406
2026-02-03 03:45:00,real_time_price,255.86,valley,251.67982482910156
2026-02-03 04:00:00,real_time_price,252.86,valley,251.4739532470703
2026-02-03 04:15:00,real_time_price,257.0,valley,249.8292236328125
2026-02-03 04:30:00,real_time_price,255.0,valley,246.91830444335938
2026-02-03 04:45:00,real_time_price,252.55,valley,246.98583984375
2026-02-03 05:00:00,real_time_price,237.97,valley,241.5049591064453
2026-02-03 05:15:00,real_time_price,242.93,valley,239.99627685546875
2026-02-03 05:30:00,real_time_price,253.15,valley,235.18820190429688
2026-02-03 05:45:00,real_time_price,253.53,valley,247.47605895996094
2026-02-03 06:00:00,real_time_price,257.77,valley,257.1658020019531
2026-02-03 06:15:00,real_time_price,260.0,valley,255.87271118164062
2026-02-03 06:30:00,real_time_price,258.82,valley,262.7591857910156
2026-02-03 06:45:00,real_time_price,263.5,valley,262.4552307128906
2026-02-03 07:00:00,real_time_price,274.01,valley,263.91473388671875
2026-02-03 07:15:00,real_time_price,268.97,valley,263.671142578125
2026-02-03 07:30:00,real_time_price,276.79,valley,267.6390380859375
2026-02-03 07:45:00,real_time_price,281.9,valley,273.3606872558594
2026-02-03 08:00:00,real_time_price,304.52,flat,288.2185363769531
2026-02-03 08:15:00,real_time_price,319.19,flat,299.6285400390625
2026-02-03 08:30:00,real_time_price,393.98,flat,330.4658508300781
2026-02-03 08:45:00,real_time_price,346.7,flat,357.7317199707031
2026-02-03 09:00:00,real_time_price,358.23,flat,348.880859375
2026-02-03 09:15:00,real_time_price,330.29,flat,347.48028564453125
2026-02-03 09:30:00,real_time_price,320.38,flat,336.3892517089844
2026-02-03 09:45:00,real_time_price,258.9,flat,328.4183044433594
2026-02-03 10:00:00,real_time_price,250.21,peak,260.626708984375
2026-02-03 10:15:00,real_time_price,252.47,peak,249.62991333007812
2026-02-03 10:30:00,real_time_price,63.86,peak,230.3477783203125
2026-02-03 10:45:00,real_time_price,9.72,peak,221.37330627441406
2026-02-03 11:00:00,real_time_price,35.35,peak,98.47618103027344
2026-02-03 11:15:00,real_time_price,-42.67,peak,128.01182556152344
2026-02-03 11:30:00,real_time_price,-36.36,peak,63.176578521728516
2026-02-03 11:45:00,real_time_price,270.15,peak,64.62239837646484
2026-02-03 12:00:00,real_time_price,11.57,flat,169.42494201660156
2026-02-03 12:15:00,real_time_price,-37.11,flat,75.47428131103516
2026-02-03 12:30:00,real_time_price,-47.04,flat,27.96537971496582
2026-02-03 12:45:00,real_time_price,-47.05,flat,51.17380142211914
2026-02-03 13:00:00,real_time_price,-35.39,flat,-24.573190689086914
2026-02-03 13:15:00,real_time_price,-18.09,flat,2.594247817993164
2026-02-03 13:30:00,real_time_price,-47.05,flat,-14.426745414733887
2026-02-03 13:45:00,real_time_price,-47.09,flat,2.9879069328308105
2026-02-03 14:00:00,real_time_price,100.25,peak,66.75827026367188
2026-02-03 14:15:00,real_time_price,-42.55,peak,84.19522857666016
2026-02-03 14:30:00,real_time_price,-50.0,peak,106.97606658935547
2026-02-03 14:45:00,real_time_price,-47.05,peak,32.599029541015625
2026-02-03 15:00:00,real_time_price,51.98,peak,99.51306915283203
2026-02-03 15:15:00,real_time_price,-47.04,peak,58.7609977722168
2026-02-03 15:30:00,real_time_price,4.3,peak,50.354393005371094
2026-02-03 15:45:00,real_time_price,184.11,peak,104.9863510131836
2026-02-03 16:00:00,real_time_price,219.81,peak,241.44723510742188
2026-02-03 16:15:00,real_time_price,228.49,peak,208.2458953857422
2026-02-03 16:30:00,real_time_price,274.57,peak,273.1494445800781
2026-02-03 16:45:00,real_time_price,271.99,peak,280.33465576171875
2026-02-03 17:00:00,real_time_price,277.07,peak,294.9148864746094
2026-02-03 17:15:00,real_time_price,298.43,peak,287.5479736328125
2026-02-03 17:30:00,real_time_price,320.32,peak,317.884521484375
2026-02-03 17:45:00,real_time_price,295.14,peak,323.9520568847656
2026-02-03 18:00:00,real_time_price,289.98,peak,310.41973876953125
2026-02-03 18:15:00,real_time_price,296.97,peak,294.8868408203125
2026-02-03 18:30:00,real_time_price,293.17,peak,322.1971435546875
2026-02-03 18:45:00,real_time_price,314.14,peak,305.8828430175781
2026-02-03 19:00:00,real_time_price,321.2,flat,316.75518798828125
2026-02-03 19:15:00,real_time_price,308.0,flat,317.5501708984375
2026-02-03 19:30:00,real_time_price,314.7,flat,332.7200622558594
2026-02-03 19:45:00,real_time_price,305.0,flat,322.3581237792969
2026-02-03 20:00:00,real_time_price,314.4,flat,301.26617431640625
2026-02-03 20:15:00,real_time_price,294.99,flat,311.1695251464844
2026-02-03 20:30:00,real_time_price,304.3,flat,295.9765319824219
2026-02-03 20:45:00,real_time_price,320.79,flat,304.8529968261719
2026-02-03 21:00:00,real_time_price,308.0,flat,316.20330810546875
2026-02-03 21:15:00,real_time_price,330.7,flat,313.21124267578125
2026-02-03 21:30:00,real_time_price,325.84,flat,321.53411865234375
2026-02-03 21:45:00,real_time_price,370.2,flat,333.5643310546875
2026-02-03 22:00:00,real_time_price,359.48,flat,350.81475830078125
2026-02-03 22:15:00,real_time_price,400.74,flat,358.9832763671875
2026-02-03 22:30:00,real_time_price,341.11,flat,356.2965087890625
2026-02-03 22:45:00,real_time_price,350.2,flat,358.5420837402344
2026-02-03 23:00:00,real_time_price,322.51,flat,334.4162292480469
2026-02-03 23:15:00,real_time_price,304.43,flat,313.99688720703125
2026-02-03 23:30:00,real_time_price,300.0,flat,301.7917785644531
2026-02-03 23:45:00,real_time_price,301.06,flat,285.60296630859375
2026-02-04 00:00:00,real_time_price,289.1,valley,286.0613098144531
2026-02-04 00:15:00,real_time_price,277.7,valley,276.3140869140625
2026-02-04 00:30:00,real_time_price,331.9,valley,409.7904968261719
2026-02-04 00:45:00,real_time_price,340.82,valley,325.6746826171875
2026-02-04 01:00:00,real_time_price,358.74,valley,319.5413513183594
2026-02-04 01:15:00,real_time_price,357.77,valley,325.8736877441406
2026-02-04 01:30:00,real_time_price,311.13,valley,333.9529113769531
2026-02-04 01:45:00,real_time_price,277.7,valley,310.5124206542969
2026-02-04 02:00:00,real_time_price,303.81,valley,282.6676025390625
2026-02-04 02:15:00,real_time_price,295.67,valley,296.93475341796875
2026-02-04 02:30:00,real_time_price,291.64,valley,286.53057861328125
2026-02-04 02:45:00,real_time_price,288.83,valley,282.36737060546875
2026-02-04 03:00:00,real_time_price,280.1,valley,282.8646240234375
2026-02-04 03:15:00,real_time_price,277.0,valley,279.3902893066406
2026-02-04 03:30:00,real_time_price,272.0,valley,273.3629150390625
2026-02-04 03:45:00,real_time_price,275.3,valley,268.7138366699219
2026-02-04 04:00:00,real_time_price,276.1,valley,266.241455078125
2026-02-04 04:15:00,real_time_price,275.0,valley,268.24822998046875
2026-02-04 04:30:00,real_time_price,275.7,valley,266.430908203125
2026-02-04 04:45:00,real_time_price,275.0,valley,259.8970642089844
2026-02-04 05:00:00,real_time_price,277.7,valley,261.1226501464844
2026-02-04 05:15:00,real_time_price,275.7,valley,259.3572082519531
2026-02-04 05:30:00,real_time_price,275.0,valley,263.93902587890625
2026-02-04 05:45:00,real_time_price,276.1,valley,270.1414489746094
2026-02-04 06:00:00,real_time_price,280.3,valley,261.9897155761719
2026-02-04 06:15:00,real_time_price,280.0,valley,271.23443603515625
2026-02-04 06:30:00,real_time_price,311.94,valley,285.33941650390625
2026-02-04 06:45:00,real_time_price,297.81,valley,304.109130859375
2026-02-04 07:00:00,real_time_price,300.81,valley,297.8441467285156
2026-02-04 07:15:00,real_time_price,285.1,valley,297.3687744140625
2026-02-04 07:30:00,real_time_price,295.0,valley,295.7495422363281
2026-02-04 07:45:00,real_time_price,302.81,valley,290.7320251464844
2026-02-04 08:00:00,real_time_price,318.05,flat,306.6723327636719
2026-02-04 08:15:00,real_time_price,363.08,flat,333.4259338378906
2026-02-04 08:30:00,real_time_price,420.48,flat,383.18359375
2026-02-04 08:45:00,real_time_price,418.18,flat,400.5453796386719
2026-02-04 09:00:00,real_time_price,400.0,flat,405.5600891113281
2026-02-04 09:15:00,real_time_price,351.24,flat,368.9373779296875
2026-02-04 09:30:00,real_time_price,305.58,flat,356.81036376953125
2026-02-04 09:45:00,real_time_price,358.03,flat,323.2303466796875
2026-02-04 10:00:00,real_time_price,292.0,peak,344.33544921875
2026-02-04 10:15:00,real_time_price,277.45,peak,300.4204406738281
2026-02-04 10:30:00,real_time_price,268.35,peak,269.9006042480469
2026-02-04 10:45:00,real_time_price,304.56,peak,274.34185791015625
2026-02-04 11:00:00,real_time_price,272.98,peak,303.49652099609375
2026-02-04 11:15:00,real_time_price,262.65,peak,274.8652648925781
2026-02-04 11:30:00,real_time_price,267.99,peak,244.69020080566406
2026-02-04 11:45:00,real_time_price,266.66,peak,268.1341857910156
2026-02-04 12:00:00,real_time_price,263.25,flat,239.033203125
2026-02-04 12:15:00,real_time_price,206.25,flat,145.26292419433594
2026-02-04 12:30:00,real_time_price,230.44,flat,238.54953002929688
2026-02-04 12:45:00,real_time_price,252.89,flat,230.5037841796875
2026-02-04 13:00:00,real_time_price,205.48,flat,234.10997009277344
2026-02-04 13:15:00,real_time_price,263.3,flat,220.0432891845703
2026-02-04 13:30:00,real_time_price,244.0,flat,272.5386047363281
2026-02-04 13:45:00,real_time_price,252.95,flat,266.9625549316406
2026-02-04 14:00:00,real_time_price,259.44,peak,275.7167053222656
2026-02-04 14:15:00,real_time_price,263.45,peak,214.388427734375
2026-02-04 14:30:00,real_time_price,236.53,peak,223.5677032470703
2026-02-04 14:45:00,real_time_price,236.64,peak,236.51553344726562
2026-02-04 15:00:00,real_time_price,214.87,peak,233.59417724609375
2026-02-04 15:15:00,real_time_price,225.51,peak,188.82716369628906
2026-02-04 15:30:00,real_time_price,220.1,peak,246.00230407714844
2026-02-04 15:45:00,real_time_price,246.53,peak,332.8141784667969
2026-02-04 16:00:00,real_time_price,240.0,peak,248.42669677734375
2026-02-04 16:15:00,real_time_price,259.48,peak,254.81887817382812
2026-02-04 16:30:00,real_time_price,264.45,peak,260.2741394042969
2026-02-04 16:45:00,real_time_price,287.56,peak,275.40228271484375
2026-02-04 17:00:00,real_time_price,290.18,peak,287.2697448730469
2026-02-04 17:15:00,real_time_price,297.95,peak,297.82733154296875
2026-02-04 17:30:00,real_time_price,295.0,peak,317.8687744140625
2026-02-04 17:45:00,real_time_price,285.0,peak,290.45477294921875
2026-02-04 18:00:00,real_time_price,320.0,peak,287.5164489746094
2026-02-04 18:15:00,real_time_price,294.1,peak,302.5481872558594
2026-02-04 18:30:00,real_time_price,298.29,peak,314.5621032714844
2026-02-04 18:45:00,real_time_price,338.88,peak,320.7894592285156
2026-02-04 19:00:00,real_time_price,326.62,flat,329.3141174316406
2026-02-04 19:15:00,real_time_price,310.0,flat,341.7786560058594
2026-02-04 19:30:00,real_time_price,303.35,flat,348.1060791015625
2026-02-04 19:45:00,real_time_price,315.0,flat,310.32275390625
2026-02-04 20:00:00,real_time_price,320.0,flat,313.5535583496094
2026-02-04 20:15:00,real_time_price,292.2,flat,313.9700012207031
2026-02-04 20:30:00,real_time_price,295.1,flat,306.857421875
2026-02-04 20:45:00,real_time_price,302.5,flat,301.6878356933594
2026-02-04 21:00:00,real_time_price,319.0,flat,300.3829650878906
2026-02-04 21:15:00,real_time_price,300.0,flat,313.0445251464844
2026-02-04 21:30:00,real_time_price,320.01,flat,305.9998779296875
2026-02-04 21:45:00,real_time_price,302.49,flat,315.574951171875
2026-02-04 22:00:00,real_time_price,309.7,flat,304.7820739746094
2026-02-04 22:15:00,real_time_price,326.0,flat,306.74237060546875
2026-02-04 22:30:00,real_time_price,300.0,flat,317.32550048828125
2026-02-04 22:45:00,real_time_price,338.1,flat,296.02239990234375
2026-02-04 23:00:00,real_time_price,320.0,flat,306.9300537109375
2026-02-04 23:15:00,real_time_price,341.0,flat,312.7146911621094
2026-02-04 23:30:00,real_time_price,306.93,flat,313.24786376953125
2026-02-04 23:45:00,real_time_price,295.6,flat,303.041015625
2026-02-05 00:00:00,real_time_price,277.7,valley,287.6065673828125
2026-02-05 00:15:00,real_time_price,277.7,valley,281.05999755859375
2026-02-05 00:30:00,real_time_price,323.29,valley,359.92706298828125
2026-02-05 00:45:00,real_time_price,310.0,valley,331.9587097167969
2026-02-05 01:00:00,real_time_price,310.0,valley,307.0528869628906
2026-02-05 01:15:00,real_time_price,310.0,valley,303.4102478027344
2026-02-05 01:30:00,real_time_price,283.0,valley,306.0792236328125
2026-02-05 01:45:00,real_time_price,276.1,valley,287.7425231933594
2026-02-05 02:00:00,real_time_price,276.1,valley,277.3156433105469
2026-02-05 02:15:00,real_time_price,278.1,valley,274.9434814453125
2026-02-05 02:30:00,real_time_price,283.0,valley,277.3492736816406
2026-02-05 02:45:00,real_time_price,279.0,valley,276.3427734375
2026-02-05 03:00:00,real_time_price,275.0,valley,277.78582763671875
2026-02-05 03:15:00,real_time_price,275.0,valley,271.2591247558594
2026-02-05 03:30:00,real_time_price,275.0,valley,270.687255859375
2026-02-05 03:45:00,real_time_price,275.0,valley,267.0626220703125
2026-02-05 04:00:00,real_time_price,275.0,valley,267.88525390625
2026-02-05 04:15:00,real_time_price,270.68,valley,269.0391540527344
2026-02-05 04:30:00,real_time_price,270.4,valley,268.1024169921875
2026-02-05 04:45:00,real_time_price,270.0,valley,267.4445495605469
2026-02-05 05:00:00,real_time_price,270.4,valley,268.52301025390625
2026-02-05 05:15:00,real_time_price,268.2,valley,269.8282470703125
2026-02-05 05:30:00,real_time_price,272.6,valley,268.0125427246094
2026-02-05 05:45:00,real_time_price,268.4,valley,273.7644348144531
2026-02-05 06:00:00,real_time_price,270.0,valley,270.8658447265625
2026-02-05 06:15:00,real_time_price,270.4,valley,272.97283935546875
2026-02-05 06:30:00,real_time_price,270.0,valley,280.3828125
2026-02-05 06:45:00,real_time_price,275.0,valley,275.4884033203125
2026-02-05 07:00:00,real_time_price,275.0,valley,279.56072998046875
2026-02-05 07:15:00,real_time_price,275.0,valley,268.5401306152344
2026-02-05 07:30:00,real_time_price,275.0,valley,270.8394470214844
2026-02-05 07:45:00,real_time_price,285.0,valley,274.80303955078125
2026-02-05 08:00:00,real_time_price,296.45,flat,293.7467041015625
2026-02-05 08:15:00,real_time_price,310.0,flat,310.89898681640625
2026-02-05 08:30:00,real_time_price,340.69,flat,324.9370422363281
2026-02-05 08:45:00,real_time_price,300.12,flat,336.37274169921875
2026-02-05 09:00:00,real_time_price,325.0,flat,312.3814392089844
2026-02-05 09:15:00,real_time_price,300.0,flat,321.2778625488281
2026-02-05 09:30:00,real_time_price,302.0,flat,311.0790710449219
2026-02-05 09:45:00,real_time_price,305.8,flat,301.7317810058594
2026-02-05 10:00:00,real_time_price,275.0,peak,289.9518127441406
2026-02-05 10:15:00,real_time_price,274.0,peak,278.6916809082031
2026-02-05 10:30:00,real_time_price,265.1,peak,269.0328674316406
2026-02-05 10:45:00,real_time_price,260.1,peak,268.40679931640625
2026-02-05 11:00:00,real_time_price,260.0,peak,262.0559387207031
2026-02-05 11:15:00,real_time_price,256.24,peak,248.65403747558594
2026-02-05 11:30:00,real_time_price,255.0,peak,252.50247192382812
2026-02-05 11:45:00,real_time_price,238.74,peak,241.6265106201172
2026-02-05 12:00:00,real_time_price,245.3,flat,225.64590454101562
2026-02-05 12:15:00,real_time_price,105.18,flat,146.364501953125
2026-02-05 12:30:00,real_time_price,200.0,flat,193.8939666748047
2026-02-05 12:45:00,real_time_price,177.08,flat,166.81964111328125
2026-02-05 13:00:00,real_time_price,120.0,flat,141.7972869873047
2026-02-05 13:15:00,real_time_price,241.07,flat,161.20672607421875
2026-02-05 13:30:00,real_time_price,235.98,flat,203.2991943359375
2026-02-05 13:45:00,real_time_price,241.43,flat,241.60952758789062
2026-02-05 14:00:00,real_time_price,257.82,peak,272.51287841796875
2026-02-05 14:15:00,real_time_price,265.33,peak,234.00048828125
2026-02-05 14:30:00,real_time_price,249.39,peak,252.9085235595703
2026-02-05 14:45:00,real_time_price,223.84,peak,266.025634765625
2026-02-05 15:00:00,real_time_price,234.81,peak,246.64114379882812
2026-02-05 15:15:00,real_time_price,245.3,peak,245.84352111816406
2026-02-05 15:30:00,real_time_price,248.12,peak,246.23536682128906
2026-02-05 15:45:00,real_time_price,250.2,peak,266.1270751953125
2026-02-05 16:00:00,real_time_price,255.0,peak,258.8956298828125
2026-02-05 16:15:00,real_time_price,262.82,peak,268.2195129394531
2026-02-05 16:30:00,real_time_price,270.0,peak,271.4474182128906
2026-02-05 16:45:00,real_time_price,274.3,peak,280.3287658691406
2026-02-05 17:00:00,real_time_price,275.0,peak,285.673828125
2026-02-05 17:15:00,real_time_price,288.0,peak,286.7947692871094
2026-02-05 17:30:00,real_time_price,311.14,peak,295.040771484375
2026-02-05 17:45:00,real_time_price,291.0,peak,293.3307189941406
2026-02-05 18:00:00,real_time_price,310.0,peak,290.4222106933594
2026-02-05 18:15:00,real_time_price,318.28,peak,296.3554992675781
2026-02-05 18:30:00,real_time_price,326.73,peak,327.1932373046875
2026-02-05 18:45:00,real_time_price,290.0,peak,330.811767578125
2026-02-05 19:00:00,real_time_price,315.0,flat,314.08245849609375
2026-02-05 19:15:00,real_time_price,309.98,flat,314.6838073730469
2026-02-05 19:30:00,real_time_price,320.13,flat,336.25140380859375
2026-02-05 19:45:00,real_time_price,329.0,flat,326.0597229003906
2026-02-05 20:00:00,real_time_price,366.44,flat,321.3228759765625
2026-02-05 20:15:00,real_time_price,300.0,flat,344.9067077636719
2026-02-05 20:30:00,real_time_price,309.5,flat,329.7644348144531
2026-02-05 20:45:00,real_time_price,310.0,flat,313.22259521484375
2026-02-05 21:00:00,real_time_price,341.0,flat,315.6463928222656
2026-02-05 21:15:00,real_time_price,320.0,flat,322.65380859375
2026-02-05 21:30:00,real_time_price,320.08,flat,335.64495849609375
2026-02-05 21:45:00,real_time_price,343.51,flat,318.4815673828125
2026-02-05 22:00:00,real_time_price,300.0,flat,323.0661926269531
2026-02-05 22:15:00,real_time_price,350.32,flat,305.55413818359375
2026-02-05 22:30:00,real_time_price,339.0,flat,316.74884033203125
2026-02-05 22:45:00,real_time_price,344.67,flat,327.3128356933594
2026-02-05 23:00:00,real_time_price,333.0,flat,324.2276306152344
2026-02-05 23:15:00,real_time_price,325.12,flat,320.9584655761719
2026-02-05 23:30:00,real_time_price,312.92,flat,317.5354919433594
2026-02-05 23:45:00,real_time_price,290.0,flat,310.13037109375
2026-02-06 00:00:00,real_time_price,290.0,valley,286.0729675292969
2026-02-06 00:15:00,real_time_price,280.0,valley,282.7108459472656
2026-02-06 00:30:00,real_time_price,300.0,valley,378.6786804199219
2026-02-06 00:45:00,real_time_price,320.7,valley,320.4117431640625
2026-02-06 01:00:00,real_time_price,320.0,valley,312.0070495605469
2026-02-06 01:15:00,real_time_price,302.8,valley,313.4588928222656
2026-02-06 01:30:00,real_time_price,310.0,valley,301.0477600097656
2026-02-06 01:45:00,real_time_price,291.79,valley,301.1847839355469
2026-02-06 02:00:00,real_time_price,284.0,valley,288.1155090332031
2026-02-06 02:15:00,real_time_price,280.0,valley,284.2099914550781
2026-02-06 02:30:00,real_time_price,280.0,valley,282.0044860839844
2026-02-06 02:45:00,real_time_price,278.81,valley,278.27618408203125
2026-02-06 03:00:00,real_time_price,278.4,valley,275.6815490722656
2026-02-06 03:15:00,real_time_price,278.4,valley,275.8146057128906
2026-02-06 03:30:00,real_time_price,276.1,valley,275.6269226074219
2026-02-06 03:45:00,real_time_price,277.2,valley,271.5655517578125
2026-02-06 04:00:00,real_time_price,275.3,valley,274.7319641113281
2026-02-06 04:15:00,real_time_price,277.0,valley,269.738525390625
2026-02-06 04:30:00,real_time_price,275.3,valley,269.713134765625
2026-02-06 04:45:00,real_time_price,276.1,valley,268.1772766113281
2026-02-06 05:00:00,real_time_price,275.0,valley,269.2794189453125
2026-02-06 05:15:00,real_time_price,275.2,valley,270.49212646484375
2026-02-06 05:30:00,real_time_price,275.0,valley,273.3446350097656
2026-02-06 05:45:00,real_time_price,276.0,valley,274.9244079589844
2026-02-06 06:00:00,real_time_price,279.0,valley,276.2825012207031
2026-02-06 06:15:00,real_time_price,279.0,valley,279.7491455078125
2026-02-06 06:30:00,real_time_price,278.0,valley,287.1044616699219
2026-02-06 06:45:00,real_time_price,282.0,valley,285.25787353515625
2026-02-06 07:00:00,real_time_price,284.0,valley,285.5043640136719
2026-02-06 07:15:00,real_time_price,285.0,valley,281.78271484375
2026-02-06 07:30:00,real_time_price,300.0,valley,285.7686462402344
2026-02-06 07:45:00,real_time_price,300.0,valley,292.2177734375
2026-02-06 08:00:00,real_time_price,310.0,flat,303.4040222167969
2026-02-06 08:15:00,real_time_price,313.8,flat,320.3755187988281
2026-02-06 08:30:00,real_time_price,287.0,flat,337.31561279296875
2026-02-06 08:45:00,real_time_price,313.8,flat,296.5725402832031
2026-02-06 09:00:00,real_time_price,300.0,flat,313.0066833496094
2026-02-06 09:15:00,real_time_price,285.0,flat,296.63470458984375
2026-02-06 09:30:00,real_time_price,300.0,flat,287.2623291015625
2026-02-06 09:45:00,real_time_price,277.0,flat,288.2247009277344
2026-02-06 10:00:00,real_time_price,275.0,peak,276.2162780761719
2026-02-06 10:15:00,real_time_price,270.0,peak,259.0601501464844
2026-02-06 10:30:00,real_time_price,212.0,peak,259.5717468261719
2026-02-06 10:45:00,real_time_price,260.0,peak,250.95797729492188
2026-02-06 11:00:00,real_time_price,210.0,peak,253.4983367919922
2026-02-06 11:15:00,real_time_price,43.25,peak,252.7662353515625
2026-02-06 11:30:00,real_time_price,190.94,peak,196.93516540527344
2026-02-06 11:45:00,real_time_price,198.46,peak,169.6377716064453
2026-02-06 12:00:00,real_time_price,53.37,flat,204.32154846191406
2026-02-06 12:15:00,real_time_price,-34.14,flat,51.50025177001953
2026-02-06 12:30:00,real_time_price,67.12,flat,98.09577941894531
2026-02-06 12:45:00,real_time_price,0.72,flat,46.081233978271484
2026-02-06 13:00:00,real_time_price,17.9,flat,65.354736328125
2026-02-06 13:15:00,real_time_price,-35.59,flat,45.23774719238281
2026-02-06 13:30:00,real_time_price,-41.32,flat,29.587867736816406
2026-02-06 13:45:00,real_time_price,209.37,flat,28.013219833374023
2026-02-06 14:00:00,real_time_price,204.12,peak,174.00540161132812
2026-02-06 14:15:00,real_time_price,-36.83,peak,140.73138427734375
2026-02-06 14:30:00,real_time_price,-35.69,peak,66.26444244384766
2026-02-06 14:45:00,real_time_price,-43.92,peak,39.80735778808594
2026-02-06 15:00:00,real_time_price,10.5,peak,64.3631820678711
2026-02-06 15:15:00,real_time_price,49.23,peak,45.06209945678711
2026-02-06 15:30:00,real_time_price,49.12,peak,81.40283203125
2026-02-06 15:45:00,real_time_price,221.05,peak,80.36771392822266
2026-02-06 16:00:00,real_time_price,251.69,peak,230.87107849121094
2026-02-06 16:15:00,real_time_price,255.0,peak,288.4177551269531
2026-02-06 16:30:00,real_time_price,281.37,peak,278.2433776855469
2026-02-06 16:45:00,real_time_price,281.68,peak,293.92041015625
2026-02-06 17:00:00,real_time_price,279.6,peak,295.895263671875
2026-02-06 17:15:00,real_time_price,280.0,peak,299.341064453125
2026-02-06 17:30:00,real_time_price,300.0,peak,329.7826232910156
2026-02-06 17:45:00,real_time_price,310.0,peak,305.652587890625
2026-02-06 18:00:00,real_time_price,358.82,peak,328.584228515625
2026-02-06 18:15:00,real_time_price,358.0,peak,339.0557556152344
2026-02-06 18:30:00,real_time_price,350.0,peak,365.4736022949219
2026-02-06 18:45:00,real_time_price,352.49,peak,354.47076416015625
2026-02-06 19:00:00,real_time_price,400.18,flat,344.25665283203125
2026-02-06 19:15:00,real_time_price,309.2,flat,349.177490234375
2026-02-06 19:30:00,real_time_price,316.93,flat,364.465087890625
2026-02-06 19:45:00,real_time_price,319.8,flat,326.61541748046875
2026-02-06 20:00:00,real_time_price,312.5,flat,323.757568359375
2026-02-06 20:15:00,real_time_price,285.3,flat,313.6928405761719
2026-02-06 20:30:00,real_time_price,310.0,flat,312.40423583984375
2026-02-06 20:45:00,real_time_price,310.0,flat,320.89404296875
2026-02-06 21:00:00,real_time_price,285.17,flat,318.7103271484375
2026-02-06 21:15:00,real_time_price,296.22,flat,293.93231201171875
2026-02-06 21:30:00,real_time_price,300.0,flat,298.32110595703125
2026-02-06 21:45:00,real_time_price,302.0,flat,296.4999694824219
2026-02-06 22:00:00,real_time_price,295.0,flat,297.53759765625
2026-02-06 22:15:00,real_time_price,295.0,flat,294.0960388183594
2026-02-06 22:30:00,real_time_price,290.0,flat,290.5870666503906
2026-02-06 22:45:00,real_time_price,278.0,flat,286.25726318359375
2026-02-06 23:00:00,real_time_price,290.0,flat,285.8229675292969
2026-02-06 23:15:00,real_time_price,277.0,flat,284.7569580078125
2026-02-06 23:30:00,real_time_price,280.3,flat,280.8226013183594
2026-02-06 23:45:00,real_time_price,277.0,flat,277.1626892089844
2026-02-07 00:00:00,real_time_price,275.0,valley,291.2073669433594
2026-02-07 00:15:00,real_time_price,270.02,valley,285.6751403808594
2026-02-07 00:30:00,real_time_price,320.01,valley,342.7317199707031
2026-02-07 00:45:00,real_time_price,279.86,valley,328.0798034667969
2026-02-07 01:00:00,real_time_price,280.3,valley,279.3233642578125
2026-02-07 01:15:00,real_time_price,285.18,valley,282.52996826171875
2026-02-07 01:30:00,real_time_price,279.75,valley,281.98883056640625
2026-02-07 01:45:00,real_time_price,272.13,valley,283.6343688964844
2026-02-07 02:00:00,real_time_price,272.0,valley,275.4316711425781
2026-02-07 02:15:00,real_time_price,263.32,valley,275.1953430175781
2026-02-07 02:30:00,real_time_price,270.0,valley,269.7284851074219
2026-02-07 02:45:00,real_time_price,265.19,valley,269.50726318359375
2026-02-07 03:00:00,real_time_price,265.05,valley,266.6654052734375
2026-02-07 03:15:00,real_time_price,254.09,valley,266.60791015625
2026-02-07 03:30:00,real_time_price,262.89,valley,257.51397705078125
2026-02-07 03:45:00,real_time_price,255.39,valley,259.74627685546875
2026-02-07 04:00:00,real_time_price,260.15,valley,257.7351989746094
2026-02-07 04:15:00,real_time_price,257.95,valley,257.63104248046875
2026-02-07 04:30:00,real_time_price,249.93,valley,256.5296936035156
2026-02-07 04:45:00,real_time_price,249.93,valley,250.88853454589844
2026-02-07 05:00:00,real_time_price,239.93,valley,250.2751922607422
2026-02-07 05:15:00,real_time_price,204.63,valley,242.04275512695312
2026-02-07 05:30:00,real_time_price,240.34,valley,238.8993682861328
2026-02-07 05:45:00,real_time_price,219.8,valley,229.3517303466797
2026-02-07 06:00:00,real_time_price,240.17,valley,239.2204132080078
2026-02-07 06:15:00,real_time_price,240.16,valley,222.78860473632812
2026-02-07 06:30:00,real_time_price,249.89,valley,238.97305297851562
2026-02-07 06:45:00,real_time_price,247.88,valley,250.10137939453125
2026-02-07 07:00:00,real_time_price,255.01,valley,252.3658905029297
2026-02-07 07:15:00,real_time_price,254.12,valley,250.75904846191406
2026-02-07 07:30:00,real_time_price,257.59,valley,251.89321899414062
2026-02-07 07:45:00,real_time_price,266.0,valley,253.56727600097656
2026-02-07 08:00:00,real_time_price,264.34,flat,250.59828186035156
2026-02-07 08:15:00,real_time_price,270.0,flat,258.8429870605469
2026-02-07 08:30:00,real_time_price,271.46,flat,263.1825866699219
2026-02-07 08:45:00,real_time_price,-50.0,flat,263.6287536621094
2026-02-07 09:00:00,real_time_price,265.0,flat,127.36936950683594
2026-02-07 09:15:00,real_time_price,255.52,flat,249.5438995361328
2026-02-07 09:30:00,real_time_price,264.31,flat,223.19729614257812
2026-02-07 09:45:00,real_time_price,257.67,flat,219.1340789794922
2026-02-07 10:00:00,real_time_price,43.25,peak,253.71022033691406
2026-02-07 10:15:00,real_time_price,43.25,peak,188.13233947753906
2026-02-07 10:30:00,real_time_price,43.25,peak,88.69999694824219
2026-02-07 10:45:00,real_time_price,195.0,peak,76.2162094116211
2026-02-07 11:00:00,real_time_price,-10.0,peak,126.0704116821289
2026-02-07 11:15:00,real_time_price,-50.0,peak,105.06581115722656
2026-02-07 11:30:00,real_time_price,-50.0,peak,47.65483474731445
2026-02-07 11:45:00,real_time_price,71.45,peak,41.25718307495117
2026-02-07 12:00:00,real_time_price,-50.0,flat,21.012109756469727
2026-02-07 12:15:00,real_time_price,-50.0,flat,-38.939292907714844
2026-02-07 12:30:00,real_time_price,-50.0,flat,-32.2881965637207
2026-02-07 12:45:00,real_time_price,-50.0,flat,-37.91844177246094
2026-02-07 13:00:00,real_time_price,-50.0,flat,-45.39217758178711
2026-02-07 13:15:00,real_time_price,-15.67,flat,-31.21302604675293
2026-02-07 13:30:00,real_time_price,-50.0,flat,0.18476654589176178
2026-02-07 13:45:00,real_time_price,-50.0,flat,9.282041549682617
2026-02-07 14:00:00,real_time_price,-50.0,peak,1.956156849861145
2026-02-07 14:15:00,real_time_price,-50.0,peak,9.92255687713623
2026-02-07 14:30:00,real_time_price,-50.0,peak,-6.970333576202393
2026-02-07 14:45:00,real_time_price,-50.0,peak,-0.10420713573694229
2026-02-07 15:00:00,real_time_price,-50.0,peak,-2.568629026412964
2026-02-07 15:15:00,real_time_price,-50.0,peak,-0.9368162155151367
2026-02-07 15:30:00,real_time_price,-50.0,peak,20.18744659423828
2026-02-07 15:45:00,real_time_price,-50.0,peak,24.396087646484375
2026-02-07 16:00:00,real_time_price,-50.0,peak,45.39091491699219
2026-02-07 16:15:00,real_time_price,-50.0,peak,27.939489364624023
2026-02-07 16:30:00,real_time_price,205.2,peak,47.46855926513672
2026-02-07 16:45:00,real_time_price,243.0,peak,216.70164489746094
2026-02-07 17:00:00,real_time_price,252.0,peak,254.29893493652344
2026-02-07 17:15:00,real_time_price,255.2,peak,270.02264404296875
2026-02-07 17:30:00,real_time_price,265.1,peak,261.1929931640625
2026-02-07 17:45:00,real_time_price,242.2,peak,271.68060302734375
2026-02-07 18:00:00,real_time_price,279.28,peak,273.2294616699219
2026-02-07 18:15:00,real_time_price,300.0,peak,283.47918701171875
2026-02-07 18:30:00,real_time_price,314.84,peak,313.1792907714844
2026-02-07 18:45:00,real_time_price,316.0,peak,361.3279113769531
2026-02-07 19:00:00,real_time_price,302.1,flat,304.1515197753906
2026-02-07 19:15:00,real_time_price,270.0,flat,300.8846435546875
2026-02-07 19:30:00,real_time_price,270.0,flat,287.7810974121094
2026-02-07 19:45:00,real_time_price,280.0,flat,281.7918701171875
2026-02-07 20:00:00,real_time_price,293.1,flat,277.660400390625
2026-02-07 20:15:00,real_time_price,280.31,flat,285.0968017578125
2026-02-07 20:30:00,real_time_price,279.0,flat,290.398681640625
2026-02-07 20:45:00,real_time_price,280.2,flat,290.4010925292969
2026-02-07 21:00:00,real_time_price,270.1,flat,279.6178283691406
2026-02-07 21:15:00,real_time_price,281.24,flat,271.9587707519531
2026-02-07 21:30:00,real_time_price,283.0,flat,283.5604248046875
2026-02-07 21:45:00,real_time_price,285.33,flat,284.1795349121094
2026-02-07 22:00:00,real_time_price,275.3,flat,280.7076110839844
2026-02-07 22:15:00,real_time_price,280.0,flat,278.7200012207031
2026-02-07 22:30:00,real_time_price,44.48,flat,272.18133544921875
2026-02-07 22:45:00,real_time_price,265.1,flat,200.48236083984375
2026-02-07 23:00:00,real_time_price,265.3,flat,248.7478790283203
2026-02-07 23:15:00,real_time_price,230.24,flat,237.95668029785156
2026-02-07 23:30:00,real_time_price,259.0,flat,231.4584197998047
2026-02-07 23:45:00,real_time_price,240.0,flat,247.93243408203125
2026-02-08 00:00:00,real_time_price,255.5,valley,243.5524139404297
2026-02-08 00:15:00,real_time_price,-0.53,valley,250.5196533203125
2026-02-08 00:30:00,real_time_price,-49.38,valley,205.86973571777344
2026-02-08 00:45:00,real_time_price,205.0,valley,82.2109375
2026-02-08 01:00:00,real_time_price,0.0,valley,147.10011291503906
2026-02-08 01:15:00,real_time_price,54.46,valley,-37.471458435058594
2026-02-08 01:30:00,real_time_price,-50.0,valley,22.973440170288086
2026-02-08 01:45:00,real_time_price,0.0,valley,38.17155456542969
2026-02-08 02:00:00,real_time_price,-50.0,valley,2.0599987506866455
2026-02-08 02:15:00,real_time_price,0.0,valley,84.0576171875
2026-02-08 02:30:00,real_time_price,-50.0,valley,7.773277759552002
2026-02-08 02:45:00,real_time_price,-40.0,valley,92.81071472167969
2026-02-08 03:00:00,real_time_price,-50.0,valley,-9.273530006408691
2026-02-08 03:15:00,real_time_price,-50.0,valley,-8.111529350280762
2026-02-08 03:30:00,real_time_price,-50.0,valley,35.00275421142578
2026-02-08 03:45:00,real_time_price,-50.0,valley,-14.908027648925781
2026-02-08 04:00:00,real_time_price,-50.0,valley,21.062490463256836
2026-02-08 04:15:00,real_time_price,-50.0,valley,-19.553133010864258
2026-02-08 04:30:00,real_time_price,0.0,valley,-21.445615768432617
2026-02-08 04:45:00,real_time_price,-40.0,valley,-9.665257453918457
2026-02-08 05:00:00,real_time_price,-50.0,valley,-10.739208221435547
2026-02-08 05:15:00,real_time_price,-50.0,valley,-25.403629302978516
2026-02-08 05:30:00,real_time_price,-50.0,valley,-12.25044059753418
2026-02-08 05:45:00,real_time_price,-50.0,valley,-3.3845326900482178
2026-02-08 06:00:00,real_time_price,-50.0,valley,-9.51388168334961
2026-02-08 06:15:00,real_time_price,-50.0,valley,-4.9376373291015625
2026-02-08 06:30:00,real_time_price,-50.0,valley,14.682238578796387
2026-02-08 06:45:00,real_time_price,-50.0,valley,25.369279861450195
2026-02-08 07:00:00,real_time_price,43.25,valley,89.84453582763672
2026-02-08 07:15:00,real_time_price,-50.0,valley,105.3875503540039
2026-02-08 07:30:00,real_time_price,-50.0,valley,90.27384948730469
2026-02-08 07:45:00,real_time_price,46.67,valley,156.8849639892578
2026-02-08 08:00:00,real_time_price,-50.0,flat,16.044422149658203
2026-02-08 08:15:00,real_time_price,0.0,flat,57.66252899169922
2026-02-08 08:30:00,real_time_price,48.97,flat,75.03202819824219
2026-02-08 08:45:00,real_time_price,49.68,flat,67.4900131225586
2026-02-08 09:00:00,real_time_price,212.13,flat,11.795910835266113
2026-02-08 09:15:00,real_time_price,242.8,flat,148.59130859375
2026-02-08 09:30:00,real_time_price,243.83,flat,185.35675048828125
2026-02-08 09:45:00,real_time_price,229.21,flat,208.08226013183594
2026-02-08 10:00:00,real_time_price,43.54,peak,224.42333984375
2026-02-08 10:15:00,real_time_price,0.16,peak,180.13919067382812
2026-02-08 10:30:00,real_time_price,-50.0,peak,72.04341125488281
2026-02-08 10:45:00,real_time_price,43.54,peak,27.19382667541504
2026-02-08 11:00:00,real_time_price,44.33,peak,65.20819091796875
2026-02-08 11:15:00,real_time_price,0.59,peak,38.36742401123047
2026-02-08 11:30:00,real_time_price,-42.5,peak,53.713619232177734
2026-02-08 11:45:00,real_time_price,1.92,peak,49.99827575683594
2026-02-08 12:00:00,real_time_price,-48.74,flat,3.3723983764648438
2026-02-08 12:15:00,real_time_price,-50.0,flat,-51.787410736083984
2026-02-08 12:30:00,real_time_price,1.05,flat,-28.036630630493164
2026-02-08 12:45:00,real_time_price,-38.79,flat,25.930110931396484
2026-02-08 13:00:00,real_time_price,-49.14,flat,-26.62565040588379
2026-02-08 13:15:00,real_time_price,-47.17,flat,-37.295982360839844
2026-02-08 13:30:00,real_time_price,-47.17,flat,0.4649556577205658
2026-02-08 13:45:00,real_time_price,-48.79,flat,-1.2781898975372314
2026-02-08 14:00:00,real_time_price,-48.04,peak,23.081867218017578
2026-02-08 14:15:00,real_time_price,-50.0,peak,15.154953002929688
2026-02-08 14:30:00,real_time_price,-50.0,peak,-11.38921070098877
2026-02-08 14:45:00,real_time_price,-50.0,peak,1.9711145162582397
2026-02-08 15:00:00,real_time_price,-50.0,peak,15.540141105651855
2026-02-08 15:15:00,real_time_price,-50.0,peak,10.020248413085938
2026-02-08 15:30:00,real_time_price,-50.0,peak,15.928542137145996
2026-02-08 15:45:00,real_time_price,-50.0,peak,19.93735122680664
2026-02-08 16:00:00,real_time_price,-50.0,peak,46.51987838745117
2026-02-08 16:15:00,real_time_price,-50.0,peak,39.70354080200195
2026-02-08 16:30:00,real_time_price,-50.0,peak,31.981426239013672
2026-02-08 16:45:00,real_time_price,0.0,peak,27.857845306396484
2026-02-08 17:00:00,real_time_price,70.43,peak,70.3902359008789
2026-02-08 17:15:00,real_time_price,-0.02,peak,125.26750183105469
2026-02-08 17:30:00,real_time_price,-2.11,peak,27.327341079711914
2026-02-08 17:45:00,real_time_price,-1.17,peak,45.401798248291016
2026-02-08 18:00:00,real_time_price,230.87,peak,98.89148712158203
2026-02-08 18:15:00,real_time_price,207.61,peak,232.61302185058594
2026-02-08 18:30:00,real_time_price,117.9,peak,235.87843322753906
2026-02-08 18:45:00,real_time_price,369.78,peak,147.35447692871094
2026-02-08 19:00:00,real_time_price,250.1,flat,339.07843017578125
2026-02-08 19:15:00,real_time_price,238.49,flat,309.63287353515625
2026-02-08 19:30:00,real_time_price,259.8,flat,222.06314086914062
2026-02-08 19:45:00,real_time_price,0.0,flat,246.7046356201172
2026-02-08 20:00:00,real_time_price,250.1,flat,161.47166442871094
2026-02-08 20:15:00,real_time_price,257.0,flat,314.0746154785156
2026-02-08 20:30:00,real_time_price,251.38,flat,212.1266632080078
2026-02-08 20:45:00,real_time_price,255.0,flat,261.2959899902344
2026-02-08 21:00:00,real_time_price,260.0,flat,256.59368896484375
2026-02-08 21:15:00,real_time_price,259.95,flat,272.5462951660156
2026-02-08 21:30:00,real_time_price,260.0,flat,264.38763427734375
2026-02-08 21:45:00,real_time_price,255.0,flat,262.7847595214844
2026-02-08 22:00:00,real_time_price,245.0,flat,253.33421325683594
2026-02-08 22:15:00,real_time_price,244.91,flat,250.31968688964844
2026-02-08 22:30:00,real_time_price,50.0,flat,246.286376953125
2026-02-08 22:45:00,real_time_price,244.9,flat,285.65557861328125
2026-02-08 23:00:00,real_time_price,243.0,flat,214.92120361328125
2026-02-08 23:15:00,real_time_price,105.14,flat,216.9210662841797
2026-02-08 23:30:00,real_time_price,243.2,flat,289.3150634765625
2026-02-08 23:45:00,real_time_price,210.08,flat,237.17666625976562
2026-02-09 00:00:00,real_time_price,105.88,valley,252.4452362060547
2026-02-09 00:15:00,real_time_price,250.2,valley,182.3279571533203
2026-02-09 00:30:00,real_time_price,267.0,valley,244.58531188964844
2026-02-09 00:45:00,real_time_price,248.0,valley,262.879638671875
2026-02-09 01:00:00,real_time_price,250.0,valley,236.73553466796875
2026-02-09 01:15:00,real_time_price,219.95,valley,247.33860778808594
2026-02-09 01:30:00,real_time_price,-50.0,valley,234.32037353515625
2026-02-09 01:45:00,real_time_price,-50.0,valley,112.55062866210938
2026-02-09 02:00:00,real_time_price,-50.0,valley,73.111572265625
2026-02-09 02:15:00,real_time_price,-49.99,valley,92.71070861816406
2026-02-09 02:30:00,real_time_price,-50.0,valley,76.24610900878906
2026-02-09 02:45:00,real_time_price,-50.0,valley,70.6468505859375
2026-02-09 03:00:00,real_time_price,-50.0,valley,58.011417388916016
2026-02-09 03:15:00,real_time_price,-50.0,valley,57.784114837646484
2026-02-09 03:30:00,real_time_price,-50.0,valley,45.718257904052734
2026-02-09 03:45:00,real_time_price,-50.0,valley,41.650001525878906
2026-02-09 04:00:00,real_time_price,-50.0,valley,35.59479522705078
2026-02-09 04:15:00,real_time_price,-50.0,valley,44.94099807739258
2026-02-09 04:30:00,real_time_price,-50.0,valley,59.67485046386719
2026-02-09 04:45:00,real_time_price,-50.0,valley,31.452112197875977
2026-02-09 05:00:00,real_time_price,-50.0,valley,31.03750991821289
2026-02-09 05:15:00,real_time_price,-50.0,valley,42.01374053955078
2026-02-09 05:30:00,real_time_price,-50.0,valley,36.599910736083984
2026-02-09 05:45:00,real_time_price,-50.0,valley,41.53361892700195
2026-02-09 06:00:00,real_time_price,-50.0,valley,53.457733154296875
2026-02-09 06:15:00,real_time_price,-50.0,valley,49.5029296875
2026-02-09 06:30:00,real_time_price,-50.0,valley,64.58694458007812
2026-02-09 06:45:00,real_time_price,-50.0,valley,72.0909652709961
2026-02-09 07:00:00,real_time_price,-50.0,valley,99.33171081542969
2026-02-09 07:15:00,real_time_price,-50.0,valley,74.1519546508789
2026-02-09 07:30:00,real_time_price,187.72,valley,66.4335708618164
2026-02-09 07:45:00,real_time_price,207.09,valley,244.7664031982422
2026-02-09 08:00:00,real_time_price,56.25,flat,213.50257873535156
2026-02-09 08:15:00,real_time_price,213.89,flat,96.88204193115234
2026-02-09 08:30:00,real_time_price,3.4,flat,215.6106414794922
2026-02-09 08:45:00,real_time_price,-41.3,flat,152.71730041503906
2026-02-09 09:00:00,real_time_price,-42.43,flat,-0.7987479567527771
2026-02-09 09:15:00,real_time_price,-46.15,flat,-10.906624794006348
2026-02-09 09:30:00,real_time_price,-45.44,flat,-23.69525909423828
2026-02-09 09:45:00,real_time_price,-45.94,flat,-21.492374420166016
2026-02-09 10:00:00,real_time_price,-44.35,peak,2.176274538040161
2026-02-09 10:15:00,real_time_price,-50.0,peak,0.7002736926078796
2026-02-09 10:30:00,real_time_price,-39.03,peak,11.456686973571777
2026-02-09 10:45:00,real_time_price,-38.67,peak,-2.9052743911743164
2026-02-09 11:00:00,real_time_price,-31.73,peak,3.2497472763061523
2026-02-09 11:15:00,real_time_price,-32.46,peak,40.45565414428711
2026-02-09 11:30:00,real_time_price,18.4,peak,53.94966125488281
2026-02-09 11:45:00,real_time_price,50.32,peak,59.6058349609375
2026-02-09 12:00:00,real_time_price,0.16,flat,29.68164825439453
2026-02-09 12:15:00,real_time_price,-46.97,flat,-7.3089919090271
2026-02-09 12:30:00,real_time_price,213.18,flat,-22.721651077270508
2026-02-09 12:45:00,real_time_price,154.72,flat,191.6055450439453
2026-02-09 13:00:00,real_time_price,142.95,flat,116.4852066040039
2026-02-09 13:15:00,real_time_price,4.5,flat,94.05503845214844
2026-02-09 13:30:00,real_time_price,-43.74,flat,210.4171142578125
2026-02-09 13:45:00,real_time_price,156.82,flat,73.69294738769531
2026-02-09 14:00:00,real_time_price,-46.39,peak,87.8865737915039
2026-02-09 14:15:00,real_time_price,-46.35,peak,77.66806030273438
2026-02-09 14:30:00,real_time_price,-46.4,peak,22.49042510986328
2026-02-09 14:45:00,real_time_price,-47.03,peak,36.87004470825195
2026-02-09 15:00:00,real_time_price,-47.87,peak,36.06222915649414
2026-02-09 15:15:00,real_time_price,-48.03,peak,65.02360534667969
2026-02-09 15:30:00,real_time_price,-4.71,peak,58.759605407714844
2026-02-09 15:45:00,real_time_price,-47.45,peak,110.86367797851562
2026-02-09 16:00:00,real_time_price,-45.83,peak,64.28267669677734
2026-02-09 16:15:00,real_time_price,-45.82,peak,82.60137176513672
2026-02-09 16:30:00,real_time_price,-48.14,peak,50.600135803222656
2026-02-09 16:45:00,real_time_price,1.95,peak,48.677581787109375
2026-02-09 17:00:00,real_time_price,-48.37,peak,91.71194458007812
2026-02-09 17:15:00,real_time_price,1.89,peak,60.5121955871582
2026-02-09 17:30:00,real_time_price,220.52,peak,134.51416015625
2026-02-09 17:45:00,real_time_price,260.58,peak,227.97195434570312
2026-02-09 18:00:00,real_time_price,265.1,peak,263.7295837402344
2026-02-09 18:15:00,real_time_price,265.0,peak,277.6886901855469
2026-02-09 18:30:00,real_time_price,259.95,peak,278.77154541015625
2026-02-09 18:45:00,real_time_price,264.41,peak,267.42694091796875
2026-02-09 19:00:00,real_time_price,267.53,flat,255.91738891601562
2026-02-09 19:15:00,real_time_price,265.52,flat,270.1388244628906
2026-02-09 19:30:00,real_time_price,266.0,flat,269.9794616699219
2026-02-09 19:45:00,real_time_price,281.13,flat,269.83831787109375
2026-02-09 20:00:00,real_time_price,270.15,flat,317.8600769042969
2026-02-09 20:15:00,real_time_price,274.42,flat,292.7724609375
2026-02-09 20:30:00,real_time_price,269.96,flat,322.4794616699219
2026-02-09 20:45:00,real_time_price,270.2,flat,318.70721435546875
2026-02-09 21:00:00,real_time_price,288.69,flat,294.6882019042969
2026-02-09 21:15:00,real_time_price,269.98,flat,308.89593505859375
2026-02-09 21:30:00,real_time_price,270.01,flat,324.4257507324219
2026-02-09 21:45:00,real_time_price,280.44,flat,316.2433166503906
2026-02-09 22:00:00,real_time_price,265.04,flat,328.4281311035156
2026-02-09 22:15:00,real_time_price,255.01,flat,307.9690856933594
2026-02-09 22:30:00,real_time_price,264.01,flat,296.913330078125
2026-02-09 22:45:00,real_time_price,250.01,flat,293.3337707519531
2026-02-09 23:00:00,real_time_price,252.02,flat,281.9837341308594
2026-02-09 23:15:00,real_time_price,255.01,flat,273.35992431640625
2026-02-09 23:30:00,real_time_price,250.02,flat,278.6212158203125
2026-02-09 23:45:00,real_time_price,212.29,flat,278.7583312988281
2026-02-10 00:00:00,real_time_price,64.93,valley,240.8671875
2026-02-10 00:15:00,real_time_price,315.14,valley,242.58926391601562
2026-02-10 00:30:00,real_time_price,334.07,valley,336.7782897949219
2026-02-10 00:45:00,real_time_price,290.0,valley,313.3020935058594
2026-02-10 01:00:00,real_time_price,278.1,valley,288.16693115234375
2026-02-10 01:15:00,real_time_price,280.0,valley,290.325927734375
2026-02-10 01:30:00,real_time_price,270.0,valley,280.2022705078125
2026-02-10 01:45:00,real_time_price,270.0,valley,273.8890075683594
2026-02-10 02:00:00,real_time_price,265.2,valley,263.0263977050781
2026-02-10 02:15:00,real_time_price,265.34,valley,266.37835693359375
2026-02-10 02:30:00,real_time_price,258.0,valley,263.33203125
2026-02-10 02:45:00,real_time_price,260.0,valley,262.1656799316406
2026-02-10 03:00:00,real_time_price,250.0,valley,249.95310974121094
2026-02-10 03:15:00,real_time_price,50.1,valley,251.0447540283203
2026-02-10 03:30:00,real_time_price,0.0,valley,162.63497924804688
2026-02-10 03:45:00,real_time_price,-10.0,valley,42.77312088012695
2026-02-10 04:00:00,real_time_price,-50.0,valley,74.115234375
2026-02-10 04:15:00,real_time_price,-50.0,valley,81.6966552734375
2026-02-10 04:30:00,real_time_price,-50.0,valley,63.23344421386719
2026-02-10 04:45:00,real_time_price,-50.0,valley,46.95859909057617
2026-02-10 05:00:00,real_time_price,-50.0,valley,46.446285247802734
2026-02-10 05:15:00,real_time_price,-50.0,valley,48.502777099609375
2026-02-10 05:30:00,real_time_price,-50.0,valley,26.65831184387207
2026-02-10 05:45:00,real_time_price,-49.47,valley,28.084003448486328
2026-02-10 06:00:00,real_time_price,-49.48,valley,45.55522918701172
2026-02-10 06:15:00,real_time_price,0.0,valley,35.23624801635742
2026-02-10 06:30:00,real_time_price,200.0,valley,44.65665054321289
2026-02-10 06:45:00,real_time_price,200.0,valley,265.3238220214844
2026-02-10 07:00:00,real_time_price,230.0,valley,209.5961151123047
2026-02-10 07:15:00,real_time_price,260.0,valley,198.86358642578125
2026-02-10 07:30:00,real_time_price,260.0,valley,253.05545043945312
2026-02-10 07:45:00,real_time_price,230.2,valley,266.04815673828125
2026-02-10 08:00:00,real_time_price,255.0,flat,223.1591339111328
2026-02-10 08:15:00,real_time_price,270.0,flat,258.05548095703125
2026-02-10 08:30:00,real_time_price,270.0,flat,262.0026550292969
2026-02-10 08:45:00,real_time_price,0.0,flat,252.2401885986328
2026-02-10 09:00:00,real_time_price,270.0,flat,213.3943634033203
2026-02-10 09:15:00,real_time_price,270.0,flat,302.5831604003906
2026-02-10 09:30:00,real_time_price,270.0,flat,255.23207092285156
2026-02-10 09:45:00,real_time_price,270.0,flat,259.9669189453125
2026-02-10 10:00:00,real_time_price,220.22,peak,251.03700256347656
2026-02-10 10:15:00,real_time_price,203.56,peak,202.44642639160156
2026-02-10 10:30:00,real_time_price,100.0,peak,125.75313568115234
2026-02-10 10:45:00,real_time_price,71.15,peak,175.71827697753906
2026-02-10 11:00:00,real_time_price,-38.61,peak,97.39693450927734
2026-02-10 11:15:00,real_time_price,1.25,peak,80.24139404296875
2026-02-10 11:30:00,real_time_price,202.49,peak,38.666229248046875
2026-02-10 11:45:00,real_time_price,257.55,peak,93.27936553955078
2026-02-10 12:00:00,real_time_price,245.92,flat,123.03691864013672
2026-02-10 12:15:00,real_time_price,74.51,flat,115.8084487915039
2026-02-10 12:30:00,real_time_price,255.31,flat,165.17767333984375
2026-02-10 12:45:00,real_time_price,259.82,flat,210.26181030273438
2026-02-10 13:00:00,real_time_price,-1.09,flat,197.52896118164062
2026-02-10 13:15:00,real_time_price,-34.49,flat,85.2990951538086
2026-02-10 13:30:00,real_time_price,0.7,flat,39.4589729309082
2026-02-10 13:45:00,real_time_price,-50.0,flat,99.0538330078125
2026-02-10 14:00:00,real_time_price,5.21,peak,50.668243408203125
2026-02-10 14:15:00,real_time_price,-48.95,peak,30.006738662719727
2026-02-10 14:30:00,real_time_price,-47.14,peak,13.82119083404541
2026-02-10 14:45:00,real_time_price,-50.0,peak,10.095864295959473
2026-02-10 15:00:00,real_time_price,-50.0,peak,32.16211700439453
2026-02-10 15:15:00,real_time_price,-50.0,peak,38.74562454223633
2026-02-10 15:30:00,real_time_price,-50.0,peak,66.50959777832031
2026-02-10 15:45:00,real_time_price,-50.0,peak,67.62615966796875
2026-02-10 16:00:00,real_time_price,-50.0,peak,99.1056900024414
2026-02-10 16:15:00,real_time_price,-50.0,peak,65.64491271972656
2026-02-10 16:30:00,real_time_price,-50.0,peak,91.9253158569336
2026-02-10 16:45:00,real_time_price,0.0,peak,73.6555404663086
2026-02-10 17:00:00,real_time_price,255.0,peak,109.22474670410156
2026-02-10 17:15:00,real_time_price,220.0,peak,253.26565551757812
2026-02-10 17:30:00,real_time_price,268.6,peak,272.57379150390625
2026-02-10 17:45:00,real_time_price,285.0,peak,278.9868469238281
2026-02-10 18:00:00,real_time_price,360.0,peak,302.5331115722656
2026-02-10 18:15:00,real_time_price,300.26,peak,299.97528076171875
2026-02-10 18:30:00,real_time_price,290.06,peak,323.0456237792969
2026-02-10 18:45:00,real_time_price,285.01,peak,354.6857604980469
2026-02-10 19:00:00,real_time_price,300.06,flat,214.76185607910156
2026-02-10 19:15:00,real_time_price,280.0,flat,294.3669128417969
2026-02-10 19:30:00,real_time_price,301.46,flat,309.3352355957031
2026-02-10 19:45:00,real_time_price,299.21,flat,318.4157409667969
2026-02-10 20:00:00,real_time_price,299.72,flat,298.6634521484375
2026-02-10 20:15:00,real_time_price,315.13,flat,288.6629943847656
2026-02-10 20:30:00,real_time_price,299.01,flat,317.9606628417969
2026-02-10 20:45:00,real_time_price,282.0,flat,302.5300598144531
2026-02-10 21:00:00,real_time_price,280.01,flat,291.1080627441406
2026-02-10 21:15:00,real_time_price,299.99,flat,284.042236328125
2026-02-10 21:30:00,real_time_price,319.99,flat,290.6000671386719
2026-02-10 21:45:00,real_time_price,313.19,flat,304.6181945800781
2026-02-10 22:00:00,real_time_price,320.09,flat,308.5688781738281
2026-02-10 22:15:00,real_time_price,280.16,flat,308.1695251464844
2026-02-10 22:30:00,real_time_price,297.49,flat,277.53253173828125
2026-02-10 22:45:00,real_time_price,300.0,flat,281.43212890625
2026-02-10 23:00:00,real_time_price,285.0,flat,278.8394775390625
2026-02-10 23:15:00,real_time_price,300.0,flat,275.34185791015625
2026-02-10 23:30:00,real_time_price,280.3,flat,284.6236267089844
2026-02-10 23:45:00,real_time_price,280.0,flat,279.1187438964844
2026-02-11 00:00:00,real_time_price,270.3,valley,190.74533081054688
2026-02-11 00:15:00,real_time_price,281.0,valley,291.2925109863281
2026-02-11 00:30:00,real_time_price,333.78,valley,343.6020812988281
2026-02-11 00:45:00,real_time_price,270.0,valley,317.0343933105469
2026-02-11 01:00:00,real_time_price,279.98,valley,266.6429138183594
2026-02-11 01:15:00,real_time_price,270.2,valley,273.4321594238281
2026-02-11 01:30:00,real_time_price,249.61,valley,268.00390625
2026-02-11 01:45:00,real_time_price,252.63,valley,256.8309631347656
2026-02-11 02:00:00,real_time_price,250.3,valley,246.7689208984375
2026-02-11 02:15:00,real_time_price,249.75,valley,247.3977813720703
2026-02-11 02:30:00,real_time_price,202.85,valley,243.8453826904297
2026-02-11 02:45:00,real_time_price,0.0,valley,214.4758758544922
2026-02-11 03:00:00,real_time_price,-49.0,valley,107.66876983642578
2026-02-11 03:15:00,real_time_price,0.0,valley,55.265323638916016
2026-02-11 03:30:00,real_time_price,-50.0,valley,49.6352653503418
2026-02-11 03:45:00,real_time_price,-50.0,valley,56.61156463623047
2026-02-11 04:00:00,real_time_price,-50.0,valley,39.37569046020508
2026-02-11 04:15:00,real_time_price,-50.0,valley,60.252716064453125
2026-02-11 04:30:00,real_time_price,-1.51,valley,28.214513778686523
2026-02-11 04:45:00,real_time_price,-50.0,valley,16.32654571533203
2026-02-11 05:00:00,real_time_price,-30.71,valley,-9.477938652038574
2026-02-11 05:15:00,real_time_price,-0.08,valley,5.882200241088867
2026-02-11 05:30:00,real_time_price,-50.0,valley,2.703885078430176
2026-02-11 05:45:00,real_time_price,-50.0,valley,2.5911591053009033
2026-02-11 06:00:00,real_time_price,-0.08,valley,17.349552154541016
2026-02-11 06:15:00,real_time_price,-28.63,valley,10.166349411010742
2026-02-11 06:30:00,real_time_price,43.25,valley,44.70648193359375
2026-02-11 06:45:00,real_time_price,43.25,valley,37.67247772216797
2026-02-11 07:00:00,real_time_price,43.25,valley,44.12663269042969
2026-02-11 07:15:00,real_time_price,47.58,valley,43.24763488769531
2026-02-11 07:30:00,real_time_price,251.51,valley,100.99576568603516
2026-02-11 07:45:00,real_time_price,178.88,valley,282.11810302734375
2026-02-11 08:00:00,real_time_price,230.13,flat,242.4459686279297
2026-02-11 08:15:00,real_time_price,300.0,flat,217.3393096923828
2026-02-11 08:30:00,real_time_price,250.0,flat,280.5126647949219
2026-02-11 08:45:00,real_time_price,-49.65,flat,238.20567321777344
2026-02-11 09:00:00,real_time_price,230.0,flat,93.79639434814453
2026-02-11 09:15:00,real_time_price,255.0,flat,299.1590576171875
2026-02-11 09:30:00,real_time_price,-50.0,flat,222.90850830078125
2026-02-11 09:45:00,real_time_price,-50.0,flat,77.27157592773438
2026-02-11 10:00:00,real_time_price,0.02,peak,29.131103515625
2026-02-11 10:15:00,real_time_price,-50.0,peak,28.272891998291016
2026-02-11 10:30:00,real_time_price,-50.0,peak,14.153450965881348
2026-02-11 10:45:00,real_time_price,-50.0,peak,30.407684326171875
2026-02-11 11:00:00,real_time_price,-50.0,peak,36.93722152709961
2026-02-11 11:15:00,real_time_price,-50.0,peak,69.18108367919922
2026-02-11 11:30:00,real_time_price,-7.0,peak,57.85083770751953
2026-02-11 11:45:00,real_time_price,145.23,peak,83.54317474365234
2026-02-11 12:00:00,real_time_price,-50.0,flat,65.96064758300781
2026-02-11 12:15:00,real_time_price,-50.0,flat,-8.86061954498291
2026-02-11 12:30:00,real_time_price,-48.43,flat,-34.60554885864258
2026-02-11 12:45:00,real_time_price,-50.0,flat,-14.300874710083008
2026-02-11 13:00:00,real_time_price,-49.37,flat,-39.663917541503906
2026-02-11 13:15:00,real_time_price,-50.0,flat,-41.5025634765625
2026-02-11 13:30:00,real_time_price,-50.0,flat,-32.60848617553711
2026-02-11 13:45:00,real_time_price,-50.0,flat,1.7340112924575806
2026-02-11 14:00:00,real_time_price,-49.42,peak,19.6955623626709
2026-02-11 14:15:00,real_time_price,-50.0,peak,20.847713470458984
2026-02-11 14:30:00,real_time_price,-7.0,peak,10.445043563842773
2026-02-11 14:45:00,real_time_price,17.49,peak,30.710819244384766
2026-02-11 15:00:00,real_time_price,-50.0,peak,64.49337005615234
2026-02-11 15:15:00,real_time_price,-49.42,peak,34.822452545166016
2026-02-11 15:30:00,real_time_price,-39.53,peak,42.950462341308594
2026-02-11 15:45:00,real_time_price,-50.0,peak,113.39822387695312
2026-02-11 16:00:00,real_time_price,-50.0,peak,69.4268798828125
2026-02-11 16:15:00,real_time_price,-50.0,peak,66.81160736083984
2026-02-11 16:30:00,real_time_price,-50.0,peak,95.08821868896484
2026-02-11 16:45:00,real_time_price,-50.0,peak,73.60035705566406
2026-02-11 17:00:00,real_time_price,-50.0,peak,104.84806060791016
2026-02-11 17:15:00,real_time_price,94.24,peak,60.49740982055664
2026-02-11 17:30:00,real_time_price,286.7,peak,168.73875427246094
2026-02-11 17:45:00,real_time_price,300.1,peak,237.22918701171875
2026-02-11 18:00:00,real_time_price,314.0,peak,296.7574768066406
2026-02-11 18:15:00,real_time_price,281.01,peak,334.7147216796875
2026-02-11 18:30:00,real_time_price,290.5,peak,329.7422790527344
2026-02-11 18:45:00,real_time_price,325.31,peak,333.08447265625
2026-02-11 19:00:00,real_time_price,300.0,flat,276.9701843261719
2026-02-11 19:15:00,real_time_price,298.34,flat,290.8572082519531
2026-02-11 19:30:00,real_time_price,314.14,flat,287.4196472167969
2026-02-11 19:45:00,real_time_price,290.01,flat,312.96954345703125
2026-02-11 20:00:00,real_time_price,293.19,flat,314.73309326171875
2026-02-11 20:15:00,real_time_price,292.02,flat,302.21295166015625
2026-02-11 20:30:00,real_time_price,292.81,flat,307.7533874511719
2026-02-11 20:45:00,real_time_price,360.02,flat,308.38775634765625
2026-02-11 21:00:00,real_time_price,338.68,flat,356.0794677734375
2026-02-11 21:15:00,real_time_price,315.02,flat,376.44049072265625
2026-02-11 21:30:00,real_time_price,302.67,flat,398.63226318359375
2026-02-11 21:45:00,real_time_price,318.01,flat,337.3274841308594
2026-02-11 22:00:00,real_time_price,320.8,flat,336.1481018066406
2026-02-11 22:15:00,real_time_price,315.09,flat,343.0432434082031
2026-02-11 22:30:00,real_time_price,310.01,flat,358.5002136230469
2026-02-11 22:45:00,real_time_price,290.36,flat,331.9212951660156
2026-02-11 23:00:00,real_time_price,296.01,flat,328.09619140625
2026-02-11 23:15:00,real_time_price,292.01,flat,319.8607482910156
2026-02-11 23:30:00,real_time_price,290.01,flat,314.7610778808594
2026-02-11 23:45:00,real_time_price,280.3,flat,313.57769775390625
2026-02-12 00:00:00,real_time_price,282.0,valley,281.9885559082031
2026-02-12 00:15:00,real_time_price,270.09,valley,281.21868896484375
2026-02-12 00:30:00,real_time_price,315.1,valley,369.0849609375
2026-02-12 00:45:00,real_time_price,219.92,valley,300.8526916503906
2026-02-12 01:00:00,real_time_price,265.3,valley,196.50962829589844
2026-02-12 01:15:00,real_time_price,255.78,valley,245.38153076171875
2026-02-12 01:30:00,real_time_price,255.66,valley,248.18115234375
2026-02-12 01:45:00,real_time_price,260.01,valley,246.81414794921875
2026-02-12 02:00:00,real_time_price,255.16,valley,240.2821044921875
2026-02-12 02:15:00,real_time_price,271.2,valley,247.73182678222656
2026-02-12 02:30:00,real_time_price,245.18,valley,246.0402374267578
2026-02-12 02:45:00,real_time_price,252.04,valley,205.93763732910156
2026-02-12 03:00:00,real_time_price,250.05,valley,204.8107147216797
2026-02-12 03:15:00,real_time_price,266.0,valley,198.3387908935547
2026-02-12 03:30:00,real_time_price,250.0,valley,218.69015502929688
2026-02-12 03:45:00,real_time_price,240.3,valley,194.94732666015625
2026-02-12 04:00:00,real_time_price,280.0,valley,185.3653564453125
2026-02-12 04:15:00,real_time_price,260.0,valley,222.62008666992188
2026-02-12 04:30:00,real_time_price,145.83,valley,216.16021728515625
2026-02-12 04:45:00,real_time_price,215.3,valley,138.14434814453125
2026-02-12 05:00:00,real_time_price,199.99,valley,205.42884826660156
2026-02-12 05:15:00,real_time_price,147.83,valley,131.51856994628906
2026-02-12 05:30:00,real_time_price,145.8,valley,143.4410858154297
2026-02-12 05:45:00,real_time_price,145.8,valley,187.69882202148438
2026-02-12 06:00:00,real_time_price,-49.99,valley,171.50100708007812
2026-02-12 06:15:00,real_time_price,-0.02,valley,12.478297233581543
2026-02-12 06:30:00,real_time_price,106.78,valley,17.15167999267578
2026-02-12 06:45:00,real_time_price,190.0,valley,101.15878295898438
2026-02-12 07:00:00,real_time_price,216.58,valley,145.47984313964844
2026-02-12 07:15:00,real_time_price,255.18,valley,196.06997680664062
2026-02-12 07:30:00,real_time_price,267.05,valley,223.72193908691406
2026-02-12 07:45:00,real_time_price,250.37,valley,249.57472229003906
2026-02-12 08:00:00,real_time_price,200.0,flat,248.218505859375
2026-02-12 08:15:00,real_time_price,250.2,flat,258.7281799316406
2026-02-12 08:30:00,real_time_price,256.39,flat,247.4564666748047
2026-02-12 08:45:00,real_time_price,260.0,flat,201.60975646972656
2026-02-12 09:00:00,real_time_price,-50.0,flat,237.03904724121094
2026-02-12 09:15:00,real_time_price,-50.0,flat,132.50308227539062
2026-02-12 09:30:00,real_time_price,0.0,flat,0.28000104427337646
2026-02-12 09:45:00,real_time_price,160.0,flat,13.367801666259766
2026-02-12 10:00:00,real_time_price,146.68,peak,57.888023376464844
2026-02-12 10:15:00,real_time_price,145.83,peak,87.50209045410156
2026-02-12 10:30:00,real_time_price,-50.0,peak,94.01268768310547
2026-02-12 10:45:00,real_time_price,148.99,peak,38.40855026245117
2026-02-12 11:00:00,real_time_price,0.0,peak,75.54950714111328
2026-02-12 11:15:00,real_time_price,50.0,peak,54.33488082885742
2026-02-12 11:30:00,real_time_price,17.49,peak,58.509620666503906
2026-02-12 11:45:00,real_time_price,148.28,peak,64.28685760498047
2026-02-12 12:00:00,real_time_price,145.83,flat,71.8980484008789
2026-02-12 12:15:00,real_time_price,146.68,flat,32.81832504272461
2026-02-12 12:30:00,real_time_price,151.52,flat,112.6217269897461
2026-02-12 12:45:00,real_time_price,146.68,flat,143.0131378173828
2026-02-12 13:00:00,real_time_price,146.68,flat,108.0592269897461
2026-02-12 13:15:00,real_time_price,163.84,flat,107.52681732177734
2026-02-12 13:30:00,real_time_price,146.68,flat,147.63006591796875
2026-02-12 13:45:00,real_time_price,164.77,flat,171.27549743652344
2026-02-12 14:00:00,real_time_price,164.77,peak,125.8360824584961
2026-02-12 14:15:00,real_time_price,145.83,peak,96.2510986328125
2026-02-12 14:30:00,real_time_price,0.0,peak,108.90113830566406
2026-02-12 14:45:00,real_time_price,0.0,peak,37.68577575683594
2026-02-12 15:00:00,real_time_price,17.49,peak,11.944140434265137
2026-02-12 15:15:00,real_time_price,145.83,peak,18.959793090820312
2026-02-12 15:30:00,real_time_price,145.83,peak,80.24333190917969
2026-02-12 15:45:00,real_time_price,17.49,peak,183.3937225341797
2026-02-12 16:00:00,real_time_price,146.68,peak,181.65863037109375
2026-02-12 16:15:00,real_time_price,145.83,peak,173.6438446044922
2026-02-12 16:30:00,real_time_price,146.68,peak,195.28302001953125
2026-02-12 16:45:00,real_time_price,146.68,peak,221.50518798828125
2026-02-12 17:00:00,real_time_price,145.83,peak,183.29608154296875
2026-02-12 17:15:00,real_time_price,272.95,peak,193.45042419433594
2026-02-12 17:30:00,real_time_price,265.78,peak,276.0484313964844
2026-02-12 17:45:00,real_time_price,270.0,peak,262.94580078125
2026-02-12 18:00:00,real_time_price,280.04,peak,277.9012756347656
2026-02-12 18:15:00,real_time_price,270.25,peak,296.95343017578125
2026-02-12 18:30:00,real_time_price,250.48,peak,287.5245361328125
2026-02-12 18:45:00,real_time_price,280.0,peak,256.1670837402344
2026-02-12 19:00:00,real_time_price,285.0,flat,276.7652587890625
2026-02-12 19:15:00,real_time_price,281.0,flat,283.7161865234375
2026-02-12 19:30:00,real_time_price,294.0,flat,294.6397399902344
2026-02-12 19:45:00,real_time_price,270.0,flat,289.4170837402344
2026-02-12 20:00:00,real_time_price,280.2,flat,258.87603759765625
2026-02-12 20:15:00,real_time_price,289.17,flat,275.35943603515625
2026-02-12 20:30:00,real_time_price,321.0,flat,284.3418884277344
2026-02-12 20:45:00,real_time_price,283.17,flat,307.63055419921875
2026-02-12 21:00:00,real_time_price,308.68,flat,282.06829833984375
2026-02-12 21:15:00,real_time_price,260.01,flat,288.25115966796875
2026-02-12 21:30:00,real_time_price,285.0,flat,259.2245178222656
2026-02-12 21:45:00,real_time_price,291.0,flat,272.0459289550781
2026-02-12 22:00:00,real_time_price,-0.13,flat,277.6988220214844
2026-02-12 22:15:00,real_time_price,285.89,flat,192.09063720703125
2026-02-12 22:30:00,real_time_price,271.0,flat,274.87359619140625
2026-02-12 22:45:00,real_time_price,270.23,flat,222.10743713378906
2026-02-12 23:00:00,real_time_price,269.88,flat,231.2249298095703
2026-02-12 23:15:00,real_time_price,266.0,flat,247.3185272216797
2026-02-12 23:30:00,real_time_price,270.35,flat,243.95376586914062
2026-02-12 23:45:00,real_time_price,281.01,flat,235.9419403076172
2026-02-13 00:00:00,real_time_price,289.94,valley,265.85882568359375
2026-02-13 00:15:00,real_time_price,320.0,valley,275.6825256347656
2026-02-13 00:30:00,real_time_price,627.17,valley,397.5552062988281
2026-02-13 00:45:00,real_time_price,389.01,valley,279.5128173828125
2026-02-13 01:00:00,real_time_price,337.61,valley,303.6371765136719
2026-02-13 01:15:00,real_time_price,283.95,valley,304.572998046875
2026-02-13 01:30:00,real_time_price,284.25,valley,276.0194396972656
2026-02-13 01:45:00,real_time_price,316.95,valley,273.42938232421875
2026-02-13 02:00:00,real_time_price,284.25,valley,292.2894287109375
2026-02-13 02:15:00,real_time_price,308.95,valley,281.6991882324219
2026-02-13 02:30:00,real_time_price,269.05,valley,293.513916015625
2026-02-13 02:45:00,real_time_price,288.87,valley,247.14834594726562
2026-02-13 03:00:00,real_time_price,279.07,valley,269.0457458496094
2026-02-13 03:15:00,real_time_price,318.77,valley,263.1042785644531
2026-02-13 03:30:00,real_time_price,248.77,valley,283.6771240234375
2026-02-13 03:45:00,real_time_price,278.73,valley,231.75387573242188
2026-02-13 04:00:00,real_time_price,278.73,valley,260.1448974609375
2026-02-13 04:15:00,real_time_price,284.03,valley,271.4407653808594
2026-02-13 04:30:00,real_time_price,283.73,valley,257.25115966796875
2026-02-13 04:45:00,real_time_price,280.73,valley,264.31622314453125
2026-02-13 05:00:00,real_time_price,308.73,valley,261.9572448730469
2026-02-13 05:15:00,real_time_price,318.73,valley,278.6993713378906
2026-02-13 05:30:00,real_time_price,277.03,valley,296.5702819824219
2026-02-13 05:45:00,real_time_price,278.93,valley,257.8352355957031
2026-02-13 06:00:00,real_time_price,284.03,valley,290.92578125
2026-02-13 06:15:00,real_time_price,223.73,valley,272.94769287109375
2026-02-13 06:30:00,real_time_price,311.73,valley,227.53746032714844
2026-02-13 06:45:00,real_time_price,298.73,valley,283.36395263671875
2026-02-13 07:00:00,real_time_price,318.73,valley,281.1471862792969
2026-02-13 07:15:00,real_time_price,203.73,valley,293.8724060058594
2026-02-13 07:30:00,real_time_price,338.73,valley,219.001708984375
2026-02-13 07:45:00,real_time_price,334.73,valley,308.1200866699219
2026-02-13 08:00:00,real_time_price,332.54,flat,350.88031005859375
2026-02-13 08:15:00,real_time_price,385.63,flat,365.93682861328125
2026-02-13 08:30:00,real_time_price,342.78,flat,430.2298583984375
2026-02-13 08:45:00,real_time_price,267.73,flat,330.1951904296875
2026-02-13 09:00:00,real_time_price,311.63,flat,331.7628173828125
2026-02-13 09:15:00,real_time_price,267.73,flat,331.51202392578125
2026-02-13 09:30:00,real_time_price,41.98,flat,207.4854736328125
2026-02-13 09:45:00,real_time_price,144.56,flat,187.51052856445312
2026-02-13 10:00:00,real_time_price,144.56,peak,135.1019287109375
2026-02-13 10:15:00,real_time_price,99.81,peak,137.3185272216797
2026-02-13 10:30:00,real_time_price,145.55,peak,125.23065185546875
2026-02-13 10:45:00,real_time_price,145.57,peak,148.79434204101562
2026-02-13 11:00:00,real_time_price,146.68,peak,115.72527313232422
2026-02-13 11:15:00,real_time_price,0.0,peak,129.64059448242188
2026-02-13 11:30:00,real_time_price,145.83,peak,70.81642150878906
2026-02-13 11:45:00,real_time_price,0.0,peak,116.24210357666016
2026-02-13 12:00:00,real_time_price,145.83,flat,27.137235641479492
2026-02-13 12:15:00,real_time_price,146.68,flat,23.491426467895508
2026-02-13 12:30:00,real_time_price,148.28,flat,71.56199645996094
2026-02-13 12:45:00,real_time_price,148.99,flat,68.20611572265625
2026-02-13 13:00:00,real_time_price,145.83,flat,106.50591278076172
2026-02-13 13:15:00,real_time_price,148.99,flat,101.42955780029297
2026-02-13 13:30:00,real_time_price,145.83,flat,114.91361999511719
2026-02-13 13:45:00,real_time_price,135.27,flat,161.9762420654297
2026-02-13 14:00:00,real_time_price,20.0,peak,162.77182006835938
2026-02-13 14:15:00,real_time_price,17.49,peak,94.63310241699219
2026-02-13 14:30:00,real_time_price,0.0,peak,120.86740112304688
2026-02-13 14:45:00,real_time_price,-50.0,peak,83.42395782470703
2026-02-13 15:00:00,real_time_price,-50.0,peak,95.1269302368164
2026-02-13 15:15:00,real_time_price,-50.0,peak,121.14478302001953
2026-02-13 15:30:00,real_time_price,-50.0,peak,32.783931732177734
2026-02-13 15:45:00,real_time_price,17.49,peak,-4.150512218475342
2026-02-13 16:00:00,real_time_price,-50.0,peak,94.03878021240234
2026-02-13 16:15:00,real_time_price,-50.0,peak,-8.281004905700684
2026-02-13 16:30:00,real_time_price,-50.0,peak,15.844823837280273
2026-02-13 16:45:00,real_time_price,145.83,peak,36.355411529541016
2026-02-13 17:00:00,real_time_price,310.0,peak,183.86276245117188
2026-02-13 17:15:00,real_time_price,325.7,peak,305.5938415527344
2026-02-13 17:30:00,real_time_price,357.6,peak,308.7756652832031
2026-02-13 17:45:00,real_time_price,389.21,peak,334.66094970703125
2026-02-13 18:00:00,real_time_price,360.0,peak,371.7724304199219
2026-02-13 18:15:00,real_time_price,360.0,peak,323.4786682128906
2026-02-13 18:30:00,real_time_price,299.59,peak,365.9161071777344
2026-02-13 18:45:00,real_time_price,340.0,peak,353.9849853515625
2026-02-13 19:00:00,real_time_price,353.7,flat,325.2193908691406
2026-02-13 19:15:00,real_time_price,310.0,flat,349.53436279296875
2026-02-13 19:30:00,real_time_price,370.87,flat,322.14996337890625
2026-02-13 19:45:00,real_time_price,300.0,flat,342.034423828125
2026-02-13 20:00:00,real_time_price,275.0,flat,312.95623779296875
2026-02-13 20:15:00,real_time_price,300.42,flat,279.2526550292969
2026-02-13 20:30:00,real_time_price,973.16,flat,304.76446533203125
2026-02-13 20:45:00,real_time_price,440.03,flat,368.5315246582031
2026-02-13 21:00:00,real_time_price,360.0,flat,393.7921142578125
2026-02-13 21:15:00,real_time_price,352.0,flat,371.4499206542969
2026-02-13 21:30:00,real_time_price,475.58,flat,398.363525390625
2026-02-13 21:45:00,real_time_price,808.1,flat,403.81689453125
2026-02-13 22:00:00,real_time_price,822.94,flat,585.6796875
2026-02-13 22:15:00,real_time_price,874.27,flat,539.3811645507812
2026-02-13 22:30:00,real_time_price,536.0,flat,671.815185546875
2026-02-13 22:45:00,real_time_price,600.0,flat,509.2534484863281
2026-02-13 23:00:00,real_time_price,536.0,flat,460.8080139160156
2026-02-13 23:15:00,real_time_price,448.47,flat,397.8887023925781
2026-02-13 23:30:00,real_time_price,454.29,flat,393.4696044921875
2026-02-13 23:45:00,real_time_price,536.0,flat,390.8409423828125
2026-02-14 00:00:00,real_time_price,456.42,valley,415.0478515625
2026-02-14 00:15:00,real_time_price,430.79,valley,350.16485595703125
2026-02-14 00:30:00,real_time_price,1119.0,valley,610.5940551757812
2026-02-14 00:45:00,real_time_price,200.0,valley,566.8463134765625
2026-02-14 01:00:00,real_time_price,286.6,valley,358.0282897949219
2026-02-14 01:15:00,real_time_price,458.0,valley,364.77532958984375
2026-02-14 01:30:00,real_time_price,432.6,valley,345.4579162597656
2026-02-14 01:45:00,real_time_price,400.0,valley,339.52532958984375
2026-02-14 02:00:00,real_time_price,461.7,valley,352.033935546875
2026-02-14 02:15:00,real_time_price,420.0,valley,367.7123718261719
2026-02-14 02:30:00,real_time_price,434.71,valley,360.6122741699219
2026-02-14 02:45:00,real_time_price,434.71,valley,373.33233642578125
2026-02-14 03:00:00,real_time_price,599.9,valley,356.9062805175781
2026-02-14 03:15:00,real_time_price,380.99,valley,409.6920471191406
2026-02-14 03:30:00,real_time_price,380.99,valley,289.3016052246094
2026-02-14 03:45:00,real_time_price,399.9,valley,332.4537048339844
2026-02-14 04:00:00,real_time_price,380.99,valley,336.02972412109375
2026-02-14 04:15:00,real_time_price,396.81,valley,328.07611083984375
2026-02-14 04:30:00,real_time_price,341.0,valley,339.6285705566406
2026-02-14 04:45:00,real_time_price,396.81,valley,308.16876220703125
2026-02-14 05:00:00,real_time_price,370.2,valley,327.43768310546875
2026-02-14 05:15:00,real_time_price,320.0,valley,344.5288391113281
2026-02-14 05:30:00,real_time_price,370.2,valley,289.2152404785156
2026-02-14 05:45:00,real_time_price,350.0,valley,306.8218994140625
2026-02-14 06:00:00,real_time_price,356.0,valley,326.7410583496094
2026-02-14 06:15:00,real_time_price,354.6,valley,324.5689392089844
2026-02-14 06:30:00,real_time_price,344.05,valley,345.64599609375
2026-02-14 06:45:00,real_time_price,350.0,valley,328.64434814453125
2026-02-14 07:00:00,real_time_price,386.9,valley,343.541015625
2026-02-14 07:15:00,real_time_price,399.9,valley,341.0035705566406
2026-02-14 07:30:00,real_time_price,400.0,valley,385.46484375
2026-02-14 07:45:00,real_time_price,344.05,valley,392.7154541015625
2026-02-14 08:00:00,real_time_price,414.61,flat,367.9591064453125
2026-02-14 08:15:00,real_time_price,400.0,flat,446.008056640625
2026-02-14 08:30:00,real_time_price,400.0,flat,436.21221923828125
2026-02-14 08:45:00,real_time_price,280.0,flat,380.71478271484375
2026-02-14 09:00:00,real_time_price,43.25,flat,329.3758544921875
2026-02-14 09:15:00,real_time_price,146.68,flat,236.72975158691406
2026-02-14 09:30:00,real_time_price,210.0,flat,176.9850616455078
2026-02-14 09:45:00,real_time_price,43.25,flat,210.48643493652344
2026-02-14 10:00:00,real_time_price,145.83,peak,85.67298889160156
2026-02-14 10:15:00,real_time_price,145.83,peak,150.72706604003906
2026-02-14 10:30:00,real_time_price,43.25,peak,168.81167602539062
2026-02-14 10:45:00,real_time_price,-50.0,peak,104.11656951904297
2026-02-14 11:00:00,real_time_price,-50.0,peak,88.9626235961914
2026-02-14 11:15:00,real_time_price,-50.0,peak,113.58541107177734
2026-02-14 11:30:00,real_time_price,-50.0,peak,95.75121307373047
2026-02-14 11:45:00,real_time_price,-50.0,peak,71.18856811523438
2026-02-14 12:00:00,real_time_price,145.83,flat,100.39373016357422
2026-02-14 12:15:00,real_time_price,43.25,flat,76.6673583984375
2026-02-14 12:30:00,real_time_price,43.25,flat,189.3953094482422
2026-02-14 12:45:00,real_time_price,108.96,flat,174.64859008789062
2026-02-14 13:00:00,real_time_price,17.33,flat,146.51429748535156
2026-02-14 13:15:00,real_time_price,17.49,flat,161.04922485351562
2026-02-14 13:30:00,real_time_price,17.34,flat,192.34988403320312
2026-02-14 13:45:00,real_time_price,-50.0,flat,212.26828002929688
2026-02-14 14:00:00,real_time_price,6.5,peak,207.55320739746094
2026-02-14 14:15:00,real_time_price,135.14,peak,251.42156982421875
2026-02-14 14:30:00,real_time_price,43.23,peak,233.55177307128906
2026-02-14 14:45:00,real_time_price,123.09,peak,160.23863220214844
2026-02-14 15:00:00,real_time_price,22.17,peak,106.45880126953125
2026-02-14 15:15:00,real_time_price,99.35,peak,161.70191955566406
2026-02-14 15:30:00,real_time_price,68.53,peak,167.587890625
2026-02-14 15:45:00,real_time_price,-50.0,peak,241.53211975097656
2026-02-14 16:00:00,real_time_price,-50.0,peak,196.71337890625
2026-02-14 16:15:00,real_time_price,-7.0,peak,143.47691345214844
2026-02-14 16:30:00,real_time_price,-50.0,peak,186.2451629638672
2026-02-14 16:45:00,real_time_price,145.83,peak,79.50045776367188
2026-02-14 17:00:00,real_time_price,255.1,peak,286.3244323730469
2026-02-14 17:15:00,real_time_price,300.0,peak,282.3323669433594
2026-02-14 17:30:00,real_time_price,372.0,peak,337.2203063964844
2026-02-14 17:45:00,real_time_price,328.84,peak,371.2777099609375
2026-02-14 18:00:00,real_time_price,440.0,peak,385.3454895019531
2026-02-14 18:15:00,real_time_price,391.54,peak,405.1806335449219
2026-02-14 18:30:00,real_time_price,417.65,peak,529.257080078125
2026-02-14 18:45:00,real_time_price,448.47,peak,494.6976013183594
2026-02-14 19:00:00,real_time_price,451.1,flat,468.7627868652344
2026-02-14 19:15:00,real_time_price,325.0,flat,441.62078857421875
2026-02-14 19:30:00,real_time_price,278.3,flat,379.4244079589844
2026-02-14 19:45:00,real_time_price,320.0,flat,353.91607666015625
2026-02-14 20:00:00,real_time_price,539.0,flat,325.1180114746094
2026-02-14 20:15:00,real_time_price,539.0,flat,455.5033874511719
2026-02-14 20:30:00,real_time_price,478.0,flat,564.5940551757812
2026-02-14 20:45:00,real_time_price,448.47,flat,499.4018249511719
2026-02-14 21:00:00,real_time_price,412.65,flat,439.5323791503906
2026-02-14 21:15:00,real_time_price,446.84,flat,424.88897705078125
2026-02-14 21:30:00,real_time_price,370.0,flat,480.4356994628906
2026-02-14 21:45:00,real_time_price,437.26,flat,415.4581298828125
2026-02-14 22:00:00,real_time_price,412.82,flat,511.9219665527344
2026-02-14 22:15:00,real_time_price,438.95,flat,447.6864929199219
2026-02-14 22:30:00,real_time_price,409.65,flat,458.8901672363281
2026-02-14 22:45:00,real_time_price,750.0,flat,420.7980651855469
2026-02-14 23:00:00,real_time_price,435.13,flat,424.1902160644531
2026-02-14 23:15:00,real_time_price,372.11,flat,515.1241455078125
2026-02-14 23:30:00,real_time_price,355.22,flat,377.9537658691406
2026-02-14 23:45:00,real_time_price,386.9,flat,352.0506591796875
2026-02-15 00:00:00,real_time_price,370.2,valley,378.81494140625
2026-02-15 00:15:00,real_time_price,298.0,valley,371.0478820800781
2026-02-15 00:30:00,real_time_price,791.0,valley,552.9395751953125
2026-02-15 00:45:00,real_time_price,280.3,valley,355.062744140625
2026-02-15 01:00:00,real_time_price,353.7,valley,399.6317138671875
2026-02-15 01:15:00,real_time_price,381.7,valley,360.5208740234375
2026-02-15 01:30:00,real_time_price,346.88,valley,311.0492248535156
2026-02-15 01:45:00,real_time_price,332.0,valley,345.86187744140625
2026-02-15 02:00:00,real_time_price,346.88,valley,331.13201904296875
2026-02-15 02:15:00,real_time_price,325.0,valley,354.693359375
2026-02-15 02:30:00,real_time_price,399.9,valley,305.77593994140625
2026-02-15 02:45:00,real_time_price,386.04,valley,382.61395263671875
2026-02-15 03:00:00,real_time_price,340.0,valley,369.1005554199219
2026-02-15 03:15:00,real_time_price,358.0,valley,258.9211120605469
2026-02-15 03:30:00,real_time_price,334.0,valley,274.402099609375
2026-02-15 03:45:00,real_time_price,290.0,valley,318.2998046875
2026-02-15 04:00:00,real_time_price,295.0,valley,237.92532348632812
2026-02-15 04:15:00,real_time_price,295.0,valley,239.3209991455078
2026-02-15 04:30:00,real_time_price,295.0,valley,197.75950622558594
2026-02-15 04:45:00,real_time_price,300.0,valley,263.1427917480469
2026-02-15 05:00:00,real_time_price,290.0,valley,224.35067749023438
2026-02-15 05:15:00,real_time_price,300.0,valley,214.9353485107422
2026-02-15 05:30:00,real_time_price,290.0,valley,232.12734985351562
2026-02-15 05:45:00,real_time_price,295.6,valley,244.82553100585938
2026-02-15 06:00:00,real_time_price,300.0,valley,225.19154357910156
2026-02-15 06:15:00,real_time_price,306.0,valley,222.52886962890625
2026-02-15 06:30:00,real_time_price,283.0,valley,229.1995849609375
2026-02-15 06:45:00,real_time_price,302.0,valley,254.03260803222656
2026-02-15 07:00:00,real_time_price,320.0,valley,249.74485778808594
2026-02-15 07:15:00,real_time_price,334.0,valley,261.0741271972656
2026-02-15 07:30:00,real_time_price,310.0,valley,286.2680358886719
2026-02-15 07:45:00,real_time_price,333.49,valley,296.7960205078125
2026-02-15 08:00:00,real_time_price,353.7,flat,316.7566833496094
2026-02-15 08:15:00,real_time_price,354.6,flat,374.6634216308594
2026-02-15 08:30:00,real_time_price,400.0,flat,393.01995849609375
2026-02-15 08:45:00,real_time_price,370.43,flat,405.6607666015625
2026-02-15 09:00:00,real_time_price,43.25,flat,366.6502685546875
2026-02-15 09:15:00,real_time_price,145.83,flat,241.23046875
2026-02-15 09:30:00,real_time_price,60.0,flat,202.81069946289062
2026-02-15 09:45:00,real_time_price,43.25,flat,103.47660064697266
2026-02-15 10:00:00,real_time_price,60.0,peak,151.44540405273438
2026-02-15 10:15:00,real_time_price,145.83,peak,196.44903564453125
2026-02-15 10:30:00,real_time_price,102.5,peak,116.43465423583984
2026-02-15 10:45:00,real_time_price,109.96,peak,125.5550308227539
2026-02-15 11:00:00,real_time_price,187.1,peak,89.32335662841797
2026-02-15 11:15:00,real_time_price,109.18,peak,121.6732406616211
2026-02-15 11:30:00,real_time_price,43.25,peak,159.2193603515625
2026-02-15 11:45:00,real_time_price,196.67,peak,194.613525390625
2026-02-15 12:00:00,real_time_price,31.23,flat,113.69076538085938
2026-02-15 12:15:00,real_time_price,48.79,flat,49.12967300415039
2026-02-15 12:30:00,real_time_price,50.1,flat,110.24609375
2026-02-15 12:45:00,real_time_price,47.09,flat,112.33346557617188
2026-02-15 13:00:00,real_time_price,50.1,flat,108.76567077636719
2026-02-15 13:15:00,real_time_price,50.1,flat,99.64170837402344
2026-02-15 13:30:00,real_time_price,46.7,flat,123.96550750732422
2026-02-15 13:45:00,real_time_price,50.1,flat,156.35342407226562
2026-02-15 14:00:00,real_time_price,43.25,peak,229.75833129882812
2026-02-15 14:15:00,real_time_price,43.25,peak,229.5347900390625
2026-02-15 14:30:00,real_time_price,43.25,peak,220.90476989746094
2026-02-15 14:45:00,real_time_price,145.83,peak,242.52914428710938
2026-02-15 15:00:00,real_time_price,43.25,peak,128.1287384033203
2026-02-15 15:15:00,real_time_price,43.25,peak,250.5944061279297
2026-02-15 15:30:00,real_time_price,105.72,peak,253.0715789794922
2026-02-15 15:45:00,real_time_price,43.25,peak,183.4229736328125
2026-02-15 16:00:00,real_time_price,43.25,peak,260.07611083984375
2026-02-15 16:15:00,real_time_price,43.25,peak,268.0148620605469
2026-02-15 16:30:00,real_time_price,103.93,peak,262.3919677734375
2026-02-15 16:45:00,real_time_price,146.68,peak,225.27191162109375
2026-02-15 17:00:00,real_time_price,43.25,peak,228.17202758789062
2026-02-15 17:15:00,real_time_price,43.25,peak,252.25001525878906
2026-02-15 17:30:00,real_time_price,300.0,peak,261.4423828125
2026-02-15 17:45:00,real_time_price,305.0,peak,281.27728271484375
2026-02-15 18:00:00,real_time_price,295.0,peak,327.6539306640625
2026-02-15 18:15:00,real_time_price,320.0,peak,318.7625732421875
2026-02-15 18:30:00,real_time_price,580.0,peak,356.8378601074219
2026-02-15 18:45:00,real_time_price,445.77,peak,436.9529113769531
2026-02-15 19:00:00,real_time_price,476.64,flat,412.76495361328125
2026-02-15 19:15:00,real_time_price,290.0,flat,452.63525390625
2026-02-15 19:30:00,real_time_price,499.17,flat,357.1488342285156
2026-02-15 19:45:00,real_time_price,456.42,flat,406.3786926269531
2026-02-15 20:00:00,real_time_price,537.0,flat,420.3856201171875
2026-02-15 20:15:00,real_time_price,400.3,flat,437.46142578125
2026-02-15 20:30:00,real_time_price,338.0,flat,452.0911560058594
2026-02-15 20:45:00,real_time_price,445.77,flat,407.5857849121094
2026-02-15 21:00:00,real_time_price,586.94,flat,406.72296142578125
2026-02-15 21:15:00,real_time_price,463.29,flat,466.52825927734375
2026-02-15 21:30:00,real_time_price,476.8,flat,507.95556640625
2026-02-15 21:45:00,real_time_price,453.76,flat,488.7724304199219
2026-02-15 22:00:00,real_time_price,456.42,flat,481.79754638671875
2026-02-15 22:15:00,real_time_price,463.29,flat,463.2019348144531
2026-02-15 22:30:00,real_time_price,455.88,flat,480.6845703125
2026-02-15 22:45:00,real_time_price,443.18,flat,459.7121276855469
2026-02-15 23:00:00,real_time_price,429.81,flat,454.4739685058594
2026-02-15 23:15:00,real_time_price,435.0,flat,418.0319519042969
2026-02-15 23:30:00,real_time_price,575.31,flat,429.75958251953125
2026-02-15 23:45:00,real_time_price,399.9,flat,473.0242004394531
2026-02-16 00:00:00,real_time_price,400.0,valley,328.3634033203125
2026-02-16 00:15:00,real_time_price,305.0,valley,344.9928894042969
2026-02-16 00:30:00,real_time_price,1119.0,valley,858.8236694335938
2026-02-16 00:45:00,real_time_price,275.0,valley,483.33428955078125
2026-02-16 01:00:00,real_time_price,599.9,valley,387.3724365234375
2026-02-16 01:15:00,real_time_price,471.75,valley,364.25152587890625
2026-02-16 01:30:00,real_time_price,440.45,valley,363.5479431152344
2026-02-16 01:45:00,real_time_price,419.16,valley,329.9499816894531
2026-02-16 02:00:00,real_time_price,461.7,valley,345.32904052734375
2026-02-16 02:15:00,real_time_price,400.3,valley,312.0895080566406
2026-02-16 02:30:00,real_time_price,460.0,valley,374.7322082519531
2026-02-16 02:45:00,real_time_price,400.3,valley,353.9280700683594
2026-02-16 03:00:00,real_time_price,350.0,valley,334.6791076660156
2026-02-16 03:15:00,real_time_price,370.0,valley,294.5182800292969
2026-02-16 03:30:00,real_time_price,330.2,valley,275.6700439453125
2026-02-16 03:45:00,real_time_price,370.0,valley,309.10272216796875
2026-02-16 04:00:00,real_time_price,370.0,valley,290.4327392578125
2026-02-16 04:15:00,real_time_price,400.0,valley,304.03753662109375
2026-02-16 04:30:00,real_time_price,461.7,valley,300.6336669921875
2026-02-16 04:45:00,real_time_price,391.54,valley,330.9868469238281
2026-02-16 05:00:00,real_time_price,380.0,valley,334.9936828613281
2026-02-16 05:15:00,real_time_price,359.88,valley,331.60040283203125
2026-02-16 05:30:00,real_time_price,370.43,valley,263.9637451171875
2026-02-16 05:45:00,real_time_price,380.99,valley,298.9565734863281
2026-02-16 06:00:00,real_time_price,397.45,valley,314.159912109375
2026-02-16 06:15:00,real_time_price,402.09,valley,340.7259826660156
2026-02-16 06:30:00,real_time_price,300.0,valley,342.3389587402344
2026-02-16 06:45:00,real_time_price,400.0,valley,299.1239318847656
2026-02-16 07:00:00,real_time_price,399.9,valley,277.5141906738281
2026-02-16 07:15:00,real_time_price,415.67,valley,342.2652282714844
2026-02-16 07:30:00,real_time_price,423.2,valley,357.03631591796875
2026-02-16 07:45:00,real_time_price,471.75,valley,362.8446044921875
2026-02-16 08:00:00,real_time_price,473.45,flat,437.9817199707031
2026-02-16 08:15:00,real_time_price,480.0,flat,486.6316223144531
2026-02-16 08:30:00,real_time_price,533.0,flat,543.647216796875
2026-02-16 08:45:00,real_time_price,399.9,flat,520.7534790039062
2026-02-16 09:00:00,real_time_price,300.0,flat,370.28485107421875
2026-02-16 09:15:00,real_time_price,391.54,flat,263.2463684082031
2026-02-16 09:30:00,real_time_price,353.7,flat,404.232421875
2026-02-16 09:45:00,real_time_price,290.0,flat,327.8709411621094
2026-02-16 10:00:00,real_time_price,146.68,peak,260.28607177734375
2026-02-16 10:15:00,real_time_price,146.68,peak,258.2865295410156
2026-02-16 10:30:00,real_time_price,275.0,peak,232.5106964111328
2026-02-16 10:45:00,real_time_price,145.83,peak,313.531005859375
2026-02-16 11:00:00,real_time_price,220.0,peak,180.95162963867188
2026-02-16 11:15:00,real_time_price,146.68,peak,220.66049194335938
2026-02-16 11:30:00,real_time_price,145.83,peak,220.36257934570312
2026-02-16 11:45:00,real_time_price,146.68,peak,173.48426818847656
2026-02-16 12:00:00,real_time_price,145.83,flat,120.12767028808594
2026-02-16 12:15:00,real_time_price,145.83,flat,94.93170928955078
2026-02-16 12:30:00,real_time_price,146.68,flat,170.87403869628906
2026-02-16 12:45:00,real_time_price,148.48,flat,170.315185546875
2026-02-16 13:00:00,real_time_price,145.83,flat,157.99215698242188
2026-02-16 13:15:00,real_time_price,146.68,flat,175.59722900390625
2026-02-16 13:30:00,real_time_price,99.18,flat,209.12355041503906
2026-02-16 13:45:00,real_time_price,27.68,flat,206.44085693359375
2026-02-16 14:00:00,real_time_price,20.89,peak,278.0369873046875
2026-02-16 14:15:00,real_time_price,155.34,peak,263.72930908203125
2026-02-16 14:30:00,real_time_price,17.49,peak,144.28526306152344
2026-02-16 14:45:00,real_time_price,146.68,peak,258.0010070800781
2026-02-16 15:00:00,real_time_price,146.68,peak,340.7315673828125
2026-02-16 15:15:00,real_time_price,155.43,peak,176.58798217773438
2026-02-16 15:30:00,real_time_price,235.1,peak,240.68374633789062
2026-02-16 15:45:00,real_time_price,270.0,peak,232.555908203125
2026-02-16 16:00:00,real_time_price,269.0,peak,311.797607421875
2026-02-16 16:15:00,real_time_price,280.0,peak,279.1651611328125
2026-02-16 16:30:00,real_time_price,320.0,peak,304.602783203125
2026-02-16 16:45:00,real_time_price,361.0,peak,325.24261474609375
2026-02-16 17:00:00,real_time_price,356.0,peak,328.65191650390625
2026-02-16 17:15:00,real_time_price,300.0,peak,361.74267578125
2026-02-16 17:30:00,real_time_price,335.7,peak,386.95477294921875
2026-02-16 17:45:00,real_time_price,250.0,peak,341.0516357421875
2026-02-16 18:00:00,real_time_price,288.0,peak,297.515625
2026-02-16 18:15:00,real_time_price,43.25,peak,298.498291015625
2026-02-16 18:30:00,real_time_price,278.3,peak,311.0568542480469
2026-02-16 18:45:00,real_time_price,325.0,peak,334.7331848144531
2026-02-16 19:00:00,real_time_price,245.1,flat,339.44677734375
2026-02-16 19:15:00,real_time_price,275.0,flat,229.29872131347656
2026-02-16 19:30:00,real_time_price,427.23,flat,322.24554443359375
2026-02-16 19:45:00,real_time_price,419.16,flat,349.19287109375
2026-02-16 20:00:00,real_time_price,446.72,flat,392.23822021484375
2026-02-16 20:15:00,real_time_price,558.04,flat,432.6241149902344
2026-02-16 20:30:00,real_time_price,493.97,flat,514.2568359375
2026-02-16 20:45:00,real_time_price,372.11,flat,519.2448120117188
2026-02-16 21:00:00,real_time_price,315.0,flat,405.4337463378906
2026-02-16 21:15:00,real_time_price,397.87,flat,368.6864929199219
2026-02-16 21:30:00,real_time_price,372.0,flat,436.2329406738281
2026-02-16 21:45:00,real_time_price,398.82,flat,399.2310791015625
2026-02-16 22:00:00,real_time_price,391.54,flat,428.6850891113281
2026-02-16 22:15:00,real_time_price,371.49,flat,424.504638671875
2026-02-16 22:30:00,real_time_price,397.87,flat,370.290771484375
2026-02-16 22:45:00,real_time_price,412.65,flat,405.6394348144531
2026-02-16 23:00:00,real_time_price,391.54,flat,435.7278747558594
2026-02-16 23:15:00,real_time_price,599.13,flat,388.41094970703125
2026-02-16 23:30:00,real_time_price,391.54,flat,459.7534484863281
2026-02-16 23:45:00,real_time_price,399.9,flat,439.1263732910156
2026-02-17 00:00:00,real_time_price,400.0,valley,388.4749755859375
2026-02-17 00:15:00,real_time_price,308.0,valley,376.7611999511719
2026-02-17 00:30:00,real_time_price,1119.0,valley,676.9273681640625
2026-02-17 00:45:00,real_time_price,269.0,valley,522.6421508789062
2026-02-17 01:00:00,real_time_price,270.0,valley,433.1260986328125
2026-02-17 01:15:00,real_time_price,350.0,valley,343.3562927246094
2026-02-17 01:30:00,real_time_price,295.0,valley,388.52410888671875
2026-02-17 01:45:00,real_time_price,295.0,valley,297.45599365234375
2026-02-17 02:00:00,real_time_price,280.0,valley,271.66455078125
2026-02-17 02:15:00,real_time_price,269.0,valley,268.43182373046875
2026-02-17 02:30:00,real_time_price,230.0,valley,268.3349914550781
2026-02-17 02:45:00,real_time_price,245.1,valley,227.812255859375
2026-02-17 03:00:00,real_time_price,269.0,valley,205.92002868652344
2026-02-17 03:15:00,real_time_price,260.2,valley,185.14295959472656
2026-02-17 03:30:00,real_time_price,257.0,valley,179.81092834472656
2026-02-17 03:45:00,real_time_price,245.0,valley,220.0381622314453
2026-02-17 04:00:00,real_time_price,245.2,valley,189.65530395507812
2026-02-17 04:15:00,real_time_price,43.25,valley,181.04312133789062
2026-02-17 04:30:00,real_time_price,43.25,valley,126.80644989013672
2026-02-17 04:45:00,real_time_price,43.25,valley,253.21588134765625
2026-02-17 05:00:00,real_time_price,80.0,valley,270.4564514160156
2026-02-17 05:15:00,real_time_price,43.25,valley,173.64097595214844
2026-02-17 05:30:00,real_time_price,43.25,valley,174.92478942871094
2026-02-17 05:45:00,real_time_price,43.25,valley,328.6980895996094
2026-02-17 06:00:00,real_time_price,129.6,valley,321.9868469238281
2026-02-17 06:15:00,real_time_price,80.0,valley,182.2010955810547
2026-02-17 06:30:00,real_time_price,43.25,valley,127.34700775146484
2026-02-17 06:45:00,real_time_price,43.25,valley,366.7295227050781
2026-02-17 07:00:00,real_time_price,43.25,valley,357.622802734375
2026-02-17 07:15:00,real_time_price,43.25,valley,352.1504821777344
2026-02-17 07:30:00,real_time_price,43.25,valley,358.6255187988281
2026-02-17 07:45:00,real_time_price,257.0,valley,359.688720703125
2026-02-17 08:00:00,real_time_price,195.15,flat,182.26319885253906
2026-02-17 08:15:00,real_time_price,235.1,flat,207.75584411621094
2026-02-17 08:30:00,real_time_price,358.0,flat,261.4170837402344
2026-02-17 08:45:00,real_time_price,295.0,flat,299.2231750488281
2026-02-17 09:00:00,real_time_price,280.5,flat,194.2995147705078
2026-02-17 09:15:00,real_time_price,400.06,flat,251.902099609375
2026-02-17 09:30:00,real_time_price,300.0,flat,349.0504150390625
2026-02-17 09:45:00,real_time_price,280.5,flat,263.0665588378906
2026-02-17 10:00:00,real_time_price,290.0,peak,285.97344970703125
2026-02-17 10:15:00,real_time_price,281.0,peak,257.4072570800781
2026-02-17 10:30:00,real_time_price,295.0,peak,295.2318420410156
2026-02-17 10:45:00,real_time_price,43.25,peak,277.2676696777344
2026-02-17 11:00:00,real_time_price,264.77,peak,137.71412658691406
2026-02-17 11:15:00,real_time_price,17.49,peak,322.0801696777344
2026-02-17 11:30:00,real_time_price,284.94,peak,120.1494369506836
2026-02-17 11:45:00,real_time_price,1119.0,peak,263.82171630859375
2026-02-17 12:00:00,real_time_price,-50.0,flat,473.4285888671875
2026-02-17 12:15:00,real_time_price,310.6,flat,70.96385955810547
2026-02-17 12:30:00,real_time_price,270.3,flat,345.0513916015625
2026-02-17 12:45:00,real_time_price,800.0,flat,338.9112548828125
2026-02-17 13:00:00,real_time_price,450.0,flat,540.0045166015625
2026-02-17 13:15:00,real_time_price,358.0,flat,349.76129150390625
2026-02-17 13:30:00,real_time_price,420.0,flat,390.80242919921875
2026-02-17 13:45:00,real_time_price,425.0,flat,448.1981506347656
2026-02-17 14:00:00,real_time_price,295.0,peak,550.5381469726562
2026-02-17 14:15:00,real_time_price,146.68,peak,283.5265808105469
2026-02-17 14:30:00,real_time_price,17.49,peak,237.93890380859375
2026-02-17 14:45:00,real_time_price,0.0,peak,216.6348876953125
2026-02-17 15:00:00,real_time_price,17.49,peak,104.0813980102539
2026-02-17 15:15:00,real_time_price,17.49,peak,200.99363708496094
2026-02-17 15:30:00,real_time_price,-50.0,peak,436.616455078125
2026-02-17 15:45:00,real_time_price,-50.0,peak,105.12744903564453
2026-02-17 16:00:00,real_time_price,68.53,peak,318.9550476074219
2026-02-17 16:15:00,real_time_price,0.0,peak,410.37872314453125
2026-02-17 16:30:00,real_time_price,17.49,peak,152.87049865722656
2026-02-17 16:45:00,real_time_price,0.0,peak,159.2675018310547
2026-02-17 17:00:00,real_time_price,100.0,peak,155.17349243164062
2026-02-17 17:15:00,real_time_price,-50.0,peak,232.81410217285156
2026-02-17 17:30:00,real_time_price,-50.0,peak,151.58697509765625
2026-02-17 17:45:00,real_time_price,245.2,peak,112.26884460449219
2026-02-17 18:00:00,real_time_price,260.3,peak,261.8938903808594
2026-02-17 18:15:00,real_time_price,350.0,peak,263.76849365234375
2026-02-17 18:30:00,real_time_price,295.8,peak,286.5655517578125
2026-02-17 18:45:00,real_time_price,-50.0,peak,333.1620178222656
2026-02-17 19:00:00,real_time_price,270.0,flat,158.27426147460938
2026-02-17 19:15:00,real_time_price,53.8,flat,345.68902587890625
2026-02-17 19:30:00,real_time_price,-50.0,flat,169.9296875
2026-02-17 19:45:00,real_time_price,245.0,flat,30.509668350219727
2026-02-17 20:00:00,real_time_price,339.08,flat,324.8414611816406
2026-02-17 20:15:00,real_time_price,270.3,flat,223.10826110839844
2026-02-17 20:30:00,real_time_price,287.0,flat,171.12648010253906
2026-02-17 20:45:00,real_time_price,287.0,flat,302.8380126953125
2026-02-17 21:00:00,real_time_price,265.1,flat,279.4232482910156
2026-02-17 21:15:00,real_time_price,269.0,flat,272.3612060546875
2026-02-17 21:30:00,real_time_price,286.6,flat,282.9585266113281
2026-02-17 21:45:00,real_time_price,282.0,flat,296.9843444824219
2026-02-17 22:00:00,real_time_price,290.0,flat,289.69378662109375
2026-02-17 22:15:00,real_time_price,290.0,flat,291.29443359375
2026-02-17 22:30:00,real_time_price,290.8,flat,281.1183776855469
2026-02-17 22:45:00,real_time_price,295.0,flat,266.7492980957031
2026-02-17 23:00:00,real_time_price,328.0,flat,278.4924621582031
2026-02-17 23:15:00,real_time_price,270.0,flat,308.7061462402344
2026-02-17 23:30:00,real_time_price,260.0,flat,240.8470001220703
2026-02-17 23:45:00,real_time_price,269.0,flat,271.4255676269531
2026-02-18 00:00:00,real_time_price,287.0,valley,232.55502319335938
2026-02-18 00:15:00,real_time_price,50.0,valley,241.03103637695312
2026-02-18 00:30:00,real_time_price,0.0,valley,220.59246826171875
2026-02-18 00:45:00,real_time_price,280.5,valley,107.47663116455078
2026-02-18 01:00:00,real_time_price,327.0,valley,94.07499694824219
2026-02-18 01:15:00,real_time_price,270.3,valley,147.84854125976562
2026-02-18 01:30:00,real_time_price,260.0,valley,210.79421997070312
2026-02-18 01:45:00,real_time_price,255.1,valley,264.49041748046875
2026-02-18 02:00:00,real_time_price,245.1,valley,213.55191040039062
2026-02-18 02:15:00,real_time_price,180.0,valley,217.64804077148438
2026-02-18 02:30:00,real_time_price,50.0,valley,131.656005859375
2026-02-18 02:45:00,real_time_price,0.0,valley,160.45068359375
2026-02-18 03:00:00,real_time_price,0.0,valley,38.782554626464844
2026-02-18 03:15:00,real_time_price,22.45,valley,0.472783625125885
2026-02-18 03:30:00,real_time_price,0.0,valley,8.330728530883789
2026-02-18 03:45:00,real_time_price,-50.0,valley,-8.578389167785645
2026-02-18 04:00:00,real_time_price,0.0,valley,-35.109371185302734
2026-02-18 04:15:00,real_time_price,-50.0,valley,-7.488836765289307
2026-02-18 04:30:00,real_time_price,-50.0,valley,9.855033874511719
2026-02-18 04:45:00,real_time_price,22.45,valley,-38.25411605834961
2026-02-18 05:00:00,real_time_price,43.25,valley,-52.620540618896484
2026-02-18 05:15:00,real_time_price,0.0,valley,2.1277623176574707
2026-02-18 05:30:00,real_time_price,0.0,valley,-13.245416641235352
2026-02-18 05:45:00,real_time_price,0.0,valley,-2.2987658977508545
2026-02-18 06:00:00,real_time_price,43.25,valley,14.84545612335205
2026-02-18 06:15:00,real_time_price,43.25,valley,9.914593696594238
2026-02-18 06:30:00,real_time_price,43.25,valley,72.88570404052734
2026-02-18 06:45:00,real_time_price,43.25,valley,97.09944915771484
2026-02-18 07:00:00,real_time_price,43.25,valley,118.58916473388672
2026-02-18 07:15:00,real_time_price,99.6,valley,106.69729614257812
2026-02-18 07:30:00,real_time_price,43.25,valley,140.28656005859375
2026-02-18 07:45:00,real_time_price,153.0,valley,135.2135772705078
2026-02-18 08:00:00,real_time_price,310.0,flat,141.0628204345703
2026-02-18 08:15:00,real_time_price,265.3,flat,218.50856018066406
2026-02-18 08:30:00,real_time_price,358.0,flat,254.1659698486328
2026-02-18 08:45:00,real_time_price,293.0,flat,290.19439697265625
2026-02-18 09:00:00,real_time_price,295.0,flat,195.65306091308594
2026-02-18 09:15:00,real_time_price,330.7,flat,205.20411682128906
2026-02-18 09:30:00,real_time_price,316.0,flat,263.065185546875
2026-02-18 09:45:00,real_time_price,328.0,flat,280.46502685546875
2026-02-18 10:00:00,real_time_price,328.0,peak,332.2060241699219
2026-02-18 10:15:00,real_time_price,320.0,peak,301.73089599609375
2026-02-18 10:30:00,real_time_price,290.3,peak,308.061279296875
2026-02-18 10:45:00,real_time_price,190.0,peak,295.2737731933594
2026-02-18 11:00:00,real_time_price,190.0,peak,289.7989501953125
2026-02-18 11:15:00,real_time_price,155.43,peak,199.82257080078125
2026-02-18 11:30:00,real_time_price,153.0,peak,231.94479370117188
2026-02-18 11:45:00,real_time_price,0.0,peak,131.09877014160156
2026-02-18 12:00:00,real_time_price,1260.0,flat,46.078399658203125
2026-02-18 12:15:00,real_time_price,293.0,flat,284.5953674316406
2026-02-18 12:30:00,real_time_price,0.0,flat,250.48216247558594
2026-02-18 12:45:00,real_time_price,269.0,flat,355.9911804199219
2026-02-18 13:00:00,real_time_price,250.0,flat,351.57122802734375
2026-02-18 13:15:00,real_time_price,0.0,flat,209.12420654296875
2026-02-18 13:30:00,real_time_price,-50.0,flat,81.59776306152344
2026-02-18 13:45:00,real_time_price,-50.0,flat,98.59711456298828
2026-02-18 14:00:00,real_time_price,-50.0,peak,149.56353759765625
2026-02-18 14:15:00,real_time_price,-50.0,peak,8.23233413696289
2026-02-18 14:30:00,real_time_price,-50.0,peak,2.946605920791626
2026-02-18 14:45:00,real_time_price,-50.0,peak,-14.256202697753906
2026-02-18 15:00:00,real_time_price,17.49,peak,-3.904467821121216
2026-02-18 15:15:00,real_time_price,43.25,peak,61.23487091064453
2026-02-18 15:30:00,real_time_price,43.25,peak,68.48697662353516
2026-02-18 15:45:00,real_time_price,-50.0,peak,109.79716491699219
2026-02-18 16:00:00,real_time_price,-50.0,peak,215.8293914794922
2026-02-18 16:15:00,real_time_price,-50.0,peak,130.4654541015625
2026-02-18 16:30:00,real_time_price,-50.0,peak,137.48822021484375
2026-02-18 16:45:00,real_time_price,-50.0,peak,65.908935546875
2026-02-18 17:00:00,real_time_price,50.0,peak,109.17135620117188
2026-02-18 17:15:00,real_time_price,0.0,peak,209.0296630859375
2026-02-18 17:30:00,real_time_price,-50.0,peak,165.65847778320312
2026-02-18 17:45:00,real_time_price,-50.0,peak,99.35971069335938
2026-02-18 18:00:00,real_time_price,250.0,peak,208.9993133544922
2026-02-18 18:15:00,real_time_price,260.0,peak,307.77667236328125
2026-02-18 18:30:00,real_time_price,270.0,peak,284.35931396484375
2026-02-18 18:45:00,real_time_price,285.0,peak,295.5910949707031
2026-02-18 19:00:00,real_time_price,295.0,flat,249.3719482421875
2026-02-18 19:15:00,real_time_price,285.3,flat,261.4783020019531
2026-02-18 19:30:00,real_time_price,290.0,flat,278.6236572265625
2026-02-18 19:45:00,real_time_price,288.6,flat,253.02392578125
2026-02-18 20:00:00,real_time_price,285.3,flat,253.81808471679688
2026-02-18 20:15:00,real_time_price,280.0,flat,281.59912109375
2026-02-18 20:30:00,real_time_price,325.7,flat,299.8967590332031
2026-02-18 20:45:00,real_time_price,290.0,flat,321.62786865234375
2026-02-18 21:00:00,real_time_price,286.6,flat,263.640625
2026-02-18 21:15:00,real_time_price,325.0,flat,297.9801940917969
2026-02-18 21:30:00,real_time_price,400.3,flat,322.81512451171875
2026-02-18 21:45:00,real_time_price,317.0,flat,358.26617431640625
2026-02-18 22:00:00,real_time_price,317.0,flat,325.8090515136719
2026-02-18 22:15:00,real_time_price,298.0,flat,323.43658447265625
2026-02-18 22:30:00,real_time_price,295.0,flat,282.69537353515625
2026-02-18 22:45:00,real_time_price,290.0,flat,281.6573486328125
2026-02-18 23:00:00,real_time_price,270.0,flat,269.2139892578125
2026-02-18 23:15:00,real_time_price,280.0,flat,274.5386657714844
2026-02-18 23:30:00,real_time_price,270.0,flat,283.74151611328125
2026-02-18 23:45:00,real_time_price,269.0,flat,272.7872314453125
2026-02-19 00:00:00,real_time_price,269.0,valley,248.61978149414062
2026-02-19 00:15:00,real_time_price,286.6,valley,201.23536682128906
2026-02-19 00:30:00,real_time_price,250.0,valley,284.1695861816406
2026-02-19 00:45:00,real_time_price,260.1,valley,261.54443359375
2026-02-19 01:00:00,real_time_price,330.0,valley,214.87770080566406
2026-02-19 01:15:00,real_time_price,269.0,valley,280.4671325683594
2026-02-19 01:30:00,real_time_price,250.0,valley,257.5517272949219
2026-02-19 01:45:00,real_time_price,269.0,valley,230.0233612060547
2026-02-19 02:00:00,real_time_price,270.3,valley,233.46615600585938
2026-02-19 02:15:00,real_time_price,260.1,valley,223.30845642089844
2026-02-19 02:30:00,real_time_price,260.0,valley,208.85301208496094
2026-02-19 02:45:00,real_time_price,187.1,valley,215.95509338378906
2026-02-19 03:00:00,real_time_price,0.0,valley,164.8280029296875
2026-02-19 03:15:00,real_time_price,9.6,valley,45.819644927978516
2026-02-19 03:30:00,real_time_price,100.0,valley,10.231911659240723
2026-02-19 03:45:00,real_time_price,260.1,valley,68.25389099121094
2026-02-19 04:00:00,real_time_price,260.3,valley,123.01696014404297
2026-02-19 04:15:00,real_time_price,230.2,valley,146.3115997314453
2026-02-19 04:30:00,real_time_price,260.3,valley,125.55293273925781
2026-02-19 04:45:00,real_time_price,260.3,valley,192.8905029296875
2026-02-19 05:00:00,real_time_price,302.0,valley,184.44931030273438
2026-02-19 05:15:00,real_time_price,270.0,valley,193.6501922607422
2026-02-19 05:30:00,real_time_price,260.1,valley,222.1965789794922
2026-02-19 05:45:00,real_time_price,270.0,valley,215.0934295654297
2026-02-19 06:00:00,real_time_price,265.3,valley,233.1867218017578
2026-02-19 06:15:00,real_time_price,245.0,valley,196.12120056152344
2026-02-19 06:30:00,real_time_price,0.0,valley,181.83615112304688
2026-02-19 06:45:00,real_time_price,250.1,valley,117.98013305664062
2026-02-19 07:00:00,real_time_price,300.0,valley,214.9765167236328
2026-02-19 07:15:00,real_time_price,269.0,valley,178.33055114746094
2026-02-19 07:30:00,real_time_price,275.0,valley,195.02305603027344
2026-02-19 07:45:00,real_time_price,290.0,valley,219.41354370117188
2026-02-19 08:00:00,real_time_price,292.0,flat,281.20947265625
2026-02-19 08:15:00,real_time_price,298.0,flat,293.7346496582031
2026-02-19 08:30:00,real_time_price,300.0,flat,306.0046081542969
2026-02-19 08:45:00,real_time_price,270.1,flat,278.76519775390625
2026-02-19 09:00:00,real_time_price,253.0,flat,241.353515625
2026-02-19 09:15:00,real_time_price,265.1,flat,220.06541442871094
2026-02-19 09:30:00,real_time_price,50.0,flat,265.3927001953125
2026-02-19 09:45:00,real_time_price,270.0,flat,153.73880004882812
2026-02-19 10:00:00,real_time_price,0.0,peak,198.01531982421875
2026-02-19 10:15:00,real_time_price,240.0,peak,173.79185485839844
2026-02-19 10:30:00,real_time_price,43.25,peak,172.3803253173828
2026-02-19 10:45:00,real_time_price,43.25,peak,141.83169555664062
2026-02-19 11:00:00,real_time_price,-50.0,peak,18.32253646850586
2026-02-19 11:15:00,real_time_price,-50.0,peak,0.8428183197975159
2026-02-19 11:30:00,real_time_price,-50.0,peak,-5.0113139152526855
2026-02-19 11:45:00,real_time_price,0.0,peak,14.135165214538574
2026-02-19 12:00:00,real_time_price,-50.0,flat,27.035728454589844
2026-02-19 12:15:00,real_time_price,145.47,flat,-11.370821952819824
2026-02-19 12:30:00,real_time_price,43.25,flat,72.92230224609375
2026-02-19 12:45:00,real_time_price,-50.0,flat,125.97969055175781
2026-02-19 13:00:00,real_time_price,43.08,flat,0.2896856963634491
2026-02-19 13:15:00,real_time_price,-7.0,flat,132.41905212402344
2026-02-19 13:30:00,real_time_price,102.51,flat,70.23934173583984
2026-02-19 13:45:00,real_time_price,109.19,flat,156.55313110351562
2026-02-19 14:00:00,real_time_price,109.18,peak,139.61724853515625
2026-02-19 14:15:00,real_time_price,145.83,peak,55.68926239013672
2026-02-19 14:30:00,real_time_price,43.25,peak,66.5280990600586
2026-02-19 14:45:00,real_time_price,103.93,peak,82.61695098876953
2026-02-19 15:00:00,real_time_price,109.18,peak,58.21097946166992
2026-02-19 15:15:00,real_time_price,92.64,peak,109.0763168334961
2026-02-19 15:30:00,real_time_price,102.51,peak,95.48971557617188
2026-02-19 15:45:00,real_time_price,43.25,peak,114.57003021240234
2026-02-19 16:00:00,real_time_price,187.1,peak,90.56476593017578
2026-02-19 16:15:00,real_time_price,102.51,peak,183.33364868164062
2026-02-19 16:30:00,real_time_price,170.0,peak,146.31504821777344
2026-02-19 16:45:00,real_time_price,290.8,peak,195.7883758544922
2026-02-19 17:00:00,real_time_price,285.6,peak,252.3271026611328
2026-02-19 17:15:00,real_time_price,260.0,peak,278.6942443847656
2026-02-19 17:30:00,real_time_price,270.3,peak,270.048095703125
2026-02-19 17:45:00,real_time_price,280.3,peak,250.4851837158203
2026-02-19 18:00:00,real_time_price,295.0,peak,276.3486022949219
2026-02-19 18:15:00,real_time_price,295.0,peak,261.00262451171875
2026-02-19 18:30:00,real_time_price,300.0,peak,273.916259765625
2026-02-19 18:45:00,real_time_price,310.0,peak,303.1128234863281
2026-02-19 19:00:00,real_time_price,399.97,flat,311.40802001953125
2026-02-19 19:15:00,real_time_price,285.3,flat,346.83648681640625
2026-02-19 19:30:00,real_time_price,258.0,flat,348.2169189453125
2026-02-19 19:45:00,real_time_price,270.3,flat,295.2491149902344
2026-02-19 20:00:00,real_time_price,270.3,flat,276.5975036621094
2026-02-19 20:15:00,real_time_price,270.3,flat,281.1921081542969
2026-02-19 20:30:00,real_time_price,270.31,flat,287.0747375488281
2026-02-19 20:45:00,real_time_price,270.3,flat,290.7479248046875
2026-02-19 21:00:00,real_time_price,326.0,flat,284.1836242675781
2026-02-19 21:15:00,real_time_price,308.13,flat,324.58868408203125
2026-02-19 21:30:00,real_time_price,285.3,flat,328.5150146484375
2026-02-19 21:45:00,real_time_price,330.0,flat,300.8956604003906
2026-02-19 22:00:00,real_time_price,307.21,flat,327.6620178222656
2026-02-19 22:15:00,real_time_price,300.0,flat,312.51043701171875
2026-02-19 22:30:00,real_time_price,300.0,flat,297.4947814941406
2026-02-19 22:45:00,real_time_price,307.79,flat,296.04498291015625
2026-02-19 23:00:00,real_time_price,292.03,flat,299.1015319824219
2026-02-19 23:15:00,real_time_price,310.29,flat,289.68060302734375
2026-02-19 23:30:00,real_time_price,290.99,flat,301.2724914550781
2026-02-19 23:45:00,real_time_price,279.0,flat,290.6736755371094
2026-02-20 00:00:00,real_time_price,270.3,valley,248.7583770751953
2026-02-20 00:15:00,real_time_price,278.3,valley,245.2264862060547
2026-02-20 00:30:00,real_time_price,300.0,valley,352.48443603515625
2026-02-20 00:45:00,real_time_price,310.6,valley,264.19384765625
2026-02-20 01:00:00,real_time_price,361.13,valley,271.90753173828125
2026-02-20 01:15:00,real_time_price,428.0,valley,293.0440979003906
2026-02-20 01:30:00,real_time_price,485.0,valley,327.02850341796875
2026-02-20 01:45:00,real_time_price,400.0,valley,340.2961730957031
2026-02-20 02:00:00,real_time_price,437.89,valley,373.96185302734375
2026-02-20 02:15:00,real_time_price,410.38,valley,361.2536926269531
2026-02-20 02:30:00,real_time_price,334.0,valley,372.8501892089844
2026-02-20 02:45:00,real_time_price,303.8,valley,314.6015625
2026-02-20 03:00:00,real_time_price,300.0,valley,279.15643310546875
2026-02-20 03:15:00,real_time_price,330.0,valley,270.7685546875
2026-02-20 03:30:00,real_time_price,270.3,valley,283.1336669921875
2026-02-20 03:45:00,real_time_price,292.3,valley,250.2751007080078
2026-02-20 04:00:00,real_time_price,295.0,valley,244.88131713867188
2026-02-20 04:15:00,real_time_price,265.3,valley,255.60157775878906
2026-02-20 04:30:00,real_time_price,270.3,valley,243.30516052246094
2026-02-20 04:45:00,real_time_price,270.0,valley,244.98670959472656
2026-02-20 05:00:00,real_time_price,273.0,valley,236.2848358154297
2026-02-20 05:15:00,real_time_price,273.0,valley,231.17323303222656
2026-02-20 05:30:00,real_time_price,270.3,valley,233.3520050048828
2026-02-20 05:45:00,real_time_price,270.5,valley,252.13287353515625
2026-02-20 06:00:00,real_time_price,290.0,valley,240.10626220703125
2026-02-20 06:15:00,real_time_price,282.0,valley,238.5996551513672
2026-02-20 06:30:00,real_time_price,318.0,valley,229.1004180908203
2026-02-20 06:45:00,real_time_price,291.0,valley,265.5575256347656
2026-02-20 07:00:00,real_time_price,328.0,valley,277.2446594238281
2026-02-20 07:15:00,real_time_price,361.0,valley,265.3630065917969
2026-02-20 07:30:00,real_time_price,357.0,valley,317.0765686035156
2026-02-20 07:45:00,real_time_price,410.38,valley,334.66082763671875
2026-02-20 08:00:00,real_time_price,428.0,flat,405.6161804199219
2026-02-20 08:15:00,real_time_price,380.99,flat,437.5272216796875
2026-02-20 08:30:00,real_time_price,410.38,flat,423.2303161621094
2026-02-20 08:45:00,real_time_price,388.27,flat,412.3431091308594
2026-02-20 09:00:00,real_time_price,300.0,flat,392.4737243652344
2026-02-20 09:15:00,real_time_price,359.88,flat,312.2894592285156
2026-02-20 09:30:00,real_time_price,300.0,flat,336.88330078125
2026-02-20 09:45:00,real_time_price,269.0,flat,311.0981750488281
2026-02-20 10:00:00,real_time_price,43.25,peak,229.2329864501953
2026-02-20 10:15:00,real_time_price,270.1,peak,207.09677124023438
2026-02-20 10:30:00,real_time_price,0.0,peak,176.6331024169922
2026-02-20 10:45:00,real_time_price,9.62,peak,117.23871612548828
2026-02-20 11:00:00,real_time_price,-46.17,peak,87.2893295288086
2026-02-20 11:15:00,real_time_price,-50.0,peak,15.152473449707031
2026-02-20 11:30:00,real_time_price,-50.0,peak,-8.759551048278809
2026-02-20 11:45:00,real_time_price,-7.08,peak,49.449886322021484
2026-02-20 12:00:00,real_time_price,43.08,flat,207.4565887451172
2026-02-20 12:15:00,real_time_price,43.25,flat,15.168126106262207
2026-02-20 12:30:00,real_time_price,43.25,flat,47.168582916259766
2026-02-20 12:45:00,real_time_price,43.25,flat,89.2009048461914
2026-02-20 13:00:00,real_time_price,43.25,flat,61.1303596496582
2026-02-20 13:15:00,real_time_price,43.25,flat,87.24616241455078
2026-02-20 13:30:00,real_time_price,43.25,flat,90.10081481933594
2026-02-20 13:45:00,real_time_price,43.25,flat,82.65872955322266
2026-02-20 14:00:00,real_time_price,146.68,peak,82.34133911132812
2026-02-20 14:15:00,real_time_price,146.68,peak,60.95897674560547
2026-02-20 14:30:00,real_time_price,146.68,peak,78.37055969238281
2026-02-20 14:45:00,real_time_price,145.83,peak,126.4046859741211
2026-02-20 15:00:00,real_time_price,43.25,peak,133.74261474609375
2026-02-20 15:15:00,real_time_price,43.25,peak,101.3534164428711
2026-02-20 15:30:00,real_time_price,43.25,peak,93.29327392578125
2026-02-20 15:45:00,real_time_price,43.25,peak,84.0237808227539
2026-02-20 16:00:00,real_time_price,17.49,peak,77.85264587402344
2026-02-20 16:15:00,real_time_price,17.49,peak,94.93708038330078
2026-02-20 16:30:00,real_time_price,-50.0,peak,84.22348022460938
2026-02-20 16:45:00,real_time_price,-7.0,peak,72.1431655883789
2026-02-20 17:00:00,real_time_price,145.83,peak,112.37904357910156
2026-02-20 17:15:00,real_time_price,261.0,peak,189.73046875
2026-02-20 17:30:00,real_time_price,324.95,peak,264.2550354003906
2026-02-20 17:45:00,real_time_price,310.0,peak,305.4564208984375
2026-02-20 18:00:00,real_time_price,310.0,peak,327.8293151855469
2026-02-20 18:15:00,real_time_price,330.7,peak,315.5784606933594
2026-02-20 18:30:00,real_time_price,310.0,peak,340.4618225097656
2026-02-20 18:45:00,real_time_price,332.3,peak,355.9129638671875
2026-02-20 19:00:00,real_time_price,272.0,flat,335.2335510253906
2026-02-20 19:15:00,real_time_price,285.3,flat,279.4942321777344
2026-02-20 19:30:00,real_time_price,300.0,flat,314.9693603515625
2026-02-20 19:45:00,real_time_price,285.28,flat,303.6629333496094
2026-02-20 20:00:00,real_time_price,280.1,flat,299.68994140625
2026-02-20 20:15:00,real_time_price,300.0,flat,298.043701171875
2026-02-20 20:30:00,real_time_price,298.82,flat,305.5606384277344
2026-02-20 20:45:00,real_time_price,290.0,flat,309.08416748046875
2026-02-20 21:00:00,real_time_price,287.71,flat,303.7392272949219
2026-02-20 21:15:00,real_time_price,290.0,flat,295.432861328125
2026-02-20 21:30:00,real_time_price,290.0,flat,302.48211669921875
2026-02-20 21:45:00,real_time_price,290.0,flat,307.91998291015625
2026-02-20 22:00:00,real_time_price,300.0,flat,300.6871337890625
2026-02-20 22:15:00,real_time_price,296.0,flat,305.6813049316406
2026-02-20 22:30:00,real_time_price,306.0,flat,294.5685119628906
2026-02-20 22:45:00,real_time_price,295.0,flat,302.4717102050781
2026-02-20 23:00:00,real_time_price,320.0,flat,290.2496032714844
2026-02-20 23:15:00,real_time_price,314.3,flat,308.0509033203125
2026-02-20 23:30:00,real_time_price,310.0,flat,312.1921081542969
2026-02-20 23:45:00,real_time_price,400.0,flat,306.0835876464844
2026-02-21 00:00:00,real_time_price,372.11,valley,295.333740234375
2026-02-21 00:15:00,real_time_price,300.0,valley,306.47955322265625
2026-02-21 00:30:00,real_time_price,791.0,valley,431.94195556640625
2026-02-21 00:45:00,real_time_price,330.0,valley,386.2012023925781
2026-02-21 01:00:00,real_time_price,416.72,valley,343.8957214355469
2026-02-21 01:15:00,real_time_price,460.0,valley,385.9994201660156
2026-02-21 01:30:00,real_time_price,415.67,valley,405.81298828125
2026-02-21 01:45:00,real_time_price,420.0,valley,379.89398193359375
2026-02-21 02:00:00,real_time_price,369.11,valley,376.81536865234375
2026-02-21 02:15:00,real_time_price,358.0,valley,321.84832763671875
2026-02-21 02:30:00,real_time_price,400.0,valley,328.5819091796875
2026-02-21 02:45:00,real_time_price,300.0,valley,344.8550109863281
2026-02-21 03:00:00,real_time_price,305.0,valley,331.2484130859375
2026-02-21 03:15:00,real_time_price,380.0,valley,281.27362060546875
2026-02-21 03:30:00,real_time_price,338.0,valley,306.688232421875
2026-02-21 03:45:00,real_time_price,330.2,valley,305.66693115234375
2026-02-21 04:00:00,real_time_price,307.0,valley,301.88909912109375
2026-02-21 04:15:00,real_time_price,328.0,valley,295.6396789550781
2026-02-21 04:30:00,real_time_price,300.0,valley,278.11834716796875
2026-02-21 04:45:00,real_time_price,298.0,valley,280.908203125
2026-02-21 05:00:00,real_time_price,290.0,valley,252.72589111328125
2026-02-21 05:15:00,real_time_price,273.0,valley,259.1632080078125
2026-02-21 05:30:00,real_time_price,320.3,valley,248.30703735351562
2026-02-21 05:45:00,real_time_price,287.6,valley,262.75262451171875
2026-02-21 06:00:00,real_time_price,296.0,valley,275.31610107421875
2026-02-21 06:15:00,real_time_price,372.0,valley,250.54937744140625
2026-02-21 06:30:00,real_time_price,300.0,valley,331.3719787597656
2026-02-21 06:45:00,real_time_price,334.0,valley,293.7443542480469
2026-02-21 07:00:00,real_time_price,386.04,valley,303.378173828125
2026-02-21 07:15:00,real_time_price,350.0,valley,349.0745849609375
2026-02-21 07:30:00,real_time_price,361.0,valley,339.7818298339844
2026-02-21 07:45:00,real_time_price,340.0,valley,349.0527038574219
2026-02-21 08:00:00,real_time_price,338.0,flat,362.9555358886719
2026-02-21 08:15:00,real_time_price,320.0,flat,375.92474365234375
2026-02-21 08:30:00,real_time_price,320.0,flat,350.5077819824219
2026-02-21 08:45:00,real_time_price,43.25,flat,329.0125427246094
2026-02-21 09:00:00,real_time_price,270.0,flat,222.46533203125
2026-02-21 09:15:00,real_time_price,43.25,flat,264.8441162109375
2026-02-21 09:30:00,real_time_price,17.49,flat,144.44725036621094
2026-02-21 09:45:00,real_time_price,43.25,flat,81.51168060302734
2026-02-21 10:00:00,real_time_price,102.51,peak,77.83170318603516
2026-02-21 10:15:00,real_time_price,103.93,peak,88.48873138427734
2026-02-21 10:30:00,real_time_price,17.49,peak,118.70218658447266
2026-02-21 10:45:00,real_time_price,106.12,peak,62.68585205078125
2026-02-21 11:00:00,real_time_price,17.49,peak,37.747169494628906
2026-02-21 11:15:00,real_time_price,145.83,peak,80.58749389648438
2026-02-21 11:30:00,real_time_price,43.25,peak,52.521575927734375
2026-02-21 11:45:00,real_time_price,43.25,peak,107.52574157714844
2026-02-21 12:00:00,real_time_price,145.83,flat,72.05970764160156
2026-02-21 12:15:00,real_time_price,145.83,flat,77.04401397705078
2026-02-21 12:30:00,real_time_price,43.25,flat,123.55458068847656
2026-02-21 12:45:00,real_time_price,43.25,flat,99.33904266357422
2026-02-21 13:00:00,real_time_price,17.49,flat,72.59492492675781
2026-02-21 13:15:00,real_time_price,17.49,flat,73.931640625
2026-02-21 13:30:00,real_time_price,17.49,flat,75.83824157714844
2026-02-21 13:45:00,real_time_price,22.7,flat,69.09529876708984
2026-02-21 14:00:00,real_time_price,-6.71,peak,133.15797424316406
2026-02-21 14:15:00,real_time_price,-49.71,peak,13.341734886169434
2026-02-21 14:30:00,real_time_price,0.0,peak,-13.991296768188477
2026-02-21 14:45:00,real_time_price,-7.0,peak,20.938560485839844
2026-02-21 15:00:00,real_time_price,-50.0,peak,0.6510367393493652
2026-02-21 15:15:00,real_time_price,0.0,peak,-8.145146369934082
2026-02-21 15:30:00,real_time_price,-50.0,peak,20.074298858642578
2026-02-21 15:45:00,real_time_price,-50.0,peak,-4.487588405609131
2026-02-21 16:00:00,real_time_price,-50.0,peak,-14.066492080688477
2026-02-21 16:15:00,real_time_price,-50.0,peak,-15.061906814575195
2026-02-21 16:30:00,real_time_price,0.04,peak,-15.337347984313965
2026-02-21 16:45:00,real_time_price,230.98,peak,98.0889663696289
2026-02-21 17:00:00,real_time_price,251.58,peak,259.40240478515625
2026-02-21 17:15:00,real_time_price,265.92,peak,268.38201904296875
2026-02-21 17:30:00,real_time_price,291.55,peak,263.86920166015625
2026-02-21 17:45:00,real_time_price,300.0,peak,253.43789672851562
2026-02-21 18:00:00,real_time_price,300.0,peak,306.97528076171875
2026-02-21 18:15:00,real_time_price,300.0,peak,296.9775695800781
2026-02-21 18:30:00,real_time_price,285.3,peak,312.0186767578125
2026-02-21 18:45:00,real_time_price,300.0,peak,279.095458984375
2026-02-21 19:00:00,real_time_price,300.0,flat,299.1329345703125
2026-02-21 19:15:00,real_time_price,280.0,flat,297.40863037109375
2026-02-21 19:30:00,real_time_price,110.0,flat,311.62469482421875
2026-02-21 19:45:00,real_time_price,278.3,flat,269.43817138671875
2026-02-21 20:00:00,real_time_price,280.1,flat,268.5380859375
2026-02-21 20:15:00,real_time_price,270.0,flat,281.5863037109375
2026-02-21 20:30:00,real_time_price,275.0,flat,263.2135314941406
2026-02-21 20:45:00,real_time_price,361.0,flat,287.46588134765625
2026-02-21 21:00:00,real_time_price,310.0,flat,327.8053283691406
2026-02-21 21:15:00,real_time_price,300.0,flat,312.3616027832031
2026-02-21 21:30:00,real_time_price,300.0,flat,307.25640869140625
2026-02-21 21:45:00,real_time_price,304.0,flat,293.5268859863281
2026-02-21 22:00:00,real_time_price,300.0,flat,295.0460510253906
2026-02-21 22:15:00,real_time_price,300.0,flat,290.0404968261719
2026-02-21 22:30:00,real_time_price,302.0,flat,284.9189758300781
2026-02-21 22:45:00,real_time_price,400.0,flat,284.09930419921875
2026-02-21 23:00:00,real_time_price,290.0,flat,329.843994140625
2026-02-21 23:15:00,real_time_price,340.0,flat,297.5887451171875
2026-02-21 23:30:00,real_time_price,330.0,flat,309.5965576171875
2026-02-21 23:45:00,real_time_price,358.0,flat,324.3579406738281
2026-02-22 00:00:00,real_time_price,371.49,valley,308.6285400390625
2026-02-22 00:15:00,real_time_price,308.27,valley,323.792724609375
2026-02-22 00:30:00,real_time_price,350.0,valley,544.989990234375
2026-02-22 00:45:00,real_time_price,420.0,valley,349.1429443359375
2026-02-22 01:00:00,real_time_price,631.7,valley,360.421630859375
2026-02-22 01:15:00,real_time_price,500.0,valley,391.7695007324219
2026-02-22 01:30:00,real_time_price,460.0,valley,436.69537353515625
2026-02-22 01:45:00,real_time_price,445.77,valley,423.2633056640625
2026-02-22 02:00:00,real_time_price,330.2,valley,401.52423095703125
2026-02-22 02:15:00,real_time_price,270.1,valley,323.97271728515625
2026-02-22 02:30:00,real_time_price,313.33,valley,305.6013488769531
2026-02-22 02:45:00,real_time_price,316.71,valley,290.00372314453125
2026-02-22 03:00:00,real_time_price,314.3,valley,291.51513671875
2026-02-22 03:15:00,real_time_price,328.0,valley,297.2746276855469
2026-02-22 03:30:00,real_time_price,316.71,valley,296.7990417480469
2026-02-22 03:45:00,real_time_price,316.5,valley,301.3277893066406
2026-02-22 04:00:00,real_time_price,280.0,valley,296.19659423828125
2026-02-22 04:15:00,real_time_price,300.0,valley,270.1325378417969
2026-02-22 04:30:00,real_time_price,293.0,valley,272.6364440917969
2026-02-22 04:45:00,real_time_price,300.0,valley,280.51593017578125
2026-02-22 05:00:00,real_time_price,301.0,valley,269.34228515625
2026-02-22 05:15:00,real_time_price,298.0,valley,280.220703125
2026-02-22 05:30:00,real_time_price,358.82,valley,281.1890869140625
2026-02-22 05:45:00,real_time_price,338.0,valley,313.225341796875
2026-02-22 06:00:00,real_time_price,308.0,valley,327.24774169921875
2026-02-22 06:15:00,real_time_price,300.0,valley,309.54248046875
2026-02-22 06:30:00,real_time_price,295.0,valley,293.4114685058594
2026-02-22 06:45:00,real_time_price,358.0,valley,287.60150146484375
2026-02-22 07:00:00,real_time_price,400.0,valley,345.6515808105469
2026-02-22 07:15:00,real_time_price,340.0,valley,361.2873229980469
2026-02-22 07:30:00,real_time_price,399.79,valley,340.4571228027344
2026-02-22 07:45:00,real_time_price,438.95,valley,405.6736145019531
2026-02-22 08:00:00,real_time_price,359.88,flat,416.98419189453125
2026-02-22 08:15:00,real_time_price,359.88,flat,387.9656677246094
2026-02-22 08:30:00,real_time_price,288.6,flat,390.54345703125
2026-02-22 08:45:00,real_time_price,329.16,flat,306.58123779296875
2026-02-22 09:00:00,real_time_price,338.0,flat,313.8245849609375
2026-02-22 09:15:00,real_time_price,320.0,flat,311.54656982421875
2026-02-22 09:30:00,real_time_price,295.0,flat,322.111083984375
2026-02-22 09:45:00,real_time_price,270.3,flat,286.05950927734375
2026-02-22 10:00:00,real_time_price,43.25,peak,214.4685516357422
2026-02-22 10:15:00,real_time_price,146.68,peak,135.47801208496094
2026-02-22 10:30:00,real_time_price,187.1,peak,87.23420715332031
2026-02-22 10:45:00,real_time_price,-50.0,peak,151.15570068359375
2026-02-22 11:00:00,real_time_price,-49.97,peak,21.66961669921875
2026-02-22 11:15:00,real_time_price,-50.0,peak,-2.5140323638916016
2026-02-22 11:30:00,real_time_price,-50.0,peak,27.40114974975586
2026-02-22 11:45:00,real_time_price,-49.06,peak,-5.3445143699646
2026-02-22 12:00:00,real_time_price,-49.97,flat,20.681856155395508
2026-02-22 12:15:00,real_time_price,-50.0,flat,-8.306138038635254
2026-02-22 12:30:00,real_time_price,-50.0,flat,-32.15100860595703
2026-02-22 12:45:00,real_time_price,3.49,flat,-27.6147403717041
2026-02-22 13:00:00,real_time_price,-0.27,flat,-2.938905715942383
2026-02-22 13:15:00,real_time_price,-48.57,flat,-24.566551208496094
2026-02-22 13:30:00,real_time_price,-4.63,flat,-37.95878219604492
2026-02-22 13:45:00,real_time_price,153.42,flat,-28.13958168029785
2026-02-22 14:00:00,real_time_price,-15.24,peak,87.73736572265625
2026-02-22 14:15:00,real_time_price,-1.47,peak,7.488214492797852
2026-02-22 14:30:00,real_time_price,-22.51,peak,-5.6532979011535645
2026-02-22 14:45:00,real_time_price,-37.33,peak,10.828975677490234
2026-02-22 15:00:00,real_time_price,64.11,peak,-22.67207908630371
2026-02-22 15:15:00,real_time_price,-48.94,peak,40.02008056640625
2026-02-22 15:30:00,real_time_price,-41.01,peak,-11.053009986877441
2026-02-22 15:45:00,real_time_price,-47.61,peak,-11.965188980102539
2026-02-22 16:00:00,real_time_price,-46.72,peak,31.389530181884766
2026-02-22 16:15:00,real_time_price,-48.11,peak,-26.468048095703125
2026-02-22 16:30:00,real_time_price,10.0,peak,12.673341751098633
2026-02-22 16:45:00,real_time_price,300.0,peak,76.70117950439453
2026-02-22 17:00:00,real_time_price,289.01,peak,308.4488220214844
2026-02-22 17:15:00,real_time_price,358.0,peak,261.7288818359375
2026-02-22 17:30:00,real_time_price,350.63,peak,316.9846496582031
2026-02-22 17:45:00,real_time_price,350.94,peak,336.25341796875
2026-02-22 18:00:00,real_time_price,354.75,peak,341.27947998046875
2026-02-22 18:15:00,real_time_price,301.35,peak,351.88037109375
2026-02-22 18:30:00,real_time_price,330.87,peak,378.7268371582031
2026-02-22 18:45:00,real_time_price,330.87,peak,360.2044982910156
2026-02-22 19:00:00,real_time_price,330.87,flat,312.1573486328125
2026-02-22 19:15:00,real_time_price,270.1,flat,319.13983154296875
2026-02-22 19:30:00,real_time_price,270.1,flat,297.63690185546875
2026-02-22 19:45:00,real_time_price,275.2,flat,279.5628356933594
2026-02-22 20:00:00,real_time_price,300.0,flat,270.5207824707031
2026-02-22 20:15:00,real_time_price,290.0,flat,282.0335998535156
2026-02-22 20:30:00,real_time_price,270.0,flat,297.54742431640625
2026-02-22 20:45:00,real_time_price,270.0,flat,285.73724365234375
2026-02-22 21:00:00,real_time_price,270.0,flat,273.083251953125
2026-02-22 21:15:00,real_time_price,300.0,flat,269.2786865234375
2026-02-22 21:30:00,real_time_price,381.67,flat,290.66253662109375
2026-02-22 21:45:00,real_time_price,300.33,flat,340.67791748046875
2026-02-22 22:00:00,real_time_price,331.82,flat,307.9154357910156
2026-02-22 22:15:00,real_time_price,334.86,flat,316.2560729980469
2026-02-22 22:30:00,real_time_price,328.78,flat,328.2751159667969
2026-02-22 22:45:00,real_time_price,331.82,flat,318.48419189453125
2026-02-22 23:00:00,real_time_price,328.78,flat,311.0030517578125
2026-02-22 23:15:00,real_time_price,318.61,flat,310.5555725097656
2026-02-22 23:30:00,real_time_price,443.75,flat,312.5015563964844
2026-02-22 23:45:00,real_time_price,350.32,flat,347.2317199707031
2026-02-23 00:00:00,real_time_price,333.78,valley,333.6946105957031
2026-02-23 00:15:00,real_time_price,290.5,valley,296.3141784667969
2026-02-23 00:30:00,real_time_price,354.51,valley,700.9859008789062
2026-02-23 00:45:00,real_time_price,350.08,valley,336.1604919433594
2026-02-23 01:00:00,real_time_price,401.43,valley,408.6633605957031
2026-02-23 01:15:00,real_time_price,320.36,valley,423.8017883300781
2026-02-23 01:30:00,real_time_price,293.2,valley,340.69268798828125
2026-02-23 01:45:00,real_time_price,301.11,valley,326.23388671875
2026-02-23 02:00:00,real_time_price,297.75,valley,294.5968017578125
2026-02-23 02:15:00,real_time_price,290.3,valley,275.5224304199219
2026-02-23 02:30:00,real_time_price,269.0,valley,296.40350341796875
2026-02-23 02:45:00,real_time_price,280.0,valley,261.16314697265625
2026-02-23 03:00:00,real_time_price,280.0,valley,253.4295196533203
2026-02-23 03:15:00,real_time_price,274.0,valley,255.10125732421875
2026-02-23 03:30:00,real_time_price,270.5,valley,252.71482849121094
2026-02-23 03:45:00,real_time_price,269.0,valley,258.0478515625
2026-02-23 04:00:00,real_time_price,261.0,valley,244.84593200683594
2026-02-23 04:15:00,real_time_price,265.3,valley,239.18087768554688
2026-02-23 04:30:00,real_time_price,325.7,valley,237.08071899414062
2026-02-23 04:45:00,real_time_price,268.0,valley,268.406494140625
2026-02-23 05:00:00,real_time_price,265.0,valley,259.905517578125
2026-02-23 05:15:00,real_time_price,263.0,valley,246.65061950683594
2026-02-23 05:30:00,real_time_price,250.0,valley,259.0962219238281
2026-02-23 05:45:00,real_time_price,250.0,valley,252.48085021972656
2026-02-23 06:00:00,real_time_price,250.0,valley,236.56704711914062
2026-02-23 06:15:00,real_time_price,250.0,valley,219.5062713623047
2026-02-23 06:30:00,real_time_price,257.0,valley,205.65191650390625
2026-02-23 06:45:00,real_time_price,260.3,valley,260.51434326171875
2026-02-23 07:00:00,real_time_price,268.0,valley,243.4838104248047
2026-02-23 07:15:00,real_time_price,260.3,valley,251.75013732910156
2026-02-23 07:30:00,real_time_price,260.3,valley,253.61549377441406
2026-02-23 07:45:00,real_time_price,269.0,valley,332.4258117675781
2026-02-23 08:00:00,real_time_price,270.3,flat,278.8727722167969
2026-02-23 08:15:00,real_time_price,148.79,flat,272.2605285644531
2026-02-23 08:30:00,real_time_price,0.0,flat,253.67205810546875
2026-02-23 08:45:00,real_time_price,0.0,flat,71.99305725097656
2026-02-23 09:00:00,real_time_price,0.0,flat,64.63615417480469
2026-02-23 09:15:00,real_time_price,-50.0,flat,34.43906021118164
2026-02-23 09:30:00,real_time_price,0.0,flat,-28.478151321411133
2026-02-23 09:45:00,real_time_price,43.25,flat,55.869293212890625
2026-02-23 10:00:00,real_time_price,43.25,peak,74.3592758178711
2026-02-23 10:15:00,real_time_price,43.25,peak,62.12042999267578
2026-02-23 10:30:00,real_time_price,-50.0,peak,51.53781509399414
2026-02-23 10:45:00,real_time_price,239.49,peak,18.240299224853516
2026-02-23 11:00:00,real_time_price,-29.02,peak,236.7747344970703
2026-02-23 11:15:00,real_time_price,42.65,peak,92.12345123291016
2026-02-23 11:30:00,real_time_price,37.32,peak,61.05709457397461
2026-02-23 11:45:00,real_time_price,244.28,peak,124.9031982421875
2026-02-23 12:00:00,real_time_price,76.74,flat,197.33905029296875
2026-02-23 12:15:00,real_time_price,-7.0,flat,116.59517669677734
2026-02-23 12:30:00,real_time_price,4.72,flat,134.79783630371094
2026-02-23 12:45:00,real_time_price,52.42,flat,67.93338775634766
2026-02-23 13:00:00,real_time_price,43.5,flat,106.24128723144531
2026-02-23 13:15:00,real_time_price,43.2,flat,56.76089859008789
2026-02-23 13:30:00,real_time_price,73.86,flat,89.617431640625
2026-02-23 13:45:00,real_time_price,43.25,flat,112.42351531982422
2026-02-23 14:00:00,real_time_price,43.48,peak,75.7968521118164
2026-02-23 14:15:00,real_time_price,-49.73,peak,69.91001892089844
2026-02-23 14:30:00,real_time_price,-49.75,peak,0.832359790802002
2026-02-23 14:45:00,real_time_price,-44.44,peak,-17.264434814453125
2026-02-23 15:00:00,real_time_price,-49.74,peak,-10.05042839050293
2026-02-23 15:15:00,real_time_price,-50.0,peak,-28.54279899597168
2026-02-23 15:30:00,real_time_price,-50.0,peak,-9.801036834716797
2026-02-23 15:45:00,real_time_price,0.3,peak,-32.8079833984375
2026-02-23 16:00:00,real_time_price,-50.0,peak,51.877681732177734
2026-02-23 16:15:00,real_time_price,-48.28,peak,-31.204681396484375
2026-02-23 16:30:00,real_time_price,-50.0,peak,1.6774641275405884
2026-02-23 16:45:00,real_time_price,-50.0,peak,112.57667541503906
2026-02-23 17:00:00,real_time_price,-47.68,peak,105.1116714477539
2026-02-23 17:15:00,real_time_price,58.18,peak,104.00774383544922
2026-02-23 17:30:00,real_time_price,271.0,peak,186.59918212890625
2026-02-23 17:45:00,real_time_price,265.2,peak,233.4654998779297
2026-02-23 18:00:00,real_time_price,279.58,peak,261.8421630859375
2026-02-23 18:15:00,real_time_price,280.5,peak,301.4549865722656
2026-02-23 18:30:00,real_time_price,345.52,peak,274.3941345214844
2026-02-23 18:45:00,real_time_price,295.31,peak,317.5210876464844
2026-02-23 19:00:00,real_time_price,301.0,flat,271.0286560058594
2026-02-23 19:15:00,real_time_price,265.2,flat,307.0810241699219
2026-02-23 19:30:00,real_time_price,263.0,flat,237.2499237060547
2026-02-23 19:45:00,real_time_price,279.99,flat,269.4305725097656
2026-02-23 20:00:00,real_time_price,280.0,flat,306.5125427246094
2026-02-23 20:15:00,real_time_price,285.1,flat,288.54888916015625
2026-02-23 20:30:00,real_time_price,280.1,flat,308.67498779296875
2026-02-23 20:45:00,real_time_price,275.3,flat,293.7707214355469
2026-02-23 21:00:00,real_time_price,269.0,flat,286.0328674316406
2026-02-23 21:15:00,real_time_price,269.0,flat,270.92608642578125
2026-02-23 21:30:00,real_time_price,271.0,flat,274.7113952636719
2026-02-23 21:45:00,real_time_price,270.0,flat,273.8719177246094
2026-02-23 22:00:00,real_time_price,265.3,flat,271.9366760253906
2026-02-23 22:15:00,real_time_price,261.0,flat,266.4229431152344
2026-02-23 22:30:00,real_time_price,267.0,flat,260.88885498046875
2026-02-23 22:45:00,real_time_price,268.3,flat,270.33544921875
2026-02-23 23:00:00,real_time_price,264.0,flat,259.9256286621094
2026-02-23 23:15:00,real_time_price,263.0,flat,255.98214721679688
2026-02-23 23:30:00,real_time_price,260.5,flat,250.5736846923828
2026-02-23 23:45:00,real_time_price,260.0,flat,252.24774169921875
2026-02-24 00:00:00,real_time_price,254.0,valley,263.2949523925781
2026-02-24 00:15:00,real_time_price,250.0,valley,243.86383056640625
2026-02-24 00:30:00,real_time_price,43.25,valley,365.3363952636719
2026-02-24 00:45:00,real_time_price,800.0,valley,201.6506805419922
2026-02-24 01:00:00,real_time_price,300.0,valley,112.90959930419922
2026-02-24 01:15:00,real_time_price,280.3,valley,266.83941650390625
2026-02-24 01:30:00,real_time_price,280.0,valley,304.93115234375
2026-02-24 01:45:00,real_time_price,275.0,valley,294.640380859375
2026-02-24 02:00:00,real_time_price,270.1,valley,274.5768127441406
2026-02-24 02:15:00,real_time_price,270.0,valley,265.24542236328125
2026-02-24 02:30:00,real_time_price,276.6,valley,265.8267517089844
2026-02-24 02:45:00,real_time_price,270.5,valley,262.3094177246094
2026-02-24 03:00:00,real_time_price,270.1,valley,263.80499267578125
2026-02-24 03:15:00,real_time_price,270.0,valley,269.3675537109375
2026-02-24 03:30:00,real_time_price,264.0,valley,264.7821960449219
2026-02-24 03:45:00,real_time_price,258.3,valley,258.19677734375
2026-02-24 04:00:00,real_time_price,260.5,valley,252.718505859375
2026-02-24 04:15:00,real_time_price,259.0,valley,241.89590454101562
2026-02-24 04:30:00,real_time_price,260.0,valley,245.34226989746094
2026-02-24 04:45:00,real_time_price,260.0,valley,236.13888549804688
2026-02-24 05:00:00,real_time_price,260.1,valley,239.91802978515625
2026-02-24 05:15:00,real_time_price,264.0,valley,241.76744079589844
2026-02-24 05:30:00,real_time_price,266.0,valley,244.55056762695312
2026-02-24 05:45:00,real_time_price,270.3,valley,258.4176940917969
2026-02-24 06:00:00,real_time_price,270.0,valley,259.09716796875
2026-02-24 06:15:00,real_time_price,275.3,valley,260.4932556152344
2026-02-24 06:30:00,real_time_price,270.5,valley,261.466796875
2026-02-24 06:45:00,real_time_price,285.0,valley,270.46551513671875
2026-02-24 07:00:00,real_time_price,319.0,valley,279.3887023925781
2026-02-24 07:15:00,real_time_price,300.09,valley,292.88677978515625
2026-02-24 07:30:00,real_time_price,310.2,valley,295.9035949707031
2026-02-24 07:45:00,real_time_price,401.41,valley,312.162841796875
2026-02-24 08:00:00,real_time_price,345.08,flat,351.8268737792969
2026-02-24 08:15:00,real_time_price,421.98,flat,394.1647644042969
2026-02-24 08:30:00,real_time_price,405.98,flat,567.7716674804688
2026-02-24 08:45:00,real_time_price,427.43,flat,430.1288757324219
2026-02-24 09:00:00,real_time_price,367.7,flat,481.470458984375
2026-02-24 09:15:00,real_time_price,463.22,flat,367.75396728515625
2026-02-24 09:30:00,real_time_price,401.0,flat,520.194580078125
2026-02-24 09:45:00,real_time_price,355.13,flat,361.9656066894531
2026-02-24 10:00:00,real_time_price,390.41,peak,313.74188232421875
2026-02-24 10:15:00,real_time_price,396.22,peak,333.0724792480469
2026-02-24 10:30:00,real_time_price,362.89,peak,320.7605895996094
2026-02-24 10:45:00,real_time_price,335.22,peak,293.43145751953125
2026-02-24 11:00:00,real_time_price,302.3,peak,296.90313720703125
2026-02-24 11:15:00,real_time_price,290.87,peak,252.8597869873047
2026-02-24 11:30:00,real_time_price,290.46,peak,300.4977111816406
2026-02-24 11:45:00,real_time_price,43.68,peak,349.0860900878906
2026-02-24 12:00:00,real_time_price,267.01,flat,153.42568969726562
2026-02-24 12:15:00,real_time_price,266.03,flat,176.40573120117188
2026-02-24 12:30:00,real_time_price,270.0,flat,161.99832153320312
2026-02-24 12:45:00,real_time_price,270.2,flat,196.38124084472656
2026-02-24 13:00:00,real_time_price,297.75,flat,226.28846740722656
2026-02-24 13:15:00,real_time_price,279.34,flat,229.22096252441406
2026-02-24 13:30:00,real_time_price,281.5,flat,245.91607666015625
2026-02-24 13:45:00,real_time_price,275.2,flat,285.8087463378906
2026-02-24 14:00:00,real_time_price,280.28,peak,294.38531494140625
2026-02-24 14:15:00,real_time_price,265.96,peak,248.97158813476562
2026-02-24 14:30:00,real_time_price,269.0,peak,229.8804168701172
2026-02-24 14:45:00,real_time_price,268.0,peak,247.65660095214844
2026-02-24 15:00:00,real_time_price,265.5,peak,250.0798797607422
2026-02-24 15:15:00,real_time_price,1.02,peak,248.32192993164062
2026-02-24 15:30:00,real_time_price,270.45,peak,164.06146240234375
2026-02-24 15:45:00,real_time_price,271.55,peak,330.72900390625
2026-02-24 16:00:00,real_time_price,266.15,peak,263.02911376953125
2026-02-24 16:15:00,real_time_price,280.19,peak,270.3222961425781
2026-02-24 16:30:00,real_time_price,326.73,peak,278.94244384765625
2026-02-24 16:45:00,real_time_price,335.14,peak,317.50860595703125
2026-02-24 17:00:00,real_time_price,352.34,peak,342.7115478515625
2026-02-24 17:15:00,real_time_price,401.39,peak,356.9049072265625
2026-02-24 17:30:00,real_time_price,401.35,peak,406.30609130859375
2026-02-24 17:45:00,real_time_price,366.97,peak,349.37322998046875
2026-02-24 18:00:00,real_time_price,367.29,peak,370.15087890625
2026-02-24 18:15:00,real_time_price,375.96,peak,366.8851623535156
2026-02-24 18:30:00,real_time_price,381.73,peak,393.7710266113281
2026-02-24 18:45:00,real_time_price,341.04,peak,427.7995300292969
2026-02-24 19:00:00,real_time_price,311.46,flat,350.26434326171875
2026-02-24 19:15:00,real_time_price,297.06,flat,333.42626953125
2026-02-24 19:30:00,real_time_price,320.2,flat,313.98443603515625
2026-02-24 19:45:00,real_time_price,307.02,flat,314.7284240722656
2026-02-24 20:00:00,real_time_price,293.95,flat,309.5526428222656
2026-02-24 20:15:00,real_time_price,294.89,flat,297.7684631347656
2026-02-24 20:30:00,real_time_price,292.39,flat,303.2463073730469
2026-02-24 20:45:00,real_time_price,279.97,flat,299.8204650878906
2026-02-24 21:00:00,real_time_price,275.04,flat,290.4296569824219
2026-02-24 21:15:00,real_time_price,319.97,flat,289.12786865234375
2026-02-24 21:30:00,real_time_price,295.3,flat,316.5721435546875
2026-02-24 21:45:00,real_time_price,293.98,flat,296.5091247558594
2026-02-24 22:00:00,real_time_price,316.84,flat,288.3548583984375
2026-02-24 22:15:00,real_time_price,314.22,flat,302.6494140625
2026-02-24 22:30:00,real_time_price,324.09,flat,304.78485107421875
2026-02-24 22:45:00,real_time_price,287.9,flat,302.53631591796875
2026-02-24 23:00:00,real_time_price,310.2,flat,286.54730224609375
2026-02-24 23:15:00,real_time_price,330.5,flat,285.87017822265625
2026-02-24 23:30:00,real_time_price,330.47,flat,312.992431640625
2026-02-24 23:45:00,real_time_price,330.5,flat,310.48211669921875
2026-02-25 00:00:00,real_time_price,295.3,valley,301.8116455078125
2026-02-25 00:15:00,real_time_price,250.0,valley,281.46240234375
2026-02-25 00:30:00,real_time_price,278.0,valley,339.9188537597656
2026-02-25 00:45:00,real_time_price,280.0,valley,230.0817413330078
2026-02-25 01:00:00,real_time_price,280.0,valley,282.46868896484375
2026-02-25 01:15:00,real_time_price,280.0,valley,272.0023498535156
2026-02-25 01:30:00,real_time_price,280.0,valley,275.07623291015625
2026-02-25 01:45:00,real_time_price,285.0,valley,275.0219421386719
2026-02-25 02:00:00,real_time_price,297.11,valley,273.98455810546875
2026-02-25 02:15:00,real_time_price,323.41,valley,281.37677001953125
2026-02-25 02:30:00,real_time_price,326.74,valley,293.4279479980469
2026-02-25 02:45:00,real_time_price,311.62,valley,309.23291015625
2026-02-25 03:00:00,real_time_price,299.07,valley,306.0137023925781
2026-02-25 03:15:00,real_time_price,280.0,valley,287.8655700683594
2026-02-25 03:30:00,real_time_price,285.0,valley,284.3160705566406
2026-02-25 03:45:00,real_time_price,280.0,valley,274.8559875488281
2026-02-25 04:00:00,real_time_price,280.0,valley,275.9167785644531
2026-02-25 04:15:00,real_time_price,276.0,valley,273.78778076171875
2026-02-25 04:30:00,real_time_price,286.0,valley,282.65020751953125
2026-02-25 04:45:00,real_time_price,285.0,valley,273.6144714355469
2026-02-25 05:00:00,real_time_price,280.0,valley,278.8823547363281
2026-02-25 05:15:00,real_time_price,276.0,valley,279.29779052734375
2026-02-25 05:30:00,real_time_price,280.0,valley,275.4022216796875
2026-02-25 05:45:00,real_time_price,275.0,valley,277.14764404296875
2026-02-25 06:00:00,real_time_price,270.0,valley,279.6446228027344
2026-02-25 06:15:00,real_time_price,275.2,valley,274.8971862792969
2026-02-25 06:30:00,real_time_price,280.0,valley,275.59320068359375
2026-02-25 06:45:00,real_time_price,311.62,valley,282.2007141113281
2026-02-25 07:00:00,real_time_price,292.94,valley,307.82073974609375
2026-02-25 07:15:00,real_time_price,336.88,valley,280.3878173828125
2026-02-25 07:30:00,real_time_price,332.5,valley,324.8735046386719
2026-02-25 07:45:00,real_time_price,334.47,valley,332.2509765625
2026-02-25 08:00:00,real_time_price,375.57,flat,350.3241882324219
2026-02-25 08:15:00,real_time_price,350.2,flat,391.10089111328125
2026-02-25 08:30:00,real_time_price,323.1,flat,396.51324462890625
2026-02-25 08:45:00,real_time_price,325.21,flat,349.10321044921875
2026-02-25 09:00:00,real_time_price,321.85,flat,344.0560302734375
2026-02-25 09:15:00,real_time_price,269.64,flat,332.56732177734375
2026-02-25 09:30:00,real_time_price,268.71,flat,315.6083068847656
2026-02-25 09:45:00,real_time_price,270.08,flat,268.4754638671875
2026-02-25 10:00:00,real_time_price,267.0,peak,261.6974182128906
2026-02-25 10:15:00,real_time_price,269.4,peak,261.9966125488281
2026-02-25 10:30:00,real_time_price,269.78,peak,250.71963500976562
2026-02-25 10:45:00,real_time_price,0.0,peak,269.1694641113281
2026-02-25 11:00:00,real_time_price,260.4,peak,183.43988037109375
2026-02-25 11:15:00,real_time_price,260.1,peak,236.70892333984375
2026-02-25 11:30:00,real_time_price,263.0,peak,237.8686065673828
2026-02-25 11:45:00,real_time_price,265.19,peak,230.7686004638672
2026-02-25 12:00:00,real_time_price,242.3,flat,267.2721252441406
2026-02-25 12:15:00,real_time_price,256.3,flat,179.34567260742188
2026-02-25 12:30:00,real_time_price,260.1,flat,245.20220947265625
2026-02-25 12:45:00,real_time_price,263.09,flat,254.89674377441406
2026-02-25 13:00:00,real_time_price,275.71,flat,253.15158081054688
2026-02-25 13:15:00,real_time_price,259.98,flat,272.6102600097656
2026-02-25 13:30:00,real_time_price,262.95,flat,239.88075256347656
2026-02-25 13:45:00,real_time_price,261.41,flat,243.6966552734375
2026-02-25 14:00:00,real_time_price,265.48,peak,252.2698516845703
2026-02-25 14:15:00,real_time_price,273.32,peak,237.78872680664062
2026-02-25 14:30:00,real_time_price,265.48,peak,242.7494659423828
2026-02-25 14:45:00,real_time_price,258.08,peak,251.841064453125
2026-02-25 15:00:00,real_time_price,260.0,peak,258.6469421386719
2026-02-25 15:15:00,real_time_price,258.1,peak,247.05238342285156
2026-02-25 15:30:00,real_time_price,257.32,peak,273.055908203125
2026-02-25 15:45:00,real_time_price,258.1,peak,246.48292541503906
2026-02-25 16:00:00,real_time_price,260.0,peak,257.8882141113281
2026-02-25 16:15:00,real_time_price,263.1,peak,251.2769012451172
2026-02-25 16:30:00,real_time_price,268.29,peak,272.8369445800781
2026-02-25 16:45:00,real_time_price,296.0,peak,273.3459777832031
2026-02-25 17:00:00,real_time_price,286.59,peak,297.28643798828125
2026-02-25 17:15:00,real_time_price,297.16,peak,318.4463195800781
2026-02-25 17:30:00,real_time_price,321.83,peak,273.7998046875
2026-02-25 17:45:00,real_time_price,306.3,peak,280.21038818359375
2026-02-25 18:00:00,real_time_price,279.7,peak,309.6656188964844
2026-02-25 18:15:00,real_time_price,270.36,peak,290.01495361328125
2026-02-25 18:30:00,real_time_price,279.92,peak,283.4228820800781
2026-02-25 18:45:00,real_time_price,279.95,peak,289.1920166015625
2026-02-25 19:00:00,real_time_price,279.91,flat,300.15972900390625
2026-02-25 19:15:00,real_time_price,281.07,flat,297.48175048828125
2026-02-25 19:30:00,real_time_price,288.79,flat,313.2890319824219
2026-02-25 19:45:00,real_time_price,279.54,flat,296.6202697753906
2026-02-25 20:00:00,real_time_price,294.93,flat,289.8988037109375
2026-02-25 20:15:00,real_time_price,279.66,flat,287.2263488769531
2026-02-25 20:30:00,real_time_price,283.31,flat,296.3119812011719
2026-02-25 20:45:00,real_time_price,277.99,flat,294.604736328125
2026-02-25 21:00:00,real_time_price,275.96,flat,288.98394775390625
2026-02-25 21:15:00,real_time_price,279.68,flat,287.0100402832031
2026-02-25 21:30:00,real_time_price,279.68,flat,292.6363830566406
2026-02-25 21:45:00,real_time_price,277.68,flat,290.6361999511719
2026-02-25 22:00:00,real_time_price,272.9,flat,287.89276123046875
2026-02-25 22:15:00,real_time_price,273.72,flat,275.22003173828125
2026-02-25 22:30:00,real_time_price,269.85,flat,277.2248840332031
2026-02-25 22:45:00,real_time_price,279.68,flat,268.72088623046875
2026-02-25 23:00:00,real_time_price,272.5,flat,276.9251708984375
2026-02-25 23:15:00,real_time_price,270.0,flat,273.1454162597656
2026-02-25 23:30:00,real_time_price,317.0,flat,269.8271789550781
2026-02-25 23:45:00,real_time_price,273.0,flat,297.9658203125
2026-02-26 00:00:00,real_time_price,270.0,valley,290.2789001464844
2026-02-26 00:15:00,real_time_price,270.0,valley,279.5321350097656
2026-02-26 00:30:00,real_time_price,317.86,valley,350.3514404296875
2026-02-26 00:45:00,real_time_price,290.19,valley,362.4123840332031
2026-02-26 01:00:00,real_time_price,321.23,valley,290.93511962890625
2026-02-26 01:15:00,real_time_price,280.18,valley,297.5184326171875
2026-02-26 01:30:00,real_time_price,270.4,valley,286.31268310546875
2026-02-26 01:45:00,real_time_price,268.3,valley,273.05078125
2026-02-26 02:00:00,real_time_price,268.3,valley,269.1863708496094
2026-02-26 02:15:00,real_time_price,267.0,valley,272.8455810546875
2026-02-26 02:30:00,real_time_price,267.0,valley,271.0412292480469
2026-02-26 02:45:00,real_time_price,265.0,valley,265.7085266113281
2026-02-26 03:00:00,real_time_price,265.1,valley,263.7015686035156
2026-02-26 03:15:00,real_time_price,260.4,valley,260.751708984375
2026-02-26 03:30:00,real_time_price,260.3,valley,255.11221313476562
2026-02-26 03:45:00,real_time_price,265.1,valley,259.9858093261719
2026-02-26 04:00:00,real_time_price,260.3,valley,258.8957214355469
2026-02-26 04:15:00,real_time_price,262.0,valley,258.9754943847656
2026-02-26 04:30:00,real_time_price,260.0,valley,262.6084289550781
2026-02-26 04:45:00,real_time_price,256.3,valley,258.41119384765625
2026-02-26 05:00:00,real_time_price,260.2,valley,258.6161804199219
2026-02-26 05:15:00,real_time_price,260.2,valley,258.9150085449219
2026-02-26 05:30:00,real_time_price,260.0,valley,264.60113525390625
2026-02-26 05:45:00,real_time_price,260.3,valley,259.9345703125
2026-02-26 06:00:00,real_time_price,268.3,valley,265.1094055175781
2026-02-26 06:15:00,real_time_price,266.3,valley,265.5324401855469
2026-02-26 06:30:00,real_time_price,272.24,valley,269.4399108886719
2026-02-26 06:45:00,real_time_price,293.37,valley,280.0933837890625
2026-02-26 07:00:00,real_time_price,281.61,valley,287.9231262207031
2026-02-26 07:15:00,real_time_price,293.75,valley,292.4948425292969
2026-02-26 07:30:00,real_time_price,305.59,valley,292.90057373046875
2026-02-26 07:45:00,real_time_price,324.73,valley,313.56268310546875
2026-02-26 08:00:00,real_time_price,304.6,flat,327.45086669921875
2026-02-26 08:15:00,real_time_price,313.24,flat,333.82659912109375
2026-02-26 08:30:00,real_time_price,332.28,flat,335.32843017578125
2026-02-26 08:45:00,real_time_price,440.91,flat,329.2738952636719
2026-02-26 09:00:00,real_time_price,410.15,flat,377.4961853027344
2026-02-26 09:15:00,real_time_price,367.28,flat,416.82763671875
2026-02-26 09:30:00,real_time_price,454.83,flat,368.1115417480469
2026-02-26 09:45:00,real_time_price,401.69,flat,406.2941589355469
2026-02-26 10:00:00,real_time_price,416.6,peak,368.17596435546875
2026-02-26 10:15:00,real_time_price,363.31,peak,345.3172912597656
2026-02-26 10:30:00,real_time_price,337.67,peak,340.780517578125
2026-02-26 10:45:00,real_time_price,299.92,peak,309.0127258300781
2026-02-26 11:00:00,real_time_price,284.21,peak,263.5518798828125
2026-02-26 11:15:00,real_time_price,288.86,peak,250.11703491210938
2026-02-26 11:30:00,real_time_price,275.12,peak,248.2897186279297
2026-02-26 11:45:00,real_time_price,284.94,peak,263.7684631347656
2026-02-26 12:00:00,real_time_price,287.0,flat,261.9154357910156
2026-02-26 12:15:00,real_time_price,277.01,flat,246.06710815429688
2026-02-26 12:30:00,real_time_price,293.47,flat,286.5783996582031
2026-02-26 12:45:00,real_time_price,287.68,flat,271.59991455078125
2026-02-26 13:00:00,real_time_price,287.32,flat,287.0274353027344
2026-02-26 13:15:00,real_time_price,276.29,flat,273.17010498046875
2026-02-26 13:30:00,real_time_price,289.0,flat,289.5284118652344
2026-02-26 13:45:00,real_time_price,300.32,flat,299.95361328125
2026-02-26 14:00:00,real_time_price,292.66,peak,316.26641845703125
2026-02-26 14:15:00,real_time_price,288.0,peak,279.12359619140625
2026-02-26 14:30:00,real_time_price,286.75,peak,288.6673278808594
2026-02-26 14:45:00,real_time_price,283.52,peak,290.8287048339844
2026-02-26 15:00:00,real_time_price,276.09,peak,294.2158508300781
2026-02-26 15:15:00,real_time_price,270.9,peak,298.2130126953125
2026-02-26 15:30:00,real_time_price,271.21,peak,280.75079345703125
2026-02-26 15:45:00,real_time_price,267.0,peak,278.8793029785156
2026-02-26 16:00:00,real_time_price,268.0,peak,274.47564697265625
2026-02-26 16:15:00,real_time_price,280.0,peak,279.71917724609375
2026-02-26 16:30:00,real_time_price,283.44,peak,286.38671875
2026-02-26 16:45:00,real_time_price,295.26,peak,290.5382080078125
2026-02-26 17:00:00,real_time_price,352.31,peak,302.6935729980469
2026-02-26 17:15:00,real_time_price,310.47,peak,328.29620361328125
2026-02-26 17:30:00,real_time_price,399.6,peak,330.3406677246094
2026-02-26 17:45:00,real_time_price,409.79,peak,350.4984130859375
2026-02-26 18:00:00,real_time_price,362.52,peak,398.6600341796875
2026-02-26 18:15:00,real_time_price,307.89,peak,336.29119873046875
2026-02-26 18:30:00,real_time_price,350.85,peak,350.1885681152344
2026-02-26 18:45:00,real_time_price,335.72,peak,401.7013854980469
2026-02-26 19:00:00,real_time_price,325.52,flat,347.0888671875
2026-02-26 19:15:00,real_time_price,310.3,flat,346.3003845214844
2026-02-26 19:30:00,real_time_price,330.75,flat,347.15875244140625
2026-02-26 19:45:00,real_time_price,331.14,flat,324.4529724121094
2026-02-26 20:00:00,real_time_price,320.44,flat,332.1552429199219
2026-02-26 20:15:00,real_time_price,275.06,flat,320.6607360839844
2026-02-26 20:30:00,real_time_price,300.27,flat,316.1178894042969
2026-02-26 20:45:00,real_time_price,300.33,flat,307.45721435546875
2026-02-26 21:00:00,real_time_price,300.3,flat,301.31939697265625
2026-02-26 21:15:00,real_time_price,306.8,flat,297.0606689453125
2026-02-26 21:30:00,real_time_price,300.76,flat,305.97406005859375
2026-02-26 21:45:00,real_time_price,320.22,flat,302.49786376953125
2026-02-26 22:00:00,real_time_price,321.99,flat,305.4347229003906
2026-02-26 22:15:00,real_time_price,345.27,flat,309.7862854003906
2026-02-26 22:30:00,real_time_price,360.42,flat,324.31903076171875
2026-02-26 22:45:00,real_time_price,376.18,flat,337.4051818847656
2026-02-26 23:00:00,real_time_price,364.57,flat,343.81365966796875
2026-02-26 23:15:00,real_time_price,351.67,flat,341.7676086425781
2026-02-26 23:30:00,real_time_price,337.38,flat,338.9649658203125
2026-02-26 23:45:00,real_time_price,318.93,flat,326.7079162597656
2026-02-27 00:00:00,real_time_price,300.4,valley,319.17913818359375
2026-02-27 00:15:00,real_time_price,290.3,valley,296.178955078125
2026-02-27 00:30:00,real_time_price,308.41,valley,412.413818359375
2026-02-27 00:45:00,real_time_price,351.65,valley,325.42791748046875
2026-02-27 01:00:00,real_time_price,363.2,valley,333.91522216796875
2026-02-27 01:15:00,real_time_price,321.53,valley,338.4257507324219
2026-02-27 01:30:00,real_time_price,351.59,valley,353.70147705078125
2026-02-27 01:45:00,real_time_price,338.78,valley,333.2982482910156
2026-02-27 02:00:00,real_time_price,330.22,valley,327.52716064453125
2026-02-27 02:15:00,real_time_price,317.33,valley,326.7911376953125
2026-02-27 02:30:00,real_time_price,317.43,valley,326.8376770019531
2026-02-27 02:45:00,real_time_price,306.61,valley,311.4121398925781
2026-02-27 03:00:00,real_time_price,303.77,valley,307.0838623046875
2026-02-27 03:15:00,real_time_price,297.93,valley,299.1308898925781
2026-02-27 03:30:00,real_time_price,301.44,valley,292.0815734863281
2026-02-27 03:45:00,real_time_price,298.99,valley,294.5062255859375
2026-02-27 04:00:00,real_time_price,282.1,valley,293.1900329589844
2026-02-27 04:15:00,real_time_price,291.21,valley,283.8546142578125
2026-02-27 04:30:00,real_time_price,285.49,valley,280.6664123535156
2026-02-27 04:45:00,real_time_price,294.1,valley,281.0135192871094
2026-02-27 05:00:00,real_time_price,290.45,valley,284.2863464355469
2026-02-27 05:15:00,real_time_price,280.0,valley,285.974853515625
2026-02-27 05:30:00,real_time_price,288.0,valley,285.13934326171875
2026-02-27 05:45:00,real_time_price,323.18,valley,285.34747314453125
2026-02-27 06:00:00,real_time_price,330.95,valley,306.1439514160156
2026-02-27 06:15:00,real_time_price,304.32,valley,322.19189453125
2026-02-27 06:30:00,real_time_price,342.27,valley,318.21649169921875
2026-02-27 06:45:00,real_time_price,331.66,valley,339.90191650390625
2026-02-27 07:00:00,real_time_price,321.62,valley,337.4407958984375
2026-02-27 07:15:00,real_time_price,380.61,valley,324.1231689453125
2026-02-27 07:30:00,real_time_price,321.04,valley,359.94970703125
2026-02-27 07:45:00,real_time_price,359.78,valley,336.228515625
2026-02-27 08:00:00,real_time_price,294.12,flat,368.6544189453125
2026-02-27 08:15:00,real_time_price,317.58,flat,327.52392578125
2026-02-27 08:30:00,real_time_price,299.16,flat,339.35736083984375
2026-02-27 08:45:00,real_time_price,374.01,flat,301.6092224121094
2026-02-27 09:00:00,real_time_price,341.22,flat,343.0546569824219
2026-02-27 09:15:00,real_time_price,326.98,flat,339.3497009277344
2026-02-27 09:30:00,real_time_price,344.59,flat,339.0258483886719
2026-02-27 09:45:00,real_time_price,299.95,flat,336.9889831542969
2026-02-27 10:00:00,real_time_price,303.14,peak,307.65240478515625
2026-02-27 10:15:00,real_time_price,295.21,peak,279.7393798828125
2026-02-27 10:30:00,real_time_price,296.97,peak,281.4845886230469
2026-02-27 10:45:00,real_time_price,284.88,peak,296.13470458984375
2026-02-27 11:00:00,real_time_price,302.61,peak,254.9668731689453
2026-02-27 11:15:00,real_time_price,330.51,peak,262.6073303222656
2026-02-27 11:30:00,real_time_price,280.03,peak,282.36468505859375
2026-02-27 11:45:00,real_time_price,310.4,peak,306.70294189453125
2026-02-27 12:00:00,real_time_price,296.17,flat,279.05755615234375
2026-02-27 12:15:00,real_time_price,301.4,flat,246.71888732910156
2026-02-27 12:30:00,real_time_price,290.77,flat,292.89190673828125
2026-02-27 12:45:00,real_time_price,305.1,flat,286.4858093261719
2026-02-27 13:00:00,real_time_price,292.17,flat,290.0732421875
2026-02-27 13:15:00,real_time_price,294.35,flat,284.237548828125
2026-02-27 13:30:00,real_time_price,296.85,flat,290.07220458984375
2026-02-27 13:45:00,real_time_price,308.87,flat,302.5928649902344
2026-02-27 14:00:00,real_time_price,289.82,peak,319.3804016113281
2026-02-27 14:15:00,real_time_price,303.77,peak,292.2856140136719
2026-02-27 14:30:00,real_time_price,305.79,peak,291.1818542480469
2026-02-27 14:45:00,real_time_price,286.26,peak,298.23638916015625
2026-02-27 15:00:00,real_time_price,277.62,peak,307.6533508300781
2026-02-27 15:15:00,real_time_price,295.18,peak,292.34619140625
2026-02-27 15:30:00,real_time_price,274.06,peak,287.7066345214844
2026-02-27 15:45:00,real_time_price,270.04,peak,297.98223876953125
2026-02-27 16:00:00,real_time_price,275.33,peak,281.0496826171875
2026-02-27 16:15:00,real_time_price,279.16,peak,287.0561828613281
2026-02-27 16:30:00,real_time_price,304.55,peak,254.6895294189453
2026-02-27 16:45:00,real_time_price,307.33,peak,314.3874206542969
2026-02-27 17:00:00,real_time_price,303.25,peak,331.4701843261719
2026-02-27 17:15:00,real_time_price,320.66,peak,325.1445617675781
2026-02-27 17:30:00,real_time_price,330.26,peak,347.4454650878906
2026-02-27 17:45:00,real_time_price,362.34,peak,347.6302490234375
2026-02-27 18:00:00,real_time_price,320.57,peak,392.96356201171875
2026-02-27 18:15:00,real_time_price,289.11,peak,399.2776794433594
2026-02-27 18:30:00,real_time_price,360.9,peak,337.9200744628906
2026-02-27 18:45:00,real_time_price,328.75,peak,419.1086120605469
2026-02-27 19:00:00,real_time_price,342.15,flat,338.56695556640625
2026-02-27 19:15:00,real_time_price,352.27,flat,334.2542724609375
2026-02-27 19:30:00,real_time_price,334.08,flat,390.06793212890625
2026-02-27 19:45:00,real_time_price,338.8,flat,345.0460510253906
2026-02-27 20:00:00,real_time_price,296.5,flat,336.0706481933594
2026-02-27 20:15:00,real_time_price,310.53,flat,294.7634582519531
2026-02-27 20:30:00,real_time_price,316.88,flat,311.0722351074219
2026-02-27 20:45:00,real_time_price,353.08,flat,316.240966796875
2026-02-27 21:00:00,real_time_price,320.65,flat,330.5171813964844
2026-02-27 21:15:00,real_time_price,320.67,flat,325.2885437011719
2026-02-27 21:30:00,real_time_price,324.98,flat,326.4708251953125
2026-02-27 21:45:00,real_time_price,362.35,flat,332.0263671875
2026-02-27 22:00:00,real_time_price,300.4,flat,344.7842712402344
2026-02-27 22:15:00,real_time_price,374.57,flat,310.74578857421875
2026-02-27 22:30:00,real_time_price,374.61,flat,336.4677734375
2026-02-27 22:45:00,real_time_price,363.24,flat,347.16217041015625
2026-02-27 23:00:00,real_time_price,390.81,flat,343.5501708984375
2026-02-27 23:15:00,real_time_price,340.73,flat,359.23114013671875
2026-02-27 23:30:00,real_time_price,332.01,flat,347.1790771484375
2026-02-27 23:45:00,real_time_price,329.01,flat,322.3058776855469
2026-02-28 00:00:00,real_time_price,295.6,valley,315.16888427734375
2026-02-28 00:15:00,real_time_price,,valley,300.86871337890625
2026-02-28 00:30:00,real_time_price,,valley,446.2510986328125
2026-02-28 00:45:00,real_time_price,,valley,388.9295349121094
2026-02-28 01:00:00,real_time_price,,valley,357.85943603515625
2026-02-28 01:15:00,real_time_price,,valley,354.6331481933594
2026-02-28 01:30:00,real_time_price,,valley,334.9244384765625
2026-02-28 01:45:00,real_time_price,,valley,329.0215148925781
2026-02-28 02:00:00,real_time_price,,valley,322.9089050292969
2026-02-28 02:15:00,real_time_price,,valley,324.44134521484375
2026-02-28 02:30:00,real_time_price,,valley,320.4708557128906
2026-02-28 02:45:00,real_time_price,,valley,319.2987976074219
2026-02-28 03:00:00,real_time_price,,valley,316.5688781738281
2026-02-28 03:15:00,real_time_price,,valley,312.38140869140625
2026-02-28 03:30:00,real_time_price,,valley,309.1813659667969
2026-02-28 03:45:00,real_time_price,,valley,305.0606994628906
2026-02-28 04:00:00,real_time_price,,valley,301.8042907714844
2026-02-28 04:15:00,real_time_price,,valley,298.3718566894531
2026-02-28 04:30:00,real_time_price,,valley,294.80645751953125
2026-02-28 04:45:00,real_time_price,,valley,289.02264404296875
2026-02-28 05:00:00,real_time_price,,valley,291.19921875
2026-02-28 05:15:00,real_time_price,,valley,286.9177551269531
2026-02-28 05:30:00,real_time_price,,valley,287.1002502441406
2026-02-28 05:45:00,real_time_price,,valley,290.7779235839844
2026-02-28 06:00:00,real_time_price,,valley,295.9321594238281
2026-02-28 06:15:00,real_time_price,,valley,299.3924560546875
2026-02-28 06:30:00,real_time_price,,valley,303.6726379394531
2026-02-28 06:45:00,real_time_price,,valley,318.40380859375
2026-02-28 07:00:00,real_time_price,,valley,324.2356872558594
2026-02-28 07:15:00,real_time_price,,valley,322.5677490234375
2026-02-28 07:30:00,real_time_price,,valley,326.6183166503906
2026-02-28 07:45:00,real_time_price,,valley,333.5458984375
2026-02-28 08:00:00,real_time_price,,flat,345.98077392578125
2026-02-28 08:15:00,real_time_price,,flat,363.6444091796875
2026-02-28 08:30:00,real_time_price,,flat,392.1651611328125
2026-02-28 08:45:00,real_time_price,,flat,397.7365417480469
2026-02-28 09:00:00,real_time_price,,flat,383.88031005859375
2026-02-28 09:15:00,real_time_price,,flat,366.74200439453125
2026-02-28 09:30:00,real_time_price,,flat,385.3380126953125
2026-02-28 09:45:00,real_time_price,,flat,381.7619323730469
2026-02-28 10:00:00,real_time_price,,peak,375.72857666015625
2026-02-28 10:15:00,real_time_price,,peak,356.22991943359375
2026-02-28 10:30:00,real_time_price,,peak,352.7173767089844
2026-02-28 10:45:00,real_time_price,,peak,344.8952941894531
2026-02-28 11:00:00,real_time_price,,peak,330.4006652832031
2026-02-28 11:15:00,real_time_price,,peak,334.9839172363281
2026-02-28 11:30:00,real_time_price,,peak,322.5197448730469
2026-02-28 11:45:00,real_time_price,,peak,310.9590759277344
2026-02-28 12:00:00,real_time_price,,flat,287.37689208984375
2026-02-28 12:15:00,real_time_price,,flat,237.0540313720703
2026-02-28 12:30:00,real_time_price,,flat,258.6729736328125
2026-02-28 12:45:00,real_time_price,,flat,253.72323608398438
2026-02-28 13:00:00,real_time_price,,flat,249.36639404296875
2026-02-28 13:15:00,real_time_price,,flat,240.64263916015625
2026-02-28 13:30:00,real_time_price,,flat,241.66290283203125
2026-02-28 13:45:00,real_time_price,,flat,248.59791564941406
2026-02-28 14:00:00,real_time_price,,peak,246.15585327148438
2026-02-28 14:15:00,real_time_price,,peak,194.72882080078125
2026-02-28 14:30:00,real_time_price,,peak,241.44894409179688
2026-02-28 14:45:00,real_time_price,,peak,229.14605712890625
2026-02-28 15:00:00,real_time_price,,peak,248.061767578125
2026-02-28 15:15:00,real_time_price,,peak,255.78187561035156
2026-02-28 15:30:00,real_time_price,,peak,258.97186279296875
2026-02-28 15:45:00,real_time_price,,peak,258.4887390136719
2026-02-28 16:00:00,real_time_price,,peak,275.0576477050781
2026-02-28 16:15:00,real_time_price,,peak,286.0165710449219
2026-02-28 16:30:00,real_time_price,,peak,316.7552795410156
2026-02-28 16:45:00,real_time_price,,peak,310.32421875
2026-02-28 17:00:00,real_time_price,,peak,328.0882873535156
2026-02-28 17:15:00,real_time_price,,peak,329.1191711425781
2026-02-28 17:30:00,real_time_price,,peak,349.9877624511719
2026-02-28 17:45:00,real_time_price,,peak,363.1408996582031
2026-02-28 18:00:00,real_time_price,,peak,367.9259948730469
2026-02-28 18:15:00,real_time_price,,peak,345.37396240234375
2026-02-28 18:30:00,real_time_price,,peak,372.54241943359375
2026-02-28 18:45:00,real_time_price,,peak,392.25970458984375
2026-02-28 19:00:00,real_time_price,,flat,382.504150390625
2026-02-28 19:15:00,real_time_price,,flat,376.0910339355469
2026-02-28 19:30:00,real_time_price,,flat,406.39178466796875
2026-02-28 19:45:00,real_time_price,,flat,381.6902770996094
2026-02-28 20:00:00,real_time_price,,flat,370.8663635253906
2026-02-28 20:15:00,real_time_price,,flat,358.71478271484375
2026-02-28 20:30:00,real_time_price,,flat,373.5220642089844
2026-02-28 20:45:00,real_time_price,,flat,373.53692626953125
2026-02-28 21:00:00,real_time_price,,flat,368.30145263671875
2026-02-28 21:15:00,real_time_price,,flat,362.045654296875
2026-02-28 21:30:00,real_time_price,,flat,365.52276611328125
2026-02-28 21:45:00,real_time_price,,flat,368.9533996582031
2026-02-28 22:00:00,real_time_price,,flat,363.0439147949219
2026-02-28 22:15:00,real_time_price,,flat,362.6741638183594
2026-02-28 22:30:00,real_time_price,,flat,358.7038269042969
2026-02-28 22:45:00,real_time_price,,flat,350.1828918457031
2026-02-28 23:00:00,real_time_price,,flat,343.09051513671875
2026-02-28 23:15:00,real_time_price,,flat,330.24615478515625
2026-02-28 23:30:00,real_time_price,,flat,326.1090393066406
2026-02-28 23:45:00,real_time_price,,flat,321.4668884277344
2026-03-01 00:00:00,real_time_price,,valley,311.3647766113281
2026-03-01 00:15:00,real_time_price,,valley,303.40057373046875
2026-03-01 00:30:00,real_time_price,,valley,442.5748596191406
2026-03-01 00:45:00,real_time_price,,valley,400.1822509765625
2026-03-01 01:00:00,real_time_price,,valley,407.9646301269531
2026-03-01 01:15:00,real_time_price,,valley,385.23785400390625
2026-03-01 01:30:00,real_time_price,,valley,362.14404296875
2026-03-01 01:45:00,real_time_price,,valley,359.958251953125
2026-03-01 02:00:00,real_time_price,,valley,356.2451171875
2026-03-01 02:15:00,real_time_price,,valley,353.4102478027344
2026-03-01 02:30:00,real_time_price,,valley,348.9191589355469
2026-03-01 02:45:00,real_time_price,,valley,345.7080078125
2026-03-01 03:00:00,real_time_price,,valley,343.1385498046875
2026-03-01 03:15:00,real_time_price,,valley,340.8899230957031
2026-03-01 03:30:00,real_time_price,,valley,338.96624755859375
2026-03-01 03:45:00,real_time_price,,valley,326.19793701171875
2026-03-01 04:00:00,real_time_price,,valley,321.4656677246094
2026-03-01 04:15:00,real_time_price,,valley,315.51129150390625
2026-03-01 04:30:00,real_time_price,,valley,310.616455078125
2026-03-01 04:45:00,real_time_price,,valley,306.08489990234375
2026-03-01 05:00:00,real_time_price,,valley,304.09381103515625
2026-03-01 05:15:00,real_time_price,,valley,301.3488464355469
2026-03-01 05:30:00,real_time_price,,valley,300.94903564453125
2026-03-01 05:45:00,real_time_price,,valley,306.5644836425781
2026-03-01 06:00:00,real_time_price,,valley,314.0520324707031
2026-03-01 06:15:00,real_time_price,,valley,313.65277099609375
2026-03-01 06:30:00,real_time_price,,valley,323.9962158203125
2026-03-01 06:45:00,real_time_price,,valley,328.9192810058594
2026-03-01 07:00:00,real_time_price,,valley,330.80780029296875
2026-03-01 07:15:00,real_time_price,,valley,315.15765380859375
2026-03-01 07:30:00,real_time_price,,valley,321.65704345703125
2026-03-01 07:45:00,real_time_price,,valley,321.501220703125
2026-03-01 08:00:00,real_time_price,,flat,330.04107666015625
2026-03-01 08:15:00,real_time_price,,flat,342.68890380859375
2026-03-01 08:30:00,real_time_price,,flat,356.01812744140625
2026-03-01 08:45:00,real_time_price,,flat,354.5859680175781
2026-03-01 09:00:00,real_time_price,,flat,342.37078857421875
2026-03-01 09:15:00,real_time_price,,flat,338.89990234375
2026-03-01 09:30:00,real_time_price,,flat,339.8786926269531
2026-03-01 09:45:00,real_time_price,,flat,335.6373291015625
2026-03-01 10:00:00,real_time_price,,peak,341.8342590332031
2026-03-01 10:15:00,real_time_price,,peak,328.4486389160156
2026-03-01 10:30:00,real_time_price,,peak,322.79071044921875
2026-03-01 10:45:00,real_time_price,,peak,330.87548828125
2026-03-01 11:00:00,real_time_price,,peak,329.7304992675781
2026-03-01 11:15:00,real_time_price,,peak,315.69891357421875
2026-03-01 11:30:00,real_time_price,,peak,315.1822814941406
2026-03-01 11:45:00,real_time_price,,peak,287.4930725097656
2026-03-01 12:00:00,real_time_price,,flat,251.56890869140625
2026-03-01 12:15:00,real_time_price,,flat,168.46189880371094
2026-03-01 12:30:00,real_time_price,,flat,230.40748596191406
2026-03-01 12:45:00,real_time_price,,flat,229.79054260253906
2026-03-01 13:00:00,real_time_price,,flat,220.8227996826172
2026-03-01 13:15:00,real_time_price,,flat,218.34848022460938
2026-03-01 13:30:00,real_time_price,,flat,233.20960998535156
2026-03-01 13:45:00,real_time_price,,flat,250.7952880859375
2026-03-01 14:00:00,real_time_price,,peak,239.36256408691406
2026-03-01 14:15:00,real_time_price,,peak,212.42849731445312
2026-03-01 14:30:00,real_time_price,,peak,209.7281951904297
2026-03-01 14:45:00,real_time_price,,peak,195.46292114257812
2026-03-01 15:00:00,real_time_price,,peak,206.16529846191406
2026-03-01 15:15:00,real_time_price,,peak,212.7965545654297
2026-03-01 15:30:00,real_time_price,,peak,221.27357482910156
2026-03-01 15:45:00,real_time_price,,peak,230.48617553710938
2026-03-01 16:00:00,real_time_price,,peak,252.29603576660156
2026-03-01 16:15:00,real_time_price,,peak,250.4923095703125
2026-03-01 16:30:00,real_time_price,,peak,259.3126220703125
2026-03-01 16:45:00,real_time_price,,peak,260.5730895996094
2026-03-01 17:00:00,real_time_price,,peak,267.2884826660156
2026-03-01 17:15:00,real_time_price,,peak,295.1595764160156
2026-03-01 17:30:00,real_time_price,,peak,307.86322021484375
2026-03-01 17:45:00,real_time_price,,peak,338.4695129394531
2026-03-01 18:00:00,real_time_price,,peak,338.44073486328125
2026-03-01 18:15:00,real_time_price,,peak,332.8059997558594
2026-03-01 18:30:00,real_time_price,,peak,359.2529602050781
2026-03-01 18:45:00,real_time_price,,peak,381.6136779785156
2026-03-01 19:00:00,real_time_price,,flat,372.1820983886719
2026-03-01 19:15:00,real_time_price,,flat,357.28662109375
2026-03-01 19:30:00,real_time_price,,flat,385.5679626464844
2026-03-01 19:45:00,real_time_price,,flat,380.0608825683594
2026-03-01 20:00:00,real_time_price,,flat,363.9317932128906
2026-03-01 20:15:00,real_time_price,,flat,354.3919372558594
2026-03-01 20:30:00,real_time_price,,flat,364.7451171875
2026-03-01 20:45:00,real_time_price,,flat,371.20404052734375
2026-03-01 21:00:00,real_time_price,,flat,365.7552795410156
2026-03-01 21:15:00,real_time_price,,flat,362.11181640625
2026-03-01 21:30:00,real_time_price,,flat,370.4729919433594
2026-03-01 21:45:00,real_time_price,,flat,366.991943359375
2026-03-01 22:00:00,real_time_price,,flat,362.89752197265625
2026-03-01 22:15:00,real_time_price,,flat,362.0102233886719
2026-03-01 22:30:00,real_time_price,,flat,355.4962463378906
2026-03-01 22:45:00,real_time_price,,flat,345.0086975097656
2026-03-01 23:00:00,real_time_price,,flat,336.8044128417969
2026-03-01 23:15:00,real_time_price,,flat,325.7965393066406
2026-03-01 23:30:00,real_time_price,,flat,319.5537414550781
2026-03-01 23:45:00,real_time_price,,flat,313.65802001953125
2026-03-02 00:00:00,real_time_price,,valley,305.9069519042969
