times,target,actual,segment,prediction
2026-01-01 00:15:00,real_time_price,290.1,valley,247.5769019126892
2026-01-01 00:30:00,real_time_price,323.1,valley,342.33126735687256
2026-01-01 00:45:00,real_time_price,247.87,valley,318.8389083147049
2026-01-01 01:00:00,real_time_price,263.99,valley,258.30676436424255
2026-01-01 01:15:00,real_time_price,247.01,valley,264.59461212158203
2026-01-01 01:30:00,real_time_price,190.55,valley,245.3265151977539
2026-01-01 01:45:00,real_time_price,222.92,valley,213.65394735336304
2026-01-01 02:00:00,real_time_price,227.75,valley,220.3542046546936
2026-01-01 02:15:00,real_time_price,240.0,valley,227.1975016593933
2026-01-01 02:30:00,real_time_price,250.0,valley,225.85322761535645
2026-01-01 02:45:00,real_time_price,150.0,valley,234.44656419754028
2026-01-01 03:00:00,real_time_price,150.38,valley,201.24812412261963
2026-01-01 03:15:00,real_time_price,196.0,valley,179.13741493225098
2026-01-01 03:30:00,real_time_price,206.69,valley,193.46398878097534
2026-01-01 03:45:00,real_time_price,213.29,valley,204.66433811187744
2026-01-01 04:00:00,real_time_price,205.06,valley,209.76631498336792
2026-01-01 04:15:00,real_time_price,200.41,valley,211.83413887023926
2026-01-01 04:30:00,real_time_price,200.0,valley,191.89719009399414
2026-01-01 04:45:00,real_time_price,191.42,valley,191.28950309753418
2026-01-01 05:00:00,real_time_price,150.3,valley,180.67120027542114
2026-01-01 05:15:00,real_time_price,121.24,valley,178.3729281425476
2026-01-01 05:30:00,real_time_price,200.0,valley,154.4317388534546
2026-01-01 05:45:00,real_time_price,0.0,valley,175.2632875442505
2026-01-01 06:00:00,real_time_price,188.46,valley,126.68355464935303
2026-01-01 06:15:00,real_time_price,10.29,valley,176.75468492507935
2026-01-01 06:30:00,real_time_price,150.15,valley,179.02944612503052
2026-01-01 06:45:00,real_time_price,-42.84,valley,124.94479370117188
2026-01-01 07:00:00,real_time_price,-0.81,valley,189.63443994522095
2026-01-01 07:15:00,real_time_price,0.0,valley,74.446542263031
2026-01-01 07:30:00,real_time_price,0.0,valley,67.97213697433472
2026-01-01 07:45:00,real_time_price,0.0,valley,77.57560300827026
2026-01-01 08:00:00,real_time_price,-45.0,flat,38.33418130874634
2026-01-01 08:15:00,real_time_price,-50.0,flat,67.4061849117279
2026-01-01 08:30:00,real_time_price,-50.0,flat,72.36180901527405
2026-01-01 08:45:00,real_time_price,-50.0,flat,-24.712209582328796
2026-01-01 09:00:00,real_time_price,-50.0,flat,33.6521201133728
2026-01-01 09:15:00,real_time_price,-44.04,flat,-18.14937424659729
2026-01-01 09:30:00,real_time_price,-45.27,flat,-16.11955499649048
2026-01-01 09:45:00,real_time_price,-44.14,flat,10.809276580810547
2026-01-01 10:00:00,real_time_price,-44.14,peak,71.02644729614258
2026-01-01 10:15:00,real_time_price,-50.0,peak,46.9863166809082
2026-01-01 10:30:00,real_time_price,-50.0,peak,32.81564140319824
2026-01-01 10:45:00,real_time_price,-50.0,peak,13.195114135742188
2026-01-01 11:00:00,real_time_price,-39.72,peak,17.661367893218994
2026-01-01 11:15:00,real_time_price,-50.0,peak,52.94918727874756
2026-01-01 11:30:00,real_time_price,-49.46,peak,19.192886352539062
2026-01-01 11:45:00,real_time_price,-37.91,peak,30.12363052368164
2026-01-01 12:00:00,real_time_price,-41.97,flat,-11.873636722564697
2026-01-01 12:15:00,real_time_price,-42.81,flat,63.67851638793945
2026-01-01 12:30:00,real_time_price,-39.76,flat,-6.083728790283203
2026-01-01 12:45:00,real_time_price,142.48,flat,-9.949102520942688
2026-01-01 13:00:00,real_time_price,-0.12,flat,128.86573839187622
2026-01-01 13:15:00,real_time_price,-50.0,flat,65.58137893676758
2026-01-01 13:30:00,real_time_price,-40.49,flat,3.558483123779297
2026-01-01 13:45:00,real_time_price,12.12,flat,16.0827693939209
2026-01-01 14:00:00,real_time_price,-18.47,peak,37.73603391647339
2026-01-01 14:15:00,real_time_price,-38.96,peak,24.655829429626465
2026-01-01 14:30:00,real_time_price,-38.38,peak,4.877220153808594
2026-01-01 14:45:00,real_time_price,-38.76,peak,16.57843828201294
2026-01-01 15:00:00,real_time_price,-38.56,peak,13.457083702087402
2026-01-01 15:15:00,real_time_price,-39.76,peak,31.72671890258789
2026-01-01 15:30:00,real_time_price,-38.94,peak,80.18855953216553
2026-01-01 15:45:00,real_time_price,-41.64,peak,78.17959833145142
2026-01-01 16:00:00,real_time_price,9.93,peak,99.05251264572144
2026-01-01 16:15:00,real_time_price,-40.42,peak,133.5889024734497
2026-01-01 16:30:00,real_time_price,-42.06,peak,187.37034225463867
2026-01-01 16:45:00,real_time_price,9.56,peak,140.87097072601318
2026-01-01 17:00:00,real_time_price,274.47,peak,142.37697076797485
2026-01-01 17:15:00,real_time_price,182.35,peak,242.5689835548401
2026-01-01 17:30:00,real_time_price,204.98,peak,292.8515672683716
2026-01-01 17:45:00,real_time_price,242.21,peak,252.5798397064209
2026-01-01 18:00:00,real_time_price,241.3,peak,262.82969856262207
2026-01-01 18:15:00,real_time_price,250.1,peak,268.8593726158142
2026-01-01 18:30:00,real_time_price,257.41,peak,263.72124338150024
2026-01-01 18:45:00,real_time_price,256.0,peak,286.2803249359131
2026-01-01 19:00:00,real_time_price,205.53,flat,282.05910205841064
2026-01-01 19:15:00,real_time_price,100.65,flat,282.36612606048584
2026-01-01 19:30:00,real_time_price,210.36,flat,291.0775294303894
2026-01-01 19:45:00,real_time_price,191.66,flat,288.82416439056396
2026-01-01 20:00:00,real_time_price,262.14,flat,279.1415786743164
2026-01-01 20:15:00,real_time_price,253.9,flat,282.49422550201416
2026-01-01 20:30:00,real_time_price,249.39,flat,307.84581184387207
2026-01-01 20:45:00,real_time_price,251.35,flat,309.4954123497009
2026-01-01 21:00:00,real_time_price,251.9,flat,309.96549892425537
2026-01-01 21:15:00,real_time_price,269.39,flat,305.39819622039795
2026-01-01 21:30:00,real_time_price,262.73,flat,285.42588901519775
2026-01-01 21:45:00,real_time_price,159.25,flat,312.8767237663269
2026-01-01 22:00:00,real_time_price,254.25,flat,330.3095381259918
2026-01-01 22:15:00,real_time_price,250.65,flat,301.39606952667236
2026-01-01 22:30:00,real_time_price,248.99,flat,278.24572110176086
2026-01-01 22:45:00,real_time_price,241.5,flat,278.4273567199707
2026-01-01 23:00:00,real_time_price,266.22,flat,282.2329479455948
2026-01-01 23:15:00,real_time_price,253.59,flat,276.33688616752625
2026-01-01 23:30:00,real_time_price,239.24,flat,280.1340881586075
2026-01-01 23:45:00,real_time_price,246.63,flat,265.69764018058777
2026-01-02 00:00:00,real_time_price,245.23,valley,232.82080841064453
2026-01-02 00:15:00,real_time_price,322.15,valley,234.94978284835815
2026-01-02 00:30:00,real_time_price,461.38,valley,339.7949813604355
2026-01-02 00:45:00,real_time_price,332.99,valley,284.3872365951538
2026-01-02 01:00:00,real_time_price,276.14,valley,303.165385723114
2026-01-02 01:15:00,real_time_price,275.84,valley,275.25135040283203
2026-01-02 01:30:00,real_time_price,277.0,valley,263.5820527076721
2026-01-02 01:45:00,real_time_price,264.44,valley,284.3102865219116
2026-01-02 02:00:00,real_time_price,266.41,valley,262.65720796585083
2026-01-02 02:15:00,real_time_price,265.53,valley,266.35061597824097
2026-01-02 02:30:00,real_time_price,267.96,valley,266.49831342697144
2026-01-02 02:45:00,real_time_price,246.49,valley,261.23474168777466
2026-01-02 03:00:00,real_time_price,157.41,valley,245.31290531158447
2026-01-02 03:15:00,real_time_price,43.25,valley,206.49143934249878
2026-01-02 03:30:00,real_time_price,43.25,valley,142.8348593711853
2026-01-02 03:45:00,real_time_price,43.25,valley,100.4772138595581
2026-01-02 04:00:00,real_time_price,43.25,valley,80.06416273117065
2026-01-02 04:15:00,real_time_price,17.49,valley,76.770516872406
2026-01-02 04:30:00,real_time_price,17.49,valley,25.527815341949463
2026-01-02 04:45:00,real_time_price,43.25,valley,13.61154317855835
2026-01-02 05:00:00,real_time_price,10.0,valley,48.07454824447632
2026-01-02 05:15:00,real_time_price,102.0,valley,15.953181266784668
2026-01-02 05:30:00,real_time_price,43.25,valley,45.93967247009277
2026-01-02 05:45:00,real_time_price,43.25,valley,99.12309312820435
2026-01-02 06:00:00,real_time_price,43.25,valley,64.02593851089478
2026-01-02 06:15:00,real_time_price,43.25,valley,110.95865297317505
2026-01-02 06:30:00,real_time_price,208.24,valley,109.64996862411499
2026-01-02 06:45:00,real_time_price,250.34,valley,255.44849920272827
2026-01-02 07:00:00,real_time_price,43.25,valley,204.96454763412476
2026-01-02 07:15:00,real_time_price,253.28,valley,151.07008600234985
2026-01-02 07:30:00,real_time_price,276.66,valley,250.0834174156189
2026-01-02 07:45:00,real_time_price,179.16,valley,253.8287558555603
2026-01-02 08:00:00,real_time_price,425.47,flat,376.53289270401
2026-01-02 08:15:00,real_time_price,388.72,flat,464.0572043657303
2026-01-02 08:30:00,real_time_price,341.99,flat,611.7376153469086
2026-01-02 08:45:00,real_time_price,249.01,flat,423.8650715351105
2026-01-02 09:00:00,real_time_price,303.29,flat,286.29543805122375
2026-01-02 09:15:00,real_time_price,280.06,flat,256.72001457214355
2026-01-02 09:30:00,real_time_price,174.17,flat,224.67550420761108
2026-01-02 09:45:00,real_time_price,255.01,flat,241.2246789932251
2026-01-02 10:00:00,real_time_price,252.39,peak,225.20666599273682
2026-01-02 10:15:00,real_time_price,70.74,peak,208.70730209350586
2026-01-02 10:30:00,real_time_price,188.29,peak,187.33835697174072
2026-01-02 10:45:00,real_time_price,178.19,peak,167.4642424583435
2026-01-02 11:00:00,real_time_price,-48.64,peak,163.52933311462402
2026-01-02 11:15:00,real_time_price,0.19,peak,153.1171269416809
2026-01-02 11:30:00,real_time_price,20.41,peak,76.53655242919922
2026-01-02 11:45:00,real_time_price,-48.66,peak,119.38823509216309
2026-01-02 12:00:00,real_time_price,0.77,flat,-2.547119617462158
2026-01-02 12:15:00,real_time_price,-49.71,flat,133.1462287902832
2026-01-02 12:30:00,real_time_price,-48.95,flat,18.13876247406006
2026-01-02 12:45:00,real_time_price,-49.47,flat,-14.598286628723145
2026-01-02 13:00:00,real_time_price,-50.0,flat,8.822331428527832
2026-01-02 13:15:00,real_time_price,-48.21,flat,5.67061710357666
2026-01-02 13:30:00,real_time_price,-47.86,flat,11.743964195251465
2026-01-02 13:45:00,real_time_price,-28.86,flat,28.387468338012695
2026-01-02 14:00:00,real_time_price,-41.55,peak,25.58565330505371
2026-01-02 14:15:00,real_time_price,-40.01,peak,33.558414459228516
2026-01-02 14:30:00,real_time_price,-50.0,peak,29.34807300567627
2026-01-02 14:45:00,real_time_price,-45.63,peak,18.000967502593994
2026-01-02 15:00:00,real_time_price,10.25,peak,3.810061454772949
2026-01-02 15:15:00,real_time_price,-44.48,peak,37.900206565856934
2026-01-02 15:30:00,real_time_price,10.75,peak,73.4411506652832
2026-01-02 15:45:00,real_time_price,239.44,peak,104.99450874328613
2026-01-02 16:00:00,real_time_price,280.33,peak,221.44605827331543
2026-01-02 16:15:00,real_time_price,269.73,peak,221.77231884002686
2026-01-02 16:30:00,real_time_price,330.89,peak,277.1222257614136
2026-01-02 16:45:00,real_time_price,309.85,peak,275.3615531921387
2026-01-02 17:00:00,real_time_price,398.07,peak,336.5627918243408
2026-01-02 17:15:00,real_time_price,344.4,peak,288.5941710472107
2026-01-02 17:30:00,real_time_price,311.26,peak,434.75419330596924
2026-01-02 17:45:00,real_time_price,431.12,peak,315.6853404045105
2026-01-02 18:00:00,real_time_price,379.45,peak,399.66263008117676
2026-01-02 18:15:00,real_time_price,488.11,peak,390.4349856376648
2026-01-02 18:30:00,real_time_price,400.86,peak,473.5553150177002
2026-01-02 18:45:00,real_time_price,618.61,peak,422.2742381095886
2026-01-02 19:00:00,real_time_price,715.52,flat,557.6468515396118
2026-01-02 19:15:00,real_time_price,1168.84,flat,575.3939061164856
2026-01-02 19:30:00,real_time_price,658.69,flat,751.8134899139404
2026-01-02 19:45:00,real_time_price,1102.52,flat,702.9871640205383
2026-01-02 20:00:00,real_time_price,495.69,flat,839.2249283790588
2026-01-02 20:15:00,real_time_price,325.89,flat,564.8524374961853
2026-01-02 20:30:00,real_time_price,329.98,flat,388.34959983825684
2026-01-02 20:45:00,real_time_price,684.16,flat,390.30700492858887
2026-01-02 21:00:00,real_time_price,731.51,flat,460.41943359375
2026-01-02 21:15:00,real_time_price,370.58,flat,445.3486967086792
2026-01-02 21:30:00,real_time_price,351.95,flat,473.59257316589355
2026-01-02 21:45:00,real_time_price,335.25,flat,373.98148822784424
2026-01-02 22:00:00,real_time_price,531.7,flat,346.06216192245483
2026-01-02 22:15:00,real_time_price,667.08,flat,387.9216356277466
2026-01-02 22:30:00,real_time_price,292.27,flat,477.17842721939087
2026-01-02 22:45:00,real_time_price,485.39,flat,374.53002309799194
2026-01-02 23:00:00,real_time_price,452.69,flat,355.3397467136383
2026-01-02 23:15:00,real_time_price,342.44,flat,359.66816568374634
2026-01-02 23:30:00,real_time_price,284.93,flat,334.77654123306274
2026-01-02 23:45:00,real_time_price,291.56,flat,302.39331674575806
2026-01-03 00:00:00,real_time_price,267.11,valley,265.3655278682709
2026-01-03 00:15:00,real_time_price,314.75,valley,275.7368218898773
2026-01-03 00:30:00,real_time_price,291.8,valley,458.6193526983261
2026-01-03 00:45:00,real_time_price,297.24,valley,311.67342352867126
2026-01-03 01:00:00,real_time_price,260.98,valley,267.1647515296936
2026-01-03 01:15:00,real_time_price,323.14,valley,251.4493055343628
2026-01-03 01:30:00,real_time_price,285.75,valley,291.46614170074463
2026-01-03 01:45:00,real_time_price,252.82,valley,283.0820698738098
2026-01-03 02:00:00,real_time_price,410.22,valley,253.21753454208374
2026-01-03 02:15:00,real_time_price,392.69,valley,303.91789197921753
2026-01-03 02:30:00,real_time_price,390.65,valley,333.6098656654358
2026-01-03 02:45:00,real_time_price,374.34,valley,342.73403882980347
2026-01-03 03:00:00,real_time_price,342.84,valley,352.4779267311096
2026-01-03 03:15:00,real_time_price,327.27,valley,340.3226613998413
2026-01-03 03:30:00,real_time_price,338.18,valley,322.2721028327942
2026-01-03 03:45:00,real_time_price,302.07,valley,314.8320150375366
2026-01-03 04:00:00,real_time_price,326.26,valley,299.03338098526
2026-01-03 04:15:00,real_time_price,311.05,valley,308.526394367218
2026-01-03 04:30:00,real_time_price,305.12,valley,306.15566778182983
2026-01-03 04:45:00,real_time_price,312.06,valley,295.02327394485474
2026-01-03 05:00:00,real_time_price,303.61,valley,288.4418797492981
2026-01-03 05:15:00,real_time_price,310.15,valley,286.52608919143677
2026-01-03 05:30:00,real_time_price,301.45,valley,306.5773940086365
2026-01-03 05:45:00,real_time_price,353.31,valley,303.6605906486511
2026-01-03 06:00:00,real_time_price,326.18,valley,367.111843585968
2026-01-03 06:15:00,real_time_price,328.29,valley,324.5743947029114
2026-01-03 06:30:00,real_time_price,359.75,valley,322.37722539901733
2026-01-03 06:45:00,real_time_price,402.13,valley,332.53789377212524
2026-01-03 07:00:00,real_time_price,433.47,valley,355.2122712135315
2026-01-03 07:15:00,real_time_price,424.73,valley,340.58618211746216
2026-01-03 07:30:00,real_time_price,498.73,valley,372.9383511543274
2026-01-03 07:45:00,real_time_price,579.09,valley,371.30894136428833
2026-01-03 08:00:00,real_time_price,543.24,flat,502.5615191459656
2026-01-03 08:15:00,real_time_price,571.27,flat,512.3169915676117
2026-01-03 08:30:00,real_time_price,509.16,flat,612.2977030277252
2026-01-03 08:45:00,real_time_price,352.31,flat,432.62523674964905
2026-01-03 09:00:00,real_time_price,306.22,flat,368.748322725296
2026-01-03 09:15:00,real_time_price,327.33,flat,323.2758128643036
2026-01-03 09:30:00,real_time_price,304.98,flat,272.7018814086914
2026-01-03 09:45:00,real_time_price,294.07,flat,274.20851039886475
2026-01-03 10:00:00,real_time_price,303.44,peak,279.40060901641846
2026-01-03 10:15:00,real_time_price,287.78,peak,293.3948287963867
2026-01-03 10:30:00,real_time_price,259.81,peak,287.0171637535095
2026-01-03 10:45:00,real_time_price,272.71,peak,260.5832004547119
2026-01-03 11:00:00,real_time_price,287.01,peak,345.64139556884766
2026-01-03 11:15:00,real_time_price,277.65,peak,295.23951530456543
2026-01-03 11:30:00,real_time_price,252.47,peak,275.22179222106934
2026-01-03 11:45:00,real_time_price,253.02,peak,243.87483596801758
2026-01-03 12:00:00,real_time_price,253.5,flat,163.98198080062866
2026-01-03 12:15:00,real_time_price,8.93,flat,204.82890224456787
2026-01-03 12:30:00,real_time_price,233.05,flat,89.8399486541748
2026-01-03 12:45:00,real_time_price,14.41,flat,227.99523639678955
2026-01-03 13:00:00,real_time_price,6.18,flat,52.72401523590088
2026-01-03 13:15:00,real_time_price,211.38,flat,16.920788764953613
2026-01-03 13:30:00,real_time_price,256.56,flat,247.1641879081726
2026-01-03 13:45:00,real_time_price,259.41,flat,254.8333728313446
2026-01-03 14:00:00,real_time_price,159.71,peak,237.12166810035706
2026-01-03 14:15:00,real_time_price,250.28,peak,184.764878988266
2026-01-03 14:30:00,real_time_price,199.35,peak,202.04333305358887
2026-01-03 14:45:00,real_time_price,227.37,peak,263.2913384437561
2026-01-03 15:00:00,real_time_price,212.35,peak,194.88940906524658
2026-01-03 15:15:00,real_time_price,176.5,peak,305.39721393585205
2026-01-03 15:30:00,real_time_price,292.34,peak,231.49566984176636
2026-01-03 15:45:00,real_time_price,298.36,peak,277.86003851890564
2026-01-03 16:00:00,real_time_price,354.96,peak,322.4511810541153
2026-01-03 16:15:00,real_time_price,270.98,peak,290.4948031902313
2026-01-03 16:30:00,real_time_price,309.67,peak,349.43570387363434
2026-01-03 16:45:00,real_time_price,363.83,peak,322.74991488456726
2026-01-03 17:00:00,real_time_price,295.67,peak,381.24458026885986
2026-01-03 17:15:00,real_time_price,342.34,peak,376.83188343048096
2026-01-03 17:30:00,real_time_price,320.08,peak,357.9012818336487
2026-01-03 17:45:00,real_time_price,321.49,peak,337.1841859817505
2026-01-03 18:00:00,real_time_price,352.27,peak,326.25162649154663
2026-01-03 18:15:00,real_time_price,343.03,peak,339.3800239562988
2026-01-03 18:30:00,real_time_price,328.01,peak,375.6525454521179
2026-01-03 18:45:00,real_time_price,332.94,peak,384.3998546600342
2026-01-03 19:00:00,real_time_price,343.94,flat,316.1726565361023
2026-01-03 19:15:00,real_time_price,319.86,flat,371.8845715522766
2026-01-03 19:30:00,real_time_price,368.3,flat,350.6956467628479
2026-01-03 19:45:00,real_time_price,401.93,flat,380.4698340892792
2026-01-03 20:00:00,real_time_price,361.3,flat,381.4399118423462
2026-01-03 20:15:00,real_time_price,359.74,flat,341.60222244262695
2026-01-03 20:30:00,real_time_price,340.68,flat,355.36282444000244
2026-01-03 20:45:00,real_time_price,419.53,flat,341.20656156539917
2026-01-03 21:00:00,real_time_price,428.78,flat,420.8824768066406
2026-01-03 21:15:00,real_time_price,371.13,flat,399.5450265407562
2026-01-03 21:30:00,real_time_price,359.9,flat,372.8340582847595
2026-01-03 21:45:00,real_time_price,327.72,flat,337.2307906150818
2026-01-03 22:00:00,real_time_price,311.02,flat,326.52347683906555
2026-01-03 22:15:00,real_time_price,315.94,flat,329.27720737457275
2026-01-03 22:30:00,real_time_price,278.21,flat,325.78102719783783
2026-01-03 22:45:00,real_time_price,65.24,flat,289.9872397184372
2026-01-03 23:00:00,real_time_price,266.02,flat,238.23375844955444
2026-01-03 23:15:00,real_time_price,256.44,flat,282.77851581573486
2026-01-03 23:30:00,real_time_price,249.42,flat,259.62566316127777
2026-01-03 23:45:00,real_time_price,218.79,flat,287.661376953125
2026-01-04 00:00:00,real_time_price,249.09,valley,242.41918230056763
2026-01-04 00:15:00,real_time_price,275.92,valley,248.4551055431366
2026-01-04 00:30:00,real_time_price,358.74,valley,347.3035979270935
2026-01-04 00:45:00,real_time_price,273.83,valley,354.70061206817627
2026-01-04 01:00:00,real_time_price,267.12,valley,288.33850717544556
2026-01-04 01:15:00,real_time_price,416.85,valley,272.11884593963623
2026-01-04 01:30:00,real_time_price,395.39,valley,335.180459022522
2026-01-04 01:45:00,real_time_price,333.2,valley,345.51009798049927
2026-01-04 02:00:00,real_time_price,307.98,valley,362.74295377731323
2026-01-04 02:15:00,real_time_price,295.09,valley,354.3493218421936
2026-01-04 02:30:00,real_time_price,281.41,valley,315.2557759284973
2026-01-04 02:45:00,real_time_price,291.69,valley,296.460081577301
2026-01-04 03:00:00,real_time_price,281.33,valley,289.38229990005493
2026-01-04 03:15:00,real_time_price,283.56,valley,285.9757432937622
2026-01-04 03:30:00,real_time_price,277.04,valley,283.5120368003845
2026-01-04 03:45:00,real_time_price,288.05,valley,276.8114290237427
2026-01-04 04:00:00,real_time_price,288.54,valley,279.77494287490845
2026-01-04 04:15:00,real_time_price,265.45,valley,286.8796806335449
2026-01-04 04:30:00,real_time_price,303.74,valley,272.8591103553772
2026-01-04 04:45:00,real_time_price,280.07,valley,294.53401708602905
2026-01-04 05:00:00,real_time_price,280.23,valley,289.68096351623535
2026-01-04 05:15:00,real_time_price,296.02,valley,283.6611361503601
2026-01-04 05:30:00,real_time_price,276.93,valley,289.19502687454224
2026-01-04 05:45:00,real_time_price,269.8,valley,293.97654247283936
2026-01-04 06:00:00,real_time_price,269.3,valley,277.0093631744385
2026-01-04 06:15:00,real_time_price,345.48,valley,277.1259927749634
2026-01-04 06:30:00,real_time_price,333.03,valley,335.28424406051636
2026-01-04 06:45:00,real_time_price,290.47,valley,356.75693941116333
2026-01-04 07:00:00,real_time_price,318.32,valley,321.5006856918335
2026-01-04 07:15:00,real_time_price,314.17,valley,332.0517692565918
2026-01-04 07:30:00,real_time_price,462.17,valley,332.7506356239319
2026-01-04 07:45:00,real_time_price,598.79,valley,443.5994644165039
2026-01-04 08:00:00,real_time_price,351.55,flat,482.58564710617065
2026-01-04 08:15:00,real_time_price,382.4,flat,404.16950941085815
2026-01-04 08:30:00,real_time_price,352.87,flat,456.44143891334534
2026-01-04 08:45:00,real_time_price,295.47,flat,380.59752464294434
2026-01-04 09:00:00,real_time_price,359.18,flat,316.64390087127686
2026-01-04 09:15:00,real_time_price,342.11,flat,329.5438823699951
2026-01-04 09:30:00,real_time_price,303.35,flat,349.50801849365234
2026-01-04 09:45:00,real_time_price,290.39,flat,305.4857130050659
2026-01-04 10:00:00,real_time_price,248.59,peak,254.09926986694336
2026-01-04 10:15:00,real_time_price,277.16,peak,231.36635398864746
2026-01-04 10:30:00,real_time_price,271.43,peak,262.1952533721924
2026-01-04 10:45:00,real_time_price,233.86,peak,255.71109008789062
2026-01-04 11:00:00,real_time_price,272.04,peak,227.3771095275879
2026-01-04 11:15:00,real_time_price,263.44,peak,272.2008857727051
2026-01-04 11:30:00,real_time_price,240.56,peak,245.77243423461914
2026-01-04 11:45:00,real_time_price,256.31,peak,245.57295608520508
2026-01-04 12:00:00,real_time_price,253.65,flat,215.33303260803223
2026-01-04 12:15:00,real_time_price,0.03,flat,103.88986206054688
2026-01-04 12:30:00,real_time_price,5.47,flat,174.64961433410645
2026-01-04 12:45:00,real_time_price,162.98,flat,78.46460723876953
2026-01-04 13:00:00,real_time_price,104.19,flat,87.16991233825684
2026-01-04 13:15:00,real_time_price,8.05,flat,118.05857467651367
2026-01-04 13:30:00,real_time_price,158.41,flat,154.27874851226807
2026-01-04 13:45:00,real_time_price,200.79,flat,168.18414306640625
2026-01-04 14:00:00,real_time_price,236.36,peak,182.7428436279297
2026-01-04 14:15:00,real_time_price,42.36,peak,159.96199321746826
2026-01-04 14:30:00,real_time_price,62.04,peak,169.69426918029785
2026-01-04 14:45:00,real_time_price,87.46,peak,100.7171573638916
2026-01-04 15:00:00,real_time_price,240.75,peak,87.6657657623291
2026-01-04 15:15:00,real_time_price,252.94,peak,179.35377883911133
2026-01-04 15:30:00,real_time_price,241.84,peak,282.07557010650635
2026-01-04 15:45:00,real_time_price,266.44,peak,310.24232482910156
2026-01-04 16:00:00,real_time_price,274.75,peak,334.9922614097595
2026-01-04 16:15:00,real_time_price,285.46,peak,301.0185070037842
2026-01-04 16:30:00,real_time_price,292.59,peak,291.78734397888184
2026-01-04 16:45:00,real_time_price,405.86,peak,339.14041233062744
2026-01-04 17:00:00,real_time_price,304.6,peak,347.1873722076416
2026-01-04 17:15:00,real_time_price,302.53,peak,365.0785903930664
2026-01-04 17:30:00,real_time_price,792.24,peak,316.78437328338623
2026-01-04 17:45:00,real_time_price,405.58,peak,439.4130210876465
2026-01-04 18:00:00,real_time_price,425.33,peak,394.49975395202637
2026-01-04 18:15:00,real_time_price,414.5,peak,400.99151134490967
2026-01-04 18:30:00,real_time_price,411.4,peak,471.48813247680664
2026-01-04 18:45:00,real_time_price,322.59,peak,456.3741397857666
2026-01-04 19:00:00,real_time_price,406.54,flat,424.0187873840332
2026-01-04 19:15:00,real_time_price,372.61,flat,380.3607482910156
2026-01-04 19:30:00,real_time_price,498.1,flat,405.1445503234863
2026-01-04 19:45:00,real_time_price,432.05,flat,453.14105796813965
2026-01-04 20:00:00,real_time_price,394.42,flat,441.1347885131836
2026-01-04 20:15:00,real_time_price,409.2,flat,377.4674015045166
2026-01-04 20:30:00,real_time_price,405.38,flat,433.48824739456177
2026-01-04 20:45:00,real_time_price,353.68,flat,467.39887857437134
2026-01-04 21:00:00,real_time_price,374.45,flat,438.51133823394775
2026-01-04 21:15:00,real_time_price,367.98,flat,382.82016611099243
2026-01-04 21:30:00,real_time_price,434.45,flat,391.7873868942261
2026-01-04 21:45:00,real_time_price,437.38,flat,393.9226417541504
2026-01-04 22:00:00,real_time_price,322.62,flat,411.3271265029907
2026-01-04 22:15:00,real_time_price,330.55,flat,362.47687578201294
2026-01-04 22:30:00,real_time_price,298.97,flat,322.53917837142944
2026-01-04 22:45:00,real_time_price,328.02,flat,310.9508213996887
2026-01-04 23:00:00,real_time_price,308.58,flat,304.5118408203125
2026-01-04 23:15:00,real_time_price,310.43,flat,290.0310697555542
2026-01-04 23:30:00,real_time_price,312.54,flat,288.0107078552246
2026-01-04 23:45:00,real_time_price,307.15,flat,302.66284370422363
2026-01-05 00:00:00,real_time_price,282.91,valley,290.6391501426697
2026-01-05 00:15:00,real_time_price,293.94,valley,275.2889976501465
2026-01-05 00:30:00,real_time_price,1000.39,valley,377.9452018737793
2026-01-05 00:45:00,real_time_price,337.69,valley,572.9185209274292
2026-01-05 01:00:00,real_time_price,320.34,valley,328.43589782714844
2026-01-05 01:15:00,real_time_price,310.28,valley,371.3710129261017
2026-01-05 01:30:00,real_time_price,307.09,valley,389.616238117218
2026-01-05 01:45:00,real_time_price,296.03,valley,312.20505595207214
2026-01-05 02:00:00,real_time_price,291.46,valley,314.5432348251343
2026-01-05 02:15:00,real_time_price,285.42,valley,308.114462852478
2026-01-05 02:30:00,real_time_price,280.19,valley,312.191614151001
2026-01-05 02:45:00,real_time_price,285.33,valley,282.69112372398376
2026-01-05 03:00:00,real_time_price,278.07,valley,277.90903401374817
2026-01-05 03:15:00,real_time_price,278.27,valley,281.8850772380829
2026-01-05 03:30:00,real_time_price,279.0,valley,277.3388395309448
2026-01-05 03:45:00,real_time_price,275.1,valley,275.93346881866455
2026-01-05 04:00:00,real_time_price,275.93,valley,273.2574644088745
2026-01-05 04:15:00,real_time_price,276.12,valley,271.9610152244568
2026-01-05 04:30:00,real_time_price,275.18,valley,273.5560884475708
2026-01-05 04:45:00,real_time_price,275.39,valley,268.1409020423889
2026-01-05 05:00:00,real_time_price,276.1,valley,268.16816234588623
2026-01-05 05:15:00,real_time_price,272.03,valley,271.3912682533264
2026-01-05 05:30:00,real_time_price,270.51,valley,273.1612687110901
2026-01-05 05:45:00,real_time_price,271.24,valley,273.0489821434021
2026-01-05 06:00:00,real_time_price,272.89,valley,283.92450428009033
2026-01-05 06:15:00,real_time_price,275.04,valley,284.3473916053772
2026-01-05 06:30:00,real_time_price,288.37,valley,289.709144115448
2026-01-05 06:45:00,real_time_price,297.92,valley,309.7118854522705
2026-01-05 07:00:00,real_time_price,278.33,valley,325.8449869155884
2026-01-05 07:15:00,real_time_price,296.51,valley,312.541775226593
2026-01-05 07:30:00,real_time_price,305.31,valley,301.98778438568115
2026-01-05 07:45:00,real_time_price,303.1,valley,312.6433787345886
2026-01-05 08:00:00,real_time_price,325.84,flat,320.32722091674805
2026-01-05 08:15:00,real_time_price,426.75,flat,342.1992678642273
2026-01-05 08:30:00,real_time_price,314.82,flat,433.28800535202026
2026-01-05 08:45:00,real_time_price,371.56,flat,344.01381826400757
2026-01-05 09:00:00,real_time_price,412.26,flat,364.76910734176636
2026-01-05 09:15:00,real_time_price,366.13,flat,389.85990142822266
2026-01-05 09:30:00,real_time_price,355.73,flat,365.34537410736084
2026-01-05 09:45:00,real_time_price,360.66,flat,351.8634886741638
2026-01-05 10:00:00,real_time_price,316.92,peak,339.88703298568726
2026-01-05 10:15:00,real_time_price,288.79,peak,294.8225111961365
2026-01-05 10:30:00,real_time_price,292.06,peak,279.56550788879395
2026-01-05 10:45:00,real_time_price,288.64,peak,284.5085382461548
2026-01-05 11:00:00,real_time_price,288.59,peak,293.6639289855957
2026-01-05 11:15:00,real_time_price,296.2,peak,287.07019424438477
2026-01-05 11:30:00,real_time_price,280.23,peak,278.80398750305176
2026-01-05 11:45:00,real_time_price,311.46,peak,269.0215644836426
2026-01-05 12:00:00,real_time_price,136.4,flat,273.5866641998291
2026-01-05 12:15:00,real_time_price,268.53,flat,61.61066818237305
2026-01-05 12:30:00,real_time_price,283.8,flat,204.7540683746338
2026-01-05 12:45:00,real_time_price,188.07,flat,269.5489082336426
2026-01-05 13:00:00,real_time_price,273.5,flat,169.57989120483398
2026-01-05 13:15:00,real_time_price,209.44,flat,219.6607313156128
2026-01-05 13:30:00,real_time_price,161.14,flat,245.19998931884766
2026-01-05 13:45:00,real_time_price,281.76,flat,212.10343170166016
2026-01-05 14:00:00,real_time_price,292.52,peak,327.2069492340088
2026-01-05 14:15:00,real_time_price,113.93,peak,273.3608798980713
2026-01-05 14:30:00,real_time_price,190.3,peak,199.54139518737793
2026-01-05 14:45:00,real_time_price,283.4,peak,214.39178085327148
2026-01-05 15:00:00,real_time_price,283.48,peak,273.19177055358887
2026-01-05 15:15:00,real_time_price,281.16,peak,269.44996452331543
2026-01-05 15:30:00,real_time_price,289.36,peak,269.98040771484375
2026-01-05 15:45:00,real_time_price,284.64,peak,289.611515045166
2026-01-05 16:00:00,real_time_price,287.31,peak,299.9931640625
2026-01-05 16:15:00,real_time_price,295.06,peak,290.812705039978
2026-01-05 16:30:00,real_time_price,312.59,peak,304.0710301399231
2026-01-05 16:45:00,real_time_price,342.31,peak,318.7472333908081
2026-01-05 17:00:00,real_time_price,323.03,peak,359.022038936615
2026-01-05 17:15:00,real_time_price,401.17,peak,346.2660617828369
2026-01-05 17:30:00,real_time_price,375.96,peak,393.08489418029785
2026-01-05 17:45:00,real_time_price,310.33,peak,362.86803913116455
2026-01-05 18:00:00,real_time_price,401.05,peak,328.3872437477112
2026-01-05 18:15:00,real_time_price,398.22,peak,402.82156562805176
2026-01-05 18:30:00,real_time_price,316.87,peak,414.77749156951904
2026-01-05 18:45:00,real_time_price,408.39,peak,357.7795338630676
2026-01-05 19:00:00,real_time_price,310.34,flat,387.9749412536621
2026-01-05 19:15:00,real_time_price,373.01,flat,319.8086404800415
2026-01-05 19:30:00,real_time_price,359.43,flat,399.9418067932129
2026-01-05 19:45:00,real_time_price,320.45,flat,368.0406150817871
2026-01-05 20:00:00,real_time_price,401.65,flat,328.5144462585449
2026-01-05 20:15:00,real_time_price,386.19,flat,377.8573112487793
2026-01-05 20:30:00,real_time_price,320.91,flat,402.165536403656
2026-01-05 20:45:00,real_time_price,323.54,flat,353.34371995925903
2026-01-05 21:00:00,real_time_price,319.84,flat,336.18901348114014
2026-01-05 21:15:00,real_time_price,310.42,flat,321.08350944519043
2026-01-05 21:30:00,real_time_price,310.41,flat,310.25524711608887
2026-01-05 21:45:00,real_time_price,311.26,flat,298.15465354919434
2026-01-05 22:00:00,real_time_price,314.94,flat,307.179518699646
2026-01-05 22:15:00,real_time_price,320.51,flat,311.4265079498291
2026-01-05 22:30:00,real_time_price,296.5,flat,307.83418893814087
2026-01-05 22:45:00,real_time_price,313.79,flat,267.50724172592163
2026-01-05 23:00:00,real_time_price,290.05,flat,295.2890853881836
2026-01-05 23:15:00,real_time_price,280.3,flat,281.33143615722656
2026-01-05 23:30:00,real_time_price,277.09,flat,274.24108123779297
2026-01-05 23:45:00,real_time_price,281.49,flat,273.3716335296631
2026-01-06 00:00:00,real_time_price,274.99,valley,272.2783451080322
2026-01-06 00:15:00,real_time_price,281.91,valley,272.38323879241943
2026-01-06 00:30:00,real_time_price,252.05,valley,351.9402618408203
2026-01-06 00:45:00,real_time_price,287.58,valley,289.1218099594116
2026-01-06 01:00:00,real_time_price,257.61,valley,262.6503255367279
2026-01-06 01:15:00,real_time_price,307.38,valley,278.2281861305237
2026-01-06 01:30:00,real_time_price,287.48,valley,290.7766900062561
2026-01-06 01:45:00,real_time_price,279.15,valley,283.53186655044556
2026-01-06 02:00:00,real_time_price,284.77,valley,278.89865159988403
2026-01-06 02:15:00,real_time_price,271.3,valley,280.90473985671997
2026-01-06 02:30:00,real_time_price,268.95,valley,274.56607961654663
2026-01-06 02:45:00,real_time_price,270.09,valley,269.20827293395996
2026-01-06 03:00:00,real_time_price,251.94,valley,267.3783948421478
2026-01-06 03:15:00,real_time_price,265.69,valley,254.66007232666016
2026-01-06 03:30:00,real_time_price,259.05,valley,257.30699586868286
2026-01-06 03:45:00,real_time_price,244.75,valley,258.86687994003296
2026-01-06 04:00:00,real_time_price,255.55,valley,248.1171588897705
2026-01-06 04:15:00,real_time_price,258.63,valley,250.27314472198486
2026-01-06 04:30:00,real_time_price,244.94,valley,254.4701566696167
2026-01-06 04:45:00,real_time_price,219.94,valley,247.68869876861572
2026-01-06 05:00:00,real_time_price,247.94,valley,245.96019840240479
2026-01-06 05:15:00,real_time_price,166.32,valley,238.95452213287354
2026-01-06 05:30:00,real_time_price,247.94,valley,215.51672506332397
2026-01-06 05:45:00,real_time_price,250.05,valley,233.2388792037964
2026-01-06 06:00:00,real_time_price,253.13,valley,254.14674139022827
2026-01-06 06:15:00,real_time_price,260.04,valley,257.4312148094177
2026-01-06 06:30:00,real_time_price,270.87,valley,277.9988422393799
2026-01-06 06:45:00,real_time_price,273.54,valley,278.6685175895691
2026-01-06 07:00:00,real_time_price,272.59,valley,275.2652544975281
2026-01-06 07:15:00,real_time_price,278.79,valley,272.2952666282654
2026-01-06 07:30:00,real_time_price,279.18,valley,317.1659870147705
2026-01-06 07:45:00,real_time_price,294.72,valley,313.04446601867676
2026-01-06 08:00:00,real_time_price,300.43,flat,299.67685747146606
2026-01-06 08:15:00,real_time_price,366.49,flat,311.5723090171814
2026-01-06 08:30:00,real_time_price,271.11,flat,368.1292881965637
2026-01-06 08:45:00,real_time_price,277.41,flat,302.4619069099426
2026-01-06 09:00:00,real_time_price,288.82,flat,293.67593455314636
2026-01-06 09:15:00,real_time_price,272.51,flat,276.7189383506775
2026-01-06 09:30:00,real_time_price,300.48,flat,274.48149132728577
2026-01-06 09:45:00,real_time_price,287.65,flat,282.0466060638428
2026-01-06 10:00:00,real_time_price,297.94,peak,270.205144405365
2026-01-06 10:15:00,real_time_price,246.95,peak,286.463885307312
2026-01-06 10:30:00,real_time_price,273.29,peak,258.96212005615234
2026-01-06 10:45:00,real_time_price,263.48,peak,274.03038692474365
2026-01-06 11:00:00,real_time_price,279.0,peak,259.67645359039307
2026-01-06 11:15:00,real_time_price,294.45,peak,269.81737899780273
2026-01-06 11:30:00,real_time_price,283.0,peak,291.2602367401123
2026-01-06 11:45:00,real_time_price,284.85,peak,264.47972774505615
2026-01-06 12:00:00,real_time_price,283.97,flat,268.6356506347656
2026-01-06 12:15:00,real_time_price,262.41,flat,219.07950019836426
2026-01-06 12:30:00,real_time_price,282.17,flat,252.70293426513672
2026-01-06 12:45:00,real_time_price,263.65,flat,277.1406669616699
2026-01-06 13:00:00,real_time_price,143.75,flat,261.5130310058594
2026-01-06 13:15:00,real_time_price,217.93,flat,203.57532691955566
2026-01-06 13:30:00,real_time_price,301.12,flat,227.12829780578613
2026-01-06 13:45:00,real_time_price,290.83,flat,290.66300773620605
2026-01-06 14:00:00,real_time_price,291.51,peak,308.66967391967773
2026-01-06 14:15:00,real_time_price,297.66,peak,259.43939781188965
2026-01-06 14:30:00,real_time_price,302.68,peak,263.3008975982666
2026-01-06 14:45:00,real_time_price,262.39,peak,286.5697498321533
2026-01-06 15:00:00,real_time_price,265.33,peak,274.76063346862793
2026-01-06 15:15:00,real_time_price,347.74,peak,263.3304080963135
2026-01-06 15:30:00,real_time_price,298.43,peak,293.2380886077881
2026-01-06 15:45:00,real_time_price,321.92,peak,302.4280118942261
2026-01-06 16:00:00,real_time_price,283.33,peak,314.4476728439331
2026-01-06 16:15:00,real_time_price,295.35,peak,291.32474517822266
2026-01-06 16:30:00,real_time_price,280.83,peak,300.02851486206055
2026-01-06 16:45:00,real_time_price,287.4,peak,295.6278820037842
2026-01-06 17:00:00,real_time_price,300.91,peak,290.5213837623596
2026-01-06 17:15:00,real_time_price,300.7,peak,306.697660446167
2026-01-06 17:30:00,real_time_price,321.6,peak,305.35774779319763
2026-01-06 17:45:00,real_time_price,316.28,peak,306.6253299713135
2026-01-06 18:00:00,real_time_price,344.48,peak,322.40218019485474
2026-01-06 18:15:00,real_time_price,342.16,peak,338.9371380805969
2026-01-06 18:30:00,real_time_price,370.18,peak,361.0953760147095
2026-01-06 18:45:00,real_time_price,365.14,peak,369.3912286758423
2026-01-06 19:00:00,real_time_price,370.42,flat,363.14596366882324
2026-01-06 19:15:00,real_time_price,348.96,flat,364.4587445259094
2026-01-06 19:30:00,real_time_price,355.41,flat,403.2687749862671
2026-01-06 19:45:00,real_time_price,375.37,flat,391.57612466812134
2026-01-06 20:00:00,real_time_price,375.09,flat,355.69335746765137
2026-01-06 20:15:00,real_time_price,375.14,flat,349.85416984558105
2026-01-06 20:30:00,real_time_price,424.02,flat,372.53457260131836
2026-01-06 20:45:00,real_time_price,378.61,flat,390.6649832725525
2026-01-06 21:00:00,real_time_price,438.92,flat,374.76672315597534
2026-01-06 21:15:00,real_time_price,381.03,flat,399.2237572669983
2026-01-06 21:30:00,real_time_price,432.65,flat,411.9228525161743
2026-01-06 21:45:00,real_time_price,461.21,flat,408.9964189529419
2026-01-06 22:00:00,real_time_price,446.5,flat,409.6313581466675
2026-01-06 22:15:00,real_time_price,357.28,flat,402.17317390441895
2026-01-06 22:30:00,real_time_price,307.91,flat,362.01718282699585
2026-01-06 22:45:00,real_time_price,303.02,flat,318.2396640777588
2026-01-06 23:00:00,real_time_price,298.26,flat,297.34628772735596
2026-01-06 23:15:00,real_time_price,284.89,flat,279.2256979942322
2026-01-06 23:30:00,real_time_price,282.75,flat,275.11603260040283
2026-01-06 23:45:00,real_time_price,273.34,flat,275.4359369277954
2026-01-07 00:00:00,real_time_price,270.13,valley,277.35769152641296
2026-01-07 00:15:00,real_time_price,265.1,valley,277.0945072174072
2026-01-07 00:30:00,real_time_price,289.24,valley,433.4915704727173
2026-01-07 00:45:00,real_time_price,286.61,valley,305.3653259277344
2026-01-07 01:00:00,real_time_price,278.68,valley,277.50146889686584
2026-01-07 01:15:00,real_time_price,277.93,valley,282.62536120414734
2026-01-07 01:30:00,real_time_price,278.95,valley,276.35254549980164
2026-01-07 01:45:00,real_time_price,277.88,valley,280.5276288986206
2026-01-07 02:00:00,real_time_price,277.73,valley,278.9301314353943
2026-01-07 02:15:00,real_time_price,262.86,valley,279.9329113960266
2026-01-07 02:30:00,real_time_price,269.84,valley,269.3189663887024
2026-01-07 02:45:00,real_time_price,265.5,valley,267.10305070877075
2026-01-07 03:00:00,real_time_price,265.5,valley,262.3755021095276
2026-01-07 03:15:00,real_time_price,254.11,valley,262.23053526878357
2026-01-07 03:30:00,real_time_price,259.26,valley,252.61293375492096
2026-01-07 03:45:00,real_time_price,257.0,valley,253.64425706863403
2026-01-07 04:00:00,real_time_price,262.71,valley,253.33267784118652
2026-01-07 04:15:00,real_time_price,260.63,valley,257.2682628631592
2026-01-07 04:30:00,real_time_price,254.0,valley,257.98141145706177
2026-01-07 04:45:00,real_time_price,254.0,valley,249.4444658756256
2026-01-07 05:00:00,real_time_price,252.0,valley,253.89411687850952
2026-01-07 05:15:00,real_time_price,252.0,valley,247.86375522613525
2026-01-07 05:30:00,real_time_price,252.0,valley,254.2724003791809
2026-01-07 05:45:00,real_time_price,258.54,valley,255.50958609580994
2026-01-07 06:00:00,real_time_price,254.0,valley,258.375670671463
2026-01-07 06:15:00,real_time_price,269.61,valley,258.36593770980835
2026-01-07 06:30:00,real_time_price,270.0,valley,273.36505031585693
2026-01-07 06:45:00,real_time_price,273.34,valley,275.1767292022705
2026-01-07 07:00:00,real_time_price,277.52,valley,274.9013810157776
2026-01-07 07:15:00,real_time_price,278.96,valley,274.707058429718
2026-01-07 07:30:00,real_time_price,285.54,valley,274.7605493068695
2026-01-07 07:45:00,real_time_price,290.64,valley,278.7191209793091
2026-01-07 08:00:00,real_time_price,290.68,flat,290.9640998840332
2026-01-07 08:15:00,real_time_price,296.92,flat,306.3412072658539
2026-01-07 08:30:00,real_time_price,278.78,flat,304.9459466934204
2026-01-07 08:45:00,real_time_price,311.0,flat,282.8471074104309
2026-01-07 09:00:00,real_time_price,274.59,flat,296.35077571868896
2026-01-07 09:15:00,real_time_price,280.73,flat,267.9231548309326
2026-01-07 09:30:00,real_time_price,281.46,flat,273.81152534484863
2026-01-07 09:45:00,real_time_price,316.86,flat,270.0758686065674
2026-01-07 10:00:00,real_time_price,285.75,peak,292.6748638153076
2026-01-07 10:15:00,real_time_price,316.9,peak,279.43652534484863
2026-01-07 10:30:00,real_time_price,187.65,peak,287.0388832092285
2026-01-07 10:45:00,real_time_price,285.66,peak,246.68593788146973
2026-01-07 11:00:00,real_time_price,288.19,peak,276.84075927734375
2026-01-07 11:15:00,real_time_price,188.06,peak,278.32201957702637
2026-01-07 11:30:00,real_time_price,759.39,peak,211.62904167175293
2026-01-07 11:45:00,real_time_price,469.89,peak,470.3544387817383
2026-01-07 12:00:00,real_time_price,93.71,flat,431.2376518249512
2026-01-07 12:15:00,real_time_price,27.26,flat,161.0157127380371
2026-01-07 12:30:00,real_time_price,151.2,flat,270.0363254547119
2026-01-07 12:45:00,real_time_price,77.5,flat,164.2259635925293
2026-01-07 13:00:00,real_time_price,38.82,flat,80.39848899841309
2026-01-07 13:15:00,real_time_price,-9.43,flat,75.13391304016113
2026-01-07 13:30:00,real_time_price,118.95,flat,51.63156318664551
2026-01-07 13:45:00,real_time_price,321.13,flat,103.95328521728516
2026-01-07 14:00:00,real_time_price,278.96,peak,288.40222358703613
2026-01-07 14:15:00,real_time_price,305.49,peak,222.69920921325684
2026-01-07 14:30:00,real_time_price,317.86,peak,275.7168159484863
2026-01-07 14:45:00,real_time_price,293.61,peak,290.98631858825684
2026-01-07 15:00:00,real_time_price,316.52,peak,283.21362113952637
2026-01-07 15:15:00,real_time_price,646.3,peak,285.9831008911133
2026-01-07 15:30:00,real_time_price,320.79,peak,395.02006912231445
2026-01-07 15:45:00,real_time_price,312.53,peak,298.4235210418701
2026-01-07 16:00:00,real_time_price,397.67,peak,315.77474212646484
2026-01-07 16:15:00,real_time_price,335.41,peak,331.75496339797974
2026-01-07 16:30:00,real_time_price,426.15,peak,371.8627562522888
2026-01-07 16:45:00,real_time_price,482.62,peak,366.83852529525757
2026-01-07 17:00:00,real_time_price,554.05,peak,525.9405035972595
2026-01-07 17:15:00,real_time_price,327.96,peak,579.875301361084
2026-01-07 17:30:00,real_time_price,601.67,peak,380.17384099960327
2026-01-07 17:45:00,real_time_price,560.21,peak,496.96616649627686
2026-01-07 18:00:00,real_time_price,654.97,peak,518.8992557525635
2026-01-07 18:15:00,real_time_price,859.32,peak,474.5280170440674
2026-01-07 18:30:00,real_time_price,830.51,peak,681.9314880371094
2026-01-07 18:45:00,real_time_price,908.45,peak,570.3610687255859
2026-01-07 19:00:00,real_time_price,823.71,flat,952.6636009216309
2026-01-07 19:15:00,real_time_price,839.95,flat,715.5847663879395
2026-01-07 19:30:00,real_time_price,1304.99,flat,832.4494781494141
2026-01-07 19:45:00,real_time_price,1115.8,flat,911.1126842498779
2026-01-07 20:00:00,real_time_price,847.85,flat,879.6084699630737
2026-01-07 20:15:00,real_time_price,615.88,flat,720.504322052002
2026-01-07 20:30:00,real_time_price,851.97,flat,749.7042274475098
2026-01-07 20:45:00,real_time_price,649.59,flat,871.7550830841064
2026-01-07 21:00:00,real_time_price,1170.66,flat,776.2096338272095
2026-01-07 21:15:00,real_time_price,765.54,flat,983.1796054840088
2026-01-07 21:30:00,real_time_price,588.07,flat,801.9549598693848
2026-01-07 21:45:00,real_time_price,663.1,flat,579.0873050689697
2026-01-07 22:00:00,real_time_price,786.81,flat,646.0707778930664
2026-01-07 22:15:00,real_time_price,520.67,flat,659.3471069335938
2026-01-07 22:30:00,real_time_price,506.06,flat,477.70534896850586
2026-01-07 22:45:00,real_time_price,475.53,flat,426.75832414627075
2026-01-07 23:00:00,real_time_price,358.87,flat,402.35448360443115
2026-01-07 23:15:00,real_time_price,311.11,flat,332.0647759437561
2026-01-07 23:30:00,real_time_price,310.05,flat,313.2523651123047
2026-01-07 23:45:00,real_time_price,320.7,flat,295.08609199523926
2026-01-08 00:00:00,real_time_price,295.93,valley,289.37355518341064
2026-01-08 00:15:00,real_time_price,289.75,valley,279.49820923805237
2026-01-08 00:30:00,real_time_price,324.91,valley,347.82901191711426
2026-01-08 00:45:00,real_time_price,354.03,valley,310.33968234062195
2026-01-08 01:00:00,real_time_price,357.5,valley,328.1002857685089
2026-01-08 01:15:00,real_time_price,352.26,valley,330.5649998188019
2026-01-08 01:30:00,real_time_price,303.67,valley,336.10594367980957
2026-01-08 01:45:00,real_time_price,301.29,valley,309.5109643936157
2026-01-08 02:00:00,real_time_price,310.04,valley,295.25945377349854
2026-01-08 02:15:00,real_time_price,306.38,valley,306.59508991241455
2026-01-08 02:30:00,real_time_price,269.46,valley,301.9607915878296
2026-01-08 02:45:00,real_time_price,278.8,valley,284.1174991130829
2026-01-08 03:00:00,real_time_price,280.92,valley,274.1025733947754
2026-01-08 03:15:00,real_time_price,275.01,valley,276.09166622161865
2026-01-08 03:30:00,real_time_price,272.0,valley,268.9291121959686
2026-01-08 03:45:00,real_time_price,267.96,valley,268.47433853149414
2026-01-08 04:00:00,real_time_price,273.13,valley,265.6462297439575
2026-01-08 04:15:00,real_time_price,270.91,valley,268.55839920043945
2026-01-08 04:30:00,real_time_price,266.17,valley,269.65589714050293
2026-01-08 04:45:00,real_time_price,270.68,valley,263.39008045196533
2026-01-08 05:00:00,real_time_price,270.22,valley,266.1549186706543
2026-01-08 05:15:00,real_time_price,267.77,valley,266.77795219421387
2026-01-08 05:30:00,real_time_price,263.88,valley,269.2001323699951
2026-01-08 05:45:00,real_time_price,279.53,valley,266.77299785614014
2026-01-08 06:00:00,real_time_price,261.39,valley,277.6793575286865
2026-01-08 06:15:00,real_time_price,264.7,valley,268.16189670562744
2026-01-08 06:30:00,real_time_price,269.22,valley,265.5044183731079
2026-01-08 06:45:00,real_time_price,170.28,valley,268.05934143066406
2026-01-08 07:00:00,real_time_price,260.11,valley,205.78820610046387
2026-01-08 07:15:00,real_time_price,264.31,valley,239.54149341583252
2026-01-08 07:30:00,real_time_price,280.91,valley,217.83035397529602
2026-01-08 07:45:00,real_time_price,279.97,valley,243.43091869354248
2026-01-08 08:00:00,real_time_price,278.22,flat,267.7945725917816
2026-01-08 08:15:00,real_time_price,272.42,flat,299.03084921836853
2026-01-08 08:30:00,real_time_price,267.64,flat,296.7362787723541
2026-01-08 08:45:00,real_time_price,262.4,flat,275.62847208976746
2026-01-08 09:00:00,real_time_price,262.24,flat,250.3812894821167
2026-01-08 09:15:00,real_time_price,271.69,flat,254.62902092933655
2026-01-08 09:30:00,real_time_price,267.27,flat,258.6845352649689
2026-01-08 09:45:00,real_time_price,318.13,flat,261.2230157852173
2026-01-08 10:00:00,real_time_price,284.56,peak,302.13926792144775
2026-01-08 10:15:00,real_time_price,279.65,peak,300.99988651275635
2026-01-08 10:30:00,real_time_price,283.68,peak,280.3800172805786
2026-01-08 10:45:00,real_time_price,264.23,peak,284.1923336982727
2026-01-08 11:00:00,real_time_price,283.99,peak,286.13078022003174
2026-01-08 11:15:00,real_time_price,312.58,peak,291.03103256225586
2026-01-08 11:30:00,real_time_price,395.28,peak,288.33573389053345
2026-01-08 11:45:00,real_time_price,326.93,peak,447.0592918395996
2026-01-08 12:00:00,real_time_price,265.73,flat,217.3472032546997
2026-01-08 12:15:00,real_time_price,89.3,flat,160.44293689727783
2026-01-08 12:30:00,real_time_price,270.43,flat,215.37109756469727
2026-01-08 12:45:00,real_time_price,90.42,flat,253.1404685974121
2026-01-08 13:00:00,real_time_price,180.37,flat,130.34154605865479
2026-01-08 13:15:00,real_time_price,281.7,flat,148.5189619064331
2026-01-08 13:30:00,real_time_price,189.74,flat,241.21342492103577
2026-01-08 13:45:00,real_time_price,277.68,flat,243.45903611183167
2026-01-08 14:00:00,real_time_price,286.81,peak,283.88029861450195
2026-01-08 14:15:00,real_time_price,289.52,peak,281.79041385650635
2026-01-08 14:30:00,real_time_price,258.2,peak,289.25869846343994
2026-01-08 14:45:00,real_time_price,279.97,peak,271.9522352218628
2026-01-08 15:00:00,real_time_price,261.32,peak,298.4653024673462
2026-01-08 15:15:00,real_time_price,525.13,peak,251.76682996749878
2026-01-08 15:30:00,real_time_price,296.59,peak,333.8178973197937
2026-01-08 15:45:00,real_time_price,287.04,peak,313.5533564090729
2026-01-08 16:00:00,real_time_price,294.88,peak,318.4098484516144
2026-01-08 16:15:00,real_time_price,268.27,peak,310.3010973930359
2026-01-08 16:30:00,real_time_price,255.08,peak,291.045686006546
2026-01-08 16:45:00,real_time_price,282.15,peak,280.6016528606415
2026-01-08 17:00:00,real_time_price,352.31,peak,287.8621482849121
2026-01-08 17:15:00,real_time_price,373.59,peak,335.8282377719879
2026-01-08 17:30:00,real_time_price,404.32,peak,402.7812600135803
2026-01-08 17:45:00,real_time_price,405.06,peak,383.25340390205383
2026-01-08 18:00:00,real_time_price,1090.41,peak,415.3003821372986
2026-01-08 18:15:00,real_time_price,755.96,peak,500.27727031707764
2026-01-08 18:30:00,real_time_price,1325.85,peak,646.3805732727051
2026-01-08 18:45:00,real_time_price,1556.81,peak,723.0024719238281
2026-01-08 19:00:00,real_time_price,1800.0,flat,1088.83078956604
2026-01-08 19:15:00,real_time_price,833.83,flat,913.6159610748291
2026-01-08 19:30:00,real_time_price,1794.39,flat,978.5043001174927
2026-01-08 19:45:00,real_time_price,1651.79,flat,1082.5067973136902
2026-01-08 20:00:00,real_time_price,1091.86,flat,1027.5451531410217
2026-01-08 20:15:00,real_time_price,1241.18,flat,908.2502818107605
2026-01-08 20:30:00,real_time_price,1274.94,flat,1081.241871356964
2026-01-08 20:45:00,real_time_price,663.42,flat,1109.3208055496216
2026-01-08 21:00:00,real_time_price,1357.85,flat,742.0410265922546
2026-01-08 21:15:00,real_time_price,665.09,flat,1033.2859916687012
2026-01-08 21:30:00,real_time_price,1098.88,flat,739.3082847595215
2026-01-08 21:45:00,real_time_price,1410.41,flat,931.7160429954529
2026-01-08 22:00:00,real_time_price,642.13,flat,1019.9075870513916
2026-01-08 22:15:00,real_time_price,330.57,flat,673.9044871330261
2026-01-08 22:30:00,real_time_price,326.89,flat,460.3161430358887
2026-01-08 22:45:00,real_time_price,295.19,flat,425.24704456329346
2026-01-08 23:00:00,real_time_price,301.65,flat,341.40274572372437
2026-01-08 23:15:00,real_time_price,296.72,flat,333.17985105514526
2026-01-08 23:30:00,real_time_price,289.67,flat,332.4210014343262
2026-01-08 23:45:00,real_time_price,270.23,flat,341.93699073791504
2026-01-09 00:00:00,real_time_price,232.57,valley,260.5835671424866
2026-01-09 00:15:00,real_time_price,285.93,valley,186.01536321640015
2026-01-09 00:30:00,real_time_price,249.33,valley,343.5553274154663
2026-01-09 00:45:00,real_time_price,271.22,valley,246.47784876823425
2026-01-09 01:00:00,real_time_price,273.61,valley,245.14808654785156
2026-01-09 01:15:00,real_time_price,277.54,valley,257.5145010948181
2026-01-09 01:30:00,real_time_price,293.68,valley,269.14971232414246
2026-01-09 01:45:00,real_time_price,276.73,valley,277.325163602829
2026-01-09 02:00:00,real_time_price,264.73,valley,278.54916882514954
2026-01-09 02:15:00,real_time_price,270.0,valley,269.4470121860504
2026-01-09 02:30:00,real_time_price,272.01,valley,274.244012594223
2026-01-09 02:45:00,real_time_price,265.91,valley,267.402624130249
2026-01-09 03:00:00,real_time_price,265.67,valley,281.29791140556335
2026-01-09 03:15:00,real_time_price,263.24,valley,294.37851786613464
2026-01-09 03:30:00,real_time_price,261.15,valley,288.9273130893707
2026-01-09 03:45:00,real_time_price,257.98,valley,289.28643012046814
2026-01-09 04:00:00,real_time_price,257.9,valley,277.0320885181427
2026-01-09 04:15:00,real_time_price,266.68,valley,278.71466040611267
2026-01-09 04:30:00,real_time_price,258.48,valley,293.6173689365387
2026-01-09 04:45:00,real_time_price,259.17,valley,290.86135268211365
2026-01-09 05:00:00,real_time_price,94.63,valley,284.25326704978943
2026-01-09 05:15:00,real_time_price,230.11,valley,208.44481492042542
2026-01-09 05:30:00,real_time_price,252.65,valley,274.1550133228302
2026-01-09 05:45:00,real_time_price,245.96,valley,266.3347923755646
2026-01-09 06:00:00,real_time_price,249.56,valley,281.2354395389557
2026-01-09 06:15:00,real_time_price,266.96,valley,270.95032477378845
2026-01-09 06:30:00,real_time_price,270.65,valley,274.51319766044617
2026-01-09 06:45:00,real_time_price,261.94,valley,279.70638728141785
2026-01-09 07:00:00,real_time_price,274.98,valley,291.74985909461975
2026-01-09 07:15:00,real_time_price,268.49,valley,277.6153402328491
2026-01-09 07:30:00,real_time_price,265.24,valley,257.0159933567047
2026-01-09 07:45:00,real_time_price,265.11,valley,283.6330785751343
2026-01-09 08:00:00,real_time_price,265.67,flat,283.47099232673645
2026-01-09 08:15:00,real_time_price,261.92,flat,297.69151997566223
2026-01-09 08:30:00,real_time_price,252.13,flat,294.2086515426636
2026-01-09 08:45:00,real_time_price,260.36,flat,263.9636754989624
2026-01-09 09:00:00,real_time_price,265.42,flat,269.09569215774536
2026-01-09 09:15:00,real_time_price,276.93,flat,262.0984869003296
2026-01-09 09:30:00,real_time_price,264.32,flat,273.7551636695862
2026-01-09 09:45:00,real_time_price,271.16,flat,264.6310329437256
2026-01-09 10:00:00,real_time_price,275.4,peak,289.72977781295776
2026-01-09 10:15:00,real_time_price,269.44,peak,292.44953060150146
2026-01-09 10:30:00,real_time_price,252.0,peak,299.97580337524414
2026-01-09 10:45:00,real_time_price,270.69,peak,275.5799684524536
2026-01-09 11:00:00,real_time_price,252.0,peak,307.4708414077759
2026-01-09 11:15:00,real_time_price,277.73,peak,285.48734760284424
2026-01-09 11:30:00,real_time_price,256.74,peak,334.36519718170166
2026-01-09 11:45:00,real_time_price,270.95,peak,260.82915019989014
2026-01-09 12:00:00,real_time_price,259.71,flat,220.01208209991455
2026-01-09 12:15:00,real_time_price,78.93,flat,124.01332473754883
2026-01-09 12:30:00,real_time_price,11.95,flat,159.73511123657227
2026-01-09 12:45:00,real_time_price,227.66,flat,145.23377990722656
2026-01-09 13:00:00,real_time_price,222.49,flat,143.89432525634766
2026-01-09 13:15:00,real_time_price,256.82,flat,221.602388381958
2026-01-09 13:30:00,real_time_price,230.86,flat,251.6458501815796
2026-01-09 13:45:00,real_time_price,268.02,flat,249.94235706329346
2026-01-09 14:00:00,real_time_price,252.56,peak,332.55195808410645
2026-01-09 14:15:00,real_time_price,244.24,peak,256.2094478607178
2026-01-09 14:30:00,real_time_price,252.48,peak,233.01987171173096
2026-01-09 14:45:00,real_time_price,255.37,peak,282.280234336853
2026-01-09 15:00:00,real_time_price,260.19,peak,260.86792850494385
2026-01-09 15:15:00,real_time_price,270.43,peak,265.7662935256958
2026-01-09 15:30:00,real_time_price,272.97,peak,296.6868143081665
2026-01-09 15:45:00,real_time_price,285.68,peak,285.32219314575195
2026-01-09 16:00:00,real_time_price,277.22,peak,294.3643274307251
2026-01-09 16:15:00,real_time_price,281.76,peak,297.3907685279846
2026-01-09 16:30:00,real_time_price,300.0,peak,309.4327199459076
2026-01-09 16:45:00,real_time_price,302.27,peak,346.12209463119507
2026-01-09 17:00:00,real_time_price,317.99,peak,324.92940640449524
2026-01-09 17:15:00,real_time_price,308.58,peak,333.92929553985596
2026-01-09 17:30:00,real_time_price,329.98,peak,316.4386568069458
2026-01-09 17:45:00,real_time_price,357.6,peak,333.25311160087585
2026-01-09 18:00:00,real_time_price,303.92,peak,350.0647563934326
2026-01-09 18:15:00,real_time_price,301.59,peak,360.9802579879761
2026-01-09 18:30:00,real_time_price,310.02,peak,317.3823461532593
2026-01-09 18:45:00,real_time_price,304.0,peak,358.5154113769531
2026-01-09 19:00:00,real_time_price,327.39,flat,364.3061218261719
2026-01-09 19:15:00,real_time_price,299.99,flat,480.52129650115967
2026-01-09 19:30:00,real_time_price,308.58,flat,381.81546211242676
2026-01-09 19:45:00,real_time_price,328.56,flat,500.2309408187866
2026-01-09 20:00:00,real_time_price,326.92,flat,355.7189636230469
2026-01-09 20:15:00,real_time_price,300.34,flat,343.4462184906006
2026-01-09 20:30:00,real_time_price,320.49,flat,362.5887203216553
2026-01-09 20:45:00,real_time_price,309.96,flat,318.25911712646484
2026-01-09 21:00:00,real_time_price,305.14,flat,357.7035756111145
2026-01-09 21:15:00,real_time_price,307.86,flat,353.14095306396484
2026-01-09 21:30:00,real_time_price,308.02,flat,316.92769050598145
2026-01-09 21:45:00,real_time_price,310.04,flat,318.70332193374634
2026-01-09 22:00:00,real_time_price,335.89,flat,369.9187469482422
2026-01-09 22:15:00,real_time_price,313.9,flat,315.3329315185547
2026-01-09 22:30:00,real_time_price,341.18,flat,318.197105884552
2026-01-09 22:45:00,real_time_price,418.73,flat,312.8327798843384
2026-01-09 23:00:00,real_time_price,414.19,flat,358.34925079345703
2026-01-09 23:15:00,real_time_price,381.19,flat,363.84008598327637
2026-01-09 23:30:00,real_time_price,383.51,flat,367.4340810775757
2026-01-09 23:45:00,real_time_price,374.41,flat,364.096378326416
2026-01-10 00:00:00,real_time_price,308.44,valley,341.54608154296875
2026-01-10 00:15:00,real_time_price,302.0,valley,314.3607270717621
2026-01-10 00:30:00,real_time_price,384.98,valley,397.60015773773193
2026-01-10 00:45:00,real_time_price,481.24,valley,333.2871720790863
2026-01-10 01:00:00,real_time_price,356.92,valley,321.37270426750183
2026-01-10 01:15:00,real_time_price,348.55,valley,352.1758620738983
2026-01-10 01:30:00,real_time_price,345.44,valley,350.5980598926544
2026-01-10 01:45:00,real_time_price,328.98,valley,343.08269572257996
2026-01-10 02:00:00,real_time_price,341.95,valley,326.87506222724915
2026-01-10 02:15:00,real_time_price,319.68,valley,337.23315262794495
2026-01-10 02:30:00,real_time_price,319.96,valley,324.30761885643005
2026-01-10 02:45:00,real_time_price,309.01,valley,315.81968569755554
2026-01-10 03:00:00,real_time_price,304.29,valley,308.2673327922821
2026-01-10 03:15:00,real_time_price,270.48,valley,303.2146327495575
2026-01-10 03:30:00,real_time_price,273.98,valley,279.75949025154114
2026-01-10 03:45:00,real_time_price,271.98,valley,270.2014539241791
2026-01-10 04:00:00,real_time_price,277.98,valley,271.8149502277374
2026-01-10 04:15:00,real_time_price,275.98,valley,273.9323265552521
2026-01-10 04:30:00,real_time_price,275.98,valley,269.51082253456116
2026-01-10 04:45:00,real_time_price,274.84,valley,269.4963104724884
2026-01-10 05:00:00,real_time_price,275.98,valley,267.7824513912201
2026-01-10 05:15:00,real_time_price,275.98,valley,267.25324416160583
2026-01-10 05:30:00,real_time_price,274.67,valley,275.00305104255676
2026-01-10 05:45:00,real_time_price,278.0,valley,279.70136857032776
2026-01-10 06:00:00,real_time_price,281.27,valley,284.7358696460724
2026-01-10 06:15:00,real_time_price,292.92,valley,289.8167669773102
2026-01-10 06:30:00,real_time_price,310.1,valley,294.75515580177307
2026-01-10 06:45:00,real_time_price,309.65,valley,308.46784567832947
2026-01-10 07:00:00,real_time_price,340.0,valley,309.9066479206085
2026-01-10 07:15:00,real_time_price,317.7,valley,335.58393597602844
2026-01-10 07:30:00,real_time_price,330.0,valley,325.9894640445709
2026-01-10 07:45:00,real_time_price,320.0,valley,330.6256580352783
2026-01-10 08:00:00,real_time_price,375.66,flat,341.53508734703064
2026-01-10 08:15:00,real_time_price,399.94,flat,380.50465750694275
2026-01-10 08:30:00,real_time_price,381.56,flat,416.31206130981445
2026-01-10 08:45:00,real_time_price,415.32,flat,388.97620582580566
2026-01-10 09:00:00,real_time_price,315.26,flat,383.2188730239868
2026-01-10 09:15:00,real_time_price,330.02,flat,332.645694732666
2026-01-10 09:30:00,real_time_price,282.1,flat,322.3158640861511
2026-01-10 09:45:00,real_time_price,265.84,flat,312.74704790115356
2026-01-10 10:00:00,real_time_price,299.24,peak,256.8276734352112
2026-01-10 10:15:00,real_time_price,265.15,peak,272.5048427581787
2026-01-10 10:30:00,real_time_price,260.29,peak,270.5510597229004
2026-01-10 10:45:00,real_time_price,260.03,peak,242.53873920440674
2026-01-10 11:00:00,real_time_price,261.66,peak,250.50930976867676
2026-01-10 11:15:00,real_time_price,255.5,peak,261.28007221221924
2026-01-10 11:30:00,real_time_price,266.63,peak,254.69860649108887
2026-01-10 11:45:00,real_time_price,266.95,peak,211.68824768066406
2026-01-10 12:00:00,real_time_price,256.63,flat,239.12653064727783
2026-01-10 12:15:00,real_time_price,142.47,flat,127.43497562408447
2026-01-10 12:30:00,real_time_price,162.6,flat,217.86097145080566
2026-01-10 12:45:00,real_time_price,112.95,flat,146.83851718902588
2026-01-10 13:00:00,real_time_price,154.0,flat,120.5825252532959
2026-01-10 13:15:00,real_time_price,241.9,flat,154.38649654388428
2026-01-10 13:30:00,real_time_price,216.53,flat,213.54011917114258
2026-01-10 13:45:00,real_time_price,258.67,flat,231.75025844573975
2026-01-10 14:00:00,real_time_price,262.59,peak,247.82072162628174
2026-01-10 14:15:00,real_time_price,253.44,peak,227.32309246063232
2026-01-10 14:30:00,real_time_price,255.04,peak,239.801739692688
2026-01-10 14:45:00,real_time_price,247.35,peak,243.12030506134033
2026-01-10 15:00:00,real_time_price,256.08,peak,250.20858573913574
2026-01-10 15:15:00,real_time_price,253.71,peak,240.6084041595459
2026-01-10 15:30:00,real_time_price,260.37,peak,244.1255383491516
2026-01-10 15:45:00,real_time_price,270.01,peak,249.09317779541016
2026-01-10 16:00:00,real_time_price,283.06,peak,272.0886507034302
2026-01-10 16:15:00,real_time_price,299.25,peak,269.96095609664917
2026-01-10 16:30:00,real_time_price,304.1,peak,290.30567967891693
2026-01-10 16:45:00,real_time_price,357.55,peak,306.1954345703125
2026-01-10 17:00:00,real_time_price,320.68,peak,353.58522963523865
2026-01-10 17:15:00,real_time_price,400.06,peak,346.64400231838226
2026-01-10 17:30:00,real_time_price,426.66,peak,383.59809160232544
2026-01-10 17:45:00,real_time_price,404.67,peak,389.16397762298584
2026-01-10 18:00:00,real_time_price,429.26,peak,431.8345276117325
2026-01-10 18:15:00,real_time_price,479.99,peak,414.8148241043091
2026-01-10 18:30:00,real_time_price,478.01,peak,481.05584478378296
2026-01-10 18:45:00,real_time_price,520.03,peak,464.05228662490845
2026-01-10 19:00:00,real_time_price,458.48,flat,551.1941437721252
2026-01-10 19:15:00,real_time_price,329.79,flat,447.774471282959
2026-01-10 19:30:00,real_time_price,382.31,flat,424.50004482269287
2026-01-10 19:45:00,real_time_price,331.28,flat,392.2325658798218
2026-01-10 20:00:00,real_time_price,361.62,flat,370.205358505249
2026-01-10 20:15:00,real_time_price,313.84,flat,334.5346279144287
2026-01-10 20:30:00,real_time_price,306.33,flat,344.90762424468994
2026-01-10 20:45:00,real_time_price,317.74,flat,303.43939304351807
2026-01-10 21:00:00,real_time_price,343.57,flat,319.82947158813477
2026-01-10 21:15:00,real_time_price,321.19,flat,320.70007133483887
2026-01-10 21:30:00,real_time_price,378.48,flat,338.30143642425537
2026-01-10 21:45:00,real_time_price,362.85,flat,352.8240633010864
2026-01-10 22:00:00,real_time_price,421.42,flat,353.8312463760376
2026-01-10 22:15:00,real_time_price,455.78,flat,369.1870765686035
2026-01-10 22:30:00,real_time_price,417.59,flat,403.11293601989746
2026-01-10 22:45:00,real_time_price,344.07,flat,378.32973766326904
2026-01-10 23:00:00,real_time_price,313.97,flat,340.8981032371521
2026-01-10 23:15:00,real_time_price,331.04,flat,331.0251178741455
2026-01-10 23:30:00,real_time_price,279.44,flat,309.15126037597656
2026-01-10 23:45:00,real_time_price,276.0,flat,287.79051637649536
2026-01-11 00:00:00,real_time_price,272.0,valley,286.54307651519775
2026-01-11 00:15:00,real_time_price,285.62,valley,288.4889006614685
2026-01-11 00:30:00,real_time_price,336.95,valley,371.7036600112915
2026-01-11 00:45:00,real_time_price,314.02,valley,319.3219590187073
2026-01-11 01:00:00,real_time_price,312.79,valley,310.6115155220032
2026-01-11 01:15:00,real_time_price,309.11,valley,298.3350467681885
2026-01-11 01:30:00,real_time_price,305.06,valley,305.2946107387543
2026-01-11 01:45:00,real_time_price,308.49,valley,305.49433064460754
2026-01-11 02:00:00,real_time_price,305.4,valley,298.99066829681396
2026-01-11 02:15:00,real_time_price,289.32,valley,305.55004811286926
2026-01-11 02:30:00,real_time_price,282.99,valley,295.7175178527832
2026-01-11 02:45:00,real_time_price,280.04,valley,287.6505846977234
2026-01-11 03:00:00,real_time_price,282.09,valley,281.83750653266907
2026-01-11 03:15:00,real_time_price,277.09,valley,277.7452726364136
2026-01-11 03:30:00,real_time_price,279.09,valley,277.51964259147644
2026-01-11 03:45:00,real_time_price,280.0,valley,273.7058711051941
2026-01-11 04:00:00,real_time_price,269.99,valley,276.64563059806824
2026-01-11 04:15:00,real_time_price,274.99,valley,267.16730666160583
2026-01-11 04:30:00,real_time_price,271.41,valley,266.7045843601227
2026-01-11 04:45:00,real_time_price,269.69,valley,267.1822097301483
2026-01-11 05:00:00,real_time_price,265.99,valley,264.9676687717438
2026-01-11 05:15:00,real_time_price,269.84,valley,266.2593080997467
2026-01-11 05:30:00,real_time_price,270.0,valley,272.2065966129303
2026-01-11 05:45:00,real_time_price,269.96,valley,271.46644473075867
2026-01-11 06:00:00,real_time_price,268.61,valley,273.500616312027
2026-01-11 06:15:00,real_time_price,269.89,valley,273.5892913341522
2026-01-11 06:30:00,real_time_price,272.65,valley,284.2735779285431
2026-01-11 06:45:00,real_time_price,280.0,valley,278.85423254966736
2026-01-11 07:00:00,real_time_price,280.09,valley,288.464715719223
2026-01-11 07:15:00,real_time_price,280.03,valley,283.89639925956726
2026-01-11 07:30:00,real_time_price,284.98,valley,284.82414746284485
2026-01-11 07:45:00,real_time_price,279.9,valley,287.8162519931793
2026-01-11 08:00:00,real_time_price,276.53,flat,292.299875497818
2026-01-11 08:15:00,real_time_price,297.0,flat,289.40156507492065
2026-01-11 08:30:00,real_time_price,265.73,flat,291.33053493499756
2026-01-11 08:45:00,real_time_price,255.05,flat,267.0250988006592
2026-01-11 09:00:00,real_time_price,273.94,flat,248.13508796691895
2026-01-11 09:15:00,real_time_price,253.8,flat,261.55258083343506
2026-01-11 09:30:00,real_time_price,266.0,flat,252.15309715270996
2026-01-11 09:45:00,real_time_price,255.44,flat,250.17964553833008
2026-01-11 10:00:00,real_time_price,261.54,peak,241.2543182373047
2026-01-11 10:15:00,real_time_price,233.16,peak,221.64042949676514
2026-01-11 10:30:00,real_time_price,159.91,peak,215.2743501663208
2026-01-11 10:45:00,real_time_price,139.35,peak,191.15628910064697
2026-01-11 11:00:00,real_time_price,244.01,peak,173.0575590133667
2026-01-11 11:15:00,real_time_price,260.79,peak,184.7466802597046
2026-01-11 11:30:00,real_time_price,263.99,peak,200.17340183258057
2026-01-11 11:45:00,real_time_price,260.82,peak,201.39387226104736
2026-01-11 12:00:00,real_time_price,26.18,flat,233.41262340545654
2026-01-11 12:15:00,real_time_price,-49.17,flat,20.115248680114746
2026-01-11 12:30:00,real_time_price,28.2,flat,62.120811462402344
2026-01-11 12:45:00,real_time_price,-32.71,flat,63.52017402648926
2026-01-11 13:00:00,real_time_price,-49.76,flat,6.968188285827637
2026-01-11 13:15:00,real_time_price,-29.12,flat,-11.755569458007812
2026-01-11 13:30:00,real_time_price,2.89,flat,-13.03987169265747
2026-01-11 13:45:00,real_time_price,71.35,flat,14.199450492858887
2026-01-11 14:00:00,real_time_price,2.49,peak,88.15258598327637
2026-01-11 14:15:00,real_time_price,-1.03,peak,59.971848487854004
2026-01-11 14:30:00,real_time_price,-11.99,peak,33.70496368408203
2026-01-11 14:45:00,real_time_price,-1.5,peak,39.5115442276001
2026-01-11 15:00:00,real_time_price,10.95,peak,58.07984447479248
2026-01-11 15:15:00,real_time_price,9.83,peak,55.53940200805664
2026-01-11 15:30:00,real_time_price,139.71,peak,74.89745903015137
2026-01-11 15:45:00,real_time_price,154.41,peak,176.30404710769653
2026-01-11 16:00:00,real_time_price,265.68,peak,202.3680362701416
2026-01-11 16:15:00,real_time_price,266.17,peak,243.78198719024658
2026-01-11 16:30:00,real_time_price,260.2,peak,257.10121631622314
2026-01-11 16:45:00,real_time_price,279.47,peak,259.2126679420471
2026-01-11 17:00:00,real_time_price,280.12,peak,286.95730686187744
2026-01-11 17:15:00,real_time_price,301.34,peak,292.6709966659546
2026-01-11 17:30:00,real_time_price,314.48,peak,339.0241298675537
2026-01-11 17:45:00,real_time_price,309.14,peak,338.03500270843506
2026-01-11 18:00:00,real_time_price,314.07,peak,325.8540687561035
2026-01-11 18:15:00,real_time_price,327.79,peak,327.0936074256897
2026-01-11 18:30:00,real_time_price,303.15,peak,339.9759922027588
2026-01-11 18:45:00,real_time_price,311.95,peak,297.9024119377136
2026-01-11 19:00:00,real_time_price,317.5,flat,297.79144859313965
2026-01-11 19:15:00,real_time_price,312.11,flat,301.7550616264343
2026-01-11 19:30:00,real_time_price,313.61,flat,325.8223819732666
2026-01-11 19:45:00,real_time_price,313.32,flat,309.16733741760254
2026-01-11 20:00:00,real_time_price,305.67,flat,305.78056812286377
2026-01-11 20:15:00,real_time_price,320.02,flat,289.59831523895264
2026-01-11 20:30:00,real_time_price,346.95,flat,308.1284532546997
2026-01-11 20:45:00,real_time_price,326.29,flat,325.34621238708496
2026-01-11 21:00:00,real_time_price,494.23,flat,323.9762144088745
2026-01-11 21:15:00,real_time_price,413.86,flat,355.0036907196045
2026-01-11 21:30:00,real_time_price,486.4,flat,416.56049823760986
2026-01-11 21:45:00,real_time_price,461.74,flat,429.5367136001587
2026-01-11 22:00:00,real_time_price,400.17,flat,446.0063896179199
2026-01-11 22:15:00,real_time_price,460.87,flat,382.51519680023193
2026-01-11 22:30:00,real_time_price,359.7,flat,434.4949436187744
2026-01-11 22:45:00,real_time_price,309.83,flat,352.5687322616577
2026-01-11 23:00:00,real_time_price,290.0,flat,310.79925060272217
2026-01-11 23:15:00,real_time_price,299.88,flat,292.82457447052
2026-01-11 23:30:00,real_time_price,295.0,flat,272.4897060394287
2026-01-11 23:45:00,real_time_price,298.88,flat,273.075156211853
2026-01-12 00:00:00,real_time_price,279.92,valley,273.03021240234375
2026-01-12 00:15:00,real_time_price,272.0,valley,275.8443145751953
2026-01-12 00:30:00,real_time_price,393.93,valley,361.2524585723877
2026-01-12 00:45:00,real_time_price,304.18,valley,340.69638442993164
2026-01-12 01:00:00,real_time_price,292.88,valley,291.26064682006836
2026-01-12 01:15:00,real_time_price,289.9,valley,284.36146092414856
2026-01-12 01:30:00,real_time_price,277.92,valley,296.5829837322235
2026-01-12 01:45:00,real_time_price,280.05,valley,283.6598813533783
2026-01-12 02:00:00,real_time_price,279.88,valley,276.8705585002899
2026-01-12 02:15:00,real_time_price,279.9,valley,275.4787094593048
2026-01-12 02:30:00,real_time_price,273.96,valley,277.88104271888733
2026-01-12 02:45:00,real_time_price,273.56,valley,269.9660093784332
2026-01-12 03:00:00,real_time_price,271.19,valley,266.02702021598816
2026-01-12 03:15:00,real_time_price,269.98,valley,267.60154461860657
2026-01-12 03:30:00,real_time_price,268.0,valley,265.91382813453674
2026-01-12 03:45:00,real_time_price,265.46,valley,263.24358105659485
2026-01-12 04:00:00,real_time_price,268.0,valley,261.3334219455719
2026-01-12 04:15:00,real_time_price,261.06,valley,264.90941739082336
2026-01-12 04:30:00,real_time_price,264.0,valley,259.8912031650543
2026-01-12 04:45:00,real_time_price,264.51,valley,259.4009449481964
2026-01-12 05:00:00,real_time_price,260.48,valley,262.74299693107605
2026-01-12 05:15:00,real_time_price,263.22,valley,261.796391248703
2026-01-12 05:30:00,real_time_price,263.49,valley,263.8034965991974
2026-01-12 05:45:00,real_time_price,260.0,valley,266.23720479011536
2026-01-12 06:00:00,real_time_price,266.89,valley,265.86814284324646
2026-01-12 06:15:00,real_time_price,269.44,valley,267.73041129112244
2026-01-12 06:30:00,real_time_price,267.93,valley,278.9031503200531
2026-01-12 06:45:00,real_time_price,269.95,valley,275.51396918296814
2026-01-12 07:00:00,real_time_price,266.8,valley,279.49841046333313
2026-01-12 07:15:00,real_time_price,269.91,valley,267.36013770103455
2026-01-12 07:30:00,real_time_price,267.9,valley,280.2894217967987
2026-01-12 07:45:00,real_time_price,273.72,valley,273.6190023422241
2026-01-12 08:00:00,real_time_price,338.7,flat,280.24311661720276
2026-01-12 08:15:00,real_time_price,337.42,flat,323.6274890899658
2026-01-12 08:30:00,real_time_price,330.79,flat,357.10893273353577
2026-01-12 08:45:00,real_time_price,276.11,flat,333.8144590854645
2026-01-12 09:00:00,real_time_price,339.49,flat,310.67005920410156
2026-01-12 09:15:00,real_time_price,389.63,flat,320.340176820755
2026-01-12 09:30:00,real_time_price,351.64,flat,375.5606541633606
2026-01-12 09:45:00,real_time_price,283.61,flat,345.2349133491516
2026-01-12 10:00:00,real_time_price,296.25,peak,286.2544221878052
2026-01-12 10:15:00,real_time_price,263.94,peak,255.03184366226196
2026-01-12 10:30:00,real_time_price,266.97,peak,243.0880298614502
2026-01-12 10:45:00,real_time_price,268.0,peak,255.70064783096313
2026-01-12 11:00:00,real_time_price,263.36,peak,260.02287673950195
2026-01-12 11:15:00,real_time_price,266.28,peak,242.82654666900635
2026-01-12 11:30:00,real_time_price,269.66,peak,261.487979888916
2026-01-12 11:45:00,real_time_price,254.86,peak,241.41390419006348
2026-01-12 12:00:00,real_time_price,263.4,flat,203.44607734680176
2026-01-12 12:15:00,real_time_price,176.29,flat,137.75849056243896
2026-01-12 12:30:00,real_time_price,89.5,flat,208.255539894104
2026-01-12 12:45:00,real_time_price,253.54,flat,107.90182399749756
2026-01-12 13:00:00,real_time_price,221.68,flat,194.7633638381958
2026-01-12 13:15:00,real_time_price,248.28,flat,182.54647827148438
2026-01-12 13:30:00,real_time_price,251.84,flat,208.39846420288086
2026-01-12 13:45:00,real_time_price,259.78,flat,261.64962577819824
2026-01-12 14:00:00,real_time_price,265.13,peak,220.65318489074707
2026-01-12 14:15:00,real_time_price,256.21,peak,208.51758003234863
2026-01-12 14:30:00,real_time_price,248.66,peak,195.1009349822998
2026-01-12 14:45:00,real_time_price,255.33,peak,220.33459186553955
2026-01-12 15:00:00,real_time_price,262.65,peak,227.66961669921875
2026-01-12 15:15:00,real_time_price,261.24,peak,228.4425449371338
2026-01-12 15:30:00,real_time_price,262.03,peak,236.5360369682312
2026-01-12 15:45:00,real_time_price,262.14,peak,251.25273513793945
2026-01-12 16:00:00,real_time_price,272.38,peak,261.6233649253845
2026-01-12 16:15:00,real_time_price,277.52,peak,272.5780324935913
2026-01-12 16:30:00,real_time_price,318.29,peak,277.2106602191925
2026-01-12 16:45:00,real_time_price,303.82,peak,311.48047709465027
2026-01-12 17:00:00,real_time_price,319.65,peak,310.12270045280457
2026-01-12 17:15:00,real_time_price,326.23,peak,320.8650965690613
2026-01-12 17:30:00,real_time_price,429.15,peak,337.37674939632416
2026-01-12 17:45:00,real_time_price,329.7,peak,351.9362449645996
2026-01-12 18:00:00,real_time_price,388.41,peak,332.7470121383667
2026-01-12 18:15:00,real_time_price,398.84,peak,377.5551128387451
2026-01-12 18:30:00,real_time_price,442.76,peak,424.39216136932373
2026-01-12 18:45:00,real_time_price,465.22,peak,455.61996698379517
2026-01-12 19:00:00,real_time_price,774.62,flat,482.9167013168335
2026-01-12 19:15:00,real_time_price,576.74,flat,776.4633302688599
2026-01-12 19:30:00,real_time_price,814.7,flat,640.6162614822388
2026-01-12 19:45:00,real_time_price,705.6,flat,780.9730944633484
2026-01-12 20:00:00,real_time_price,637.2,flat,751.7625331878662
2026-01-12 20:15:00,real_time_price,463.65,flat,525.486701965332
2026-01-12 20:30:00,real_time_price,596.42,flat,501.38367557525635
2026-01-12 20:45:00,real_time_price,444.85,flat,513.8593969345093
2026-01-12 21:00:00,real_time_price,558.22,flat,446.4447898864746
2026-01-12 21:15:00,real_time_price,442.09,flat,464.23764991760254
2026-01-12 21:30:00,real_time_price,474.93,flat,479.9862289428711
2026-01-12 21:45:00,real_time_price,459.73,flat,467.7930507659912
2026-01-12 22:00:00,real_time_price,428.64,flat,448.70383644104004
2026-01-12 22:15:00,real_time_price,453.7,flat,427.8642225265503
2026-01-12 22:30:00,real_time_price,326.05,flat,419.44741439819336
2026-01-12 22:45:00,real_time_price,315.02,flat,341.90984535217285
2026-01-12 23:00:00,real_time_price,396.98,flat,314.9767498970032
2026-01-12 23:15:00,real_time_price,350.3,flat,321.93795347213745
2026-01-12 23:30:00,real_time_price,322.81,flat,316.5387592315674
2026-01-12 23:45:00,real_time_price,359.67,flat,305.71921253204346
2026-01-13 00:00:00,real_time_price,295.73,valley,321.27416610717773
2026-01-13 00:15:00,real_time_price,298.94,valley,293.6789405345917
2026-01-13 00:30:00,real_time_price,682.31,valley,387.52501487731934
2026-01-13 00:45:00,real_time_price,451.8,valley,500.4984519481659
2026-01-13 01:00:00,real_time_price,685.07,valley,401.6269180774689
2026-01-13 01:15:00,real_time_price,546.98,valley,555.2639603614807
2026-01-13 01:30:00,real_time_price,416.06,valley,516.7163660526276
2026-01-13 01:45:00,real_time_price,352.01,valley,425.40045857429504
2026-01-13 02:00:00,real_time_price,411.72,valley,369.08977007865906
2026-01-13 02:15:00,real_time_price,338.09,valley,376.0216553211212
2026-01-13 02:30:00,real_time_price,314.02,valley,345.4174964427948
2026-01-13 02:45:00,real_time_price,310.02,valley,333.42453837394714
2026-01-13 03:00:00,real_time_price,320.09,valley,316.80955481529236
2026-01-13 03:15:00,real_time_price,313.02,valley,319.12862610816956
2026-01-13 03:30:00,real_time_price,305.62,valley,311.9262535572052
2026-01-13 03:45:00,real_time_price,310.02,valley,310.7969648838043
2026-01-13 04:00:00,real_time_price,305.02,valley,310.9979429244995
2026-01-13 04:15:00,real_time_price,294.01,valley,310.0607087612152
2026-01-13 04:30:00,real_time_price,307.0,valley,299.3736979961395
2026-01-13 04:45:00,real_time_price,309.01,valley,305.0459406375885
2026-01-13 05:00:00,real_time_price,304.01,valley,310.0999381542206
2026-01-13 05:15:00,real_time_price,310.01,valley,307.8630964756012
2026-01-13 05:30:00,real_time_price,300.0,valley,314.52898478507996
2026-01-13 05:45:00,real_time_price,315.71,valley,305.446932554245
2026-01-13 06:00:00,real_time_price,312.01,valley,318.4927022457123
2026-01-13 06:15:00,real_time_price,320.01,valley,320.40101408958435
2026-01-13 06:30:00,real_time_price,397.08,valley,325.6117169857025
2026-01-13 06:45:00,real_time_price,400.26,valley,385.3789646625519
2026-01-13 07:00:00,real_time_price,417.21,valley,408.2003936767578
2026-01-13 07:15:00,real_time_price,494.07,valley,384.54123973846436
2026-01-13 07:30:00,real_time_price,576.02,valley,450.4042580127716
2026-01-13 07:45:00,real_time_price,593.55,valley,478.77498054504395
2026-01-13 08:00:00,real_time_price,647.65,flat,495.55725598335266
2026-01-13 08:15:00,real_time_price,592.71,flat,599.4518790245056
2026-01-13 08:30:00,real_time_price,633.58,flat,617.996883392334
2026-01-13 08:45:00,real_time_price,540.41,flat,582.6508860588074
2026-01-13 09:00:00,real_time_price,390.98,flat,516.8415613174438
2026-01-13 09:15:00,real_time_price,385.69,flat,401.7712879180908
2026-01-13 09:30:00,real_time_price,408.77,flat,430.7585587501526
2026-01-13 09:45:00,real_time_price,338.7,flat,393.81615257263184
2026-01-13 10:00:00,real_time_price,315.39,peak,308.7234745025635
2026-01-13 10:15:00,real_time_price,296.33,peak,302.13036155700684
2026-01-13 10:30:00,real_time_price,290.56,peak,281.40163469314575
2026-01-13 10:45:00,real_time_price,284.0,peak,303.81065940856934
2026-01-13 11:00:00,real_time_price,284.02,peak,296.6552333831787
2026-01-13 11:15:00,real_time_price,286.4,peak,285.06599617004395
2026-01-13 11:30:00,real_time_price,276.16,peak,270.45838832855225
2026-01-13 11:45:00,real_time_price,289.58,peak,249.03824615478516
2026-01-13 12:00:00,real_time_price,281.71,flat,249.66865062713623
2026-01-13 12:15:00,real_time_price,163.81,flat,157.01497173309326
2026-01-13 12:30:00,real_time_price,258.9,flat,237.6116886138916
2026-01-13 12:45:00,real_time_price,251.83,flat,250.71761226654053
2026-01-13 13:00:00,real_time_price,179.23,flat,228.50675106048584
2026-01-13 13:15:00,real_time_price,265.38,flat,221.47356510162354
2026-01-13 13:30:00,real_time_price,251.37,flat,262.72202730178833
2026-01-13 13:45:00,real_time_price,260.28,flat,276.2885265350342
2026-01-13 14:00:00,real_time_price,279.42,peak,253.2462387084961
2026-01-13 14:15:00,real_time_price,262.09,peak,249.49584579467773
2026-01-13 14:30:00,real_time_price,249.47,peak,241.55666875839233
2026-01-13 14:45:00,real_time_price,244.36,peak,244.99410724639893
2026-01-13 15:00:00,real_time_price,256.86,peak,248.0823163986206
2026-01-13 15:15:00,real_time_price,258.33,peak,241.03507947921753
2026-01-13 15:30:00,real_time_price,260.3,peak,241.63719987869263
2026-01-13 15:45:00,real_time_price,270.98,peak,254.63187837600708
2026-01-13 16:00:00,real_time_price,277.83,peak,278.107209444046
2026-01-13 16:15:00,real_time_price,279.69,peak,274.95857334136963
2026-01-13 16:30:00,real_time_price,306.93,peak,285.46167254447937
2026-01-13 16:45:00,real_time_price,302.31,peak,308.65077471733093
2026-01-13 17:00:00,real_time_price,397.05,peak,317.3674714565277
2026-01-13 17:15:00,real_time_price,353.69,peak,345.5914030075073
2026-01-13 17:30:00,real_time_price,359.99,peak,385.2627491950989
2026-01-13 17:45:00,real_time_price,345.99,peak,338.0145242214203
2026-01-13 18:00:00,real_time_price,318.7,peak,354.2322611808777
2026-01-13 18:15:00,real_time_price,340.13,peak,324.49165534973145
2026-01-13 18:30:00,real_time_price,330.77,peak,341.712441444397
2026-01-13 18:45:00,real_time_price,360.52,peak,348.29791831970215
2026-01-13 19:00:00,real_time_price,360.42,flat,371.8768062591553
2026-01-13 19:15:00,real_time_price,310.06,flat,367.5282983779907
2026-01-13 19:30:00,real_time_price,332.57,flat,378.3633689880371
2026-01-13 19:45:00,real_time_price,396.6,flat,334.94720697402954
2026-01-13 20:00:00,real_time_price,356.54,flat,390.5683035850525
2026-01-13 20:15:00,real_time_price,308.6,flat,345.1180534362793
2026-01-13 20:30:00,real_time_price,328.34,flat,338.1962881088257
2026-01-13 20:45:00,real_time_price,358.09,flat,328.43112087249756
2026-01-13 21:00:00,real_time_price,365.93,flat,365.5776844024658
2026-01-13 21:15:00,real_time_price,353.28,flat,351.61351776123047
2026-01-13 21:30:00,real_time_price,360.39,flat,357.6683540344238
2026-01-13 21:45:00,real_time_price,373.67,flat,357.3696985244751
2026-01-13 22:00:00,real_time_price,366.06,flat,361.38623905181885
2026-01-13 22:15:00,real_time_price,388.21,flat,354.3906879425049
2026-01-13 22:30:00,real_time_price,325.0,flat,362.0335941314697
2026-01-13 22:45:00,real_time_price,400.25,flat,331.1263394355774
2026-01-13 23:00:00,real_time_price,407.57,flat,356.1232235431671
2026-01-13 23:15:00,real_time_price,365.72,flat,358.1291255950928
2026-01-13 23:30:00,real_time_price,340.0,flat,341.79747104644775
2026-01-13 23:45:00,real_time_price,319.49,flat,331.4992537498474
2026-01-14 00:00:00,real_time_price,309.37,valley,316.687980055809
2026-01-14 00:15:00,real_time_price,280.0,valley,299.8668804168701
2026-01-14 00:30:00,real_time_price,320.7,valley,388.6032361984253
2026-01-14 00:45:00,real_time_price,334.73,valley,313.8729610443115
2026-01-14 01:00:00,real_time_price,339.72,valley,334.1509348154068
2026-01-14 01:15:00,real_time_price,309.81,valley,312.8089208602905
2026-01-14 01:30:00,real_time_price,299.75,valley,310.9159290790558
2026-01-14 01:45:00,real_time_price,300.0,valley,299.2578823566437
2026-01-14 02:00:00,real_time_price,314.95,valley,284.84673047065735
2026-01-14 02:15:00,real_time_price,301.97,valley,311.88704895973206
2026-01-14 02:30:00,real_time_price,296.97,valley,307.19633960723877
2026-01-14 02:45:00,real_time_price,296.99,valley,297.6411907672882
2026-01-14 03:00:00,real_time_price,298.7,valley,295.2240765094757
2026-01-14 03:15:00,real_time_price,286.98,valley,296.9898178577423
2026-01-14 03:30:00,real_time_price,294.78,valley,289.64179730415344
2026-01-14 03:45:00,real_time_price,247.04,valley,289.46261501312256
2026-01-14 04:00:00,real_time_price,273.08,valley,270.0333585739136
2026-01-14 04:15:00,real_time_price,274.91,valley,266.62162590026855
2026-01-14 04:30:00,real_time_price,271.2,valley,274.67513847351074
2026-01-14 04:45:00,real_time_price,279.7,valley,272.0680332183838
2026-01-14 05:00:00,real_time_price,279.65,valley,279.18422985076904
2026-01-14 05:15:00,real_time_price,279.53,valley,280.72192096710205
2026-01-14 05:30:00,real_time_price,276.97,valley,285.55667304992676
2026-01-14 05:45:00,real_time_price,276.96,valley,288.4074697494507
2026-01-14 06:00:00,real_time_price,279.96,valley,290.24883460998535
2026-01-14 06:15:00,real_time_price,284.94,valley,291.46065044403076
2026-01-14 06:30:00,real_time_price,286.91,valley,290.1755075454712
2026-01-14 06:45:00,real_time_price,286.91,valley,294.28774547576904
2026-01-14 07:00:00,real_time_price,294.83,valley,293.8695001602173
2026-01-14 07:15:00,real_time_price,283.82,valley,309.23036003112793
2026-01-14 07:30:00,real_time_price,294.71,valley,283.99229431152344
2026-01-14 07:45:00,real_time_price,301.42,valley,276.3456983566284
2026-01-14 08:00:00,real_time_price,309.43,flat,314.09990215301514
2026-01-14 08:15:00,real_time_price,255.27,flat,333.45008993148804
2026-01-14 08:30:00,real_time_price,250.53,flat,310.96238017082214
2026-01-14 08:45:00,real_time_price,299.64,flat,292.0461196899414
2026-01-14 09:00:00,real_time_price,323.82,flat,283.8139843940735
2026-01-14 09:15:00,real_time_price,324.05,flat,305.83230435848236
2026-01-14 09:30:00,real_time_price,290.2,flat,315.28520464897156
2026-01-14 09:45:00,real_time_price,276.26,flat,304.008606672287
2026-01-14 10:00:00,real_time_price,278.51,peak,278.6426705121994
2026-01-14 10:15:00,real_time_price,281.32,peak,268.2936577796936
2026-01-14 10:30:00,real_time_price,148.83,peak,275.1560492515564
2026-01-14 10:45:00,real_time_price,161.16,peak,318.4721212387085
2026-01-14 11:00:00,real_time_price,150.57,peak,247.36735701560974
2026-01-14 11:15:00,real_time_price,150.49,peak,207.6764531135559
2026-01-14 11:30:00,real_time_price,209.3,peak,173.32861518859863
2026-01-14 11:45:00,real_time_price,128.29,peak,170.19514060020447
2026-01-14 12:00:00,real_time_price,130.17,flat,144.6995666027069
2026-01-14 12:15:00,real_time_price,45.56,flat,24.17365550994873
2026-01-14 12:30:00,real_time_price,-0.11,flat,124.96943235397339
2026-01-14 12:45:00,real_time_price,0.84,flat,40.96901845932007
2026-01-14 13:00:00,real_time_price,51.34,flat,42.90794038772583
2026-01-14 13:15:00,real_time_price,-4.71,flat,67.01605796813965
2026-01-14 13:30:00,real_time_price,-47.6,flat,28.124377250671387
2026-01-14 13:45:00,real_time_price,65.52,flat,12.940146684646606
2026-01-14 14:00:00,real_time_price,88.66,peak,124.88857316970825
2026-01-14 14:15:00,real_time_price,64.7,peak,84.13300609588623
2026-01-14 14:30:00,real_time_price,-40.29,peak,92.76062250137329
2026-01-14 14:45:00,real_time_price,76.4,peak,30.377309322357178
2026-01-14 15:00:00,real_time_price,18.21,peak,83.90573406219482
2026-01-14 15:15:00,real_time_price,152.26,peak,128.88681983947754
2026-01-14 15:30:00,real_time_price,163.16,peak,143.16170740127563
2026-01-14 15:45:00,real_time_price,260.6,peak,191.75382685661316
2026-01-14 16:00:00,real_time_price,266.62,peak,234.2700538635254
2026-01-14 16:15:00,real_time_price,275.17,peak,262.32412242889404
2026-01-14 16:30:00,real_time_price,280.6,peak,269.3580892086029
2026-01-14 16:45:00,real_time_price,310.15,peak,298.90539050102234
2026-01-14 17:00:00,real_time_price,318.58,peak,348.28946936130524
2026-01-14 17:15:00,real_time_price,320.0,peak,341.2801671028137
2026-01-14 17:30:00,real_time_price,310.07,peak,355.94834899902344
2026-01-14 17:45:00,real_time_price,309.05,peak,343.9127941131592
2026-01-14 18:00:00,real_time_price,332.09,peak,333.2396218776703
2026-01-14 18:15:00,real_time_price,330.09,peak,354.9821388721466
2026-01-14 18:30:00,real_time_price,336.11,peak,351.4711027145386
2026-01-14 18:45:00,real_time_price,330.12,peak,352.11578941345215
2026-01-14 19:00:00,real_time_price,330.11,flat,337.0934724807739
2026-01-14 19:15:00,real_time_price,317.12,flat,332.9156131744385
2026-01-14 19:30:00,real_time_price,353.33,flat,466.38857555389404
2026-01-14 19:45:00,real_time_price,320.11,flat,404.4873881340027
2026-01-14 20:00:00,real_time_price,324.17,flat,332.1827449798584
2026-01-14 20:15:00,real_time_price,325.1,flat,310.79322052001953
2026-01-14 20:30:00,real_time_price,331.38,flat,341.3561124801636
2026-01-14 20:45:00,real_time_price,343.36,flat,328.96253967285156
2026-01-14 21:00:00,real_time_price,383.55,flat,376.9196653366089
2026-01-14 21:15:00,real_time_price,360.97,flat,364.448344707489
2026-01-14 21:30:00,real_time_price,322.03,flat,370.2808675765991
2026-01-14 21:45:00,real_time_price,354.14,flat,336.22964000701904
2026-01-14 22:00:00,real_time_price,329.0,flat,339.9716806411743
2026-01-14 22:15:00,real_time_price,320.13,flat,326.6966543197632
2026-01-14 22:30:00,real_time_price,310.04,flat,307.7693872451782
2026-01-14 22:45:00,real_time_price,359.84,flat,290.7619698047638
2026-01-14 23:00:00,real_time_price,311.44,flat,320.59075713157654
2026-01-14 23:15:00,real_time_price,315.0,flat,309.3964304924011
2026-01-14 23:30:00,real_time_price,315.0,flat,299.4791536331177
2026-01-14 23:45:00,real_time_price,310.8,flat,302.4435787200928
2026-01-15 00:00:00,real_time_price,310.0,valley,295.20114064216614
2026-01-15 00:15:00,real_time_price,287.8,valley,298.13878774642944
2026-01-15 00:30:00,real_time_price,399.07,valley,398.33956575393677
2026-01-15 00:45:00,real_time_price,375.33,valley,345.979740858078
2026-01-15 01:00:00,real_time_price,359.21,valley,359.05095076560974
2026-01-15 01:15:00,real_time_price,319.45,valley,345.35761427879333
2026-01-15 01:30:00,real_time_price,334.02,valley,331.4268538951874
2026-01-15 01:45:00,real_time_price,318.88,valley,321.14003443717957
2026-01-15 02:00:00,real_time_price,315.7,valley,321.5516278743744
2026-01-15 02:15:00,real_time_price,315.0,valley,316.7296497821808
2026-01-15 02:30:00,real_time_price,310.0,valley,314.1146881580353
2026-01-15 02:45:00,real_time_price,315.0,valley,307.81479716300964
2026-01-15 03:00:00,real_time_price,310.0,valley,308.8966019153595
2026-01-15 03:15:00,real_time_price,310.03,valley,306.952782869339
2026-01-15 03:30:00,real_time_price,302.0,valley,305.30796790122986
2026-01-15 03:45:00,real_time_price,303.03,valley,298.20579743385315
2026-01-15 04:00:00,real_time_price,302.03,valley,302.0503931045532
2026-01-15 04:15:00,real_time_price,297.03,valley,301.56853675842285
2026-01-15 04:30:00,real_time_price,303.83,valley,291.26753520965576
2026-01-15 04:45:00,real_time_price,302.03,valley,299.47858810424805
2026-01-15 05:00:00,real_time_price,300.03,valley,300.0161716938019
2026-01-15 05:15:00,real_time_price,302.04,valley,293.36079716682434
2026-01-15 05:30:00,real_time_price,302.03,valley,304.7295877933502
2026-01-15 05:45:00,real_time_price,302.11,valley,306.7867519855499
2026-01-15 06:00:00,real_time_price,302.06,valley,307.3160665035248
2026-01-15 06:15:00,real_time_price,309.04,valley,307.47942757606506
2026-01-15 06:30:00,real_time_price,398.34,valley,319.42058873176575
2026-01-15 06:45:00,real_time_price,352.64,valley,379.630038022995
2026-01-15 07:00:00,real_time_price,365.11,valley,362.65852427482605
2026-01-15 07:15:00,real_time_price,366.21,valley,350.1639144420624
2026-01-15 07:30:00,real_time_price,431.02,valley,363.2623960971832
2026-01-15 07:45:00,real_time_price,481.9,valley,382.90976905822754
2026-01-15 08:00:00,real_time_price,394.1,flat,484.05835604667664
2026-01-15 08:15:00,real_time_price,1079.55,flat,451.312237739563
2026-01-15 08:30:00,real_time_price,596.58,flat,561.4231376647949
2026-01-15 08:45:00,real_time_price,689.68,flat,538.7356276512146
2026-01-15 09:00:00,real_time_price,791.93,flat,574.0433319807053
2026-01-15 09:15:00,real_time_price,587.67,flat,507.869601726532
2026-01-15 09:30:00,real_time_price,460.81,flat,606.0305254459381
2026-01-15 09:45:00,real_time_price,481.39,flat,431.41416335105896
2026-01-15 10:00:00,real_time_price,320.41,peak,431.62487053871155
2026-01-15 10:15:00,real_time_price,332.7,peak,391.73071241378784
2026-01-15 10:30:00,real_time_price,303.5,peak,318.93611669540405
2026-01-15 10:45:00,real_time_price,295.0,peak,322.81118965148926
2026-01-15 11:00:00,real_time_price,310.47,peak,354.99894428253174
2026-01-15 11:15:00,real_time_price,306.09,peak,332.7243072986603
2026-01-15 11:30:00,real_time_price,297.39,peak,327.6767523288727
2026-01-15 11:45:00,real_time_price,286.8,peak,332.91547870635986
2026-01-15 12:00:00,real_time_price,272.75,flat,273.82249450683594
2026-01-15 12:15:00,real_time_price,201.34,flat,157.09692192077637
2026-01-15 12:30:00,real_time_price,272.77,flat,232.96374988555908
2026-01-15 12:45:00,real_time_price,254.54,flat,224.16537189483643
2026-01-15 13:00:00,real_time_price,250.05,flat,245.51343631744385
2026-01-15 13:15:00,real_time_price,262.43,flat,253.45128917694092
2026-01-15 13:30:00,real_time_price,274.55,flat,256.5616912841797
2026-01-15 13:45:00,real_time_price,271.45,flat,286.31059288978577
2026-01-15 14:00:00,real_time_price,279.79,peak,305.02401065826416
2026-01-15 14:15:00,real_time_price,270.78,peak,257.96633887290955
2026-01-15 14:30:00,real_time_price,266.21,peak,251.09608125686646
2026-01-15 14:45:00,real_time_price,264.69,peak,254.4613070487976
2026-01-15 15:00:00,real_time_price,268.19,peak,258.9256067276001
2026-01-15 15:15:00,real_time_price,266.89,peak,244.99780440330505
2026-01-15 15:30:00,real_time_price,275.24,peak,256.58982276916504
2026-01-15 15:45:00,real_time_price,279.39,peak,273.8512432575226
2026-01-15 16:00:00,real_time_price,284.99,peak,292.4024112224579
2026-01-15 16:15:00,real_time_price,299.53,peak,291.52039194107056
2026-01-15 16:30:00,real_time_price,345.08,peak,309.17972207069397
2026-01-15 16:45:00,real_time_price,329.16,peak,331.5202989578247
2026-01-15 17:00:00,real_time_price,359.83,peak,357.94642519950867
2026-01-15 17:15:00,real_time_price,319.81,peak,362.8461003303528
2026-01-15 17:30:00,real_time_price,380.84,peak,357.15420293807983
2026-01-15 17:45:00,real_time_price,339.03,peak,338.7679090499878
2026-01-15 18:00:00,real_time_price,330.37,peak,320.7623920440674
2026-01-15 18:15:00,real_time_price,378.64,peak,317.814453125
2026-01-15 18:30:00,real_time_price,359.19,peak,354.2756233215332
2026-01-15 18:45:00,real_time_price,418.97,peak,370.3931975364685
2026-01-15 19:00:00,real_time_price,396.78,flat,458.36967945098877
2026-01-15 19:15:00,real_time_price,334.37,flat,391.6144332885742
2026-01-15 19:30:00,real_time_price,463.19,flat,417.76322841644287
2026-01-15 19:45:00,real_time_price,371.57,flat,463.1472930908203
2026-01-15 20:00:00,real_time_price,354.34,flat,373.894184589386
2026-01-15 20:15:00,real_time_price,345.46,flat,351.062349319458
2026-01-15 20:30:00,real_time_price,371.4,flat,375.4765486717224
2026-01-15 20:45:00,real_time_price,335.14,flat,362.14575576782227
2026-01-15 21:00:00,real_time_price,382.19,flat,365.43578720092773
2026-01-15 21:15:00,real_time_price,356.93,flat,368.6611123085022
2026-01-15 21:30:00,real_time_price,411.32,flat,374.8482165336609
2026-01-15 21:45:00,real_time_price,401.69,flat,405.53356742858887
2026-01-15 22:00:00,real_time_price,380.68,flat,381.56647968292236
2026-01-15 22:15:00,real_time_price,345.44,flat,372.5436301231384
2026-01-15 22:30:00,real_time_price,360.65,flat,337.44374418258667
2026-01-15 22:45:00,real_time_price,403.3,flat,337.15754294395447
2026-01-15 23:00:00,real_time_price,358.48,flat,347.51364755630493
2026-01-15 23:15:00,real_time_price,322.27,flat,339.3701033592224
2026-01-15 23:30:00,real_time_price,317.63,flat,322.22868275642395
2026-01-15 23:45:00,real_time_price,312.33,flat,312.3741383552551
2026-01-16 00:00:00,real_time_price,309.23,valley,298.8252499103546
2026-01-16 00:15:00,real_time_price,287.8,valley,297.0571904182434
2026-01-16 00:30:00,real_time_price,310.58,valley,401.90952038764954
2026-01-16 00:45:00,real_time_price,310.02,valley,326.26138710975647
2026-01-16 01:00:00,real_time_price,317.63,valley,338.99835991859436
2026-01-16 01:15:00,real_time_price,316.78,valley,306.3160135746002
2026-01-16 01:30:00,real_time_price,317.09,valley,310.16159439086914
2026-01-16 01:45:00,real_time_price,315.01,valley,311.1984395980835
2026-01-16 02:00:00,real_time_price,314.7,valley,309.403511762619
2026-01-16 02:15:00,real_time_price,310.0,valley,310.11348128318787
2026-01-16 02:30:00,real_time_price,310.02,valley,311.0407660007477
2026-01-16 02:45:00,real_time_price,310.0,valley,306.2344505786896
2026-01-16 03:00:00,real_time_price,306.04,valley,308.41214895248413
2026-01-16 03:15:00,real_time_price,307.13,valley,303.8622648715973
2026-01-16 03:30:00,real_time_price,300.07,valley,302.5680658817291
2026-01-16 03:45:00,real_time_price,300.07,valley,292.87625908851624
2026-01-16 04:00:00,real_time_price,300.0,valley,292.1862497329712
2026-01-16 04:15:00,real_time_price,300.04,valley,293.81803917884827
2026-01-16 04:30:00,real_time_price,300.0,valley,296.11822485923767
2026-01-16 04:45:00,real_time_price,298.0,valley,295.8207423686981
2026-01-16 05:00:00,real_time_price,300.05,valley,291.1611177921295
2026-01-16 05:15:00,real_time_price,297.08,valley,295.874995470047
2026-01-16 05:30:00,real_time_price,298.0,valley,300.7849442958832
2026-01-16 05:45:00,real_time_price,287.8,valley,302.07280373573303
2026-01-16 06:00:00,real_time_price,300.0,valley,301.8160116672516
2026-01-16 06:15:00,real_time_price,297.79,valley,301.5961081981659
2026-01-16 06:30:00,real_time_price,300.01,valley,306.5043442249298
2026-01-16 06:45:00,real_time_price,306.8,valley,305.14520382881165
2026-01-16 07:00:00,real_time_price,324.98,valley,315.7201941013336
2026-01-16 07:15:00,real_time_price,316.72,valley,312.8278567790985
2026-01-16 07:30:00,real_time_price,320.01,valley,312.4811828136444
2026-01-16 07:45:00,real_time_price,320.01,valley,316.4195764064789
2026-01-16 08:00:00,real_time_price,323.49,flat,337.57125878334045
2026-01-16 08:15:00,real_time_price,329.89,flat,371.73953914642334
2026-01-16 08:30:00,real_time_price,330.59,flat,367.9765510559082
2026-01-16 08:45:00,real_time_price,326.21,flat,351.3404085636139
2026-01-16 09:00:00,real_time_price,322.92,flat,338.5805575847626
2026-01-16 09:15:00,real_time_price,323.98,flat,342.0213564634323
2026-01-16 09:30:00,real_time_price,310.15,flat,342.98978292942047
2026-01-16 09:45:00,real_time_price,317.16,flat,328.886137008667
2026-01-16 10:00:00,real_time_price,305.47,peak,302.6320493221283
2026-01-16 10:15:00,real_time_price,308.82,peak,291.3833420276642
2026-01-16 10:30:00,real_time_price,286.97,peak,286.88949155807495
2026-01-16 10:45:00,real_time_price,280.36,peak,283.3286454677582
2026-01-16 11:00:00,real_time_price,265.61,peak,279.7586498260498
2026-01-16 11:15:00,real_time_price,278.89,peak,260.94680619239807
2026-01-16 11:30:00,real_time_price,274.25,peak,280.80025911331177
2026-01-16 11:45:00,real_time_price,269.56,peak,242.66263389587402
2026-01-16 12:00:00,real_time_price,260.48,flat,262.1201876401901
2026-01-16 12:15:00,real_time_price,170.54,flat,173.59439420700073
2026-01-16 12:30:00,real_time_price,240.77,flat,206.64069414138794
2026-01-16 12:45:00,real_time_price,157.14,flat,236.389874458313
2026-01-16 13:00:00,real_time_price,59.1,flat,179.22861456871033
2026-01-16 13:15:00,real_time_price,155.4,flat,149.28518652915955
2026-01-16 13:30:00,real_time_price,168.32,flat,189.65587866306305
2026-01-16 13:45:00,real_time_price,255.51,flat,194.31457448005676
2026-01-16 14:00:00,real_time_price,256.49,peak,251.69349420070648
2026-01-16 14:15:00,real_time_price,231.43,peak,235.00119972229004
2026-01-16 14:30:00,real_time_price,233.86,peak,227.19433498382568
2026-01-16 14:45:00,real_time_price,252.14,peak,234.79442286491394
2026-01-16 15:00:00,real_time_price,246.09,peak,242.48632717132568
2026-01-16 15:15:00,real_time_price,256.28,peak,241.9795699119568
2026-01-16 15:30:00,real_time_price,263.4,peak,244.58831465244293
2026-01-16 15:45:00,real_time_price,274.4,peak,259.3324179649353
2026-01-16 16:00:00,real_time_price,285.06,peak,272.36219120025635
2026-01-16 16:15:00,real_time_price,301.22,peak,285.7967481613159
2026-01-16 16:30:00,real_time_price,311.0,peak,312.0826826095581
2026-01-16 16:45:00,real_time_price,310.97,peak,328.5763096809387
2026-01-16 17:00:00,real_time_price,357.9,peak,329.1308798789978
2026-01-16 17:15:00,real_time_price,328.2,peak,356.01358020305634
2026-01-16 17:30:00,real_time_price,322.83,peak,359.537805557251
2026-01-16 17:45:00,real_time_price,332.61,peak,320.67601251602173
2026-01-16 18:00:00,real_time_price,329.37,peak,330.27875888347626
2026-01-16 18:15:00,real_time_price,328.39,peak,334.1809890270233
2026-01-16 18:30:00,real_time_price,347.2,peak,343.1462593078613
2026-01-16 18:45:00,real_time_price,378.48,peak,361.83707666397095
2026-01-16 19:00:00,real_time_price,329.57,flat,374.0400595664978
2026-01-16 19:15:00,real_time_price,349.77,flat,344.43048667907715
2026-01-16 19:30:00,real_time_price,313.89,flat,355.76727533340454
2026-01-16 19:45:00,real_time_price,361.79,flat,334.60905361175537
2026-01-16 20:00:00,real_time_price,318.79,flat,341.10718965530396
2026-01-16 20:15:00,real_time_price,361.97,flat,330.28689336776733
2026-01-16 20:30:00,real_time_price,329.54,flat,361.63026118278503
2026-01-16 20:45:00,real_time_price,324.95,flat,352.8612298965454
2026-01-16 21:00:00,real_time_price,330.02,flat,337.9780819416046
2026-01-16 21:15:00,real_time_price,327.81,flat,333.7013087272644
2026-01-16 21:30:00,real_time_price,336.34,flat,340.7602217197418
2026-01-16 21:45:00,real_time_price,320.16,flat,339.107901096344
2026-01-16 22:00:00,real_time_price,340.06,flat,323.5445580482483
2026-01-16 22:15:00,real_time_price,314.15,flat,329.29176139831543
2026-01-16 22:30:00,real_time_price,318.83,flat,315.7107629776001
2026-01-16 22:45:00,real_time_price,314.53,flat,308.5440583229065
2026-01-16 23:00:00,real_time_price,317.38,flat,307.277104139328
2026-01-16 23:15:00,real_time_price,316.48,flat,303.4934060573578
2026-01-16 23:30:00,real_time_price,317.15,flat,305.8338131904602
2026-01-16 23:45:00,real_time_price,316.38,flat,305.7825973033905
2026-01-17 00:00:00,real_time_price,320.05,valley,313.5988218784332
2026-01-17 00:15:00,real_time_price,267.84,valley,311.5458776950836
2026-01-17 00:30:00,real_time_price,275.57,valley,358.6144082546234
2026-01-17 00:45:00,real_time_price,303.32,valley,322.85808062553406
2026-01-17 01:00:00,real_time_price,309.31,valley,292.1760399341583
2026-01-17 01:15:00,real_time_price,349.02,valley,299.9268801212311
2026-01-17 01:30:00,real_time_price,327.12,valley,329.2920958995819
2026-01-17 01:45:00,real_time_price,342.76,valley,330.0280227661133
2026-01-17 02:00:00,real_time_price,311.21,valley,334.19929122924805
2026-01-17 02:15:00,real_time_price,336.7,valley,322.8205337524414
2026-01-17 02:30:00,real_time_price,323.0,valley,327.0423848628998
2026-01-17 02:45:00,real_time_price,301.53,valley,328.75232672691345
2026-01-17 03:00:00,real_time_price,310.01,valley,310.48135018348694
2026-01-17 03:15:00,real_time_price,318.38,valley,311.8702313899994
2026-01-17 03:30:00,real_time_price,315.0,valley,311.2221393585205
2026-01-17 03:45:00,real_time_price,305.0,valley,315.04115200042725
2026-01-17 04:00:00,real_time_price,303.15,valley,308.9828109741211
2026-01-17 04:15:00,real_time_price,301.36,valley,306.53734493255615
2026-01-17 04:30:00,real_time_price,302.07,valley,302.96600341796875
2026-01-17 04:45:00,real_time_price,293.76,valley,303.0408182144165
2026-01-17 05:00:00,real_time_price,292.68,valley,296.54402446746826
2026-01-17 05:15:00,real_time_price,291.08,valley,295.42831325531006
2026-01-17 05:30:00,real_time_price,291.08,valley,296.1028079986572
2026-01-17 05:45:00,real_time_price,291.99,valley,296.42949295043945
2026-01-17 06:00:00,real_time_price,297.65,valley,296.4083421230316
2026-01-17 06:15:00,real_time_price,297.44,valley,297.13956928253174
2026-01-17 06:30:00,real_time_price,298.84,valley,307.7803602218628
2026-01-17 06:45:00,real_time_price,296.4,valley,311.0810890197754
2026-01-17 07:00:00,real_time_price,298.39,valley,303.9810302257538
2026-01-17 07:15:00,real_time_price,302.23,valley,297.6021900177002
2026-01-17 07:30:00,real_time_price,307.85,valley,327.96280574798584
2026-01-17 07:45:00,real_time_price,322.96,valley,311.31352710723877
2026-01-17 08:00:00,real_time_price,327.15,flat,329.3087396621704
2026-01-17 08:15:00,real_time_price,467.7,flat,333.5416512489319
2026-01-17 08:30:00,real_time_price,329.13,flat,402.60703706741333
2026-01-17 08:45:00,real_time_price,444.75,flat,347.11429023742676
2026-01-17 09:00:00,real_time_price,340.92,flat,389.1696342229843
2026-01-17 09:15:00,real_time_price,352.62,flat,352.27257227897644
2026-01-17 09:30:00,real_time_price,330.41,flat,355.2261315584183
2026-01-17 09:45:00,real_time_price,328.6,flat,342.5807400941849
2026-01-17 10:00:00,real_time_price,309.95,peak,301.17003083229065
2026-01-17 10:15:00,real_time_price,287.97,peak,293.75414419174194
2026-01-17 10:30:00,real_time_price,289.7,peak,287.19982862472534
2026-01-17 10:45:00,real_time_price,263.13,peak,286.19996523857117
2026-01-17 11:00:00,real_time_price,277.45,peak,280.36114597320557
2026-01-17 11:15:00,real_time_price,271.92,peak,276.26404666900635
2026-01-17 11:30:00,real_time_price,279.24,peak,273.4798548221588
2026-01-17 11:45:00,real_time_price,259.45,peak,257.3483831882477
2026-01-17 12:00:00,real_time_price,259.35,flat,250.66918015480042
2026-01-17 12:15:00,real_time_price,100.0,flat,172.20965480804443
2026-01-17 12:30:00,real_time_price,209.15,flat,241.7744631767273
2026-01-17 12:45:00,real_time_price,141.91,flat,187.30157232284546
2026-01-17 13:00:00,real_time_price,147.25,flat,161.39400148391724
2026-01-17 13:15:00,real_time_price,143.29,flat,166.68126034736633
2026-01-17 13:30:00,real_time_price,199.09,flat,182.31516361236572
2026-01-17 13:45:00,real_time_price,266.93,flat,222.67299890518188
2026-01-17 14:00:00,real_time_price,225.16,peak,263.73646545410156
2026-01-17 14:15:00,real_time_price,239.15,peak,254.53355014324188
2026-01-17 14:30:00,real_time_price,189.93,peak,243.09748125076294
2026-01-17 14:45:00,real_time_price,214.67,peak,239.48956203460693
2026-01-17 15:00:00,real_time_price,231.39,peak,200.8260223865509
2026-01-17 15:15:00,real_time_price,188.45,peak,217.29797434806824
2026-01-17 15:30:00,real_time_price,186.39,peak,226.03551387786865
2026-01-17 15:45:00,real_time_price,259.78,peak,241.52949833869934
2026-01-17 16:00:00,real_time_price,269.55,peak,250.49238848686218
2026-01-17 16:15:00,real_time_price,275.79,peak,255.78409695625305
2026-01-17 16:30:00,real_time_price,282.9,peak,277.60450053215027
2026-01-17 16:45:00,real_time_price,299.22,peak,291.59578800201416
2026-01-17 17:00:00,real_time_price,469.48,peak,307.9024703502655
2026-01-17 17:15:00,real_time_price,419.37,peak,389.50625109672546
2026-01-17 17:30:00,real_time_price,328.44,peak,453.1691915988922
2026-01-17 17:45:00,real_time_price,318.73,peak,334.63951802253723
2026-01-17 18:00:00,real_time_price,327.51,peak,341.95822072029114
2026-01-17 18:15:00,real_time_price,321.66,peak,342.8713843822479
2026-01-17 18:30:00,real_time_price,314.13,peak,338.28237676620483
2026-01-17 18:45:00,real_time_price,328.96,peak,332.5099585056305
2026-01-17 19:00:00,real_time_price,321.89,flat,334.4123787879944
2026-01-17 19:15:00,real_time_price,328.02,flat,332.4792859554291
2026-01-17 19:30:00,real_time_price,341.45,flat,367.8647770881653
2026-01-17 19:45:00,real_time_price,347.17,flat,342.3847246170044
2026-01-17 20:00:00,real_time_price,353.48,flat,338.08505141735077
2026-01-17 20:15:00,real_time_price,362.18,flat,344.6575117111206
2026-01-17 20:30:00,real_time_price,380.72,flat,360.83225107192993
2026-01-17 20:45:00,real_time_price,333.47,flat,388.0241632461548
2026-01-17 21:00:00,real_time_price,330.46,flat,351.1162061691284
2026-01-17 21:15:00,real_time_price,396.09,flat,337.1742262840271
2026-01-17 21:30:00,real_time_price,384.25,flat,390.4245009422302
2026-01-17 21:45:00,real_time_price,325.3,flat,381.8223600387573
2026-01-17 22:00:00,real_time_price,357.63,flat,347.081609249115
2026-01-17 22:15:00,real_time_price,329.94,flat,350.02704429626465
2026-01-17 22:30:00,real_time_price,328.59,flat,323.8820171356201
2026-01-17 22:45:00,real_time_price,349.03,flat,313.31478667259216
2026-01-17 23:00:00,real_time_price,324.99,flat,322.39007329940796
2026-01-17 23:15:00,real_time_price,328.33,flat,311.73871898651123
2026-01-17 23:30:00,real_time_price,317.0,flat,310.8569278717041
2026-01-17 23:45:00,real_time_price,306.9,flat,312.81853437423706
2026-01-18 00:00:00,real_time_price,298.67,valley,305.63083386421204
2026-01-18 00:15:00,real_time_price,267.37,valley,289.64698100090027
2026-01-18 00:30:00,real_time_price,361.46,valley,345.4951949119568
2026-01-18 00:45:00,real_time_price,385.36,valley,352.7793505191803
2026-01-18 01:00:00,real_time_price,316.2,valley,338.15542006492615
2026-01-18 01:15:00,real_time_price,326.35,valley,314.15129256248474
2026-01-18 01:30:00,real_time_price,325.43,valley,321.95510506629944
2026-01-18 01:45:00,real_time_price,323.99,valley,326.2620515823364
2026-01-18 02:00:00,real_time_price,325.85,valley,323.94655323028564
2026-01-18 02:15:00,real_time_price,326.86,valley,325.2990207672119
2026-01-18 02:30:00,real_time_price,315.47,valley,325.9897232055664
2026-01-18 02:45:00,real_time_price,312.5,valley,325.955278635025
2026-01-18 03:00:00,real_time_price,294.75,valley,315.5007543563843
2026-01-18 03:15:00,real_time_price,291.41,valley,299.5248212814331
2026-01-18 03:30:00,real_time_price,297.83,valley,294.13967061042786
2026-01-18 03:45:00,real_time_price,305.99,valley,293.66411113739014
2026-01-18 04:00:00,real_time_price,312.34,valley,305.2226610183716
2026-01-18 04:15:00,real_time_price,298.97,valley,307.3765344619751
2026-01-18 04:30:00,real_time_price,297.75,valley,300.794828414917
2026-01-18 04:45:00,real_time_price,289.42,valley,293.1054401397705
2026-01-18 05:00:00,real_time_price,289.75,valley,293.95279121398926
2026-01-18 05:15:00,real_time_price,287.74,valley,287.96255373954773
2026-01-18 05:30:00,real_time_price,294.34,valley,292.2763910293579
2026-01-18 05:45:00,real_time_price,294.39,valley,291.6361083984375
2026-01-18 06:00:00,real_time_price,297.75,valley,295.1978919506073
2026-01-18 06:15:00,real_time_price,299.38,valley,295.53011417388916
2026-01-18 06:30:00,real_time_price,294.33,valley,305.6941747665405
2026-01-18 06:45:00,real_time_price,272.49,valley,302.6057357788086
2026-01-18 07:00:00,real_time_price,289.77,valley,291.0578212738037
2026-01-18 07:15:00,real_time_price,279.82,valley,292.30515575408936
2026-01-18 07:30:00,real_time_price,297.73,valley,286.39263343811035
2026-01-18 07:45:00,real_time_price,302.62,valley,289.9074125289917
2026-01-18 08:00:00,real_time_price,317.92,flat,301.16169452667236
2026-01-18 08:15:00,real_time_price,318.11,flat,317.34272491931915
2026-01-18 08:30:00,real_time_price,300.29,flat,328.7267668247223
2026-01-18 08:45:00,real_time_price,297.38,flat,298.73317432403564
2026-01-18 09:00:00,real_time_price,293.59,flat,287.1732759475708
2026-01-18 09:15:00,real_time_price,296.01,flat,282.7667119503021
2026-01-18 09:30:00,real_time_price,278.75,flat,284.32725739479065
2026-01-18 09:45:00,real_time_price,273.61,flat,283.9652988910675
2026-01-18 10:00:00,real_time_price,243.9,peak,259.5630097389221
2026-01-18 10:15:00,real_time_price,215.63,peak,245.5479030609131
2026-01-18 10:30:00,real_time_price,143.45,peak,207.07172966003418
2026-01-18 10:45:00,real_time_price,177.23,peak,206.1413459777832
2026-01-18 11:00:00,real_time_price,153.41,peak,175.82584619522095
2026-01-18 11:15:00,real_time_price,55.26,peak,158.67846488952637
2026-01-18 11:30:00,real_time_price,245.31,peak,131.12976551055908
2026-01-18 11:45:00,real_time_price,145.59,peak,206.6673128604889
2026-01-18 12:00:00,real_time_price,172.61,flat,159.49040699005127
2026-01-18 12:15:00,real_time_price,23.25,flat,83.20660901069641
2026-01-18 12:30:00,real_time_price,89.51,flat,137.44149589538574
2026-01-18 12:45:00,real_time_price,0.09,flat,106.76815605163574
2026-01-18 13:00:00,real_time_price,144.54,flat,78.57786846160889
2026-01-18 13:15:00,real_time_price,64.15,flat,93.09616732597351
2026-01-18 13:30:00,real_time_price,71.25,flat,111.70327031612396
2026-01-18 13:45:00,real_time_price,139.45,flat,100.22198367118835
2026-01-18 14:00:00,real_time_price,2.23,peak,125.94341814517975
2026-01-18 14:15:00,real_time_price,67.94,peak,127.47878634929657
2026-01-18 14:30:00,real_time_price,-48.29,peak,117.33734619617462
2026-01-18 14:45:00,real_time_price,-49.85,peak,115.58807373046875
2026-01-18 15:00:00,real_time_price,169.98,peak,6.3934714794158936
2026-01-18 15:15:00,real_time_price,57.02,peak,120.85017919540405
2026-01-18 15:30:00,real_time_price,68.58,peak,92.16924405097961
2026-01-18 15:45:00,real_time_price,-19.75,peak,114.75641107559204
2026-01-18 16:00:00,real_time_price,80.68,peak,85.30635666847229
2026-01-18 16:15:00,real_time_price,186.75,peak,162.1830450296402
2026-01-18 16:30:00,real_time_price,266.32,peak,204.90032994747162
2026-01-18 16:45:00,real_time_price,273.04,peak,237.14516258239746
2026-01-18 17:00:00,real_time_price,285.39,peak,269.60070383548737
2026-01-18 17:15:00,real_time_price,295.0,peak,294.50685834884644
2026-01-18 17:30:00,real_time_price,313.99,peak,308.1746699810028
2026-01-18 17:45:00,real_time_price,319.98,peak,307.1617863178253
2026-01-18 18:00:00,real_time_price,310.0,peak,328.18719720840454
2026-01-18 18:15:00,real_time_price,319.98,peak,319.8129482269287
2026-01-18 18:30:00,real_time_price,317.28,peak,344.63576221466064
2026-01-18 18:45:00,real_time_price,315.29,peak,327.8947365283966
2026-01-18 19:00:00,real_time_price,320.08,flat,315.7857322692871
2026-01-18 19:15:00,real_time_price,324.97,flat,311.4167585372925
2026-01-18 19:30:00,real_time_price,320.08,flat,336.68892669677734
2026-01-18 19:45:00,real_time_price,319.99,flat,323.4454412460327
2026-01-18 20:00:00,real_time_price,322.98,flat,317.3509304523468
2026-01-18 20:15:00,real_time_price,319.98,flat,314.5291442871094
2026-01-18 20:30:00,real_time_price,320.68,flat,326.18784379959106
2026-01-18 20:45:00,real_time_price,326.26,flat,326.4167594909668
2026-01-18 21:00:00,real_time_price,330.0,flat,324.8114814758301
2026-01-18 21:15:00,real_time_price,330.0,flat,326.1913232803345
2026-01-18 21:30:00,real_time_price,355.22,flat,334.6412811279297
2026-01-18 21:45:00,real_time_price,365.7,flat,339.62242555618286
2026-01-18 22:00:00,real_time_price,320.1,flat,343.9975805282593
2026-01-18 22:15:00,real_time_price,319.0,flat,329.48783016204834
2026-01-18 22:30:00,real_time_price,314.0,flat,308.28223752975464
2026-01-18 22:45:00,real_time_price,299.86,flat,304.1468458175659
2026-01-18 23:00:00,real_time_price,300.1,flat,283.6771755218506
2026-01-18 23:15:00,real_time_price,285.6,flat,277.89710664749146
2026-01-18 23:30:00,real_time_price,284.86,flat,275.66258430480957
2026-01-18 23:45:00,real_time_price,279.91,flat,273.7541127204895
2026-01-19 00:00:00,real_time_price,279.91,valley,270.6106188297272
2026-01-19 00:15:00,real_time_price,275.0,valley,268.4791224002838
2026-01-19 00:30:00,real_time_price,299.54,valley,353.28079986572266
2026-01-19 00:45:00,real_time_price,292.13,valley,292.9537138938904
2026-01-19 01:00:00,real_time_price,285.0,valley,280.16154992580414
2026-01-19 01:15:00,real_time_price,285.03,valley,280.8714791536331
2026-01-19 01:30:00,real_time_price,280.04,valley,281.23706889152527
2026-01-19 01:45:00,real_time_price,278.33,valley,278.7776529788971
2026-01-19 02:00:00,real_time_price,270.14,valley,273.151802778244
2026-01-19 02:15:00,real_time_price,275.23,valley,271.36464500427246
2026-01-19 02:30:00,real_time_price,275.03,valley,265.7134232521057
2026-01-19 02:45:00,real_time_price,272.03,valley,266.8675220012665
2026-01-19 03:00:00,real_time_price,270.0,valley,266.88496685028076
2026-01-19 03:15:00,real_time_price,268.04,valley,265.44380474090576
2026-01-19 03:30:00,real_time_price,265.04,valley,262.3916115760803
2026-01-19 03:45:00,real_time_price,274.98,valley,260.3667538166046
2026-01-19 04:00:00,real_time_price,265.13,valley,264.47838711738586
2026-01-19 04:15:00,real_time_price,270.3,valley,262.5872948169708
2026-01-19 04:30:00,real_time_price,265.04,valley,263.6268312931061
2026-01-19 04:45:00,real_time_price,269.99,valley,260.79273772239685
2026-01-19 05:00:00,real_time_price,263.04,valley,264.17379808425903
2026-01-19 05:15:00,real_time_price,269.97,valley,263.0330786705017
2026-01-19 05:30:00,real_time_price,265.07,valley,267.4603741168976
2026-01-19 05:45:00,real_time_price,272.92,valley,266.96473026275635
2026-01-19 06:00:00,real_time_price,274.85,valley,271.1992645263672
2026-01-19 06:15:00,real_time_price,274.85,valley,272.58915734291077
2026-01-19 06:30:00,real_time_price,281.81,valley,279.6718096733093
2026-01-19 06:45:00,real_time_price,280.34,valley,285.6933081150055
2026-01-19 07:00:00,real_time_price,291.19,valley,286.3484764099121
2026-01-19 07:15:00,real_time_price,291.18,valley,281.7985084056854
2026-01-19 07:30:00,real_time_price,299.7,valley,287.7952630519867
2026-01-19 07:45:00,real_time_price,298.91,valley,295.5971939563751
2026-01-19 08:00:00,real_time_price,302.92,flat,303.3508574962616
2026-01-19 08:15:00,real_time_price,291.23,flat,309.4362256526947
2026-01-19 08:30:00,real_time_price,310.78,flat,300.90036487579346
2026-01-19 08:45:00,real_time_price,306.63,flat,297.2941131591797
2026-01-19 09:00:00,real_time_price,337.21,flat,292.9744472503662
2026-01-19 09:15:00,real_time_price,263.17,flat,308.81657791137695
2026-01-19 09:30:00,real_time_price,304.11,flat,281.9922561645508
2026-01-19 09:45:00,real_time_price,279.4,flat,274.2895574569702
2026-01-19 10:00:00,real_time_price,278.73,peak,272.51528453826904
2026-01-19 10:15:00,real_time_price,265.81,peak,263.27086353302
2026-01-19 10:30:00,real_time_price,254.77,peak,256.5921139717102
2026-01-19 10:45:00,real_time_price,143.61,peak,243.96295976638794
2026-01-19 11:00:00,real_time_price,155.3,peak,203.81835460662842
2026-01-19 11:15:00,real_time_price,196.95,peak,217.69915914535522
2026-01-19 11:30:00,real_time_price,244.7,peak,169.93961334228516
2026-01-19 11:45:00,real_time_price,248.88,peak,178.83906269073486
2026-01-19 12:00:00,real_time_price,240.15,flat,210.51960945129395
2026-01-19 12:15:00,real_time_price,106.04,flat,130.19597244262695
2026-01-19 12:30:00,real_time_price,180.6,flat,181.7773151397705
2026-01-19 12:45:00,real_time_price,106.97,flat,172.7852077484131
2026-01-19 13:00:00,real_time_price,132.57,flat,150.9991683959961
2026-01-19 13:15:00,real_time_price,146.92,flat,117.95686769485474
2026-01-19 13:30:00,real_time_price,151.63,flat,174.86428451538086
2026-01-19 13:45:00,real_time_price,154.35,flat,185.28367710113525
2026-01-19 14:00:00,real_time_price,245.18,peak,213.6665596961975
2026-01-19 14:15:00,real_time_price,228.39,peak,164.638489484787
2026-01-19 14:30:00,real_time_price,85.8,peak,202.57599425315857
2026-01-19 14:45:00,real_time_price,178.76,peak,149.54232263565063
2026-01-19 15:00:00,real_time_price,164.75,peak,179.405846118927
2026-01-19 15:15:00,real_time_price,232.63,peak,170.39156436920166
2026-01-19 15:30:00,real_time_price,203.09,peak,183.4333553314209
2026-01-19 15:45:00,real_time_price,224.48,peak,231.76047253608704
2026-01-19 16:00:00,real_time_price,252.36,peak,248.6607789993286
2026-01-19 16:15:00,real_time_price,287.96,peak,254.2942852973938
2026-01-19 16:30:00,real_time_price,272.88,peak,276.7546657323837
2026-01-19 16:45:00,real_time_price,273.2,peak,286.45189332962036
2026-01-19 17:00:00,real_time_price,290.95,peak,281.24810552597046
2026-01-19 17:15:00,real_time_price,295.07,peak,290.1843385696411
2026-01-19 17:30:00,real_time_price,313.01,peak,299.294216632843
2026-01-19 17:45:00,real_time_price,305.37,peak,297.83948516845703
2026-01-19 18:00:00,real_time_price,315.6,peak,304.8687410354614
2026-01-19 18:15:00,real_time_price,318.83,peak,314.14389753341675
2026-01-19 18:30:00,real_time_price,326.43,peak,323.57133960723877
2026-01-19 18:45:00,real_time_price,331.46,peak,334.5601496696472
2026-01-19 19:00:00,real_time_price,342.9,flat,344.8276844024658
2026-01-19 19:15:00,real_time_price,327.61,flat,356.92420864105225
2026-01-19 19:30:00,real_time_price,317.72,flat,376.27408027648926
2026-01-19 19:45:00,real_time_price,327.24,flat,337.7700614929199
2026-01-19 20:00:00,real_time_price,317.54,flat,316.9364528656006
2026-01-19 20:15:00,real_time_price,317.96,flat,317.04350566864014
2026-01-19 20:30:00,real_time_price,321.83,flat,329.912166595459
2026-01-19 20:45:00,real_time_price,315.42,flat,324.4546775817871
2026-01-19 21:00:00,real_time_price,317.67,flat,320.9937391281128
2026-01-19 21:15:00,real_time_price,319.64,flat,313.12385749816895
2026-01-19 21:30:00,real_time_price,318.74,flat,321.5147132873535
2026-01-19 21:45:00,real_time_price,307.38,flat,316.586049079895
2026-01-19 22:00:00,real_time_price,303.01,flat,296.15434885025024
2026-01-19 22:15:00,real_time_price,298.47,flat,294.8670492172241
2026-01-19 22:30:00,real_time_price,291.24,flat,286.70805740356445
2026-01-19 22:45:00,real_time_price,292.07,flat,282.1417031288147
2026-01-19 23:00:00,real_time_price,292.64,flat,278.4430248737335
2026-01-19 23:15:00,real_time_price,282.88,flat,277.00311374664307
2026-01-19 23:30:00,real_time_price,279.91,flat,277.32667541503906
2026-01-19 23:45:00,real_time_price,281.95,flat,276.3570022583008
2026-01-20 00:00:00,real_time_price,278.0,valley,275.3590543270111
2026-01-20 00:15:00,real_time_price,265.02,valley,275.2279176712036
2026-01-20 00:30:00,real_time_price,300.98,valley,291.23981380462646
2026-01-20 00:45:00,real_time_price,293.72,valley,294.5754828453064
2026-01-20 01:00:00,real_time_price,293.04,valley,271.12034153938293
2026-01-20 01:15:00,real_time_price,283.16,valley,275.5458655357361
2026-01-20 01:30:00,real_time_price,286.57,valley,275.3819797039032
2026-01-20 01:45:00,real_time_price,275.93,valley,280.30907130241394
2026-01-20 02:00:00,real_time_price,281.05,valley,267.66885113716125
2026-01-20 02:15:00,real_time_price,274.42,valley,275.2292138338089
2026-01-20 02:30:00,real_time_price,276.66,valley,267.62909412384033
2026-01-20 02:45:00,real_time_price,274.26,valley,268.7068601846695
2026-01-20 03:00:00,real_time_price,262.11,valley,266.07644391059875
2026-01-20 03:15:00,real_time_price,268.39,valley,259.01906859874725
2026-01-20 03:30:00,real_time_price,278.65,valley,259.1288251876831
2026-01-20 03:45:00,real_time_price,273.85,valley,268.7654433250427
2026-01-20 04:00:00,real_time_price,265.07,valley,264.277330160141
2026-01-20 04:15:00,real_time_price,272.11,valley,264.0462803840637
2026-01-20 04:30:00,real_time_price,268.28,valley,265.4399597644806
2026-01-20 04:45:00,real_time_price,263.84,valley,262.6599953174591
2026-01-20 05:00:00,real_time_price,257.02,valley,261.58324790000916
2026-01-20 05:15:00,real_time_price,266.88,valley,258.71695828437805
2026-01-20 05:30:00,real_time_price,269.01,valley,261.8264284133911
2026-01-20 05:45:00,real_time_price,275.2,valley,270.61085629463196
2026-01-20 06:00:00,real_time_price,274.27,valley,273.9733567237854
2026-01-20 06:15:00,real_time_price,273.47,valley,278.1974039077759
2026-01-20 06:30:00,real_time_price,276.48,valley,281.1025002002716
2026-01-20 06:45:00,real_time_price,271.57,valley,280.7040021419525
2026-01-20 07:00:00,real_time_price,286.91,valley,276.3911328315735
2026-01-20 07:15:00,real_time_price,283.5,valley,282.3623716831207
2026-01-20 07:30:00,real_time_price,300.82,valley,279.9652531147003
2026-01-20 07:45:00,real_time_price,303.46,valley,293.27579855918884
2026-01-20 08:00:00,real_time_price,318.39,flat,307.63657879829407
2026-01-20 08:15:00,real_time_price,312.57,flat,342.59525299072266
2026-01-20 08:30:00,real_time_price,318.05,flat,348.4175624847412
2026-01-20 08:45:00,real_time_price,318.95,flat,327.7214331626892
2026-01-20 09:00:00,real_time_price,361.8,flat,318.7196054458618
2026-01-20 09:15:00,real_time_price,444.3,flat,333.64859676361084
2026-01-20 09:30:00,real_time_price,388.2,flat,384.00425601005554
2026-01-20 09:45:00,real_time_price,311.21,flat,374.3830986022949
2026-01-20 10:00:00,real_time_price,318.25,peak,287.41345500946045
2026-01-20 10:15:00,real_time_price,312.79,peak,284.86931324005127
2026-01-20 10:30:00,real_time_price,313.27,peak,287.0108413696289
2026-01-20 10:45:00,real_time_price,281.77,peak,293.9436044692993
2026-01-20 11:00:00,real_time_price,304.15,peak,295.8907308578491
2026-01-20 11:15:00,real_time_price,348.59,peak,281.5319576263428
2026-01-20 11:30:00,real_time_price,265.85,peak,335.70573377609253
2026-01-20 11:45:00,real_time_price,284.21,peak,279.5627694129944
2026-01-20 12:00:00,real_time_price,301.07,flat,263.59734773635864
2026-01-20 12:15:00,real_time_price,272.7,flat,225.06985092163086
2026-01-20 12:30:00,real_time_price,285.16,flat,270.2630739212036
2026-01-20 12:45:00,real_time_price,275.99,flat,268.65107917785645
2026-01-20 13:00:00,real_time_price,220.76,flat,274.2938566207886
2026-01-20 13:15:00,real_time_price,250.71,flat,244.40128755569458
2026-01-20 13:30:00,real_time_price,302.23,flat,254.26504707336426
2026-01-20 13:45:00,real_time_price,313.59,flat,293.08331775665283
2026-01-20 14:00:00,real_time_price,317.32,peak,283.5959782600403
2026-01-20 14:15:00,real_time_price,309.78,peak,289.3225612640381
2026-01-20 14:30:00,real_time_price,257.32,peak,264.2519636154175
2026-01-20 14:45:00,real_time_price,275.16,peak,277.5975227355957
2026-01-20 15:00:00,real_time_price,253.94,peak,268.89793491363525
2026-01-20 15:15:00,real_time_price,266.84,peak,265.73144483566284
2026-01-20 15:30:00,real_time_price,271.11,peak,255.63149166107178
2026-01-20 15:45:00,real_time_price,278.64,peak,259.22681951522827
2026-01-20 16:00:00,real_time_price,279.48,peak,275.0532691478729
2026-01-20 16:15:00,real_time_price,285.05,peak,282.53697776794434
2026-01-20 16:30:00,real_time_price,290.89,peak,291.46075987815857
2026-01-20 16:45:00,real_time_price,305.95,peak,298.15058970451355
2026-01-20 17:00:00,real_time_price,360.16,peak,303.40958642959595
2026-01-20 17:15:00,real_time_price,354.2,peak,332.3999032974243
2026-01-20 17:30:00,real_time_price,427.52,peak,378.7288246154785
2026-01-20 17:45:00,real_time_price,370.85,peak,368.91906690597534
2026-01-20 18:00:00,real_time_price,403.56,peak,373.8489236831665
2026-01-20 18:15:00,real_time_price,414.05,peak,382.84579372406006
2026-01-20 18:30:00,real_time_price,504.0,peak,433.09963512420654
2026-01-20 18:45:00,real_time_price,453.71,peak,497.49968433380127
2026-01-20 19:00:00,real_time_price,389.87,flat,456.8410835266113
2026-01-20 19:15:00,real_time_price,384.17,flat,372.37790393829346
2026-01-20 19:30:00,real_time_price,502.54,flat,419.81696701049805
2026-01-20 19:45:00,real_time_price,440.5,flat,444.1144976615906
2026-01-20 20:00:00,real_time_price,342.38,flat,409.5669775009155
2026-01-20 20:15:00,real_time_price,417.68,flat,341.3138475418091
2026-01-20 20:30:00,real_time_price,573.59,flat,399.74750423431396
2026-01-20 20:45:00,real_time_price,437.37,flat,452.6092324256897
2026-01-20 21:00:00,real_time_price,652.97,flat,406.8088788986206
2026-01-20 21:15:00,real_time_price,608.25,flat,493.43367290496826
2026-01-20 21:30:00,real_time_price,616.35,flat,556.9368181228638
2026-01-20 21:45:00,real_time_price,364.56,flat,537.5508465766907
2026-01-20 22:00:00,real_time_price,540.04,flat,382.1211037635803
2026-01-20 22:15:00,real_time_price,523.03,flat,431.1455078125
2026-01-20 22:30:00,real_time_price,455.62,flat,449.0926580429077
2026-01-20 22:45:00,real_time_price,405.33,flat,415.8359479904175
2026-01-20 23:00:00,real_time_price,358.69,flat,367.4263381958008
2026-01-20 23:15:00,real_time_price,343.27,flat,331.77978801727295
2026-01-20 23:30:00,real_time_price,341.61,flat,325.61647272109985
2026-01-20 23:45:00,real_time_price,342.89,flat,319.29643392562866
2026-01-21 00:00:00,real_time_price,337.16,valley,333.3676028251648
2026-01-21 00:15:00,real_time_price,289.45,valley,323.50183153152466
2026-01-21 00:30:00,real_time_price,330.18,valley,361.9824104309082
2026-01-21 00:45:00,real_time_price,293.73,valley,331.29815769195557
2026-01-21 01:00:00,real_time_price,292.7,valley,295.3640196323395
2026-01-21 01:15:00,real_time_price,280.95,valley,288.35527086257935
2026-01-21 01:30:00,real_time_price,283.53,valley,287.93277633190155
2026-01-21 01:45:00,real_time_price,282.28,valley,279.852952003479
2026-01-21 02:00:00,real_time_price,274.11,valley,278.5860342979431
2026-01-21 02:15:00,real_time_price,275.47,valley,273.53304529190063
2026-01-21 02:30:00,real_time_price,275.51,valley,271.48255705833435
2026-01-21 02:45:00,real_time_price,269.41,valley,269.74620616436005
2026-01-21 03:00:00,real_time_price,269.86,valley,266.61134600639343
2026-01-21 03:15:00,real_time_price,264.87,valley,267.7145311832428
2026-01-21 03:30:00,real_time_price,265.45,valley,261.74181294441223
2026-01-21 03:45:00,real_time_price,259.34,valley,260.5658359527588
2026-01-21 04:00:00,real_time_price,264.53,valley,256.75109910964966
2026-01-21 04:15:00,real_time_price,254.46,valley,259.31225752830505
2026-01-21 04:30:00,real_time_price,247.79,valley,254.3402349948883
2026-01-21 04:45:00,real_time_price,237.95,valley,248.05378818511963
2026-01-21 05:00:00,real_time_price,254.57,valley,242.37904858589172
2026-01-21 05:15:00,real_time_price,252.84,valley,243.52803015708923
2026-01-21 05:30:00,real_time_price,283.87,valley,253.3568196296692
2026-01-21 05:45:00,real_time_price,264.23,valley,272.2837715148926
2026-01-21 06:00:00,real_time_price,274.24,valley,273.06873750686646
2026-01-21 06:15:00,real_time_price,274.69,valley,272.74862909317017
2026-01-21 06:30:00,real_time_price,287.27,valley,279.43482780456543
2026-01-21 06:45:00,real_time_price,293.35,valley,287.87085795402527
2026-01-21 07:00:00,real_time_price,285.33,valley,289.9715824127197
2026-01-21 07:15:00,real_time_price,239.62,valley,282.4026589393616
2026-01-21 07:30:00,real_time_price,307.35,valley,253.59831619262695
2026-01-21 07:45:00,real_time_price,292.54,valley,297.513263463974
2026-01-21 08:00:00,real_time_price,300.33,flat,298.96831822395325
2026-01-21 08:15:00,real_time_price,311.38,flat,302.79618525505066
2026-01-21 08:30:00,real_time_price,314.37,flat,327.777286529541
2026-01-21 08:45:00,real_time_price,331.72,flat,318.44246196746826
2026-01-21 09:00:00,real_time_price,342.59,flat,327.40770649909973
2026-01-21 09:15:00,real_time_price,348.0,flat,329.85222244262695
2026-01-21 09:30:00,real_time_price,494.72,flat,331.79042959213257
2026-01-21 09:45:00,real_time_price,501.02,flat,396.9695053100586
2026-01-21 10:00:00,real_time_price,370.06,peak,428.66365909576416
2026-01-21 10:15:00,real_time_price,588.0,peak,356.59388637542725
2026-01-21 10:30:00,real_time_price,283.57,peak,490.00439500808716
2026-01-21 10:45:00,real_time_price,321.78,peak,365.702805519104
2026-01-21 11:00:00,real_time_price,364.15,peak,315.0121898651123
2026-01-21 11:15:00,real_time_price,374.4,peak,343.5391983985901
2026-01-21 11:30:00,real_time_price,324.71,peak,347.946741104126
2026-01-21 11:45:00,real_time_price,331.0,peak,299.75499153137207
2026-01-21 12:00:00,real_time_price,317.65,flat,297.49509716033936
2026-01-21 12:15:00,real_time_price,108.14,flat,240.86886310577393
2026-01-21 12:30:00,real_time_price,382.36,flat,250.21237468719482
2026-01-21 12:45:00,real_time_price,318.72,flat,305.9738812446594
2026-01-21 13:00:00,real_time_price,318.9,flat,308.9854745864868
2026-01-21 13:15:00,real_time_price,113.77,flat,320.99538803100586
2026-01-21 13:30:00,real_time_price,317.56,flat,258.9904680252075
2026-01-21 13:45:00,real_time_price,314.25,flat,324.8851943016052
2026-01-21 14:00:00,real_time_price,371.45,peak,313.74143409729004
2026-01-21 14:15:00,real_time_price,295.39,peak,317.8143424987793
2026-01-21 14:30:00,real_time_price,285.18,peak,297.6338245868683
2026-01-21 14:45:00,real_time_price,291.77,peak,278.3088276386261
2026-01-21 15:00:00,real_time_price,294.18,peak,286.28255701065063
2026-01-21 15:15:00,real_time_price,298.78,peak,282.42108702659607
2026-01-21 15:30:00,real_time_price,302.79,peak,286.19029235839844
2026-01-21 15:45:00,real_time_price,300.01,peak,298.2094020843506
2026-01-21 16:00:00,real_time_price,309.88,peak,304.3431987762451
2026-01-21 16:15:00,real_time_price,314.47,peak,311.3517084121704
2026-01-21 16:30:00,real_time_price,388.99,peak,322.8886399269104
2026-01-21 16:45:00,real_time_price,546.17,peak,358.2565996646881
2026-01-21 17:00:00,real_time_price,631.18,peak,497.2445249557495
2026-01-21 17:15:00,real_time_price,479.51,peak,588.6030502319336
2026-01-21 17:30:00,real_time_price,616.71,peak,526.0483269691467
2026-01-21 17:45:00,real_time_price,597.75,peak,469.178569316864
2026-01-21 18:00:00,real_time_price,774.67,peak,527.4811496734619
2026-01-21 18:15:00,real_time_price,704.5,peak,570.4052791595459
2026-01-21 18:30:00,real_time_price,737.5,peak,662.8780364990234
2026-01-21 18:45:00,real_time_price,1197.72,peak,713.8313512802124
2026-01-21 19:00:00,real_time_price,865.8,flat,859.9545059204102
2026-01-21 19:15:00,real_time_price,510.48,flat,757.5359210968018
2026-01-21 19:30:00,real_time_price,780.01,flat,800.1351318359375
2026-01-21 19:45:00,real_time_price,678.23,flat,828.2139210700989
2026-01-21 20:00:00,real_time_price,1200.53,flat,657.1541466712952
2026-01-21 20:15:00,real_time_price,764.11,flat,812.2368001937866
2026-01-21 20:30:00,real_time_price,1227.89,flat,743.8100814819336
2026-01-21 20:45:00,real_time_price,1048.77,flat,952.6769299507141
2026-01-21 21:00:00,real_time_price,987.45,flat,1079.5152769088745
2026-01-21 21:15:00,real_time_price,822.34,flat,839.6135778427124
2026-01-21 21:30:00,real_time_price,962.17,flat,1074.6894030570984
2026-01-21 21:45:00,real_time_price,775.05,flat,852.4232225418091
2026-01-21 22:00:00,real_time_price,685.0,flat,691.989164352417
2026-01-21 22:15:00,real_time_price,1211.89,flat,638.3026504516602
2026-01-21 22:30:00,real_time_price,739.64,flat,805.3060846328735
2026-01-21 22:45:00,real_time_price,450.03,flat,647.9148058891296
2026-01-21 23:00:00,real_time_price,348.81,flat,522.5812187194824
2026-01-21 23:15:00,real_time_price,318.55,flat,323.1669797897339
2026-01-21 23:30:00,real_time_price,316.55,flat,306.06151485443115
2026-01-21 23:45:00,real_time_price,298.3,flat,321.7506537437439
2026-01-22 00:00:00,real_time_price,291.77,valley,277.95474338531494
2026-01-22 00:15:00,real_time_price,287.69,valley,273.85311126708984
2026-01-22 00:30:00,real_time_price,219.09,valley,324.99613761901855
2026-01-22 00:45:00,real_time_price,284.75,valley,246.6774125099182
2026-01-22 01:00:00,real_time_price,290.87,valley,253.8043303489685
2026-01-22 01:15:00,real_time_price,274.31,valley,272.63014030456543
2026-01-22 01:30:00,real_time_price,293.48,valley,266.89790439605713
2026-01-22 01:45:00,real_time_price,281.71,valley,281.81843662261963
2026-01-22 02:00:00,real_time_price,249.29,valley,276.88039898872375
2026-01-22 02:15:00,real_time_price,276.34,valley,261.02677822113037
2026-01-22 02:30:00,real_time_price,280.64,valley,258.83503007888794
2026-01-22 02:45:00,real_time_price,267.24,valley,267.2446231842041
2026-01-22 03:00:00,real_time_price,273.68,valley,258.09442472457886
2026-01-22 03:15:00,real_time_price,277.61,valley,261.21351528167725
2026-01-22 03:30:00,real_time_price,274.22,valley,264.3184549808502
2026-01-22 03:45:00,real_time_price,278.38,valley,263.03476095199585
2026-01-22 04:00:00,real_time_price,257.99,valley,263.866938829422
2026-01-22 04:15:00,real_time_price,285.53,valley,256.3992248773575
2026-01-22 04:30:00,real_time_price,274.39,valley,259.5433795452118
2026-01-22 04:45:00,real_time_price,272.13,valley,260.91927194595337
2026-01-22 05:00:00,real_time_price,274.54,valley,264.41210675239563
2026-01-22 05:15:00,real_time_price,277.49,valley,264.27070713043213
2026-01-22 05:30:00,real_time_price,285.06,valley,272.1983788013458
2026-01-22 05:45:00,real_time_price,283.69,valley,281.2225487232208
2026-01-22 06:00:00,real_time_price,287.42,valley,286.5507483482361
2026-01-22 06:15:00,real_time_price,288.85,valley,286.7676885128021
2026-01-22 06:30:00,real_time_price,286.56,valley,294.128778219223
2026-01-22 06:45:00,real_time_price,289.41,valley,290.9904615879059
2026-01-22 07:00:00,real_time_price,292.35,valley,291.7401475906372
2026-01-22 07:15:00,real_time_price,376.3,valley,279.2201085090637
2026-01-22 07:30:00,real_time_price,386.63,valley,352.7253543138504
2026-01-22 07:45:00,real_time_price,377.91,valley,390.38189351558685
2026-01-22 08:00:00,real_time_price,229.3,flat,391.50791358947754
2026-01-22 08:15:00,real_time_price,288.25,flat,328.40129494667053
2026-01-22 08:30:00,real_time_price,299.65,flat,315.3600730895996
2026-01-22 08:45:00,real_time_price,286.32,flat,292.28684759140015
2026-01-22 09:00:00,real_time_price,301.09,flat,287.26251769065857
2026-01-22 09:15:00,real_time_price,512.37,flat,306.0268898010254
2026-01-22 09:30:00,real_time_price,714.97,flat,402.0324664115906
2026-01-22 09:45:00,real_time_price,573.36,flat,673.4079790115356
2026-01-22 10:00:00,real_time_price,564.34,peak,473.2211842536926
2026-01-22 10:15:00,real_time_price,497.95,peak,633.4861574172974
2026-01-22 10:30:00,real_time_price,473.75,peak,466.51708984375
2026-01-22 10:45:00,real_time_price,389.01,peak,513.7327222824097
2026-01-22 11:00:00,real_time_price,485.22,peak,417.94372177124023
2026-01-22 11:15:00,real_time_price,477.32,peak,487.48378467559814
2026-01-22 11:30:00,real_time_price,759.9,peak,493.00082540512085
2026-01-22 11:45:00,real_time_price,637.44,peak,647.9561529159546
2026-01-22 12:00:00,real_time_price,429.98,flat,496.9714341163635
2026-01-22 12:15:00,real_time_price,324.53,flat,337.6517696380615
2026-01-22 12:30:00,real_time_price,305.87,flat,360.58277702331543
2026-01-22 12:45:00,real_time_price,272.48,flat,350.1666269302368
2026-01-22 13:00:00,real_time_price,265.94,flat,299.9243640899658
2026-01-22 13:15:00,real_time_price,292.67,flat,280.37950229644775
2026-01-22 13:30:00,real_time_price,289.02,flat,294.5906572341919
2026-01-22 13:45:00,real_time_price,274.55,flat,305.6575026512146
2026-01-22 14:00:00,real_time_price,291.02,peak,308.74086570739746
2026-01-22 14:15:00,real_time_price,297.19,peak,264.1872835159302
2026-01-22 14:30:00,real_time_price,298.99,peak,273.6943082809448
2026-01-22 14:45:00,real_time_price,294.5,peak,283.63601779937744
2026-01-22 15:00:00,real_time_price,363.66,peak,274.2311964035034
2026-01-22 15:15:00,real_time_price,314.89,peak,292.336181640625
2026-01-22 15:30:00,real_time_price,315.48,peak,314.16082191467285
2026-01-22 15:45:00,real_time_price,311.08,peak,319.26004099845886
2026-01-22 16:00:00,real_time_price,284.98,peak,312.52558970451355
2026-01-22 16:15:00,real_time_price,320.3,peak,296.1394422054291
2026-01-22 16:30:00,real_time_price,360.47,peak,323.01855766773224
2026-01-22 16:45:00,real_time_price,349.04,peak,388.8062307834625
2026-01-22 17:00:00,real_time_price,419.79,peak,365.9910683631897
2026-01-22 17:15:00,real_time_price,547.69,peak,417.3043556213379
2026-01-22 17:30:00,real_time_price,558.51,peak,522.6550967693329
2026-01-22 17:45:00,real_time_price,406.01,peak,500.2542984485626
2026-01-22 18:00:00,real_time_price,632.08,peak,423.55013513565063
2026-01-22 18:15:00,real_time_price,540.94,peak,566.0482721328735
2026-01-22 18:30:00,real_time_price,474.66,peak,669.2056159973145
2026-01-22 18:45:00,real_time_price,493.93,peak,552.8909106254578
2026-01-22 19:00:00,real_time_price,555.67,flat,559.2391138076782
2026-01-22 19:15:00,real_time_price,649.31,flat,499.28540802001953
2026-01-22 19:30:00,real_time_price,749.21,flat,652.5872597694397
2026-01-22 19:45:00,real_time_price,800.58,flat,663.355640411377
2026-01-22 20:00:00,real_time_price,782.18,flat,720.6147537231445
2026-01-22 20:15:00,real_time_price,668.59,flat,726.7964568138123
2026-01-22 20:30:00,real_time_price,823.12,flat,773.8971281051636
2026-01-22 20:45:00,real_time_price,585.83,flat,820.9707455635071
2026-01-22 21:00:00,real_time_price,783.9,flat,662.839259147644
2026-01-22 21:15:00,real_time_price,770.89,flat,798.0767402648926
2026-01-22 21:30:00,real_time_price,631.35,flat,801.0197057723999
2026-01-22 21:45:00,real_time_price,597.28,flat,633.1856155395508
2026-01-22 22:00:00,real_time_price,658.01,flat,588.823356628418
2026-01-22 22:15:00,real_time_price,548.65,flat,639.2953958511353
2026-01-22 22:30:00,real_time_price,497.36,flat,537.4761953353882
2026-01-22 22:45:00,real_time_price,499.79,flat,477.6125421524048
2026-01-22 23:00:00,real_time_price,373.04,flat,429.5763154029846
2026-01-22 23:15:00,real_time_price,322.0,flat,357.7898459434509
2026-01-22 23:30:00,real_time_price,311.13,flat,325.6826639175415
2026-01-22 23:45:00,real_time_price,297.15,flat,313.90329122543335
2026-01-23 00:00:00,real_time_price,287.04,valley,288.1065237522125
2026-01-23 00:15:00,real_time_price,290.0,valley,277.9632534980774
2026-01-23 00:30:00,real_time_price,386.88,valley,375.1177349090576
2026-01-23 00:45:00,real_time_price,326.12,valley,371.85818433761597
2026-01-23 01:00:00,real_time_price,353.17,valley,321.3710894584656
2026-01-23 01:15:00,real_time_price,399.55,valley,324.31769847869873
2026-01-23 01:30:00,real_time_price,324.51,valley,364.8246920108795
2026-01-23 01:45:00,real_time_price,318.43,valley,333.6229236125946
2026-01-23 02:00:00,real_time_price,343.7,valley,317.0913043022156
2026-01-23 02:15:00,real_time_price,328.9,valley,325.974294424057
2026-01-23 02:30:00,real_time_price,323.28,valley,323.7096754312515
2026-01-23 02:45:00,real_time_price,336.29,valley,316.92115688323975
2026-01-23 03:00:00,real_time_price,317.74,valley,314.6538817882538
2026-01-23 03:15:00,real_time_price,322.32,valley,315.0649166107178
2026-01-23 03:30:00,real_time_price,297.75,valley,307.52835488319397
2026-01-23 03:45:00,real_time_price,309.71,valley,298.74929094314575
2026-01-23 04:00:00,real_time_price,306.72,valley,293.6103012561798
2026-01-23 04:15:00,real_time_price,304.37,valley,302.43403673171997
2026-01-23 04:30:00,real_time_price,289.6,valley,298.78137493133545
2026-01-23 04:45:00,real_time_price,289.4,valley,292.5159327983856
2026-01-23 05:00:00,real_time_price,284.65,valley,286.4293866157532
2026-01-23 05:15:00,real_time_price,286.78,valley,282.7006793022156
2026-01-23 05:30:00,real_time_price,289.5,valley,286.57423090934753
2026-01-23 05:45:00,real_time_price,289.51,valley,287.8150315284729
2026-01-23 06:00:00,real_time_price,291.66,valley,289.5480172634125
2026-01-23 06:15:00,real_time_price,289.6,valley,287.7187864780426
2026-01-23 06:30:00,real_time_price,304.53,valley,293.09766602516174
2026-01-23 06:45:00,real_time_price,310.66,valley,303.7744324207306
2026-01-23 07:00:00,real_time_price,313.65,valley,311.9315787553787
2026-01-23 07:15:00,real_time_price,314.59,valley,316.3276183605194
2026-01-23 07:30:00,real_time_price,317.61,valley,318.51857936382294
2026-01-23 07:45:00,real_time_price,365.53,valley,326.0349769592285
2026-01-23 08:00:00,real_time_price,440.73,flat,373.8523757457733
2026-01-23 08:15:00,real_time_price,505.12,flat,409.0670585632324
2026-01-23 08:30:00,real_time_price,670.4,flat,464.8874235153198
2026-01-23 08:45:00,real_time_price,678.17,flat,561.7538766860962
2026-01-23 09:00:00,real_time_price,753.71,flat,580.4900217056274
2026-01-23 09:15:00,real_time_price,613.69,flat,613.7771430015564
2026-01-23 09:30:00,real_time_price,834.89,flat,594.138765335083
2026-01-23 09:45:00,real_time_price,1377.21,flat,740.145917892456
2026-01-23 10:00:00,real_time_price,761.67,peak,880.3672208786011
2026-01-23 10:15:00,real_time_price,691.45,peak,693.9860582351685
2026-01-23 10:30:00,real_time_price,510.49,peak,578.4718856811523
2026-01-23 10:45:00,real_time_price,623.31,peak,657.1949348449707
2026-01-23 11:00:00,real_time_price,577.56,peak,752.079568862915
2026-01-23 11:15:00,real_time_price,393.12,peak,710.396933555603
2026-01-23 11:30:00,real_time_price,504.41,peak,620.9109644889832
2026-01-23 11:45:00,real_time_price,479.0,peak,709.6885528564453
2026-01-23 12:00:00,real_time_price,411.53,flat,475.03998374938965
2026-01-23 12:15:00,real_time_price,275.3,flat,340.36498832702637
2026-01-23 12:30:00,real_time_price,310.36,flat,385.28385829925537
2026-01-23 12:45:00,real_time_price,305.13,flat,335.0089817047119
2026-01-23 13:00:00,real_time_price,258.21,flat,325.56651878356934
2026-01-23 13:15:00,real_time_price,325.61,flat,297.19231605529785
2026-01-23 13:30:00,real_time_price,318.84,flat,344.91456365585327
2026-01-23 13:45:00,real_time_price,320.59,flat,342.811128616333
2026-01-23 14:00:00,real_time_price,337.92,peak,343.7756538391113
2026-01-23 14:15:00,real_time_price,322.94,peak,293.0691223144531
2026-01-23 14:30:00,real_time_price,285.04,peak,283.4753465652466
2026-01-23 14:45:00,real_time_price,300.11,peak,299.79270029067993
2026-01-23 15:00:00,real_time_price,305.0,peak,330.8594431877136
2026-01-23 15:15:00,real_time_price,302.2,peak,316.8938903808594
2026-01-23 15:30:00,real_time_price,299.7,peak,308.33556938171387
2026-01-23 15:45:00,real_time_price,289.49,peak,307.0153477191925
2026-01-23 16:00:00,real_time_price,289.64,peak,314.8183243274689
2026-01-23 16:15:00,real_time_price,299.09,peak,310.4476475715637
2026-01-23 16:30:00,real_time_price,324.11,peak,330.5466287136078
2026-01-23 16:45:00,real_time_price,319.61,peak,373.112104177475
2026-01-23 17:00:00,real_time_price,349.46,peak,369.9967486858368
2026-01-23 17:15:00,real_time_price,340.94,peak,379.39813256263733
2026-01-23 17:30:00,real_time_price,333.35,peak,383.82658982276917
2026-01-23 17:45:00,real_time_price,322.88,peak,351.63451886177063
2026-01-23 18:00:00,real_time_price,379.25,peak,348.2641921043396
2026-01-23 18:15:00,real_time_price,357.49,peak,402.16021251678467
2026-01-23 18:30:00,real_time_price,375.01,peak,404.77396535873413
2026-01-23 18:45:00,real_time_price,451.09,peak,395.72183895111084
2026-01-23 19:00:00,real_time_price,388.69,flat,461.32902240753174
2026-01-23 19:15:00,real_time_price,388.93,flat,413.05212593078613
2026-01-23 19:30:00,real_time_price,384.75,flat,498.35340213775635
2026-01-23 19:45:00,real_time_price,350.38,flat,451.0447473526001
2026-01-23 20:00:00,real_time_price,433.07,flat,406.3816704750061
2026-01-23 20:15:00,real_time_price,324.45,flat,431.89749908447266
2026-01-23 20:30:00,real_time_price,371.22,flat,400.5579500198364
2026-01-23 20:45:00,real_time_price,372.51,flat,423.51312160491943
2026-01-23 21:00:00,real_time_price,333.82,flat,422.10099601745605
2026-01-23 21:15:00,real_time_price,324.37,flat,379.597448348999
2026-01-23 21:30:00,real_time_price,508.9,flat,370.89975357055664
2026-01-23 21:45:00,real_time_price,313.83,flat,460.25800800323486
2026-01-23 22:00:00,real_time_price,317.32,flat,362.1034393310547
2026-01-23 22:15:00,real_time_price,302.03,flat,361.1723976135254
2026-01-23 22:30:00,real_time_price,328.92,flat,333.61939239501953
2026-01-23 22:45:00,real_time_price,329.79,flat,306.466100692749
2026-01-23 23:00:00,real_time_price,316.85,flat,303.60762310028076
2026-01-23 23:15:00,real_time_price,318.81,flat,298.0015335083008
2026-01-23 23:30:00,real_time_price,313.83,flat,293.37659072875977
2026-01-23 23:45:00,real_time_price,310.85,flat,291.7122220993042
2026-01-24 00:00:00,real_time_price,288.92,valley,292.8275909423828
2026-01-24 00:15:00,real_time_price,319.15,valley,278.6864547729492
2026-01-24 00:30:00,real_time_price,480.02,valley,412.17038917541504
2026-01-24 00:45:00,real_time_price,364.99,valley,379.3785181045532
2026-01-24 01:00:00,real_time_price,463.49,valley,353.4863405227661
2026-01-24 01:15:00,real_time_price,494.28,valley,406.1631202697754
2026-01-24 01:30:00,real_time_price,324.12,valley,434.3201484680176
2026-01-24 01:45:00,real_time_price,338.6,valley,340.33605313301086
2026-01-24 02:00:00,real_time_price,324.32,valley,311.67228078842163
2026-01-24 02:15:00,real_time_price,349.95,valley,320.9743404388428
2026-01-24 02:30:00,real_time_price,323.68,valley,332.1314318180084
2026-01-24 02:45:00,real_time_price,332.63,valley,327.5803499221802
2026-01-24 03:00:00,real_time_price,319.51,valley,320.7715628147125
2026-01-24 03:15:00,real_time_price,322.46,valley,319.21390295028687
2026-01-24 03:30:00,real_time_price,309.71,valley,312.09559893608093
2026-01-24 03:45:00,real_time_price,318.41,valley,311.1668437719345
2026-01-24 04:00:00,real_time_price,313.87,valley,309.38352489471436
2026-01-24 04:15:00,real_time_price,318.51,valley,311.41529870033264
2026-01-24 04:30:00,real_time_price,318.51,valley,305.01942324638367
2026-01-24 04:45:00,real_time_price,318.39,valley,309.2813402414322
2026-01-24 05:00:00,real_time_price,318.48,valley,309.5689375400543
2026-01-24 05:15:00,real_time_price,323.71,valley,312.97477173805237
2026-01-24 05:30:00,real_time_price,309.15,valley,318.9065501689911
2026-01-24 05:45:00,real_time_price,315.61,valley,313.2679752111435
2026-01-24 06:00:00,real_time_price,317.9,valley,315.0941171646118
2026-01-24 06:15:00,real_time_price,319.66,valley,317.0004253387451
2026-01-24 06:30:00,real_time_price,326.06,valley,322.0810798406601
2026-01-24 06:45:00,real_time_price,326.45,valley,328.72801089286804
2026-01-24 07:00:00,real_time_price,343.86,valley,328.079812169075
2026-01-24 07:15:00,real_time_price,323.19,valley,338.82305002212524
2026-01-24 07:30:00,real_time_price,328.17,valley,342.7123785018921
2026-01-24 07:45:00,real_time_price,337.28,valley,325.2258870601654
2026-01-24 08:00:00,real_time_price,348.3,flat,347.90571117401123
2026-01-24 08:15:00,real_time_price,478.05,flat,356.6182613372803
2026-01-24 08:30:00,real_time_price,497.21,flat,452.4502229690552
2026-01-24 08:45:00,real_time_price,442.5,flat,482.7577714920044
2026-01-24 09:00:00,real_time_price,565.76,flat,431.68422412872314
2026-01-24 09:15:00,real_time_price,629.41,flat,481.8478059768677
2026-01-24 09:30:00,real_time_price,278.65,flat,587.5541882514954
2026-01-24 09:45:00,real_time_price,387.15,flat,432.6959900856018
2026-01-24 10:00:00,real_time_price,431.43,peak,358.3695125579834
2026-01-24 10:15:00,real_time_price,454.61,peak,399.27820110321045
2026-01-24 10:30:00,real_time_price,340.03,peak,414.8278064727783
2026-01-24 10:45:00,real_time_price,348.85,peak,348.83836936950684
2026-01-24 11:00:00,real_time_price,302.96,peak,390.05245208740234
2026-01-24 11:15:00,real_time_price,300.91,peak,347.7733383178711
2026-01-24 11:30:00,real_time_price,282.67,peak,338.3522710800171
2026-01-24 11:45:00,real_time_price,296.67,peak,286.82641887664795
2026-01-24 12:00:00,real_time_price,279.48,flat,268.8495225906372
2026-01-24 12:15:00,real_time_price,240.48,flat,156.89676570892334
2026-01-24 12:30:00,real_time_price,268.48,flat,258.40692234039307
2026-01-24 12:45:00,real_time_price,260.58,flat,263.5765447616577
2026-01-24 13:00:00,real_time_price,266.32,flat,259.87234115600586
2026-01-24 13:15:00,real_time_price,263.16,flat,268.1510000228882
2026-01-24 13:30:00,real_time_price,266.88,flat,274.4167232513428
2026-01-24 13:45:00,real_time_price,270.19,flat,281.1228919029236
2026-01-24 14:00:00,real_time_price,271.34,peak,283.8182907104492
2026-01-24 14:15:00,real_time_price,262.59,peak,254.0658049583435
2026-01-24 14:30:00,real_time_price,253.59,peak,244.5248260498047
2026-01-24 14:45:00,real_time_price,249.71,peak,248.07574319839478
2026-01-24 15:00:00,real_time_price,251.88,peak,249.40654182434082
2026-01-24 15:15:00,real_time_price,247.51,peak,239.87280082702637
2026-01-24 15:30:00,real_time_price,265.63,peak,233.94420433044434
2026-01-24 15:45:00,real_time_price,259.7,peak,251.85320162773132
2026-01-24 16:00:00,real_time_price,266.65,peak,254.05142784118652
2026-01-24 16:15:00,real_time_price,272.69,peak,267.327618598938
2026-01-24 16:30:00,real_time_price,277.85,peak,283.4967007637024
2026-01-24 16:45:00,real_time_price,282.4,peak,285.20779943466187
2026-01-24 17:00:00,real_time_price,287.02,peak,311.2330288887024
2026-01-24 17:15:00,real_time_price,288.71,peak,327.7349591255188
2026-01-24 17:30:00,real_time_price,283.06,peak,304.2912087440491
2026-01-24 17:45:00,real_time_price,283.5,peak,282.65113067626953
2026-01-24 18:00:00,real_time_price,290.68,peak,300.7375888824463
2026-01-24 18:15:00,real_time_price,294.02,peak,307.69811248779297
2026-01-24 18:30:00,real_time_price,304.25,peak,308.583535194397
2026-01-24 18:45:00,real_time_price,303.19,peak,323.0839910507202
2026-01-24 19:00:00,real_time_price,315.42,flat,297.8354835510254
2026-01-24 19:15:00,real_time_price,291.17,flat,304.34008979797363
2026-01-24 19:30:00,real_time_price,298.21,flat,303.80062198638916
2026-01-24 19:45:00,real_time_price,310.63,flat,287.1269197463989
2026-01-24 20:00:00,real_time_price,308.67,flat,298.1816964149475
2026-01-24 20:15:00,real_time_price,389.85,flat,285.5274610519409
2026-01-24 20:30:00,real_time_price,297.98,flat,368.32529735565186
2026-01-24 20:45:00,real_time_price,314.63,flat,331.41186141967773
2026-01-24 21:00:00,real_time_price,311.92,flat,301.8706645965576
2026-01-24 21:15:00,real_time_price,317.07,flat,315.9365177154541
2026-01-24 21:30:00,real_time_price,321.49,flat,316.6882276535034
2026-01-24 21:45:00,real_time_price,319.01,flat,303.0811958312988
2026-01-24 22:00:00,real_time_price,327.51,flat,304.65814781188965
2026-01-24 22:15:00,real_time_price,370.21,flat,310.81925201416016
2026-01-24 22:30:00,real_time_price,397.66,flat,340.2345304489136
2026-01-24 22:45:00,real_time_price,397.99,flat,354.46153450012207
2026-01-24 23:00:00,real_time_price,364.7,flat,355.7007722854614
2026-01-24 23:15:00,real_time_price,341.47,flat,340.1445589065552
2026-01-24 23:30:00,real_time_price,324.77,flat,330.98536491394043
2026-01-24 23:45:00,real_time_price,298.33,flat,319.6171774864197
2026-01-25 00:00:00,real_time_price,298.55,valley,289.7551784515381
2026-01-25 00:15:00,real_time_price,265.39,valley,286.2911958694458
2026-01-25 00:30:00,real_time_price,386.61,valley,392.448769569397
2026-01-25 00:45:00,real_time_price,331.61,valley,364.8621234893799
2026-01-25 01:00:00,real_time_price,315.73,valley,312.0550174713135
2026-01-25 01:15:00,real_time_price,328.03,valley,313.1164970397949
2026-01-25 01:30:00,real_time_price,318.31,valley,320.98089694976807
2026-01-25 01:45:00,real_time_price,308.44,valley,317.48321437835693
2026-01-25 02:00:00,real_time_price,313.13,valley,306.66745376586914
2026-01-25 02:15:00,real_time_price,312.47,valley,307.62736201286316
2026-01-25 02:30:00,real_time_price,314.34,valley,307.70032787323
2026-01-25 02:45:00,real_time_price,306.43,valley,312.3407425880432
2026-01-25 03:00:00,real_time_price,306.44,valley,304.270868062973
2026-01-25 03:15:00,real_time_price,286.85,valley,302.80057668685913
2026-01-25 03:30:00,real_time_price,289.86,valley,291.4859182834625
2026-01-25 03:45:00,real_time_price,283.88,valley,288.41608691215515
2026-01-25 04:00:00,real_time_price,294.68,valley,281.05839717388153
2026-01-25 04:15:00,real_time_price,289.8,valley,287.5420072078705
2026-01-25 04:30:00,real_time_price,301.57,valley,288.754163980484
2026-01-25 04:45:00,real_time_price,274.11,valley,292.68004083633423
2026-01-25 05:00:00,real_time_price,276.93,valley,281.45386838912964
2026-01-25 05:15:00,real_time_price,278.99,valley,276.19174790382385
2026-01-25 05:30:00,real_time_price,278.24,valley,283.26466965675354
2026-01-25 05:45:00,real_time_price,279.87,valley,284.4108809232712
2026-01-25 06:00:00,real_time_price,274.85,valley,285.7231910228729
2026-01-25 06:15:00,real_time_price,274.82,valley,279.5200625658035
2026-01-25 06:30:00,real_time_price,274.71,valley,279.55959248542786
2026-01-25 06:45:00,real_time_price,274.85,valley,279.72321820259094
2026-01-25 07:00:00,real_time_price,279.84,valley,276.2603323459625
2026-01-25 07:15:00,real_time_price,274.89,valley,272.85250663757324
2026-01-25 07:30:00,real_time_price,269.99,valley,272.37227296829224
2026-01-25 07:45:00,real_time_price,274.98,valley,271.94504165649414
2026-01-25 08:00:00,real_time_price,280.2,flat,280.19116020202637
2026-01-25 08:15:00,real_time_price,296.48,flat,295.70256900787354
2026-01-25 08:30:00,real_time_price,320.38,flat,301.16999435424805
2026-01-25 08:45:00,real_time_price,289.24,flat,299.35345792770386
2026-01-25 09:00:00,real_time_price,285.35,flat,305.9160666465759
2026-01-25 09:15:00,real_time_price,354.04,flat,299.8785791397095
2026-01-25 09:30:00,real_time_price,445.01,flat,319.5503740310669
2026-01-25 09:45:00,real_time_price,373.19,flat,380.9469242095947
2026-01-25 10:00:00,real_time_price,287.85,peak,383.7639307975769
2026-01-25 10:15:00,real_time_price,277.18,peak,296.42755603790283
2026-01-25 10:30:00,real_time_price,268.62,peak,271.2548704147339
2026-01-25 10:45:00,real_time_price,277.09,peak,265.46928310394287
2026-01-25 11:00:00,real_time_price,276.95,peak,273.89340591430664
2026-01-25 11:15:00,real_time_price,259.54,peak,270.19631719589233
2026-01-25 11:30:00,real_time_price,271.57,peak,259.68163204193115
2026-01-25 11:45:00,real_time_price,193.94,peak,272.0843105316162
2026-01-25 12:00:00,real_time_price,263.87,flat,217.64166831970215
2026-01-25 12:15:00,real_time_price,42.72,flat,130.16440200805664
2026-01-25 12:30:00,real_time_price,249.26,flat,159.429536819458
2026-01-25 12:45:00,real_time_price,144.69,flat,167.3862066268921
2026-01-25 13:00:00,real_time_price,145.27,flat,167.7785186767578
2026-01-25 13:15:00,real_time_price,145.27,flat,145.77484893798828
2026-01-25 13:30:00,real_time_price,188.34,flat,159.80887365341187
2026-01-25 13:45:00,real_time_price,201.15,flat,211.20763969421387
2026-01-25 14:00:00,real_time_price,198.37,peak,204.15946769714355
2026-01-25 14:15:00,real_time_price,230.11,peak,162.40713024139404
2026-01-25 14:30:00,real_time_price,174.86,peak,254.7969570159912
2026-01-25 14:45:00,real_time_price,229.8,peak,186.81130361557007
2026-01-25 15:00:00,real_time_price,194.11,peak,208.9397678375244
2026-01-25 15:15:00,real_time_price,197.23,peak,247.4452772140503
2026-01-25 15:30:00,real_time_price,243.88,peak,207.05094385147095
2026-01-25 15:45:00,real_time_price,271.34,peak,227.4385141134262
2026-01-25 16:00:00,real_time_price,268.48,peak,276.7000571489334
2026-01-25 16:15:00,real_time_price,273.62,peak,257.76020526885986
2026-01-25 16:30:00,real_time_price,285.2,peak,269.7854266166687
2026-01-25 16:45:00,real_time_price,312.3,peak,282.70353984832764
2026-01-25 17:00:00,real_time_price,333.44,peak,309.5766019821167
2026-01-25 17:15:00,real_time_price,149.29,peak,314.91659450531006
2026-01-25 17:30:00,real_time_price,373.57,peak,270.45779609680176
2026-01-25 17:45:00,real_time_price,309.19,peak,309.4350748062134
2026-01-25 18:00:00,real_time_price,370.79,peak,303.9062466621399
2026-01-25 18:15:00,real_time_price,320.97,peak,339.8287525177002
2026-01-25 18:30:00,real_time_price,359.67,peak,343.99557304382324
2026-01-25 18:45:00,real_time_price,359.28,peak,373.88347816467285
2026-01-25 19:00:00,real_time_price,319.64,flat,354.7190866470337
2026-01-25 19:15:00,real_time_price,324.61,flat,325.9039239883423
2026-01-25 19:30:00,real_time_price,324.63,flat,340.3439111709595
2026-01-25 19:45:00,real_time_price,317.0,flat,332.78138732910156
2026-01-25 20:00:00,real_time_price,328.75,flat,321.4159965515137
2026-01-25 20:15:00,real_time_price,329.5,flat,313.5914058685303
2026-01-25 20:30:00,real_time_price,375.98,flat,334.0053987503052
2026-01-25 20:45:00,real_time_price,409.5,flat,356.08539485931396
2026-01-25 21:00:00,real_time_price,350.79,flat,366.335732460022
2026-01-25 21:15:00,real_time_price,384.45,flat,352.313588142395
2026-01-25 21:30:00,real_time_price,382.12,flat,380.4807405471802
2026-01-25 21:45:00,real_time_price,379.52,flat,370.832612991333
2026-01-25 22:00:00,real_time_price,435.64,flat,364.91948223114014
2026-01-25 22:15:00,real_time_price,417.04,flat,391.9537343978882
2026-01-25 22:30:00,real_time_price,365.37,flat,391.189905166626
2026-01-25 22:45:00,real_time_price,449.36,flat,347.22626209259033
2026-01-25 23:00:00,real_time_price,330.07,flat,377.2804021835327
2026-01-25 23:15:00,real_time_price,322.88,flat,324.71986961364746
2026-01-25 23:30:00,real_time_price,291.51,flat,315.1281509399414
2026-01-25 23:45:00,real_time_price,316.25,flat,289.32996463775635
2026-01-26 00:00:00,real_time_price,285.48,valley,293.1183042526245
2026-01-26 00:15:00,real_time_price,282.6,valley,275.79780769348145
2026-01-26 00:30:00,real_time_price,358.28,valley,381.5666627883911
2026-01-26 00:45:00,real_time_price,309.08,valley,334.9727325439453
2026-01-26 01:00:00,real_time_price,309.37,valley,301.72082138061523
2026-01-26 01:15:00,real_time_price,301.45,valley,306.86101627349854
2026-01-26 01:30:00,real_time_price,299.05,valley,301.1157293319702
2026-01-26 01:45:00,real_time_price,291.76,valley,292.74869656562805
2026-01-26 02:00:00,real_time_price,307.08,valley,289.89092206954956
2026-01-26 02:15:00,real_time_price,289.71,valley,298.1470285654068
2026-01-26 02:30:00,real_time_price,294.73,valley,294.0135889053345
2026-01-26 02:45:00,real_time_price,279.69,valley,290.6301919221878
2026-01-26 03:00:00,real_time_price,285.34,valley,281.07792496681213
2026-01-26 03:15:00,real_time_price,286.36,valley,276.4240834712982
2026-01-26 03:30:00,real_time_price,299.33,valley,279.24510288238525
2026-01-26 03:45:00,real_time_price,283.93,valley,283.7712652683258
2026-01-26 04:00:00,real_time_price,284.87,valley,280.81675457954407
2026-01-26 04:15:00,real_time_price,284.93,valley,281.13423478603363
2026-01-26 04:30:00,real_time_price,291.84,valley,283.98316502571106
2026-01-26 04:45:00,real_time_price,280.0,valley,281.37993133068085
2026-01-26 05:00:00,real_time_price,300.76,valley,279.62509298324585
2026-01-26 05:15:00,real_time_price,279.93,valley,289.4799346923828
2026-01-26 05:30:00,real_time_price,290.35,valley,284.1326868534088
2026-01-26 05:45:00,real_time_price,286.87,valley,287.0011832714081
2026-01-26 06:00:00,real_time_price,297.44,valley,290.69500708580017
2026-01-26 06:15:00,real_time_price,290.23,valley,290.1427866220474
2026-01-26 06:30:00,real_time_price,316.21,valley,298.307199716568
2026-01-26 06:45:00,real_time_price,289.91,valley,320.25713205337524
2026-01-26 07:00:00,real_time_price,311.96,valley,301.3183557987213
2026-01-26 07:15:00,real_time_price,329.53,valley,303.5741572380066
2026-01-26 07:30:00,real_time_price,315.57,valley,320.83215737342834
2026-01-26 07:45:00,real_time_price,310.77,valley,305.2089297771454
2026-01-26 08:00:00,real_time_price,316.49,flat,319.1823523044586
2026-01-26 08:15:00,real_time_price,336.95,flat,335.0872640609741
2026-01-26 08:30:00,real_time_price,379.93,flat,356.83483266830444
2026-01-26 08:45:00,real_time_price,320.04,flat,391.18777799606323
2026-01-26 09:00:00,real_time_price,288.86,flat,332.4900002479553
2026-01-26 09:15:00,real_time_price,322.61,flat,290.77612590789795
2026-01-26 09:30:00,real_time_price,418.88,flat,309.4267244338989
2026-01-26 09:45:00,real_time_price,302.56,flat,370.21595430374146
2026-01-26 10:00:00,real_time_price,308.66,peak,304.0035448074341
2026-01-26 10:15:00,real_time_price,276.27,peak,294.5146493911743
2026-01-26 10:30:00,real_time_price,288.61,peak,300.2461519241333
2026-01-26 10:45:00,real_time_price,277.94,peak,285.012526512146
2026-01-26 11:00:00,real_time_price,259.85,peak,284.87587451934814
2026-01-26 11:15:00,real_time_price,273.26,peak,255.8969898223877
2026-01-26 11:30:00,real_time_price,217.01,peak,280.19880771636963
2026-01-26 11:45:00,real_time_price,286.72,peak,252.14632415771484
2026-01-26 12:00:00,real_time_price,271.9,flat,236.0080966949463
2026-01-26 12:15:00,real_time_price,133.41,flat,142.39900302886963
2026-01-26 12:30:00,real_time_price,263.75,flat,247.50506401062012
2026-01-26 12:45:00,real_time_price,243.53,flat,226.8872127532959
2026-01-26 13:00:00,real_time_price,224.58,flat,227.44836711883545
2026-01-26 13:15:00,real_time_price,265.56,flat,215.69522094726562
2026-01-26 13:30:00,real_time_price,198.77,flat,259.15552616119385
2026-01-26 13:45:00,real_time_price,260.91,flat,256.94941806793213
2026-01-26 14:00:00,real_time_price,277.81,peak,250.23495388031006
2026-01-26 14:15:00,real_time_price,254.15,peak,243.23324918746948
2026-01-26 14:30:00,real_time_price,264.22,peak,235.8949475288391
2026-01-26 14:45:00,real_time_price,218.19,peak,245.42146110534668
2026-01-26 15:00:00,real_time_price,269.47,peak,248.48541021347046
2026-01-26 15:15:00,real_time_price,229.7,peak,249.17765307426453
2026-01-26 15:30:00,real_time_price,220.92,peak,245.1012020111084
2026-01-26 15:45:00,real_time_price,232.86,peak,247.5122801065445
2026-01-26 16:00:00,real_time_price,219.88,peak,251.72984731197357
2026-01-26 16:15:00,real_time_price,268.23,peak,253.49495482444763
2026-01-26 16:30:00,real_time_price,268.26,peak,277.2249484062195
2026-01-26 16:45:00,real_time_price,226.84,peak,271.64664030075073
2026-01-26 17:00:00,real_time_price,278.7,peak,265.5276336669922
2026-01-26 17:15:00,real_time_price,290.0,peak,283.3358278274536
2026-01-26 17:30:00,real_time_price,295.05,peak,284.0696659088135
2026-01-26 17:45:00,real_time_price,288.1,peak,297.8702964782715
2026-01-26 18:00:00,real_time_price,300.0,peak,292.82207107543945
2026-01-26 18:15:00,real_time_price,302.5,peak,305.25524711608887
2026-01-26 18:30:00,real_time_price,309.99,peak,309.50867986679077
2026-01-26 18:45:00,real_time_price,303.13,peak,316.5625853538513
2026-01-26 19:00:00,real_time_price,307.66,flat,310.9551544189453
2026-01-26 19:15:00,real_time_price,295.28,flat,309.3263912200928
2026-01-26 19:30:00,real_time_price,282.44,flat,328.50991439819336
2026-01-26 19:45:00,real_time_price,282.62,flat,294.79835510253906
2026-01-26 20:00:00,real_time_price,275.87,flat,284.4668869972229
2026-01-26 20:15:00,real_time_price,294.3,flat,273.8138380050659
2026-01-26 20:30:00,real_time_price,297.89,flat,287.6024923324585
2026-01-26 20:45:00,real_time_price,290.42,flat,287.453706741333
2026-01-26 21:00:00,real_time_price,298.64,flat,286.49144172668457
2026-01-26 21:15:00,real_time_price,297.79,flat,284.68773555755615
2026-01-26 21:30:00,real_time_price,312.03,flat,290.8194761276245
2026-01-26 21:45:00,real_time_price,300.9,flat,304.6515712738037
2026-01-26 22:00:00,real_time_price,310.0,flat,292.30310249328613
2026-01-26 22:15:00,real_time_price,320.0,flat,289.9448175430298
2026-01-26 22:30:00,real_time_price,320.0,flat,305.0608558654785
2026-01-26 22:45:00,real_time_price,325.1,flat,303.9493131637573
2026-01-26 23:00:00,real_time_price,325.1,flat,308.0929183959961
2026-01-26 23:15:00,real_time_price,325.11,flat,309.7216167449951
2026-01-26 23:30:00,real_time_price,319.14,flat,310.9094228744507
2026-01-26 23:45:00,real_time_price,307.57,flat,312.854718208313
2026-01-27 00:00:00,real_time_price,296.75,valley,290.84354972839355
2026-01-27 00:15:00,real_time_price,263.56,valley,279.4996099472046
2026-01-27 00:30:00,real_time_price,319.35,valley,348.1205530166626
2026-01-27 00:45:00,real_time_price,324.97,valley,311.7136812210083
2026-01-27 01:00:00,real_time_price,297.79,valley,306.0564799308777
2026-01-27 01:15:00,real_time_price,319.98,valley,294.75331020355225
2026-01-27 01:30:00,real_time_price,312.99,valley,304.7526617050171
2026-01-27 01:45:00,real_time_price,310.29,valley,304.5486271381378
2026-01-27 02:00:00,real_time_price,310.12,valley,304.515260219574
2026-01-27 02:15:00,real_time_price,310.08,valley,302.59094536304474
2026-01-27 02:30:00,real_time_price,300.4,valley,303.72807240486145
2026-01-27 02:45:00,real_time_price,300.12,valley,295.1797094345093
2026-01-27 03:00:00,real_time_price,290.08,valley,294.96429777145386
2026-01-27 03:15:00,real_time_price,286.07,valley,288.93429946899414
2026-01-27 03:30:00,real_time_price,283.06,valley,283.0018775463104
2026-01-27 03:45:00,real_time_price,280.09,valley,278.51528763771057
2026-01-27 04:00:00,real_time_price,278.38,valley,277.8354461193085
2026-01-27 04:15:00,real_time_price,262.17,valley,277.17407310009
2026-01-27 04:30:00,real_time_price,259.16,valley,263.8209857940674
2026-01-27 04:45:00,real_time_price,263.87,valley,258.54215240478516
2026-01-27 05:00:00,real_time_price,260.87,valley,259.9837384223938
2026-01-27 05:15:00,real_time_price,260.09,valley,260.38549041748047
2026-01-27 05:30:00,real_time_price,263.87,valley,259.6858355998993
2026-01-27 05:45:00,real_time_price,263.85,valley,265.52378726005554
2026-01-27 06:00:00,real_time_price,268.94,valley,269.8932888507843
2026-01-27 06:15:00,real_time_price,270.87,valley,270.299195766449
2026-01-27 06:30:00,real_time_price,278.5,valley,276.6300402879715
2026-01-27 06:45:00,real_time_price,309.0,valley,279.89638018608093
2026-01-27 07:00:00,real_time_price,299.19,valley,304.5461571216583
2026-01-27 07:15:00,real_time_price,381.07,valley,293.7030928134918
2026-01-27 07:30:00,real_time_price,379.13,valley,347.8645873069763
2026-01-27 07:45:00,real_time_price,423.46,valley,364.0035960674286
2026-01-27 08:00:00,real_time_price,381.18,flat,392.6267807483673
2026-01-27 08:15:00,real_time_price,407.15,flat,404.1172065734863
2026-01-27 08:30:00,real_time_price,442.45,flat,445.02273321151733
2026-01-27 08:45:00,real_time_price,417.98,flat,427.38246631622314
2026-01-27 09:00:00,real_time_price,380.03,flat,409.3067955970764
2026-01-27 09:15:00,real_time_price,393.73,flat,369.07201862335205
2026-01-27 09:30:00,real_time_price,528.57,flat,398.22174549102783
2026-01-27 09:45:00,real_time_price,688.41,flat,436.57874488830566
2026-01-27 10:00:00,real_time_price,303.44,peak,524.7557182312012
2026-01-27 10:15:00,real_time_price,307.03,peak,418.33992767333984
2026-01-27 10:30:00,real_time_price,275.02,peak,316.75411319732666
2026-01-27 10:45:00,real_time_price,267.02,peak,364.6682548522949
2026-01-27 11:00:00,real_time_price,280.87,peak,301.9372253417969
2026-01-27 11:15:00,real_time_price,259.12,peak,273.48816084861755
2026-01-27 11:30:00,real_time_price,221.87,peak,257.5581474304199
2026-01-27 11:45:00,real_time_price,280.11,peak,252.0778136253357
2026-01-27 12:00:00,real_time_price,72.53,flat,240.12735652923584
2026-01-27 12:15:00,real_time_price,128.39,flat,49.48589038848877
2026-01-27 12:30:00,real_time_price,81.11,flat,158.3051872253418
2026-01-27 12:45:00,real_time_price,47.91,flat,123.39254951477051
2026-01-27 13:00:00,real_time_price,50.1,flat,83.02096462249756
2026-01-27 13:15:00,real_time_price,-28.54,flat,73.05087947845459
2026-01-27 13:30:00,real_time_price,8.07,flat,69.17155265808105
2026-01-27 13:45:00,real_time_price,72.74,flat,75.69833707809448
2026-01-27 14:00:00,real_time_price,136.7,peak,97.06481695175171
2026-01-27 14:15:00,real_time_price,50.04,peak,44.77214431762695
2026-01-27 14:30:00,real_time_price,-43.72,peak,109.64807796478271
2026-01-27 14:45:00,real_time_price,49.96,peak,38.282724380493164
2026-01-27 15:00:00,real_time_price,6.16,peak,52.900447845458984
2026-01-27 15:15:00,real_time_price,0.15,peak,104.34779453277588
2026-01-27 15:30:00,real_time_price,43.4,peak,86.30904960632324
2026-01-27 15:45:00,real_time_price,233.28,peak,159.4966688156128
2026-01-27 16:00:00,real_time_price,247.22,peak,206.45554399490356
2026-01-27 16:15:00,real_time_price,252.02,peak,238.78524112701416
2026-01-27 16:30:00,real_time_price,280.1,peak,263.7772145271301
2026-01-27 16:45:00,real_time_price,279.97,peak,279.16741609573364
2026-01-27 17:00:00,real_time_price,299.85,peak,286.6170711517334
2026-01-27 17:15:00,real_time_price,300.1,peak,296.71059226989746
2026-01-27 17:30:00,real_time_price,300.12,peak,326.1676354408264
2026-01-27 17:45:00,real_time_price,319.19,peak,305.512788772583
2026-01-27 18:00:00,real_time_price,320.19,peak,318.73689889907837
2026-01-27 18:15:00,real_time_price,325.79,peak,322.2929058074951
2026-01-27 18:30:00,real_time_price,319.82,peak,335.03415966033936
2026-01-27 18:45:00,real_time_price,339.66,peak,331.3976593017578
2026-01-27 19:00:00,real_time_price,309.54,flat,324.37622833251953
2026-01-27 19:15:00,real_time_price,290.99,flat,300.20262145996094
2026-01-27 19:30:00,real_time_price,298.03,flat,309.49799251556396
2026-01-27 19:45:00,real_time_price,295.75,flat,289.90330696105957
2026-01-27 20:00:00,real_time_price,318.85,flat,279.93388175964355
2026-01-27 20:15:00,real_time_price,299.42,flat,291.7787551879883
2026-01-27 20:30:00,real_time_price,318.32,flat,298.9687433242798
2026-01-27 20:45:00,real_time_price,296.47,flat,302.11982440948486
2026-01-27 21:00:00,real_time_price,299.16,flat,290.9376106262207
2026-01-27 21:15:00,real_time_price,315.69,flat,283.7006778717041
2026-01-27 21:30:00,real_time_price,309.0,flat,302.5729932785034
2026-01-27 21:45:00,real_time_price,315.33,flat,293.17054557800293
2026-01-27 22:00:00,real_time_price,313.18,flat,305.8900909423828
2026-01-27 22:15:00,real_time_price,320.65,flat,300.5836601257324
2026-01-27 22:30:00,real_time_price,319.67,flat,302.3589324951172
2026-01-27 22:45:00,real_time_price,296.39,flat,301.8917055130005
2026-01-27 23:00:00,real_time_price,306.24,flat,277.7061471939087
2026-01-27 23:15:00,real_time_price,294.94,flat,277.7685537338257
2026-01-27 23:30:00,real_time_price,284.8,flat,275.74767112731934
2026-01-27 23:45:00,real_time_price,283.38,flat,268.3250389099121
2026-01-28 00:00:00,real_time_price,269.14,valley,271.00633430480957
2026-01-28 00:15:00,real_time_price,258.81,valley,260.803484916687
2026-01-28 00:30:00,real_time_price,318.38,valley,303.6894636154175
2026-01-28 00:45:00,real_time_price,315.83,valley,298.71858978271484
2026-01-28 01:00:00,real_time_price,308.28,valley,293.1073455810547
2026-01-28 01:15:00,real_time_price,324.84,valley,295.25823736190796
2026-01-28 01:30:00,real_time_price,295.99,valley,303.8976879119873
2026-01-28 01:45:00,real_time_price,308.04,valley,296.3588218688965
2026-01-28 02:00:00,real_time_price,298.98,valley,291.83990001678467
2026-01-28 02:15:00,real_time_price,297.54,valley,289.8710789680481
2026-01-28 02:30:00,real_time_price,287.78,valley,284.91915941238403
2026-01-28 02:45:00,real_time_price,283.01,valley,283.5007600784302
2026-01-28 03:00:00,real_time_price,290.41,valley,273.3396420478821
2026-01-28 03:15:00,real_time_price,277.32,valley,275.92416191101074
2026-01-28 03:30:00,real_time_price,253.52,valley,273.82448291778564
2026-01-28 03:45:00,real_time_price,268.83,valley,253.1820559501648
2026-01-28 04:00:00,real_time_price,265.63,valley,254.7832956314087
2026-01-28 04:15:00,real_time_price,241.27,valley,259.18320202827454
2026-01-28 04:30:00,real_time_price,260.92,valley,254.6156041622162
2026-01-28 04:45:00,real_time_price,254.31,valley,247.36152243614197
2026-01-28 05:00:00,real_time_price,244.31,valley,248.75501084327698
2026-01-28 05:15:00,real_time_price,268.22,valley,242.66292452812195
2026-01-28 05:30:00,real_time_price,265.8,valley,257.1603100299835
2026-01-28 05:45:00,real_time_price,271.21,valley,265.62342834472656
2026-01-28 06:00:00,real_time_price,273.76,valley,271.15182518959045
2026-01-28 06:15:00,real_time_price,287.62,valley,274.6581597328186
2026-01-28 06:30:00,real_time_price,293.25,valley,285.2426085472107
2026-01-28 06:45:00,real_time_price,286.3,valley,296.02890598773956
2026-01-28 07:00:00,real_time_price,322.13,valley,288.0791485309601
2026-01-28 07:15:00,real_time_price,305.43,valley,306.5127680301666
2026-01-28 07:30:00,real_time_price,316.44,valley,313.6911346912384
2026-01-28 07:45:00,real_time_price,328.54,valley,306.0262792110443
2026-01-28 08:00:00,real_time_price,404.31,flat,323.81671130657196
2026-01-28 08:15:00,real_time_price,404.8,flat,446.1558418273926
2026-01-28 08:30:00,real_time_price,357.62,flat,504.48769640922546
2026-01-28 08:45:00,real_time_price,306.66,flat,386.7444648742676
2026-01-28 09:00:00,real_time_price,489.58,flat,359.71254420280457
2026-01-28 09:15:00,real_time_price,367.18,flat,352.5929594039917
2026-01-28 09:30:00,real_time_price,482.53,flat,390.73228192329407
2026-01-28 09:45:00,real_time_price,322.98,flat,427.29898500442505
2026-01-28 10:00:00,real_time_price,363.93,peak,355.37924003601074
2026-01-28 10:15:00,real_time_price,260.6,peak,336.28774547576904
2026-01-28 10:30:00,real_time_price,269.07,peak,276.7541332244873
2026-01-28 10:45:00,real_time_price,265.49,peak,270.28270626068115
2026-01-28 11:00:00,real_time_price,260.73,peak,251.73895454406738
2026-01-28 11:15:00,real_time_price,200.73,peak,241.2638921737671
2026-01-28 11:30:00,real_time_price,209.33,peak,196.6790647506714
2026-01-28 11:45:00,real_time_price,250.45,peak,213.30174446105957
2026-01-28 12:00:00,real_time_price,182.22,flat,214.0421781539917
2026-01-28 12:15:00,real_time_price,58.43,flat,39.01127243041992
2026-01-28 12:30:00,real_time_price,96.43,flat,141.24481582641602
2026-01-28 12:45:00,real_time_price,65.64,flat,139.70407962799072
2026-01-28 13:00:00,real_time_price,10.83,flat,55.643611907958984
2026-01-28 13:15:00,real_time_price,38.6,flat,45.795926094055176
2026-01-28 13:30:00,real_time_price,13.57,flat,104.87518978118896
2026-01-28 13:45:00,real_time_price,12.14,flat,104.71970081329346
2026-01-28 14:00:00,real_time_price,11.46,peak,87.22036266326904
2026-01-28 14:15:00,real_time_price,65.4,peak,48.463181495666504
2026-01-28 14:30:00,real_time_price,-10.28,peak,33.108903884887695
2026-01-28 14:45:00,real_time_price,14.29,peak,44.27504062652588
2026-01-28 15:00:00,real_time_price,36.24,peak,38.89157962799072
2026-01-28 15:15:00,real_time_price,145.18,peak,67.4406852722168
2026-01-28 15:30:00,real_time_price,11.23,peak,127.07239627838135
2026-01-28 15:45:00,real_time_price,216.58,peak,99.53139519691467
2026-01-28 16:00:00,real_time_price,256.64,peak,220.56738138198853
2026-01-28 16:15:00,real_time_price,268.64,peak,225.57666158676147
2026-01-28 16:30:00,real_time_price,285.91,peak,282.43320512771606
2026-01-28 16:45:00,real_time_price,283.67,peak,277.1437940597534
2026-01-28 17:00:00,real_time_price,308.13,peak,336.9284052848816
2026-01-28 17:15:00,real_time_price,295.0,peak,319.0197629928589
2026-01-28 17:30:00,real_time_price,314.7,peak,380.07773065567017
2026-01-28 17:45:00,real_time_price,300.0,peak,321.41548776626587
2026-01-28 18:00:00,real_time_price,310.4,peak,327.10676860809326
2026-01-28 18:15:00,real_time_price,327.53,peak,327.27378034591675
2026-01-28 18:30:00,real_time_price,314.99,peak,334.3443236351013
2026-01-28 18:45:00,real_time_price,325.17,peak,334.159038066864
2026-01-28 19:00:00,real_time_price,308.1,flat,310.032488822937
2026-01-28 19:15:00,real_time_price,330.0,flat,297.02841663360596
2026-01-28 19:30:00,real_time_price,304.75,flat,343.6155118942261
2026-01-28 19:45:00,real_time_price,325.1,flat,310.9703378677368
2026-01-28 20:00:00,real_time_price,320.0,flat,341.0840244293213
2026-01-28 20:15:00,real_time_price,325.0,flat,306.8075704574585
2026-01-28 20:30:00,real_time_price,319.98,flat,367.45056343078613
2026-01-28 20:45:00,real_time_price,346.0,flat,337.4213924407959
2026-01-28 21:00:00,real_time_price,346.66,flat,317.05830478668213
2026-01-28 21:15:00,real_time_price,449.84,flat,325.60415840148926
2026-01-28 21:30:00,real_time_price,416.57,flat,394.01597595214844
2026-01-28 21:45:00,real_time_price,419.95,flat,394.7833204269409
2026-01-28 22:00:00,real_time_price,367.92,flat,388.98409366607666
2026-01-28 22:15:00,real_time_price,385.8,flat,364.55664348602295
2026-01-28 22:30:00,real_time_price,364.93,flat,388.10386180877686
2026-01-28 22:45:00,real_time_price,337.43,flat,336.9559497833252
2026-01-28 23:00:00,real_time_price,318.76,flat,322.70369815826416
2026-01-28 23:15:00,real_time_price,290.12,flat,305.78240299224854
2026-01-28 23:30:00,real_time_price,283.35,flat,284.20837020874023
2026-01-28 23:45:00,real_time_price,288.21,flat,274.0205636024475
2026-01-29 00:00:00,real_time_price,280.39,valley,277.74716424942017
2026-01-29 00:15:00,real_time_price,257.79,valley,274.9973900318146
2026-01-29 00:30:00,real_time_price,323.92,valley,320.80865454673767
2026-01-29 00:45:00,real_time_price,315.74,valley,318.6194372177124
2026-01-29 01:00:00,real_time_price,271.65,valley,304.42786741256714
2026-01-29 01:15:00,real_time_price,292.85,valley,266.63195276260376
2026-01-29 01:30:00,real_time_price,283.86,valley,283.5496246814728
2026-01-29 01:45:00,real_time_price,244.31,valley,284.79566764831543
2026-01-29 02:00:00,real_time_price,245.99,valley,252.61451268196106
2026-01-29 02:15:00,real_time_price,267.98,valley,248.0823414325714
2026-01-29 02:30:00,real_time_price,253.88,valley,257.5364935398102
2026-01-29 02:45:00,real_time_price,273.01,valley,251.3716390132904
2026-01-29 03:00:00,real_time_price,260.38,valley,259.73533272743225
2026-01-29 03:15:00,real_time_price,255.45,valley,258.68723797798157
2026-01-29 03:30:00,real_time_price,263.35,valley,251.05819511413574
2026-01-29 03:45:00,real_time_price,253.6,valley,258.90564346313477
2026-01-29 04:00:00,real_time_price,226.56,valley,254.27520418167114
2026-01-29 04:15:00,real_time_price,249.27,valley,238.72598123550415
2026-01-29 04:30:00,real_time_price,250.29,valley,244.01091527938843
2026-01-29 04:45:00,real_time_price,257.0,valley,247.42815446853638
2026-01-29 05:00:00,real_time_price,255.89,valley,245.9993987083435
2026-01-29 05:15:00,real_time_price,257.0,valley,253.06540727615356
2026-01-29 05:30:00,real_time_price,260.0,valley,254.9105167388916
2026-01-29 05:45:00,real_time_price,255.46,valley,261.1208338737488
2026-01-29 06:00:00,real_time_price,264.0,valley,260.2443845272064
2026-01-29 06:15:00,real_time_price,260.1,valley,265.3320462703705
2026-01-29 06:30:00,real_time_price,270.3,valley,268.35042905807495
2026-01-29 06:45:00,real_time_price,262.23,valley,273.1082901954651
2026-01-29 07:00:00,real_time_price,275.3,valley,274.05598163604736
2026-01-29 07:15:00,real_time_price,268.0,valley,279.5589337348938
2026-01-29 07:30:00,real_time_price,270.0,valley,275.3297190666199
2026-01-29 07:45:00,real_time_price,275.0,valley,296.05307817459106
2026-01-29 08:00:00,real_time_price,275.3,flat,280.4601082801819
2026-01-29 08:15:00,real_time_price,275.0,flat,293.32844257354736
2026-01-29 08:30:00,real_time_price,285.14,flat,294.40180015563965
2026-01-29 08:45:00,real_time_price,279.89,flat,283.4217150211334
2026-01-29 09:00:00,real_time_price,279.81,flat,285.70330262184143
2026-01-29 09:15:00,real_time_price,276.47,flat,280.88014447689056
2026-01-29 09:30:00,real_time_price,283.6,flat,285.52595472335815
2026-01-29 09:45:00,real_time_price,282.01,flat,279.90969681739807
2026-01-29 10:00:00,real_time_price,279.4,peak,263.94271087646484
2026-01-29 10:15:00,real_time_price,250.39,peak,264.9594016075134
2026-01-29 10:30:00,real_time_price,267.95,peak,236.24060010910034
2026-01-29 10:45:00,real_time_price,250.14,peak,249.64069938659668
2026-01-29 11:00:00,real_time_price,253.47,peak,234.3514060974121
2026-01-29 11:15:00,real_time_price,249.76,peak,224.53346276283264
2026-01-29 11:30:00,real_time_price,278.67,peak,237.72260427474976
2026-01-29 11:45:00,real_time_price,266.64,peak,279.87947630882263
2026-01-29 12:00:00,real_time_price,219.64,flat,232.02107429504395
2026-01-29 12:15:00,real_time_price,151.33,flat,130.62781524658203
2026-01-29 12:30:00,real_time_price,169.49,flat,209.00098323822021
2026-01-29 12:45:00,real_time_price,107.72,flat,152.98015689849854
2026-01-29 13:00:00,real_time_price,50.44,flat,95.18461418151855
2026-01-29 13:15:00,real_time_price,72.32,flat,50.175535678863525
2026-01-29 13:30:00,real_time_price,126.3,flat,70.70565366744995
2026-01-29 13:45:00,real_time_price,91.74,flat,165.92016887664795
2026-01-29 14:00:00,real_time_price,258.32,peak,131.07855701446533
2026-01-29 14:15:00,real_time_price,207.06,peak,182.06111812591553
2026-01-29 14:30:00,real_time_price,149.48,peak,163.90056991577148
2026-01-29 14:45:00,real_time_price,59.5,peak,173.09809231758118
2026-01-29 15:00:00,real_time_price,180.27,peak,132.41519284248352
2026-01-29 15:15:00,real_time_price,186.26,peak,138.75391697883606
2026-01-29 15:30:00,real_time_price,229.88,peak,169.57435512542725
2026-01-29 15:45:00,real_time_price,98.09,peak,189.1788455247879
2026-01-29 16:00:00,real_time_price,295.56,peak,171.86244082450867
2026-01-29 16:15:00,real_time_price,238.0,peak,292.63536834716797
2026-01-29 16:30:00,real_time_price,286.34,peak,291.0803565979004
2026-01-29 16:45:00,real_time_price,382.6,peak,297.74254989624023
2026-01-29 17:00:00,real_time_price,376.88,peak,378.07689094543457
2026-01-29 17:15:00,real_time_price,347.82,peak,393.3039970397949
2026-01-29 17:30:00,real_time_price,348.54,peak,408.5610008239746
2026-01-29 17:45:00,real_time_price,306.83,peak,374.9294605255127
2026-01-29 18:00:00,real_time_price,352.96,peak,375.481782913208
2026-01-29 18:15:00,real_time_price,297.12,peak,387.5307197570801
2026-01-29 18:30:00,real_time_price,419.0,peak,366.0363311767578
2026-01-29 18:45:00,real_time_price,317.52,peak,415.94292068481445
2026-01-29 19:00:00,real_time_price,377.73,flat,376.942626953125
2026-01-29 19:15:00,real_time_price,340.72,flat,415.7362937927246
2026-01-29 19:30:00,real_time_price,353.93,flat,424.52470779418945
2026-01-29 19:45:00,real_time_price,365.55,flat,418.62206268310547
2026-01-29 20:00:00,real_time_price,358.56,flat,409.0452537536621
2026-01-29 20:15:00,real_time_price,319.63,flat,386.37060165405273
2026-01-29 20:30:00,real_time_price,295.1,flat,382.19142723083496
2026-01-29 20:45:00,real_time_price,316.61,flat,348.99427223205566
2026-01-29 21:00:00,real_time_price,313.07,flat,351.1465816497803
2026-01-29 21:15:00,real_time_price,298.83,flat,352.4585704803467
2026-01-29 21:30:00,real_time_price,305.59,flat,324.521936416626
2026-01-29 21:45:00,real_time_price,302.36,flat,314.0419330596924
2026-01-29 22:00:00,real_time_price,307.02,flat,321.6333532333374
2026-01-29 22:15:00,real_time_price,275.48,flat,310.53773617744446
2026-01-29 22:30:00,real_time_price,285.95,flat,294.91501212120056
2026-01-29 22:45:00,real_time_price,265.1,flat,279.1835936307907
2026-01-29 23:00:00,real_time_price,274.07,flat,264.8172709941864
2026-01-29 23:15:00,real_time_price,275.0,flat,263.65535044670105
2026-01-29 23:30:00,real_time_price,267.95,flat,275.30803871154785
2026-01-29 23:45:00,real_time_price,257.0,flat,259.9197335243225
2026-01-30 00:00:00,real_time_price,260.0,valley,262.15516424179077
2026-01-30 00:15:00,real_time_price,263.76,valley,263.06761288642883
2026-01-30 00:30:00,real_time_price,319.7,valley,304.8773840665817
2026-01-30 00:45:00,real_time_price,311.98,valley,311.80753684043884
2026-01-30 01:00:00,real_time_price,303.94,valley,298.84266471862793
2026-01-30 01:15:00,real_time_price,316.97,valley,296.3562593460083
2026-01-30 01:30:00,real_time_price,290.94,valley,304.2457842826843
2026-01-30 01:45:00,real_time_price,265.0,valley,287.3691897392273
2026-01-30 02:00:00,real_time_price,265.0,valley,265.21764302253723
2026-01-30 02:15:00,real_time_price,262.0,valley,264.18548464775085
2026-01-30 02:30:00,real_time_price,255.5,valley,261.06882071495056
2026-01-30 02:45:00,real_time_price,256.79,valley,253.24604082107544
2026-01-30 03:00:00,real_time_price,252.33,valley,251.3060884475708
2026-01-30 03:15:00,real_time_price,257.0,valley,251.40533661842346
2026-01-30 03:30:00,real_time_price,255.0,valley,248.59853196144104
2026-01-30 03:45:00,real_time_price,255.0,valley,249.46073532104492
2026-01-30 04:00:00,real_time_price,256.0,valley,244.63874578475952
2026-01-30 04:15:00,real_time_price,253.0,valley,250.1028220653534
2026-01-30 04:30:00,real_time_price,260.0,valley,248.20539689064026
2026-01-30 04:45:00,real_time_price,260.0,valley,251.04180717468262
2026-01-30 05:00:00,real_time_price,258.76,valley,253.79230046272278
2026-01-30 05:15:00,real_time_price,262.69,valley,255.68502354621887
2026-01-30 05:30:00,real_time_price,260.0,valley,262.9162793159485
2026-01-30 05:45:00,real_time_price,257.0,valley,261.98781752586365
2026-01-30 06:00:00,real_time_price,262.0,valley,260.281765460968
2026-01-30 06:15:00,real_time_price,262.0,valley,262.5023367404938
2026-01-30 06:30:00,real_time_price,267.03,valley,270.10946917533875
2026-01-30 06:45:00,real_time_price,270.67,valley,272.65113162994385
2026-01-30 07:00:00,real_time_price,280.09,valley,275.1264500617981
2026-01-30 07:15:00,real_time_price,280.0,valley,279.72641944885254
2026-01-30 07:30:00,real_time_price,302.48,valley,280.93401169776917
2026-01-30 07:45:00,real_time_price,285.0,valley,297.00587797164917
2026-01-30 08:00:00,real_time_price,381.3,flat,290.7673707008362
2026-01-30 08:15:00,real_time_price,338.71,flat,356.4424011707306
2026-01-30 08:30:00,real_time_price,380.0,flat,363.35777044296265
2026-01-30 08:45:00,real_time_price,395.69,flat,373.046662569046
2026-01-30 09:00:00,real_time_price,388.17,flat,379.36117792129517
2026-01-30 09:15:00,real_time_price,409.18,flat,362.1742603778839
2026-01-30 09:30:00,real_time_price,497.52,flat,400.4208617210388
2026-01-30 09:45:00,real_time_price,435.76,flat,478.27555751800537
2026-01-30 10:00:00,real_time_price,363.51,peak,456.05204248428345
2026-01-30 10:15:00,real_time_price,472.28,peak,397.41962242126465
2026-01-30 10:30:00,real_time_price,338.59,peak,399.19563007354736
2026-01-30 10:45:00,real_time_price,296.0,peak,348.00622272491455
2026-01-30 11:00:00,real_time_price,281.58,peak,308.17041397094727
2026-01-30 11:15:00,real_time_price,295.56,peak,264.00670433044434
2026-01-30 11:30:00,real_time_price,289.59,peak,285.39489698410034
2026-01-30 11:45:00,real_time_price,284.39,peak,268.5811176300049
2026-01-30 12:00:00,real_time_price,290.24,flat,253.88676500320435
2026-01-30 12:15:00,real_time_price,282.29,flat,232.13074493408203
2026-01-30 12:30:00,real_time_price,319.05,flat,276.9088559150696
2026-01-30 12:45:00,real_time_price,291.44,flat,290.52707386016846
2026-01-30 13:00:00,real_time_price,284.15,flat,287.52891731262207
2026-01-30 13:15:00,real_time_price,259.71,flat,277.64156675338745
2026-01-30 13:30:00,real_time_price,269.02,flat,275.05593824386597
2026-01-30 13:45:00,real_time_price,305.67,flat,279.00872230529785
2026-01-30 14:00:00,real_time_price,306.46,peak,284.4360852241516
2026-01-30 14:15:00,real_time_price,296.99,peak,279.1780135631561
2026-01-30 14:30:00,real_time_price,268.46,peak,248.8303256034851
2026-01-30 14:45:00,real_time_price,278.4,peak,260.4117965698242
2026-01-30 15:00:00,real_time_price,292.49,peak,260.7441108226776
2026-01-30 15:15:00,real_time_price,289.44,peak,277.4690260887146
2026-01-30 15:30:00,real_time_price,293.69,peak,273.24351143836975
2026-01-30 15:45:00,real_time_price,283.22,peak,294.1463704109192
2026-01-30 16:00:00,real_time_price,294.15,peak,286.51489305496216
2026-01-30 16:15:00,real_time_price,300.27,peak,289.76627802848816
2026-01-30 16:30:00,real_time_price,303.88,peak,308.6252666711807
2026-01-30 16:45:00,real_time_price,361.36,peak,306.1806321144104
2026-01-30 17:00:00,real_time_price,416.66,peak,351.8357558250427
2026-01-30 17:15:00,real_time_price,507.63,peak,407.2349932193756
2026-01-30 17:30:00,real_time_price,611.63,peak,482.5509841442108
2026-01-30 17:45:00,real_time_price,368.69,peak,445.44133281707764
2026-01-30 18:00:00,real_time_price,559.95,peak,410.5095398426056
2026-01-30 18:15:00,real_time_price,776.46,peak,464.37987780570984
2026-01-30 18:30:00,real_time_price,843.11,peak,690.7858610153198
2026-01-30 18:45:00,real_time_price,410.73,peak,675.0081696510315
2026-01-30 19:00:00,real_time_price,499.88,flat,479.1638147830963
2026-01-30 19:15:00,real_time_price,639.79,flat,476.66440296173096
2026-01-30 19:30:00,real_time_price,866.43,flat,740.5294342041016
2026-01-30 19:45:00,real_time_price,360.18,flat,679.3784918785095
2026-01-30 20:00:00,real_time_price,884.71,flat,417.8625445365906
2026-01-30 20:15:00,real_time_price,517.48,flat,605.4413433074951
2026-01-30 20:30:00,real_time_price,553.04,flat,658.6970307826996
2026-01-30 20:45:00,real_time_price,1066.52,flat,510.24401092529297
2026-01-30 21:00:00,real_time_price,830.59,flat,828.6504566669464
2026-01-30 21:15:00,real_time_price,525.82,flat,780.5331594944
2026-01-30 21:30:00,real_time_price,446.38,flat,597.5766537189484
2026-01-30 21:45:00,real_time_price,407.32,flat,538.2720816135406
2026-01-30 22:00:00,real_time_price,379.59,flat,483.82472562789917
2026-01-30 22:15:00,real_time_price,328.97,flat,380.5664532184601
2026-01-30 22:30:00,real_time_price,330.0,flat,345.9310575723648
2026-01-30 22:45:00,real_time_price,399.9,flat,324.8634920120239
2026-01-30 23:00:00,real_time_price,310.0,flat,363.31769597530365
2026-01-30 23:15:00,real_time_price,320.01,flat,301.19292426109314
2026-01-30 23:30:00,real_time_price,319.0,flat,306.1017234325409
2026-01-30 23:45:00,real_time_price,314.0,flat,305.1194019317627
2026-01-31 00:00:00,real_time_price,290.0,valley,304.8835824728012
2026-01-31 00:15:00,real_time_price,269.0,valley,295.59833562374115
2026-01-31 00:30:00,real_time_price,429.36,valley,365.4208016395569
2026-01-31 00:45:00,real_time_price,341.78,valley,382.33373045921326
2026-01-31 01:00:00,real_time_price,335.19,valley,329.90861654281616
2026-01-31 01:15:00,real_time_price,324.42,valley,325.4061999320984
2026-01-31 01:30:00,real_time_price,324.07,valley,322.8262503147125
2026-01-31 01:45:00,real_time_price,283.56,valley,320.988981962204
2026-01-31 02:00:00,real_time_price,280.0,valley,294.67284202575684
2026-01-31 02:15:00,real_time_price,279.98,valley,288.5781743526459
2026-01-31 02:30:00,real_time_price,280.0,valley,280.75265288352966
2026-01-31 02:45:00,real_time_price,275.0,valley,281.07037258148193
2026-01-31 03:00:00,real_time_price,270.3,valley,274.4200007915497
2026-01-31 03:15:00,real_time_price,265.3,valley,272.140634059906
2026-01-31 03:30:00,real_time_price,260.3,valley,267.56357502937317
2026-01-31 03:45:00,real_time_price,257.0,valley,261.436226606369
2026-01-31 04:00:00,real_time_price,255.4,valley,255.50836992263794
2026-01-31 04:15:00,real_time_price,251.0,valley,255.55763363838196
2026-01-31 04:30:00,real_time_price,260.0,valley,254.78837394714355
2026-01-31 04:45:00,real_time_price,260.0,valley,253.14343976974487
2026-01-31 05:00:00,real_time_price,257.0,valley,255.79369950294495
2026-01-31 05:15:00,real_time_price,262.0,valley,255.8508825302124
2026-01-31 05:30:00,real_time_price,260.0,valley,261.79036831855774
2026-01-31 05:45:00,real_time_price,260.0,valley,265.2066972255707
2026-01-31 06:00:00,real_time_price,260.4,valley,262.2260227203369
2026-01-31 06:15:00,real_time_price,260.0,valley,265.5790138244629
2026-01-31 06:30:00,real_time_price,260.0,valley,264.9972083568573
2026-01-31 06:45:00,real_time_price,264.97,valley,265.4223985671997
2026-01-31 07:00:00,real_time_price,260.4,valley,267.3620467185974
2026-01-31 07:15:00,real_time_price,265.0,valley,260.8967995643616
2026-01-31 07:30:00,real_time_price,262.0,valley,271.19906854629517
2026-01-31 07:45:00,real_time_price,267.0,valley,266.09005975723267
2026-01-31 08:00:00,real_time_price,270.3,flat,277.0226049423218
2026-01-31 08:15:00,real_time_price,295.0,flat,279.00075125694275
2026-01-31 08:30:00,real_time_price,293.04,flat,307.8456039428711
2026-01-31 08:45:00,real_time_price,306.13,flat,286.6149730682373
2026-01-31 09:00:00,real_time_price,300.43,flat,323.57250905036926
2026-01-31 09:15:00,real_time_price,323.84,flat,294.17296373844147
2026-01-31 09:30:00,real_time_price,324.73,flat,318.4745600223541
2026-01-31 09:45:00,real_time_price,325.21,flat,323.20129799842834
2026-01-31 10:00:00,real_time_price,347.11,peak,301.13616967201233
2026-01-31 10:15:00,real_time_price,361.03,peak,301.0424246788025
2026-01-31 10:30:00,real_time_price,325.94,peak,342.5821189880371
2026-01-31 10:45:00,real_time_price,292.33,peak,314.8006362915039
2026-01-31 11:00:00,real_time_price,337.38,peak,294.09617280960083
2026-01-31 11:15:00,real_time_price,306.56,peak,292.47671937942505
2026-01-31 11:30:00,real_time_price,305.64,peak,304.8061408996582
2026-01-31 11:45:00,real_time_price,280.65,peak,274.054486989975
2026-01-31 12:00:00,real_time_price,279.16,flat,267.3927402496338
2026-01-31 12:15:00,real_time_price,93.7,flat,234.96201276779175
2026-01-31 12:30:00,real_time_price,287.34,flat,251.2773027420044
2026-01-31 12:45:00,real_time_price,277.49,flat,261.83078956604004
2026-01-31 13:00:00,real_time_price,272.15,flat,270.0985026359558
2026-01-31 13:15:00,real_time_price,294.41,flat,274.4168620109558
2026-01-31 13:30:00,real_time_price,257.46,flat,287.5063533782959
2026-01-31 13:45:00,real_time_price,278.54,flat,282.97226905822754
2026-01-31 14:00:00,real_time_price,295.56,peak,298.49689984321594
2026-01-31 14:15:00,real_time_price,259.98,peak,282.54089188575745
2026-01-31 14:30:00,real_time_price,274.97,peak,260.53473806381226
2026-01-31 14:45:00,real_time_price,208.1,peak,284.9545383453369
2026-01-31 15:00:00,real_time_price,210.01,peak,235.49002027511597
2026-01-31 15:15:00,real_time_price,210.88,peak,221.8474202156067
2026-01-31 15:30:00,real_time_price,263.68,peak,230.0243639945984
2026-01-31 15:45:00,real_time_price,249.95,peak,256.64064145088196
2026-01-31 16:00:00,real_time_price,108.1,peak,260.57143783569336
2026-01-31 16:15:00,real_time_price,208.24,peak,256.306734085083
2026-01-31 16:30:00,real_time_price,264.98,peak,266.25122261047363
2026-01-31 16:45:00,real_time_price,262.34,peak,266.38908529281616
2026-01-31 17:00:00,real_time_price,268.41,peak,261.0068805217743
2026-01-31 17:15:00,real_time_price,318.28,peak,279.73089027404785
2026-01-31 17:30:00,real_time_price,320.0,peak,326.66731119155884
2026-01-31 17:45:00,real_time_price,315.0,peak,331.6419084072113
2026-01-31 18:00:00,real_time_price,349.32,peak,363.1010890007019
2026-01-31 18:15:00,real_time_price,309.0,peak,366.1536383628845
2026-01-31 18:30:00,real_time_price,315.0,peak,346.61052083969116
2026-01-31 18:45:00,real_time_price,319.9,peak,340.8800992965698
2026-01-31 19:00:00,real_time_price,315.0,flat,319.6528596878052
2026-01-31 19:15:00,real_time_price,319.0,flat,326.8314447402954
2026-01-31 19:30:00,real_time_price,353.9,flat,355.0808992385864
2026-01-31 19:45:00,real_time_price,318.19,flat,341.5590510368347
2026-01-31 20:00:00,real_time_price,337.0,flat,356.69219422340393
2026-01-31 20:15:00,real_time_price,317.66,flat,320.6262755393982
2026-01-31 20:30:00,real_time_price,319.0,flat,340.9124743938446
2026-01-31 20:45:00,real_time_price,324.0,flat,348.02103996276855
2026-01-31 21:00:00,real_time_price,-10.96,flat,343.6936049461365
2026-01-31 21:15:00,real_time_price,178.04,flat,300.61901664733887
2026-01-31 21:30:00,real_time_price,236.82,flat,280.20925402641296
2026-01-31 21:45:00,real_time_price,242.32,flat,236.3297803401947
2026-01-31 22:00:00,real_time_price,248.0,flat,218.52590680122375
2026-01-31 22:15:00,real_time_price,245.0,flat,248.36713528633118
2026-01-31 22:30:00,real_time_price,248.0,flat,240.7665388584137
2026-01-31 22:45:00,real_time_price,240.63,flat,249.66569662094116
2026-01-31 23:00:00,real_time_price,272.2,flat,234.62075686454773
2026-01-31 23:15:00,real_time_price,250.12,flat,249.57099294662476
2026-01-31 23:30:00,real_time_price,240.0,flat,255.23192882537842
2026-01-31 23:45:00,real_time_price,246.0,flat,239.8441300392151
2026-02-01 00:00:00,real_time_price,248.0,valley,245.10173845291138
2026-02-01 00:15:00,real_time_price,275.0,valley,249.17681550979614
2026-02-01 00:30:00,real_time_price,-50.0,valley,312.8732364177704
2026-02-01 00:45:00,real_time_price,232.17,valley,185.9975745677948
2026-02-01 01:00:00,real_time_price,-50.0,valley,259.9270942211151
2026-02-01 01:15:00,real_time_price,-50.0,valley,78.10750961303711
2026-02-01 01:30:00,real_time_price,-50.0,valley,30.48205590248108
2026-02-01 01:45:00,real_time_price,-50.0,valley,36.363107442855835
2026-02-01 02:00:00,real_time_price,-50.0,valley,17.178218364715576
2026-02-01 02:15:00,real_time_price,245.98,valley,29.999353408813477
2026-02-01 02:30:00,real_time_price,243.49,valley,196.23703622817993
2026-02-01 02:45:00,real_time_price,-50.0,valley,203.78813195228577
2026-02-01 03:00:00,real_time_price,-50.0,valley,69.6985023021698
2026-02-01 03:15:00,real_time_price,-50.0,valley,50.56760811805725
2026-02-01 03:30:00,real_time_price,-50.0,valley,41.119847536087036
2026-02-01 03:45:00,real_time_price,-50.0,valley,25.9728581905365
2026-02-01 04:00:00,real_time_price,-50.0,valley,28.730680227279663
2026-02-01 04:15:00,real_time_price,-50.0,valley,34.12710452079773
2026-02-01 04:30:00,real_time_price,-50.0,valley,27.53836989402771
2026-02-01 04:45:00,real_time_price,-50.0,valley,27.8460431098938
2026-02-01 05:00:00,real_time_price,-50.0,valley,23.222972631454468
2026-02-01 05:15:00,real_time_price,145.61,valley,26.98309350013733
2026-02-01 05:30:00,real_time_price,-50.0,valley,124.66911673545837
2026-02-01 05:45:00,real_time_price,-50.0,valley,63.176584243774414
2026-02-01 06:00:00,real_time_price,-50.0,valley,22.799368381500244
2026-02-01 06:15:00,real_time_price,-50.0,valley,39.51916289329529
2026-02-01 06:30:00,real_time_price,-8.23,valley,29.18879461288452
2026-02-01 06:45:00,real_time_price,14.68,valley,21.245869159698486
2026-02-01 07:00:00,real_time_price,70.17,valley,19.359323501586914
2026-02-01 07:15:00,real_time_price,0.33,valley,81.52496433258057
2026-02-01 07:30:00,real_time_price,-49.08,valley,39.991530656814575
2026-02-01 07:45:00,real_time_price,234.58,valley,29.31642436981201
2026-02-01 08:00:00,real_time_price,-50.0,flat,172.4018316268921
2026-02-01 08:15:00,real_time_price,6.37,flat,92.8936676979065
2026-02-01 08:30:00,real_time_price,346.5,flat,49.43960666656494
2026-02-01 08:45:00,real_time_price,344.81,flat,220.2490816116333
2026-02-01 09:00:00,real_time_price,96.94,flat,266.7180916070938
2026-02-01 09:15:00,real_time_price,167.17,flat,68.39572381973267
2026-02-01 09:30:00,real_time_price,30.78,flat,154.5413417816162
2026-02-01 09:45:00,real_time_price,246.09,flat,51.52073693275452
2026-02-01 10:00:00,real_time_price,73.69,peak,198.33168363571167
2026-02-01 10:15:00,real_time_price,329.55,peak,176.52035999298096
2026-02-01 10:30:00,real_time_price,299.81,peak,195.46732997894287
2026-02-01 10:45:00,real_time_price,307.15,peak,268.1765995025635
2026-02-01 11:00:00,real_time_price,294.67,peak,304.09861612319946
2026-02-01 11:15:00,real_time_price,298.39,peak,286.48161268234253
2026-02-01 11:30:00,real_time_price,287.7,peak,313.45711517333984
2026-02-01 11:45:00,real_time_price,265.18,peak,273.7956371307373
2026-02-01 12:00:00,real_time_price,254.83,flat,228.866370677948
2026-02-01 12:15:00,real_time_price,44.89,flat,152.18405389785767
2026-02-01 12:30:00,real_time_price,198.79,flat,186.25688409805298
2026-02-01 12:45:00,real_time_price,236.43,flat,156.47698593139648
2026-02-01 13:00:00,real_time_price,260.0,flat,181.53545475006104
2026-02-01 13:15:00,real_time_price,56.85,flat,218.89954948425293
2026-02-01 13:30:00,real_time_price,259.08,flat,154.55255508422852
2026-02-01 13:45:00,real_time_price,188.46,flat,232.58159732818604
2026-02-01 14:00:00,real_time_price,270.35,peak,191.4444136619568
2026-02-01 14:15:00,real_time_price,209.12,peak,230.3876781463623
2026-02-01 14:30:00,real_time_price,-31.18,peak,206.35175895690918
2026-02-01 14:45:00,real_time_price,47.76,peak,116.5696029663086
2026-02-01 15:00:00,real_time_price,50.88,peak,92.73827409744263
2026-02-01 15:15:00,real_time_price,132.03,peak,54.09846782684326
2026-02-01 15:30:00,real_time_price,35.29,peak,129.29672718048096
2026-02-01 15:45:00,real_time_price,48.3,peak,124.051105260849
2026-02-01 16:00:00,real_time_price,228.2,peak,119.97530555725098
2026-02-01 16:15:00,real_time_price,258.0,peak,184.32431602478027
2026-02-01 16:30:00,real_time_price,278.69,peak,240.21951854228973
2026-02-01 16:45:00,real_time_price,313.04,peak,285.9119653701782
2026-02-01 17:00:00,real_time_price,292.85,peak,293.9340624809265
2026-02-01 17:15:00,real_time_price,300.3,peak,301.1219482421875
2026-02-01 17:30:00,real_time_price,330.0,peak,326.52896547317505
2026-02-01 17:45:00,real_time_price,320.0,peak,326.16862630844116
2026-02-01 18:00:00,real_time_price,330.0,peak,341.3637170791626
2026-02-01 18:15:00,real_time_price,324.99,peak,351.3435869216919
2026-02-01 18:30:00,real_time_price,390.0,peak,356.60920429229736
2026-02-01 18:45:00,real_time_price,359.99,peak,374.5239233970642
2026-02-01 19:00:00,real_time_price,305.88,flat,337.97960567474365
2026-02-01 19:15:00,real_time_price,266.77,flat,297.3555564880371
2026-02-01 19:30:00,real_time_price,471.38,flat,302.0902557373047
2026-02-01 19:45:00,real_time_price,-50.0,flat,334.7099266052246
2026-02-01 20:00:00,real_time_price,210.5,flat,223.8416028022766
2026-02-01 20:15:00,real_time_price,850.64,flat,232.90834021568298
2026-02-01 20:30:00,real_time_price,696.87,flat,343.93315076828003
2026-02-01 20:45:00,real_time_price,-50.0,flat,526.0016031265259
2026-02-01 21:00:00,real_time_price,700.0,flat,329.13297867774963
2026-02-01 21:15:00,real_time_price,1260.14,flat,487.75873732566833
2026-02-01 21:30:00,real_time_price,723.4,flat,573.0957760810852
2026-02-01 21:45:00,real_time_price,761.8,flat,591.9883506298065
2026-02-01 22:00:00,real_time_price,680.56,flat,607.6608643531799
2026-02-01 22:15:00,real_time_price,1217.51,flat,586.3469450473785
2026-02-01 22:30:00,real_time_price,790.89,flat,476.91727328300476
2026-02-01 22:45:00,real_time_price,436.34,flat,606.644127368927
2026-02-01 23:00:00,real_time_price,644.14,flat,396.6795105934143
2026-02-01 23:15:00,real_time_price,230.16,flat,370.8240909576416
2026-02-01 23:30:00,real_time_price,-50.0,flat,332.40652656555176
2026-02-01 23:45:00,real_time_price,209.72,flat,346.2018039226532
2026-02-02 00:00:00,real_time_price,292.03,valley,246.4023745059967
2026-02-02 00:15:00,real_time_price,269.0,valley,217.32823371887207
2026-02-02 00:30:00,real_time_price,358.91,valley,282.87706089019775
2026-02-02 00:45:00,real_time_price,312.58,valley,325.12109327316284
2026-02-02 01:00:00,real_time_price,282.0,valley,283.1624811887741
2026-02-02 01:15:00,real_time_price,288.0,valley,265.52440309524536
2026-02-02 01:30:00,real_time_price,270.0,valley,278.6487967967987
2026-02-02 01:45:00,real_time_price,280.0,valley,255.99189066886902
2026-02-02 02:00:00,real_time_price,276.1,valley,245.61790537834167
2026-02-02 02:15:00,real_time_price,273.3,valley,272.80196022987366
2026-02-02 02:30:00,real_time_price,270.0,valley,266.3553102016449
2026-02-02 02:45:00,real_time_price,270.0,valley,259.7935121059418
2026-02-02 03:00:00,real_time_price,220.0,valley,254.80474209785461
2026-02-02 03:15:00,real_time_price,260.0,valley,244.89114212989807
2026-02-02 03:30:00,real_time_price,258.0,valley,236.53512716293335
2026-02-02 03:45:00,real_time_price,255.5,valley,245.5658438205719
2026-02-02 04:00:00,real_time_price,257.0,valley,242.82263493537903
2026-02-02 04:15:00,real_time_price,255.0,valley,242.67612552642822
2026-02-02 04:30:00,real_time_price,255.0,valley,243.58917927742004
2026-02-02 04:45:00,real_time_price,255.0,valley,241.3790955543518
2026-02-02 05:00:00,real_time_price,200.0,valley,240.12463474273682
2026-02-02 05:15:00,real_time_price,250.4,valley,222.4325132369995
2026-02-02 05:30:00,real_time_price,237.2,valley,227.91762828826904
2026-02-02 05:45:00,real_time_price,253.3,valley,237.96281099319458
2026-02-02 06:00:00,real_time_price,256.1,valley,239.6801905632019
2026-02-02 06:15:00,real_time_price,260.0,valley,251.99120950698853
2026-02-02 06:30:00,real_time_price,265.0,valley,259.5979142189026
2026-02-02 06:45:00,real_time_price,270.0,valley,257.3126049041748
2026-02-02 07:00:00,real_time_price,270.0,valley,262.1557602882385
2026-02-02 07:15:00,real_time_price,275.0,valley,258.5059576034546
2026-02-02 07:30:00,real_time_price,270.1,valley,271.0514626502991
2026-02-02 07:45:00,real_time_price,276.17,valley,276.02842712402344
2026-02-02 08:00:00,real_time_price,280.0,flat,287.8976287841797
2026-02-02 08:15:00,real_time_price,287.78,flat,308.4528467655182
2026-02-02 08:30:00,real_time_price,331.8,flat,308.10698652267456
2026-02-02 08:45:00,real_time_price,326.61,flat,327.68646216392517
2026-02-02 09:00:00,real_time_price,367.83,flat,315.80272364616394
2026-02-02 09:15:00,real_time_price,364.53,flat,352.09908151626587
2026-02-02 09:30:00,real_time_price,324.42,flat,318.9835841655731
2026-02-02 09:45:00,real_time_price,282.27,flat,321.503445148468
2026-02-02 10:00:00,real_time_price,266.57,peak,287.1908173561096
2026-02-02 10:15:00,real_time_price,267.44,peak,247.62225723266602
2026-02-02 10:30:00,real_time_price,266.51,peak,268.4122152328491
2026-02-02 10:45:00,real_time_price,276.38,peak,268.742262840271
2026-02-02 11:00:00,real_time_price,273.47,peak,281.1980605125427
2026-02-02 11:15:00,real_time_price,272.2,peak,276.10863637924194
2026-02-02 11:30:00,real_time_price,274.91,peak,270.205295085907
2026-02-02 11:45:00,real_time_price,260.35,peak,277.35921573638916
2026-02-02 12:00:00,real_time_price,286.41,flat,247.86316919326782
2026-02-02 12:15:00,real_time_price,213.81,flat,189.1070041656494
2026-02-02 12:30:00,real_time_price,274.55,flat,249.02154636383057
2026-02-02 12:45:00,real_time_price,246.45,flat,260.5299611091614
2026-02-02 13:00:00,real_time_price,158.95,flat,251.17214822769165
2026-02-02 13:15:00,real_time_price,227.01,flat,202.06558275222778
2026-02-02 13:30:00,real_time_price,217.0,flat,233.31165981292725
2026-02-02 13:45:00,real_time_price,317.12,flat,240.24810123443604
2026-02-02 14:00:00,real_time_price,265.85,peak,312.19428157806396
2026-02-02 14:15:00,real_time_price,6.39,peak,261.1689429283142
2026-02-02 14:30:00,real_time_price,16.48,peak,135.5591220855713
2026-02-02 14:45:00,real_time_price,24.43,peak,99.62374019622803
2026-02-02 15:00:00,real_time_price,48.26,peak,74.80138158798218
2026-02-02 15:15:00,real_time_price,6.69,peak,87.30580711364746
2026-02-02 15:30:00,real_time_price,-48.81,peak,137.37252044677734
2026-02-02 15:45:00,real_time_price,-0.08,peak,137.37703680992126
2026-02-02 16:00:00,real_time_price,229.18,peak,109.9277446269989
2026-02-02 16:15:00,real_time_price,249.51,peak,214.97998142242432
2026-02-02 16:30:00,real_time_price,309.23,peak,242.03126859664917
2026-02-02 16:45:00,real_time_price,276.35,peak,288.8316807746887
2026-02-02 17:00:00,real_time_price,286.51,peak,368.7509171962738
2026-02-02 17:15:00,real_time_price,274.81,peak,319.1049838066101
2026-02-02 17:30:00,real_time_price,285.0,peak,329.5300831794739
2026-02-02 17:45:00,real_time_price,280.0,peak,314.45675563812256
2026-02-02 18:00:00,real_time_price,285.0,peak,330.99148201942444
2026-02-02 18:15:00,real_time_price,290.03,peak,320.2172522544861
2026-02-02 18:30:00,real_time_price,297.06,peak,354.10729694366455
2026-02-02 18:45:00,real_time_price,294.96,peak,334.20606207847595
2026-02-02 19:00:00,real_time_price,307.0,flat,298.6887364387512
2026-02-02 19:15:00,real_time_price,296.0,flat,298.83226776123047
2026-02-02 19:30:00,real_time_price,422.45,flat,312.060742855072
2026-02-02 19:45:00,real_time_price,310.04,flat,417.08800196647644
2026-02-02 20:00:00,real_time_price,312.47,flat,297.89259910583496
2026-02-02 20:15:00,real_time_price,290.9,flat,307.66500329971313
2026-02-02 20:30:00,real_time_price,288.01,flat,303.4447479248047
2026-02-02 20:45:00,real_time_price,289.01,flat,282.79633235931396
2026-02-02 21:00:00,real_time_price,286.98,flat,290.48257303237915
2026-02-02 21:15:00,real_time_price,290.01,flat,283.1834123134613
2026-02-02 21:30:00,real_time_price,302.88,flat,298.07866859436035
2026-02-02 21:45:00,real_time_price,302.59,flat,291.82066917419434
2026-02-02 22:00:00,real_time_price,307.59,flat,280.2203335762024
2026-02-02 22:15:00,real_time_price,367.24,flat,278.879412651062
2026-02-02 22:30:00,real_time_price,320.07,flat,349.408194065094
2026-02-02 22:45:00,real_time_price,320.49,flat,320.17553329467773
2026-02-02 23:00:00,real_time_price,300.71,flat,279.5947799682617
2026-02-02 23:15:00,real_time_price,292.46,flat,291.4593210220337
2026-02-02 23:30:00,real_time_price,314.06,flat,279.72146797180176
2026-02-02 23:45:00,real_time_price,312.93,flat,296.513720035553
2026-02-03 00:00:00,real_time_price,307.28,valley,291.9041724205017
2026-02-03 00:15:00,real_time_price,255.5,valley,288.02318024635315
2026-02-03 00:30:00,real_time_price,361.95,valley,336.41927337646484
2026-02-03 00:45:00,real_time_price,327.36,valley,311.96632957458496
2026-02-03 01:00:00,real_time_price,281.43,valley,308.48196291923523
2026-02-03 01:15:00,real_time_price,287.15,valley,278.7885072231293
2026-02-03 01:30:00,real_time_price,274.96,valley,281.5463329553604
2026-02-03 01:45:00,real_time_price,276.95,valley,273.5864953994751
2026-02-03 02:00:00,real_time_price,274.96,valley,274.2133045196533
2026-02-03 02:15:00,real_time_price,274.79,valley,269.440446972847
2026-02-03 02:30:00,real_time_price,268.65,valley,267.0343780517578
2026-02-03 02:45:00,real_time_price,265.1,valley,263.918847322464
2026-02-03 03:00:00,real_time_price,260.24,valley,253.62334656715393
2026-02-03 03:15:00,real_time_price,260.0,valley,255.97683024406433
2026-02-03 03:30:00,real_time_price,258.0,valley,251.31709241867065
2026-02-03 03:45:00,real_time_price,255.86,valley,249.71883153915405
2026-02-03 04:00:00,real_time_price,252.86,valley,250.10885512828827
2026-02-03 04:15:00,real_time_price,257.0,valley,249.11600160598755
2026-02-03 04:30:00,real_time_price,255.0,valley,246.86406230926514
2026-02-03 04:45:00,real_time_price,252.55,valley,246.79429745674133
2026-02-03 05:00:00,real_time_price,237.97,valley,241.06366086006165
2026-02-03 05:15:00,real_time_price,242.93,valley,239.6282558441162
2026-02-03 05:30:00,real_time_price,253.15,valley,235.10177159309387
2026-02-03 05:45:00,real_time_price,253.53,valley,247.1678078174591
2026-02-03 06:00:00,real_time_price,257.77,valley,255.99210000038147
2026-02-03 06:15:00,real_time_price,260.0,valley,255.3443422317505
2026-02-03 06:30:00,real_time_price,258.82,valley,262.3215639591217
2026-02-03 06:45:00,real_time_price,263.5,valley,262.7292606830597
2026-02-03 07:00:00,real_time_price,274.01,valley,264.05138397216797
2026-02-03 07:15:00,real_time_price,268.97,valley,264.02234840393066
2026-02-03 07:30:00,real_time_price,276.79,valley,268.10283613204956
2026-02-03 07:45:00,real_time_price,281.9,valley,274.83544874191284
2026-02-03 08:00:00,real_time_price,304.52,flat,289.4460129737854
2026-02-03 08:15:00,real_time_price,319.19,flat,296.2582280635834
2026-02-03 08:30:00,real_time_price,393.98,flat,326.69250679016113
2026-02-03 08:45:00,real_time_price,346.7,flat,354.5546164512634
2026-02-03 09:00:00,real_time_price,358.23,flat,346.1994695663452
2026-02-03 09:15:00,real_time_price,330.29,flat,344.68914914131165
2026-02-03 09:30:00,real_time_price,320.38,flat,333.8226203918457
2026-02-03 09:45:00,real_time_price,258.9,flat,325.4077739715576
2026-02-03 10:00:00,real_time_price,250.21,peak,257.10244703292847
2026-02-03 10:15:00,real_time_price,252.47,peak,245.75598239898682
2026-02-03 10:30:00,real_time_price,63.86,peak,226.1591386795044
2026-02-03 10:45:00,real_time_price,9.72,peak,217.63605499267578
2026-02-03 11:00:00,real_time_price,35.35,peak,93.94177150726318
2026-02-03 11:15:00,real_time_price,-42.67,peak,124.0056004524231
2026-02-03 11:30:00,real_time_price,-36.36,peak,58.43535089492798
2026-02-03 11:45:00,real_time_price,270.15,peak,60.183603286743164
2026-02-03 12:00:00,real_time_price,11.57,flat,164.64222717285156
2026-02-03 12:15:00,real_time_price,-37.11,flat,70.25708675384521
2026-02-03 12:30:00,real_time_price,-47.04,flat,22.43755578994751
2026-02-03 12:45:00,real_time_price,-47.05,flat,45.77768850326538
2026-02-03 13:00:00,real_time_price,-35.39,flat,-29.768695831298828
2026-02-03 13:15:00,real_time_price,-18.09,flat,-2.248196601867676
2026-02-03 13:30:00,real_time_price,-47.05,flat,-18.83670139312744
2026-02-03 13:45:00,real_time_price,-47.09,flat,-1.09757661819458
2026-02-03 14:00:00,real_time_price,100.25,peak,62.47948932647705
2026-02-03 14:15:00,real_time_price,-42.55,peak,80.57974100112915
2026-02-03 14:30:00,real_time_price,-50.0,peak,103.15503692626953
2026-02-03 14:45:00,real_time_price,-47.05,peak,28.953972816467285
2026-02-03 15:00:00,real_time_price,51.98,peak,95.74611616134644
2026-02-03 15:15:00,real_time_price,-47.04,peak,55.20341634750366
2026-02-03 15:30:00,real_time_price,4.3,peak,47.0825457572937
2026-02-03 15:45:00,real_time_price,184.11,peak,102.05982732772827
2026-02-03 16:00:00,real_time_price,219.81,peak,238.624840259552
2026-02-03 16:15:00,real_time_price,228.49,peak,205.45699381828308
2026-02-03 16:30:00,real_time_price,274.57,peak,270.28361105918884
2026-02-03 16:45:00,real_time_price,271.99,peak,277.19172763824463
2026-02-03 17:00:00,real_time_price,277.07,peak,291.31763458251953
2026-02-03 17:15:00,real_time_price,298.43,peak,283.7511444091797
2026-02-03 17:30:00,real_time_price,320.32,peak,313.9133548736572
2026-02-03 17:45:00,real_time_price,295.14,peak,319.91020250320435
2026-02-03 18:00:00,real_time_price,289.98,peak,305.7164692878723
2026-02-03 18:15:00,real_time_price,296.97,peak,290.3662075996399
2026-02-03 18:30:00,real_time_price,293.17,peak,317.3689694404602
2026-02-03 18:45:00,real_time_price,314.14,peak,301.2734227180481
2026-02-03 19:00:00,real_time_price,321.2,flat,311.2848997116089
2026-02-03 19:15:00,real_time_price,308.0,flat,312.0271306037903
2026-02-03 19:30:00,real_time_price,314.7,flat,326.6588897705078
2026-02-03 19:45:00,real_time_price,305.0,flat,316.79602432250977
2026-02-03 20:00:00,real_time_price,314.4,flat,296.4852485656738
2026-02-03 20:15:00,real_time_price,294.99,flat,307.36678075790405
2026-02-03 20:30:00,real_time_price,304.3,flat,292.1600136756897
2026-02-03 20:45:00,real_time_price,320.79,flat,301.1654806137085
2026-02-03 21:00:00,real_time_price,308.0,flat,312.6440181732178
2026-02-03 21:15:00,real_time_price,330.7,flat,310.2825565338135
2026-02-03 21:30:00,real_time_price,325.84,flat,318.7181017398834
2026-02-03 21:45:00,real_time_price,370.2,flat,330.44545912742615
2026-02-03 22:00:00,real_time_price,359.48,flat,347.24587965011597
2026-02-03 22:15:00,real_time_price,400.74,flat,356.1273603439331
2026-02-03 22:30:00,real_time_price,341.11,flat,353.38561391830444
2026-02-03 22:45:00,real_time_price,350.2,flat,356.08604669570923
2026-02-03 23:00:00,real_time_price,322.51,flat,331.7758550643921
2026-02-03 23:15:00,real_time_price,304.43,flat,310.8878059387207
2026-02-03 23:30:00,real_time_price,300.0,flat,298.7201523780823
2026-02-03 23:45:00,real_time_price,301.06,flat,282.5590081214905
2026-02-04 00:00:00,real_time_price,289.1,valley,283.0771050453186
2026-02-04 00:15:00,real_time_price,277.7,valley,273.64056038856506
2026-02-04 00:30:00,real_time_price,331.9,valley,406.40483045578003
2026-02-04 00:45:00,real_time_price,340.82,valley,323.2948281764984
2026-02-04 01:00:00,real_time_price,358.74,valley,317.9518531560898
2026-02-04 01:15:00,real_time_price,357.77,valley,324.80315005779266
2026-02-04 01:30:00,real_time_price,311.13,valley,332.9170958995819
2026-02-04 01:45:00,real_time_price,277.7,valley,309.72543501853943
2026-02-04 02:00:00,real_time_price,303.81,valley,281.2216682434082
2026-02-04 02:15:00,real_time_price,295.67,valley,295.8914153575897
2026-02-04 02:30:00,real_time_price,291.64,valley,285.3290944099426
2026-02-04 02:45:00,real_time_price,288.83,valley,281.6606254577637
2026-02-04 03:00:00,real_time_price,280.1,valley,281.9127242565155
2026-02-04 03:15:00,real_time_price,277.0,valley,278.3120037317276
2026-02-04 03:30:00,real_time_price,272.0,valley,272.6827428340912
2026-02-04 03:45:00,real_time_price,275.3,valley,268.328485250473
2026-02-04 04:00:00,real_time_price,276.1,valley,266.31689977645874
2026-02-04 04:15:00,real_time_price,275.0,valley,268.0497245788574
2026-02-04 04:30:00,real_time_price,275.7,valley,266.99881768226624
2026-02-04 04:45:00,real_time_price,275.0,valley,260.27498292922974
2026-02-04 05:00:00,real_time_price,277.7,valley,260.99229073524475
2026-02-04 05:15:00,real_time_price,275.7,valley,259.29408049583435
2026-02-04 05:30:00,real_time_price,275.0,valley,264.120299577713
2026-02-04 05:45:00,real_time_price,276.1,valley,270.03941822052
2026-02-04 06:00:00,real_time_price,280.3,valley,261.10238909721375
2026-02-04 06:15:00,real_time_price,280.0,valley,271.0780670642853
2026-02-04 06:30:00,real_time_price,311.94,valley,285.16495418548584
2026-02-04 06:45:00,real_time_price,297.81,valley,304.68257236480713
2026-02-04 07:00:00,real_time_price,300.81,valley,298.1199598312378
2026-02-04 07:15:00,real_time_price,285.1,valley,297.90710401535034
2026-02-04 07:30:00,real_time_price,295.0,valley,296.5130581855774
2026-02-04 07:45:00,real_time_price,302.81,valley,292.1137104034424
2026-02-04 08:00:00,real_time_price,318.05,flat,307.97426891326904
2026-02-04 08:15:00,real_time_price,363.08,flat,328.67252254486084
2026-02-04 08:30:00,real_time_price,420.48,flat,378.62364292144775
2026-02-04 08:45:00,real_time_price,418.18,flat,396.7464165687561
2026-02-04 09:00:00,real_time_price,400.0,flat,402.852383852005
2026-02-04 09:15:00,real_time_price,351.24,flat,367.026758313179
2026-02-04 09:30:00,real_time_price,305.58,flat,353.9690499305725
2026-02-04 09:45:00,real_time_price,358.03,flat,319.6389174461365
2026-02-04 10:00:00,real_time_price,292.0,peak,340.08231592178345
2026-02-04 10:15:00,real_time_price,277.45,peak,295.32763624191284
2026-02-04 10:30:00,real_time_price,268.35,peak,264.8127393722534
2026-02-04 10:45:00,real_time_price,304.56,peak,269.6494541168213
2026-02-04 11:00:00,real_time_price,272.98,peak,298.08665466308594
2026-02-04 11:15:00,real_time_price,262.65,peak,269.8870859146118
2026-02-04 11:30:00,real_time_price,267.99,peak,238.5298457145691
2026-02-04 11:45:00,real_time_price,266.66,peak,262.4039030075073
2026-02-04 12:00:00,real_time_price,263.25,flat,233.45566940307617
2026-02-04 12:15:00,real_time_price,206.25,flat,139.42875051498413
2026-02-04 12:30:00,real_time_price,230.44,flat,232.0126190185547
2026-02-04 12:45:00,real_time_price,252.89,flat,224.21022129058838
2026-02-04 13:00:00,real_time_price,205.48,flat,227.62481117248535
2026-02-04 13:15:00,real_time_price,263.3,flat,214.28381633758545
2026-02-04 13:30:00,real_time_price,244.0,flat,267.04844760894775
2026-02-04 13:45:00,real_time_price,252.95,flat,261.6281728744507
2026-02-04 14:00:00,real_time_price,259.44,peak,270.56178092956543
2026-02-04 14:15:00,real_time_price,263.45,peak,208.96595191955566
2026-02-04 14:30:00,real_time_price,236.53,peak,218.2925124168396
2026-02-04 14:45:00,real_time_price,236.64,peak,231.65014696121216
2026-02-04 15:00:00,real_time_price,214.87,peak,228.86963272094727
2026-02-04 15:15:00,real_time_price,225.51,peak,184.5016098022461
2026-02-04 15:30:00,real_time_price,220.1,peak,241.5593934059143
2026-02-04 15:45:00,real_time_price,246.53,peak,329.240469455719
2026-02-04 16:00:00,real_time_price,240.0,peak,244.42400121688843
2026-02-04 16:15:00,real_time_price,259.48,peak,252.0437593460083
2026-02-04 16:30:00,real_time_price,264.45,peak,257.57475066185
2026-02-04 16:45:00,real_time_price,287.56,peak,271.865647315979
2026-02-04 17:00:00,real_time_price,290.18,peak,283.8536958694458
2026-02-04 17:15:00,real_time_price,297.95,peak,293.64905166625977
2026-02-04 17:30:00,real_time_price,295.0,peak,313.51348304748535
2026-02-04 17:45:00,real_time_price,285.0,peak,285.61312913894653
2026-02-04 18:00:00,real_time_price,320.0,peak,282.7621159553528
2026-02-04 18:15:00,real_time_price,294.1,peak,298.1242003440857
2026-02-04 18:30:00,real_time_price,298.29,peak,309.6904740333557
2026-02-04 18:45:00,real_time_price,338.88,peak,316.16800022125244
2026-02-04 19:00:00,real_time_price,326.62,flat,323.8826608657837
2026-02-04 19:15:00,real_time_price,310.0,flat,336.50178050994873
2026-02-04 19:30:00,real_time_price,303.35,flat,341.80701637268066
2026-02-04 19:45:00,real_time_price,315.0,flat,304.49635219573975
2026-02-04 20:00:00,real_time_price,320.0,flat,308.4864869117737
2026-02-04 20:15:00,real_time_price,292.2,flat,308.977255821228
2026-02-04 20:30:00,real_time_price,295.1,flat,302.1882538795471
2026-02-04 20:45:00,real_time_price,302.5,flat,296.8102602958679
2026-02-04 21:00:00,real_time_price,319.0,flat,296.180157661438
2026-02-04 21:15:00,real_time_price,300.0,flat,309.53921604156494
2026-02-04 21:30:00,real_time_price,320.01,flat,302.3139362335205
2026-02-04 21:45:00,real_time_price,302.49,flat,311.14332246780396
2026-02-04 22:00:00,real_time_price,309.7,flat,300.47581815719604
2026-02-04 22:15:00,real_time_price,326.0,flat,302.9325227737427
2026-02-04 22:30:00,real_time_price,300.0,flat,313.4880404472351
2026-02-04 22:45:00,real_time_price,338.1,flat,292.48039865493774
2026-02-04 23:00:00,real_time_price,320.0,flat,303.1572570800781
2026-02-04 23:15:00,real_time_price,341.0,flat,308.4526424407959
2026-02-04 23:30:00,real_time_price,306.93,flat,309.1447129249573
2026-02-04 23:45:00,real_time_price,295.6,flat,299.06443548202515
2026-02-05 00:00:00,real_time_price,277.7,valley,283.7997958660126
2026-02-05 00:15:00,real_time_price,277.7,valley,281.14878249168396
2026-02-05 00:30:00,real_time_price,323.29,valley,359.48590087890625
2026-02-05 00:45:00,real_time_price,310.0,valley,332.5416557788849
2026-02-05 01:00:00,real_time_price,310.0,valley,309.3262016773224
2026-02-05 01:15:00,real_time_price,310.0,valley,305.9898011684418
2026-02-05 01:30:00,real_time_price,283.0,valley,308.46414160728455
2026-02-05 01:45:00,real_time_price,276.1,valley,290.70815443992615
2026-02-05 02:00:00,real_time_price,276.1,valley,279.9109237194061
2026-02-05 02:15:00,real_time_price,278.1,valley,277.68810772895813
2026-02-05 02:30:00,real_time_price,283.0,valley,279.8641712665558
2026-02-05 02:45:00,real_time_price,279.0,valley,278.5988562107086
2026-02-05 03:00:00,real_time_price,275.0,valley,280.17877650260925
2026-02-05 03:15:00,real_time_price,275.0,valley,274.07409739494324
2026-02-05 03:30:00,real_time_price,275.0,valley,273.4407708644867
2026-02-05 03:45:00,real_time_price,275.0,valley,270.1851489543915
2026-02-05 04:00:00,real_time_price,275.0,valley,271.28235363960266
2026-02-05 04:15:00,real_time_price,270.68,valley,272.3080418109894
2026-02-05 04:30:00,real_time_price,270.4,valley,271.1940538883209
2026-02-05 04:45:00,real_time_price,270.0,valley,270.5934774875641
2026-02-05 05:00:00,real_time_price,270.4,valley,271.6562411785126
2026-02-05 05:15:00,real_time_price,268.2,valley,272.8653676509857
2026-02-05 05:30:00,real_time_price,272.6,valley,271.0619251728058
2026-02-05 05:45:00,real_time_price,268.4,valley,276.59301924705505
2026-02-05 06:00:00,real_time_price,270.0,valley,273.08016991615295
2026-02-05 06:15:00,real_time_price,270.4,valley,275.4344379901886
2026-02-05 06:30:00,real_time_price,270.0,valley,282.8807203769684
2026-02-05 06:45:00,real_time_price,275.0,valley,278.0495846271515
2026-02-05 07:00:00,real_time_price,275.0,valley,282.1701171398163
2026-02-05 07:15:00,real_time_price,275.0,valley,271.2355258464813
2026-02-05 07:30:00,real_time_price,275.0,valley,273.52316975593567
2026-02-05 07:45:00,real_time_price,285.0,valley,277.91572642326355
2026-02-05 08:00:00,real_time_price,296.45,flat,296.98148560523987
2026-02-05 08:15:00,real_time_price,310.0,flat,310.27607226371765
2026-02-05 08:30:00,real_time_price,340.69,flat,323.54343688488007
2026-02-05 08:45:00,real_time_price,300.12,flat,335.8470401763916
2026-02-05 09:00:00,real_time_price,325.0,flat,312.61237049102783
2026-02-05 09:15:00,real_time_price,300.0,flat,321.07000207901
2026-02-05 09:30:00,real_time_price,302.0,flat,310.9751579761505
2026-02-05 09:45:00,real_time_price,305.8,flat,301.3733160495758
2026-02-05 10:00:00,real_time_price,275.0,peak,289.10449290275574
2026-02-05 10:15:00,real_time_price,274.0,peak,277.6826870441437
2026-02-05 10:30:00,real_time_price,265.1,peak,268.11478662490845
2026-02-05 10:45:00,real_time_price,260.1,peak,267.6629137992859
2026-02-05 11:00:00,real_time_price,260.0,peak,260.78762328624725
2026-02-05 11:15:00,real_time_price,256.24,peak,247.94879603385925
2026-02-05 11:30:00,real_time_price,255.0,peak,251.25986993312836
2026-02-05 11:45:00,real_time_price,238.74,peak,239.98559606075287
2026-02-05 12:00:00,real_time_price,245.3,flat,223.66931092739105
2026-02-05 12:15:00,real_time_price,105.18,flat,142.7365915775299
2026-02-05 12:30:00,real_time_price,200.0,flat,189.6498155593872
2026-02-05 12:45:00,real_time_price,177.08,flat,162.96435594558716
2026-02-05 13:00:00,real_time_price,120.0,flat,138.77929425239563
2026-02-05 13:15:00,real_time_price,241.07,flat,158.8075692653656
2026-02-05 13:30:00,real_time_price,235.98,flat,201.19300389289856
2026-02-05 13:45:00,real_time_price,241.43,flat,240.2100864648819
2026-02-05 14:00:00,real_time_price,257.82,peak,270.65504491329193
2026-02-05 14:15:00,real_time_price,265.33,peak,232.27484714984894
2026-02-05 14:30:00,real_time_price,249.39,peak,250.60218000411987
2026-02-05 14:45:00,real_time_price,223.84,peak,264.1158299446106
2026-02-05 15:00:00,real_time_price,234.81,peak,244.69907987117767
2026-02-05 15:15:00,real_time_price,245.3,peak,244.6828145980835
2026-02-05 15:30:00,real_time_price,248.12,peak,245.39513778686523
2026-02-05 15:45:00,real_time_price,250.2,peak,265.2006986141205
2026-02-05 16:00:00,real_time_price,255.0,peak,258.01539063453674
2026-02-05 16:15:00,real_time_price,262.82,peak,267.8597683906555
2026-02-05 16:30:00,real_time_price,270.0,peak,271.27441930770874
2026-02-05 16:45:00,real_time_price,274.3,peak,280.01330757141113
2026-02-05 17:00:00,real_time_price,275.0,peak,285.5630269050598
2026-02-05 17:15:00,real_time_price,288.0,peak,285.4261474609375
2026-02-05 17:30:00,real_time_price,311.14,peak,293.444917678833
2026-02-05 17:45:00,real_time_price,291.0,peak,291.38125932216644
2026-02-05 18:00:00,real_time_price,310.0,peak,288.2972559928894
2026-02-05 18:15:00,real_time_price,318.28,peak,294.0880446434021
2026-02-05 18:30:00,real_time_price,326.73,peak,324.7172620296478
2026-02-05 18:45:00,real_time_price,290.0,peak,328.49766778945923
2026-02-05 19:00:00,real_time_price,315.0,flat,311.3581187725067
2026-02-05 19:15:00,real_time_price,309.98,flat,311.49566173553467
2026-02-05 19:30:00,real_time_price,320.13,flat,332.5324692726135
2026-02-05 19:45:00,real_time_price,329.0,flat,323.09327483177185
2026-02-05 20:00:00,real_time_price,366.44,flat,319.49932038784027
2026-02-05 20:15:00,real_time_price,300.0,flat,343.70481729507446
2026-02-05 20:30:00,real_time_price,309.5,flat,328.1607964038849
2026-02-05 20:45:00,real_time_price,310.0,flat,312.24522614479065
2026-02-05 21:00:00,real_time_price,341.0,flat,315.01734018325806
2026-02-05 21:15:00,real_time_price,320.0,flat,321.5763381719589
2026-02-05 21:30:00,real_time_price,320.08,flat,334.9921193122864
2026-02-05 21:45:00,real_time_price,343.51,flat,317.7433195114136
2026-02-05 22:00:00,real_time_price,300.0,flat,321.98461639881134
2026-02-05 22:15:00,real_time_price,350.32,flat,304.8524966239929
2026-02-05 22:30:00,real_time_price,339.0,flat,316.24015736579895
2026-02-05 22:45:00,real_time_price,344.67,flat,327.57762336730957
2026-02-05 23:00:00,real_time_price,333.0,flat,324.1070740222931
2026-02-05 23:15:00,real_time_price,325.12,flat,320.4892098903656
2026-02-05 23:30:00,real_time_price,312.92,flat,316.5694341659546
2026-02-05 23:45:00,real_time_price,290.0,flat,309.4129500389099
2026-02-06 00:00:00,real_time_price,290.0,valley,285.30376648902893
2026-02-06 00:15:00,real_time_price,280.0,valley,281.86112666130066
2026-02-06 00:30:00,real_time_price,300.0,valley,375.6853566169739
2026-02-06 00:45:00,real_time_price,320.7,valley,319.8794867992401
2026-02-06 01:00:00,real_time_price,320.0,valley,313.9221866130829
2026-02-06 01:15:00,real_time_price,302.8,valley,315.27933621406555
2026-02-06 01:30:00,real_time_price,310.0,valley,302.81729340553284
2026-02-06 01:45:00,real_time_price,291.79,valley,303.37112736701965
2026-02-06 02:00:00,real_time_price,284.0,valley,289.90689730644226
2026-02-06 02:15:00,real_time_price,280.0,valley,286.0297029018402
2026-02-06 02:30:00,real_time_price,280.0,valley,283.44005036354065
2026-02-06 02:45:00,real_time_price,278.81,valley,279.7050187587738
2026-02-06 03:00:00,real_time_price,278.4,valley,277.2429287433624
2026-02-06 03:15:00,real_time_price,278.4,valley,277.5520021915436
2026-02-06 03:30:00,real_time_price,276.1,valley,277.31920409202576
2026-02-06 03:45:00,real_time_price,277.2,valley,273.67259907722473
2026-02-06 04:00:00,real_time_price,275.3,valley,277.08979058265686
2026-02-06 04:15:00,real_time_price,277.0,valley,272.8328721523285
2026-02-06 04:30:00,real_time_price,275.3,valley,272.9029052257538
2026-02-06 04:45:00,real_time_price,276.1,valley,271.4560043811798
2026-02-06 05:00:00,real_time_price,275.0,valley,272.22001671791077
2026-02-06 05:15:00,real_time_price,275.2,valley,273.25852370262146
2026-02-06 05:30:00,real_time_price,275.0,valley,276.18092608451843
2026-02-06 05:45:00,real_time_price,276.0,valley,277.51299500465393
2026-02-06 06:00:00,real_time_price,279.0,valley,278.34377217292786
2026-02-06 06:15:00,real_time_price,279.0,valley,282.1670663356781
2026-02-06 06:30:00,real_time_price,278.0,valley,289.5420153141022
2026-02-06 06:45:00,real_time_price,282.0,valley,288.0034601688385
2026-02-06 07:00:00,real_time_price,284.0,valley,288.20417046546936
2026-02-06 07:15:00,real_time_price,285.0,valley,284.8939025402069
2026-02-06 07:30:00,real_time_price,300.0,valley,288.6362397670746
2026-02-06 07:45:00,real_time_price,300.0,valley,295.613924741745
2026-02-06 08:00:00,real_time_price,310.0,flat,306.88642144203186
2026-02-06 08:15:00,real_time_price,313.8,flat,316.9267876148224
2026-02-06 08:30:00,real_time_price,287.0,flat,333.86023449897766
2026-02-06 08:45:00,real_time_price,313.8,flat,294.6200062036514
2026-02-06 09:00:00,real_time_price,300.0,flat,312.05833292007446
2026-02-06 09:15:00,real_time_price,285.0,flat,295.0279463529587
2026-02-06 09:30:00,real_time_price,300.0,flat,285.760724902153
2026-02-06 09:45:00,real_time_price,277.0,flat,286.15543007850647
2026-02-06 10:00:00,real_time_price,275.0,peak,273.739942073822
2026-02-06 10:15:00,real_time_price,270.0,peak,256.70356702804565
2026-02-06 10:30:00,real_time_price,212.0,peak,256.86710262298584
2026-02-06 10:45:00,real_time_price,260.0,peak,248.6876039505005
2026-02-06 11:00:00,real_time_price,210.0,peak,250.80013465881348
2026-02-06 11:15:00,real_time_price,43.25,peak,250.71179604530334
2026-02-06 11:30:00,real_time_price,190.94,peak,194.6149263381958
2026-02-06 11:45:00,real_time_price,198.46,peak,167.10610675811768
2026-02-06 12:00:00,real_time_price,53.37,flat,201.61779475212097
2026-02-06 12:15:00,real_time_price,-34.14,flat,45.577027320861816
2026-02-06 12:30:00,real_time_price,67.12,flat,91.59628200531006
2026-02-06 12:45:00,real_time_price,0.72,flat,40.35476016998291
2026-02-06 13:00:00,real_time_price,17.9,flat,60.20988416671753
2026-02-06 13:15:00,real_time_price,-35.59,flat,40.31295824050903
2026-02-06 13:30:00,real_time_price,-41.32,flat,25.807639598846436
2026-02-06 13:45:00,real_time_price,209.37,flat,24.913636207580566
2026-02-06 14:00:00,real_time_price,204.12,peak,169.6980013847351
2026-02-06 14:15:00,real_time_price,-36.83,peak,135.9218602180481
2026-02-06 14:30:00,real_time_price,-35.69,peak,61.62563991546631
2026-02-06 14:45:00,real_time_price,-43.92,peak,35.98823356628418
2026-02-06 15:00:00,real_time_price,10.5,peak,60.61647176742554
2026-02-06 15:15:00,real_time_price,49.23,peak,42.4107232093811
2026-02-06 15:30:00,real_time_price,49.12,peak,79.10278224945068
2026-02-06 15:45:00,real_time_price,221.05,peak,78.56099128723145
2026-02-06 16:00:00,real_time_price,251.69,peak,229.49268186092377
2026-02-06 16:15:00,real_time_price,255.0,peak,286.98101794719696
2026-02-06 16:30:00,real_time_price,281.37,peak,276.7493498325348
2026-02-06 16:45:00,real_time_price,281.68,peak,292.4277789592743
2026-02-06 17:00:00,real_time_price,279.6,peak,294.4365807771683
2026-02-06 17:15:00,real_time_price,280.0,peak,296.34348034858704
2026-02-06 17:30:00,real_time_price,300.0,peak,326.522451877594
2026-02-06 17:45:00,real_time_price,310.0,peak,302.5312819480896
2026-02-06 18:00:00,real_time_price,358.82,peak,325.4253885746002
2026-02-06 18:15:00,real_time_price,358.0,peak,335.1493818759918
2026-02-06 18:30:00,real_time_price,350.0,peak,361.7087264060974
2026-02-06 18:45:00,real_time_price,352.49,peak,350.8206698894501
2026-02-06 19:00:00,real_time_price,400.18,flat,340.28031301498413
2026-02-06 19:15:00,real_time_price,309.2,flat,344.76574993133545
2026-02-06 19:30:00,real_time_price,316.93,flat,359.25812435150146
2026-02-06 19:45:00,real_time_price,319.8,flat,321.99870681762695
2026-02-06 20:00:00,real_time_price,312.5,flat,320.35092854499817
2026-02-06 20:15:00,real_time_price,285.3,flat,311.2412111759186
2026-02-06 20:30:00,real_time_price,310.0,flat,309.3290865421295
2026-02-06 20:45:00,real_time_price,310.0,flat,318.5837917327881
2026-02-06 21:00:00,real_time_price,285.17,flat,316.98794436454773
2026-02-06 21:15:00,real_time_price,296.22,flat,292.09604918956757
2026-02-06 21:30:00,real_time_price,300.0,flat,297.02874636650085
2026-02-06 21:45:00,real_time_price,302.0,flat,295.3441208600998
2026-02-06 22:00:00,real_time_price,295.0,flat,296.1035660505295
2026-02-06 22:15:00,real_time_price,295.0,flat,292.9414875507355
2026-02-06 22:30:00,real_time_price,290.0,flat,289.84209847450256
2026-02-06 22:45:00,real_time_price,278.0,flat,286.04647731781006
2026-02-06 23:00:00,real_time_price,290.0,flat,285.52350544929504
2026-02-06 23:15:00,real_time_price,277.0,flat,284.150377035141
2026-02-06 23:30:00,real_time_price,280.3,flat,279.71907460689545
2026-02-06 23:45:00,real_time_price,277.0,flat,276.1579520702362
2026-02-07 00:00:00,real_time_price,275.0,valley,290.54283142089844
2026-02-07 00:15:00,real_time_price,270.02,valley,285.06368017196655
2026-02-07 00:30:00,real_time_price,320.01,valley,341.08417642116547
2026-02-07 00:45:00,real_time_price,279.86,valley,328.17819452285767
2026-02-07 01:00:00,real_time_price,280.3,valley,280.75433373451233
2026-02-07 01:15:00,real_time_price,285.18,valley,283.79501366615295
2026-02-07 01:30:00,real_time_price,279.75,valley,283.1993329524994
2026-02-07 01:45:00,real_time_price,272.13,valley,285.1530792713165
2026-02-07 02:00:00,real_time_price,272.0,valley,276.7026836872101
2026-02-07 02:15:00,real_time_price,263.32,valley,276.65885949134827
2026-02-07 02:30:00,real_time_price,270.0,valley,270.9744384288788
2026-02-07 02:45:00,real_time_price,265.19,valley,270.6709711551666
2026-02-07 03:00:00,real_time_price,265.05,valley,267.93517422676086
2026-02-07 03:15:00,real_time_price,254.09,valley,268.1792161464691
2026-02-07 03:30:00,real_time_price,262.89,valley,259.11867451667786
2026-02-07 03:45:00,real_time_price,255.39,valley,261.5151355266571
2026-02-07 04:00:00,real_time_price,260.15,valley,259.8763496875763
2026-02-07 04:15:00,real_time_price,257.95,valley,260.2264974117279
2026-02-07 04:30:00,real_time_price,249.93,valley,259.26018166542053
2026-02-07 04:45:00,real_time_price,249.93,valley,253.7818248271942
2026-02-07 05:00:00,real_time_price,239.93,valley,252.8591754436493
2026-02-07 05:15:00,real_time_price,204.63,valley,244.4155614376068
2026-02-07 05:30:00,real_time_price,240.34,valley,241.36637473106384
2026-02-07 05:45:00,real_time_price,219.8,valley,231.57370018959045
2026-02-07 06:00:00,real_time_price,240.17,valley,241.0339457988739
2026-02-07 06:15:00,real_time_price,240.16,valley,225.0176718235016
2026-02-07 06:30:00,real_time_price,249.89,valley,241.32735991477966
2026-02-07 06:45:00,real_time_price,247.88,valley,252.55833840370178
2026-02-07 07:00:00,real_time_price,255.01,valley,255.01529479026794
2026-02-07 07:15:00,real_time_price,254.12,valley,253.97546648979187
2026-02-07 07:30:00,real_time_price,257.59,valley,255.05860114097595
2026-02-07 07:45:00,real_time_price,266.0,valley,257.29044556617737
2026-02-07 08:00:00,real_time_price,264.34,flat,254.35036301612854
2026-02-07 08:15:00,real_time_price,270.0,flat,256.72384905815125
2026-02-07 08:30:00,real_time_price,271.46,flat,260.19506764411926
2026-02-07 08:45:00,real_time_price,-50.0,flat,262.6860511302948
2026-02-07 09:00:00,real_time_price,265.0,flat,128.00479698181152
2026-02-07 09:15:00,real_time_price,255.52,flat,249.47821259498596
2026-02-07 09:30:00,real_time_price,264.31,flat,222.56181740760803
2026-02-07 09:45:00,real_time_price,257.67,flat,217.68368542194366
2026-02-07 10:00:00,real_time_price,43.25,peak,251.24385690689087
2026-02-07 10:15:00,real_time_price,43.25,peak,184.63100051879883
2026-02-07 10:30:00,real_time_price,43.25,peak,85.70890760421753
2026-02-07 10:45:00,real_time_price,195.0,peak,73.30191683769226
2026-02-07 11:00:00,real_time_price,-10.0,peak,122.70512080192566
2026-02-07 11:15:00,real_time_price,-50.0,peak,102.7026903629303
2026-02-07 11:30:00,real_time_price,-50.0,peak,44.50117540359497
2026-02-07 11:45:00,real_time_price,71.45,peak,37.948970317840576
2026-02-07 12:00:00,real_time_price,-50.0,flat,17.72868323326111
2026-02-07 12:15:00,real_time_price,-50.0,flat,-44.43624544143677
2026-02-07 12:30:00,real_time_price,-50.0,flat,-38.67574691772461
2026-02-07 12:45:00,real_time_price,-50.0,flat,-43.02950191497803
2026-02-07 13:00:00,real_time_price,-50.0,flat,-49.9321813583374
2026-02-07 13:15:00,real_time_price,-15.67,flat,-35.37269639968872
2026-02-07 13:30:00,real_time_price,-50.0,flat,-3.531707748770714
2026-02-07 13:45:00,real_time_price,-50.0,flat,5.995804309844971
2026-02-07 14:00:00,real_time_price,-50.0,peak,-2.089393973350525
2026-02-07 14:15:00,real_time_price,-50.0,peak,5.577122688293457
2026-02-07 14:30:00,real_time_price,-50.0,peak,-11.1084303855896
2026-02-07 14:45:00,real_time_price,-50.0,peak,-4.072694398462772
2026-02-07 15:00:00,real_time_price,-50.0,peak,-6.275017261505127
2026-02-07 15:15:00,real_time_price,-50.0,peak,-3.9707815647125244
2026-02-07 15:30:00,real_time_price,-50.0,peak,17.23188328742981
2026-02-07 15:45:00,real_time_price,-50.0,peak,21.797019004821777
2026-02-07 16:00:00,real_time_price,-50.0,peak,42.94867515563965
2026-02-07 16:15:00,real_time_price,-50.0,peak,26.291342616081238
2026-02-07 16:30:00,real_time_price,205.2,peak,45.86012411117554
2026-02-07 16:45:00,real_time_price,243.0,peak,215.05523550510406
2026-02-07 17:00:00,real_time_price,252.0,peak,252.4869977235794
2026-02-07 17:15:00,real_time_price,255.2,peak,267.10878133773804
2026-02-07 17:30:00,real_time_price,265.1,peak,258.3299651145935
2026-02-07 17:45:00,real_time_price,242.2,peak,268.67497181892395
2026-02-07 18:00:00,real_time_price,279.28,peak,270.0291736125946
2026-02-07 18:15:00,real_time_price,300.0,peak,280.2147104740143
2026-02-07 18:30:00,real_time_price,314.84,peak,310.19429659843445
2026-02-07 18:45:00,real_time_price,316.0,peak,358.11634588241577
2026-02-07 19:00:00,real_time_price,302.1,flat,300.28754591941833
2026-02-07 19:15:00,real_time_price,270.0,flat,296.79591274261475
2026-02-07 19:30:00,real_time_price,270.0,flat,283.218056678772
2026-02-07 19:45:00,real_time_price,280.0,flat,277.59226989746094
2026-02-07 20:00:00,real_time_price,293.1,flat,274.4820613861084
2026-02-07 20:15:00,real_time_price,280.31,flat,282.75371980667114
2026-02-07 20:30:00,real_time_price,279.0,flat,287.49477553367615
2026-02-07 20:45:00,real_time_price,280.2,flat,288.15724658966064
2026-02-07 21:00:00,real_time_price,270.1,flat,277.97401332855225
2026-02-07 21:15:00,real_time_price,281.24,flat,269.9839814901352
2026-02-07 21:30:00,real_time_price,283.0,flat,282.24424254894257
2026-02-07 21:45:00,real_time_price,285.33,flat,282.93066453933716
2026-02-07 22:00:00,real_time_price,275.3,flat,278.9190846681595
2026-02-07 22:15:00,real_time_price,280.0,flat,276.7887715101242
2026-02-07 22:30:00,real_time_price,44.48,flat,270.96328151226044
2026-02-07 22:45:00,real_time_price,265.1,flat,199.502051115036
2026-02-07 23:00:00,real_time_price,265.3,flat,247.65576922893524
2026-02-07 23:15:00,real_time_price,230.24,flat,236.22514271736145
2026-02-07 23:30:00,real_time_price,259.0,flat,229.53452789783478
2026-02-07 23:45:00,real_time_price,240.0,flat,245.9354546070099
2026-02-08 00:00:00,real_time_price,255.5,valley,242.17932510375977
2026-02-08 00:15:00,real_time_price,-0.53,valley,249.68384838104248
2026-02-08 00:30:00,real_time_price,-49.38,valley,204.23332858085632
2026-02-08 00:45:00,real_time_price,205.0,valley,81.8642930984497
2026-02-08 01:00:00,real_time_price,0.0,valley,148.04502177238464
2026-02-08 01:15:00,real_time_price,54.46,valley,-36.61917781829834
2026-02-08 01:30:00,real_time_price,-50.0,valley,23.59525489807129
2026-02-08 01:45:00,real_time_price,0.0,valley,39.33949160575867
2026-02-08 02:00:00,real_time_price,-50.0,valley,2.947632074356079
2026-02-08 02:15:00,real_time_price,0.0,valley,85.17242407798767
2026-02-08 02:30:00,real_time_price,-50.0,valley,8.758967399597168
2026-02-08 02:45:00,real_time_price,-40.0,valley,93.81197047233582
2026-02-08 03:00:00,real_time_price,-50.0,valley,-8.155004262924194
2026-02-08 03:15:00,real_time_price,-50.0,valley,-6.7330358028411865
2026-02-08 03:30:00,real_time_price,-50.0,valley,36.347687005996704
2026-02-08 03:45:00,real_time_price,-50.0,valley,-13.459031343460083
2026-02-08 04:00:00,real_time_price,-50.0,valley,22.924665689468384
2026-02-08 04:15:00,real_time_price,-50.0,valley,-17.73876976966858
2026-02-08 04:30:00,real_time_price,0.0,valley,-19.397998094558716
2026-02-08 04:45:00,real_time_price,-40.0,valley,-7.451932668685913
2026-02-08 05:00:00,real_time_price,-50.0,valley,-8.922988176345825
2026-02-08 05:15:00,real_time_price,-50.0,valley,-23.682568311691284
2026-02-08 05:30:00,real_time_price,-50.0,valley,-10.62343955039978
2026-02-08 05:45:00,real_time_price,-50.0,valley,-2.024765968322754
2026-02-08 06:00:00,real_time_price,-50.0,valley,-8.602312803268433
2026-02-08 06:15:00,real_time_price,-50.0,valley,-3.5491139888763428
2026-02-08 06:30:00,real_time_price,-50.0,valley,16.028836965560913
2026-02-08 06:45:00,real_time_price,-50.0,valley,27.06537652015686
2026-02-08 07:00:00,real_time_price,43.25,valley,91.64097476005554
2026-02-08 07:15:00,real_time_price,-50.0,valley,107.53654074668884
2026-02-08 07:30:00,real_time_price,-50.0,valley,92.12956595420837
2026-02-08 07:45:00,real_time_price,46.67,valley,159.49162983894348
2026-02-08 08:00:00,real_time_price,-50.0,flat,18.54682755470276
2026-02-08 08:15:00,real_time_price,0.0,flat,55.148492097854614
2026-02-08 08:30:00,real_time_price,48.97,flat,72.34150576591492
2026-02-08 08:45:00,real_time_price,49.68,flat,65.98733592033386
2026-02-08 09:00:00,real_time_price,212.13,flat,10.915401935577393
2026-02-08 09:15:00,real_time_price,242.8,flat,147.21506142616272
2026-02-08 09:30:00,real_time_price,243.83,flat,184.32601654529572
2026-02-08 09:45:00,real_time_price,229.21,flat,206.19455337524414
2026-02-08 10:00:00,real_time_price,43.54,peak,221.91685485839844
2026-02-08 10:15:00,real_time_price,0.16,peak,177.03162050247192
2026-02-08 10:30:00,real_time_price,-50.0,peak,69.34213709831238
2026-02-08 10:45:00,real_time_price,43.54,peak,24.783936262130737
2026-02-08 11:00:00,real_time_price,44.33,peak,62.15961718559265
2026-02-08 11:15:00,real_time_price,0.59,peak,35.7524197101593
2026-02-08 11:30:00,real_time_price,-42.5,peak,50.65889596939087
2026-02-08 11:45:00,real_time_price,1.92,peak,46.50106334686279
2026-02-08 12:00:00,real_time_price,-48.74,flat,-0.16165447235107422
2026-02-08 12:15:00,real_time_price,-50.0,flat,-55.85783529281616
2026-02-08 12:30:00,real_time_price,1.05,flat,-32.86468696594238
2026-02-08 12:45:00,real_time_price,-38.79,flat,21.781601428985596
2026-02-08 13:00:00,real_time_price,-49.14,flat,-30.539647579193115
2026-02-08 13:15:00,real_time_price,-47.17,flat,-41.217122316360474
2026-02-08 13:30:00,real_time_price,-47.17,flat,-2.900517374277115
2026-02-08 13:45:00,real_time_price,-48.79,flat,-4.656280755996704
2026-02-08 14:00:00,real_time_price,-48.04,peak,19.13930320739746
2026-02-08 14:15:00,real_time_price,-50.0,peak,10.775634765625
2026-02-08 14:30:00,real_time_price,-50.0,peak,-16.22939968109131
2026-02-08 14:45:00,real_time_price,-50.0,peak,-2.446879029273987
2026-02-08 15:00:00,real_time_price,-50.0,peak,11.506121635437012
2026-02-08 15:15:00,real_time_price,-50.0,peak,6.522919178009033
2026-02-08 15:30:00,real_time_price,-50.0,peak,12.39273476600647
2026-02-08 15:45:00,real_time_price,-50.0,peak,16.42793893814087
2026-02-08 16:00:00,real_time_price,-50.0,peak,43.517924785614014
2026-02-08 16:15:00,real_time_price,-50.0,peak,37.844852566719055
2026-02-08 16:30:00,real_time_price,-50.0,peak,29.702282905578613
2026-02-08 16:45:00,real_time_price,0.0,peak,25.28779911994934
2026-02-08 17:00:00,real_time_price,70.43,peak,67.54452133178711
2026-02-08 17:15:00,real_time_price,-0.02,peak,121.70864534378052
2026-02-08 17:30:00,real_time_price,-2.11,peak,23.656927347183228
2026-02-08 17:45:00,real_time_price,-1.17,peak,41.36345863342285
2026-02-08 18:00:00,real_time_price,230.87,peak,94.38579034805298
2026-02-08 18:15:00,real_time_price,207.61,peak,227.82281398773193
2026-02-08 18:30:00,real_time_price,117.9,peak,231.08304929733276
2026-02-08 18:45:00,real_time_price,369.78,peak,142.0696096420288
2026-02-08 19:00:00,real_time_price,250.1,flat,333.52530431747437
2026-02-08 19:15:00,real_time_price,238.49,flat,303.513126373291
2026-02-08 19:30:00,real_time_price,259.8,flat,215.5161805152893
2026-02-08 19:45:00,real_time_price,0.0,flat,240.00614261627197
2026-02-08 20:00:00,real_time_price,250.1,flat,156.16857767105103
2026-02-08 20:15:00,real_time_price,257.0,flat,311.38738441467285
2026-02-08 20:30:00,real_time_price,251.38,flat,209.27953386306763
2026-02-08 20:45:00,real_time_price,255.0,flat,259.1704168319702
2026-02-08 21:00:00,real_time_price,260.0,flat,254.98869729042053
2026-02-08 21:15:00,real_time_price,259.95,flat,270.46467089653015
2026-02-08 21:30:00,real_time_price,260.0,flat,262.8498455286026
2026-02-08 21:45:00,real_time_price,255.0,flat,261.3283509016037
2026-02-08 22:00:00,real_time_price,245.0,flat,251.7577359676361
2026-02-08 22:15:00,real_time_price,244.91,flat,248.9301311969757
2026-02-08 22:30:00,real_time_price,50.0,flat,245.1996967792511
2026-02-08 22:45:00,real_time_price,244.9,flat,284.4416950941086
2026-02-08 23:00:00,real_time_price,243.0,flat,213.68983840942383
2026-02-08 23:15:00,real_time_price,105.14,flat,214.99351024627686
2026-02-08 23:30:00,real_time_price,243.2,flat,287.00410413742065
2026-02-08 23:45:00,real_time_price,210.08,flat,234.95915031433105
2026-02-09 00:00:00,real_time_price,105.88,valley,250.4208459854126
2026-02-09 00:15:00,real_time_price,250.2,valley,181.76693964004517
2026-02-09 00:30:00,real_time_price,267.0,valley,243.35128259658813
2026-02-09 00:45:00,real_time_price,248.0,valley,262.6186647415161
2026-02-09 01:00:00,real_time_price,250.0,valley,237.43707180023193
2026-02-09 01:15:00,real_time_price,219.95,valley,247.899897813797
2026-02-09 01:30:00,real_time_price,-50.0,valley,234.78459787368774
2026-02-09 01:45:00,real_time_price,-50.0,valley,113.47520899772644
2026-02-09 02:00:00,real_time_price,-50.0,valley,73.91410636901855
2026-02-09 02:15:00,real_time_price,-49.99,valley,93.78771471977234
2026-02-09 02:30:00,real_time_price,-50.0,valley,77.07788062095642
2026-02-09 02:45:00,real_time_price,-50.0,valley,71.33177065849304
2026-02-09 03:00:00,real_time_price,-50.0,valley,58.81522274017334
2026-02-09 03:15:00,real_time_price,-50.0,valley,58.76654839515686
2026-02-09 03:30:00,real_time_price,-50.0,valley,46.66805386543274
2026-02-09 03:45:00,real_time_price,-50.0,valley,42.654520988464355
2026-02-09 04:00:00,real_time_price,-50.0,valley,37.06475377082825
2026-02-09 04:15:00,real_time_price,-50.0,valley,47.019590616226196
2026-02-09 04:30:00,real_time_price,-50.0,valley,62.05460333824158
2026-02-09 04:45:00,real_time_price,-50.0,valley,34.0327684879303
2026-02-09 05:00:00,real_time_price,-50.0,valley,33.18193030357361
2026-02-09 05:15:00,real_time_price,-50.0,valley,44.09407019615173
2026-02-09 05:30:00,real_time_price,-50.0,valley,38.788012742996216
2026-02-09 05:45:00,real_time_price,-50.0,valley,43.358113050460815
2026-02-09 06:00:00,real_time_price,-50.0,valley,54.80144667625427
2026-02-09 06:15:00,real_time_price,-50.0,valley,51.25955653190613
2026-02-09 06:30:00,real_time_price,-50.0,valley,66.38456463813782
2026-02-09 06:45:00,real_time_price,-50.0,valley,74.19527697563171
2026-02-09 07:00:00,real_time_price,-50.0,valley,101.60197281837463
2026-02-09 07:15:00,real_time_price,-50.0,valley,76.9130585193634
2026-02-09 07:30:00,real_time_price,187.72,valley,68.81958222389221
2026-02-09 07:45:00,real_time_price,207.09,valley,248.10716652870178
2026-02-09 08:00:00,real_time_price,56.25,flat,216.77292943000793
2026-02-09 08:15:00,real_time_price,213.89,flat,94.58600807189941
2026-02-09 08:30:00,real_time_price,3.4,flat,213.02927780151367
2026-02-09 08:45:00,real_time_price,-41.3,flat,151.19912981987
2026-02-09 09:00:00,real_time_price,-42.43,flat,-1.693431556224823
2026-02-09 09:15:00,real_time_price,-46.15,flat,-11.981048107147217
2026-02-09 09:30:00,real_time_price,-45.44,flat,-24.69647467136383
2026-02-09 09:45:00,real_time_price,-45.94,flat,-23.386238932609558
2026-02-09 10:00:00,real_time_price,-44.35,peak,-0.32049012184143066
2026-02-09 10:15:00,real_time_price,-50.0,peak,-2.242206871509552
2026-02-09 10:30:00,real_time_price,-39.03,peak,8.634389638900757
2026-02-09 10:45:00,real_time_price,-38.67,peak,-5.527286052703857
2026-02-09 11:00:00,real_time_price,-31.73,peak,0.35472583770751953
2026-02-09 11:15:00,real_time_price,-32.46,peak,38.107388734817505
2026-02-09 11:30:00,real_time_price,18.4,peak,50.564115047454834
2026-02-09 11:45:00,real_time_price,50.32,peak,56.06369709968567
2026-02-09 12:00:00,real_time_price,0.16,flat,26.385541439056396
2026-02-09 12:15:00,real_time_price,-46.97,flat,-10.631281614303589
2026-02-09 12:30:00,real_time_price,213.18,flat,-26.900729179382324
2026-02-09 12:45:00,real_time_price,154.72,flat,188.19393682479858
2026-02-09 13:00:00,real_time_price,142.95,flat,113.16926455497742
2026-02-09 13:15:00,real_time_price,4.5,flat,90.69726419448853
2026-02-09 13:30:00,real_time_price,-43.74,flat,207.72518730163574
2026-02-09 13:45:00,real_time_price,156.82,flat,71.06298565864563
2026-02-09 14:00:00,real_time_price,-46.39,peak,85.02847218513489
2026-02-09 14:15:00,real_time_price,-46.35,peak,74.5055480003357
2026-02-09 14:30:00,real_time_price,-46.4,peak,18.865827798843384
2026-02-09 14:45:00,real_time_price,-47.03,peak,33.405367374420166
2026-02-09 15:00:00,real_time_price,-47.87,peak,32.70707178115845
2026-02-09 15:15:00,real_time_price,-48.03,peak,62.42324876785278
2026-02-09 15:30:00,real_time_price,-4.71,peak,55.79658007621765
2026-02-09 15:45:00,real_time_price,-47.45,peak,107.95540070533752
2026-02-09 16:00:00,real_time_price,-45.83,peak,61.897629737854004
2026-02-09 16:15:00,real_time_price,-45.82,peak,81.01351857185364
2026-02-09 16:30:00,real_time_price,-48.14,peak,48.58289194107056
2026-02-09 16:45:00,real_time_price,1.95,peak,46.68466651439667
2026-02-09 17:00:00,real_time_price,-48.37,peak,89.5094563961029
2026-02-09 17:15:00,real_time_price,1.89,peak,57.61135149002075
2026-02-09 17:30:00,real_time_price,220.52,peak,131.7459478378296
2026-02-09 17:45:00,real_time_price,260.58,peak,224.81325936317444
2026-02-09 18:00:00,real_time_price,265.1,peak,260.4967384338379
2026-02-09 18:15:00,real_time_price,265.0,peak,274.418438911438
2026-02-09 18:30:00,real_time_price,259.95,peak,275.4325952529907
2026-02-09 18:45:00,real_time_price,264.41,peak,263.9696943759918
2026-02-09 19:00:00,real_time_price,267.53,flat,251.88721227645874
2026-02-09 19:15:00,real_time_price,265.52,flat,265.3613796234131
2026-02-09 19:30:00,real_time_price,266.0,flat,265.0116720199585
2026-02-09 19:45:00,real_time_price,281.13,flat,265.07965660095215
2026-02-09 20:00:00,real_time_price,270.15,flat,314.87074089050293
2026-02-09 20:15:00,real_time_price,274.42,flat,290.2030453681946
2026-02-09 20:30:00,real_time_price,269.96,flat,319.7171392440796
2026-02-09 20:45:00,real_time_price,270.2,flat,316.5424382686615
2026-02-09 21:00:00,real_time_price,288.69,flat,292.9022265672684
2026-02-09 21:15:00,real_time_price,269.98,flat,306.53014945983887
2026-02-09 21:30:00,real_time_price,270.01,flat,322.5042141675949
2026-02-09 21:45:00,real_time_price,280.44,flat,314.39361476898193
2026-02-09 22:00:00,real_time_price,265.04,flat,326.5246469974518
2026-02-09 22:15:00,real_time_price,255.01,flat,306.07799553871155
2026-02-09 22:30:00,real_time_price,264.01,flat,295.64859783649445
2026-02-09 22:45:00,real_time_price,250.01,flat,291.94610273838043
2026-02-09 23:00:00,real_time_price,252.02,flat,280.54602563381195
2026-02-09 23:15:00,real_time_price,255.01,flat,271.353551864624
2026-02-09 23:30:00,real_time_price,250.02,flat,276.1706964969635
2026-02-09 23:45:00,real_time_price,212.29,flat,276.705961227417
2026-02-10 00:00:00,real_time_price,64.93,valley,239.37183165550232
2026-02-10 00:15:00,real_time_price,315.14,valley,242.3461103439331
2026-02-10 00:30:00,real_time_price,334.07,valley,335.71257054805756
2026-02-10 00:45:00,real_time_price,290.0,valley,313.52768754959106
2026-02-10 01:00:00,real_time_price,278.1,valley,289.6324894428253
2026-02-10 01:15:00,real_time_price,280.0,valley,291.5259954929352
2026-02-10 01:30:00,real_time_price,270.0,valley,281.183824300766
2026-02-10 01:45:00,real_time_price,270.0,valley,275.36820340156555
2026-02-10 02:00:00,real_time_price,265.2,valley,264.02695417404175
2026-02-10 02:15:00,real_time_price,265.34,valley,267.7729995250702
2026-02-10 02:30:00,real_time_price,258.0,valley,264.42862343788147
2026-02-10 02:45:00,real_time_price,260.0,valley,263.21239590644836
2026-02-10 03:00:00,real_time_price,250.0,valley,251.17167115211487
2026-02-10 03:15:00,real_time_price,50.1,valley,252.1205952167511
2026-02-10 03:30:00,real_time_price,0.0,valley,164.0213921070099
2026-02-10 03:45:00,real_time_price,-10.0,valley,44.1604163646698
2026-02-10 04:00:00,real_time_price,-50.0,valley,75.99137949943542
2026-02-10 04:15:00,real_time_price,-50.0,valley,84.05619215965271
2026-02-10 04:30:00,real_time_price,-50.0,valley,65.80912709236145
2026-02-10 04:45:00,real_time_price,-50.0,valley,49.6880738735199
2026-02-10 05:00:00,real_time_price,-50.0,valley,48.87386155128479
2026-02-10 05:15:00,real_time_price,-50.0,valley,50.724382162094116
2026-02-10 05:30:00,real_time_price,-50.0,valley,28.982104063034058
2026-02-10 05:45:00,real_time_price,-49.47,valley,30.154298543930054
2026-02-10 06:00:00,real_time_price,-49.48,valley,47.1002414226532
2026-02-10 06:15:00,real_time_price,0.0,valley,37.266645669937134
2026-02-10 06:30:00,real_time_price,200.0,valley,46.66722130775452
2026-02-10 06:45:00,real_time_price,200.0,valley,267.6709244251251
2026-02-10 07:00:00,real_time_price,230.0,valley,212.0081751346588
2026-02-10 07:15:00,real_time_price,260.0,valley,201.7852041721344
2026-02-10 07:30:00,real_time_price,260.0,valley,255.6087954044342
2026-02-10 07:45:00,real_time_price,230.2,valley,269.5085804462433
2026-02-10 08:00:00,real_time_price,255.0,flat,226.66578459739685
2026-02-10 08:15:00,real_time_price,270.0,flat,256.5577483177185
2026-02-10 08:30:00,real_time_price,270.0,flat,260.1720975637436
2026-02-10 08:45:00,real_time_price,0.0,flat,250.9604058265686
2026-02-10 09:00:00,real_time_price,270.0,flat,213.08637142181396
2026-02-10 09:15:00,real_time_price,270.0,flat,301.73007583618164
2026-02-10 09:30:00,real_time_price,270.0,flat,254.4567084312439
2026-02-10 09:45:00,real_time_price,270.0,flat,258.69878590106964
2026-02-10 10:00:00,real_time_price,220.22,peak,249.14564526081085
2026-02-10 10:15:00,real_time_price,203.56,peak,199.5530972480774
2026-02-10 10:30:00,real_time_price,100.0,peak,122.77865958213806
2026-02-10 10:45:00,real_time_price,71.15,peak,173.35247778892517
2026-02-10 11:00:00,real_time_price,-38.61,peak,94.51010823249817
2026-02-10 11:15:00,real_time_price,1.25,peak,78.20281982421875
2026-02-10 11:30:00,real_time_price,202.49,peak,35.3459894657135
2026-02-10 11:45:00,real_time_price,257.55,peak,90.15796828269958
2026-02-10 12:00:00,real_time_price,245.92,flat,120.05396866798401
2026-02-10 12:15:00,real_time_price,74.51,flat,111.18470430374146
2026-02-10 12:30:00,real_time_price,255.31,flat,159.54521465301514
2026-02-10 12:45:00,real_time_price,259.82,flat,205.17881298065186
2026-02-10 13:00:00,real_time_price,-1.09,flat,192.44554567337036
2026-02-10 13:15:00,real_time_price,-34.49,flat,81.15565156936646
2026-02-10 13:30:00,real_time_price,0.7,flat,35.73976230621338
2026-02-10 13:45:00,real_time_price,-50.0,flat,95.3797345161438
2026-02-10 14:00:00,real_time_price,5.21,peak,46.472533226013184
2026-02-10 14:15:00,real_time_price,-48.95,peak,25.225241661071777
2026-02-10 14:30:00,real_time_price,-47.14,peak,9.032167434692383
2026-02-10 14:45:00,real_time_price,-50.0,peak,5.560695171356201
2026-02-10 15:00:00,real_time_price,-50.0,peak,27.926286697387695
2026-02-10 15:15:00,real_time_price,-50.0,peak,35.17029905319214
2026-02-10 15:30:00,real_time_price,-50.0,peak,62.69606018066406
2026-02-10 15:45:00,real_time_price,-50.0,peak,64.60459017753601
2026-02-10 16:00:00,real_time_price,-50.0,peak,96.01856017112732
2026-02-10 16:15:00,real_time_price,-50.0,peak,63.39898085594177
2026-02-10 16:30:00,real_time_price,-50.0,peak,89.4843373298645
2026-02-10 16:45:00,real_time_price,0.0,peak,71.15738582611084
2026-02-10 17:00:00,real_time_price,255.0,peak,106.30353045463562
2026-02-10 17:15:00,real_time_price,220.0,peak,249.94171571731567
2026-02-10 17:30:00,real_time_price,268.6,peak,268.9865539073944
2026-02-10 17:45:00,real_time_price,285.0,peak,275.1208231449127
2026-02-10 18:00:00,real_time_price,360.0,peak,298.35789728164673
2026-02-10 18:15:00,real_time_price,300.26,peak,296.01372933387756
2026-02-10 18:30:00,real_time_price,290.06,peak,319.1357898712158
2026-02-10 18:45:00,real_time_price,285.01,peak,350.976989030838
2026-02-10 19:00:00,real_time_price,300.06,flat,210.7862319946289
2026-02-10 19:15:00,real_time_price,280.0,flat,289.8872404098511
2026-02-10 19:30:00,real_time_price,301.46,flat,303.80303955078125
2026-02-10 19:45:00,real_time_price,299.21,flat,313.4612054824829
2026-02-10 20:00:00,real_time_price,299.72,flat,294.6072778701782
2026-02-10 20:15:00,real_time_price,315.13,flat,285.9807176589966
2026-02-10 20:30:00,real_time_price,299.01,flat,314.85102820396423
2026-02-10 20:45:00,real_time_price,282.0,flat,299.7284936904907
2026-02-10 21:00:00,real_time_price,280.01,flat,288.6718850135803
2026-02-10 21:15:00,real_time_price,299.99,flat,281.2987434864044
2026-02-10 21:30:00,real_time_price,319.99,flat,288.52858877182007
2026-02-10 21:45:00,real_time_price,313.19,flat,302.1500382423401
2026-02-10 22:00:00,real_time_price,320.09,flat,305.8988437652588
2026-02-10 22:15:00,real_time_price,280.16,flat,305.20201873779297
2026-02-10 22:30:00,real_time_price,297.49,flat,275.13935446739197
2026-02-10 22:45:00,real_time_price,300.0,flat,278.914213180542
2026-02-10 23:00:00,real_time_price,285.0,flat,276.6175742149353
2026-02-10 23:15:00,real_time_price,300.0,flat,272.47036147117615
2026-02-10 23:30:00,real_time_price,280.3,flat,281.19451427459717
2026-02-10 23:45:00,real_time_price,280.0,flat,276.1791260242462
2026-02-11 00:00:00,real_time_price,270.3,valley,188.72147011756897
2026-02-11 00:15:00,real_time_price,281.0,valley,290.53063440322876
2026-02-11 00:30:00,real_time_price,333.78,valley,341.9368486404419
2026-02-11 00:45:00,real_time_price,270.0,valley,316.5686106681824
2026-02-11 01:00:00,real_time_price,279.98,valley,267.2877013683319
2026-02-11 01:15:00,real_time_price,270.2,valley,273.9962513446808
2026-02-11 01:30:00,real_time_price,249.61,valley,268.3119535446167
2026-02-11 01:45:00,real_time_price,252.63,valley,257.43978238105774
2026-02-11 02:00:00,real_time_price,250.3,valley,246.88960123062134
2026-02-11 02:15:00,real_time_price,249.75,valley,247.94161415100098
2026-02-11 02:30:00,real_time_price,202.85,valley,244.08757209777832
2026-02-11 02:45:00,real_time_price,0.0,valley,214.84378600120544
2026-02-11 03:00:00,real_time_price,-49.0,valley,108.22732734680176
2026-02-11 03:15:00,real_time_price,0.0,valley,55.6161847114563
2026-02-11 03:30:00,real_time_price,-50.0,valley,50.38257050514221
2026-02-11 03:45:00,real_time_price,-50.0,valley,57.345921754837036
2026-02-11 04:00:00,real_time_price,-50.0,valley,40.67731595039368
2026-02-11 04:15:00,real_time_price,-50.0,valley,61.55272173881531
2026-02-11 04:30:00,real_time_price,-1.51,valley,30.284958600997925
2026-02-11 04:45:00,real_time_price,-50.0,valley,18.615101099014282
2026-02-11 05:00:00,real_time_price,-30.71,valley,-8.079979658126831
2026-02-11 05:15:00,real_time_price,-0.08,valley,7.289281606674194
2026-02-11 05:30:00,real_time_price,-50.0,valley,4.369014024734497
2026-02-11 05:45:00,real_time_price,-50.0,valley,3.61262845993042
2026-02-11 06:00:00,real_time_price,-0.08,valley,17.55880570411682
2026-02-11 06:15:00,real_time_price,-28.63,valley,11.026382207870483
2026-02-11 06:30:00,real_time_price,43.25,valley,45.62557291984558
2026-02-11 06:45:00,real_time_price,43.25,valley,39.27037835121155
2026-02-11 07:00:00,real_time_price,43.25,valley,45.78805947303772
2026-02-11 07:15:00,real_time_price,47.58,valley,45.30045533180237
2026-02-11 07:30:00,real_time_price,251.51,valley,102.77848076820374
2026-02-11 07:45:00,real_time_price,178.88,valley,285.11668133735657
2026-02-11 08:00:00,real_time_price,230.13,flat,245.71399664878845
2026-02-11 08:15:00,real_time_price,300.0,flat,215.3023271560669
2026-02-11 08:30:00,real_time_price,250.0,flat,277.450248003006
2026-02-11 08:45:00,real_time_price,-49.65,flat,236.4827802181244
2026-02-11 09:00:00,real_time_price,230.0,flat,91.63617610931396
2026-02-11 09:15:00,real_time_price,255.0,flat,298.75087904930115
2026-02-11 09:30:00,real_time_price,-50.0,flat,221.52590417861938
2026-02-11 09:45:00,real_time_price,-50.0,flat,74.20465803146362
2026-02-11 10:00:00,real_time_price,0.02,peak,26.679744482040405
2026-02-11 10:15:00,real_time_price,-50.0,peak,24.62571096420288
2026-02-11 10:30:00,real_time_price,-50.0,peak,10.553439140319824
2026-02-11 10:45:00,real_time_price,-50.0,peak,26.765445709228516
2026-02-11 11:00:00,real_time_price,-50.0,peak,32.31183052062988
2026-02-11 11:15:00,real_time_price,-50.0,peak,65.1490569114685
2026-02-11 11:30:00,real_time_price,-7.0,peak,52.16370391845703
2026-02-11 11:45:00,real_time_price,145.23,peak,78.89236974716187
2026-02-11 12:00:00,real_time_price,-50.0,flat,61.44762849807739
2026-02-11 12:15:00,real_time_price,-50.0,flat,-14.291394710540771
2026-02-11 12:30:00,real_time_price,-48.43,flat,-40.61111402511597
2026-02-11 12:45:00,real_time_price,-50.0,flat,-19.887041091918945
2026-02-11 13:00:00,real_time_price,-49.37,flat,-45.26780414581299
2026-02-11 13:15:00,real_time_price,-50.0,flat,-46.114813804626465
2026-02-11 13:30:00,real_time_price,-50.0,flat,-36.648756980895996
2026-02-11 13:45:00,real_time_price,-50.0,flat,-2.241879105567932
2026-02-11 14:00:00,real_time_price,-49.42,peak,15.158856391906738
2026-02-11 14:15:00,real_time_price,-50.0,peak,16.10463523864746
2026-02-11 14:30:00,real_time_price,-7.0,peak,5.539607048034668
2026-02-11 14:45:00,real_time_price,17.49,peak,25.975353240966797
2026-02-11 15:00:00,real_time_price,-50.0,peak,59.47612762451172
2026-02-11 15:15:00,real_time_price,-49.42,peak,29.976043701171875
2026-02-11 15:30:00,real_time_price,-39.53,peak,37.678832054138184
2026-02-11 15:45:00,real_time_price,-50.0,peak,109.03460550308228
2026-02-11 16:00:00,real_time_price,-50.0,peak,65.9643816947937
2026-02-11 16:15:00,real_time_price,-50.0,peak,64.10395002365112
2026-02-11 16:30:00,real_time_price,-50.0,peak,92.27934002876282
2026-02-11 16:45:00,real_time_price,-50.0,peak,72.97126507759094
2026-02-11 17:00:00,real_time_price,-50.0,peak,103.79042398929596
2026-02-11 17:15:00,real_time_price,94.24,peak,58.6667445898056
2026-02-11 17:30:00,real_time_price,286.7,peak,167.92212390899658
2026-02-11 17:45:00,real_time_price,300.1,peak,235.87907135486603
2026-02-11 18:00:00,real_time_price,314.0,peak,293.3325409889221
2026-02-11 18:15:00,real_time_price,281.01,peak,332.37342524528503
2026-02-11 18:30:00,real_time_price,290.5,peak,327.404580116272
2026-02-11 18:45:00,real_time_price,325.31,peak,330.1204237937927
2026-02-11 19:00:00,real_time_price,300.0,flat,273.41290402412415
2026-02-11 19:15:00,real_time_price,298.34,flat,287.62067222595215
2026-02-11 19:30:00,real_time_price,314.14,flat,280.36633491516113
2026-02-11 19:45:00,real_time_price,290.01,flat,310.50837659835815
2026-02-11 20:00:00,real_time_price,293.19,flat,311.591002702713
2026-02-11 20:15:00,real_time_price,292.02,flat,299.080041885376
2026-02-11 20:30:00,real_time_price,292.81,flat,305.47444009780884
2026-02-11 20:45:00,real_time_price,360.02,flat,306.76082015037537
2026-02-11 21:00:00,real_time_price,338.68,flat,353.8015184402466
2026-02-11 21:15:00,real_time_price,315.02,flat,375.5109486579895
2026-02-11 21:30:00,real_time_price,302.67,flat,395.18348503112793
2026-02-11 21:45:00,real_time_price,318.01,flat,332.6837568283081
2026-02-11 22:00:00,real_time_price,320.8,flat,331.37689113616943
2026-02-11 22:15:00,real_time_price,315.09,flat,338.03619289398193
2026-02-11 22:30:00,real_time_price,310.01,flat,354.6114161014557
2026-02-11 22:45:00,real_time_price,290.36,flat,327.62860679626465
2026-02-11 23:00:00,real_time_price,296.01,flat,322.768892288208
2026-02-11 23:15:00,real_time_price,292.01,flat,314.4110336303711
2026-02-11 23:30:00,real_time_price,290.01,flat,308.5874185562134
2026-02-11 23:45:00,real_time_price,280.3,flat,307.8854537010193
2026-02-12 00:00:00,real_time_price,282.0,valley,276.2961616516113
2026-02-12 00:15:00,real_time_price,270.09,valley,273.66083812713623
2026-02-12 00:30:00,real_time_price,315.1,valley,361.7580027580261
2026-02-12 00:45:00,real_time_price,219.92,valley,293.92388248443604
2026-02-12 01:00:00,real_time_price,265.3,valley,191.36693668365479
2026-02-12 01:15:00,real_time_price,255.78,valley,240.45114612579346
2026-02-12 01:30:00,real_time_price,255.66,valley,241.52869081497192
2026-02-12 01:45:00,real_time_price,260.01,valley,239.6927318572998
2026-02-12 02:00:00,real_time_price,255.16,valley,231.1399965286255
2026-02-12 02:15:00,real_time_price,271.2,valley,236.5917911529541
2026-02-12 02:30:00,real_time_price,245.18,valley,229.6439552307129
2026-02-12 02:45:00,real_time_price,252.04,valley,182.76254272460938
2026-02-12 03:00:00,real_time_price,250.05,valley,176.7585563659668
2026-02-12 03:15:00,real_time_price,266.0,valley,166.11487197875977
2026-02-12 03:30:00,real_time_price,250.0,valley,183.3538932800293
2026-02-12 03:45:00,real_time_price,240.3,valley,159.32399368286133
2026-02-12 04:00:00,real_time_price,280.0,valley,150.62216186523438
2026-02-12 04:15:00,real_time_price,260.0,valley,195.0828514099121
2026-02-12 04:30:00,real_time_price,145.83,valley,190.65909957885742
2026-02-12 04:45:00,real_time_price,215.3,valley,114.88329315185547
2026-02-12 05:00:00,real_time_price,199.99,valley,184.71970748901367
2026-02-12 05:15:00,real_time_price,147.83,valley,112.86945343017578
2026-02-12 05:30:00,real_time_price,145.8,valley,127.46620464324951
2026-02-12 05:45:00,real_time_price,145.8,valley,173.44621181488037
2026-02-12 06:00:00,real_time_price,-49.99,valley,157.91664028167725
2026-02-12 06:15:00,real_time_price,-0.02,valley,1.4037389755249023
2026-02-12 06:30:00,real_time_price,106.78,valley,8.556239128112793
2026-02-12 06:45:00,real_time_price,190.0,valley,94.28701686859131
2026-02-12 07:00:00,real_time_price,216.58,valley,140.56842613220215
2026-02-12 07:15:00,real_time_price,255.18,valley,194.79933404922485
2026-02-12 07:30:00,real_time_price,267.05,valley,224.23513984680176
2026-02-12 07:45:00,real_time_price,250.37,valley,249.47802639007568
2026-02-12 08:00:00,real_time_price,200.0,flat,246.736976146698
2026-02-12 08:15:00,real_time_price,250.2,flat,244.80522918701172
2026-02-12 08:30:00,real_time_price,256.39,flat,229.44607543945312
2026-02-12 08:45:00,real_time_price,260.0,flat,181.45321464538574
2026-02-12 09:00:00,real_time_price,-50.0,flat,218.4914207458496
2026-02-12 09:15:00,real_time_price,-50.0,flat,113.70825004577637
2026-02-12 09:30:00,real_time_price,0.0,flat,-20.928687691688538
2026-02-12 09:45:00,real_time_price,160.0,flat,-8.621318817138672
2026-02-12 10:00:00,real_time_price,146.68,peak,34.34748077392578
2026-02-12 10:15:00,real_time_price,145.83,peak,63.210201263427734
2026-02-12 10:30:00,real_time_price,-50.0,peak,69.8667221069336
2026-02-12 10:45:00,real_time_price,148.99,peak,14.68716812133789
2026-02-12 11:00:00,real_time_price,0.0,peak,52.77772903442383
2026-02-12 11:15:00,real_time_price,50.0,peak,33.75876235961914
2026-02-12 11:30:00,real_time_price,17.49,peak,40.063636779785156
2026-02-12 11:45:00,real_time_price,148.28,peak,47.217681884765625
2026-02-12 12:00:00,real_time_price,145.83,flat,56.0365686416626
2026-02-12 12:15:00,real_time_price,146.68,flat,19.487849235534668
2026-02-12 12:30:00,real_time_price,151.52,flat,97.79464340209961
2026-02-12 12:45:00,real_time_price,146.68,flat,128.3412628173828
2026-02-12 13:00:00,real_time_price,146.68,flat,92.73853302001953
2026-02-12 13:15:00,real_time_price,163.84,flat,91.40000915527344
2026-02-12 13:30:00,real_time_price,146.68,flat,129.85530471801758
2026-02-12 13:45:00,real_time_price,164.77,flat,152.54554557800293
2026-02-12 14:00:00,real_time_price,164.77,peak,106.1202621459961
2026-02-12 14:15:00,real_time_price,145.83,peak,74.94425582885742
2026-02-12 14:30:00,real_time_price,0.0,peak,86.52052307128906
2026-02-12 14:45:00,real_time_price,0.0,peak,13.435836791992188
2026-02-12 15:00:00,real_time_price,17.49,peak,-13.156895637512207
2026-02-12 15:15:00,real_time_price,145.83,peak,-7.233982086181641
2026-02-12 15:30:00,real_time_price,145.83,peak,51.73189926147461
2026-02-12 15:45:00,real_time_price,17.49,peak,153.76394271850586
2026-02-12 16:00:00,real_time_price,146.68,peak,151.90710830688477
2026-02-12 16:15:00,real_time_price,145.83,peak,138.58912658691406
2026-02-12 16:30:00,real_time_price,146.68,peak,162.03145599365234
2026-02-12 16:45:00,real_time_price,146.68,peak,193.8111572265625
2026-02-12 17:00:00,real_time_price,145.83,peak,163.99370574951172
2026-02-12 17:15:00,real_time_price,272.95,peak,181.48383808135986
2026-02-12 17:30:00,real_time_price,265.78,peak,268.1339120864868
2026-02-12 17:45:00,real_time_price,270.0,peak,257.74754571914673
2026-02-12 18:00:00,real_time_price,280.04,peak,272.0775022506714
2026-02-12 18:15:00,real_time_price,270.25,peak,290.80976152420044
2026-02-12 18:30:00,real_time_price,250.48,peak,280.86936950683594
2026-02-12 18:45:00,real_time_price,280.0,peak,249.5056266784668
2026-02-12 19:00:00,real_time_price,285.0,flat,271.1222162246704
2026-02-12 19:15:00,real_time_price,281.0,flat,278.71314811706543
2026-02-12 19:30:00,real_time_price,294.0,flat,287.7735152244568
2026-02-12 19:45:00,real_time_price,270.0,flat,282.85746574401855
2026-02-12 20:00:00,real_time_price,280.2,flat,252.27888011932373
2026-02-12 20:15:00,real_time_price,289.17,flat,266.9192056655884
2026-02-12 20:30:00,real_time_price,321.0,flat,275.4372282028198
2026-02-12 20:45:00,real_time_price,283.17,flat,299.3728246688843
2026-02-12 21:00:00,real_time_price,308.68,flat,273.55682373046875
2026-02-12 21:15:00,real_time_price,260.01,flat,278.7133388519287
2026-02-12 21:30:00,real_time_price,285.0,flat,249.78791046142578
2026-02-12 21:45:00,real_time_price,291.0,flat,262.3126029968262
2026-02-12 22:00:00,real_time_price,-0.13,flat,267.34889793395996
2026-02-12 22:15:00,real_time_price,285.89,flat,181.7613172531128
2026-02-12 22:30:00,real_time_price,271.0,flat,265.01606845855713
2026-02-12 22:45:00,real_time_price,270.23,flat,213.01952743530273
2026-02-12 23:00:00,real_time_price,269.88,flat,222.18288040161133
2026-02-12 23:15:00,real_time_price,266.0,flat,238.5985221862793
2026-02-12 23:30:00,real_time_price,270.35,flat,234.79596328735352
2026-02-12 23:45:00,real_time_price,281.01,flat,227.70765495300293
2026-02-13 00:00:00,real_time_price,289.94,valley,257.3573007583618
2026-02-13 00:15:00,real_time_price,320.0,valley,268.2940912246704
2026-02-13 00:30:00,real_time_price,627.17,valley,388.1542205810547
2026-02-13 00:45:00,real_time_price,389.01,valley,273.2001175880432
2026-02-13 01:00:00,real_time_price,337.61,valley,299.65219926834106
2026-02-13 01:15:00,real_time_price,283.95,valley,299.73486328125
2026-02-13 01:30:00,real_time_price,284.25,valley,271.2476315498352
2026-02-13 01:45:00,real_time_price,316.95,valley,269.084361076355
2026-02-13 02:00:00,real_time_price,284.25,valley,288.09000539779663
2026-02-13 02:15:00,real_time_price,308.95,valley,277.22680473327637
2026-02-13 02:30:00,real_time_price,269.05,valley,289.11736726760864
2026-02-13 02:45:00,real_time_price,288.87,valley,242.7415246963501
2026-02-13 03:00:00,real_time_price,279.07,valley,264.4664969444275
2026-02-13 03:15:00,real_time_price,318.77,valley,258.4868998527527
2026-02-13 03:30:00,real_time_price,248.77,valley,278.1636652946472
2026-02-13 03:45:00,real_time_price,278.73,valley,227.10598039627075
2026-02-13 04:00:00,real_time_price,278.73,valley,254.75756120681763
2026-02-13 04:15:00,real_time_price,284.03,valley,267.61239194869995
2026-02-13 04:30:00,real_time_price,283.73,valley,254.83371686935425
2026-02-13 04:45:00,real_time_price,280.73,valley,261.80630254745483
2026-02-13 05:00:00,real_time_price,308.73,valley,259.38323950767517
2026-02-13 05:15:00,real_time_price,318.73,valley,275.97321462631226
2026-02-13 05:30:00,real_time_price,277.03,valley,294.08205914497375
2026-02-13 05:45:00,real_time_price,278.93,valley,256.16037464141846
2026-02-13 06:00:00,real_time_price,284.03,valley,289.1377577781677
2026-02-13 06:15:00,real_time_price,223.73,valley,272.1627883911133
2026-02-13 06:30:00,real_time_price,311.73,valley,226.47124910354614
2026-02-13 06:45:00,real_time_price,298.73,valley,282.6064643859863
2026-02-13 07:00:00,real_time_price,318.73,valley,280.24746465682983
2026-02-13 07:15:00,real_time_price,203.73,valley,294.23477125167847
2026-02-13 07:30:00,real_time_price,338.73,valley,218.8227982521057
2026-02-13 07:45:00,real_time_price,334.73,valley,308.8734917640686
2026-02-13 08:00:00,real_time_price,332.54,flat,351.07685565948486
2026-02-13 08:15:00,real_time_price,385.63,flat,356.45378398895264
2026-02-13 08:30:00,real_time_price,342.78,flat,418.6231861114502
2026-02-13 08:45:00,real_time_price,267.73,flat,319.79749488830566
2026-02-13 09:00:00,real_time_price,311.63,flat,322.6736946105957
2026-02-13 09:15:00,real_time_price,267.73,flat,320.6483726501465
2026-02-13 09:30:00,real_time_price,41.98,flat,195.80061531066895
2026-02-13 09:45:00,real_time_price,144.56,flat,175.6368751525879
2026-02-13 10:00:00,real_time_price,144.56,peak,121.53816032409668
2026-02-13 10:15:00,real_time_price,99.81,peak,123.97214889526367
2026-02-13 10:30:00,real_time_price,145.55,peak,111.4892168045044
2026-02-13 10:45:00,real_time_price,145.57,peak,134.3591079711914
2026-02-13 11:00:00,real_time_price,146.68,peak,100.85052013397217
2026-02-13 11:15:00,real_time_price,0.0,peak,116.51839447021484
2026-02-13 11:30:00,real_time_price,145.83,peak,58.275649070739746
2026-02-13 11:45:00,real_time_price,0.0,peak,104.7547550201416
2026-02-13 12:00:00,real_time_price,145.83,flat,15.394796371459961
2026-02-13 12:15:00,real_time_price,146.68,flat,11.378300666809082
2026-02-13 12:30:00,real_time_price,148.28,flat,58.543840408325195
2026-02-13 12:45:00,real_time_price,148.99,flat,55.09756660461426
2026-02-13 13:00:00,real_time_price,145.83,flat,92.80280685424805
2026-02-13 13:15:00,real_time_price,148.99,flat,86.94839382171631
2026-02-13 13:30:00,real_time_price,145.83,flat,99.20624256134033
2026-02-13 13:45:00,real_time_price,135.27,flat,145.5672206878662
2026-02-13 14:00:00,real_time_price,20.0,peak,144.88554763793945
2026-02-13 14:15:00,real_time_price,17.49,peak,75.80846214294434
2026-02-13 14:30:00,real_time_price,0.0,peak,101.35493087768555
2026-02-13 14:45:00,real_time_price,-50.0,peak,62.26218605041504
2026-02-13 15:00:00,real_time_price,-50.0,peak,73.34115219116211
2026-02-13 15:15:00,real_time_price,-50.0,peak,98.96237182617188
2026-02-13 15:30:00,real_time_price,-50.0,peak,9.254138946533203
2026-02-13 15:45:00,real_time_price,17.49,peak,-28.623435497283936
2026-02-13 16:00:00,real_time_price,-50.0,peak,69.21151351928711
2026-02-13 16:15:00,real_time_price,-50.0,peak,-22.37916660308838
2026-02-13 16:30:00,real_time_price,-50.0,peak,3.110807418823242
2026-02-13 16:45:00,real_time_price,145.83,peak,26.435874938964844
2026-02-13 17:00:00,real_time_price,310.0,peak,175.07522678375244
2026-02-13 17:15:00,real_time_price,325.7,peak,296.9166946411133
2026-02-13 17:30:00,real_time_price,357.6,peak,301.5834503173828
2026-02-13 17:45:00,real_time_price,389.21,peak,328.2851448059082
2026-02-13 18:00:00,real_time_price,360.0,peak,364.5932502746582
2026-02-13 18:15:00,real_time_price,360.0,peak,316.4997224807739
2026-02-13 18:30:00,real_time_price,299.59,peak,358.4146251678467
2026-02-13 18:45:00,real_time_price,340.0,peak,346.1272659301758
2026-02-13 19:00:00,real_time_price,353.7,flat,317.31480598449707
2026-02-13 19:15:00,real_time_price,310.0,flat,342.0787982940674
2026-02-13 19:30:00,real_time_price,370.87,flat,313.50815773010254
2026-02-13 19:45:00,real_time_price,300.0,flat,334.78839349746704
2026-02-13 20:00:00,real_time_price,275.0,flat,305.821270942688
2026-02-13 20:15:00,real_time_price,300.42,flat,270.8584461212158
2026-02-13 20:30:00,real_time_price,973.16,flat,296.7421636581421
2026-02-13 20:45:00,real_time_price,440.03,flat,361.644082069397
2026-02-13 21:00:00,real_time_price,360.0,flat,387.4988832473755
2026-02-13 21:15:00,real_time_price,352.0,flat,364.362548828125
2026-02-13 21:30:00,real_time_price,475.58,flat,391.77960205078125
2026-02-13 21:45:00,real_time_price,808.1,flat,397.8480439186096
2026-02-13 22:00:00,real_time_price,822.94,flat,578.9738216400146
2026-02-13 22:15:00,real_time_price,874.27,flat,532.9471192359924
2026-02-13 22:30:00,real_time_price,536.0,flat,665.8236894607544
2026-02-13 22:45:00,real_time_price,600.0,flat,503.67032194137573
2026-02-13 23:00:00,real_time_price,536.0,flat,455.63996839523315
2026-02-13 23:15:00,real_time_price,448.47,flat,392.8132333755493
2026-02-13 23:30:00,real_time_price,454.29,flat,387.92227935791016
2026-02-13 23:45:00,real_time_price,536.0,flat,385.5798535346985
2026-02-14 00:00:00,real_time_price,456.42,valley,410.05858039855957
2026-02-14 00:15:00,real_time_price,430.79,valley,345.647008895874
2026-02-14 00:30:00,real_time_price,1119.0,valley,605.1835570335388
2026-02-14 00:45:00,real_time_price,200.0,valley,563.8811609745026
2026-02-14 01:00:00,real_time_price,286.6,valley,357.7063498497009
2026-02-14 01:15:00,real_time_price,458.0,valley,364.32347536087036
2026-02-14 01:30:00,real_time_price,432.6,valley,344.7675790786743
2026-02-14 01:45:00,real_time_price,400.0,valley,339.13876819610596
2026-02-14 02:00:00,real_time_price,461.7,valley,350.8284168243408
2026-02-14 02:15:00,real_time_price,420.0,valley,366.94874334335327
2026-02-14 02:30:00,real_time_price,434.71,valley,359.4663586616516
2026-02-14 02:45:00,real_time_price,434.71,valley,372.05347204208374
2026-02-14 03:00:00,real_time_price,599.9,valley,355.03806591033936
2026-02-14 03:15:00,real_time_price,380.99,valley,407.56124448776245
2026-02-14 03:30:00,real_time_price,380.99,valley,286.6340935230255
2026-02-14 03:45:00,real_time_price,399.9,valley,329.8618788719177
2026-02-14 04:00:00,real_time_price,380.99,valley,333.6175465583801
2026-02-14 04:15:00,real_time_price,396.81,valley,324.956978559494
2026-02-14 04:30:00,real_time_price,341.0,valley,337.8094627857208
2026-02-14 04:45:00,real_time_price,396.81,valley,306.3569452762604
2026-02-14 05:00:00,real_time_price,370.2,valley,325.79152393341064
2026-02-14 05:15:00,real_time_price,320.0,valley,342.34685134887695
2026-02-14 05:30:00,real_time_price,370.2,valley,287.8745083808899
2026-02-14 05:45:00,real_time_price,350.0,valley,305.8887348175049
2026-02-14 06:00:00,real_time_price,356.0,valley,325.6996898651123
2026-02-14 06:15:00,real_time_price,354.6,valley,324.6237382888794
2026-02-14 06:30:00,real_time_price,344.05,valley,345.3639154434204
2026-02-14 06:45:00,real_time_price,350.0,valley,328.6272015571594
2026-02-14 07:00:00,real_time_price,386.9,valley,343.68657779693604
2026-02-14 07:15:00,real_time_price,399.9,valley,342.7481927871704
2026-02-14 07:30:00,real_time_price,400.0,valley,387.5196580886841
2026-02-14 07:45:00,real_time_price,344.05,valley,395.83701038360596
2026-02-14 08:00:00,real_time_price,414.61,flat,371.44599628448486
2026-02-14 08:15:00,real_time_price,400.0,flat,438.7578864097595
2026-02-14 08:30:00,real_time_price,400.0,flat,427.0188980102539
2026-02-14 08:45:00,real_time_price,280.0,flat,370.3418483734131
2026-02-14 09:00:00,real_time_price,43.25,flat,320.76167392730713
2026-02-14 09:15:00,real_time_price,146.68,flat,227.7863063812256
2026-02-14 09:30:00,real_time_price,210.0,flat,165.85908889770508
2026-02-14 09:45:00,real_time_price,43.25,flat,197.30377388000488
2026-02-14 10:00:00,real_time_price,145.83,peak,70.63502025604248
2026-02-14 10:15:00,real_time_price,145.83,peak,134.69544982910156
2026-02-14 10:30:00,real_time_price,43.25,peak,152.9840965270996
2026-02-14 10:45:00,real_time_price,-50.0,peak,87.82099533081055
2026-02-14 11:00:00,real_time_price,-50.0,peak,72.38843536376953
2026-02-14 11:15:00,real_time_price,-50.0,peak,98.4423999786377
2026-02-14 11:30:00,real_time_price,-50.0,peak,81.24491214752197
2026-02-14 11:45:00,real_time_price,-50.0,peak,57.267653465270996
2026-02-14 12:00:00,real_time_price,145.83,flat,87.39148712158203
2026-02-14 12:15:00,real_time_price,43.25,flat,63.34819984436035
2026-02-14 12:30:00,real_time_price,43.25,flat,176.19753646850586
2026-02-14 12:45:00,real_time_price,108.96,flat,161.27651405334473
2026-02-14 13:00:00,real_time_price,17.33,flat,132.056378364563
2026-02-14 13:15:00,real_time_price,17.49,flat,144.97492599487305
2026-02-14 13:30:00,real_time_price,17.34,flat,174.1715850830078
2026-02-14 13:45:00,real_time_price,-50.0,flat,192.0733585357666
2026-02-14 14:00:00,real_time_price,6.5,peak,185.74061584472656
2026-02-14 14:15:00,real_time_price,135.14,peak,228.0840721130371
2026-02-14 14:30:00,real_time_price,43.23,peak,208.6899757385254
2026-02-14 14:45:00,real_time_price,123.09,peak,133.74671173095703
2026-02-14 15:00:00,real_time_price,22.17,peak,79.8112564086914
2026-02-14 15:15:00,real_time_price,99.35,peak,134.08986282348633
2026-02-14 15:30:00,real_time_price,68.53,peak,138.4144744873047
2026-02-14 15:45:00,real_time_price,-50.0,peak,211.5604591369629
2026-02-14 16:00:00,real_time_price,-50.0,peak,167.5336151123047
2026-02-14 16:15:00,real_time_price,-7.0,peak,115.46226501464844
2026-02-14 16:30:00,real_time_price,-50.0,peak,163.74999237060547
2026-02-14 16:45:00,real_time_price,145.83,peak,65.1243200302124
2026-02-14 17:00:00,real_time_price,255.1,peak,277.3058166503906
2026-02-14 17:15:00,real_time_price,300.0,peak,277.22289752960205
2026-02-14 17:30:00,real_time_price,372.0,peak,334.5117766857147
2026-02-14 17:45:00,real_time_price,328.84,peak,368.9609658718109
2026-02-14 18:00:00,real_time_price,440.0,peak,381.8833181858063
2026-02-14 18:15:00,real_time_price,391.54,peak,400.67997884750366
2026-02-14 18:30:00,real_time_price,417.65,peak,523.5891466140747
2026-02-14 18:45:00,real_time_price,448.47,peak,488.28912448883057
2026-02-14 19:00:00,real_time_price,451.1,flat,463.9583477973938
2026-02-14 19:15:00,real_time_price,325.0,flat,437.3108706474304
2026-02-14 19:30:00,real_time_price,278.3,flat,374.1195731163025
2026-02-14 19:45:00,real_time_price,320.0,flat,348.46425676345825
2026-02-14 20:00:00,real_time_price,539.0,flat,321.62826323509216
2026-02-14 20:15:00,real_time_price,539.0,flat,450.72517490386963
2026-02-14 20:30:00,real_time_price,478.0,flat,560.5954761505127
2026-02-14 20:45:00,real_time_price,448.47,flat,495.7251207828522
2026-02-14 21:00:00,real_time_price,412.65,flat,436.31981587409973
2026-02-14 21:15:00,real_time_price,446.84,flat,421.344566822052
2026-02-14 21:30:00,real_time_price,370.0,flat,476.81156635284424
2026-02-14 21:45:00,real_time_price,437.26,flat,412.528443813324
2026-02-14 22:00:00,real_time_price,412.82,flat,508.72742319107056
2026-02-14 22:15:00,real_time_price,438.95,flat,444.6452634334564
2026-02-14 22:30:00,real_time_price,409.65,flat,455.75546765327454
2026-02-14 22:45:00,real_time_price,750.0,flat,418.65465021133423
2026-02-14 23:00:00,real_time_price,435.13,flat,422.49581718444824
2026-02-14 23:15:00,real_time_price,372.11,flat,513.8466992378235
2026-02-14 23:30:00,real_time_price,355.22,flat,376.24367594718933
2026-02-14 23:45:00,real_time_price,386.9,flat,350.8356342315674
2026-02-15 00:00:00,real_time_price,370.2,valley,377.2382695674896
2026-02-15 00:15:00,real_time_price,298.0,valley,368.36100125312805
2026-02-15 00:30:00,real_time_price,791.0,valley,550.6230812072754
2026-02-15 00:45:00,real_time_price,280.3,valley,353.84883308410645
2026-02-15 01:00:00,real_time_price,353.7,valley,400.62331914901733
2026-02-15 01:15:00,real_time_price,381.7,valley,361.1991066932678
2026-02-15 01:30:00,real_time_price,346.88,valley,311.12223196029663
2026-02-15 01:45:00,real_time_price,332.0,valley,346.0644931793213
2026-02-15 02:00:00,real_time_price,346.88,valley,330.44899702072144
2026-02-15 02:15:00,real_time_price,325.0,valley,354.03527784347534
2026-02-15 02:30:00,real_time_price,399.9,valley,304.85954189300537
2026-02-15 02:45:00,real_time_price,386.04,valley,381.90229892730713
2026-02-15 03:00:00,real_time_price,340.0,valley,368.0493016242981
2026-02-15 03:15:00,real_time_price,358.0,valley,257.73375177383423
2026-02-15 03:30:00,real_time_price,334.0,valley,273.45869398117065
2026-02-15 03:45:00,real_time_price,290.0,valley,317.7398738861084
2026-02-15 04:00:00,real_time_price,295.0,valley,238.60013914108276
2026-02-15 04:15:00,real_time_price,295.0,valley,237.3859088420868
2026-02-15 04:30:00,real_time_price,295.0,valley,196.58665800094604
2026-02-15 04:45:00,real_time_price,300.0,valley,262.34884214401245
2026-02-15 05:00:00,real_time_price,290.0,valley,223.38658237457275
2026-02-15 05:15:00,real_time_price,300.0,valley,213.8069314956665
2026-02-15 05:30:00,real_time_price,290.0,valley,231.06620693206787
2026-02-15 05:45:00,real_time_price,295.6,valley,243.98538732528687
2026-02-15 06:00:00,real_time_price,300.0,valley,224.26191091537476
2026-02-15 06:15:00,real_time_price,306.0,valley,222.499370098114
2026-02-15 06:30:00,real_time_price,283.0,valley,228.56478548049927
2026-02-15 06:45:00,real_time_price,302.0,valley,253.38689470291138
2026-02-15 07:00:00,real_time_price,320.0,valley,249.39916467666626
2026-02-15 07:15:00,real_time_price,334.0,valley,261.89554262161255
2026-02-15 07:30:00,real_time_price,310.0,valley,287.16804790496826
2026-02-15 07:45:00,real_time_price,333.49,valley,298.7525053024292
2026-02-15 08:00:00,real_time_price,353.7,flat,318.7788462638855
2026-02-15 08:15:00,real_time_price,354.6,flat,367.92735290527344
2026-02-15 08:30:00,real_time_price,400.0,flat,384.8666458129883
2026-02-15 08:45:00,real_time_price,370.43,flat,398.32340908050537
2026-02-15 09:00:00,real_time_price,43.25,flat,360.5752773284912
2026-02-15 09:15:00,real_time_price,145.83,flat,234.90120315551758
2026-02-15 09:30:00,real_time_price,60.0,flat,195.90838718414307
2026-02-15 09:45:00,real_time_price,43.25,flat,95.97660160064697
2026-02-15 10:00:00,real_time_price,60.0,peak,141.76161289215088
2026-02-15 10:15:00,real_time_price,145.83,peak,186.53078651428223
2026-02-15 10:30:00,real_time_price,102.5,peak,106.56618309020996
2026-02-15 10:45:00,real_time_price,109.96,peak,115.08602905273438
2026-02-15 11:00:00,real_time_price,187.1,peak,78.76468276977539
2026-02-15 11:15:00,real_time_price,109.18,peak,111.95020294189453
2026-02-15 11:30:00,real_time_price,43.25,peak,149.09256744384766
2026-02-15 11:45:00,real_time_price,196.67,peak,186.28516006469727
2026-02-15 12:00:00,real_time_price,31.23,flat,105.46154022216797
2026-02-15 12:15:00,real_time_price,48.79,flat,38.15968132019043
2026-02-15 12:30:00,real_time_price,50.1,flat,98.67622184753418
2026-02-15 12:45:00,real_time_price,47.09,flat,100.95597171783447
2026-02-15 13:00:00,real_time_price,50.1,flat,96.83060455322266
2026-02-15 13:15:00,real_time_price,50.1,flat,86.24625396728516
2026-02-15 13:30:00,real_time_price,46.7,flat,109.51510715484619
2026-02-15 13:45:00,real_time_price,50.1,flat,140.58754920959473
2026-02-15 14:00:00,real_time_price,43.25,peak,212.3630142211914
2026-02-15 14:15:00,real_time_price,43.25,peak,211.32232284545898
2026-02-15 14:30:00,real_time_price,43.25,peak,201.16021728515625
2026-02-15 14:45:00,real_time_price,145.83,peak,222.16228485107422
2026-02-15 15:00:00,real_time_price,43.25,peak,107.33795166015625
2026-02-15 15:15:00,real_time_price,43.25,peak,229.40587615966797
2026-02-15 15:30:00,real_time_price,105.72,peak,230.54243850708008
2026-02-15 15:45:00,real_time_price,43.25,peak,160.0840835571289
2026-02-15 16:00:00,real_time_price,43.25,peak,237.71864700317383
2026-02-15 16:15:00,real_time_price,43.25,peak,251.40504837036133
2026-02-15 16:30:00,real_time_price,103.93,peak,246.86953163146973
2026-02-15 16:45:00,real_time_price,146.68,peak,213.59422874450684
2026-02-15 17:00:00,real_time_price,43.25,peak,218.90403079986572
2026-02-15 17:15:00,real_time_price,43.25,peak,245.19434213638306
2026-02-15 17:30:00,real_time_price,300.0,peak,256.39879846572876
2026-02-15 17:45:00,real_time_price,305.0,peak,276.8493432998657
2026-02-15 18:00:00,real_time_price,295.0,peak,322.86217975616455
2026-02-15 18:15:00,real_time_price,320.0,peak,312.9545407295227
2026-02-15 18:30:00,real_time_price,580.0,peak,350.24262619018555
2026-02-15 18:45:00,real_time_price,445.77,peak,429.8718891143799
2026-02-15 19:00:00,real_time_price,476.64,flat,407.08629989624023
2026-02-15 19:15:00,real_time_price,290.0,flat,447.6031565666199
2026-02-15 19:30:00,real_time_price,499.17,flat,350.92410945892334
2026-02-15 19:45:00,real_time_price,456.42,flat,401.08583545684814
2026-02-15 20:00:00,real_time_price,537.0,flat,415.23039531707764
2026-02-15 20:15:00,real_time_price,400.3,flat,431.4553894996643
2026-02-15 20:30:00,real_time_price,338.0,flat,447.3509593009949
2026-02-15 20:45:00,real_time_price,445.77,flat,403.18635845184326
2026-02-15 21:00:00,real_time_price,586.94,flat,402.6994309425354
2026-02-15 21:15:00,real_time_price,463.29,flat,462.14802074432373
2026-02-15 21:30:00,real_time_price,476.8,flat,503.3550796508789
2026-02-15 21:45:00,real_time_price,453.76,flat,484.65046072006226
2026-02-15 22:00:00,real_time_price,456.42,flat,477.99594831466675
2026-02-15 22:15:00,real_time_price,463.29,flat,459.40318489074707
2026-02-15 22:30:00,real_time_price,455.88,flat,476.8979482650757
2026-02-15 22:45:00,real_time_price,443.18,flat,456.7208409309387
2026-02-15 23:00:00,real_time_price,429.81,flat,452.0893199443817
2026-02-15 23:15:00,real_time_price,435.0,flat,416.46756649017334
2026-02-15 23:30:00,real_time_price,575.31,flat,427.83181500434875
2026-02-15 23:45:00,real_time_price,399.9,flat,471.6222548484802
2026-02-16 00:00:00,real_time_price,400.0,valley,326.9071202278137
2026-02-16 00:15:00,real_time_price,305.0,valley,340.6377730369568
2026-02-16 00:30:00,real_time_price,1119.0,valley,854.6531753540039
2026-02-16 00:45:00,real_time_price,275.0,valley,480.5248546600342
2026-02-16 01:00:00,real_time_price,599.9,valley,386.0338649749756
2026-02-16 01:15:00,real_time_price,471.75,valley,362.3625707626343
2026-02-16 01:30:00,real_time_price,440.45,valley,361.07587909698486
2026-02-16 01:45:00,real_time_price,419.16,valley,327.07448840141296
2026-02-16 02:00:00,real_time_price,461.7,valley,342.3379259109497
2026-02-16 02:15:00,real_time_price,400.3,valley,308.62223172187805
2026-02-16 02:30:00,real_time_price,460.0,valley,371.3017852306366
2026-02-16 02:45:00,real_time_price,400.3,valley,349.9754309654236
2026-02-16 03:00:00,real_time_price,350.0,valley,331.0675632953644
2026-02-16 03:15:00,real_time_price,370.0,valley,291.1098518371582
2026-02-16 03:30:00,real_time_price,330.2,valley,272.11204624176025
2026-02-16 03:45:00,real_time_price,370.0,valley,305.7848930358887
2026-02-16 04:00:00,real_time_price,370.0,valley,288.5903103351593
2026-02-16 04:15:00,real_time_price,400.0,valley,301.12184143066406
2026-02-16 04:30:00,real_time_price,461.7,valley,298.906946182251
2026-02-16 04:45:00,real_time_price,391.54,valley,329.2892744541168
2026-02-16 05:00:00,real_time_price,380.0,valley,332.9352204799652
2026-02-16 05:15:00,real_time_price,359.88,valley,329.28856086730957
2026-02-16 05:30:00,real_time_price,370.43,valley,261.215528011322
2026-02-16 05:45:00,real_time_price,380.99,valley,296.5203332901001
2026-02-16 06:00:00,real_time_price,397.45,valley,311.7175769805908
2026-02-16 06:15:00,real_time_price,402.09,valley,338.4684715270996
2026-02-16 06:30:00,real_time_price,300.0,valley,339.8804922103882
2026-02-16 06:45:00,real_time_price,400.0,valley,296.3129949569702
2026-02-16 07:00:00,real_time_price,399.9,valley,275.16241908073425
2026-02-16 07:15:00,real_time_price,415.67,valley,340.73694705963135
2026-02-16 07:30:00,real_time_price,423.2,valley,354.9030497074127
2026-02-16 07:45:00,real_time_price,471.75,valley,361.59672832489014
2026-02-16 08:00:00,real_time_price,473.45,flat,436.8844938278198
2026-02-16 08:15:00,real_time_price,480.0,flat,480.640248298645
2026-02-16 08:30:00,real_time_price,533.0,flat,535.8920917510986
2026-02-16 08:45:00,real_time_price,399.9,flat,514.232898235321
2026-02-16 09:00:00,real_time_price,300.0,flat,364.6325888633728
2026-02-16 09:15:00,real_time_price,391.54,flat,256.20239067077637
2026-02-16 09:30:00,real_time_price,353.7,flat,396.934739112854
2026-02-16 09:45:00,real_time_price,290.0,flat,320.0114154815674
2026-02-16 10:00:00,real_time_price,146.68,peak,251.49588012695312
2026-02-16 10:15:00,real_time_price,146.68,peak,249.4668788909912
2026-02-16 10:30:00,real_time_price,275.0,peak,223.6421937942505
2026-02-16 10:45:00,real_time_price,145.83,peak,304.36103439331055
2026-02-16 11:00:00,real_time_price,220.0,peak,172.27834796905518
2026-02-16 11:15:00,real_time_price,146.68,peak,212.35737228393555
2026-02-16 11:30:00,real_time_price,145.83,peak,211.08844184875488
2026-02-16 11:45:00,real_time_price,146.68,peak,165.26572036743164
2026-02-16 12:00:00,real_time_price,145.83,flat,112.31259822845459
2026-02-16 12:15:00,real_time_price,145.83,flat,84.64156436920166
2026-02-16 12:30:00,real_time_price,146.68,flat,160.0303955078125
2026-02-16 12:45:00,real_time_price,148.48,flat,160.6632022857666
2026-02-16 13:00:00,real_time_price,145.83,flat,147.94676685333252
2026-02-16 13:15:00,real_time_price,146.68,flat,165.15229320526123
2026-02-16 13:30:00,real_time_price,99.18,flat,198.53412055969238
2026-02-16 13:45:00,real_time_price,27.68,flat,195.44415760040283
2026-02-16 14:00:00,real_time_price,20.89,peak,266.39940547943115
2026-02-16 14:15:00,real_time_price,155.34,peak,251.57374000549316
2026-02-16 14:30:00,real_time_price,17.49,peak,131.3561773300171
2026-02-16 14:45:00,real_time_price,146.68,peak,245.44849681854248
2026-02-16 15:00:00,real_time_price,146.68,peak,328.19740104675293
2026-02-16 15:15:00,real_time_price,155.43,peak,165.02062702178955
2026-02-16 15:30:00,real_time_price,235.1,peak,228.4896240234375
2026-02-16 15:45:00,real_time_price,270.0,peak,220.91288375854492
2026-02-16 16:00:00,real_time_price,269.0,peak,300.92995738983154
2026-02-16 16:15:00,real_time_price,280.0,peak,268.14529037475586
2026-02-16 16:30:00,real_time_price,320.0,peak,294.12046241760254
2026-02-16 16:45:00,real_time_price,361.0,peak,316.80031394958496
2026-02-16 17:00:00,real_time_price,356.0,peak,321.2733507156372
2026-02-16 17:15:00,real_time_price,300.0,peak,354.94137477874756
2026-02-16 17:30:00,real_time_price,335.7,peak,381.53338050842285
2026-02-16 17:45:00,real_time_price,250.0,peak,335.8284344673157
2026-02-16 18:00:00,real_time_price,288.0,peak,292.4886016845703
2026-02-16 18:15:00,real_time_price,43.25,peak,292.6507320404053
2026-02-16 18:30:00,real_time_price,278.3,peak,304.64299488067627
2026-02-16 18:45:00,real_time_price,325.0,peak,327.8044629096985
2026-02-16 19:00:00,real_time_price,245.1,flat,333.15308237075806
2026-02-16 19:15:00,real_time_price,275.0,flat,223.1249861717224
2026-02-16 19:30:00,real_time_price,427.23,flat,314.64931297302246
2026-02-16 19:45:00,real_time_price,419.16,flat,343.2022337913513
2026-02-16 20:00:00,real_time_price,446.72,flat,386.49875354766846
2026-02-16 20:15:00,real_time_price,558.04,flat,426.39070749282837
2026-02-16 20:30:00,real_time_price,493.97,flat,508.714852809906
2026-02-16 20:45:00,real_time_price,372.11,flat,514.2439684867859
2026-02-16 21:00:00,real_time_price,315.0,flat,400.868004322052
2026-02-16 21:15:00,real_time_price,397.87,flat,363.8054552078247
2026-02-16 21:30:00,real_time_price,372.0,flat,431.1971025466919
2026-02-16 21:45:00,real_time_price,398.82,flat,394.66405963897705
2026-02-16 22:00:00,real_time_price,391.54,flat,424.3720359802246
2026-02-16 22:15:00,real_time_price,371.49,flat,420.43984842300415
2026-02-16 22:30:00,real_time_price,397.87,flat,366.50452423095703
2026-02-16 22:45:00,real_time_price,412.65,flat,401.79748702049255
2026-02-16 23:00:00,real_time_price,391.54,flat,432.7143313884735
2026-02-16 23:15:00,real_time_price,599.13,flat,385.8521590232849
2026-02-16 23:30:00,real_time_price,391.54,flat,456.2913029193878
2026-02-16 23:45:00,real_time_price,399.9,flat,436.48113989830017
2026-02-17 00:00:00,real_time_price,400.0,valley,386.26120257377625
2026-02-17 00:15:00,real_time_price,308.0,valley,372.79149174690247
2026-02-17 00:30:00,real_time_price,1119.0,valley,673.3103785514832
2026-02-17 00:45:00,real_time_price,269.0,valley,520.7876238822937
2026-02-17 01:00:00,real_time_price,270.0,valley,432.8810577392578
2026-02-17 01:15:00,real_time_price,350.0,valley,342.4583992958069
2026-02-17 01:30:00,real_time_price,295.0,valley,387.4396605491638
2026-02-17 01:45:00,real_time_price,295.0,valley,296.0828447341919
2026-02-17 02:00:00,real_time_price,280.0,valley,269.90232253074646
2026-02-17 02:15:00,real_time_price,269.0,valley,267.02970838546753
2026-02-17 02:30:00,real_time_price,230.0,valley,267.09537172317505
2026-02-17 02:45:00,real_time_price,245.1,valley,225.86392045021057
2026-02-17 03:00:00,real_time_price,269.0,valley,204.47617626190186
2026-02-17 03:15:00,real_time_price,260.2,valley,183.47163200378418
2026-02-17 03:30:00,real_time_price,257.0,valley,178.13344192504883
2026-02-17 03:45:00,real_time_price,245.0,valley,218.83543634414673
2026-02-17 04:00:00,real_time_price,245.2,valley,189.71358489990234
2026-02-17 04:15:00,real_time_price,43.25,valley,178.9122176170349
2026-02-17 04:30:00,real_time_price,43.25,valley,125.9073076248169
2026-02-17 04:45:00,real_time_price,43.25,valley,252.34026050567627
2026-02-17 05:00:00,real_time_price,80.0,valley,269.27543115615845
2026-02-17 05:15:00,real_time_price,43.25,valley,171.98057460784912
2026-02-17 05:30:00,real_time_price,43.25,valley,173.29624962806702
2026-02-17 05:45:00,real_time_price,43.25,valley,327.4092540740967
2026-02-17 06:00:00,real_time_price,129.6,valley,320.7750082015991
2026-02-17 06:15:00,real_time_price,80.0,valley,181.746901512146
2026-02-17 06:30:00,real_time_price,43.25,valley,126.92338705062866
2026-02-17 06:45:00,real_time_price,43.25,valley,366.31516695022583
2026-02-17 07:00:00,real_time_price,43.25,valley,357.9088854789734
2026-02-17 07:15:00,real_time_price,43.25,valley,353.0897288322449
2026-02-17 07:30:00,real_time_price,43.25,valley,359.76940727233887
2026-02-17 07:45:00,real_time_price,257.0,valley,361.7630214691162
2026-02-17 08:00:00,real_time_price,195.15,flat,184.27436923980713
2026-02-17 08:15:00,real_time_price,235.1,flat,201.0300006866455
2026-02-17 08:30:00,real_time_price,358.0,flat,253.68880891799927
2026-02-17 08:45:00,real_time_price,295.0,flat,292.9728102684021
2026-02-17 09:00:00,real_time_price,280.5,flat,189.05600261688232
2026-02-17 09:15:00,real_time_price,400.06,flat,245.83837413787842
2026-02-17 09:30:00,real_time_price,300.0,flat,343.21081018447876
2026-02-17 09:45:00,real_time_price,280.5,flat,256.07013416290283
2026-02-17 10:00:00,real_time_price,290.0,peak,277.76013946533203
2026-02-17 10:15:00,real_time_price,281.0,peak,249.30836486816406
2026-02-17 10:30:00,real_time_price,295.0,peak,287.4422883987427
2026-02-17 10:45:00,real_time_price,43.25,peak,268.8666172027588
2026-02-17 11:00:00,real_time_price,264.77,peak,129.4326515197754
2026-02-17 11:15:00,real_time_price,17.49,peak,314.3830041885376
2026-02-17 11:30:00,real_time_price,284.94,peak,111.77518939971924
2026-02-17 11:45:00,real_time_price,1119.0,peak,256.959997177124
2026-02-17 12:00:00,real_time_price,-50.0,flat,466.5419235229492
2026-02-17 12:15:00,real_time_price,310.6,flat,60.551629066467285
2026-02-17 12:30:00,real_time_price,270.3,flat,333.8964605331421
2026-02-17 12:45:00,real_time_price,800.0,flat,328.593976020813
2026-02-17 13:00:00,real_time_price,450.0,flat,529.2281141281128
2026-02-17 13:15:00,real_time_price,358.0,flat,338.1893711090088
2026-02-17 13:30:00,real_time_price,420.0,flat,378.747314453125
2026-02-17 13:45:00,real_time_price,425.0,flat,435.1969680786133
2026-02-17 14:00:00,real_time_price,295.0,peak,536.7473125457764
2026-02-17 14:15:00,real_time_price,146.68,peak,268.7663793563843
2026-02-17 14:30:00,real_time_price,17.49,peak,222.15726947784424
2026-02-17 14:45:00,real_time_price,0.0,peak,200.4172420501709
2026-02-17 15:00:00,real_time_price,17.49,peak,87.6856517791748
2026-02-17 15:15:00,real_time_price,17.49,peak,184.40425491333008
2026-02-17 15:30:00,real_time_price,-50.0,peak,418.9153251647949
2026-02-17 15:45:00,real_time_price,-50.0,peak,86.81949996948242
2026-02-17 16:00:00,real_time_price,68.53,peak,300.8051643371582
2026-02-17 16:15:00,real_time_price,0.0,peak,388.38811111450195
2026-02-17 16:30:00,real_time_price,17.49,peak,132.06549453735352
2026-02-17 16:45:00,real_time_price,0.0,peak,143.49733352661133
2026-02-17 17:00:00,real_time_price,100.0,peak,145.0618133544922
2026-02-17 17:15:00,real_time_price,-50.0,peak,227.48782014846802
2026-02-17 17:30:00,real_time_price,-50.0,peak,148.35377955436707
2026-02-17 17:45:00,real_time_price,245.2,peak,110.12636518478394
2026-02-17 18:00:00,real_time_price,260.3,peak,258.61612200737
2026-02-17 18:15:00,real_time_price,350.0,peak,259.53104162216187
2026-02-17 18:30:00,real_time_price,295.8,peak,281.33695459365845
2026-02-17 18:45:00,real_time_price,-50.0,peak,327.59203577041626
2026-02-17 19:00:00,real_time_price,270.0,flat,154.32650518417358
2026-02-17 19:15:00,real_time_price,53.8,flat,341.88663387298584
2026-02-17 19:30:00,real_time_price,-50.0,flat,164.98744297027588
2026-02-17 19:45:00,real_time_price,245.0,flat,25.590604782104492
2026-02-17 20:00:00,real_time_price,339.08,flat,321.2014718055725
2026-02-17 20:15:00,real_time_price,270.3,flat,218.90737628936768
2026-02-17 20:30:00,real_time_price,287.0,flat,167.68263483047485
2026-02-17 20:45:00,real_time_price,287.0,flat,299.81906819343567
2026-02-17 21:00:00,real_time_price,265.1,flat,276.38429284095764
2026-02-17 21:15:00,real_time_price,269.0,flat,269.1632914543152
2026-02-17 21:30:00,real_time_price,286.6,flat,279.71778321266174
2026-02-17 21:45:00,real_time_price,282.0,flat,294.06360697746277
2026-02-17 22:00:00,real_time_price,290.0,flat,286.7554144859314
2026-02-17 22:15:00,real_time_price,290.0,flat,288.6637966632843
2026-02-17 22:30:00,real_time_price,290.8,flat,278.5402662754059
2026-02-17 22:45:00,real_time_price,295.0,flat,264.3228018283844
2026-02-17 23:00:00,real_time_price,328.0,flat,276.7454435825348
2026-02-17 23:15:00,real_time_price,270.0,flat,307.13322734832764
2026-02-17 23:30:00,real_time_price,260.0,flat,238.70724534988403
2026-02-17 23:45:00,real_time_price,269.0,flat,269.9866347312927
2026-02-18 00:00:00,real_time_price,287.0,valley,230.81319165229797
2026-02-18 00:15:00,real_time_price,50.0,valley,235.14800214767456
2026-02-18 00:30:00,real_time_price,0.0,valley,214.62325048446655
2026-02-18 00:45:00,real_time_price,280.5,valley,102.81719636917114
2026-02-18 01:00:00,real_time_price,327.0,valley,90.92745327949524
2026-02-18 01:15:00,real_time_price,270.3,valley,143.64226722717285
2026-02-18 01:30:00,real_time_price,260.0,valley,206.96009850502014
2026-02-18 01:45:00,real_time_price,255.1,valley,260.3301601409912
2026-02-18 02:00:00,real_time_price,245.1,valley,209.27076530456543
2026-02-18 02:15:00,real_time_price,180.0,valley,212.75015306472778
2026-02-18 02:30:00,real_time_price,50.0,valley,126.8025255203247
2026-02-18 02:45:00,real_time_price,0.0,valley,155.49164819717407
2026-02-18 03:00:00,real_time_price,0.0,valley,33.55792999267578
2026-02-18 03:15:00,real_time_price,22.45,valley,-4.684729039669037
2026-02-18 03:30:00,real_time_price,0.0,valley,2.302598476409912
2026-02-18 03:45:00,real_time_price,-50.0,valley,-14.005996227264404
2026-02-18 04:00:00,real_time_price,0.0,valley,-39.59557104110718
2026-02-18 04:15:00,real_time_price,-50.0,valley,-12.16619062423706
2026-02-18 04:30:00,real_time_price,-50.0,valley,6.733996391296387
2026-02-18 04:45:00,real_time_price,22.45,valley,-41.26463723182678
2026-02-18 05:00:00,real_time_price,43.25,valley,-55.482720136642456
2026-02-18 05:15:00,real_time_price,0.0,valley,-1.1385464668273926
2026-02-18 05:30:00,real_time_price,0.0,valley,-16.294127464294434
2026-02-18 05:45:00,real_time_price,0.0,valley,-4.99482798576355
2026-02-18 06:00:00,real_time_price,43.25,valley,12.289438486099243
2026-02-18 06:15:00,real_time_price,43.25,valley,7.9924376010894775
2026-02-18 06:30:00,real_time_price,43.25,valley,71.0463695526123
2026-02-18 06:45:00,real_time_price,43.25,valley,95.11599636077881
2026-02-18 07:00:00,real_time_price,43.25,valley,117.5936508178711
2026-02-18 07:15:00,real_time_price,99.6,valley,106.34519672393799
2026-02-18 07:30:00,real_time_price,43.25,valley,139.68346881866455
2026-02-18 07:45:00,real_time_price,153.0,valley,135.82637786865234
2026-02-18 08:00:00,real_time_price,310.0,flat,140.80651187896729
2026-02-18 08:15:00,real_time_price,265.3,flat,208.94910144805908
2026-02-18 08:30:00,real_time_price,358.0,flat,244.27914905548096
2026-02-18 08:45:00,real_time_price,293.0,flat,281.40978240966797
2026-02-18 09:00:00,real_time_price,295.0,flat,187.75566720962524
2026-02-18 09:15:00,real_time_price,330.7,flat,197.36170291900635
2026-02-18 09:30:00,real_time_price,316.0,flat,254.91218280792236
2026-02-18 09:45:00,real_time_price,328.0,flat,271.42705154418945
2026-02-18 10:00:00,real_time_price,328.0,peak,322.5375289916992
2026-02-18 10:15:00,real_time_price,320.0,peak,292.0019474029541
2026-02-18 10:30:00,real_time_price,290.3,peak,298.5046138763428
2026-02-18 10:45:00,real_time_price,190.0,peak,286.0949993133545
2026-02-18 11:00:00,real_time_price,190.0,peak,280.27851486206055
2026-02-18 11:15:00,real_time_price,155.43,peak,190.35176849365234
2026-02-18 11:30:00,real_time_price,153.0,peak,221.8898639678955
2026-02-18 11:45:00,real_time_price,0.0,peak,121.9194107055664
2026-02-18 12:00:00,real_time_price,1260.0,flat,37.159647941589355
2026-02-18 12:15:00,real_time_price,293.0,flat,271.8503255844116
2026-02-18 12:30:00,real_time_price,0.0,flat,237.3775119781494
2026-02-18 12:45:00,real_time_price,269.0,flat,344.0243968963623
2026-02-18 13:00:00,real_time_price,250.0,flat,339.3973217010498
2026-02-18 13:15:00,real_time_price,0.0,flat,195.84496688842773
2026-02-18 13:30:00,real_time_price,-50.0,flat,67.46344470977783
2026-02-18 13:45:00,real_time_price,-50.0,flat,83.54454612731934
2026-02-18 14:00:00,real_time_price,-50.0,peak,133.64366054534912
2026-02-18 14:15:00,real_time_price,-50.0,peak,-8.757150650024414
2026-02-18 14:30:00,real_time_price,-50.0,peak,-15.308374166488647
2026-02-18 14:45:00,real_time_price,-50.0,peak,-33.645076751708984
2026-02-18 15:00:00,real_time_price,17.49,peak,-23.328131914138794
2026-02-18 15:15:00,real_time_price,43.25,peak,40.67232131958008
2026-02-18 15:30:00,real_time_price,43.25,peak,46.74382019042969
2026-02-18 15:45:00,real_time_price,-50.0,peak,87.30721664428711
2026-02-18 16:00:00,real_time_price,-50.0,peak,193.49488067626953
2026-02-18 16:15:00,real_time_price,-50.0,peak,110.74641227722168
2026-02-18 16:30:00,real_time_price,-50.0,peak,117.87479782104492
2026-02-18 16:45:00,real_time_price,-50.0,peak,49.09200859069824
2026-02-18 17:00:00,real_time_price,50.0,peak,96.8290786743164
2026-02-18 17:15:00,real_time_price,0.0,peak,201.76051139831543
2026-02-18 17:30:00,real_time_price,-50.0,peak,161.46811771392822
2026-02-18 17:45:00,real_time_price,-50.0,peak,96.08098006248474
2026-02-18 18:00:00,real_time_price,250.0,peak,204.73354721069336
2026-02-18 18:15:00,real_time_price,260.0,peak,302.0411443710327
2026-02-18 18:30:00,real_time_price,270.0,peak,277.7947359085083
2026-02-18 18:45:00,real_time_price,285.0,peak,289.3365406990051
2026-02-18 19:00:00,real_time_price,295.0,flat,244.75036907196045
2026-02-18 19:15:00,real_time_price,285.3,flat,256.9672408103943
2026-02-18 19:30:00,real_time_price,290.0,flat,272.4570679664612
2026-02-18 19:45:00,real_time_price,288.6,flat,246.9299077987671
2026-02-18 20:00:00,real_time_price,285.3,flat,248.37879180908203
2026-02-18 20:15:00,real_time_price,280.0,flat,275.56539964675903
2026-02-18 20:30:00,real_time_price,325.7,flat,294.2031354904175
2026-02-18 20:45:00,real_time_price,290.0,flat,316.6165895462036
2026-02-18 21:00:00,real_time_price,286.6,flat,259.1541500091553
2026-02-18 21:15:00,real_time_price,325.0,flat,292.8428874015808
2026-02-18 21:30:00,real_time_price,400.3,flat,317.8942952156067
2026-02-18 21:45:00,real_time_price,317.0,flat,353.4288249015808
2026-02-18 22:00:00,real_time_price,317.0,flat,320.94172620773315
2026-02-18 22:15:00,real_time_price,298.0,flat,318.5190134048462
2026-02-18 22:30:00,real_time_price,295.0,flat,277.9384112358093
2026-02-18 22:45:00,real_time_price,290.0,flat,276.68226146698
2026-02-18 23:00:00,real_time_price,270.0,flat,265.4174590110779
2026-02-18 23:15:00,real_time_price,280.0,flat,270.5490243434906
2026-02-18 23:30:00,real_time_price,270.0,flat,279.4787526130676
2026-02-18 23:45:00,real_time_price,269.0,flat,268.3847360610962
2026-02-19 00:00:00,real_time_price,269.0,valley,245.37755155563354
2026-02-19 00:15:00,real_time_price,286.6,valley,209.67428588867188
2026-02-19 00:30:00,real_time_price,250.0,valley,292.40380001068115
2026-02-19 00:45:00,real_time_price,260.1,valley,268.3671398162842
2026-02-19 01:00:00,real_time_price,330.0,valley,222.23164749145508
2026-02-19 01:15:00,real_time_price,269.0,valley,286.67420387268066
2026-02-19 01:30:00,real_time_price,250.0,valley,262.3524522781372
2026-02-19 01:45:00,real_time_price,269.0,valley,234.95901584625244
2026-02-19 02:00:00,real_time_price,270.3,valley,238.29044723510742
2026-02-19 02:15:00,real_time_price,260.1,valley,227.4943141937256
2026-02-19 02:30:00,real_time_price,260.0,valley,213.23357009887695
2026-02-19 02:45:00,real_time_price,187.1,valley,219.29258155822754
2026-02-19 03:00:00,real_time_price,0.0,valley,168.71124267578125
2026-02-19 03:15:00,real_time_price,9.6,valley,50.583964347839355
2026-02-19 03:30:00,real_time_price,100.0,valley,14.364441871643066
2026-02-19 03:45:00,real_time_price,260.1,valley,72.65499210357666
2026-02-19 04:00:00,real_time_price,260.3,valley,127.2456922531128
2026-02-19 04:15:00,real_time_price,230.2,valley,150.35595321655273
2026-02-19 04:30:00,real_time_price,260.3,valley,130.1112461090088
2026-02-19 04:45:00,real_time_price,260.3,valley,197.78459358215332
2026-02-19 05:00:00,real_time_price,302.0,valley,189.83399868011475
2026-02-19 05:15:00,real_time_price,270.0,valley,198.44161319732666
2026-02-19 05:30:00,real_time_price,260.1,valley,226.98706436157227
2026-02-19 05:45:00,real_time_price,270.0,valley,220.24068069458008
2026-02-19 06:00:00,real_time_price,265.3,valley,237.73095035552979
2026-02-19 06:15:00,real_time_price,245.0,valley,201.77088356018066
2026-02-19 06:30:00,real_time_price,0.0,valley,187.89306831359863
2026-02-19 06:45:00,real_time_price,250.1,valley,124.07760047912598
2026-02-19 07:00:00,real_time_price,300.0,valley,221.05388355255127
2026-02-19 07:15:00,real_time_price,269.0,valley,185.12671566009521
2026-02-19 07:30:00,real_time_price,275.0,valley,201.94987201690674
2026-02-19 07:45:00,real_time_price,290.0,valley,226.79548740386963
2026-02-19 08:00:00,real_time_price,292.0,flat,287.80035972595215
2026-02-19 08:15:00,real_time_price,298.0,flat,296.25706577301025
2026-02-19 08:30:00,real_time_price,300.0,flat,301.73838901519775
2026-02-19 08:45:00,real_time_price,270.1,flat,267.42869758605957
2026-02-19 09:00:00,real_time_price,253.0,flat,228.9882001876831
2026-02-19 09:15:00,real_time_price,265.1,flat,208.79124069213867
2026-02-19 09:30:00,real_time_price,50.0,flat,250.5738353729248
2026-02-19 09:45:00,real_time_price,270.0,flat,137.78446292877197
2026-02-19 10:00:00,real_time_price,0.0,peak,179.97536087036133
2026-02-19 10:15:00,real_time_price,240.0,peak,153.78252983093262
2026-02-19 10:30:00,real_time_price,43.25,peak,151.66145133972168
2026-02-19 10:45:00,real_time_price,43.25,peak,120.52142715454102
2026-02-19 11:00:00,real_time_price,-50.0,peak,-3.1297988891601562
2026-02-19 11:15:00,real_time_price,-50.0,peak,-19.148213326931
2026-02-19 11:30:00,real_time_price,-50.0,peak,-23.433349132537842
2026-02-19 11:45:00,real_time_price,0.0,peak,-1.139190673828125
2026-02-19 12:00:00,real_time_price,-50.0,flat,15.60682201385498
2026-02-19 12:15:00,real_time_price,145.47,flat,-19.888147354125977
2026-02-19 12:30:00,real_time_price,43.25,flat,62.24622821807861
2026-02-19 12:45:00,real_time_price,-50.0,flat,111.31709289550781
2026-02-19 13:00:00,real_time_price,43.08,flat,-19.637569934129715
2026-02-19 13:15:00,real_time_price,-7.0,flat,107.96386337280273
2026-02-19 13:30:00,real_time_price,102.51,flat,38.997074127197266
2026-02-19 13:45:00,real_time_price,109.19,flat,120.0511245727539
2026-02-19 14:00:00,real_time_price,109.18,peak,98.92864227294922
2026-02-19 14:15:00,real_time_price,145.83,peak,12.349250793457031
2026-02-19 14:30:00,real_time_price,43.25,peak,22.402130126953125
2026-02-19 14:45:00,real_time_price,103.93,peak,35.53600311279297
2026-02-19 15:00:00,real_time_price,109.18,peak,9.74062728881836
2026-02-19 15:15:00,real_time_price,92.64,peak,58.997169494628906
2026-02-19 15:30:00,real_time_price,102.51,peak,40.91468048095703
2026-02-19 15:45:00,real_time_price,43.25,peak,56.8419189453125
2026-02-19 16:00:00,real_time_price,187.1,peak,32.35675048828125
2026-02-19 16:15:00,real_time_price,102.51,peak,139.6705093383789
2026-02-19 16:30:00,real_time_price,170.0,peak,107.19927215576172
2026-02-19 16:45:00,real_time_price,290.8,peak,166.32401084899902
2026-02-19 17:00:00,real_time_price,285.6,peak,230.45970916748047
2026-02-19 17:15:00,real_time_price,260.0,peak,261.39265060424805
2026-02-19 17:30:00,real_time_price,270.3,peak,256.37922191619873
2026-02-19 17:45:00,real_time_price,280.3,peak,241.54794883728027
2026-02-19 18:00:00,real_time_price,295.0,peak,269.9304928779602
2026-02-19 18:15:00,real_time_price,295.0,peak,255.233642578125
2026-02-19 18:30:00,real_time_price,300.0,peak,268.84235286712646
2026-02-19 18:45:00,real_time_price,310.0,peak,299.52212953567505
2026-02-19 19:00:00,real_time_price,399.97,flat,309.804172039032
2026-02-19 19:15:00,real_time_price,285.3,flat,346.39509105682373
2026-02-19 19:30:00,real_time_price,258.0,flat,346.2719712257385
2026-02-19 19:45:00,real_time_price,270.3,flat,294.9450526237488
2026-02-19 20:00:00,real_time_price,270.3,flat,277.3647389411926
2026-02-19 20:15:00,real_time_price,270.3,flat,279.39608335494995
2026-02-19 20:30:00,real_time_price,270.31,flat,285.80286598205566
2026-02-19 20:45:00,real_time_price,270.3,flat,289.5299754142761
2026-02-19 21:00:00,real_time_price,326.0,flat,284.39605379104614
2026-02-19 21:15:00,real_time_price,308.13,flat,323.6759214401245
2026-02-19 21:30:00,real_time_price,285.3,flat,327.987202167511
2026-02-19 21:45:00,real_time_price,330.0,flat,300.81780433654785
2026-02-19 22:00:00,real_time_price,307.21,flat,326.68186807632446
2026-02-19 22:15:00,real_time_price,300.0,flat,311.78282260894775
2026-02-19 22:30:00,real_time_price,300.0,flat,297.08148860931396
2026-02-19 22:45:00,real_time_price,307.79,flat,295.29929399490356
2026-02-19 23:00:00,real_time_price,292.03,flat,298.95936489105225
2026-02-19 23:15:00,real_time_price,310.29,flat,289.122953414917
2026-02-19 23:30:00,real_time_price,290.99,flat,300.45765447616577
2026-02-19 23:45:00,real_time_price,279.0,flat,290.24323320388794
2026-02-20 00:00:00,real_time_price,270.3,valley,248.79374074935913
2026-02-20 00:15:00,real_time_price,278.3,valley,248.22016143798828
2026-02-20 00:30:00,real_time_price,300.0,valley,355.27365589141846
2026-02-20 00:45:00,real_time_price,310.6,valley,267.11568546295166
2026-02-20 01:00:00,real_time_price,361.13,valley,276.07323837280273
2026-02-20 01:15:00,real_time_price,428.0,valley,295.75674057006836
2026-02-20 01:30:00,real_time_price,485.0,valley,329.53305435180664
2026-02-20 01:45:00,real_time_price,400.0,valley,343.1919584274292
2026-02-20 02:00:00,real_time_price,437.89,valley,376.78451919555664
2026-02-20 02:15:00,real_time_price,410.38,valley,364.134503364563
2026-02-20 02:30:00,real_time_price,334.0,valley,375.88199043273926
2026-02-20 02:45:00,real_time_price,303.8,valley,317.2646427154541
2026-02-20 03:00:00,real_time_price,300.0,valley,282.4657955169678
2026-02-20 03:15:00,real_time_price,330.0,valley,274.42202949523926
2026-02-20 03:30:00,real_time_price,270.3,valley,286.33798694610596
2026-02-20 03:45:00,real_time_price,292.3,valley,254.35842418670654
2026-02-20 04:00:00,real_time_price,295.0,valley,249.23854160308838
2026-02-20 04:15:00,real_time_price,265.3,valley,259.4205484390259
2026-02-20 04:30:00,real_time_price,270.3,valley,248.06053829193115
2026-02-20 04:45:00,real_time_price,270.0,valley,249.9049940109253
2026-02-20 05:00:00,real_time_price,273.0,valley,241.79939365386963
2026-02-20 05:15:00,real_time_price,273.0,valley,235.8940134048462
2026-02-20 05:30:00,real_time_price,270.3,valley,238.2839584350586
2026-02-20 05:45:00,real_time_price,270.5,valley,257.17798614501953
2026-02-20 06:00:00,real_time_price,290.0,valley,245.2047882080078
2026-02-20 06:15:00,real_time_price,282.0,valley,244.4508399963379
2026-02-20 06:30:00,real_time_price,318.0,valley,235.1532163619995
2026-02-20 06:45:00,real_time_price,291.0,valley,271.4222402572632
2026-02-20 07:00:00,real_time_price,328.0,valley,283.1446142196655
2026-02-20 07:15:00,real_time_price,361.0,valley,271.7966775894165
2026-02-20 07:30:00,real_time_price,357.0,valley,323.21031665802
2026-02-20 07:45:00,real_time_price,410.38,valley,341.77136611938477
2026-02-20 08:00:00,real_time_price,428.0,flat,411.91012954711914
2026-02-20 08:15:00,real_time_price,380.99,flat,437.21299982070923
2026-02-20 08:30:00,real_time_price,410.38,flat,413.3551549911499
2026-02-20 08:45:00,real_time_price,388.27,flat,392.3968563079834
2026-02-20 09:00:00,real_time_price,300.0,flat,373.19697189331055
2026-02-20 09:15:00,real_time_price,359.88,flat,297.39315032958984
2026-02-20 09:30:00,real_time_price,300.0,flat,320.7733726501465
2026-02-20 09:45:00,real_time_price,269.0,flat,294.97478103637695
2026-02-20 10:00:00,real_time_price,43.25,peak,212.24426651000977
2026-02-20 10:15:00,real_time_price,270.1,peak,189.39801216125488
2026-02-20 10:30:00,real_time_price,0.0,peak,158.42957305908203
2026-02-20 10:45:00,real_time_price,9.62,peak,98.84253692626953
2026-02-20 11:00:00,real_time_price,-46.17,peak,68.81979751586914
2026-02-20 11:15:00,real_time_price,-50.0,peak,-1.2786731719970703
2026-02-20 11:30:00,real_time_price,-50.0,peak,-23.664270401000977
2026-02-20 11:45:00,real_time_price,-7.08,peak,38.26033115386963
2026-02-20 12:00:00,real_time_price,43.08,flat,198.97458362579346
2026-02-20 12:15:00,real_time_price,43.25,flat,13.609373569488525
2026-02-20 12:30:00,real_time_price,43.25,flat,44.06332445144653
2026-02-20 12:45:00,real_time_price,43.25,flat,82.96828556060791
2026-02-20 13:00:00,real_time_price,43.25,flat,52.06839370727539
2026-02-20 13:15:00,real_time_price,43.25,flat,73.75779342651367
2026-02-20 13:30:00,real_time_price,43.25,flat,71.36543846130371
2026-02-20 13:45:00,real_time_price,43.25,flat,60.03045463562012
2026-02-20 14:00:00,real_time_price,146.68,peak,56.00029754638672
2026-02-20 14:15:00,real_time_price,146.68,peak,31.931459426879883
2026-02-20 14:30:00,real_time_price,146.68,peak,48.33023643493652
2026-02-20 14:45:00,real_time_price,145.83,peak,93.47817611694336
2026-02-20 15:00:00,real_time_price,43.25,peak,99.91534423828125
2026-02-20 15:15:00,real_time_price,43.25,peak,65.65018081665039
2026-02-20 15:30:00,real_time_price,43.25,peak,55.86692810058594
2026-02-20 15:45:00,real_time_price,43.25,peak,44.857643127441406
2026-02-20 16:00:00,real_time_price,17.49,peak,39.495948791503906
2026-02-20 16:15:00,real_time_price,17.49,peak,66.51546859741211
2026-02-20 16:30:00,real_time_price,-50.0,peak,58.63104057312012
2026-02-20 16:45:00,real_time_price,-7.0,peak,54.70957565307617
2026-02-20 17:00:00,real_time_price,145.83,peak,98.86250114440918
2026-02-20 17:15:00,real_time_price,261.0,peak,179.42147827148438
2026-02-20 17:30:00,real_time_price,324.95,peak,256.06036853790283
2026-02-20 17:45:00,real_time_price,310.0,peak,301.4184789657593
2026-02-20 18:00:00,real_time_price,310.0,peak,324.79800510406494
2026-02-20 18:15:00,real_time_price,330.7,peak,312.5669858455658
2026-02-20 18:30:00,real_time_price,310.0,peak,337.12413597106934
2026-02-20 18:45:00,real_time_price,332.3,peak,352.966180562973
2026-02-20 19:00:00,real_time_price,272.0,flat,333.5349736213684
2026-02-20 19:15:00,real_time_price,285.3,flat,277.68261194229126
2026-02-20 19:30:00,real_time_price,300.0,flat,312.0279588699341
2026-02-20 19:45:00,real_time_price,285.28,flat,302.0757665634155
2026-02-20 20:00:00,real_time_price,280.1,flat,298.8677439689636
2026-02-20 20:15:00,real_time_price,300.0,flat,294.72067523002625
2026-02-20 20:30:00,real_time_price,298.82,flat,302.53864455223083
2026-02-20 20:45:00,real_time_price,290.0,flat,306.32647585868835
2026-02-20 21:00:00,real_time_price,287.71,flat,302.46640825271606
2026-02-20 21:15:00,real_time_price,290.0,flat,294.04869508743286
2026-02-20 21:30:00,real_time_price,290.0,flat,301.06344270706177
2026-02-20 21:45:00,real_time_price,290.0,flat,306.8672409057617
2026-02-20 22:00:00,real_time_price,300.0,flat,299.5410532951355
2026-02-20 22:15:00,real_time_price,296.0,flat,304.7428741455078
2026-02-20 22:30:00,real_time_price,306.0,flat,293.8890872001648
2026-02-20 22:45:00,real_time_price,295.0,flat,301.51798725128174
2026-02-20 23:00:00,real_time_price,320.0,flat,290.20244789123535
2026-02-20 23:15:00,real_time_price,314.3,flat,307.73623275756836
2026-02-20 23:30:00,real_time_price,310.0,flat,311.27628660202026
2026-02-20 23:45:00,real_time_price,400.0,flat,305.6598119735718
2026-02-21 00:00:00,real_time_price,372.11,valley,295.5877470970154
2026-02-21 00:15:00,real_time_price,300.0,valley,308.4446201324463
2026-02-21 00:30:00,real_time_price,791.0,valley,434.0325765609741
2026-02-21 00:45:00,real_time_price,330.0,valley,387.9861035346985
2026-02-21 01:00:00,real_time_price,416.72,valley,346.62022590637207
2026-02-21 01:15:00,real_time_price,460.0,valley,387.315553188324
2026-02-21 01:30:00,real_time_price,415.67,valley,406.79920196533203
2026-02-21 01:45:00,real_time_price,420.0,valley,381.0139937400818
2026-02-21 02:00:00,real_time_price,369.11,valley,377.8841061592102
2026-02-21 02:15:00,real_time_price,358.0,valley,323.1320834159851
2026-02-21 02:30:00,real_time_price,400.0,valley,329.73083543777466
2026-02-21 02:45:00,real_time_price,300.0,valley,345.6651997566223
2026-02-21 03:00:00,real_time_price,305.0,valley,332.7112956047058
2026-02-21 03:15:00,real_time_price,380.0,valley,282.66500329971313
2026-02-21 03:30:00,real_time_price,338.0,valley,307.16900062561035
2026-02-21 03:45:00,real_time_price,330.2,valley,306.79396533966064
2026-02-21 04:00:00,real_time_price,307.0,valley,304.7995014190674
2026-02-21 04:15:00,real_time_price,328.0,valley,298.9458065032959
2026-02-21 04:30:00,real_time_price,300.0,valley,281.8176021575928
2026-02-21 04:45:00,real_time_price,298.0,valley,284.9117431640625
2026-02-21 05:00:00,real_time_price,290.0,valley,257.0900831222534
2026-02-21 05:15:00,real_time_price,273.0,valley,262.7289686203003
2026-02-21 05:30:00,real_time_price,320.3,valley,252.38217735290527
2026-02-21 05:45:00,real_time_price,287.6,valley,266.7299795150757
2026-02-21 06:00:00,real_time_price,296.0,valley,279.67221450805664
2026-02-21 06:15:00,real_time_price,372.0,valley,255.22575283050537
2026-02-21 06:30:00,real_time_price,300.0,valley,336.1950273513794
2026-02-21 06:45:00,real_time_price,334.0,valley,298.2643766403198
2026-02-21 07:00:00,real_time_price,386.04,valley,307.64778900146484
2026-02-21 07:15:00,real_time_price,350.0,valley,354.199951171875
2026-02-21 07:30:00,real_time_price,361.0,valley,344.68339443206787
2026-02-21 07:45:00,real_time_price,340.0,valley,355.3138647079468
2026-02-21 08:00:00,real_time_price,338.0,flat,369.1185131072998
2026-02-21 08:15:00,real_time_price,320.0,flat,377.9905586242676
2026-02-21 08:30:00,real_time_price,320.0,flat,342.3184404373169
2026-02-21 08:45:00,real_time_price,43.25,flat,311.6267890930176
2026-02-21 09:00:00,real_time_price,270.0,flat,207.18063640594482
2026-02-21 09:15:00,real_time_price,43.25,flat,252.31400394439697
2026-02-21 09:30:00,real_time_price,17.49,flat,130.94653797149658
2026-02-21 09:45:00,real_time_price,43.25,flat,67.67049312591553
2026-02-21 10:00:00,real_time_price,102.51,peak,63.189255714416504
2026-02-21 10:15:00,real_time_price,103.93,peak,72.4590072631836
2026-02-21 10:30:00,real_time_price,17.49,peak,102.4503288269043
2026-02-21 10:45:00,real_time_price,106.12,peak,46.40605545043945
2026-02-21 11:00:00,real_time_price,17.49,peak,21.34549331665039
2026-02-21 11:15:00,real_time_price,145.83,peak,66.04529762268066
2026-02-21 11:30:00,real_time_price,43.25,peak,39.46362590789795
2026-02-21 11:45:00,real_time_price,43.25,peak,98.71709251403809
2026-02-21 12:00:00,real_time_price,145.83,flat,67.01775693893433
2026-02-21 12:15:00,real_time_price,145.83,flat,73.8206148147583
2026-02-21 12:30:00,real_time_price,43.25,flat,119.21127510070801
2026-02-21 12:45:00,real_time_price,43.25,flat,90.75842761993408
2026-02-21 13:00:00,real_time_price,17.49,flat,60.351613998413086
2026-02-21 13:15:00,real_time_price,17.49,flat,56.192718505859375
2026-02-21 13:30:00,real_time_price,17.49,flat,52.839385986328125
2026-02-21 13:45:00,real_time_price,22.7,flat,41.3094596862793
2026-02-21 14:00:00,real_time_price,-6.71,peak,102.11739540100098
2026-02-21 14:15:00,real_time_price,-49.71,peak,-19.875237464904785
2026-02-21 14:30:00,real_time_price,0.0,peak,-48.555307388305664
2026-02-21 14:45:00,real_time_price,-7.0,peak,-16.252830505371094
2026-02-21 15:00:00,real_time_price,-50.0,peak,-38.05167627334595
2026-02-21 15:15:00,real_time_price,0.0,peak,-49.56068134307861
2026-02-21 15:30:00,real_time_price,-50.0,peak,-24.35013198852539
2026-02-21 15:45:00,real_time_price,-50.0,peak,-51.555245876312256
2026-02-21 16:00:00,real_time_price,-50.0,peak,-60.58083534240723
2026-02-21 16:15:00,real_time_price,-50.0,peak,-49.17843055725098
2026-02-21 16:30:00,real_time_price,0.04,peak,-45.40324687957764
2026-02-21 16:45:00,real_time_price,230.98,peak,78.2358226776123
2026-02-21 17:00:00,real_time_price,251.58,peak,243.64052772521973
2026-02-21 17:15:00,real_time_price,265.92,peak,256.13551330566406
2026-02-21 17:30:00,real_time_price,291.55,peak,253.3198585510254
2026-02-21 17:45:00,real_time_price,300.0,peak,247.31399154663086
2026-02-21 18:00:00,real_time_price,300.0,peak,302.5279278755188
2026-02-21 18:15:00,real_time_price,300.0,peak,293.0349051952362
2026-02-21 18:30:00,real_time_price,285.3,peak,308.9587700366974
2026-02-21 18:45:00,real_time_price,300.0,peak,276.328955411911
2026-02-21 19:00:00,real_time_price,300.0,flat,297.8221364021301
2026-02-21 19:15:00,real_time_price,280.0,flat,296.82493925094604
2026-02-21 19:30:00,real_time_price,110.0,flat,310.31974697113037
2026-02-21 19:45:00,real_time_price,278.3,flat,270.8919196128845
2026-02-21 20:00:00,real_time_price,280.1,flat,270.17098236083984
2026-02-21 20:15:00,real_time_price,270.0,flat,277.7285244464874
2026-02-21 20:30:00,real_time_price,275.0,flat,259.67389822006226
2026-02-21 20:45:00,real_time_price,361.0,flat,284.0157401561737
2026-02-21 21:00:00,real_time_price,310.0,flat,325.5357880592346
2026-02-21 21:15:00,real_time_price,300.0,flat,309.79217314720154
2026-02-21 21:30:00,real_time_price,300.0,flat,304.863995552063
2026-02-21 21:45:00,real_time_price,304.0,flat,291.06719946861267
2026-02-21 22:00:00,real_time_price,300.0,flat,292.81980776786804
2026-02-21 22:15:00,real_time_price,300.0,flat,288.1704478263855
2026-02-21 22:30:00,real_time_price,302.0,flat,283.1027021408081
2026-02-21 22:45:00,real_time_price,400.0,flat,282.882363319397
2026-02-21 23:00:00,real_time_price,290.0,flat,329.5193338394165
2026-02-21 23:15:00,real_time_price,340.0,flat,297.0286593437195
2026-02-21 23:30:00,real_time_price,330.0,flat,308.5191149711609
2026-02-21 23:45:00,real_time_price,358.0,flat,324.07503032684326
2026-02-22 00:00:00,real_time_price,371.49,valley,309.2973413467407
2026-02-22 00:15:00,real_time_price,308.27,valley,327.0058355331421
2026-02-22 00:30:00,real_time_price,350.0,valley,548.121171951294
2026-02-22 00:45:00,real_time_price,420.0,valley,350.82113122940063
2026-02-22 01:00:00,real_time_price,631.7,valley,364.0496883392334
2026-02-22 01:15:00,real_time_price,500.0,valley,394.8634901046753
2026-02-22 01:30:00,real_time_price,460.0,valley,439.9038276672363
2026-02-22 01:45:00,real_time_price,445.77,valley,425.5885696411133
2026-02-22 02:00:00,real_time_price,330.2,valley,404.86285972595215
2026-02-22 02:15:00,real_time_price,270.1,valley,326.2281255722046
2026-02-22 02:30:00,real_time_price,313.33,valley,308.0837736129761
2026-02-22 02:45:00,real_time_price,316.71,valley,292.2478189468384
2026-02-22 03:00:00,real_time_price,314.3,valley,294.60226249694824
2026-02-22 03:15:00,real_time_price,328.0,valley,300.6504096984863
2026-02-22 03:30:00,real_time_price,316.71,valley,299.06902027130127
2026-02-22 03:45:00,real_time_price,316.5,valley,305.00830841064453
2026-02-22 04:00:00,real_time_price,280.0,valley,300.21756076812744
2026-02-22 04:15:00,real_time_price,300.0,valley,273.5536346435547
2026-02-22 04:30:00,real_time_price,293.0,valley,276.66381072998047
2026-02-22 04:45:00,real_time_price,300.0,valley,285.183385848999
2026-02-22 05:00:00,real_time_price,301.0,valley,275.32005977630615
2026-02-22 05:15:00,real_time_price,298.0,valley,285.1018829345703
2026-02-22 05:30:00,real_time_price,358.82,valley,286.6801986694336
2026-02-22 05:45:00,real_time_price,338.0,valley,317.86681270599365
2026-02-22 06:00:00,real_time_price,308.0,valley,332.4185514450073
2026-02-22 06:15:00,real_time_price,300.0,valley,315.2603340148926
2026-02-22 06:30:00,real_time_price,295.0,valley,299.5845022201538
2026-02-22 06:45:00,real_time_price,358.0,valley,293.14653491973877
2026-02-22 07:00:00,real_time_price,400.0,valley,350.8567838668823
2026-02-22 07:15:00,real_time_price,340.0,valley,366.6744041442871
2026-02-22 07:30:00,real_time_price,399.79,valley,344.60434436798096
2026-02-22 07:45:00,real_time_price,438.95,valley,411.48858547210693
2026-02-22 08:00:00,real_time_price,359.88,flat,422.5868921279907
2026-02-22 08:15:00,real_time_price,359.88,flat,388.4528727531433
2026-02-22 08:30:00,real_time_price,288.6,flat,383.7045783996582
2026-02-22 08:45:00,real_time_price,329.16,flat,292.7613124847412
2026-02-22 09:00:00,real_time_price,338.0,flat,301.23323249816895
2026-02-22 09:15:00,real_time_price,320.0,flat,301.76999950408936
2026-02-22 09:30:00,real_time_price,295.0,flat,312.2947940826416
2026-02-22 09:45:00,real_time_price,270.3,flat,275.68058490753174
2026-02-22 10:00:00,real_time_price,43.25,peak,203.06081676483154
2026-02-22 10:15:00,real_time_price,146.68,peak,122.97825813293457
2026-02-22 10:30:00,real_time_price,187.1,peak,75.3777208328247
2026-02-22 10:45:00,real_time_price,-50.0,peak,139.66823291778564
2026-02-22 11:00:00,real_time_price,-49.97,peak,9.723369598388672
2026-02-22 11:15:00,real_time_price,-50.0,peak,-12.803807258605957
2026-02-22 11:30:00,real_time_price,-50.0,peak,17.51614761352539
2026-02-22 11:45:00,real_time_price,-49.06,peak,-12.684651851654053
2026-02-22 12:00:00,real_time_price,-49.97,flat,16.681415557861328
2026-02-22 12:15:00,real_time_price,-50.0,flat,-9.126814365386963
2026-02-22 12:30:00,real_time_price,-50.0,flat,-33.477394580841064
2026-02-22 12:45:00,real_time_price,3.49,flat,-31.672344207763672
2026-02-22 13:00:00,real_time_price,-0.27,flat,-8.680734157562256
2026-02-22 13:15:00,real_time_price,-48.57,flat,-34.14305114746094
2026-02-22 13:30:00,real_time_price,-4.63,flat,-50.1921272277832
2026-02-22 13:45:00,real_time_price,153.42,flat,-42.620341300964355
2026-02-22 14:00:00,real_time_price,-15.24,peak,71.20046615600586
2026-02-22 14:15:00,real_time_price,-1.47,peak,-10.847047805786133
2026-02-22 14:30:00,real_time_price,-22.51,peak,-24.718327045440674
2026-02-22 14:45:00,real_time_price,-37.33,peak,-9.429040908813477
2026-02-22 15:00:00,real_time_price,64.11,peak,-44.6246395111084
2026-02-22 15:15:00,real_time_price,-48.94,peak,15.962446212768555
2026-02-22 15:30:00,real_time_price,-41.01,peak,-37.55287456512451
2026-02-22 15:45:00,real_time_price,-47.61,peak,-40.499399185180664
2026-02-22 16:00:00,real_time_price,-46.72,peak,4.130611419677734
2026-02-22 16:15:00,real_time_price,-48.11,peak,-54.248762130737305
2026-02-22 16:30:00,real_time_price,10.0,peak,-12.46965217590332
2026-02-22 16:45:00,real_time_price,300.0,peak,58.79848289489746
2026-02-22 17:00:00,real_time_price,289.01,peak,294.4214324951172
2026-02-22 17:15:00,real_time_price,358.0,peak,251.42802047729492
2026-02-22 17:30:00,real_time_price,350.63,peak,309.48772716522217
2026-02-22 17:45:00,real_time_price,350.94,peak,332.95483660697937
2026-02-22 18:00:00,real_time_price,354.75,peak,338.72108936309814
2026-02-22 18:15:00,real_time_price,301.35,peak,349.6016013622284
2026-02-22 18:30:00,real_time_price,330.87,peak,376.7922387123108
2026-02-22 18:45:00,real_time_price,330.87,peak,357.9052987098694
2026-02-22 19:00:00,real_time_price,330.87,flat,311.1823163032532
2026-02-22 19:15:00,real_time_price,270.1,flat,317.8732647895813
2026-02-22 19:30:00,real_time_price,270.1,flat,295.43386054039
2026-02-22 19:45:00,real_time_price,275.2,flat,279.5395917892456
2026-02-22 20:00:00,real_time_price,300.0,flat,271.4130930900574
2026-02-22 20:15:00,real_time_price,290.0,flat,278.40200996398926
2026-02-22 20:30:00,real_time_price,270.0,flat,294.5584111213684
2026-02-22 20:45:00,real_time_price,270.0,flat,282.49743723869324
2026-02-22 21:00:00,real_time_price,270.0,flat,271.17593336105347
2026-02-22 21:15:00,real_time_price,300.0,flat,267.84185218811035
2026-02-22 21:30:00,real_time_price,381.67,flat,288.89751386642456
2026-02-22 21:45:00,real_time_price,300.33,flat,338.84494256973267
2026-02-22 22:00:00,real_time_price,331.82,flat,306.30601024627686
2026-02-22 22:15:00,real_time_price,334.86,flat,315.5919852256775
2026-02-22 22:30:00,real_time_price,328.78,flat,327.535795211792
2026-02-22 22:45:00,real_time_price,331.82,flat,317.87483072280884
2026-02-22 23:00:00,real_time_price,328.78,flat,311.4506039619446
2026-02-22 23:15:00,real_time_price,318.61,flat,310.7811360359192
2026-02-22 23:30:00,real_time_price,443.75,flat,311.38189697265625
2026-02-22 23:45:00,real_time_price,350.32,flat,346.8697872161865
2026-02-23 00:00:00,real_time_price,333.78,valley,333.4685311317444
2026-02-23 00:15:00,real_time_price,290.5,valley,295.83529138565063
2026-02-23 00:30:00,real_time_price,354.51,valley,700.9599986076355
2026-02-23 00:45:00,real_time_price,350.08,valley,336.5098853111267
2026-02-23 01:00:00,real_time_price,401.43,valley,410.3860363960266
2026-02-23 01:15:00,real_time_price,320.36,valley,424.24989080429077
2026-02-23 01:30:00,real_time_price,293.2,valley,340.9031171798706
2026-02-23 01:45:00,real_time_price,301.11,valley,325.831120967865
2026-02-23 02:00:00,real_time_price,297.75,valley,294.7631735801697
2026-02-23 02:15:00,real_time_price,290.3,valley,275.42656898498535
2026-02-23 02:30:00,real_time_price,269.0,valley,295.9586691856384
2026-02-23 02:45:00,real_time_price,280.0,valley,260.07061195373535
2026-02-23 03:00:00,real_time_price,280.0,valley,253.1149616241455
2026-02-23 03:15:00,real_time_price,274.0,valley,254.94043064117432
2026-02-23 03:30:00,real_time_price,270.5,valley,251.29013967514038
2026-02-23 03:45:00,real_time_price,269.0,valley,257.98462533950806
2026-02-23 04:00:00,real_time_price,261.0,valley,245.84315586090088
2026-02-23 04:15:00,real_time_price,265.3,valley,241.41860485076904
2026-02-23 04:30:00,real_time_price,325.7,valley,239.98900604248047
2026-02-23 04:45:00,real_time_price,268.0,valley,271.9499101638794
2026-02-23 05:00:00,real_time_price,265.0,valley,263.8226480484009
2026-02-23 05:15:00,real_time_price,263.0,valley,249.53901767730713
2026-02-23 05:30:00,real_time_price,250.0,valley,262.5017204284668
2026-02-23 05:45:00,real_time_price,250.0,valley,255.56810665130615
2026-02-23 06:00:00,real_time_price,250.0,valley,239.72819995880127
2026-02-23 06:15:00,real_time_price,250.0,valley,223.23400497436523
2026-02-23 06:30:00,real_time_price,257.0,valley,209.69540691375732
2026-02-23 06:45:00,real_time_price,260.3,valley,264.1479682922363
2026-02-23 07:00:00,real_time_price,268.0,valley,246.67058944702148
2026-02-23 07:15:00,real_time_price,260.3,valley,255.88362312316895
2026-02-23 07:30:00,real_time_price,260.3,valley,257.2315216064453
2026-02-23 07:45:00,real_time_price,269.0,valley,337.0850496292114
2026-02-23 08:00:00,real_time_price,270.3,flat,283.16404151916504
2026-02-23 08:15:00,real_time_price,148.79,flat,269.7840027809143
2026-02-23 08:30:00,real_time_price,0.0,flat,244.38328647613525
2026-02-23 08:45:00,real_time_price,0.0,flat,57.54376983642578
2026-02-23 09:00:00,real_time_price,0.0,flat,51.923540115356445
2026-02-23 09:15:00,real_time_price,-50.0,flat,23.99259090423584
2026-02-23 09:30:00,real_time_price,0.0,flat,-38.95196056365967
2026-02-23 09:45:00,real_time_price,43.25,flat,44.760621070861816
2026-02-23 10:00:00,real_time_price,43.25,peak,61.98256969451904
2026-02-23 10:15:00,real_time_price,43.25,peak,49.70173358917236
2026-02-23 10:30:00,real_time_price,-50.0,peak,39.0299186706543
2026-02-23 10:45:00,real_time_price,239.49,peak,6.065365791320801
2026-02-23 11:00:00,real_time_price,-29.02,peak,223.9263973236084
2026-02-23 11:15:00,real_time_price,42.65,peak,81.0477523803711
2026-02-23 11:30:00,real_time_price,37.32,peak,50.2103271484375
2026-02-23 11:45:00,real_time_price,244.28,peak,115.63930892944336
2026-02-23 12:00:00,real_time_price,76.74,flat,190.60527849197388
2026-02-23 12:15:00,real_time_price,-7.0,flat,114.95986652374268
2026-02-23 12:30:00,real_time_price,4.72,flat,131.6365180015564
2026-02-23 12:45:00,real_time_price,52.42,flat,60.99341535568237
2026-02-23 13:00:00,real_time_price,43.5,flat,96.69670104980469
2026-02-23 13:15:00,real_time_price,43.2,flat,42.39425277709961
2026-02-23 13:30:00,real_time_price,73.86,flat,71.64517974853516
2026-02-23 13:45:00,real_time_price,43.25,flat,91.44859313964844
2026-02-23 14:00:00,real_time_price,43.48,peak,52.59025192260742
2026-02-23 14:15:00,real_time_price,-49.73,peak,44.7466983795166
2026-02-23 14:30:00,real_time_price,-49.75,peak,-25.684447765350342
2026-02-23 14:45:00,real_time_price,-44.44,peak,-45.92661476135254
2026-02-23 15:00:00,real_time_price,-49.74,peak,-39.379520416259766
2026-02-23 15:15:00,real_time_price,-50.0,peak,-59.95396614074707
2026-02-23 15:30:00,real_time_price,-50.0,peak,-42.866634368896484
2026-02-23 15:45:00,real_time_price,0.3,peak,-68.07382202148438
2026-02-23 16:00:00,real_time_price,-50.0,peak,17.75960922241211
2026-02-23 16:15:00,real_time_price,-48.28,peak,-60.19184684753418
2026-02-23 16:30:00,real_time_price,-50.0,peak,-25.158923506736755
2026-02-23 16:45:00,real_time_price,-50.0,peak,93.48531150817871
2026-02-23 17:00:00,real_time_price,-47.68,peak,89.26416969299316
2026-02-23 17:15:00,real_time_price,58.18,peak,90.07950973510742
2026-02-23 17:30:00,real_time_price,271.0,peak,175.41319465637207
2026-02-23 17:45:00,real_time_price,265.2,peak,225.68780994415283
2026-02-23 18:00:00,real_time_price,279.58,peak,256.38647079467773
2026-02-23 18:15:00,real_time_price,280.5,peak,296.0183992385864
2026-02-23 18:30:00,real_time_price,345.52,peak,270.8778340816498
2026-02-23 18:45:00,real_time_price,295.31,peak,314.5957033634186
2026-02-23 19:00:00,real_time_price,301.0,flat,269.9813551902771
2026-02-23 19:15:00,real_time_price,265.2,flat,306.69458627700806
2026-02-23 19:30:00,real_time_price,263.0,flat,235.824059009552
2026-02-23 19:45:00,real_time_price,279.99,flat,269.571551322937
2026-02-23 20:00:00,real_time_price,280.0,flat,307.0073776245117
2026-02-23 20:15:00,real_time_price,285.1,flat,284.29095697402954
2026-02-23 20:30:00,real_time_price,280.1,flat,304.8371047973633
2026-02-23 20:45:00,real_time_price,275.3,flat,290.20432448387146
2026-02-23 21:00:00,real_time_price,269.0,flat,283.69463562965393
2026-02-23 21:15:00,real_time_price,269.0,flat,269.23686838150024
2026-02-23 21:30:00,real_time_price,271.0,flat,272.385196685791
2026-02-23 21:45:00,real_time_price,270.0,flat,271.7395484447479
2026-02-23 22:00:00,real_time_price,265.3,flat,269.6325261592865
2026-02-23 22:15:00,real_time_price,261.0,flat,265.1738004684448
2026-02-23 22:30:00,real_time_price,267.0,flat,259.33085203170776
2026-02-23 22:45:00,real_time_price,268.3,flat,268.89556980133057
2026-02-23 23:00:00,real_time_price,264.0,flat,259.5149254798889
2026-02-23 23:15:00,real_time_price,263.0,flat,255.49045038223267
2026-02-23 23:30:00,real_time_price,260.5,flat,249.59517908096313
2026-02-23 23:45:00,real_time_price,260.0,flat,251.71318340301514
2026-02-24 00:00:00,real_time_price,254.0,valley,263.86560344696045
2026-02-24 00:15:00,real_time_price,250.0,valley,244.58229446411133
2026-02-24 00:30:00,real_time_price,43.25,valley,366.8863945007324
2026-02-24 00:45:00,real_time_price,800.0,valley,202.43862342834473
2026-02-24 01:00:00,real_time_price,300.0,valley,114.13716506958008
2026-02-24 01:15:00,real_time_price,280.3,valley,267.7180337905884
2026-02-24 01:30:00,real_time_price,280.0,valley,305.2268662452698
2026-02-24 01:45:00,real_time_price,275.0,valley,294.96340322494507
2026-02-24 02:00:00,real_time_price,270.1,valley,274.9535012245178
2026-02-24 02:15:00,real_time_price,270.0,valley,265.891188621521
2026-02-24 02:30:00,real_time_price,276.6,valley,266.1000556945801
2026-02-24 02:45:00,real_time_price,270.5,valley,262.8716387748718
2026-02-24 03:00:00,real_time_price,270.1,valley,264.8835377693176
2026-02-24 03:15:00,real_time_price,270.0,valley,271.3300733566284
2026-02-24 03:30:00,real_time_price,264.0,valley,265.34279346466064
2026-02-24 03:45:00,real_time_price,258.3,valley,260.1954736709595
2026-02-24 04:00:00,real_time_price,260.5,valley,254.92681980133057
2026-02-24 04:15:00,real_time_price,259.0,valley,242.11301612854004
2026-02-24 04:30:00,real_time_price,260.0,valley,245.67675065994263
2026-02-24 04:45:00,real_time_price,260.0,valley,237.62860774993896
2026-02-24 05:00:00,real_time_price,260.1,valley,242.18317794799805
2026-02-24 05:15:00,real_time_price,264.0,valley,242.81351804733276
2026-02-24 05:30:00,real_time_price,266.0,valley,246.93395805358887
2026-02-24 05:45:00,real_time_price,270.3,valley,260.38358783721924
2026-02-24 06:00:00,real_time_price,270.0,valley,261.39159393310547
2026-02-24 06:15:00,real_time_price,275.3,valley,263.0909605026245
2026-02-24 06:30:00,real_time_price,270.5,valley,264.62997245788574
2026-02-24 06:45:00,real_time_price,285.0,valley,273.1873264312744
2026-02-24 07:00:00,real_time_price,319.0,valley,282.2089624404907
2026-02-24 07:15:00,real_time_price,300.09,valley,296.6119260787964
2026-02-24 07:30:00,real_time_price,310.2,valley,298.8641471862793
2026-02-24 07:45:00,real_time_price,401.41,valley,316.6911859512329
2026-02-24 08:00:00,real_time_price,345.08,flat,356.2523431777954
2026-02-24 08:15:00,real_time_price,421.98,flat,391.89669394493103
2026-02-24 08:30:00,real_time_price,405.98,flat,559.4906234741211
2026-02-24 08:45:00,real_time_price,427.43,flat,417.67920684814453
2026-02-24 09:00:00,real_time_price,367.7,flat,470.060733795166
2026-02-24 09:15:00,real_time_price,463.22,flat,357.6747589111328
2026-02-24 09:30:00,real_time_price,401.0,flat,510.3904495239258
2026-02-24 09:45:00,real_time_price,355.13,flat,351.4639072418213
2026-02-24 10:00:00,real_time_price,390.41,peak,302.5273628234863
2026-02-24 10:15:00,real_time_price,396.22,peak,320.67012786865234
2026-02-24 10:30:00,real_time_price,362.89,peak,308.3152837753296
2026-02-24 10:45:00,real_time_price,335.22,peak,281.2937870025635
2026-02-24 11:00:00,real_time_price,302.3,peak,284.2012481689453
2026-02-24 11:15:00,real_time_price,290.87,peak,242.4696283340454
2026-02-24 11:30:00,real_time_price,290.46,peak,291.16575622558594
2026-02-24 11:45:00,real_time_price,43.68,peak,341.4805827140808
2026-02-24 12:00:00,real_time_price,267.01,flat,148.08147048950195
2026-02-24 12:15:00,real_time_price,266.03,flat,175.48542261123657
2026-02-24 12:30:00,real_time_price,270.0,flat,159.6678900718689
2026-02-24 12:45:00,real_time_price,270.2,flat,190.72338151931763
2026-02-24 13:00:00,real_time_price,297.75,flat,216.58486080169678
2026-02-24 13:15:00,real_time_price,279.34,flat,215.8627529144287
2026-02-24 13:30:00,real_time_price,281.5,flat,228.33966064453125
2026-02-24 13:45:00,real_time_price,275.2,flat,264.2250518798828
2026-02-24 14:00:00,real_time_price,280.28,peak,270.3216915130615
2026-02-24 14:15:00,real_time_price,265.96,peak,222.61101913452148
2026-02-24 14:30:00,real_time_price,269.0,peak,202.39624977111816
2026-02-24 14:45:00,real_time_price,268.0,peak,218.3145809173584
2026-02-24 15:00:00,real_time_price,265.5,peak,219.66612815856934
2026-02-24 15:15:00,real_time_price,1.02,peak,215.34051513671875
2026-02-24 15:30:00,real_time_price,270.45,peak,128.37627410888672
2026-02-24 15:45:00,real_time_price,271.55,peak,292.75437927246094
2026-02-24 16:00:00,real_time_price,266.15,peak,223.87883758544922
2026-02-24 16:15:00,real_time_price,280.19,peak,238.62470245361328
2026-02-24 16:30:00,real_time_price,326.73,peak,248.75244140625
2026-02-24 16:45:00,real_time_price,335.14,peak,294.8654136657715
2026-02-24 17:00:00,real_time_price,352.34,peak,324.8170394897461
2026-02-24 17:15:00,real_time_price,401.39,peak,344.05935859680176
2026-02-24 17:30:00,real_time_price,401.35,peak,396.0877876281738
2026-02-24 17:45:00,real_time_price,366.97,peak,344.310996055603
2026-02-24 18:00:00,real_time_price,367.29,peak,367.1760399341583
2026-02-24 18:15:00,real_time_price,375.96,peak,364.23990631103516
2026-02-24 18:30:00,real_time_price,381.73,peak,390.7287964820862
2026-02-24 18:45:00,real_time_price,341.04,peak,423.9594671726227
2026-02-24 19:00:00,real_time_price,311.46,flat,348.45319414138794
2026-02-24 19:15:00,real_time_price,297.06,flat,331.4677429199219
2026-02-24 19:30:00,real_time_price,320.2,flat,310.82670044898987
2026-02-24 19:45:00,real_time_price,307.02,flat,313.91354274749756
2026-02-24 20:00:00,real_time_price,293.95,flat,310.20539712905884
2026-02-24 20:15:00,real_time_price,294.89,flat,295.65621280670166
2026-02-24 20:30:00,real_time_price,292.39,flat,301.72643518447876
2026-02-24 20:45:00,real_time_price,279.97,flat,297.5992031097412
2026-02-24 21:00:00,real_time_price,275.04,flat,288.6705551147461
2026-02-24 21:15:00,real_time_price,319.97,flat,287.79423475265503
2026-02-24 21:30:00,real_time_price,295.3,flat,314.64160346984863
2026-02-24 21:45:00,real_time_price,293.98,flat,294.3342261314392
2026-02-24 22:00:00,real_time_price,316.84,flat,285.9215817451477
2026-02-24 22:15:00,real_time_price,314.22,flat,300.94317722320557
2026-02-24 22:30:00,real_time_price,324.09,flat,302.5826802253723
2026-02-24 22:45:00,real_time_price,287.9,flat,300.99726152420044
2026-02-24 23:00:00,real_time_price,310.2,flat,285.64275789260864
2026-02-24 23:15:00,real_time_price,330.5,flat,284.8620390892029
2026-02-24 23:30:00,real_time_price,330.47,flat,311.44591093063354
2026-02-24 23:45:00,real_time_price,330.5,flat,309.4376392364502
2026-02-25 00:00:00,real_time_price,295.3,valley,301.46306228637695
2026-02-25 00:15:00,real_time_price,250.0,valley,280.4966564178467
2026-02-25 00:30:00,real_time_price,278.0,valley,338.1379761695862
2026-02-25 00:45:00,real_time_price,280.0,valley,229.18932247161865
2026-02-25 01:00:00,real_time_price,280.0,valley,283.0006618499756
2026-02-25 01:15:00,real_time_price,280.0,valley,271.45208740234375
2026-02-25 01:30:00,real_time_price,280.0,valley,273.8920965194702
2026-02-25 01:45:00,real_time_price,285.0,valley,273.6905517578125
2026-02-25 02:00:00,real_time_price,297.11,valley,273.1391267776489
2026-02-25 02:15:00,real_time_price,323.41,valley,280.41927194595337
2026-02-25 02:30:00,real_time_price,326.74,valley,291.71439695358276
2026-02-25 02:45:00,real_time_price,311.62,valley,306.9325602054596
2026-02-25 03:00:00,real_time_price,299.07,valley,304.4985098838806
2026-02-25 03:15:00,real_time_price,280.0,valley,286.54518699645996
2026-02-25 03:30:00,real_time_price,285.0,valley,281.5590043067932
2026-02-25 03:45:00,real_time_price,280.0,valley,273.1996479034424
2026-02-25 04:00:00,real_time_price,280.0,valley,275.69808197021484
2026-02-25 04:15:00,real_time_price,276.0,valley,274.03587579727173
2026-02-25 04:30:00,real_time_price,286.0,valley,283.41436767578125
2026-02-25 04:45:00,real_time_price,285.0,valley,275.19189405441284
2026-02-25 05:00:00,real_time_price,280.0,valley,280.781777381897
2026-02-25 05:15:00,real_time_price,276.0,valley,280.755087852478
2026-02-25 05:30:00,real_time_price,280.0,valley,277.33519077301025
2026-02-25 05:45:00,real_time_price,275.0,valley,278.62844371795654
2026-02-25 06:00:00,real_time_price,270.0,valley,282.1495609283447
2026-02-25 06:15:00,real_time_price,275.2,valley,277.8256587982178
2026-02-25 06:30:00,real_time_price,280.0,valley,279.07352352142334
2026-02-25 06:45:00,real_time_price,311.62,valley,285.0447025299072
2026-02-25 07:00:00,real_time_price,292.94,valley,310.7154884338379
2026-02-25 07:15:00,real_time_price,336.88,valley,284.27057456970215
2026-02-25 07:30:00,real_time_price,332.5,valley,328.14703464508057
2026-02-25 07:45:00,real_time_price,334.47,valley,336.8424186706543
2026-02-25 08:00:00,real_time_price,375.57,flat,354.5712366104126
2026-02-25 08:15:00,real_time_price,350.2,flat,388.5788514614105
2026-02-25 08:30:00,real_time_price,323.1,flat,386.9618978500366
2026-02-25 08:45:00,real_time_price,325.21,flat,333.5676145553589
2026-02-25 09:00:00,real_time_price,321.85,flat,329.551233291626
2026-02-25 09:15:00,real_time_price,269.64,flat,320.8489513397217
2026-02-25 09:30:00,real_time_price,268.71,flat,303.4476947784424
2026-02-25 09:45:00,real_time_price,270.08,flat,254.93780708312988
2026-02-25 10:00:00,real_time_price,267.0,peak,247.41826725006104
2026-02-25 10:15:00,real_time_price,269.4,peak,246.4958734512329
2026-02-25 10:30:00,real_time_price,269.78,peak,235.2471284866333
2026-02-25 10:45:00,real_time_price,0.0,peak,254.13564586639404
2026-02-25 11:00:00,real_time_price,260.4,peak,168.7460584640503
2026-02-25 11:15:00,real_time_price,260.1,peak,224.42920112609863
2026-02-25 11:30:00,real_time_price,263.0,peak,226.49656677246094
2026-02-25 11:45:00,real_time_price,265.19,peak,221.73971366882324
2026-02-25 12:00:00,real_time_price,242.3,flat,260.7650089263916
2026-02-25 12:15:00,real_time_price,256.3,flat,176.62839126586914
2026-02-25 12:30:00,real_time_price,260.1,flat,240.9947419166565
2026-02-25 12:45:00,real_time_price,263.09,flat,246.51998329162598
2026-02-25 13:00:00,real_time_price,275.71,flat,241.1149082183838
2026-02-25 13:15:00,real_time_price,259.98,flat,256.5364532470703
2026-02-25 13:30:00,real_time_price,262.95,flat,219.669189453125
2026-02-25 13:45:00,real_time_price,261.41,flat,220.52522659301758
2026-02-25 14:00:00,real_time_price,265.48,peak,227.6445713043213
2026-02-25 14:15:00,real_time_price,273.32,peak,211.70393753051758
2026-02-25 14:30:00,real_time_price,265.48,peak,216.2857437133789
2026-02-25 14:45:00,real_time_price,258.08,peak,223.56594848632812
2026-02-25 15:00:00,real_time_price,260.0,peak,230.22793197631836
2026-02-25 15:15:00,real_time_price,258.1,peak,215.90006256103516
2026-02-25 15:30:00,real_time_price,257.32,peak,239.71019744873047
2026-02-25 15:45:00,real_time_price,258.1,peak,210.52001953125
2026-02-25 16:00:00,real_time_price,260.0,peak,222.26062774658203
2026-02-25 16:15:00,real_time_price,263.1,peak,220.6094570159912
2026-02-25 16:30:00,real_time_price,268.29,peak,244.32410621643066
2026-02-25 16:45:00,real_time_price,296.0,peak,251.06436920166016
2026-02-25 17:00:00,real_time_price,286.59,peak,278.5233631134033
2026-02-25 17:15:00,real_time_price,297.16,peak,303.5612668991089
2026-02-25 17:30:00,real_time_price,321.83,peak,260.2065134048462
2026-02-25 17:45:00,real_time_price,306.3,peak,270.3540439605713
2026-02-25 18:00:00,real_time_price,279.7,peak,302.6974906921387
2026-02-25 18:15:00,real_time_price,270.36,peak,282.8589496612549
2026-02-25 18:30:00,real_time_price,279.92,peak,278.3546814918518
2026-02-25 18:45:00,real_time_price,279.95,peak,285.11769914627075
2026-02-25 19:00:00,real_time_price,279.91,flat,298.5608072280884
2026-02-25 19:15:00,real_time_price,281.07,flat,296.5332555770874
2026-02-25 19:30:00,real_time_price,288.79,flat,311.4721221923828
2026-02-25 19:45:00,real_time_price,279.54,flat,296.97721099853516
2026-02-25 20:00:00,real_time_price,294.93,flat,291.3854718208313
2026-02-25 20:15:00,real_time_price,279.66,flat,284.9318792819977
2026-02-25 20:30:00,real_time_price,283.31,flat,294.2128236293793
2026-02-25 20:45:00,real_time_price,277.99,flat,292.305645942688
2026-02-25 21:00:00,real_time_price,275.96,flat,286.9344902038574
2026-02-25 21:15:00,real_time_price,279.68,flat,285.83132123947144
2026-02-25 21:30:00,real_time_price,279.68,flat,290.7881007194519
2026-02-25 21:45:00,real_time_price,277.68,flat,288.498633146286
2026-02-25 22:00:00,real_time_price,272.9,flat,285.42563796043396
2026-02-25 22:15:00,real_time_price,273.72,flat,273.71998167037964
2026-02-25 22:30:00,real_time_price,269.85,flat,275.29363346099854
2026-02-25 22:45:00,real_time_price,279.68,flat,267.36118936538696
2026-02-25 23:00:00,real_time_price,272.5,flat,276.36392974853516
2026-02-25 23:15:00,real_time_price,270.0,flat,272.39754247665405
2026-02-25 23:30:00,real_time_price,317.0,flat,268.4645586013794
2026-02-25 23:45:00,real_time_price,273.0,flat,297.1682496070862
2026-02-26 00:00:00,real_time_price,270.0,valley,290.08168506622314
2026-02-26 00:15:00,real_time_price,270.0,valley,278.647789478302
2026-02-26 00:30:00,real_time_price,317.86,valley,337.3945846557617
2026-02-26 00:45:00,real_time_price,290.19,valley,366.41595554351807
2026-02-26 01:00:00,real_time_price,321.23,valley,297.01872062683105
2026-02-26 01:15:00,real_time_price,280.18,valley,300.0828227996826
2026-02-26 01:30:00,real_time_price,270.4,valley,288.2998104095459
2026-02-26 01:45:00,real_time_price,268.3,valley,275.5676860809326
2026-02-26 02:00:00,real_time_price,268.3,valley,272.4019765853882
2026-02-26 02:15:00,real_time_price,267.0,valley,276.5221290588379
2026-02-26 02:30:00,real_time_price,267.0,valley,273.9117965698242
2026-02-26 02:45:00,real_time_price,265.0,valley,267.70675325393677
2026-02-26 03:00:00,real_time_price,265.1,valley,265.1017379760742
2026-02-26 03:15:00,real_time_price,260.4,valley,262.28485012054443
2026-02-26 03:30:00,real_time_price,260.3,valley,257.2845706939697
2026-02-26 03:45:00,real_time_price,265.1,valley,261.8620972633362
2026-02-26 04:00:00,real_time_price,260.3,valley,261.2215766906738
2026-02-26 04:15:00,real_time_price,262.0,valley,261.11863946914673
2026-02-26 04:30:00,real_time_price,260.0,valley,265.0581798553467
2026-02-26 04:45:00,real_time_price,256.3,valley,260.91024589538574
2026-02-26 05:00:00,real_time_price,260.2,valley,260.5961766242981
2026-02-26 05:15:00,real_time_price,260.2,valley,260.41779470443726
2026-02-26 05:30:00,real_time_price,260.0,valley,266.4006805419922
2026-02-26 05:45:00,real_time_price,260.3,valley,261.3929944038391
2026-02-26 06:00:00,real_time_price,268.3,valley,265.9098582267761
2026-02-26 06:15:00,real_time_price,266.3,valley,267.3827075958252
2026-02-26 06:30:00,real_time_price,272.24,valley,271.6674118041992
2026-02-26 06:45:00,real_time_price,293.37,valley,282.8415193557739
2026-02-26 07:00:00,real_time_price,281.61,valley,290.924843788147
2026-02-26 07:15:00,real_time_price,293.75,valley,296.1773986816406
2026-02-26 07:30:00,real_time_price,305.59,valley,296.3068571090698
2026-02-26 07:45:00,real_time_price,324.73,valley,317.3646640777588
2026-02-26 08:00:00,real_time_price,304.6,flat,330.6748285293579
2026-02-26 08:15:00,real_time_price,313.24,flat,329.1934995651245
2026-02-26 08:30:00,real_time_price,332.28,flat,330.31739234924316
2026-02-26 08:45:00,real_time_price,440.91,flat,325.60828948020935
2026-02-26 09:00:00,real_time_price,410.15,flat,375.085599899292
2026-02-26 09:15:00,real_time_price,367.28,flat,413.92202258110046
2026-02-26 09:30:00,real_time_price,454.83,flat,365.77682876586914
2026-02-26 09:45:00,real_time_price,401.69,flat,404.81878328323364
2026-02-26 10:00:00,real_time_price,416.6,peak,366.0595192909241
2026-02-26 10:15:00,real_time_price,363.31,peak,344.45118284225464
2026-02-26 10:30:00,real_time_price,337.67,peak,340.24255323410034
2026-02-26 10:45:00,real_time_price,299.92,peak,308.25991010665894
2026-02-26 11:00:00,real_time_price,284.21,peak,263.0461459159851
2026-02-26 11:15:00,real_time_price,288.86,peak,249.77572536468506
2026-02-26 11:30:00,real_time_price,275.12,peak,247.78291177749634
2026-02-26 11:45:00,real_time_price,284.94,peak,264.4556164741516
2026-02-26 12:00:00,real_time_price,287.0,flat,262.0648446083069
2026-02-26 12:15:00,real_time_price,277.01,flat,248.52425575256348
2026-02-26 12:30:00,real_time_price,293.47,flat,288.58696126937866
2026-02-26 12:45:00,real_time_price,287.68,flat,273.11210346221924
2026-02-26 13:00:00,real_time_price,287.32,flat,288.9402985572815
2026-02-26 13:15:00,real_time_price,276.29,flat,274.07987785339355
2026-02-26 13:30:00,real_time_price,289.0,flat,290.01099157333374
2026-02-26 13:45:00,real_time_price,300.32,flat,300.3645453453064
2026-02-26 14:00:00,real_time_price,292.66,peak,315.5324082374573
2026-02-26 14:15:00,real_time_price,288.0,peak,278.22311878204346
2026-02-26 14:30:00,real_time_price,286.75,peak,286.98283100128174
2026-02-26 14:45:00,real_time_price,283.52,peak,288.5403814315796
2026-02-26 15:00:00,real_time_price,276.09,peak,291.68176794052124
2026-02-26 15:15:00,real_time_price,270.9,peak,294.54923701286316
2026-02-26 15:30:00,real_time_price,271.21,peak,276.1668543815613
2026-02-26 15:45:00,real_time_price,267.0,peak,274.58758878707886
2026-02-26 16:00:00,real_time_price,268.0,peak,270.79570984840393
2026-02-26 16:15:00,real_time_price,280.0,peak,276.9876627922058
2026-02-26 16:30:00,real_time_price,283.44,peak,283.8520841598511
2026-02-26 16:45:00,real_time_price,295.26,peak,288.71505641937256
2026-02-26 17:00:00,real_time_price,352.31,peak,301.3157801628113
2026-02-26 17:15:00,real_time_price,310.47,peak,326.6508684158325
2026-02-26 17:30:00,real_time_price,399.6,peak,329.022656917572
2026-02-26 17:45:00,real_time_price,409.79,peak,349.1605143547058
2026-02-26 18:00:00,real_time_price,362.52,peak,396.62173676490784
2026-02-26 18:15:00,real_time_price,307.89,peak,334.5938792228699
2026-02-26 18:30:00,real_time_price,350.85,peak,347.940913438797
2026-02-26 18:45:00,real_time_price,335.72,peak,399.79293489456177
2026-02-26 19:00:00,real_time_price,325.52,flat,344.858118057251
2026-02-26 19:15:00,real_time_price,310.3,flat,343.06697511672974
2026-02-26 19:30:00,real_time_price,330.75,flat,343.90752029418945
2026-02-26 19:45:00,real_time_price,331.14,flat,321.8027136325836
2026-02-26 20:00:00,real_time_price,320.44,flat,329.83862709999084
2026-02-26 20:15:00,real_time_price,275.06,flat,315.92042684555054
2026-02-26 20:30:00,real_time_price,300.27,flat,311.24362325668335
2026-02-26 20:45:00,real_time_price,300.33,flat,302.4732332229614
2026-02-26 21:00:00,real_time_price,300.3,flat,296.4733443260193
2026-02-26 21:15:00,real_time_price,306.8,flat,292.5389642715454
2026-02-26 21:30:00,real_time_price,300.76,flat,301.7448854446411
2026-02-26 21:45:00,real_time_price,320.22,flat,299.0053913593292
2026-02-26 22:00:00,real_time_price,321.99,flat,301.4439630508423
2026-02-26 22:15:00,real_time_price,345.27,flat,306.82373905181885
2026-02-26 22:30:00,real_time_price,360.42,flat,321.77888011932373
2026-02-26 22:45:00,real_time_price,376.18,flat,335.867148399353
2026-02-26 23:00:00,real_time_price,364.57,flat,342.4507431983948
2026-02-26 23:15:00,real_time_price,351.67,flat,340.92030143737793
2026-02-26 23:30:00,real_time_price,337.38,flat,338.8006954193115
2026-02-26 23:45:00,real_time_price,318.93,flat,325.2600426673889
2026-02-27 00:00:00,real_time_price,300.4,valley,316.8721330165863
2026-02-27 00:15:00,real_time_price,290.3,valley,294.9212350845337
2026-02-27 00:30:00,real_time_price,308.41,valley,404.63903522491455
2026-02-27 00:45:00,real_time_price,351.65,valley,326.6012215614319
2026-02-27 01:00:00,real_time_price,363.2,valley,336.5371437072754
2026-02-27 01:15:00,real_time_price,321.53,valley,338.75671577453613
2026-02-27 01:30:00,real_time_price,351.59,valley,353.2766432762146
2026-02-27 01:45:00,real_time_price,338.78,valley,333.01433849334717
2026-02-27 02:00:00,real_time_price,330.22,valley,327.572802066803
2026-02-27 02:15:00,real_time_price,317.33,valley,327.31619787216187
2026-02-27 02:30:00,real_time_price,317.43,valley,327.12381410598755
2026-02-27 02:45:00,real_time_price,306.61,valley,311.3190584182739
2026-02-27 03:00:00,real_time_price,303.77,valley,306.8116445541382
2026-02-27 03:15:00,real_time_price,297.93,valley,299.1597480773926
2026-02-27 03:30:00,real_time_price,301.44,valley,292.53230905532837
2026-02-27 03:45:00,real_time_price,298.99,valley,294.87720680236816
2026-02-27 04:00:00,real_time_price,282.1,valley,293.6961073875427
2026-02-27 04:15:00,real_time_price,291.21,valley,283.3365201950073
2026-02-27 04:30:00,real_time_price,285.49,valley,280.6483688354492
2026-02-27 04:45:00,real_time_price,294.1,valley,280.90164613723755
2026-02-27 05:00:00,real_time_price,290.45,valley,283.9065914154053
2026-02-27 05:15:00,real_time_price,280.0,valley,285.4149613380432
2026-02-27 05:30:00,real_time_price,288.0,valley,285.35676670074463
2026-02-27 05:45:00,real_time_price,323.18,valley,285.54473876953125
2026-02-27 06:00:00,real_time_price,330.95,valley,306.2952923774719
2026-02-27 06:15:00,real_time_price,304.32,valley,323.1277461051941
2026-02-27 06:30:00,real_time_price,342.27,valley,319.56449842453003
2026-02-27 06:45:00,real_time_price,331.66,valley,341.2016167640686
2026-02-27 07:00:00,real_time_price,321.62,valley,339.16040325164795
2026-02-27 07:15:00,real_time_price,380.61,valley,326.52577686309814
2026-02-27 07:30:00,real_time_price,321.04,valley,362.33056640625
2026-02-27 07:45:00,real_time_price,359.78,valley,339.82588291168213
2026-02-27 08:00:00,real_time_price,294.12,flat,372.1770439147949
2026-02-27 08:15:00,real_time_price,317.58,flat,321.6257424354553
2026-02-27 08:30:00,real_time_price,299.16,flat,332.10939598083496
2026-02-27 08:45:00,real_time_price,374.01,flat,296.47401237487793
2026-02-27 09:00:00,real_time_price,341.22,flat,339.510675907135
2026-02-27 09:15:00,real_time_price,326.98,flat,335.8730387687683
2026-02-27 09:30:00,real_time_price,344.59,flat,336.4183654785156
2026-02-27 09:45:00,real_time_price,299.95,flat,335.0377526283264
2026-02-27 10:00:00,real_time_price,303.14,peak,304.779727935791
2026-02-27 10:15:00,real_time_price,295.21,peak,277.86987566947937
2026-02-27 10:30:00,real_time_price,296.97,peak,280.2690854072571
2026-02-27 10:45:00,real_time_price,284.88,peak,294.6730389595032
2026-02-27 11:00:00,real_time_price,302.61,peak,253.48842763900757
2026-02-27 11:15:00,real_time_price,330.51,peak,261.72883653640747
2026-02-27 11:30:00,real_time_price,280.03,peak,282.79057216644287
2026-02-27 11:45:00,real_time_price,310.4,peak,308.14485597610474
2026-02-27 12:00:00,real_time_price,296.17,flat,279.12287950515747
2026-02-27 12:15:00,real_time_price,301.4,flat,247.29891300201416
2026-02-27 12:30:00,real_time_price,290.77,flat,293.3947033882141
2026-02-27 12:45:00,real_time_price,305.1,flat,286.82854318618774
2026-02-27 13:00:00,real_time_price,292.17,flat,290.5562434196472
2026-02-27 13:15:00,real_time_price,294.35,flat,283.5578179359436
2026-02-27 13:30:00,real_time_price,296.85,flat,289.0581102371216
2026-02-27 13:45:00,real_time_price,308.87,flat,301.5486378669739
2026-02-27 14:00:00,real_time_price,289.82,peak,317.58483052253723
2026-02-27 14:15:00,real_time_price,303.77,peak,290.4210798740387
2026-02-27 14:30:00,real_time_price,305.79,peak,288.8015718460083
2026-02-27 14:45:00,real_time_price,286.26,peak,295.0520570278168
2026-02-27 15:00:00,real_time_price,277.62,peak,304.27000546455383
2026-02-27 15:15:00,real_time_price,295.18,peak,288.13983631134033
2026-02-27 15:30:00,real_time_price,274.06,peak,282.68012619018555
2026-02-27 15:45:00,real_time_price,270.04,peak,293.1694359779358
2026-02-27 16:00:00,real_time_price,275.33,peak,276.5843620300293
2026-02-27 16:15:00,real_time_price,279.16,peak,283.4629054069519
2026-02-27 16:30:00,real_time_price,304.55,peak,251.58836150169373
2026-02-27 16:45:00,real_time_price,307.33,peak,312.1217863559723
2026-02-27 17:00:00,real_time_price,303.25,peak,329.1315965652466
2026-02-27 17:15:00,real_time_price,320.66,peak,322.77521896362305
2026-02-27 17:30:00,real_time_price,330.26,peak,345.762403011322
2026-02-27 17:45:00,real_time_price,362.34,peak,345.7926983833313
2026-02-27 18:00:00,real_time_price,320.57,peak,390.31542778015137
2026-02-27 18:15:00,real_time_price,289.11,peak,396.88928961753845
2026-02-27 18:30:00,real_time_price,360.9,peak,334.9526526927948
2026-02-27 18:45:00,real_time_price,328.75,peak,416.63080978393555
2026-02-27 19:00:00,real_time_price,342.15,flat,335.80492973327637
2026-02-27 19:15:00,real_time_price,352.27,flat,330.0864825248718
2026-02-27 19:30:00,real_time_price,334.08,flat,385.98531675338745
2026-02-27 19:45:00,real_time_price,338.8,flat,341.28021335601807
2026-02-27 20:00:00,real_time_price,296.5,flat,332.6373312473297
2026-02-27 20:15:00,real_time_price,310.53,flat,289.50753021240234
2026-02-27 20:30:00,real_time_price,316.88,flat,305.44347381591797
2026-02-27 20:45:00,real_time_price,353.08,flat,310.80625438690186
2026-02-27 21:00:00,real_time_price,320.65,flat,325.54517459869385
2026-02-27 21:15:00,real_time_price,320.67,flat,320.91703748703003
2026-02-27 21:30:00,real_time_price,324.98,flat,322.8783338069916
2026-02-27 21:45:00,real_time_price,362.35,flat,328.71828722953796
2026-02-27 22:00:00,real_time_price,300.4,flat,341.05705523490906
2026-02-27 22:15:00,real_time_price,374.57,flat,308.15055108070374
2026-02-27 22:30:00,real_time_price,374.61,flat,334.23060131073
2026-02-27 22:45:00,real_time_price,363.24,flat,345.78511476516724
2026-02-27 23:00:00,real_time_price,390.81,flat,342.25198888778687
2026-02-27 23:15:00,real_time_price,340.73,flat,358.5870056152344
2026-02-27 23:30:00,real_time_price,332.01,flat,346.7954216003418
2026-02-27 23:45:00,real_time_price,329.01,flat,321.1308856010437
2026-02-28 00:00:00,real_time_price,295.6,valley,313.27363109588623
2026-02-28 00:15:00,real_time_price,,valley,298.5824785232544
2026-02-28 00:30:00,real_time_price,,valley,442.3112726211548
2026-02-28 00:45:00,real_time_price,,valley,388.4996476173401
2026-02-28 01:00:00,real_time_price,,valley,358.2775902748108
2026-02-28 01:15:00,real_time_price,,valley,353.673885345459
2026-02-28 01:30:00,real_time_price,,valley,333.8591089248657
2026-02-28 01:45:00,real_time_price,,valley,328.0073709487915
2026-02-28 02:00:00,real_time_price,,valley,322.0660800933838
2026-02-28 02:15:00,real_time_price,,valley,323.71582984924316
2026-02-28 02:30:00,real_time_price,,valley,319.4328546524048
2026-02-28 02:45:00,real_time_price,,valley,318.07842206954956
2026-02-28 03:00:00,real_time_price,,valley,315.04611921310425
2026-02-28 03:15:00,real_time_price,,valley,310.7286276817322
2026-02-28 03:30:00,real_time_price,,valley,307.76108503341675
2026-02-28 03:45:00,real_time_price,,valley,303.9531307220459
2026-02-28 04:00:00,real_time_price,,valley,301.3372540473938
2026-02-28 04:15:00,real_time_price,,valley,296.16856360435486
2026-02-28 04:30:00,real_time_price,,valley,293.5082583427429
2026-02-28 04:45:00,real_time_price,,valley,287.7276005744934
2026-02-28 05:00:00,real_time_price,,valley,289.63078927993774
2026-02-28 05:15:00,real_time_price,,valley,285.3219132423401
2026-02-28 05:30:00,real_time_price,,valley,286.41734504699707
2026-02-28 05:45:00,real_time_price,,valley,290.25538444519043
2026-02-28 06:00:00,real_time_price,,valley,295.487886428833
2026-02-28 06:15:00,real_time_price,,valley,300.00587797164917
2026-02-28 06:30:00,real_time_price,,valley,304.3588213920593
2026-02-28 06:45:00,real_time_price,,valley,319.1578531265259
2026-02-28 07:00:00,real_time_price,,valley,325.5097403526306
2026-02-28 07:15:00,real_time_price,,valley,324.30677318573
2026-02-28 07:30:00,real_time_price,,valley,328.73509216308594
2026-02-28 07:45:00,real_time_price,,valley,337.19428634643555
2026-02-28 08:00:00,real_time_price,,flat,350.8149824142456
2026-02-28 08:15:00,real_time_price,,flat,357.25515508651733
2026-02-28 08:30:00,real_time_price,,flat,384.51571464538574
2026-02-28 08:45:00,real_time_price,,flat,392.5048522949219
2026-02-28 09:00:00,real_time_price,,flat,380.9362006187439
2026-02-28 09:15:00,real_time_price,,flat,362.62509632110596
2026-02-28 09:30:00,real_time_price,,flat,382.090051651001
2026-02-28 09:45:00,real_time_price,,flat,379.299845457077
2026-02-28 10:00:00,real_time_price,,peak,372.3206388950348
2026-02-28 10:15:00,real_time_price,,peak,353.4206655025482
2026-02-28 10:30:00,real_time_price,,peak,349.9922683238983
2026-02-28 10:45:00,real_time_price,,peak,342.13676714897156
2026-02-28 11:00:00,real_time_price,,peak,327.47503662109375
2026-02-28 11:15:00,real_time_price,,peak,332.5160014629364
2026-02-28 11:30:00,real_time_price,,peak,319.92509603500366
2026-02-28 11:45:00,real_time_price,,peak,309.77021646499634
2026-02-28 12:00:00,real_time_price,,flat,286.01291608810425
2026-02-28 12:15:00,real_time_price,,flat,237.04303979873657
2026-02-28 12:30:00,real_time_price,,flat,258.14017963409424
2026-02-28 12:45:00,real_time_price,,flat,252.44823598861694
2026-02-28 13:00:00,real_time_price,,flat,247.43911743164062
2026-02-28 13:15:00,real_time_price,,flat,237.07272839546204
2026-02-28 13:30:00,real_time_price,,flat,237.6885633468628
2026-02-28 13:45:00,real_time_price,,flat,244.76427721977234
2026-02-28 14:00:00,real_time_price,,peak,242.42391347885132
2026-02-28 14:15:00,real_time_price,,peak,190.29413557052612
2026-02-28 14:30:00,real_time_price,,peak,236.2692084312439
2026-02-28 14:45:00,real_time_price,,peak,223.593355178833
2026-02-28 15:00:00,real_time_price,,peak,242.35151052474976
2026-02-28 15:15:00,real_time_price,,peak,248.8471474647522
2026-02-28 15:30:00,real_time_price,,peak,250.49992275238037
2026-02-28 15:45:00,real_time_price,,peak,250.4060459136963
2026-02-28 16:00:00,real_time_price,,peak,268.5489230155945
2026-02-28 16:15:00,real_time_price,,peak,282.60053181648254
2026-02-28 16:30:00,real_time_price,,peak,314.30785393714905
2026-02-28 16:45:00,real_time_price,,peak,308.1662003993988
2026-02-28 17:00:00,real_time_price,,peak,325.5044946670532
2026-02-28 17:15:00,real_time_price,,peak,326.93037700653076
2026-02-28 17:30:00,real_time_price,,peak,348.18311309814453
2026-02-28 17:45:00,real_time_price,,peak,361.6914210319519
2026-02-28 18:00:00,real_time_price,,peak,366.0552020072937
2026-02-28 18:15:00,real_time_price,,peak,343.82958698272705
2026-02-28 18:30:00,real_time_price,,peak,370.83114528656006
2026-02-28 18:45:00,real_time_price,,peak,390.7920980453491
2026-02-28 19:00:00,real_time_price,,flat,380.42758989334106
2026-02-28 19:15:00,real_time_price,,flat,373.2486584186554
2026-02-28 19:30:00,real_time_price,,flat,404.1101281642914
2026-02-28 19:45:00,real_time_price,,flat,379.8302516937256
2026-02-28 20:00:00,real_time_price,,flat,369.75490951538086
2026-02-28 20:15:00,real_time_price,,flat,354.61282110214233
2026-02-28 20:30:00,real_time_price,,flat,369.6943426132202
2026-02-28 20:45:00,real_time_price,,flat,369.3045816421509
2026-02-28 21:00:00,real_time_price,,flat,364.359179019928
2026-02-28 21:15:00,real_time_price,,flat,358.66618514060974
2026-02-28 21:30:00,real_time_price,,flat,363.0371162891388
2026-02-28 21:45:00,real_time_price,,flat,366.6106321811676
2026-02-28 22:00:00,real_time_price,,flat,359.9314284324646
2026-02-28 22:15:00,real_time_price,,flat,360.69448590278625
2026-02-28 22:30:00,real_time_price,,flat,357.11634588241577
2026-02-28 22:45:00,real_time_price,,flat,349.4902648925781
2026-02-28 23:00:00,real_time_price,,flat,342.73120069503784
2026-02-28 23:15:00,real_time_price,,flat,330.4299192428589
2026-02-28 23:30:00,real_time_price,,flat,326.53704929351807
2026-02-28 23:45:00,real_time_price,,flat,321.5252695083618
2026-03-01 00:00:00,real_time_price,,valley,310.93615770339966
2026-03-01 00:15:00,real_time_price,,valley,300.43791675567627
2026-03-01 00:30:00,real_time_price,,valley,435.757719039917
2026-03-01 00:45:00,real_time_price,,valley,401.53657627105713
2026-03-01 01:00:00,real_time_price,,valley,410.5712604522705
2026-03-01 01:15:00,real_time_price,,valley,385.24265813827515
2026-03-01 01:30:00,real_time_price,,valley,361.38089656829834
2026-03-01 01:45:00,real_time_price,,valley,359.54121112823486
2026-03-01 02:00:00,real_time_price,,valley,355.8412551879883
2026-03-01 02:15:00,real_time_price,,valley,353.6880292892456
2026-03-01 02:30:00,real_time_price,,valley,348.4494948387146
2026-03-01 02:45:00,real_time_price,,valley,345.00029706954956
2026-03-01 03:00:00,real_time_price,,valley,342.26709747314453
2026-03-01 03:15:00,real_time_price,,valley,339.18541955947876
2026-03-01 03:30:00,real_time_price,,valley,338.1074414253235
2026-03-01 03:45:00,real_time_price,,valley,325.303804397583
2026-03-01 04:00:00,real_time_price,,valley,321.5993947982788
2026-03-01 04:15:00,real_time_price,,valley,315.0962338447571
2026-03-01 04:30:00,real_time_price,,valley,311.33074283599854
2026-03-01 04:45:00,real_time_price,,valley,306.8942914009094
2026-03-01 05:00:00,real_time_price,,valley,304.323974609375
2026-03-01 05:15:00,real_time_price,,valley,301.2987184524536
2026-03-01 05:30:00,real_time_price,,valley,301.3812665939331
2026-03-01 05:45:00,real_time_price,,valley,306.6693158149719
2026-03-01 06:00:00,real_time_price,,valley,313.8618516921997
2026-03-01 06:15:00,real_time_price,,valley,314.27351474761963
2026-03-01 06:30:00,real_time_price,,valley,324.53272008895874
2026-03-01 06:45:00,real_time_price,,valley,329.67659616470337
2026-03-01 07:00:00,real_time_price,,valley,331.70185565948486
2026-03-01 07:15:00,real_time_price,,valley,316.5125379562378
2026-03-01 07:30:00,real_time_price,,valley,322.75067949295044
2026-03-01 07:45:00,real_time_price,,valley,323.64521884918213
2026-03-01 08:00:00,real_time_price,,flat,332.02395009994507
2026-03-01 08:15:00,real_time_price,,flat,335.72240591049194
2026-03-01 08:30:00,real_time_price,,flat,348.3880543708801
2026-03-01 08:45:00,real_time_price,,flat,348.3312659263611
2026-03-01 09:00:00,real_time_price,,flat,337.7964925765991
2026-03-01 09:15:00,real_time_price,,flat,333.9554657936096
2026-03-01 09:30:00,real_time_price,,flat,335.8845775127411
2026-03-01 09:45:00,real_time_price,,flat,331.8729934692383
2026-03-01 10:00:00,real_time_price,,peak,337.59281158447266
2026-03-01 10:15:00,real_time_price,,peak,324.78987860679626
2026-03-01 10:30:00,real_time_price,,peak,319.60842633247375
2026-03-01 10:45:00,real_time_price,,peak,327.32579016685486
2026-03-01 11:00:00,real_time_price,,peak,326.4588713645935
2026-03-01 11:15:00,real_time_price,,peak,312.1371765136719
2026-03-01 11:30:00,real_time_price,,peak,310.9317307472229
2026-03-01 11:45:00,real_time_price,,peak,285.29932737350464
2026-03-01 12:00:00,real_time_price,,flat,248.85903573036194
2026-03-01 12:15:00,real_time_price,,flat,165.21551084518433
2026-03-01 12:30:00,real_time_price,,flat,227.9081461429596
2026-03-01 12:45:00,real_time_price,,flat,226.77626419067383
2026-03-01 13:00:00,real_time_price,,flat,217.5384876728058
2026-03-01 13:15:00,real_time_price,,flat,213.71576118469238
2026-03-01 13:30:00,real_time_price,,flat,228.4266037940979
2026-03-01 13:45:00,real_time_price,,flat,245.96148443222046
2026-03-01 14:00:00,real_time_price,,peak,233.7566614151001
2026-03-01 14:15:00,real_time_price,,peak,206.83722162246704
2026-03-01 14:30:00,real_time_price,,peak,203.61463594436646
2026-03-01 14:45:00,real_time_price,,peak,188.8487663269043
2026-03-01 15:00:00,real_time_price,,peak,198.70507621765137
2026-03-01 15:15:00,real_time_price,,peak,204.67130374908447
2026-03-01 15:30:00,real_time_price,,peak,212.5557804107666
2026-03-01 15:45:00,real_time_price,,peak,222.38179969787598
2026-03-01 16:00:00,real_time_price,,peak,245.07937240600586
2026-03-01 16:15:00,real_time_price,,peak,245.7192406654358
2026-03-01 16:30:00,real_time_price,,peak,255.01043462753296
2026-03-01 16:45:00,real_time_price,,peak,256.8159170150757
2026-03-01 17:00:00,real_time_price,,peak,263.6757462024689
2026-03-01 17:15:00,real_time_price,,peak,291.88256883621216
2026-03-01 17:30:00,real_time_price,,peak,304.9239339828491
2026-03-01 17:45:00,real_time_price,,peak,335.7308073043823
2026-03-01 18:00:00,real_time_price,,peak,335.5853443145752
2026-03-01 18:15:00,real_time_price,,peak,330.3424069881439
2026-03-01 18:30:00,real_time_price,,peak,357.0000958442688
2026-03-01 18:45:00,real_time_price,,peak,379.03864002227783
2026-03-01 19:00:00,real_time_price,,flat,369.76808285713196
2026-03-01 19:15:00,real_time_price,,flat,353.84167551994324
2026-03-01 19:30:00,real_time_price,,flat,382.24851536750793
2026-03-01 19:45:00,real_time_price,,flat,376.737961769104
2026-03-01 20:00:00,real_time_price,,flat,361.4081461429596
2026-03-01 20:15:00,real_time_price,,flat,349.94620084762573
2026-03-01 20:30:00,real_time_price,,flat,360.05926036834717
2026-03-01 20:45:00,real_time_price,,flat,366.4894847869873
2026-03-01 21:00:00,real_time_price,,flat,361.10061025619507
2026-03-01 21:15:00,real_time_price,,flat,357.840220451355
2026-03-01 21:30:00,real_time_price,,flat,366.6610178947449
2026-03-01 21:45:00,real_time_price,,flat,363.36357259750366
2026-03-01 22:00:00,real_time_price,,flat,358.67170238494873
2026-03-01 22:15:00,real_time_price,,flat,358.6879553794861
2026-03-01 22:30:00,real_time_price,,flat,352.44512915611267
2026-03-01 22:45:00,real_time_price,,flat,342.27243971824646
2026-03-01 23:00:00,real_time_price,,flat,334.535519361496
2026-03-01 23:15:00,real_time_price,,flat,323.75486946105957
2026-03-01 23:30:00,real_time_price,,flat,317.77029275894165
2026-03-01 23:45:00,real_time_price,,flat,311.6684410572052
2026-03-02 00:00:00,real_time_price,,valley,303.1435384750366
