times,target,actual,segment,prediction
2026-01-01 00:15:00,real_time_price,290.1,valley,250.6808319091797
2026-01-01 00:30:00,real_time_price,323.1,valley,280.96466064453125
2026-01-01 00:45:00,real_time_price,247.87,valley,279.452392578125
2026-01-01 01:00:00,real_time_price,263.99,valley,279.02752685546875
2026-01-01 01:15:00,real_time_price,247.01,valley,274.22998046875
2026-01-01 01:30:00,real_time_price,190.55,valley,268.37615966796875
2026-01-01 01:45:00,real_time_price,222.92,valley,267.82403564453125
2026-01-01 02:00:00,real_time_price,227.75,valley,263.22320556640625
2026-01-01 02:15:00,real_time_price,240.0,valley,271.986083984375
2026-01-01 02:30:00,real_time_price,250.0,valley,271.154052734375
2026-01-01 02:45:00,real_time_price,150.0,valley,272.185302734375
2026-01-01 03:00:00,real_time_price,150.38,valley,268.303955078125
2026-01-01 03:15:00,real_time_price,196.0,valley,264.70068359375
2026-01-01 03:30:00,real_time_price,206.69,valley,263.7620544433594
2026-01-01 03:45:00,real_time_price,213.29,valley,261.4476013183594
2026-01-01 04:00:00,real_time_price,205.06,valley,261.5794677734375
2026-01-01 04:15:00,real_time_price,200.41,valley,265.22271728515625
2026-01-01 04:30:00,real_time_price,200.0,valley,259.9898681640625
2026-01-01 04:45:00,real_time_price,191.42,valley,258.2281188964844
2026-01-01 05:00:00,real_time_price,150.3,valley,257.10845947265625
2026-01-01 05:15:00,real_time_price,121.24,valley,255.56539916992188
2026-01-01 05:30:00,real_time_price,200.0,valley,257.4116516113281
2026-01-01 05:45:00,real_time_price,0.0,valley,259.38250732421875
2026-01-01 06:00:00,real_time_price,188.46,valley,262.33953857421875
2026-01-01 06:15:00,real_time_price,10.29,valley,264.8462219238281
2026-01-01 06:30:00,real_time_price,150.15,valley,270.5061340332031
2026-01-01 06:45:00,real_time_price,-42.84,valley,273.33892822265625
2026-01-01 07:00:00,real_time_price,-0.81,valley,280.01641845703125
2026-01-01 07:15:00,real_time_price,0.0,valley,283.09967041015625
2026-01-01 07:30:00,real_time_price,0.0,valley,285.47845458984375
2026-01-01 07:45:00,real_time_price,0.0,valley,289.1993408203125
2026-01-01 08:00:00,real_time_price,-45.0,flat,292.6253967285156
2026-01-01 08:15:00,real_time_price,-50.0,flat,294.51226806640625
2026-01-01 08:30:00,real_time_price,-50.0,flat,299.7353515625
2026-01-01 08:45:00,real_time_price,-50.0,flat,297.6927795410156
2026-01-01 09:00:00,real_time_price,-50.0,flat,290.4996643066406
2026-01-01 09:15:00,real_time_price,-44.04,flat,286.313720703125
2026-01-01 09:30:00,real_time_price,-45.27,flat,283.0771179199219
2026-01-01 09:45:00,real_time_price,-44.14,flat,277.4852294921875
2026-01-01 10:00:00,real_time_price,-44.14,peak,268.6563415527344
2026-01-01 10:15:00,real_time_price,-50.0,peak,258.4254150390625
2026-01-01 10:30:00,real_time_price,-50.0,peak,248.34286499023438
2026-01-01 10:45:00,real_time_price,-50.0,peak,234.55372619628906
2026-01-01 11:00:00,real_time_price,-39.72,peak,230.75527954101562
2026-01-01 11:15:00,real_time_price,-50.0,peak,237.21456909179688
2026-01-01 11:30:00,real_time_price,-49.46,peak,229.68341064453125
2026-01-01 11:45:00,real_time_price,-37.91,peak,208.9857177734375
2026-01-01 12:00:00,real_time_price,-41.97,flat,184.7811279296875
2026-01-01 12:15:00,real_time_price,-42.81,flat,69.6849365234375
2026-01-01 12:30:00,real_time_price,-39.76,flat,93.82911682128906
2026-01-01 12:45:00,real_time_price,142.48,flat,91.76498413085938
2026-01-01 13:00:00,real_time_price,-0.12,flat,78.97816467285156
2026-01-01 13:15:00,real_time_price,-50.0,flat,72.9490966796875
2026-01-01 13:30:00,real_time_price,-40.49,flat,99.01420593261719
2026-01-01 13:45:00,real_time_price,12.12,flat,161.52110290527344
2026-01-01 14:00:00,real_time_price,-18.47,peak,163.92572021484375
2026-01-01 14:15:00,real_time_price,-38.96,peak,124.9027099609375
2026-01-01 14:30:00,real_time_price,-38.38,peak,87.79013061523438
2026-01-01 14:45:00,real_time_price,-38.76,peak,76.40626525878906
2026-01-01 15:00:00,real_time_price,-38.56,peak,70.56990051269531
2026-01-01 15:15:00,real_time_price,-39.76,peak,73.12667846679688
2026-01-01 15:30:00,real_time_price,-38.94,peak,124.69197082519531
2026-01-01 15:45:00,real_time_price,-41.64,peak,196.93307495117188
2026-01-01 16:00:00,real_time_price,9.93,peak,229.687255859375
2026-01-01 16:15:00,real_time_price,-40.42,peak,268.28887939453125
2026-01-01 16:30:00,real_time_price,-42.06,peak,282.6761474609375
2026-01-01 16:45:00,real_time_price,9.56,peak,290.51702880859375
2026-01-01 17:00:00,real_time_price,274.47,peak,303.0409240722656
2026-01-01 17:15:00,real_time_price,182.35,peak,306.7193298339844
2026-01-01 17:30:00,real_time_price,204.98,peak,314.8804931640625
2026-01-01 17:45:00,real_time_price,242.21,peak,318.49462890625
2026-01-01 18:00:00,real_time_price,241.3,peak,319.3335266113281
2026-01-01 18:15:00,real_time_price,250.1,peak,322.66973876953125
2026-01-01 18:30:00,real_time_price,257.41,peak,326.0097961425781
2026-01-01 18:45:00,real_time_price,256.0,peak,324.357177734375
2026-01-01 19:00:00,real_time_price,205.53,flat,324.60845947265625
2026-01-01 19:15:00,real_time_price,100.65,flat,321.112548828125
2026-01-01 19:30:00,real_time_price,210.36,flat,320.8879089355469
2026-01-01 19:45:00,real_time_price,191.66,flat,318.3070068359375
2026-01-01 20:00:00,real_time_price,262.14,flat,314.9361877441406
2026-01-01 20:15:00,real_time_price,253.9,flat,310.9111328125
2026-01-01 20:30:00,real_time_price,249.39,flat,312.452392578125
2026-01-01 20:45:00,real_time_price,251.35,flat,310.5538024902344
2026-01-01 21:00:00,real_time_price,251.9,flat,308.99664306640625
2026-01-01 21:15:00,real_time_price,269.39,flat,312.21466064453125
2026-01-01 21:30:00,real_time_price,262.73,flat,313.2211608886719
2026-01-01 21:45:00,real_time_price,159.25,flat,308.4417724609375
2026-01-01 22:00:00,real_time_price,254.25,flat,302.8721618652344
2026-01-01 22:15:00,real_time_price,250.65,flat,297.2777404785156
2026-01-01 22:30:00,real_time_price,248.99,flat,289.9420471191406
2026-01-01 22:45:00,real_time_price,241.5,flat,281.118408203125
2026-01-01 23:00:00,real_time_price,266.22,flat,279.3511047363281
2026-01-01 23:15:00,real_time_price,253.59,flat,280.5293884277344
2026-01-01 23:30:00,real_time_price,239.24,flat,278.42626953125
2026-01-01 23:45:00,real_time_price,246.63,flat,272.5111083984375
2026-01-02 00:00:00,real_time_price,245.23,valley,267.170654296875
2026-01-02 00:15:00,real_time_price,322.15,valley,266.89373779296875
2026-01-02 00:30:00,real_time_price,461.38,valley,288.51446533203125
2026-01-02 00:45:00,real_time_price,332.99,valley,288.7335205078125
2026-01-02 01:00:00,real_time_price,276.14,valley,285.78143310546875
2026-01-02 01:15:00,real_time_price,275.84,valley,281.27105712890625
2026-01-02 01:30:00,real_time_price,277.0,valley,279.2855529785156
2026-01-02 01:45:00,real_time_price,264.44,valley,278.7130126953125
2026-01-02 02:00:00,real_time_price,266.41,valley,277.4635314941406
2026-01-02 02:15:00,real_time_price,265.53,valley,280.2481384277344
2026-01-02 02:30:00,real_time_price,267.96,valley,279.5596618652344
2026-01-02 02:45:00,real_time_price,246.49,valley,278.5564880371094
2026-01-02 03:00:00,real_time_price,157.41,valley,276.9234619140625
2026-01-02 03:15:00,real_time_price,43.25,valley,274.12567138671875
2026-01-02 03:30:00,real_time_price,43.25,valley,274.5726318359375
2026-01-02 03:45:00,real_time_price,43.25,valley,270.8546142578125
2026-01-02 04:00:00,real_time_price,43.25,valley,269.7637023925781
2026-01-02 04:15:00,real_time_price,17.49,valley,264.55523681640625
2026-01-02 04:30:00,real_time_price,17.49,valley,260.246826171875
2026-01-02 04:45:00,real_time_price,43.25,valley,259.81390380859375
2026-01-02 05:00:00,real_time_price,10.0,valley,258.80413818359375
2026-01-02 05:15:00,real_time_price,102.0,valley,259.1108093261719
2026-01-02 05:30:00,real_time_price,43.25,valley,259.8734436035156
2026-01-02 05:45:00,real_time_price,43.25,valley,262.37445068359375
2026-01-02 06:00:00,real_time_price,43.25,valley,266.242919921875
2026-01-02 06:15:00,real_time_price,43.25,valley,271.0927429199219
2026-01-02 06:30:00,real_time_price,208.24,valley,278.301025390625
2026-01-02 06:45:00,real_time_price,250.34,valley,283.7712707519531
2026-01-02 07:00:00,real_time_price,43.25,valley,291.0370178222656
2026-01-02 07:15:00,real_time_price,253.28,valley,293.6607666015625
2026-01-02 07:30:00,real_time_price,276.66,valley,296.480712890625
2026-01-02 07:45:00,real_time_price,179.16,valley,302.7238464355469
2026-01-02 08:00:00,real_time_price,425.47,flat,307.7568359375
2026-01-02 08:15:00,real_time_price,388.72,flat,310.75390625
2026-01-02 08:30:00,real_time_price,341.99,flat,321.802978515625
2026-01-02 08:45:00,real_time_price,249.01,flat,319.5052795410156
2026-01-02 09:00:00,real_time_price,303.29,flat,307.57806396484375
2026-01-02 09:15:00,real_time_price,280.06,flat,302.2711181640625
2026-01-02 09:30:00,real_time_price,174.17,flat,294.6298522949219
2026-01-02 09:45:00,real_time_price,255.01,flat,289.1605224609375
2026-01-02 10:00:00,real_time_price,252.39,peak,282.0915832519531
2026-01-02 10:15:00,real_time_price,70.74,peak,274.8865661621094
2026-01-02 10:30:00,real_time_price,188.29,peak,265.29083251953125
2026-01-02 10:45:00,real_time_price,178.19,peak,251.9231719970703
2026-01-02 11:00:00,real_time_price,-48.64,peak,248.94186401367188
2026-01-02 11:15:00,real_time_price,0.19,peak,252.34860229492188
2026-01-02 11:30:00,real_time_price,20.41,peak,246.1732177734375
2026-01-02 11:45:00,real_time_price,-48.66,peak,219.28573608398438
2026-01-02 12:00:00,real_time_price,0.77,flat,195.25848388671875
2026-01-02 12:15:00,real_time_price,-49.71,flat,81.7447509765625
2026-01-02 12:30:00,real_time_price,-48.95,flat,109.5701904296875
2026-01-02 12:45:00,real_time_price,-49.47,flat,104.98171997070312
2026-01-02 13:00:00,real_time_price,-50.0,flat,100.36514282226562
2026-01-02 13:15:00,real_time_price,-48.21,flat,93.08961486816406
2026-01-02 13:30:00,real_time_price,-47.86,flat,121.50241088867188
2026-01-02 13:45:00,real_time_price,-28.86,flat,183.18988037109375
2026-01-02 14:00:00,real_time_price,-41.55,peak,185.65475463867188
2026-01-02 14:15:00,real_time_price,-40.01,peak,159.78579711914062
2026-01-02 14:30:00,real_time_price,-50.0,peak,128.61622619628906
2026-01-02 14:45:00,real_time_price,-45.63,peak,112.51069641113281
2026-01-02 15:00:00,real_time_price,10.25,peak,104.14079284667969
2026-01-02 15:15:00,real_time_price,-44.48,peak,113.34767150878906
2026-01-02 15:30:00,real_time_price,10.75,peak,160.58056640625
2026-01-02 15:45:00,real_time_price,239.44,peak,229.53167724609375
2026-01-02 16:00:00,real_time_price,280.33,peak,251.704833984375
2026-01-02 16:15:00,real_time_price,269.73,peak,270.2854919433594
2026-01-02 16:30:00,real_time_price,330.89,peak,287.5253601074219
2026-01-02 16:45:00,real_time_price,309.85,peak,303.5699768066406
2026-01-02 17:00:00,real_time_price,398.07,peak,326.6966247558594
2026-01-02 17:15:00,real_time_price,344.4,peak,332.39300537109375
2026-01-02 17:30:00,real_time_price,311.26,peak,347.4261779785156
2026-01-02 17:45:00,real_time_price,431.12,peak,352.90570068359375
2026-01-02 18:00:00,real_time_price,379.45,peak,353.6352233886719
2026-01-02 18:15:00,real_time_price,488.11,peak,361.81549072265625
2026-01-02 18:30:00,real_time_price,400.86,peak,367.6694641113281
2026-01-02 18:45:00,real_time_price,618.61,peak,370.2338562011719
2026-01-02 19:00:00,real_time_price,715.52,flat,370.08966064453125
2026-01-02 19:15:00,real_time_price,1168.84,flat,361.18646240234375
2026-01-02 19:30:00,real_time_price,658.69,flat,359.2010498046875
2026-01-02 19:45:00,real_time_price,1102.52,flat,352.50738525390625
2026-01-02 20:00:00,real_time_price,495.69,flat,346.21246337890625
2026-01-02 20:15:00,real_time_price,325.89,flat,337.3215637207031
2026-01-02 20:30:00,real_time_price,329.98,flat,339.5874328613281
2026-01-02 20:45:00,real_time_price,684.16,flat,339.97607421875
2026-01-02 21:00:00,real_time_price,731.51,flat,333.8372802734375
2026-01-02 21:15:00,real_time_price,370.58,flat,333.592529296875
2026-01-02 21:30:00,real_time_price,351.95,flat,332.0861511230469
2026-01-02 21:45:00,real_time_price,335.25,flat,324.8314208984375
2026-01-02 22:00:00,real_time_price,531.7,flat,318.11785888671875
2026-01-02 22:15:00,real_time_price,667.08,flat,310.7362060546875
2026-01-02 22:30:00,real_time_price,292.27,flat,304.42816162109375
2026-01-02 22:45:00,real_time_price,485.39,flat,297.9693908691406
2026-01-02 23:00:00,real_time_price,452.69,flat,293.20361328125
2026-01-02 23:15:00,real_time_price,342.44,flat,291.60650634765625
2026-01-02 23:30:00,real_time_price,284.93,flat,286.7969970703125
2026-01-02 23:45:00,real_time_price,291.56,flat,276.2767028808594
2026-01-03 00:00:00,real_time_price,267.11,valley,270.93011474609375
2026-01-03 00:15:00,real_time_price,314.75,valley,264.89208984375
2026-01-03 00:30:00,real_time_price,291.8,valley,306.4302978515625
2026-01-03 00:45:00,real_time_price,297.24,valley,307.3094787597656
2026-01-03 01:00:00,real_time_price,260.98,valley,305.1175231933594
2026-01-03 01:15:00,real_time_price,323.14,valley,298.86248779296875
2026-01-03 01:30:00,real_time_price,285.75,valley,293.0440979003906
2026-01-03 01:45:00,real_time_price,252.82,valley,292.92633056640625
2026-01-03 02:00:00,real_time_price,410.22,valley,289.8858642578125
2026-01-03 02:15:00,real_time_price,392.69,valley,293.5487060546875
2026-01-03 02:30:00,real_time_price,390.65,valley,292.16650390625
2026-01-03 02:45:00,real_time_price,374.34,valley,292.0140075683594
2026-01-03 03:00:00,real_time_price,342.84,valley,289.0968933105469
2026-01-03 03:15:00,real_time_price,327.27,valley,286.14910888671875
2026-01-03 03:30:00,real_time_price,338.18,valley,284.1962890625
2026-01-03 03:45:00,real_time_price,302.07,valley,280.6706237792969
2026-01-03 04:00:00,real_time_price,326.26,valley,278.34814453125
2026-01-03 04:15:00,real_time_price,311.05,valley,277.07965087890625
2026-01-03 04:30:00,real_time_price,305.12,valley,272.7922058105469
2026-01-03 04:45:00,real_time_price,312.06,valley,270.7876892089844
2026-01-03 05:00:00,real_time_price,303.61,valley,270.29052734375
2026-01-03 05:15:00,real_time_price,310.15,valley,271.3155517578125
2026-01-03 05:30:00,real_time_price,301.45,valley,271.4811096191406
2026-01-03 05:45:00,real_time_price,353.31,valley,273.2885437011719
2026-01-03 06:00:00,real_time_price,326.18,valley,276.79791259765625
2026-01-03 06:15:00,real_time_price,328.29,valley,280.95263671875
2026-01-03 06:30:00,real_time_price,359.75,valley,287.3546142578125
2026-01-03 06:45:00,real_time_price,402.13,valley,292.7726135253906
2026-01-03 07:00:00,real_time_price,433.47,valley,299.01141357421875
2026-01-03 07:15:00,real_time_price,424.73,valley,301.4710998535156
2026-01-03 07:30:00,real_time_price,498.73,valley,303.36395263671875
2026-01-03 07:45:00,real_time_price,579.09,valley,308.5990295410156
2026-01-03 08:00:00,real_time_price,543.24,flat,312.4547424316406
2026-01-03 08:15:00,real_time_price,571.27,flat,317.6127014160156
2026-01-03 08:30:00,real_time_price,509.16,flat,331.72369384765625
2026-01-03 08:45:00,real_time_price,352.31,flat,328.78125
2026-01-03 09:00:00,real_time_price,306.22,flat,318.1484375
2026-01-03 09:15:00,real_time_price,327.33,flat,313.8877258300781
2026-01-03 09:30:00,real_time_price,304.98,flat,306.552001953125
2026-01-03 09:45:00,real_time_price,294.07,flat,299.374267578125
2026-01-03 10:00:00,real_time_price,303.44,peak,290.2307434082031
2026-01-03 10:15:00,real_time_price,287.78,peak,281.96759033203125
2026-01-03 10:30:00,real_time_price,259.81,peak,272.078857421875
2026-01-03 10:45:00,real_time_price,272.71,peak,260.2217712402344
2026-01-03 11:00:00,real_time_price,287.01,peak,255.7653045654297
2026-01-03 11:15:00,real_time_price,277.65,peak,260.3306884765625
2026-01-03 11:30:00,real_time_price,252.47,peak,254.95114135742188
2026-01-03 11:45:00,real_time_price,253.02,peak,223.29153442382812
2026-01-03 12:00:00,real_time_price,253.5,flat,204.88499450683594
2026-01-03 12:15:00,real_time_price,8.93,flat,98.11669921875
2026-01-03 12:30:00,real_time_price,233.05,flat,128.9487762451172
2026-01-03 12:45:00,real_time_price,14.41,flat,126.20993041992188
2026-01-03 13:00:00,real_time_price,6.18,flat,116.14921569824219
2026-01-03 13:15:00,real_time_price,211.38,flat,111.33413696289062
2026-01-03 13:30:00,real_time_price,256.56,flat,137.68093872070312
2026-01-03 13:45:00,real_time_price,259.41,flat,190.43682861328125
2026-01-03 14:00:00,real_time_price,159.71,peak,209.85885620117188
2026-01-03 14:15:00,real_time_price,250.28,peak,184.55296325683594
2026-01-03 14:30:00,real_time_price,199.35,peak,160.0776824951172
2026-01-03 14:45:00,real_time_price,227.37,peak,140.5859375
2026-01-03 15:00:00,real_time_price,212.35,peak,129.55184936523438
2026-01-03 15:15:00,real_time_price,176.5,peak,138.01535034179688
2026-01-03 15:30:00,real_time_price,292.34,peak,198.97100830078125
2026-01-03 15:45:00,real_time_price,298.36,peak,247.83090209960938
2026-01-03 16:00:00,real_time_price,354.96,peak,266.70416259765625
2026-01-03 16:15:00,real_time_price,270.98,peak,283.8476257324219
2026-01-03 16:30:00,real_time_price,309.67,peak,295.93658447265625
2026-01-03 16:45:00,real_time_price,363.83,peak,309.49969482421875
2026-01-03 17:00:00,real_time_price,295.67,peak,333.334228515625
2026-01-03 17:15:00,real_time_price,342.34,peak,337.8708801269531
2026-01-03 17:30:00,real_time_price,320.08,peak,354.89459228515625
2026-01-03 17:45:00,real_time_price,321.49,peak,357.6412658691406
2026-01-03 18:00:00,real_time_price,352.27,peak,362.8614501953125
2026-01-03 18:15:00,real_time_price,343.03,peak,367.91265869140625
2026-01-03 18:30:00,real_time_price,328.01,peak,374.4705810546875
2026-01-03 18:45:00,real_time_price,332.94,peak,375.903564453125
2026-01-03 19:00:00,real_time_price,343.94,flat,376.51690673828125
2026-01-03 19:15:00,real_time_price,319.86,flat,366.0465087890625
2026-01-03 19:30:00,real_time_price,368.3,flat,366.1617736816406
2026-01-03 19:45:00,real_time_price,401.93,flat,357.2364807128906
2026-01-03 20:00:00,real_time_price,361.3,flat,352.7080078125
2026-01-03 20:15:00,real_time_price,359.74,flat,353.8951721191406
2026-01-03 20:30:00,real_time_price,340.68,flat,357.5895690917969
2026-01-03 20:45:00,real_time_price,419.53,flat,362.0329895019531
2026-01-03 21:00:00,real_time_price,428.78,flat,351.87957763671875
2026-01-03 21:15:00,real_time_price,371.13,flat,349.0201110839844
2026-01-03 21:30:00,real_time_price,359.9,flat,344.597412109375
2026-01-03 21:45:00,real_time_price,327.72,flat,334.7288513183594
2026-01-03 22:00:00,real_time_price,311.02,flat,327.7313232421875
2026-01-03 22:15:00,real_time_price,315.94,flat,320.00994873046875
2026-01-03 22:30:00,real_time_price,278.21,flat,310.76751708984375
2026-01-03 22:45:00,real_time_price,65.24,flat,305.39776611328125
2026-01-03 23:00:00,real_time_price,266.02,flat,301.1612243652344
2026-01-03 23:15:00,real_time_price,256.44,flat,295.6768798828125
2026-01-03 23:30:00,real_time_price,249.42,flat,292.82647705078125
2026-01-03 23:45:00,real_time_price,218.79,flat,278.8484191894531
2026-01-04 00:00:00,real_time_price,249.09,valley,273.85565185546875
2026-01-04 00:15:00,real_time_price,275.92,valley,273.1912536621094
2026-01-04 00:30:00,real_time_price,358.74,valley,307.4089660644531
2026-01-04 00:45:00,real_time_price,273.83,valley,305.887939453125
2026-01-04 01:00:00,real_time_price,267.12,valley,302.474365234375
2026-01-04 01:15:00,real_time_price,416.85,valley,296.18438720703125
2026-01-04 01:30:00,real_time_price,395.39,valley,292.15264892578125
2026-01-04 01:45:00,real_time_price,333.2,valley,291.6900939941406
2026-01-04 02:00:00,real_time_price,307.98,valley,289.8712158203125
2026-01-04 02:15:00,real_time_price,295.09,valley,292.8880920410156
2026-01-04 02:30:00,real_time_price,281.41,valley,291.5096435546875
2026-01-04 02:45:00,real_time_price,291.69,valley,290.9000244140625
2026-01-04 03:00:00,real_time_price,281.33,valley,288.48724365234375
2026-01-04 03:15:00,real_time_price,283.56,valley,285.03973388671875
2026-01-04 03:30:00,real_time_price,277.04,valley,284.61102294921875
2026-01-04 03:45:00,real_time_price,288.05,valley,280.9489440917969
2026-01-04 04:00:00,real_time_price,288.54,valley,279.3241271972656
2026-01-04 04:15:00,real_time_price,265.45,valley,277.8505554199219
2026-01-04 04:30:00,real_time_price,303.74,valley,271.04644775390625
2026-01-04 04:45:00,real_time_price,280.07,valley,268.6248779296875
2026-01-04 05:00:00,real_time_price,280.23,valley,267.3404541015625
2026-01-04 05:15:00,real_time_price,296.02,valley,269.1843566894531
2026-01-04 05:30:00,real_time_price,276.93,valley,268.9842834472656
2026-01-04 05:45:00,real_time_price,269.8,valley,271.25396728515625
2026-01-04 06:00:00,real_time_price,269.3,valley,275.56256103515625
2026-01-04 06:15:00,real_time_price,345.48,valley,279.9462890625
2026-01-04 06:30:00,real_time_price,333.03,valley,286.6965026855469
2026-01-04 06:45:00,real_time_price,290.47,valley,291.6563415527344
2026-01-04 07:00:00,real_time_price,318.32,valley,298.8539733886719
2026-01-04 07:15:00,real_time_price,314.17,valley,301.7161560058594
2026-01-04 07:30:00,real_time_price,462.17,valley,303.72381591796875
2026-01-04 07:45:00,real_time_price,598.79,valley,308.91119384765625
2026-01-04 08:00:00,real_time_price,351.55,flat,313.71282958984375
2026-01-04 08:15:00,real_time_price,382.4,flat,325.63018798828125
2026-01-04 08:30:00,real_time_price,352.87,flat,335.9283142089844
2026-01-04 08:45:00,real_time_price,295.47,flat,333.8351135253906
2026-01-04 09:00:00,real_time_price,359.18,flat,323.1166076660156
2026-01-04 09:15:00,real_time_price,342.11,flat,315.0374755859375
2026-01-04 09:30:00,real_time_price,303.35,flat,305.5824279785156
2026-01-04 09:45:00,real_time_price,290.39,flat,296.6966552734375
2026-01-04 10:00:00,real_time_price,248.59,peak,285.7052307128906
2026-01-04 10:15:00,real_time_price,277.16,peak,274.4026184082031
2026-01-04 10:30:00,real_time_price,271.43,peak,264.57684326171875
2026-01-04 10:45:00,real_time_price,233.86,peak,249.64019775390625
2026-01-04 11:00:00,real_time_price,272.04,peak,244.80531311035156
2026-01-04 11:15:00,real_time_price,263.44,peak,245.7952880859375
2026-01-04 11:30:00,real_time_price,240.56,peak,239.7120819091797
2026-01-04 11:45:00,real_time_price,256.31,peak,207.92373657226562
2026-01-04 12:00:00,real_time_price,253.65,flat,189.43466186523438
2026-01-04 12:15:00,real_time_price,0.03,flat,97.65367126464844
2026-01-04 12:30:00,real_time_price,5.47,flat,121.13563537597656
2026-01-04 12:45:00,real_time_price,162.98,flat,122.61370849609375
2026-01-04 13:00:00,real_time_price,104.19,flat,110.5621337890625
2026-01-04 13:15:00,real_time_price,8.05,flat,111.93917846679688
2026-01-04 13:30:00,real_time_price,158.41,flat,140.70166015625
2026-01-04 13:45:00,real_time_price,200.79,flat,193.9288787841797
2026-01-04 14:00:00,real_time_price,236.36,peak,206.92874145507812
2026-01-04 14:15:00,real_time_price,42.36,peak,179.27955627441406
2026-01-04 14:30:00,real_time_price,62.04,peak,159.90292358398438
2026-01-04 14:45:00,real_time_price,87.46,peak,146.58912658691406
2026-01-04 15:00:00,real_time_price,240.75,peak,135.92367553710938
2026-01-04 15:15:00,real_time_price,252.94,peak,137.28738403320312
2026-01-04 15:30:00,real_time_price,241.84,peak,192.7059326171875
2026-01-04 15:45:00,real_time_price,266.44,peak,248.0155792236328
2026-01-04 16:00:00,real_time_price,274.75,peak,270.7635803222656
2026-01-04 16:15:00,real_time_price,285.46,peak,284.79595947265625
2026-01-04 16:30:00,real_time_price,292.59,peak,297.2071838378906
2026-01-04 16:45:00,real_time_price,405.86,peak,307.44677734375
2026-01-04 17:00:00,real_time_price,304.6,peak,331.134521484375
2026-01-04 17:15:00,real_time_price,302.53,peak,333.6843566894531
2026-01-04 17:30:00,real_time_price,792.24,peak,350.41131591796875
2026-01-04 17:45:00,real_time_price,405.58,peak,350.2764587402344
2026-01-04 18:00:00,real_time_price,425.33,peak,355.3743896484375
2026-01-04 18:15:00,real_time_price,414.5,peak,357.7528381347656
2026-01-04 18:30:00,real_time_price,411.4,peak,361.74676513671875
2026-01-04 18:45:00,real_time_price,322.59,peak,361.9256591796875
2026-01-04 19:00:00,real_time_price,406.54,flat,364.82208251953125
2026-01-04 19:15:00,real_time_price,372.61,flat,350.88214111328125
2026-01-04 19:30:00,real_time_price,498.1,flat,353.06591796875
2026-01-04 19:45:00,real_time_price,432.05,flat,347.0967102050781
2026-01-04 20:00:00,real_time_price,394.42,flat,346.9415588378906
2026-01-04 20:15:00,real_time_price,409.2,flat,340.1221923828125
2026-01-04 20:30:00,real_time_price,405.38,flat,344.5574951171875
2026-01-04 20:45:00,real_time_price,353.68,flat,349.27569580078125
2026-01-04 21:00:00,real_time_price,374.45,flat,341.4424743652344
2026-01-04 21:15:00,real_time_price,367.98,flat,340.58544921875
2026-01-04 21:30:00,real_time_price,434.45,flat,335.8905334472656
2026-01-04 21:45:00,real_time_price,437.38,flat,325.2946472167969
2026-01-04 22:00:00,real_time_price,322.62,flat,319.51568603515625
2026-01-04 22:15:00,real_time_price,330.55,flat,311.2198486328125
2026-01-04 22:30:00,real_time_price,298.97,flat,303.1846923828125
2026-01-04 22:45:00,real_time_price,328.02,flat,298.89471435546875
2026-01-04 23:00:00,real_time_price,308.58,flat,294.8081359863281
2026-01-04 23:15:00,real_time_price,310.43,flat,290.0022277832031
2026-01-04 23:30:00,real_time_price,312.54,flat,285.9384765625
2026-01-04 23:45:00,real_time_price,307.15,flat,276.5440979003906
2026-01-05 00:00:00,real_time_price,282.91,valley,271.21539306640625
2026-01-05 00:15:00,real_time_price,293.94,valley,272.36480712890625
2026-01-05 00:30:00,real_time_price,1000.39,valley,303.7928771972656
2026-01-05 00:45:00,real_time_price,337.69,valley,300.1101379394531
2026-01-05 01:00:00,real_time_price,320.34,valley,296.73406982421875
2026-01-05 01:15:00,real_time_price,310.28,valley,290.2241516113281
2026-01-05 01:30:00,real_time_price,307.09,valley,287.0611267089844
2026-01-05 01:45:00,real_time_price,296.03,valley,285.54742431640625
2026-01-05 02:00:00,real_time_price,291.46,valley,285.1670837402344
2026-01-05 02:15:00,real_time_price,285.42,valley,286.7658386230469
2026-01-05 02:30:00,real_time_price,280.19,valley,285.451416015625
2026-01-05 02:45:00,real_time_price,285.33,valley,284.9129943847656
2026-01-05 03:00:00,real_time_price,278.07,valley,282.99468994140625
2026-01-05 03:15:00,real_time_price,278.27,valley,279.6236267089844
2026-01-05 03:30:00,real_time_price,279.0,valley,278.43524169921875
2026-01-05 03:45:00,real_time_price,275.1,valley,276.81005859375
2026-01-05 04:00:00,real_time_price,275.93,valley,275.2015075683594
2026-01-05 04:15:00,real_time_price,276.12,valley,277.25372314453125
2026-01-05 04:30:00,real_time_price,275.18,valley,271.09381103515625
2026-01-05 04:45:00,real_time_price,275.39,valley,266.94219970703125
2026-01-05 05:00:00,real_time_price,276.1,valley,265.8640441894531
2026-01-05 05:15:00,real_time_price,272.03,valley,266.4796142578125
2026-01-05 05:30:00,real_time_price,270.51,valley,266.5508117675781
2026-01-05 05:45:00,real_time_price,271.24,valley,267.03033447265625
2026-01-05 06:00:00,real_time_price,272.89,valley,272.2036437988281
2026-01-05 06:15:00,real_time_price,275.04,valley,275.7336730957031
2026-01-05 06:30:00,real_time_price,288.37,valley,281.1650390625
2026-01-05 06:45:00,real_time_price,297.92,valley,286.4364929199219
2026-01-05 07:00:00,real_time_price,278.33,valley,293.18841552734375
2026-01-05 07:15:00,real_time_price,296.51,valley,296.1770935058594
2026-01-05 07:30:00,real_time_price,305.31,valley,297.8509521484375
2026-01-05 07:45:00,real_time_price,303.1,valley,301.8521423339844
2026-01-05 08:00:00,real_time_price,325.84,flat,306.29681396484375
2026-01-05 08:15:00,real_time_price,426.75,flat,315.82696533203125
2026-01-05 08:30:00,real_time_price,314.82,flat,322.9919128417969
2026-01-05 08:45:00,real_time_price,371.56,flat,319.58087158203125
2026-01-05 09:00:00,real_time_price,412.26,flat,315.70843505859375
2026-01-05 09:15:00,real_time_price,366.13,flat,308.2542724609375
2026-01-05 09:30:00,real_time_price,355.73,flat,301.3906555175781
2026-01-05 09:45:00,real_time_price,360.66,flat,294.6362609863281
2026-01-05 10:00:00,real_time_price,316.92,peak,286.4423522949219
2026-01-05 10:15:00,real_time_price,288.79,peak,277.8537292480469
2026-01-05 10:30:00,real_time_price,292.06,peak,269.497314453125
2026-01-05 10:45:00,real_time_price,288.64,peak,256.3885192871094
2026-01-05 11:00:00,real_time_price,288.59,peak,252.6917724609375
2026-01-05 11:15:00,real_time_price,296.2,peak,255.0456085205078
2026-01-05 11:30:00,real_time_price,280.23,peak,248.15286254882812
2026-01-05 11:45:00,real_time_price,311.46,peak,224.80894470214844
2026-01-05 12:00:00,real_time_price,136.4,flat,206.09446716308594
2026-01-05 12:15:00,real_time_price,268.53,flat,125.25167846679688
2026-01-05 12:30:00,real_time_price,283.8,flat,143.7408447265625
2026-01-05 12:45:00,real_time_price,188.07,flat,143.01768493652344
2026-01-05 13:00:00,real_time_price,273.5,flat,133.09466552734375
2026-01-05 13:15:00,real_time_price,209.44,flat,129.33432006835938
2026-01-05 13:30:00,real_time_price,161.14,flat,155.66702270507812
2026-01-05 13:45:00,real_time_price,281.76,flat,202.42184448242188
2026-01-05 14:00:00,real_time_price,292.52,peak,210.3365478515625
2026-01-05 14:15:00,real_time_price,113.93,peak,190.67626953125
2026-01-05 14:30:00,real_time_price,190.3,peak,176.03848266601562
2026-01-05 14:45:00,real_time_price,283.4,peak,161.35948181152344
2026-01-05 15:00:00,real_time_price,283.48,peak,153.2752685546875
2026-01-05 15:15:00,real_time_price,281.16,peak,155.79014587402344
2026-01-05 15:30:00,real_time_price,289.36,peak,201.01394653320312
2026-01-05 15:45:00,real_time_price,284.64,peak,251.40582275390625
2026-01-05 16:00:00,real_time_price,287.31,peak,268.618896484375
2026-01-05 16:15:00,real_time_price,295.06,peak,276.11077880859375
2026-01-05 16:30:00,real_time_price,312.59,peak,291.81634521484375
2026-01-05 16:45:00,real_time_price,342.31,peak,304.90985107421875
2026-01-05 17:00:00,real_time_price,323.03,peak,327.212158203125
2026-01-05 17:15:00,real_time_price,401.17,peak,330.6781921386719
2026-01-05 17:30:00,real_time_price,375.96,peak,348.5621337890625
2026-01-05 17:45:00,real_time_price,310.33,peak,349.108154296875
2026-01-05 18:00:00,real_time_price,401.05,peak,354.27166748046875
2026-01-05 18:15:00,real_time_price,398.22,peak,359.9414978027344
2026-01-05 18:30:00,real_time_price,316.87,peak,368.1673889160156
2026-01-05 18:45:00,real_time_price,408.39,peak,369.9014587402344
2026-01-05 19:00:00,real_time_price,310.34,flat,371.19915771484375
2026-01-05 19:15:00,real_time_price,373.01,flat,360.296630859375
2026-01-05 19:30:00,real_time_price,359.43,flat,361.95050048828125
2026-01-05 19:45:00,real_time_price,320.45,flat,352.874267578125
2026-01-05 20:00:00,real_time_price,401.65,flat,350.2276611328125
2026-01-05 20:15:00,real_time_price,386.19,flat,348.018798828125
2026-01-05 20:30:00,real_time_price,320.91,flat,353.59539794921875
2026-01-05 20:45:00,real_time_price,323.54,flat,359.4328308105469
2026-01-05 21:00:00,real_time_price,319.84,flat,349.4656677246094
2026-01-05 21:15:00,real_time_price,310.42,flat,348.3706970214844
2026-01-05 21:30:00,real_time_price,310.41,flat,342.1304016113281
2026-01-05 21:45:00,real_time_price,311.26,flat,329.45245361328125
2026-01-05 22:00:00,real_time_price,314.94,flat,323.3654479980469
2026-01-05 22:15:00,real_time_price,320.51,flat,315.59918212890625
2026-01-05 22:30:00,real_time_price,296.5,flat,305.9024963378906
2026-01-05 22:45:00,real_time_price,313.79,flat,299.12225341796875
2026-01-05 23:00:00,real_time_price,290.05,flat,295.66656494140625
2026-01-05 23:15:00,real_time_price,280.3,flat,289.447021484375
2026-01-05 23:30:00,real_time_price,277.09,flat,286.2232971191406
2026-01-05 23:45:00,real_time_price,281.49,flat,275.8363342285156
2026-01-06 00:00:00,real_time_price,274.99,valley,270.6510925292969
2026-01-06 00:15:00,real_time_price,281.91,valley,271.5049743652344
2026-01-06 00:30:00,real_time_price,252.05,valley,299.9469909667969
2026-01-06 00:45:00,real_time_price,287.58,valley,300.8841552734375
2026-01-06 01:00:00,real_time_price,257.61,valley,299.2958984375
2026-01-06 01:15:00,real_time_price,307.38,valley,294.3558349609375
2026-01-06 01:30:00,real_time_price,287.48,valley,290.09124755859375
2026-01-06 01:45:00,real_time_price,279.15,valley,288.25189208984375
2026-01-06 02:00:00,real_time_price,284.77,valley,286.95635986328125
2026-01-06 02:15:00,real_time_price,271.3,valley,289.2026062011719
2026-01-06 02:30:00,real_time_price,268.95,valley,288.5397644042969
2026-01-06 02:45:00,real_time_price,270.09,valley,288.1442565917969
2026-01-06 03:00:00,real_time_price,251.94,valley,286.2174377441406
2026-01-06 03:15:00,real_time_price,265.69,valley,282.4755859375
2026-01-06 03:30:00,real_time_price,259.05,valley,282.92578125
2026-01-06 03:45:00,real_time_price,244.75,valley,280.3664245605469
2026-01-06 04:00:00,real_time_price,255.55,valley,278.7259826660156
2026-01-06 04:15:00,real_time_price,258.63,valley,276.128662109375
2026-01-06 04:30:00,real_time_price,244.94,valley,268.5572814941406
2026-01-06 04:45:00,real_time_price,219.94,valley,265.462646484375
2026-01-06 05:00:00,real_time_price,247.94,valley,264.5016174316406
2026-01-06 05:15:00,real_time_price,166.32,valley,266.028076171875
2026-01-06 05:30:00,real_time_price,247.94,valley,265.53125
2026-01-06 05:45:00,real_time_price,250.05,valley,267.5404052734375
2026-01-06 06:00:00,real_time_price,253.13,valley,273.0622253417969
2026-01-06 06:15:00,real_time_price,260.04,valley,276.8806457519531
2026-01-06 06:30:00,real_time_price,270.87,valley,283.8462829589844
2026-01-06 06:45:00,real_time_price,273.54,valley,288.5491638183594
2026-01-06 07:00:00,real_time_price,272.59,valley,298.2380065917969
2026-01-06 07:15:00,real_time_price,278.79,valley,302.1182861328125
2026-01-06 07:30:00,real_time_price,279.18,valley,304.7233581542969
2026-01-06 07:45:00,real_time_price,294.72,valley,310.522705078125
2026-01-06 08:00:00,real_time_price,300.43,flat,315.1369934082031
2026-01-06 08:15:00,real_time_price,366.49,flat,322.46051025390625
2026-01-06 08:30:00,real_time_price,271.11,flat,333.27093505859375
2026-01-06 08:45:00,real_time_price,277.41,flat,329.3060302734375
2026-01-06 09:00:00,real_time_price,288.82,flat,321.7288818359375
2026-01-06 09:15:00,real_time_price,272.51,flat,315.8524475097656
2026-01-06 09:30:00,real_time_price,300.48,flat,305.8794250488281
2026-01-06 09:45:00,real_time_price,287.65,flat,298.0702209472656
2026-01-06 10:00:00,real_time_price,297.94,peak,288.0907287597656
2026-01-06 10:15:00,real_time_price,246.95,peak,280.5629577636719
2026-01-06 10:30:00,real_time_price,273.29,peak,269.9481201171875
2026-01-06 10:45:00,real_time_price,263.48,peak,256.1736145019531
2026-01-06 11:00:00,real_time_price,279.0,peak,250.18125915527344
2026-01-06 11:15:00,real_time_price,294.45,peak,252.7376708984375
2026-01-06 11:30:00,real_time_price,283.0,peak,246.20062255859375
2026-01-06 11:45:00,real_time_price,284.85,peak,217.52748107910156
2026-01-06 12:00:00,real_time_price,283.97,flat,199.95956420898438
2026-01-06 12:15:00,real_time_price,262.41,flat,99.08709716796875
2026-01-06 12:30:00,real_time_price,282.17,flat,131.474853515625
2026-01-06 12:45:00,real_time_price,263.65,flat,130.80873107910156
2026-01-06 13:00:00,real_time_price,143.75,flat,118.75981140136719
2026-01-06 13:15:00,real_time_price,217.93,flat,125.78659057617188
2026-01-06 13:30:00,real_time_price,301.12,flat,154.82760620117188
2026-01-06 13:45:00,real_time_price,290.83,flat,204.017578125
2026-01-06 14:00:00,real_time_price,291.51,peak,218.200927734375
2026-01-06 14:15:00,real_time_price,297.66,peak,200.25767517089844
2026-01-06 14:30:00,real_time_price,302.68,peak,186.54159545898438
2026-01-06 14:45:00,real_time_price,262.39,peak,171.90431213378906
2026-01-06 15:00:00,real_time_price,265.33,peak,172.9686279296875
2026-01-06 15:15:00,real_time_price,347.74,peak,173.683349609375
2026-01-06 15:30:00,real_time_price,298.43,peak,226.89358520507812
2026-01-06 15:45:00,real_time_price,321.92,peak,262.7939147949219
2026-01-06 16:00:00,real_time_price,283.33,peak,281.3757629394531
2026-01-06 16:15:00,real_time_price,295.35,peak,281.7533264160156
2026-01-06 16:30:00,real_time_price,280.83,peak,297.3339538574219
2026-01-06 16:45:00,real_time_price,287.4,peak,306.4261779785156
2026-01-06 17:00:00,real_time_price,300.91,peak,331.60003662109375
2026-01-06 17:15:00,real_time_price,300.7,peak,333.3562927246094
2026-01-06 17:30:00,real_time_price,321.6,peak,354.8939208984375
2026-01-06 17:45:00,real_time_price,316.28,peak,352.4036560058594
2026-01-06 18:00:00,real_time_price,344.48,peak,357.12884521484375
2026-01-06 18:15:00,real_time_price,342.16,peak,361.14276123046875
2026-01-06 18:30:00,real_time_price,370.18,peak,367.6897277832031
2026-01-06 18:45:00,real_time_price,365.14,peak,375.4882507324219
2026-01-06 19:00:00,real_time_price,370.42,flat,374.1631164550781
2026-01-06 19:15:00,real_time_price,348.96,flat,357.59759521484375
2026-01-06 19:30:00,real_time_price,355.41,flat,358.9923095703125
2026-01-06 19:45:00,real_time_price,375.37,flat,350.52532958984375
2026-01-06 20:00:00,real_time_price,375.09,flat,347.95184326171875
2026-01-06 20:15:00,real_time_price,375.14,flat,354.366455078125
2026-01-06 20:30:00,real_time_price,424.02,flat,360.4114990234375
2026-01-06 20:45:00,real_time_price,378.61,flat,366.1590270996094
2026-01-06 21:00:00,real_time_price,438.92,flat,352.0233459472656
2026-01-06 21:15:00,real_time_price,381.03,flat,353.0818786621094
2026-01-06 21:30:00,real_time_price,432.65,flat,346.19439697265625
2026-01-06 21:45:00,real_time_price,461.21,flat,335.7436828613281
2026-01-06 22:00:00,real_time_price,446.5,flat,328.57745361328125
2026-01-06 22:15:00,real_time_price,357.28,flat,319.9666748046875
2026-01-06 22:30:00,real_time_price,307.91,flat,311.00177001953125
2026-01-06 22:45:00,real_time_price,303.02,flat,304.1249694824219
2026-01-06 23:00:00,real_time_price,298.26,flat,299.87939453125
2026-01-06 23:15:00,real_time_price,284.89,flat,294.2865295410156
2026-01-06 23:30:00,real_time_price,282.75,flat,288.2892761230469
2026-01-06 23:45:00,real_time_price,273.34,flat,276.2386779785156
2026-01-07 00:00:00,real_time_price,270.13,valley,269.9703674316406
2026-01-07 00:15:00,real_time_price,265.1,valley,268.2226867675781
2026-01-07 00:30:00,real_time_price,289.24,valley,313.1898498535156
2026-01-07 00:45:00,real_time_price,286.61,valley,308.3672180175781
2026-01-07 01:00:00,real_time_price,278.68,valley,302.9090576171875
2026-01-07 01:15:00,real_time_price,277.93,valley,298.50177001953125
2026-01-07 01:30:00,real_time_price,278.95,valley,294.03997802734375
2026-01-07 01:45:00,real_time_price,277.88,valley,292.11370849609375
2026-01-07 02:00:00,real_time_price,277.73,valley,291.7612609863281
2026-01-07 02:15:00,real_time_price,262.86,valley,292.7790832519531
2026-01-07 02:30:00,real_time_price,269.84,valley,291.031494140625
2026-01-07 02:45:00,real_time_price,265.5,valley,290.0471496582031
2026-01-07 03:00:00,real_time_price,265.5,valley,286.7046203613281
2026-01-07 03:15:00,real_time_price,254.11,valley,283.6343994140625
2026-01-07 03:30:00,real_time_price,259.26,valley,281.0145263671875
2026-01-07 03:45:00,real_time_price,257.0,valley,279.6094055175781
2026-01-07 04:00:00,real_time_price,262.71,valley,277.3872985839844
2026-01-07 04:15:00,real_time_price,260.63,valley,275.77349853515625
2026-01-07 04:30:00,real_time_price,254.0,valley,269.84619140625
2026-01-07 04:45:00,real_time_price,254.0,valley,266.69189453125
2026-01-07 05:00:00,real_time_price,252.0,valley,267.3672790527344
2026-01-07 05:15:00,real_time_price,252.0,valley,270.1628723144531
2026-01-07 05:30:00,real_time_price,252.0,valley,269.7530517578125
2026-01-07 05:45:00,real_time_price,258.54,valley,270.91119384765625
2026-01-07 06:00:00,real_time_price,254.0,valley,276.3017578125
2026-01-07 06:15:00,real_time_price,269.61,valley,280.1872863769531
2026-01-07 06:30:00,real_time_price,270.0,valley,287.2901306152344
2026-01-07 06:45:00,real_time_price,273.34,valley,292.6137390136719
2026-01-07 07:00:00,real_time_price,277.52,valley,299.60614013671875
2026-01-07 07:15:00,real_time_price,278.96,valley,303.4472961425781
2026-01-07 07:30:00,real_time_price,285.54,valley,305.738037109375
2026-01-07 07:45:00,real_time_price,290.64,valley,311.3929748535156
2026-01-07 08:00:00,real_time_price,290.68,flat,315.7720642089844
2026-01-07 08:15:00,real_time_price,296.92,flat,324.4737243652344
2026-01-07 08:30:00,real_time_price,278.78,flat,336.53448486328125
2026-01-07 08:45:00,real_time_price,311.0,flat,335.8304443359375
2026-01-07 09:00:00,real_time_price,274.59,flat,324.6680908203125
2026-01-07 09:15:00,real_time_price,280.73,flat,318.9364013671875
2026-01-07 09:30:00,real_time_price,281.46,flat,308.0545959472656
2026-01-07 09:45:00,real_time_price,316.86,flat,300.775390625
2026-01-07 10:00:00,real_time_price,285.75,peak,292.32098388671875
2026-01-07 10:15:00,real_time_price,316.9,peak,285.570556640625
2026-01-07 10:30:00,real_time_price,187.65,peak,274.8976135253906
2026-01-07 10:45:00,real_time_price,285.66,peak,264.1756896972656
2026-01-07 11:00:00,real_time_price,288.19,peak,261.0981140136719
2026-01-07 11:15:00,real_time_price,188.06,peak,262.2400817871094
2026-01-07 11:30:00,real_time_price,759.39,peak,256.08148193359375
2026-01-07 11:45:00,real_time_price,469.89,peak,227.786376953125
2026-01-07 12:00:00,real_time_price,93.71,flat,209.6636962890625
2026-01-07 12:15:00,real_time_price,27.26,flat,101.87799072265625
2026-01-07 12:30:00,real_time_price,151.2,flat,132.2104034423828
2026-01-07 12:45:00,real_time_price,77.5,flat,136.12725830078125
2026-01-07 13:00:00,real_time_price,38.82,flat,122.898193359375
2026-01-07 13:15:00,real_time_price,-9.43,flat,127.88648986816406
2026-01-07 13:30:00,real_time_price,118.95,flat,158.36651611328125
2026-01-07 13:45:00,real_time_price,321.13,flat,204.18296813964844
2026-01-07 14:00:00,real_time_price,278.96,peak,221.85867309570312
2026-01-07 14:15:00,real_time_price,305.49,peak,197.20468139648438
2026-01-07 14:30:00,real_time_price,317.86,peak,179.95175170898438
2026-01-07 14:45:00,real_time_price,293.61,peak,163.35861206054688
2026-01-07 15:00:00,real_time_price,316.52,peak,158.37368774414062
2026-01-07 15:15:00,real_time_price,646.3,peak,165.04598999023438
2026-01-07 15:30:00,real_time_price,320.79,peak,213.8454132080078
2026-01-07 15:45:00,real_time_price,312.53,peak,258.66412353515625
2026-01-07 16:00:00,real_time_price,397.67,peak,280.0804443359375
2026-01-07 16:15:00,real_time_price,335.41,peak,283.1872863769531
2026-01-07 16:30:00,real_time_price,426.15,peak,296.4278564453125
2026-01-07 16:45:00,real_time_price,482.62,peak,304.9580383300781
2026-01-07 17:00:00,real_time_price,554.05,peak,331.20428466796875
2026-01-07 17:15:00,real_time_price,327.96,peak,333.5621032714844
2026-01-07 17:30:00,real_time_price,601.67,peak,354.57489013671875
2026-01-07 17:45:00,real_time_price,560.21,peak,352.2312927246094
2026-01-07 18:00:00,real_time_price,654.97,peak,357.33599853515625
2026-01-07 18:15:00,real_time_price,859.32,peak,359.9229736328125
2026-01-07 18:30:00,real_time_price,830.51,peak,367.0872802734375
2026-01-07 18:45:00,real_time_price,908.45,peak,366.5323791503906
2026-01-07 19:00:00,real_time_price,823.71,flat,371.3416748046875
2026-01-07 19:15:00,real_time_price,839.95,flat,359.059814453125
2026-01-07 19:30:00,real_time_price,1304.99,flat,360.737060546875
2026-01-07 19:45:00,real_time_price,1115.8,flat,352.70611572265625
2026-01-07 20:00:00,real_time_price,847.85,flat,352.956787109375
2026-01-07 20:15:00,real_time_price,615.88,flat,343.5177001953125
2026-01-07 20:30:00,real_time_price,851.97,flat,346.8897705078125
2026-01-07 20:45:00,real_time_price,649.59,flat,352.051513671875
2026-01-07 21:00:00,real_time_price,1170.66,flat,342.13494873046875
2026-01-07 21:15:00,real_time_price,765.54,flat,343.46026611328125
2026-01-07 21:30:00,real_time_price,588.07,flat,337.9797668457031
2026-01-07 21:45:00,real_time_price,663.1,flat,328.86865234375
2026-01-07 22:00:00,real_time_price,786.81,flat,322.4234619140625
2026-01-07 22:15:00,real_time_price,520.67,flat,315.0926208496094
2026-01-07 22:30:00,real_time_price,506.06,flat,306.64141845703125
2026-01-07 22:45:00,real_time_price,475.53,flat,302.00164794921875
2026-01-07 23:00:00,real_time_price,358.87,flat,298.1014404296875
2026-01-07 23:15:00,real_time_price,311.11,flat,293.55633544921875
2026-01-07 23:30:00,real_time_price,310.05,flat,288.94635009765625
2026-01-07 23:45:00,real_time_price,320.7,flat,280.9827575683594
2026-01-08 00:00:00,real_time_price,295.93,valley,274.66192626953125
2026-01-08 00:15:00,real_time_price,289.75,valley,320.56011962890625
2026-01-08 00:30:00,real_time_price,324.91,valley,362.0021057128906
2026-01-08 00:45:00,real_time_price,354.03,valley,354.69989013671875
2026-01-08 01:00:00,real_time_price,357.5,valley,350.2765808105469
2026-01-08 01:15:00,real_time_price,352.26,valley,350.9208984375
2026-01-08 01:30:00,real_time_price,303.67,valley,345.639404296875
2026-01-08 01:45:00,real_time_price,301.29,valley,345.15179443359375
2026-01-08 02:00:00,real_time_price,310.04,valley,342.9857177734375
2026-01-08 02:15:00,real_time_price,306.38,valley,340.55438232421875
2026-01-08 02:30:00,real_time_price,269.46,valley,334.45513916015625
2026-01-08 02:45:00,real_time_price,278.8,valley,330.4056396484375
2026-01-08 03:00:00,real_time_price,280.92,valley,324.5721435546875
2026-01-08 03:15:00,real_time_price,275.01,valley,319.99884033203125
2026-01-08 03:30:00,real_time_price,272.0,valley,315.8577575683594
2026-01-08 03:45:00,real_time_price,267.96,valley,312.2321472167969
2026-01-08 04:00:00,real_time_price,273.13,valley,311.275146484375
2026-01-08 04:15:00,real_time_price,270.91,valley,302.8494873046875
2026-01-08 04:30:00,real_time_price,266.17,valley,298.48443603515625
2026-01-08 04:45:00,real_time_price,270.68,valley,294.662109375
2026-01-08 05:00:00,real_time_price,270.22,valley,291.9954528808594
2026-01-08 05:15:00,real_time_price,267.77,valley,291.83184814453125
2026-01-08 05:30:00,real_time_price,263.88,valley,290.63427734375
2026-01-08 05:45:00,real_time_price,279.53,valley,294.6851806640625
2026-01-08 06:00:00,real_time_price,261.39,valley,300.9083557128906
2026-01-08 06:15:00,real_time_price,264.7,valley,312.1358947753906
2026-01-08 06:30:00,real_time_price,269.22,valley,323.1070556640625
2026-01-08 06:45:00,real_time_price,170.28,valley,333.771728515625
2026-01-08 07:00:00,real_time_price,260.11,valley,343.0988464355469
2026-01-08 07:15:00,real_time_price,264.31,valley,348.8016357421875
2026-01-08 07:30:00,real_time_price,280.91,valley,356.78594970703125
2026-01-08 07:45:00,real_time_price,279.97,valley,362.7135009765625
2026-01-08 08:00:00,real_time_price,278.22,flat,369.92535400390625
2026-01-08 08:15:00,real_time_price,272.42,flat,385.28082275390625
2026-01-08 08:30:00,real_time_price,267.64,flat,391.37103271484375
2026-01-08 08:45:00,real_time_price,262.4,flat,387.1538391113281
2026-01-08 09:00:00,real_time_price,262.24,flat,381.54315185546875
2026-01-08 09:15:00,real_time_price,271.69,flat,371.5269775390625
2026-01-08 09:30:00,real_time_price,267.27,flat,362.48895263671875
2026-01-08 09:45:00,real_time_price,318.13,flat,349.750732421875
2026-01-08 10:00:00,real_time_price,284.56,peak,335.2425842285156
2026-01-08 10:15:00,real_time_price,279.65,peak,315.1993408203125
2026-01-08 10:30:00,real_time_price,283.68,peak,292.22869873046875
2026-01-08 10:45:00,real_time_price,264.23,peak,275.93951416015625
2026-01-08 11:00:00,real_time_price,283.99,peak,270.3670654296875
2026-01-08 11:15:00,real_time_price,312.58,peak,264.414794921875
2026-01-08 11:30:00,real_time_price,395.28,peak,254.0084991455078
2026-01-08 11:45:00,real_time_price,326.93,peak,209.34542846679688
2026-01-08 12:00:00,real_time_price,265.73,flat,168.70950317382812
2026-01-08 12:15:00,real_time_price,89.3,flat,41.86273193359375
2026-01-08 12:30:00,real_time_price,270.43,flat,52.82362365722656
2026-01-08 12:45:00,real_time_price,90.42,flat,47.04573059082031
2026-01-08 13:00:00,real_time_price,180.37,flat,42.38543701171875
2026-01-08 13:15:00,real_time_price,281.7,flat,46.870147705078125
2026-01-08 13:30:00,real_time_price,189.74,flat,97.46263122558594
2026-01-08 13:45:00,real_time_price,277.68,flat,199.36553955078125
2026-01-08 14:00:00,real_time_price,286.81,peak,219.8574676513672
2026-01-08 14:15:00,real_time_price,289.52,peak,202.4500732421875
2026-01-08 14:30:00,real_time_price,258.2,peak,193.26983642578125
2026-01-08 14:45:00,real_time_price,279.97,peak,186.58352661132812
2026-01-08 15:00:00,real_time_price,261.32,peak,205.077880859375
2026-01-08 15:15:00,real_time_price,525.13,peak,229.52182006835938
2026-01-08 15:30:00,real_time_price,296.59,peak,270.0849304199219
2026-01-08 15:45:00,real_time_price,287.04,peak,302.40582275390625
2026-01-08 16:00:00,real_time_price,294.88,peak,326.63787841796875
2026-01-08 16:15:00,real_time_price,268.27,peak,341.4262390136719
2026-01-08 16:30:00,real_time_price,255.08,peak,369.2944030761719
2026-01-08 16:45:00,real_time_price,282.15,peak,399.700927734375
2026-01-08 17:00:00,real_time_price,352.31,peak,433.571533203125
2026-01-08 17:15:00,real_time_price,373.59,peak,443.7886962890625
2026-01-08 17:30:00,real_time_price,404.32,peak,476.5600891113281
2026-01-08 17:45:00,real_time_price,405.06,peak,495.342529296875
2026-01-08 18:00:00,real_time_price,1090.41,peak,530.5601806640625
2026-01-08 18:15:00,real_time_price,755.96,peak,554.690185546875
2026-01-08 18:30:00,real_time_price,1325.85,peak,579.322265625
2026-01-08 18:45:00,real_time_price,1556.81,peak,591.7388916015625
2026-01-08 19:00:00,real_time_price,1800.0,flat,594.0999755859375
2026-01-08 19:15:00,real_time_price,833.83,flat,583.405517578125
2026-01-08 19:30:00,real_time_price,1794.39,flat,597.0217895507812
2026-01-08 19:45:00,real_time_price,1651.79,flat,587.8902587890625
2026-01-08 20:00:00,real_time_price,1091.86,flat,573.9176025390625
2026-01-08 20:15:00,real_time_price,1241.18,flat,539.6275634765625
2026-01-08 20:30:00,real_time_price,1274.94,flat,549.3672485351562
2026-01-08 20:45:00,real_time_price,663.42,flat,552.6409912109375
2026-01-08 21:00:00,real_time_price,1357.85,flat,555.344970703125
2026-01-08 21:15:00,real_time_price,665.09,flat,537.912353515625
2026-01-08 21:30:00,real_time_price,1098.88,flat,521.5486450195312
2026-01-08 21:45:00,real_time_price,1410.41,flat,489.68878173828125
2026-01-08 22:00:00,real_time_price,642.13,flat,463.87548828125
2026-01-08 22:15:00,real_time_price,330.57,flat,434.555908203125
2026-01-08 22:30:00,real_time_price,326.89,flat,401.43792724609375
2026-01-08 22:45:00,real_time_price,295.19,flat,379.8297119140625
2026-01-08 23:00:00,real_time_price,301.65,flat,362.41131591796875
2026-01-08 23:15:00,real_time_price,296.72,flat,343.4608154296875
2026-01-08 23:30:00,real_time_price,289.67,flat,328.96478271484375
2026-01-08 23:45:00,real_time_price,270.23,flat,313.5335693359375
2026-01-09 00:00:00,real_time_price,232.57,valley,308.4060363769531
2026-01-09 00:15:00,real_time_price,285.93,valley,320.0144958496094
2026-01-09 00:30:00,real_time_price,249.33,valley,356.48492431640625
2026-01-09 00:45:00,real_time_price,271.22,valley,350.7246398925781
2026-01-09 01:00:00,real_time_price,273.61,valley,346.133056640625
2026-01-09 01:15:00,real_time_price,277.54,valley,343.844482421875
2026-01-09 01:30:00,real_time_price,293.68,valley,339.82330322265625
2026-01-09 01:45:00,real_time_price,276.73,valley,337.9132080078125
2026-01-09 02:00:00,real_time_price,264.73,valley,335.51104736328125
2026-01-09 02:15:00,real_time_price,270.0,valley,332.12493896484375
2026-01-09 02:30:00,real_time_price,272.01,valley,327.3400573730469
2026-01-09 02:45:00,real_time_price,265.91,valley,320.8727111816406
2026-01-09 03:00:00,real_time_price,265.67,valley,314.53900146484375
2026-01-09 03:15:00,real_time_price,263.24,valley,308.9512634277344
2026-01-09 03:30:00,real_time_price,261.15,valley,303.330810546875
2026-01-09 03:45:00,real_time_price,257.98,valley,297.7418518066406
2026-01-09 04:00:00,real_time_price,257.9,valley,296.48223876953125
2026-01-09 04:15:00,real_time_price,266.68,valley,290.2900695800781
2026-01-09 04:30:00,real_time_price,258.48,valley,287.1425476074219
2026-01-09 04:45:00,real_time_price,259.17,valley,284.3865966796875
2026-01-09 05:00:00,real_time_price,94.63,valley,282.8888854980469
2026-01-09 05:15:00,real_time_price,230.11,valley,283.4220275878906
2026-01-09 05:30:00,real_time_price,252.65,valley,281.8788146972656
2026-01-09 05:45:00,real_time_price,245.96,valley,283.80523681640625
2026-01-09 06:00:00,real_time_price,249.56,valley,290.3204345703125
2026-01-09 06:15:00,real_time_price,266.96,valley,300.58984375
2026-01-09 06:30:00,real_time_price,270.65,valley,311.78680419921875
2026-01-09 06:45:00,real_time_price,261.94,valley,320.4721374511719
2026-01-09 07:00:00,real_time_price,274.98,valley,328.15252685546875
2026-01-09 07:15:00,real_time_price,268.49,valley,335.13720703125
2026-01-09 07:30:00,real_time_price,265.24,valley,344.0974426269531
2026-01-09 07:45:00,real_time_price,265.11,valley,350.3863525390625
2026-01-09 08:00:00,real_time_price,265.67,flat,356.67266845703125
2026-01-09 08:15:00,real_time_price,261.92,flat,368.4278259277344
2026-01-09 08:30:00,real_time_price,252.13,flat,369.214599609375
2026-01-09 08:45:00,real_time_price,260.36,flat,362.769775390625
2026-01-09 09:00:00,real_time_price,265.42,flat,354.0912780761719
2026-01-09 09:15:00,real_time_price,276.93,flat,342.61822509765625
2026-01-09 09:30:00,real_time_price,264.32,flat,330.68133544921875
2026-01-09 09:45:00,real_time_price,271.16,flat,320.76007080078125
2026-01-09 10:00:00,real_time_price,275.4,peak,306.603515625
2026-01-09 10:15:00,real_time_price,269.44,peak,287.5104675292969
2026-01-09 10:30:00,real_time_price,252.0,peak,270.07623291015625
2026-01-09 10:45:00,real_time_price,270.69,peak,249.0438690185547
2026-01-09 11:00:00,real_time_price,252.0,peak,238.59588623046875
2026-01-09 11:15:00,real_time_price,277.73,peak,232.2822265625
2026-01-09 11:30:00,real_time_price,256.74,peak,221.70404052734375
2026-01-09 11:45:00,real_time_price,270.95,peak,181.55328369140625
2026-01-09 12:00:00,real_time_price,259.71,flat,154.10252380371094
2026-01-09 12:15:00,real_time_price,78.93,flat,32.932708740234375
2026-01-09 12:30:00,real_time_price,11.95,flat,42.270721435546875
2026-01-09 12:45:00,real_time_price,227.66,flat,39.71800231933594
2026-01-09 13:00:00,real_time_price,222.49,flat,37.89042663574219
2026-01-09 13:15:00,real_time_price,256.82,flat,42.16987609863281
2026-01-09 13:30:00,real_time_price,230.86,flat,78.50872802734375
2026-01-09 13:45:00,real_time_price,268.02,flat,177.02886962890625
2026-01-09 14:00:00,real_time_price,252.56,peak,194.3148651123047
2026-01-09 14:15:00,real_time_price,244.24,peak,170.2662353515625
2026-01-09 14:30:00,real_time_price,252.48,peak,147.35171508789062
2026-01-09 14:45:00,real_time_price,255.37,peak,140.04408264160156
2026-01-09 15:00:00,real_time_price,260.19,peak,153.46237182617188
2026-01-09 15:15:00,real_time_price,270.43,peak,180.27737426757812
2026-01-09 15:30:00,real_time_price,272.97,peak,233.8241424560547
2026-01-09 15:45:00,real_time_price,285.68,peak,286.60125732421875
2026-01-09 16:00:00,real_time_price,277.22,peak,315.0776062011719
2026-01-09 16:15:00,real_time_price,281.76,peak,330.378662109375
2026-01-09 16:30:00,real_time_price,300.0,peak,361.27374267578125
2026-01-09 16:45:00,real_time_price,302.27,peak,389.2925109863281
2026-01-09 17:00:00,real_time_price,317.99,peak,426.40753173828125
2026-01-09 17:15:00,real_time_price,308.58,peak,435.8316650390625
2026-01-09 17:30:00,real_time_price,329.98,peak,467.79766845703125
2026-01-09 17:45:00,real_time_price,357.6,peak,479.3134765625
2026-01-09 18:00:00,real_time_price,303.92,peak,507.04522705078125
2026-01-09 18:15:00,real_time_price,301.59,peak,528.0914306640625
2026-01-09 18:30:00,real_time_price,310.02,peak,548.003173828125
2026-01-09 18:45:00,real_time_price,304.0,peak,563.0947265625
2026-01-09 19:00:00,real_time_price,327.39,flat,559.1756591796875
2026-01-09 19:15:00,real_time_price,299.99,flat,550.52685546875
2026-01-09 19:30:00,real_time_price,308.58,flat,567.481201171875
2026-01-09 19:45:00,real_time_price,328.56,flat,556.906982421875
2026-01-09 20:00:00,real_time_price,326.92,flat,539.1105346679688
2026-01-09 20:15:00,real_time_price,300.34,flat,495.95953369140625
2026-01-09 20:30:00,real_time_price,320.49,flat,506.1949768066406
2026-01-09 20:45:00,real_time_price,309.96,flat,511.1592102050781
2026-01-09 21:00:00,real_time_price,305.14,flat,509.0445556640625
2026-01-09 21:15:00,real_time_price,307.86,flat,491.6775817871094
2026-01-09 21:30:00,real_time_price,308.02,flat,478.35418701171875
2026-01-09 21:45:00,real_time_price,310.04,flat,453.41046142578125
2026-01-09 22:00:00,real_time_price,335.89,flat,439.20306396484375
2026-01-09 22:15:00,real_time_price,313.9,flat,415.51580810546875
2026-01-09 22:30:00,real_time_price,341.18,flat,389.7567443847656
2026-01-09 22:45:00,real_time_price,418.73,flat,373.82122802734375
2026-01-09 23:00:00,real_time_price,414.19,flat,359.2191162109375
2026-01-09 23:15:00,real_time_price,381.19,flat,341.7886962890625
2026-01-09 23:30:00,real_time_price,383.51,flat,330.11907958984375
2026-01-09 23:45:00,real_time_price,374.41,flat,311.92449951171875
2026-01-10 00:00:00,real_time_price,308.44,valley,307.2518310546875
2026-01-10 00:15:00,real_time_price,302.0,valley,315.6868591308594
2026-01-10 00:30:00,real_time_price,384.98,valley,357.3117980957031
2026-01-10 00:45:00,real_time_price,481.24,valley,348.3550109863281
2026-01-10 01:00:00,real_time_price,356.92,valley,341.06573486328125
2026-01-10 01:15:00,real_time_price,348.55,valley,342.8883361816406
2026-01-10 01:30:00,real_time_price,345.44,valley,337.4859619140625
2026-01-10 01:45:00,real_time_price,328.98,valley,335.9934387207031
2026-01-10 02:00:00,real_time_price,341.95,valley,336.912841796875
2026-01-10 02:15:00,real_time_price,319.68,valley,335.3410339355469
2026-01-10 02:30:00,real_time_price,319.96,valley,331.0521545410156
2026-01-10 02:45:00,real_time_price,309.01,valley,325.9549865722656
2026-01-10 03:00:00,real_time_price,304.29,valley,318.83123779296875
2026-01-10 03:15:00,real_time_price,270.48,valley,315.2178955078125
2026-01-10 03:30:00,real_time_price,273.98,valley,311.29852294921875
2026-01-10 03:45:00,real_time_price,271.98,valley,306.4993896484375
2026-01-10 04:00:00,real_time_price,277.98,valley,305.93255615234375
2026-01-10 04:15:00,real_time_price,275.98,valley,300.4701232910156
2026-01-10 04:30:00,real_time_price,275.98,valley,295.2112121582031
2026-01-10 04:45:00,real_time_price,274.84,valley,290.9423828125
2026-01-10 05:00:00,real_time_price,275.98,valley,289.2865295410156
2026-01-10 05:15:00,real_time_price,275.98,valley,289.8858642578125
2026-01-10 05:30:00,real_time_price,274.67,valley,287.6697692871094
2026-01-10 05:45:00,real_time_price,278.0,valley,289.2071533203125
2026-01-10 06:00:00,real_time_price,281.27,valley,295.0814208984375
2026-01-10 06:15:00,real_time_price,292.92,valley,304.36566162109375
2026-01-10 06:30:00,real_time_price,310.1,valley,314.6843566894531
2026-01-10 06:45:00,real_time_price,309.65,valley,323.4065856933594
2026-01-10 07:00:00,real_time_price,340.0,valley,329.3355407714844
2026-01-10 07:15:00,real_time_price,317.7,valley,335.898681640625
2026-01-10 07:30:00,real_time_price,330.0,valley,342.1693115234375
2026-01-10 07:45:00,real_time_price,320.0,valley,346.98712158203125
2026-01-10 08:00:00,real_time_price,375.66,flat,351.085205078125
2026-01-10 08:15:00,real_time_price,399.94,flat,372.33489990234375
2026-01-10 08:30:00,real_time_price,381.56,flat,373.68572998046875
2026-01-10 08:45:00,real_time_price,415.32,flat,368.92315673828125
2026-01-10 09:00:00,real_time_price,315.26,flat,359.1627197265625
2026-01-10 09:15:00,real_time_price,330.02,flat,348.26251220703125
2026-01-10 09:30:00,real_time_price,282.1,flat,336.0299987792969
2026-01-10 09:45:00,real_time_price,265.84,flat,324.3874206542969
2026-01-10 10:00:00,real_time_price,299.24,peak,311.32525634765625
2026-01-10 10:15:00,real_time_price,265.15,peak,292.5986022949219
2026-01-10 10:30:00,real_time_price,260.29,peak,275.82708740234375
2026-01-10 10:45:00,real_time_price,260.03,peak,259.7457580566406
2026-01-10 11:00:00,real_time_price,261.66,peak,253.9662322998047
2026-01-10 11:15:00,real_time_price,255.5,peak,249.86148071289062
2026-01-10 11:30:00,real_time_price,266.63,peak,238.88998413085938
2026-01-10 11:45:00,real_time_price,266.95,peak,206.21507263183594
2026-01-10 12:00:00,real_time_price,256.63,flat,176.13330078125
2026-01-10 12:15:00,real_time_price,142.47,flat,56.42201232910156
2026-01-10 12:30:00,real_time_price,162.6,flat,74.35494995117188
2026-01-10 12:45:00,real_time_price,112.95,flat,69.5833740234375
2026-01-10 13:00:00,real_time_price,154.0,flat,63.09382629394531
2026-01-10 13:15:00,real_time_price,241.9,flat,67.55377197265625
2026-01-10 13:30:00,real_time_price,216.53,flat,111.39897155761719
2026-01-10 13:45:00,real_time_price,258.67,flat,185.27236938476562
2026-01-10 14:00:00,real_time_price,262.59,peak,195.8175506591797
2026-01-10 14:15:00,real_time_price,253.44,peak,181.36383056640625
2026-01-10 14:30:00,real_time_price,255.04,peak,165.52963256835938
2026-01-10 14:45:00,real_time_price,247.35,peak,156.82029724121094
2026-01-10 15:00:00,real_time_price,256.08,peak,168.69651794433594
2026-01-10 15:15:00,real_time_price,253.71,peak,189.8499298095703
2026-01-10 15:30:00,real_time_price,260.37,peak,235.53233337402344
2026-01-10 15:45:00,real_time_price,270.01,peak,280.8181457519531
2026-01-10 16:00:00,real_time_price,283.06,peak,305.6189270019531
2026-01-10 16:15:00,real_time_price,299.25,peak,314.50994873046875
2026-01-10 16:30:00,real_time_price,304.1,peak,340.5926818847656
2026-01-10 16:45:00,real_time_price,357.55,peak,363.1903381347656
2026-01-10 17:00:00,real_time_price,320.68,peak,389.22003173828125
2026-01-10 17:15:00,real_time_price,400.06,peak,403.1045227050781
2026-01-10 17:30:00,real_time_price,426.66,peak,423.34332275390625
2026-01-10 17:45:00,real_time_price,404.67,peak,432.79681396484375
2026-01-10 18:00:00,real_time_price,429.26,peak,452.2454833984375
2026-01-10 18:15:00,real_time_price,479.99,peak,464.835693359375
2026-01-10 18:30:00,real_time_price,478.01,peak,479.45245361328125
2026-01-10 18:45:00,real_time_price,520.03,peak,484.58746337890625
2026-01-10 19:00:00,real_time_price,458.48,flat,487.42828369140625
2026-01-10 19:15:00,real_time_price,329.79,flat,479.14495849609375
2026-01-10 19:30:00,real_time_price,382.31,flat,481.705322265625
2026-01-10 19:45:00,real_time_price,331.28,flat,475.5638732910156
2026-01-10 20:00:00,real_time_price,361.62,flat,467.9461669921875
2026-01-10 20:15:00,real_time_price,313.84,flat,471.680908203125
2026-01-10 20:30:00,real_time_price,306.33,flat,478.986328125
2026-01-10 20:45:00,real_time_price,317.74,flat,486.65386962890625
2026-01-10 21:00:00,real_time_price,343.57,flat,481.9112548828125
2026-01-10 21:15:00,real_time_price,321.19,flat,466.86639404296875
2026-01-10 21:30:00,real_time_price,378.48,flat,452.615966796875
2026-01-10 21:45:00,real_time_price,362.85,flat,428.2596435546875
2026-01-10 22:00:00,real_time_price,421.42,flat,413.9371337890625
2026-01-10 22:15:00,real_time_price,455.78,flat,392.27911376953125
2026-01-10 22:30:00,real_time_price,417.59,flat,368.5558166503906
2026-01-10 22:45:00,real_time_price,344.07,flat,353.36944580078125
2026-01-10 23:00:00,real_time_price,313.97,flat,342.37091064453125
2026-01-10 23:15:00,real_time_price,331.04,flat,327.9366760253906
2026-01-10 23:30:00,real_time_price,279.44,flat,316.710205078125
2026-01-10 23:45:00,real_time_price,276.0,flat,302.309326171875
2026-01-11 00:00:00,real_time_price,272.0,valley,298.7823486328125
2026-01-11 00:15:00,real_time_price,285.62,valley,306.8726806640625
2026-01-11 00:30:00,real_time_price,336.95,valley,337.92877197265625
2026-01-11 00:45:00,real_time_price,314.02,valley,332.0704345703125
2026-01-11 01:00:00,real_time_price,312.79,valley,326.3856201171875
2026-01-11 01:15:00,real_time_price,309.11,valley,328.1319885253906
2026-01-11 01:30:00,real_time_price,305.06,valley,324.08453369140625
2026-01-11 01:45:00,real_time_price,308.49,valley,320.5492248535156
2026-01-11 02:00:00,real_time_price,305.4,valley,319.484375
2026-01-11 02:15:00,real_time_price,289.32,valley,315.1030578613281
2026-01-11 02:30:00,real_time_price,282.99,valley,312.1078186035156
2026-01-11 02:45:00,real_time_price,280.04,valley,309.1794738769531
2026-01-11 03:00:00,real_time_price,282.09,valley,304.294677734375
2026-01-11 03:15:00,real_time_price,277.09,valley,300.0451965332031
2026-01-11 03:30:00,real_time_price,279.09,valley,294.311279296875
2026-01-11 03:45:00,real_time_price,280.0,valley,291.78594970703125
2026-01-11 04:00:00,real_time_price,269.99,valley,292.11456298828125
2026-01-11 04:15:00,real_time_price,274.99,valley,288.94256591796875
2026-01-11 04:30:00,real_time_price,271.41,valley,283.1974182128906
2026-01-11 04:45:00,real_time_price,269.69,valley,281.41259765625
2026-01-11 05:00:00,real_time_price,265.99,valley,279.2549743652344
2026-01-11 05:15:00,real_time_price,269.84,valley,281.53875732421875
2026-01-11 05:30:00,real_time_price,270.0,valley,279.00579833984375
2026-01-11 05:45:00,real_time_price,269.96,valley,280.9599304199219
2026-01-11 06:00:00,real_time_price,268.61,valley,287.6869812011719
2026-01-11 06:15:00,real_time_price,269.89,valley,294.5956726074219
2026-01-11 06:30:00,real_time_price,272.65,valley,303.7919616699219
2026-01-11 06:45:00,real_time_price,280.0,valley,312.09576416015625
2026-01-11 07:00:00,real_time_price,280.09,valley,318.14605712890625
2026-01-11 07:15:00,real_time_price,280.03,valley,324.38092041015625
2026-01-11 07:30:00,real_time_price,284.98,valley,332.17022705078125
2026-01-11 07:45:00,real_time_price,279.9,valley,336.25030517578125
2026-01-11 08:00:00,real_time_price,276.53,flat,339.6340637207031
2026-01-11 08:15:00,real_time_price,297.0,flat,359.5307922363281
2026-01-11 08:30:00,real_time_price,265.73,flat,356.14410400390625
2026-01-11 08:45:00,real_time_price,255.05,flat,348.54510498046875
2026-01-11 09:00:00,real_time_price,273.94,flat,340.3772277832031
2026-01-11 09:15:00,real_time_price,253.8,flat,330.0875549316406
2026-01-11 09:30:00,real_time_price,266.0,flat,317.6296691894531
2026-01-11 09:45:00,real_time_price,255.44,flat,304.0533142089844
2026-01-11 10:00:00,real_time_price,261.54,peak,288.25067138671875
2026-01-11 10:15:00,real_time_price,233.16,peak,267.91888427734375
2026-01-11 10:30:00,real_time_price,159.91,peak,252.85919189453125
2026-01-11 10:45:00,real_time_price,139.35,peak,232.96820068359375
2026-01-11 11:00:00,real_time_price,244.01,peak,224.8136749267578
2026-01-11 11:15:00,real_time_price,260.79,peak,219.59564208984375
2026-01-11 11:30:00,real_time_price,263.99,peak,207.17486572265625
2026-01-11 11:45:00,real_time_price,260.82,peak,176.83114624023438
2026-01-11 12:00:00,real_time_price,26.18,flat,148.6800994873047
2026-01-11 12:15:00,real_time_price,-49.17,flat,46.585296630859375
2026-01-11 12:30:00,real_time_price,28.2,flat,56.002716064453125
2026-01-11 12:45:00,real_time_price,-32.71,flat,54.864593505859375
2026-01-11 13:00:00,real_time_price,-49.76,flat,48.14048767089844
2026-01-11 13:15:00,real_time_price,-29.12,flat,54.63575744628906
2026-01-11 13:30:00,real_time_price,2.89,flat,80.38748168945312
2026-01-11 13:45:00,real_time_price,71.35,flat,149.94007873535156
2026-01-11 14:00:00,real_time_price,2.49,peak,167.80221557617188
2026-01-11 14:15:00,real_time_price,-1.03,peak,148.86782836914062
2026-01-11 14:30:00,real_time_price,-11.99,peak,133.6905975341797
2026-01-11 14:45:00,real_time_price,-1.5,peak,127.93327331542969
2026-01-11 15:00:00,real_time_price,10.95,peak,139.68927001953125
2026-01-11 15:15:00,real_time_price,9.83,peak,160.77560424804688
2026-01-11 15:30:00,real_time_price,139.71,peak,219.77706909179688
2026-01-11 15:45:00,real_time_price,154.41,peak,268.0396423339844
2026-01-11 16:00:00,real_time_price,265.68,peak,301.0500183105469
2026-01-11 16:15:00,real_time_price,266.17,peak,304.6539306640625
2026-01-11 16:30:00,real_time_price,260.2,peak,332.33831787109375
2026-01-11 16:45:00,real_time_price,279.47,peak,362.2005310058594
2026-01-11 17:00:00,real_time_price,280.12,peak,396.0713806152344
2026-01-11 17:15:00,real_time_price,301.34,peak,407.6282958984375
2026-01-11 17:30:00,real_time_price,314.48,peak,433.06597900390625
2026-01-11 17:45:00,real_time_price,309.14,peak,441.87298583984375
2026-01-11 18:00:00,real_time_price,314.07,peak,460.69000244140625
2026-01-11 18:15:00,real_time_price,327.79,peak,472.14703369140625
2026-01-11 18:30:00,real_time_price,303.15,peak,487.4974365234375
2026-01-11 18:45:00,real_time_price,311.95,peak,494.3711853027344
2026-01-11 19:00:00,real_time_price,317.5,flat,488.76202392578125
2026-01-11 19:15:00,real_time_price,312.11,flat,477.1654052734375
2026-01-11 19:30:00,real_time_price,313.61,flat,482.196044921875
2026-01-11 19:45:00,real_time_price,313.32,flat,476.6527404785156
2026-01-11 20:00:00,real_time_price,305.67,flat,471.5965576171875
2026-01-11 20:15:00,real_time_price,320.02,flat,433.7911071777344
2026-01-11 20:30:00,real_time_price,346.95,flat,445.25616455078125
2026-01-11 20:45:00,real_time_price,326.29,flat,451.8374938964844
2026-01-11 21:00:00,real_time_price,494.23,flat,446.4201354980469
2026-01-11 21:15:00,real_time_price,413.86,flat,436.57666015625
2026-01-11 21:30:00,real_time_price,486.4,flat,426.03289794921875
2026-01-11 21:45:00,real_time_price,461.74,flat,405.9936218261719
2026-01-11 22:00:00,real_time_price,400.17,flat,392.03173828125
2026-01-11 22:15:00,real_time_price,460.87,flat,375.6112976074219
2026-01-11 22:30:00,real_time_price,359.7,flat,355.60699462890625
2026-01-11 22:45:00,real_time_price,309.83,flat,344.5495910644531
2026-01-11 23:00:00,real_time_price,290.0,flat,333.59979248046875
2026-01-11 23:15:00,real_time_price,299.88,flat,322.7994689941406
2026-01-11 23:30:00,real_time_price,295.0,flat,312.2245788574219
2026-01-11 23:45:00,real_time_price,298.88,flat,297.4076843261719
2026-01-12 00:00:00,real_time_price,279.92,valley,295.39703369140625
2026-01-12 00:15:00,real_time_price,272.0,valley,313.7806701660156
2026-01-12 00:30:00,real_time_price,393.93,valley,356.54620361328125
2026-01-12 00:45:00,real_time_price,304.18,valley,340.0145568847656
2026-01-12 01:00:00,real_time_price,292.88,valley,329.37640380859375
2026-01-12 01:15:00,real_time_price,289.9,valley,328.8100891113281
2026-01-12 01:30:00,real_time_price,277.92,valley,323.3048400878906
2026-01-12 01:45:00,real_time_price,280.05,valley,319.81744384765625
2026-01-12 02:00:00,real_time_price,279.88,valley,317.7961730957031
2026-01-12 02:15:00,real_time_price,279.9,valley,314.4404296875
2026-01-12 02:30:00,real_time_price,273.96,valley,309.9325866699219
2026-01-12 02:45:00,real_time_price,273.56,valley,304.1600341796875
2026-01-12 03:00:00,real_time_price,271.19,valley,297.484130859375
2026-01-12 03:15:00,real_time_price,269.98,valley,291.473388671875
2026-01-12 03:30:00,real_time_price,268.0,valley,286.4819641113281
2026-01-12 03:45:00,real_time_price,265.46,valley,280.31207275390625
2026-01-12 04:00:00,real_time_price,268.0,valley,282.5006103515625
2026-01-12 04:15:00,real_time_price,261.06,valley,278.48236083984375
2026-01-12 04:30:00,real_time_price,264.0,valley,273.8753662109375
2026-01-12 04:45:00,real_time_price,264.51,valley,272.047119140625
2026-01-12 05:00:00,real_time_price,260.48,valley,269.8330383300781
2026-01-12 05:15:00,real_time_price,263.22,valley,269.1598815917969
2026-01-12 05:30:00,real_time_price,263.49,valley,267.72015380859375
2026-01-12 05:45:00,real_time_price,260.0,valley,270.9072570800781
2026-01-12 06:00:00,real_time_price,266.89,valley,276.7717590332031
2026-01-12 06:15:00,real_time_price,269.44,valley,286.78326416015625
2026-01-12 06:30:00,real_time_price,267.93,valley,298.7703552246094
2026-01-12 06:45:00,real_time_price,269.95,valley,307.2192687988281
2026-01-12 07:00:00,real_time_price,266.8,valley,314.092041015625
2026-01-12 07:15:00,real_time_price,269.91,valley,323.1859436035156
2026-01-12 07:30:00,real_time_price,267.9,valley,333.0650329589844
2026-01-12 07:45:00,real_time_price,273.72,valley,338.797607421875
2026-01-12 08:00:00,real_time_price,338.7,flat,349.12017822265625
2026-01-12 08:15:00,real_time_price,337.42,flat,361.4766845703125
2026-01-12 08:30:00,real_time_price,330.79,flat,355.359130859375
2026-01-12 08:45:00,real_time_price,276.11,flat,347.03253173828125
2026-01-12 09:00:00,real_time_price,339.49,flat,338.9346008300781
2026-01-12 09:15:00,real_time_price,389.63,flat,326.2593994140625
2026-01-12 09:30:00,real_time_price,351.64,flat,313.576171875
2026-01-12 09:45:00,real_time_price,283.61,flat,300.96533203125
2026-01-12 10:00:00,real_time_price,296.25,peak,283.982421875
2026-01-12 10:15:00,real_time_price,263.94,peak,263.81451416015625
2026-01-12 10:30:00,real_time_price,266.97,peak,249.9267120361328
2026-01-12 10:45:00,real_time_price,268.0,peak,227.4766845703125
2026-01-12 11:00:00,real_time_price,263.36,peak,212.73834228515625
2026-01-12 11:15:00,real_time_price,266.28,peak,202.40017700195312
2026-01-12 11:30:00,real_time_price,269.66,peak,187.62039184570312
2026-01-12 11:45:00,real_time_price,254.86,peak,152.57281494140625
2026-01-12 12:00:00,real_time_price,263.4,flat,130.63790893554688
2026-01-12 12:15:00,real_time_price,176.29,flat,47.808074951171875
2026-01-12 12:30:00,real_time_price,89.5,flat,58.93605041503906
2026-01-12 12:45:00,real_time_price,253.54,flat,55.49781799316406
2026-01-12 13:00:00,real_time_price,221.68,flat,52.419525146484375
2026-01-12 13:15:00,real_time_price,248.28,flat,55.25392150878906
2026-01-12 13:30:00,real_time_price,251.84,flat,79.45388793945312
2026-01-12 13:45:00,real_time_price,259.78,flat,148.94256591796875
2026-01-12 14:00:00,real_time_price,265.13,peak,161.0788116455078
2026-01-12 14:15:00,real_time_price,256.21,peak,138.17868041992188
2026-01-12 14:30:00,real_time_price,248.66,peak,130.30010986328125
2026-01-12 14:45:00,real_time_price,255.33,peak,135.22434997558594
2026-01-12 15:00:00,real_time_price,262.65,peak,142.58953857421875
2026-01-12 15:15:00,real_time_price,261.24,peak,161.76785278320312
2026-01-12 15:30:00,real_time_price,262.03,peak,222.9525146484375
2026-01-12 15:45:00,real_time_price,262.14,peak,270.4938049316406
2026-01-12 16:00:00,real_time_price,272.38,peak,300.914794921875
2026-01-12 16:15:00,real_time_price,277.52,peak,301.97332763671875
2026-01-12 16:30:00,real_time_price,318.29,peak,326.35882568359375
2026-01-12 16:45:00,real_time_price,303.82,peak,350.2049865722656
2026-01-12 17:00:00,real_time_price,319.65,peak,377.70916748046875
2026-01-12 17:15:00,real_time_price,326.23,peak,389.93505859375
2026-01-12 17:30:00,real_time_price,429.15,peak,411.5606994628906
2026-01-12 17:45:00,real_time_price,329.7,peak,420.1720275878906
2026-01-12 18:00:00,real_time_price,388.41,peak,439.033935546875
2026-01-12 18:15:00,real_time_price,398.84,peak,450.8211364746094
2026-01-12 18:30:00,real_time_price,442.76,peak,462.9696044921875
2026-01-12 18:45:00,real_time_price,465.22,peak,473.41510009765625
2026-01-12 19:00:00,real_time_price,774.62,flat,470.4036865234375
2026-01-12 19:15:00,real_time_price,576.74,flat,464.8038330078125
2026-01-12 19:30:00,real_time_price,814.7,flat,470.79046630859375
2026-01-12 19:45:00,real_time_price,705.6,flat,465.8013610839844
2026-01-12 20:00:00,real_time_price,637.2,flat,459.5635986328125
2026-01-12 20:15:00,real_time_price,463.65,flat,433.59783935546875
2026-01-12 20:30:00,real_time_price,596.42,flat,440.0091247558594
2026-01-12 20:45:00,real_time_price,444.85,flat,445.41839599609375
2026-01-12 21:00:00,real_time_price,558.22,flat,439.0633544921875
2026-01-12 21:15:00,real_time_price,442.09,flat,428.09716796875
2026-01-12 21:30:00,real_time_price,474.93,flat,416.0845031738281
2026-01-12 21:45:00,real_time_price,459.73,flat,398.3863525390625
2026-01-12 22:00:00,real_time_price,428.64,flat,387.2199401855469
2026-01-12 22:15:00,real_time_price,453.7,flat,370.99285888671875
2026-01-12 22:30:00,real_time_price,326.05,flat,352.1537170410156
2026-01-12 22:45:00,real_time_price,315.02,flat,340.8531494140625
2026-01-12 23:00:00,real_time_price,396.98,flat,329.3206481933594
2026-01-12 23:15:00,real_time_price,350.3,flat,316.5019226074219
2026-01-12 23:30:00,real_time_price,322.81,flat,306.4620056152344
2026-01-12 23:45:00,real_time_price,359.67,flat,293.539306640625
2026-01-13 00:00:00,real_time_price,295.73,valley,288.4033203125
2026-01-13 00:15:00,real_time_price,298.94,valley,298.0440368652344
2026-01-13 00:30:00,real_time_price,682.31,valley,323.9002685546875
2026-01-13 00:45:00,real_time_price,451.8,valley,316.2828369140625
2026-01-13 01:00:00,real_time_price,685.07,valley,309.2702331542969
2026-01-13 01:15:00,real_time_price,546.98,valley,311.20745849609375
2026-01-13 01:30:00,real_time_price,416.06,valley,307.07501220703125
2026-01-13 01:45:00,real_time_price,352.01,valley,305.595458984375
2026-01-13 02:00:00,real_time_price,411.72,valley,304.6430969238281
2026-01-13 02:15:00,real_time_price,338.09,valley,302.3426208496094
2026-01-13 02:30:00,real_time_price,314.02,valley,299.275634765625
2026-01-13 02:45:00,real_time_price,310.02,valley,295.7197570800781
2026-01-13 03:00:00,real_time_price,320.09,valley,290.8373718261719
2026-01-13 03:15:00,real_time_price,313.02,valley,287.90826416015625
2026-01-13 03:30:00,real_time_price,305.62,valley,285.01605224609375
2026-01-13 03:45:00,real_time_price,310.02,valley,280.8045349121094
2026-01-13 04:00:00,real_time_price,305.02,valley,282.00518798828125
2026-01-13 04:15:00,real_time_price,294.01,valley,266.6844787597656
2026-01-13 04:30:00,real_time_price,307.0,valley,260.48779296875
2026-01-13 04:45:00,real_time_price,309.01,valley,257.4347839355469
2026-01-13 05:00:00,real_time_price,304.01,valley,253.91763305664062
2026-01-13 05:15:00,real_time_price,310.01,valley,253.71836853027344
2026-01-13 05:30:00,real_time_price,300.0,valley,252.23348999023438
2026-01-13 05:45:00,real_time_price,315.71,valley,256.2182922363281
2026-01-13 06:00:00,real_time_price,312.01,valley,262.5531921386719
2026-01-13 06:15:00,real_time_price,320.01,valley,273.44561767578125
2026-01-13 06:30:00,real_time_price,397.08,valley,285.1689147949219
2026-01-13 06:45:00,real_time_price,400.26,valley,293.6582946777344
2026-01-13 07:00:00,real_time_price,417.21,valley,300.9497375488281
2026-01-13 07:15:00,real_time_price,494.07,valley,309.8168640136719
2026-01-13 07:30:00,real_time_price,576.02,valley,318.4434814453125
2026-01-13 07:45:00,real_time_price,593.55,valley,325.2173156738281
2026-01-13 08:00:00,real_time_price,647.65,flat,332.6698303222656
2026-01-13 08:15:00,real_time_price,592.71,flat,348.8348693847656
2026-01-13 08:30:00,real_time_price,633.58,flat,344.1546325683594
2026-01-13 08:45:00,real_time_price,540.41,flat,337.5907897949219
2026-01-13 09:00:00,real_time_price,390.98,flat,333.082763671875
2026-01-13 09:15:00,real_time_price,385.69,flat,324.3937072753906
2026-01-13 09:30:00,real_time_price,408.77,flat,313.08856201171875
2026-01-13 09:45:00,real_time_price,338.7,flat,300.8762512207031
2026-01-13 10:00:00,real_time_price,315.39,peak,287.90283203125
2026-01-13 10:15:00,real_time_price,296.33,peak,269.951904296875
2026-01-13 10:30:00,real_time_price,290.56,peak,255.49932861328125
2026-01-13 10:45:00,real_time_price,284.0,peak,237.952880859375
2026-01-13 11:00:00,real_time_price,284.02,peak,232.54202270507812
2026-01-13 11:15:00,real_time_price,286.4,peak,228.7333984375
2026-01-13 11:30:00,real_time_price,276.16,peak,218.8212890625
2026-01-13 11:45:00,real_time_price,289.58,peak,187.9449005126953
2026-01-13 12:00:00,real_time_price,281.71,flat,158.812255859375
2026-01-13 12:15:00,real_time_price,163.81,flat,42.98591613769531
2026-01-13 12:30:00,real_time_price,258.9,flat,62.10389709472656
2026-01-13 12:45:00,real_time_price,251.83,flat,59.548583984375
2026-01-13 13:00:00,real_time_price,179.23,flat,55.246002197265625
2026-01-13 13:15:00,real_time_price,265.38,flat,57.35234069824219
2026-01-13 13:30:00,real_time_price,251.37,flat,104.45632934570312
2026-01-13 13:45:00,real_time_price,260.28,flat,175.77236938476562
2026-01-13 14:00:00,real_time_price,279.42,peak,187.90921020507812
2026-01-13 14:15:00,real_time_price,262.09,peak,177.9383087158203
2026-01-13 14:30:00,real_time_price,249.47,peak,166.5704345703125
2026-01-13 14:45:00,real_time_price,244.36,peak,159.58712768554688
2026-01-13 15:00:00,real_time_price,256.86,peak,176.23629760742188
2026-01-13 15:15:00,real_time_price,258.33,peak,203.59397888183594
2026-01-13 15:30:00,real_time_price,260.3,peak,239.7996063232422
2026-01-13 15:45:00,real_time_price,270.98,peak,274.2261657714844
2026-01-13 16:00:00,real_time_price,277.83,peak,293.070556640625
2026-01-13 16:15:00,real_time_price,279.69,peak,306.3066101074219
2026-01-13 16:30:00,real_time_price,306.93,peak,323.7466125488281
2026-01-13 16:45:00,real_time_price,302.31,peak,339.4473571777344
2026-01-13 17:00:00,real_time_price,397.05,peak,357.90008544921875
2026-01-13 17:15:00,real_time_price,353.69,peak,366.69952392578125
2026-01-13 17:30:00,real_time_price,359.99,peak,385.80517578125
2026-01-13 17:45:00,real_time_price,345.99,peak,393.98272705078125
2026-01-13 18:00:00,real_time_price,318.7,peak,409.4513244628906
2026-01-13 18:15:00,real_time_price,340.13,peak,422.36602783203125
2026-01-13 18:30:00,real_time_price,330.77,peak,433.09619140625
2026-01-13 18:45:00,real_time_price,360.52,peak,437.93548583984375
2026-01-13 19:00:00,real_time_price,360.42,flat,441.25482177734375
2026-01-13 19:15:00,real_time_price,310.06,flat,436.2935791015625
2026-01-13 19:30:00,real_time_price,332.57,flat,439.98529052734375
2026-01-13 19:45:00,real_time_price,396.6,flat,435.53521728515625
2026-01-13 20:00:00,real_time_price,356.54,flat,429.1308898925781
2026-01-13 20:15:00,real_time_price,308.6,flat,429.92364501953125
2026-01-13 20:30:00,real_time_price,328.34,flat,435.449462890625
2026-01-13 20:45:00,real_time_price,358.09,flat,438.1065673828125
2026-01-13 21:00:00,real_time_price,365.93,flat,432.59796142578125
2026-01-13 21:15:00,real_time_price,353.28,flat,422.91436767578125
2026-01-13 21:30:00,real_time_price,360.39,flat,410.76593017578125
2026-01-13 21:45:00,real_time_price,373.67,flat,394.22247314453125
2026-01-13 22:00:00,real_time_price,366.06,flat,382.67315673828125
2026-01-13 22:15:00,real_time_price,388.21,flat,364.6462707519531
2026-01-13 22:30:00,real_time_price,325.0,flat,344.9906921386719
2026-01-13 22:45:00,real_time_price,400.25,flat,334.9315185546875
2026-01-13 23:00:00,real_time_price,407.57,flat,323.7804260253906
2026-01-13 23:15:00,real_time_price,365.72,flat,311.5538024902344
2026-01-13 23:30:00,real_time_price,340.0,flat,301.6398010253906
2026-01-13 23:45:00,real_time_price,319.49,flat,289.84136962890625
2026-01-14 00:00:00,real_time_price,309.37,valley,286.24603271484375
2026-01-14 00:15:00,real_time_price,280.0,valley,298.1514892578125
2026-01-14 00:30:00,real_time_price,320.7,valley,317.6711730957031
2026-01-14 00:45:00,real_time_price,334.73,valley,312.7872314453125
2026-01-14 01:00:00,real_time_price,339.72,valley,305.3815612792969
2026-01-14 01:15:00,real_time_price,309.81,valley,307.39349365234375
2026-01-14 01:30:00,real_time_price,299.75,valley,303.0420227050781
2026-01-14 01:45:00,real_time_price,300.0,valley,300.2442321777344
2026-01-14 02:00:00,real_time_price,314.95,valley,300.9951171875
2026-01-14 02:15:00,real_time_price,301.97,valley,297.12872314453125
2026-01-14 02:30:00,real_time_price,296.97,valley,295.1416320800781
2026-01-14 02:45:00,real_time_price,296.99,valley,293.5920104980469
2026-01-14 03:00:00,real_time_price,298.7,valley,288.6551818847656
2026-01-14 03:15:00,real_time_price,286.98,valley,286.20074462890625
2026-01-14 03:30:00,real_time_price,294.78,valley,283.3802795410156
2026-01-14 03:45:00,real_time_price,247.04,valley,280.34698486328125
2026-01-14 04:00:00,real_time_price,273.08,valley,281.8625183105469
2026-01-14 04:15:00,real_time_price,274.91,valley,278.64593505859375
2026-01-14 04:30:00,real_time_price,271.2,valley,275.2538757324219
2026-01-14 04:45:00,real_time_price,279.7,valley,273.4338684082031
2026-01-14 05:00:00,real_time_price,279.65,valley,271.042236328125
2026-01-14 05:15:00,real_time_price,279.53,valley,273.5411376953125
2026-01-14 05:30:00,real_time_price,276.97,valley,270.0394592285156
2026-01-14 05:45:00,real_time_price,276.96,valley,271.1217346191406
2026-01-14 06:00:00,real_time_price,279.96,valley,277.0775451660156
2026-01-14 06:15:00,real_time_price,284.94,valley,281.2452087402344
2026-01-14 06:30:00,real_time_price,286.91,valley,288.09002685546875
2026-01-14 06:45:00,real_time_price,286.91,valley,294.8380126953125
2026-01-14 07:00:00,real_time_price,294.83,valley,298.44293212890625
2026-01-14 07:15:00,real_time_price,283.82,valley,304.4354248046875
2026-01-14 07:30:00,real_time_price,294.71,valley,310.993408203125
2026-01-14 07:45:00,real_time_price,301.42,valley,314.5155944824219
2026-01-14 08:00:00,real_time_price,309.43,flat,315.8333435058594
2026-01-14 08:15:00,real_time_price,255.27,flat,339.6900634765625
2026-01-14 08:30:00,real_time_price,250.53,flat,335.1236267089844
2026-01-14 08:45:00,real_time_price,299.64,flat,327.781494140625
2026-01-14 09:00:00,real_time_price,323.82,flat,322.7217102050781
2026-01-14 09:15:00,real_time_price,324.05,flat,315.7957458496094
2026-01-14 09:30:00,real_time_price,290.2,flat,306.5557861328125
2026-01-14 09:45:00,real_time_price,276.26,flat,294.382080078125
2026-01-14 10:00:00,real_time_price,278.51,peak,282.2323303222656
2026-01-14 10:15:00,real_time_price,281.32,peak,267.25396728515625
2026-01-14 10:30:00,real_time_price,148.83,peak,254.2167205810547
2026-01-14 10:45:00,real_time_price,161.16,peak,239.31619262695312
2026-01-14 11:00:00,real_time_price,150.57,peak,234.10491943359375
2026-01-14 11:15:00,real_time_price,150.49,peak,226.92431640625
2026-01-14 11:30:00,real_time_price,209.3,peak,212.7445526123047
2026-01-14 11:45:00,real_time_price,128.29,peak,179.63937377929688
2026-01-14 12:00:00,real_time_price,130.17,flat,156.87747192382812
2026-01-14 12:15:00,real_time_price,45.56,flat,66.68873596191406
2026-01-14 12:30:00,real_time_price,-0.11,flat,81.80946350097656
2026-01-14 12:45:00,real_time_price,0.84,flat,77.73358154296875
2026-01-14 13:00:00,real_time_price,51.34,flat,71.56361389160156
2026-01-14 13:15:00,real_time_price,-4.71,flat,77.79766845703125
2026-01-14 13:30:00,real_time_price,-47.6,flat,122.86056518554688
2026-01-14 13:45:00,real_time_price,65.52,flat,172.32278442382812
2026-01-14 14:00:00,real_time_price,88.66,peak,187.53717041015625
2026-01-14 14:15:00,real_time_price,64.7,peak,170.0950927734375
2026-01-14 14:30:00,real_time_price,-40.29,peak,155.92947387695312
2026-01-14 14:45:00,real_time_price,76.4,peak,151.50521850585938
2026-01-14 15:00:00,real_time_price,18.21,peak,157.76864624023438
2026-01-14 15:15:00,real_time_price,152.26,peak,174.5303955078125
2026-01-14 15:30:00,real_time_price,163.16,peak,220.9476318359375
2026-01-14 15:45:00,real_time_price,260.6,peak,262.1729431152344
2026-01-14 16:00:00,real_time_price,266.62,peak,285.45147705078125
2026-01-14 16:15:00,real_time_price,275.17,peak,292.8048095703125
2026-01-14 16:30:00,real_time_price,280.6,peak,310.5966491699219
2026-01-14 16:45:00,real_time_price,310.15,peak,334.04449462890625
2026-01-14 17:00:00,real_time_price,318.58,peak,357.9051818847656
2026-01-14 17:15:00,real_time_price,320.0,peak,369.269287109375
2026-01-14 17:30:00,real_time_price,310.07,peak,388.28070068359375
2026-01-14 17:45:00,real_time_price,309.05,peak,394.7054443359375
2026-01-14 18:00:00,real_time_price,332.09,peak,405.8581237792969
2026-01-14 18:15:00,real_time_price,330.09,peak,416.73370361328125
2026-01-14 18:30:00,real_time_price,336.11,peak,422.4508361816406
2026-01-14 18:45:00,real_time_price,330.12,peak,425.21356201171875
2026-01-14 19:00:00,real_time_price,330.11,flat,428.05084228515625
2026-01-14 19:15:00,real_time_price,317.12,flat,421.1112365722656
2026-01-14 19:30:00,real_time_price,353.33,flat,425.4323425292969
2026-01-14 19:45:00,real_time_price,320.11,flat,419.5693359375
2026-01-14 20:00:00,real_time_price,324.17,flat,411.938720703125
2026-01-14 20:15:00,real_time_price,325.1,flat,393.49884033203125
2026-01-14 20:30:00,real_time_price,331.38,flat,397.7831115722656
2026-01-14 20:45:00,real_time_price,343.36,flat,401.1228942871094
2026-01-14 21:00:00,real_time_price,383.55,flat,396.88128662109375
2026-01-14 21:15:00,real_time_price,360.97,flat,389.58856201171875
2026-01-14 21:30:00,real_time_price,322.03,flat,381.35009765625
2026-01-14 21:45:00,real_time_price,354.14,flat,368.88079833984375
2026-01-14 22:00:00,real_time_price,329.0,flat,356.23974609375
2026-01-14 22:15:00,real_time_price,320.13,flat,343.69427490234375
2026-01-14 22:30:00,real_time_price,310.04,flat,325.59393310546875
2026-01-14 22:45:00,real_time_price,359.84,flat,318.845458984375
2026-01-14 23:00:00,real_time_price,311.44,flat,309.35107421875
2026-01-14 23:15:00,real_time_price,315.0,flat,299.1236877441406
2026-01-14 23:30:00,real_time_price,315.0,flat,290.7990417480469
2026-01-14 23:45:00,real_time_price,310.8,flat,283.39862060546875
2026-01-15 00:00:00,real_time_price,310.0,valley,280.01324462890625
2026-01-15 00:15:00,real_time_price,287.8,valley,300.17266845703125
2026-01-15 00:30:00,real_time_price,399.07,valley,326.25946044921875
2026-01-15 00:45:00,real_time_price,375.33,valley,320.9237060546875
2026-01-15 01:00:00,real_time_price,359.21,valley,317.6508483886719
2026-01-15 01:15:00,real_time_price,319.45,valley,312.37939453125
2026-01-15 01:30:00,real_time_price,334.02,valley,307.01788330078125
2026-01-15 01:45:00,real_time_price,318.88,valley,307.72235107421875
2026-01-15 02:00:00,real_time_price,315.7,valley,305.0281066894531
2026-01-15 02:15:00,real_time_price,315.0,valley,302.5168762207031
2026-01-15 02:30:00,real_time_price,310.0,valley,298.172607421875
2026-01-15 02:45:00,real_time_price,315.0,valley,295.8716125488281
2026-01-15 03:00:00,real_time_price,310.0,valley,293.6344909667969
2026-01-15 03:15:00,real_time_price,310.03,valley,289.8766174316406
2026-01-15 03:30:00,real_time_price,302.0,valley,286.39910888671875
2026-01-15 03:45:00,real_time_price,303.03,valley,283.052734375
2026-01-15 04:00:00,real_time_price,302.03,valley,282.6908874511719
2026-01-15 04:15:00,real_time_price,297.03,valley,280.14312744140625
2026-01-15 04:30:00,real_time_price,303.83,valley,279.5969543457031
2026-01-15 04:45:00,real_time_price,302.03,valley,279.04345703125
2026-01-15 05:00:00,real_time_price,300.03,valley,277.9855651855469
2026-01-15 05:15:00,real_time_price,302.04,valley,278.1701354980469
2026-01-15 05:30:00,real_time_price,302.03,valley,278.2071838378906
2026-01-15 05:45:00,real_time_price,302.11,valley,279.4975280761719
2026-01-15 06:00:00,real_time_price,302.06,valley,279.9253234863281
2026-01-15 06:15:00,real_time_price,309.04,valley,283.099853515625
2026-01-15 06:30:00,real_time_price,398.34,valley,288.2408752441406
2026-01-15 06:45:00,real_time_price,352.64,valley,291.15582275390625
2026-01-15 07:00:00,real_time_price,365.11,valley,295.6912536621094
2026-01-15 07:15:00,real_time_price,366.21,valley,298.3539733886719
2026-01-15 07:30:00,real_time_price,431.02,valley,302.46746826171875
2026-01-15 07:45:00,real_time_price,481.9,valley,307.2998352050781
2026-01-15 08:00:00,real_time_price,394.1,flat,314.1479797363281
2026-01-15 08:15:00,real_time_price,1079.55,flat,314.2248840332031
2026-01-15 08:30:00,real_time_price,596.58,flat,312.5054626464844
2026-01-15 08:45:00,real_time_price,689.68,flat,311.8442687988281
2026-01-15 09:00:00,real_time_price,791.93,flat,314.7709655761719
2026-01-15 09:15:00,real_time_price,587.67,flat,309.98974609375
2026-01-15 09:30:00,real_time_price,460.81,flat,303.5416259765625
2026-01-15 09:45:00,real_time_price,481.39,flat,296.11834716796875
2026-01-15 10:00:00,real_time_price,320.41,peak,289.1586608886719
2026-01-15 10:15:00,real_time_price,332.7,peak,277.2410888671875
2026-01-15 10:30:00,real_time_price,303.5,peak,257.064208984375
2026-01-15 10:45:00,real_time_price,295.0,peak,245.4776611328125
2026-01-15 11:00:00,real_time_price,310.47,peak,247.42218017578125
2026-01-15 11:15:00,real_time_price,306.09,peak,254.495849609375
2026-01-15 11:30:00,real_time_price,297.39,peak,250.74783325195312
2026-01-15 11:45:00,real_time_price,286.8,peak,232.548828125
2026-01-15 12:00:00,real_time_price,272.75,flat,197.841064453125
2026-01-15 12:15:00,real_time_price,201.34,flat,103.07514953613281
2026-01-15 12:30:00,real_time_price,272.77,flat,109.63748168945312
2026-01-15 12:45:00,real_time_price,254.54,flat,119.90846252441406
2026-01-15 13:00:00,real_time_price,250.05,flat,116.60787963867188
2026-01-15 13:15:00,real_time_price,262.43,flat,126.68034362792969
2026-01-15 13:30:00,real_time_price,274.55,flat,149.1728515625
2026-01-15 13:45:00,real_time_price,271.45,flat,201.94065856933594
2026-01-15 14:00:00,real_time_price,279.79,peak,211.4976348876953
2026-01-15 14:15:00,real_time_price,270.78,peak,190.40982055664062
2026-01-15 14:30:00,real_time_price,266.21,peak,179.8150634765625
2026-01-15 14:45:00,real_time_price,264.69,peak,174.63064575195312
2026-01-15 15:00:00,real_time_price,268.19,peak,182.87611389160156
2026-01-15 15:15:00,real_time_price,266.89,peak,202.73193359375
2026-01-15 15:30:00,real_time_price,275.24,peak,227.46124267578125
2026-01-15 15:45:00,real_time_price,279.39,peak,253.63710021972656
2026-01-15 16:00:00,real_time_price,284.99,peak,269.2579345703125
2026-01-15 16:15:00,real_time_price,299.53,peak,289.1529235839844
2026-01-15 16:30:00,real_time_price,345.08,peak,299.8998718261719
2026-01-15 16:45:00,real_time_price,329.16,peak,308.39501953125
2026-01-15 17:00:00,real_time_price,359.83,peak,320.79119873046875
2026-01-15 17:15:00,real_time_price,319.81,peak,326.04736328125
2026-01-15 17:30:00,real_time_price,380.84,peak,333.3106994628906
2026-01-15 17:45:00,real_time_price,339.03,peak,336.4516296386719
2026-01-15 18:00:00,real_time_price,330.37,peak,341.0487060546875
2026-01-15 18:15:00,real_time_price,378.64,peak,344.3939514160156
2026-01-15 18:30:00,real_time_price,359.19,peak,347.18060302734375
2026-01-15 18:45:00,real_time_price,418.97,peak,346.96044921875
2026-01-15 19:00:00,real_time_price,396.78,flat,348.9969482421875
2026-01-15 19:15:00,real_time_price,334.37,flat,345.49896240234375
2026-01-15 19:30:00,real_time_price,463.19,flat,348.931640625
2026-01-15 19:45:00,real_time_price,371.57,flat,348.7223205566406
2026-01-15 20:00:00,real_time_price,354.34,flat,346.78765869140625
2026-01-15 20:15:00,real_time_price,345.46,flat,343.180908203125
2026-01-15 20:30:00,real_time_price,371.4,flat,345.26629638671875
2026-01-15 20:45:00,real_time_price,335.14,flat,346.2819519042969
2026-01-15 21:00:00,real_time_price,382.19,flat,351.1366882324219
2026-01-15 21:15:00,real_time_price,356.93,flat,347.9916076660156
2026-01-15 21:30:00,real_time_price,411.32,flat,345.1348876953125
2026-01-15 21:45:00,real_time_price,401.69,flat,341.5655517578125
2026-01-15 22:00:00,real_time_price,380.68,flat,335.8730163574219
2026-01-15 22:15:00,real_time_price,345.44,flat,330.32171630859375
2026-01-15 22:30:00,real_time_price,360.65,flat,321.672607421875
2026-01-15 22:45:00,real_time_price,403.3,flat,319.18572998046875
2026-01-15 23:00:00,real_time_price,358.48,flat,313.35650634765625
2026-01-15 23:15:00,real_time_price,322.27,flat,309.135986328125
2026-01-15 23:30:00,real_time_price,317.63,flat,303.98065185546875
2026-01-15 23:45:00,real_time_price,312.33,flat,301.3547058105469
2026-01-16 00:00:00,real_time_price,309.23,valley,298.92266845703125
2026-01-16 00:15:00,real_time_price,287.8,valley,294.8791809082031
2026-01-16 00:30:00,real_time_price,310.58,valley,309.19183349609375
2026-01-16 00:45:00,real_time_price,310.02,valley,307.7063293457031
2026-01-16 01:00:00,real_time_price,317.63,valley,305.8062744140625
2026-01-16 01:15:00,real_time_price,316.78,valley,301.0622863769531
2026-01-16 01:30:00,real_time_price,317.09,valley,297.9222717285156
2026-01-16 01:45:00,real_time_price,315.01,valley,295.95562744140625
2026-01-16 02:00:00,real_time_price,314.7,valley,294.37884521484375
2026-01-16 02:15:00,real_time_price,310.0,valley,292.5592041015625
2026-01-16 02:30:00,real_time_price,310.02,valley,290.1460266113281
2026-01-16 02:45:00,real_time_price,310.0,valley,287.09344482421875
2026-01-16 03:00:00,real_time_price,306.04,valley,284.980712890625
2026-01-16 03:15:00,real_time_price,307.13,valley,281.36578369140625
2026-01-16 03:30:00,real_time_price,300.07,valley,278.60626220703125
2026-01-16 03:45:00,real_time_price,300.07,valley,274.984130859375
2026-01-16 04:00:00,real_time_price,300.0,valley,274.229736328125
2026-01-16 04:15:00,real_time_price,300.04,valley,273.0632629394531
2026-01-16 04:30:00,real_time_price,300.0,valley,272.0319519042969
2026-01-16 04:45:00,real_time_price,298.0,valley,271.2412109375
2026-01-16 05:00:00,real_time_price,300.05,valley,268.607666015625
2026-01-16 05:15:00,real_time_price,297.08,valley,269.17181396484375
2026-01-16 05:30:00,real_time_price,298.0,valley,270.67279052734375
2026-01-16 05:45:00,real_time_price,287.8,valley,271.56866455078125
2026-01-16 06:00:00,real_time_price,300.0,valley,273.3448791503906
2026-01-16 06:15:00,real_time_price,297.79,valley,278.9708251953125
2026-01-16 06:30:00,real_time_price,300.01,valley,283.6009216308594
2026-01-16 06:45:00,real_time_price,306.8,valley,286.07867431640625
2026-01-16 07:00:00,real_time_price,324.98,valley,291.0678405761719
2026-01-16 07:15:00,real_time_price,316.72,valley,294.7386779785156
2026-01-16 07:30:00,real_time_price,320.01,valley,301.9731140136719
2026-01-16 07:45:00,real_time_price,320.01,valley,305.7947082519531
2026-01-16 08:00:00,real_time_price,323.49,flat,311.3167419433594
2026-01-16 08:15:00,real_time_price,329.89,flat,306.3193054199219
2026-01-16 08:30:00,real_time_price,330.59,flat,304.4525146484375
2026-01-16 08:45:00,real_time_price,326.21,flat,305.1509704589844
2026-01-16 09:00:00,real_time_price,322.92,flat,305.06060791015625
2026-01-16 09:15:00,real_time_price,323.98,flat,300.08990478515625
2026-01-16 09:30:00,real_time_price,310.15,flat,296.08843994140625
2026-01-16 09:45:00,real_time_price,317.16,flat,290.1599426269531
2026-01-16 10:00:00,real_time_price,305.47,peak,281.3025817871094
2026-01-16 10:15:00,real_time_price,308.82,peak,269.61492919921875
2026-01-16 10:30:00,real_time_price,286.97,peak,253.22439575195312
2026-01-16 10:45:00,real_time_price,280.36,peak,242.30548095703125
2026-01-16 11:00:00,real_time_price,265.61,peak,233.43283081054688
2026-01-16 11:15:00,real_time_price,278.89,peak,234.6024932861328
2026-01-16 11:30:00,real_time_price,274.25,peak,232.16734313964844
2026-01-16 11:45:00,real_time_price,269.56,peak,218.6573944091797
2026-01-16 12:00:00,real_time_price,260.48,flat,198.91448974609375
2026-01-16 12:15:00,real_time_price,170.54,flat,69.6361083984375
2026-01-16 12:30:00,real_time_price,240.77,flat,74.7945556640625
2026-01-16 12:45:00,real_time_price,157.14,flat,78.32412719726562
2026-01-16 13:00:00,real_time_price,59.1,flat,71.73963928222656
2026-01-16 13:15:00,real_time_price,155.4,flat,79.12751770019531
2026-01-16 13:30:00,real_time_price,168.32,flat,96.98954772949219
2026-01-16 13:45:00,real_time_price,255.51,flat,145.65721130371094
2026-01-16 14:00:00,real_time_price,256.49,peak,150.56045532226562
2026-01-16 14:15:00,real_time_price,231.43,peak,146.7886962890625
2026-01-16 14:30:00,real_time_price,233.86,peak,135.35267639160156
2026-01-16 14:45:00,real_time_price,252.14,peak,138.8130645751953
2026-01-16 15:00:00,real_time_price,246.09,peak,146.18235778808594
2026-01-16 15:15:00,real_time_price,256.28,peak,171.67276000976562
2026-01-16 15:30:00,real_time_price,263.4,peak,211.0500946044922
2026-01-16 15:45:00,real_time_price,274.4,peak,248.906982421875
2026-01-16 16:00:00,real_time_price,285.06,peak,266.5946960449219
2026-01-16 16:15:00,real_time_price,301.22,peak,278.370849609375
2026-01-16 16:30:00,real_time_price,311.0,peak,291.93505859375
2026-01-16 16:45:00,real_time_price,310.97,peak,305.11138916015625
2026-01-16 17:00:00,real_time_price,357.9,peak,321.1763916015625
2026-01-16 17:15:00,real_time_price,328.2,peak,326.7454528808594
2026-01-16 17:30:00,real_time_price,322.83,peak,334.2508239746094
2026-01-16 17:45:00,real_time_price,332.61,peak,338.80413818359375
2026-01-16 18:00:00,real_time_price,329.37,peak,344.5970153808594
2026-01-16 18:15:00,real_time_price,328.39,peak,350.62603759765625
2026-01-16 18:30:00,real_time_price,347.2,peak,352.9814758300781
2026-01-16 18:45:00,real_time_price,378.48,peak,355.5616455078125
2026-01-16 19:00:00,real_time_price,329.57,flat,358.0130615234375
2026-01-16 19:15:00,real_time_price,349.77,flat,352.5105285644531
2026-01-16 19:30:00,real_time_price,313.89,flat,359.21435546875
2026-01-16 19:45:00,real_time_price,361.79,flat,358.7237243652344
2026-01-16 20:00:00,real_time_price,318.79,flat,356.7833251953125
2026-01-16 20:15:00,real_time_price,361.97,flat,349.3253173828125
2026-01-16 20:30:00,real_time_price,329.54,flat,353.3620300292969
2026-01-16 20:45:00,real_time_price,324.95,flat,355.3297424316406
2026-01-16 21:00:00,real_time_price,330.02,flat,358.8897705078125
2026-01-16 21:15:00,real_time_price,327.81,flat,355.71966552734375
2026-01-16 21:30:00,real_time_price,336.34,flat,351.2318115234375
2026-01-16 21:45:00,real_time_price,320.16,flat,348.1665954589844
2026-01-16 22:00:00,real_time_price,340.06,flat,345.5831604003906
2026-01-16 22:15:00,real_time_price,314.15,flat,338.9397277832031
2026-01-16 22:30:00,real_time_price,318.83,flat,331.4535827636719
2026-01-16 22:45:00,real_time_price,314.53,flat,326.6381530761719
2026-01-16 23:00:00,real_time_price,317.38,flat,321.97467041015625
2026-01-16 23:15:00,real_time_price,316.48,flat,318.20550537109375
2026-01-16 23:30:00,real_time_price,317.15,flat,311.06024169921875
2026-01-16 23:45:00,real_time_price,316.38,flat,306.15020751953125
2026-01-17 00:00:00,real_time_price,320.05,valley,302.5314025878906
2026-01-17 00:15:00,real_time_price,267.84,valley,298.6077575683594
2026-01-17 00:30:00,real_time_price,275.57,valley,320.93255615234375
2026-01-17 00:45:00,real_time_price,303.32,valley,317.35150146484375
2026-01-17 01:00:00,real_time_price,309.31,valley,314.983154296875
2026-01-17 01:15:00,real_time_price,349.02,valley,310.42095947265625
2026-01-17 01:30:00,real_time_price,327.12,valley,306.5955810546875
2026-01-17 01:45:00,real_time_price,342.76,valley,305.5897216796875
2026-01-17 02:00:00,real_time_price,311.21,valley,306.3988037109375
2026-01-17 02:15:00,real_time_price,336.7,valley,302.50738525390625
2026-01-17 02:30:00,real_time_price,323.0,valley,298.7593994140625
2026-01-17 02:45:00,real_time_price,301.53,valley,295.576416015625
2026-01-17 03:00:00,real_time_price,310.01,valley,293.3355712890625
2026-01-17 03:15:00,real_time_price,318.38,valley,290.5682067871094
2026-01-17 03:30:00,real_time_price,315.0,valley,286.8551025390625
2026-01-17 03:45:00,real_time_price,305.0,valley,280.0570068359375
2026-01-17 04:00:00,real_time_price,303.15,valley,282.23553466796875
2026-01-17 04:15:00,real_time_price,301.36,valley,276.1792907714844
2026-01-17 04:30:00,real_time_price,302.07,valley,277.2404479980469
2026-01-17 04:45:00,real_time_price,293.76,valley,278.13775634765625
2026-01-17 05:00:00,real_time_price,292.68,valley,277.58343505859375
2026-01-17 05:15:00,real_time_price,291.08,valley,276.74542236328125
2026-01-17 05:30:00,real_time_price,291.08,valley,277.5856628417969
2026-01-17 05:45:00,real_time_price,291.99,valley,279.8760070800781
2026-01-17 06:00:00,real_time_price,297.65,valley,281.06500244140625
2026-01-17 06:15:00,real_time_price,297.44,valley,286.8961181640625
2026-01-17 06:30:00,real_time_price,298.84,valley,293.3172607421875
2026-01-17 06:45:00,real_time_price,296.4,valley,299.12310791015625
2026-01-17 07:00:00,real_time_price,298.39,valley,303.8558654785156
2026-01-17 07:15:00,real_time_price,302.23,valley,309.2930908203125
2026-01-17 07:30:00,real_time_price,307.85,valley,318.4322509765625
2026-01-17 07:45:00,real_time_price,322.96,valley,323.5409851074219
2026-01-17 08:00:00,real_time_price,327.15,flat,331.17010498046875
2026-01-17 08:15:00,real_time_price,467.7,flat,315.3629455566406
2026-01-17 08:30:00,real_time_price,329.13,flat,314.9783935546875
2026-01-17 08:45:00,real_time_price,444.75,flat,314.1396179199219
2026-01-17 09:00:00,real_time_price,340.92,flat,313.1055603027344
2026-01-17 09:15:00,real_time_price,352.62,flat,306.37939453125
2026-01-17 09:30:00,real_time_price,330.41,flat,297.9734191894531
2026-01-17 09:45:00,real_time_price,328.6,flat,290.2593994140625
2026-01-17 10:00:00,real_time_price,309.95,peak,283.2746276855469
2026-01-17 10:15:00,real_time_price,287.97,peak,269.90692138671875
2026-01-17 10:30:00,real_time_price,289.7,peak,244.14529418945312
2026-01-17 10:45:00,real_time_price,263.13,peak,230.33741760253906
2026-01-17 11:00:00,real_time_price,277.45,peak,229.47372436523438
2026-01-17 11:15:00,real_time_price,271.92,peak,232.72177124023438
2026-01-17 11:30:00,real_time_price,279.24,peak,230.7069091796875
2026-01-17 11:45:00,real_time_price,259.45,peak,208.89669799804688
2026-01-17 12:00:00,real_time_price,259.35,flat,184.59429931640625
2026-01-17 12:15:00,real_time_price,100.0,flat,53.48158264160156
2026-01-17 12:30:00,real_time_price,209.15,flat,65.75135803222656
2026-01-17 12:45:00,real_time_price,141.91,flat,65.68603515625
2026-01-17 13:00:00,real_time_price,147.25,flat,64.149169921875
2026-01-17 13:15:00,real_time_price,143.29,flat,71.77571105957031
2026-01-17 13:30:00,real_time_price,199.09,flat,93.63137817382812
2026-01-17 13:45:00,real_time_price,266.93,flat,148.84182739257812
2026-01-17 14:00:00,real_time_price,225.16,peak,153.69317626953125
2026-01-17 14:15:00,real_time_price,239.15,peak,151.73919677734375
2026-01-17 14:30:00,real_time_price,189.93,peak,138.0206756591797
2026-01-17 14:45:00,real_time_price,214.67,peak,142.66998291015625
2026-01-17 15:00:00,real_time_price,231.39,peak,152.16383361816406
2026-01-17 15:15:00,real_time_price,188.45,peak,188.55076599121094
2026-01-17 15:30:00,real_time_price,186.39,peak,222.3209228515625
2026-01-17 15:45:00,real_time_price,259.78,peak,262.49560546875
2026-01-17 16:00:00,real_time_price,269.55,peak,276.0565185546875
2026-01-17 16:15:00,real_time_price,275.79,peak,286.20794677734375
2026-01-17 16:30:00,real_time_price,282.9,peak,297.17230224609375
2026-01-17 16:45:00,real_time_price,299.22,peak,309.80908203125
2026-01-17 17:00:00,real_time_price,469.48,peak,321.26202392578125
2026-01-17 17:15:00,real_time_price,419.37,peak,327.35137939453125
2026-01-17 17:30:00,real_time_price,328.44,peak,334.6574401855469
2026-01-17 17:45:00,real_time_price,318.73,peak,338.82525634765625
2026-01-17 18:00:00,real_time_price,327.51,peak,345.05511474609375
2026-01-17 18:15:00,real_time_price,321.66,peak,349.8890686035156
2026-01-17 18:30:00,real_time_price,314.13,peak,353.5294189453125
2026-01-17 18:45:00,real_time_price,328.96,peak,353.841064453125
2026-01-17 19:00:00,real_time_price,321.89,flat,357.7507019042969
2026-01-17 19:15:00,real_time_price,328.02,flat,352.50653076171875
2026-01-17 19:30:00,real_time_price,341.45,flat,358.1370849609375
2026-01-17 19:45:00,real_time_price,347.17,flat,356.6574401855469
2026-01-17 20:00:00,real_time_price,353.48,flat,354.679443359375
2026-01-17 20:15:00,real_time_price,362.18,flat,348.93109130859375
2026-01-17 20:30:00,real_time_price,380.72,flat,355.1802673339844
2026-01-17 20:45:00,real_time_price,333.47,flat,358.392578125
2026-01-17 21:00:00,real_time_price,330.46,flat,362.14678955078125
2026-01-17 21:15:00,real_time_price,396.09,flat,357.5528564453125
2026-01-17 21:30:00,real_time_price,384.25,flat,351.8442077636719
2026-01-17 21:45:00,real_time_price,325.3,flat,348.4700012207031
2026-01-17 22:00:00,real_time_price,357.63,flat,344.70684814453125
2026-01-17 22:15:00,real_time_price,329.94,flat,337.38897705078125
2026-01-17 22:30:00,real_time_price,328.59,flat,328.2776184082031
2026-01-17 22:45:00,real_time_price,349.03,flat,321.90606689453125
2026-01-17 23:00:00,real_time_price,324.99,flat,316.64617919921875
2026-01-17 23:15:00,real_time_price,328.33,flat,311.8468017578125
2026-01-17 23:30:00,real_time_price,317.0,flat,304.9053649902344
2026-01-17 23:45:00,real_time_price,306.9,flat,299.2582092285156
2026-01-18 00:00:00,real_time_price,298.67,valley,296.73944091796875
2026-01-18 00:15:00,real_time_price,267.37,valley,291.16217041015625
2026-01-18 00:30:00,real_time_price,361.46,valley,321.15533447265625
2026-01-18 00:45:00,real_time_price,385.36,valley,317.25
2026-01-18 01:00:00,real_time_price,316.2,valley,315.11529541015625
2026-01-18 01:15:00,real_time_price,326.35,valley,310.8406066894531
2026-01-18 01:30:00,real_time_price,325.43,valley,306.5588073730469
2026-01-18 01:45:00,real_time_price,323.99,valley,305.6935729980469
2026-01-18 02:00:00,real_time_price,325.85,valley,304.70904541015625
2026-01-18 02:15:00,real_time_price,326.86,valley,300.8247985839844
2026-01-18 02:30:00,real_time_price,315.47,valley,297.1070251464844
2026-01-18 02:45:00,real_time_price,312.5,valley,294.7933044433594
2026-01-18 03:00:00,real_time_price,294.75,valley,292.47210693359375
2026-01-18 03:15:00,real_time_price,291.41,valley,289.59765625
2026-01-18 03:30:00,real_time_price,297.83,valley,286.578125
2026-01-18 03:45:00,real_time_price,305.99,valley,283.17669677734375
2026-01-18 04:00:00,real_time_price,312.34,valley,283.1482238769531
2026-01-18 04:15:00,real_time_price,298.97,valley,279.7835388183594
2026-01-18 04:30:00,real_time_price,297.75,valley,280.190673828125
2026-01-18 04:45:00,real_time_price,289.42,valley,279.4107971191406
2026-01-18 05:00:00,real_time_price,289.75,valley,277.5768127441406
2026-01-18 05:15:00,real_time_price,287.74,valley,278.08837890625
2026-01-18 05:30:00,real_time_price,294.34,valley,278.820068359375
2026-01-18 05:45:00,real_time_price,294.39,valley,280.3323059082031
2026-01-18 06:00:00,real_time_price,297.75,valley,280.9167785644531
2026-01-18 06:15:00,real_time_price,299.38,valley,286.87939453125
2026-01-18 06:30:00,real_time_price,294.33,valley,292.8222961425781
2026-01-18 06:45:00,real_time_price,272.49,valley,296.64471435546875
2026-01-18 07:00:00,real_time_price,289.77,valley,300.05712890625
2026-01-18 07:15:00,real_time_price,279.82,valley,305.4199523925781
2026-01-18 07:30:00,real_time_price,297.73,valley,311.87493896484375
2026-01-18 07:45:00,real_time_price,302.62,valley,315.902587890625
2026-01-18 08:00:00,real_time_price,317.92,flat,320.1651306152344
2026-01-18 08:15:00,real_time_price,318.11,flat,319.7308044433594
2026-01-18 08:30:00,real_time_price,300.29,flat,318.87506103515625
2026-01-18 08:45:00,real_time_price,297.38,flat,315.9851379394531
2026-01-18 09:00:00,real_time_price,293.59,flat,313.6679992675781
2026-01-18 09:15:00,real_time_price,296.01,flat,307.43743896484375
2026-01-18 09:30:00,real_time_price,278.75,flat,299.1428527832031
2026-01-18 09:45:00,real_time_price,273.61,flat,293.1566162109375
2026-01-18 10:00:00,real_time_price,243.9,peak,286.7905578613281
2026-01-18 10:15:00,real_time_price,215.63,peak,279.4409484863281
2026-01-18 10:30:00,real_time_price,143.45,peak,269.69244384765625
2026-01-18 10:45:00,real_time_price,177.23,peak,263.0831604003906
2026-01-18 11:00:00,real_time_price,153.41,peak,263.7674255371094
2026-01-18 11:15:00,real_time_price,55.26,peak,266.3903503417969
2026-01-18 11:30:00,real_time_price,245.31,peak,264.2828369140625
2026-01-18 11:45:00,real_time_price,145.59,peak,251.733642578125
2026-01-18 12:00:00,real_time_price,172.61,flat,236.60543823242188
2026-01-18 12:15:00,real_time_price,23.25,flat,109.74226379394531
2026-01-18 12:30:00,real_time_price,89.51,flat,124.11917114257812
2026-01-18 12:45:00,real_time_price,0.09,flat,132.0563507080078
2026-01-18 13:00:00,real_time_price,144.54,flat,137.39585876464844
2026-01-18 13:15:00,real_time_price,64.15,flat,157.27182006835938
2026-01-18 13:30:00,real_time_price,71.25,flat,183.20074462890625
2026-01-18 13:45:00,real_time_price,139.45,flat,224.64584350585938
2026-01-18 14:00:00,real_time_price,2.23,peak,234.56228637695312
2026-01-18 14:15:00,real_time_price,67.94,peak,223.7119598388672
2026-01-18 14:30:00,real_time_price,-48.29,peak,214.08599853515625
2026-01-18 14:45:00,real_time_price,-49.85,peak,217.42984008789062
2026-01-18 15:00:00,real_time_price,169.98,peak,224.98944091796875
2026-01-18 15:15:00,real_time_price,57.02,peak,246.3104705810547
2026-01-18 15:30:00,real_time_price,68.58,peak,262.095947265625
2026-01-18 15:45:00,real_time_price,-19.75,peak,277.59906005859375
2026-01-18 16:00:00,real_time_price,80.68,peak,287.34197998046875
2026-01-18 16:15:00,real_time_price,186.75,peak,292.38226318359375
2026-01-18 16:30:00,real_time_price,266.32,peak,300.66424560546875
2026-01-18 16:45:00,real_time_price,273.04,peak,310.698974609375
2026-01-18 17:00:00,real_time_price,285.39,peak,319.16729736328125
2026-01-18 17:15:00,real_time_price,295.0,peak,325.4867858886719
2026-01-18 17:30:00,real_time_price,313.99,peak,332.27374267578125
2026-01-18 17:45:00,real_time_price,319.98,peak,335.73699951171875
2026-01-18 18:00:00,real_time_price,310.0,peak,340.25750732421875
2026-01-18 18:15:00,real_time_price,319.98,peak,344.8358154296875
2026-01-18 18:30:00,real_time_price,317.28,peak,348.877685546875
2026-01-18 18:45:00,real_time_price,315.29,peak,348.2658386230469
2026-01-18 19:00:00,real_time_price,320.08,flat,352.50054931640625
2026-01-18 19:15:00,real_time_price,324.97,flat,348.8905944824219
2026-01-18 19:30:00,real_time_price,320.08,flat,355.26983642578125
2026-01-18 19:45:00,real_time_price,319.99,flat,353.37445068359375
2026-01-18 20:00:00,real_time_price,322.98,flat,352.1636657714844
2026-01-18 20:15:00,real_time_price,319.98,flat,359.11328125
2026-01-18 20:30:00,real_time_price,320.68,flat,363.54608154296875
2026-01-18 20:45:00,real_time_price,326.26,flat,367.1961669921875
2026-01-18 21:00:00,real_time_price,330.0,flat,369.87158203125
2026-01-18 21:15:00,real_time_price,330.0,flat,365.31243896484375
2026-01-18 21:30:00,real_time_price,355.22,flat,359.67523193359375
2026-01-18 21:45:00,real_time_price,365.7,flat,355.1022644042969
2026-01-18 22:00:00,real_time_price,320.1,flat,350.1777648925781
2026-01-18 22:15:00,real_time_price,319.0,flat,342.314697265625
2026-01-18 22:30:00,real_time_price,314.0,flat,333.276123046875
2026-01-18 22:45:00,real_time_price,299.86,flat,326.83306884765625
2026-01-18 23:00:00,real_time_price,300.1,flat,320.2173767089844
2026-01-18 23:15:00,real_time_price,285.6,flat,314.7286071777344
2026-01-18 23:30:00,real_time_price,284.86,flat,308.3042907714844
2026-01-18 23:45:00,real_time_price,279.91,flat,303.6149597167969
2026-01-19 00:00:00,real_time_price,279.91,valley,301.5592956542969
2026-01-19 00:15:00,real_time_price,275.0,valley,293.4303283691406
2026-01-19 00:30:00,real_time_price,299.54,valley,320.3432312011719
2026-01-19 00:45:00,real_time_price,292.13,valley,315.48541259765625
2026-01-19 01:00:00,real_time_price,285.0,valley,312.7144775390625
2026-01-19 01:15:00,real_time_price,285.03,valley,308.36669921875
2026-01-19 01:30:00,real_time_price,280.04,valley,303.5484619140625
2026-01-19 01:45:00,real_time_price,278.33,valley,301.52642822265625
2026-01-19 02:00:00,real_time_price,270.14,valley,299.3353271484375
2026-01-19 02:15:00,real_time_price,275.23,valley,296.4440002441406
2026-01-19 02:30:00,real_time_price,275.03,valley,293.4807434082031
2026-01-19 02:45:00,real_time_price,272.03,valley,290.53704833984375
2026-01-19 03:00:00,real_time_price,270.0,valley,288.14898681640625
2026-01-19 03:15:00,real_time_price,268.04,valley,284.638916015625
2026-01-19 03:30:00,real_time_price,265.04,valley,282.07476806640625
2026-01-19 03:45:00,real_time_price,274.98,valley,279.1396789550781
2026-01-19 04:00:00,real_time_price,265.13,valley,279.140380859375
2026-01-19 04:15:00,real_time_price,270.3,valley,278.5638427734375
2026-01-19 04:30:00,real_time_price,265.04,valley,278.4986572265625
2026-01-19 04:45:00,real_time_price,269.99,valley,277.38836669921875
2026-01-19 05:00:00,real_time_price,263.04,valley,275.52728271484375
2026-01-19 05:15:00,real_time_price,269.97,valley,276.4813537597656
2026-01-19 05:30:00,real_time_price,265.07,valley,276.8016357421875
2026-01-19 05:45:00,real_time_price,272.92,valley,278.3744201660156
2026-01-19 06:00:00,real_time_price,274.85,valley,279.3212585449219
2026-01-19 06:15:00,real_time_price,274.85,valley,284.2892761230469
2026-01-19 06:30:00,real_time_price,281.81,valley,289.5288391113281
2026-01-19 06:45:00,real_time_price,280.34,valley,293.0361633300781
2026-01-19 07:00:00,real_time_price,291.19,valley,296.2576904296875
2026-01-19 07:15:00,real_time_price,291.18,valley,300.4503173828125
2026-01-19 07:30:00,real_time_price,299.7,valley,306.4270935058594
2026-01-19 07:45:00,real_time_price,298.91,valley,311.11419677734375
2026-01-19 08:00:00,real_time_price,302.92,flat,317.05078125
2026-01-19 08:15:00,real_time_price,291.23,flat,316.5231628417969
2026-01-19 08:30:00,real_time_price,310.78,flat,314.8719787597656
2026-01-19 08:45:00,real_time_price,306.63,flat,312.28802490234375
2026-01-19 09:00:00,real_time_price,337.21,flat,312.95379638671875
2026-01-19 09:15:00,real_time_price,263.17,flat,308.05987548828125
2026-01-19 09:30:00,real_time_price,304.11,flat,300.13372802734375
2026-01-19 09:45:00,real_time_price,279.4,flat,292.59234619140625
2026-01-19 10:00:00,real_time_price,278.73,peak,286.2421875
2026-01-19 10:15:00,real_time_price,265.81,peak,277.7647399902344
2026-01-19 10:30:00,real_time_price,254.77,peak,265.6836853027344
2026-01-19 10:45:00,real_time_price,143.61,peak,257.8692626953125
2026-01-19 11:00:00,real_time_price,155.3,peak,258.4865417480469
2026-01-19 11:15:00,real_time_price,196.95,peak,262.2767639160156
2026-01-19 11:30:00,real_time_price,244.7,peak,260.8381652832031
2026-01-19 11:45:00,real_time_price,248.88,peak,247.72486877441406
2026-01-19 12:00:00,real_time_price,240.15,flat,228.86447143554688
2026-01-19 12:15:00,real_time_price,106.04,flat,126.74156188964844
2026-01-19 12:30:00,real_time_price,180.6,flat,142.96682739257812
2026-01-19 12:45:00,real_time_price,106.97,flat,151.0193328857422
2026-01-19 13:00:00,real_time_price,132.57,flat,157.30838012695312
2026-01-19 13:15:00,real_time_price,146.92,flat,178.57183837890625
2026-01-19 13:30:00,real_time_price,151.63,flat,198.71368408203125
2026-01-19 13:45:00,real_time_price,154.35,flat,231.5724639892578
2026-01-19 14:00:00,real_time_price,245.18,peak,240.51966857910156
2026-01-19 14:15:00,real_time_price,228.39,peak,232.6051025390625
2026-01-19 14:30:00,real_time_price,85.8,peak,225.39051818847656
2026-01-19 14:45:00,real_time_price,178.76,peak,231.453369140625
2026-01-19 15:00:00,real_time_price,164.75,peak,234.23822021484375
2026-01-19 15:15:00,real_time_price,232.63,peak,250.9731903076172
2026-01-19 15:30:00,real_time_price,203.09,peak,262.33685302734375
2026-01-19 15:45:00,real_time_price,224.48,peak,275.2296447753906
2026-01-19 16:00:00,real_time_price,252.36,peak,284.0275573730469
2026-01-19 16:15:00,real_time_price,287.96,peak,293.5801086425781
2026-01-19 16:30:00,real_time_price,272.88,peak,301.00390625
2026-01-19 16:45:00,real_time_price,273.2,peak,308.9689025878906
2026-01-19 17:00:00,real_time_price,290.95,peak,317.9724426269531
2026-01-19 17:15:00,real_time_price,295.07,peak,323.5505065917969
2026-01-19 17:30:00,real_time_price,313.01,peak,331.6871643066406
2026-01-19 17:45:00,real_time_price,305.37,peak,333.4177551269531
2026-01-19 18:00:00,real_time_price,315.6,peak,337.50299072265625
2026-01-19 18:15:00,real_time_price,318.83,peak,341.74993896484375
2026-01-19 18:30:00,real_time_price,326.43,peak,345.2658996582031
2026-01-19 18:45:00,real_time_price,331.46,peak,344.00262451171875
2026-01-19 19:00:00,real_time_price,342.9,flat,347.5018005371094
2026-01-19 19:15:00,real_time_price,327.61,flat,346.0206604003906
2026-01-19 19:30:00,real_time_price,317.72,flat,351.28985595703125
2026-01-19 19:45:00,real_time_price,327.24,flat,349.6187744140625
2026-01-19 20:00:00,real_time_price,317.54,flat,348.265869140625
2026-01-19 20:15:00,real_time_price,317.96,flat,347.54107666015625
2026-01-19 20:30:00,real_time_price,321.83,flat,350.76983642578125
2026-01-19 20:45:00,real_time_price,315.42,flat,352.1349182128906
2026-01-19 21:00:00,real_time_price,317.67,flat,355.0067138671875
2026-01-19 21:15:00,real_time_price,319.64,flat,350.7316589355469
2026-01-19 21:30:00,real_time_price,318.74,flat,347.15625
2026-01-19 21:45:00,real_time_price,307.38,flat,343.31744384765625
2026-01-19 22:00:00,real_time_price,303.01,flat,339.97845458984375
2026-01-19 22:15:00,real_time_price,298.47,flat,333.64361572265625
2026-01-19 22:30:00,real_time_price,291.24,flat,325.8028869628906
2026-01-19 22:45:00,real_time_price,292.07,flat,321.50921630859375
2026-01-19 23:00:00,real_time_price,292.64,flat,315.64007568359375
2026-01-19 23:15:00,real_time_price,282.88,flat,311.83746337890625
2026-01-19 23:30:00,real_time_price,279.91,flat,305.537109375
2026-01-19 23:45:00,real_time_price,281.95,flat,300.68023681640625
2026-01-20 00:00:00,real_time_price,278.0,valley,298.816162109375
2026-01-20 00:15:00,real_time_price,265.02,valley,293.4809265136719
2026-01-20 00:30:00,real_time_price,300.98,valley,316.43927001953125
2026-01-20 00:45:00,real_time_price,293.72,valley,311.0863342285156
2026-01-20 01:00:00,real_time_price,293.04,valley,306.5325927734375
2026-01-20 01:15:00,real_time_price,283.16,valley,303.8719177246094
2026-01-20 01:30:00,real_time_price,286.57,valley,300.48583984375
2026-01-20 01:45:00,real_time_price,275.93,valley,298.2702331542969
2026-01-20 02:00:00,real_time_price,281.05,valley,298.2511901855469
2026-01-20 02:15:00,real_time_price,274.42,valley,295.525390625
2026-01-20 02:30:00,real_time_price,276.66,valley,291.70794677734375
2026-01-20 02:45:00,real_time_price,274.26,valley,290.70245361328125
2026-01-20 03:00:00,real_time_price,262.11,valley,289.1335754394531
2026-01-20 03:15:00,real_time_price,268.39,valley,286.4442138671875
2026-01-20 03:30:00,real_time_price,278.65,valley,284.11907958984375
2026-01-20 03:45:00,real_time_price,273.85,valley,283.088134765625
2026-01-20 04:00:00,real_time_price,265.07,valley,283.7420349121094
2026-01-20 04:15:00,real_time_price,272.11,valley,279.91864013671875
2026-01-20 04:30:00,real_time_price,268.28,valley,279.8386535644531
2026-01-20 04:45:00,real_time_price,263.84,valley,278.3131408691406
2026-01-20 05:00:00,real_time_price,257.02,valley,277.2712097167969
2026-01-20 05:15:00,real_time_price,266.88,valley,279.4344177246094
2026-01-20 05:30:00,real_time_price,269.01,valley,279.246337890625
2026-01-20 05:45:00,real_time_price,275.2,valley,281.000732421875
2026-01-20 06:00:00,real_time_price,274.27,valley,281.9527893066406
2026-01-20 06:15:00,real_time_price,273.47,valley,286.63232421875
2026-01-20 06:30:00,real_time_price,276.48,valley,292.41314697265625
2026-01-20 06:45:00,real_time_price,271.57,valley,295.9731750488281
2026-01-20 07:00:00,real_time_price,286.91,valley,298.2463684082031
2026-01-20 07:15:00,real_time_price,283.5,valley,301.912841796875
2026-01-20 07:30:00,real_time_price,300.82,valley,306.68536376953125
2026-01-20 07:45:00,real_time_price,303.46,valley,310.5915222167969
2026-01-20 08:00:00,real_time_price,318.39,flat,316.2222595214844
2026-01-20 08:15:00,real_time_price,312.57,flat,317.7406921386719
2026-01-20 08:30:00,real_time_price,318.05,flat,316.1905822753906
2026-01-20 08:45:00,real_time_price,318.95,flat,313.79656982421875
2026-01-20 09:00:00,real_time_price,361.8,flat,314.5007019042969
2026-01-20 09:15:00,real_time_price,444.3,flat,308.6839599609375
2026-01-20 09:30:00,real_time_price,388.2,flat,300.6328430175781
2026-01-20 09:45:00,real_time_price,311.21,flat,292.3966369628906
2026-01-20 10:00:00,real_time_price,318.25,peak,285.4859313964844
2026-01-20 10:15:00,real_time_price,312.79,peak,273.6199645996094
2026-01-20 10:30:00,real_time_price,313.27,peak,256.3816223144531
2026-01-20 10:45:00,real_time_price,281.77,peak,248.14627075195312
2026-01-20 11:00:00,real_time_price,304.15,peak,249.83668518066406
2026-01-20 11:15:00,real_time_price,348.59,peak,253.77716064453125
2026-01-20 11:30:00,real_time_price,265.85,peak,251.08477783203125
2026-01-20 11:45:00,real_time_price,284.21,peak,236.49075317382812
2026-01-20 12:00:00,real_time_price,301.07,flat,215.79319763183594
2026-01-20 12:15:00,real_time_price,272.7,flat,112.19503784179688
2026-01-20 12:30:00,real_time_price,285.16,flat,126.36773681640625
2026-01-20 12:45:00,real_time_price,275.99,flat,131.4502410888672
2026-01-20 13:00:00,real_time_price,220.76,flat,132.77328491210938
2026-01-20 13:15:00,real_time_price,250.71,flat,149.02891540527344
2026-01-20 13:30:00,real_time_price,302.23,flat,173.07705688476562
2026-01-20 13:45:00,real_time_price,313.59,flat,213.220458984375
2026-01-20 14:00:00,real_time_price,317.32,peak,220.9752655029297
2026-01-20 14:15:00,real_time_price,309.78,peak,213.65753173828125
2026-01-20 14:30:00,real_time_price,257.32,peak,205.58584594726562
2026-01-20 14:45:00,real_time_price,275.16,peak,207.3663787841797
2026-01-20 15:00:00,real_time_price,253.94,peak,214.6693115234375
2026-01-20 15:15:00,real_time_price,266.84,peak,239.17489624023438
2026-01-20 15:30:00,real_time_price,271.11,peak,251.05101013183594
2026-01-20 15:45:00,real_time_price,278.64,peak,269.91143798828125
2026-01-20 16:00:00,real_time_price,279.48,peak,279.1595458984375
2026-01-20 16:15:00,real_time_price,285.05,peak,288.4216613769531
2026-01-20 16:30:00,real_time_price,290.89,peak,293.90496826171875
2026-01-20 16:45:00,real_time_price,305.95,peak,302.51129150390625
2026-01-20 17:00:00,real_time_price,360.16,peak,312.40191650390625
2026-01-20 17:15:00,real_time_price,354.2,peak,316.002685546875
2026-01-20 17:30:00,real_time_price,427.52,peak,323.1956481933594
2026-01-20 17:45:00,real_time_price,370.85,peak,325.6385498046875
2026-01-20 18:00:00,real_time_price,403.56,peak,329.4006652832031
2026-01-20 18:15:00,real_time_price,414.05,peak,333.0840148925781
2026-01-20 18:30:00,real_time_price,504.0,peak,337.1851806640625
2026-01-20 18:45:00,real_time_price,453.71,peak,337.0198059082031
2026-01-20 19:00:00,real_time_price,389.87,flat,339.42010498046875
2026-01-20 19:15:00,real_time_price,384.17,flat,338.1623840332031
2026-01-20 19:30:00,real_time_price,502.54,flat,342.58551025390625
2026-01-20 19:45:00,real_time_price,440.5,flat,342.27069091796875
2026-01-20 20:00:00,real_time_price,342.38,flat,341.3883361816406
2026-01-20 20:15:00,real_time_price,417.68,flat,341.5054016113281
2026-01-20 20:30:00,real_time_price,573.59,flat,345.2176513671875
2026-01-20 20:45:00,real_time_price,437.37,flat,347.07208251953125
2026-01-20 21:00:00,real_time_price,652.97,flat,350.04241943359375
2026-01-20 21:15:00,real_time_price,608.25,flat,346.3746032714844
2026-01-20 21:30:00,real_time_price,616.35,flat,342.5182800292969
2026-01-20 21:45:00,real_time_price,364.56,flat,339.3179626464844
2026-01-20 22:00:00,real_time_price,540.04,flat,335.0298156738281
2026-01-20 22:15:00,real_time_price,523.03,flat,328.40692138671875
2026-01-20 22:30:00,real_time_price,455.62,flat,320.7289123535156
2026-01-20 22:45:00,real_time_price,405.33,flat,317.5011291503906
2026-01-20 23:00:00,real_time_price,358.69,flat,311.0348205566406
2026-01-20 23:15:00,real_time_price,343.27,flat,306.27197265625
2026-01-20 23:30:00,real_time_price,341.61,flat,300.1791076660156
2026-01-20 23:45:00,real_time_price,342.89,flat,295.2725830078125
2026-01-21 00:00:00,real_time_price,337.16,valley,294.2980041503906
2026-01-21 00:15:00,real_time_price,289.45,valley,289.1028747558594
2026-01-21 00:30:00,real_time_price,330.18,valley,309.2314453125
2026-01-21 00:45:00,real_time_price,293.73,valley,305.7979736328125
2026-01-21 01:00:00,real_time_price,292.7,valley,303.9446105957031
2026-01-21 01:15:00,real_time_price,280.95,valley,299.53607177734375
2026-01-21 01:30:00,real_time_price,283.53,valley,296.76593017578125
2026-01-21 01:45:00,real_time_price,282.28,valley,295.564697265625
2026-01-21 02:00:00,real_time_price,274.11,valley,294.24896240234375
2026-01-21 02:15:00,real_time_price,275.47,valley,291.6800231933594
2026-01-21 02:30:00,real_time_price,275.51,valley,289.437744140625
2026-01-21 02:45:00,real_time_price,269.41,valley,287.8754577636719
2026-01-21 03:00:00,real_time_price,269.86,valley,284.7708435058594
2026-01-21 03:15:00,real_time_price,264.87,valley,282.2674865722656
2026-01-21 03:30:00,real_time_price,265.45,valley,279.63623046875
2026-01-21 03:45:00,real_time_price,259.34,valley,277.069091796875
2026-01-21 04:00:00,real_time_price,264.53,valley,278.1453857421875
2026-01-21 04:15:00,real_time_price,254.46,valley,275.9523010253906
2026-01-21 04:30:00,real_time_price,247.79,valley,276.04534912109375
2026-01-21 04:45:00,real_time_price,237.95,valley,275.19488525390625
2026-01-21 05:00:00,real_time_price,254.57,valley,274.120849609375
2026-01-21 05:15:00,real_time_price,252.84,valley,275.20123291015625
2026-01-21 05:30:00,real_time_price,283.87,valley,275.514892578125
2026-01-21 05:45:00,real_time_price,264.23,valley,275.62896728515625
2026-01-21 06:00:00,real_time_price,274.24,valley,275.4293212890625
2026-01-21 06:15:00,real_time_price,274.69,valley,279.137451171875
2026-01-21 06:30:00,real_time_price,287.27,valley,283.03668212890625
2026-01-21 06:45:00,real_time_price,293.35,valley,285.67730712890625
2026-01-21 07:00:00,real_time_price,285.33,valley,287.4961853027344
2026-01-21 07:15:00,real_time_price,239.62,valley,289.3485107421875
2026-01-21 07:30:00,real_time_price,307.35,valley,291.76593017578125
2026-01-21 07:45:00,real_time_price,292.54,valley,296.5056457519531
2026-01-21 08:00:00,real_time_price,300.33,flat,298.7940368652344
2026-01-21 08:15:00,real_time_price,311.38,flat,299.7445983886719
2026-01-21 08:30:00,real_time_price,314.37,flat,298.4821472167969
2026-01-21 08:45:00,real_time_price,331.72,flat,296.1175231933594
2026-01-21 09:00:00,real_time_price,342.59,flat,298.13067626953125
2026-01-21 09:15:00,real_time_price,348.0,flat,295.15435791015625
2026-01-21 09:30:00,real_time_price,494.72,flat,291.27032470703125
2026-01-21 09:45:00,real_time_price,501.02,flat,286.2091979980469
2026-01-21 10:00:00,real_time_price,370.06,peak,281.8248596191406
2026-01-21 10:15:00,real_time_price,588.0,peak,274.5669250488281
2026-01-21 10:30:00,real_time_price,283.57,peak,261.5949401855469
2026-01-21 10:45:00,real_time_price,321.78,peak,255.89869689941406
2026-01-21 11:00:00,real_time_price,364.15,peak,255.54563903808594
2026-01-21 11:15:00,real_time_price,374.4,peak,260.37548828125
2026-01-21 11:30:00,real_time_price,324.71,peak,260.6139831542969
2026-01-21 11:45:00,real_time_price,331.0,peak,246.9646453857422
2026-01-21 12:00:00,real_time_price,317.65,flat,225.3044891357422
2026-01-21 12:15:00,real_time_price,108.14,flat,126.84480285644531
2026-01-21 12:30:00,real_time_price,382.36,flat,141.8555908203125
2026-01-21 12:45:00,real_time_price,318.72,flat,145.1247100830078
2026-01-21 13:00:00,real_time_price,318.9,flat,146.40737915039062
2026-01-21 13:15:00,real_time_price,113.77,flat,162.94699096679688
2026-01-21 13:30:00,real_time_price,317.56,flat,189.44691467285156
2026-01-21 13:45:00,real_time_price,314.25,flat,225.03504943847656
2026-01-21 14:00:00,real_time_price,371.45,peak,234.8569793701172
2026-01-21 14:15:00,real_time_price,295.39,peak,226.10824584960938
2026-01-21 14:30:00,real_time_price,285.18,peak,218.8125
2026-01-21 14:45:00,real_time_price,291.77,peak,223.23486328125
2026-01-21 15:00:00,real_time_price,294.18,peak,227.2595672607422
2026-01-21 15:15:00,real_time_price,298.78,peak,250.21018981933594
2026-01-21 15:30:00,real_time_price,302.79,peak,259.2151794433594
2026-01-21 15:45:00,real_time_price,300.01,peak,272.6283874511719
2026-01-21 16:00:00,real_time_price,309.88,peak,280.4237365722656
2026-01-21 16:15:00,real_time_price,314.47,peak,288.05059814453125
2026-01-21 16:30:00,real_time_price,388.99,peak,293.92742919921875
2026-01-21 16:45:00,real_time_price,546.17,peak,298.70794677734375
2026-01-21 17:00:00,real_time_price,631.18,peak,304.7451171875
2026-01-21 17:15:00,real_time_price,479.51,peak,309.08270263671875
2026-01-21 17:30:00,real_time_price,616.71,peak,314.2566223144531
2026-01-21 17:45:00,real_time_price,597.75,peak,315.7679138183594
2026-01-21 18:00:00,real_time_price,774.67,peak,319.77392578125
2026-01-21 18:15:00,real_time_price,704.5,peak,322.6483154296875
2026-01-21 18:30:00,real_time_price,737.5,peak,327.0984802246094
2026-01-21 18:45:00,real_time_price,1197.72,peak,325.9685974121094
2026-01-21 19:00:00,real_time_price,865.8,flat,327.466552734375
2026-01-21 19:15:00,real_time_price,510.48,flat,327.0179138183594
2026-01-21 19:30:00,real_time_price,780.01,flat,329.8443908691406
2026-01-21 19:45:00,real_time_price,678.23,flat,330.3099060058594
2026-01-21 20:00:00,real_time_price,1200.53,flat,329.5848083496094
2026-01-21 20:15:00,real_time_price,764.11,flat,327.1214599609375
2026-01-21 20:30:00,real_time_price,1227.89,flat,330.2933654785156
2026-01-21 20:45:00,real_time_price,1048.77,flat,331.395751953125
2026-01-21 21:00:00,real_time_price,987.45,flat,335.2213439941406
2026-01-21 21:15:00,real_time_price,822.34,flat,333.362548828125
2026-01-21 21:30:00,real_time_price,962.17,flat,330.2880859375
2026-01-21 21:45:00,real_time_price,775.05,flat,327.59716796875
2026-01-21 22:00:00,real_time_price,685.0,flat,324.05267333984375
2026-01-21 22:15:00,real_time_price,1211.89,flat,318.8496398925781
2026-01-21 22:30:00,real_time_price,739.64,flat,313.9846496582031
2026-01-21 22:45:00,real_time_price,450.03,flat,310.9427185058594
2026-01-21 23:00:00,real_time_price,348.81,flat,306.185302734375
2026-01-21 23:15:00,real_time_price,318.55,flat,302.9288635253906
2026-01-21 23:30:00,real_time_price,316.55,flat,298.69342041015625
2026-01-21 23:45:00,real_time_price,298.3,flat,296.26153564453125
2026-01-22 00:00:00,real_time_price,291.77,valley,294.46124267578125
2026-01-22 00:15:00,real_time_price,287.69,valley,290.8851318359375
2026-01-22 00:30:00,real_time_price,219.09,valley,313.459228515625
2026-01-22 00:45:00,real_time_price,284.75,valley,305.7601623535156
2026-01-22 01:00:00,real_time_price,290.87,valley,300.1119079589844
2026-01-22 01:15:00,real_time_price,274.31,valley,296.5074157714844
2026-01-22 01:30:00,real_time_price,293.48,valley,291.2335205078125
2026-01-22 01:45:00,real_time_price,281.71,valley,288.30511474609375
2026-01-22 02:00:00,real_time_price,249.29,valley,285.9097595214844
2026-01-22 02:15:00,real_time_price,276.34,valley,283.98553466796875
2026-01-22 02:30:00,real_time_price,280.64,valley,279.2234191894531
2026-01-22 02:45:00,real_time_price,267.24,valley,275.6642761230469
2026-01-22 03:00:00,real_time_price,273.68,valley,272.36041259765625
2026-01-22 03:15:00,real_time_price,277.61,valley,270.5825500488281
2026-01-22 03:30:00,real_time_price,274.22,valley,266.94378662109375
2026-01-22 03:45:00,real_time_price,278.38,valley,265.96209716796875
2026-01-22 04:00:00,real_time_price,257.99,valley,266.51171875
2026-01-22 04:15:00,real_time_price,285.53,valley,261.3675231933594
2026-01-22 04:30:00,real_time_price,274.39,valley,259.8515319824219
2026-01-22 04:45:00,real_time_price,272.13,valley,257.31634521484375
2026-01-22 05:00:00,real_time_price,274.54,valley,260.11480712890625
2026-01-22 05:15:00,real_time_price,277.49,valley,264.03167724609375
2026-01-22 05:30:00,real_time_price,285.06,valley,267.65435791015625
2026-01-22 05:45:00,real_time_price,283.69,valley,269.95831298828125
2026-01-22 06:00:00,real_time_price,287.42,valley,271.879638671875
2026-01-22 06:15:00,real_time_price,288.85,valley,276.8921813964844
2026-01-22 06:30:00,real_time_price,286.56,valley,282.2500305175781
2026-01-22 06:45:00,real_time_price,289.41,valley,284.6270446777344
2026-01-22 07:00:00,real_time_price,292.35,valley,290.1512145996094
2026-01-22 07:15:00,real_time_price,376.3,valley,291.6746520996094
2026-01-22 07:30:00,real_time_price,386.63,valley,306.3740234375
2026-01-22 07:45:00,real_time_price,377.91,valley,312.3251953125
2026-01-22 08:00:00,real_time_price,229.3,flat,321.37469482421875
2026-01-22 08:15:00,real_time_price,288.25,flat,333.2455139160156
2026-01-22 08:30:00,real_time_price,299.65,flat,334.1903991699219
2026-01-22 08:45:00,real_time_price,286.32,flat,335.9097595214844
2026-01-22 09:00:00,real_time_price,301.09,flat,339.09649658203125
2026-01-22 09:15:00,real_time_price,512.37,flat,339.16729736328125
2026-01-22 09:30:00,real_time_price,714.97,flat,334.2822265625
2026-01-22 09:45:00,real_time_price,573.36,flat,327.5485534667969
2026-01-22 10:00:00,real_time_price,564.34,peak,312.058837890625
2026-01-22 10:15:00,real_time_price,497.95,peak,301.20831298828125
2026-01-22 10:30:00,real_time_price,473.75,peak,279.2968444824219
2026-01-22 10:45:00,real_time_price,389.01,peak,267.0532531738281
2026-01-22 11:00:00,real_time_price,485.22,peak,261.8487548828125
2026-01-22 11:15:00,real_time_price,477.32,peak,262.6739196777344
2026-01-22 11:30:00,real_time_price,759.9,peak,257.889892578125
2026-01-22 11:45:00,real_time_price,637.44,peak,248.76287841796875
2026-01-22 12:00:00,real_time_price,429.98,flat,238.86904907226562
2026-01-22 12:15:00,real_time_price,324.53,flat,144.81845092773438
2026-01-22 12:30:00,real_time_price,305.87,flat,162.5738983154297
2026-01-22 12:45:00,real_time_price,272.48,flat,159.0145263671875
2026-01-22 13:00:00,real_time_price,265.94,flat,155.13897705078125
2026-01-22 13:15:00,real_time_price,292.67,flat,160.389892578125
2026-01-22 13:30:00,real_time_price,289.02,flat,189.91943359375
2026-01-22 13:45:00,real_time_price,274.55,flat,227.2966766357422
2026-01-22 14:00:00,real_time_price,291.02,peak,237.26239013671875
2026-01-22 14:15:00,real_time_price,297.19,peak,224.85743713378906
2026-01-22 14:30:00,real_time_price,298.99,peak,211.81822204589844
2026-01-22 14:45:00,real_time_price,294.5,peak,215.33250427246094
2026-01-22 15:00:00,real_time_price,363.66,peak,226.087646484375
2026-01-22 15:15:00,real_time_price,314.89,peak,241.31777954101562
2026-01-22 15:30:00,real_time_price,315.48,peak,252.0336456298828
2026-01-22 15:45:00,real_time_price,311.08,peak,269.9910888671875
2026-01-22 16:00:00,real_time_price,284.98,peak,284.9990234375
2026-01-22 16:15:00,real_time_price,320.3,peak,297.1136169433594
2026-01-22 16:30:00,real_time_price,360.47,peak,315.4283752441406
2026-01-22 16:45:00,real_time_price,349.04,peak,347.6314392089844
2026-01-22 17:00:00,real_time_price,419.79,peak,380.2579345703125
2026-01-22 17:15:00,real_time_price,547.69,peak,383.8612060546875
2026-01-22 17:30:00,real_time_price,558.51,peak,406.8368225097656
2026-01-22 17:45:00,real_time_price,406.01,peak,412.55572509765625
2026-01-22 18:00:00,real_time_price,632.08,peak,431.79833984375
2026-01-22 18:15:00,real_time_price,540.94,peak,448.4482421875
2026-01-22 18:30:00,real_time_price,474.66,peak,464.84466552734375
2026-01-22 18:45:00,real_time_price,493.93,peak,475.3739929199219
2026-01-22 19:00:00,real_time_price,555.67,flat,476.811279296875
2026-01-22 19:15:00,real_time_price,649.31,flat,458.38189697265625
2026-01-22 19:30:00,real_time_price,749.21,flat,473.9427490234375
2026-01-22 19:45:00,real_time_price,800.58,flat,471.1656188964844
2026-01-22 20:00:00,real_time_price,782.18,flat,467.6619567871094
2026-01-22 20:15:00,real_time_price,668.59,flat,479.94232177734375
2026-01-22 20:30:00,real_time_price,823.12,flat,493.5574951171875
2026-01-22 20:45:00,real_time_price,585.83,flat,505.53448486328125
2026-01-22 21:00:00,real_time_price,783.9,flat,513.4458618164062
2026-01-22 21:15:00,real_time_price,770.89,flat,498.4593200683594
2026-01-22 21:30:00,real_time_price,631.35,flat,486.8758544921875
2026-01-22 21:45:00,real_time_price,597.28,flat,452.1221008300781
2026-01-22 22:00:00,real_time_price,658.01,flat,432.0408020019531
2026-01-22 22:15:00,real_time_price,548.65,flat,410.90582275390625
2026-01-22 22:30:00,real_time_price,497.36,flat,378.107666015625
2026-01-22 22:45:00,real_time_price,499.79,flat,356.5392761230469
2026-01-22 23:00:00,real_time_price,373.04,flat,338.0238952636719
2026-01-22 23:15:00,real_time_price,322.0,flat,325.4078369140625
2026-01-22 23:30:00,real_time_price,311.13,flat,313.8443603515625
2026-01-22 23:45:00,real_time_price,297.15,flat,305.061279296875
2026-01-23 00:00:00,real_time_price,287.04,valley,297.02960205078125
2026-01-23 00:15:00,real_time_price,290.0,valley,295.43267822265625
2026-01-23 00:30:00,real_time_price,386.88,valley,313.8861389160156
2026-01-23 00:45:00,real_time_price,326.12,valley,311.2123107910156
2026-01-23 01:00:00,real_time_price,353.17,valley,306.04998779296875
2026-01-23 01:15:00,real_time_price,399.55,valley,299.7590637207031
2026-01-23 01:30:00,real_time_price,324.51,valley,296.2103271484375
2026-01-23 01:45:00,real_time_price,318.43,valley,292.63909912109375
2026-01-23 02:00:00,real_time_price,343.7,valley,290.6560363769531
2026-01-23 02:15:00,real_time_price,328.9,valley,289.5438232421875
2026-01-23 02:30:00,real_time_price,323.28,valley,285.81500244140625
2026-01-23 02:45:00,real_time_price,336.29,valley,283.27764892578125
2026-01-23 03:00:00,real_time_price,317.74,valley,280.8916015625
2026-01-23 03:15:00,real_time_price,322.32,valley,279.22021484375
2026-01-23 03:30:00,real_time_price,297.75,valley,276.65008544921875
2026-01-23 03:45:00,real_time_price,309.71,valley,273.53729248046875
2026-01-23 04:00:00,real_time_price,306.72,valley,271.75836181640625
2026-01-23 04:15:00,real_time_price,304.37,valley,273.66650390625
2026-01-23 04:30:00,real_time_price,289.6,valley,272.659423828125
2026-01-23 04:45:00,real_time_price,289.4,valley,270.9095458984375
2026-01-23 05:00:00,real_time_price,284.65,valley,269.59112548828125
2026-01-23 05:15:00,real_time_price,286.78,valley,273.3443298339844
2026-01-23 05:30:00,real_time_price,289.5,valley,274.1565856933594
2026-01-23 05:45:00,real_time_price,289.51,valley,276.3804931640625
2026-01-23 06:00:00,real_time_price,291.66,valley,279.83367919921875
2026-01-23 06:15:00,real_time_price,289.6,valley,286.60809326171875
2026-01-23 06:30:00,real_time_price,304.53,valley,293.9934387207031
2026-01-23 06:45:00,real_time_price,310.66,valley,299.9983825683594
2026-01-23 07:00:00,real_time_price,313.65,valley,304.2439880371094
2026-01-23 07:15:00,real_time_price,314.59,valley,310.6889953613281
2026-01-23 07:30:00,real_time_price,317.61,valley,318.19036865234375
2026-01-23 07:45:00,real_time_price,365.53,valley,325.990966796875
2026-01-23 08:00:00,real_time_price,440.73,flat,331.4800720214844
2026-01-23 08:15:00,real_time_price,505.12,flat,330.9483642578125
2026-01-23 08:30:00,real_time_price,670.4,flat,334.0387268066406
2026-01-23 08:45:00,real_time_price,678.17,flat,331.2770690917969
2026-01-23 09:00:00,real_time_price,753.71,flat,334.2467956542969
2026-01-23 09:15:00,real_time_price,613.69,flat,330.1005554199219
2026-01-23 09:30:00,real_time_price,834.89,flat,324.167236328125
2026-01-23 09:45:00,real_time_price,1377.21,flat,316.39605712890625
2026-01-23 10:00:00,real_time_price,761.67,peak,305.5323486328125
2026-01-23 10:15:00,real_time_price,691.45,peak,293.9229431152344
2026-01-23 10:30:00,real_time_price,510.49,peak,278.6184997558594
2026-01-23 10:45:00,real_time_price,623.31,peak,266.3563537597656
2026-01-23 11:00:00,real_time_price,577.56,peak,259.0933837890625
2026-01-23 11:15:00,real_time_price,393.12,peak,260.27362060546875
2026-01-23 11:30:00,real_time_price,504.41,peak,252.75270080566406
2026-01-23 11:45:00,real_time_price,479.0,peak,243.88446044921875
2026-01-23 12:00:00,real_time_price,411.53,flat,236.3172149658203
2026-01-23 12:15:00,real_time_price,275.3,flat,150.77804565429688
2026-01-23 12:30:00,real_time_price,310.36,flat,169.63461303710938
2026-01-23 12:45:00,real_time_price,305.13,flat,162.46742248535156
2026-01-23 13:00:00,real_time_price,258.21,flat,157.7936248779297
2026-01-23 13:15:00,real_time_price,325.61,flat,163.64251708984375
2026-01-23 13:30:00,real_time_price,318.84,flat,193.9687042236328
2026-01-23 13:45:00,real_time_price,320.59,flat,227.6282196044922
2026-01-23 14:00:00,real_time_price,337.92,peak,236.76113891601562
2026-01-23 14:15:00,real_time_price,322.94,peak,228.22561645507812
2026-01-23 14:30:00,real_time_price,285.04,peak,214.64468383789062
2026-01-23 14:45:00,real_time_price,300.11,peak,215.6963348388672
2026-01-23 15:00:00,real_time_price,305.0,peak,222.91600036621094
2026-01-23 15:15:00,real_time_price,302.2,peak,237.41641235351562
2026-01-23 15:30:00,real_time_price,299.7,peak,249.85772705078125
2026-01-23 15:45:00,real_time_price,289.49,peak,265.43621826171875
2026-01-23 16:00:00,real_time_price,289.64,peak,279.0915832519531
2026-01-23 16:15:00,real_time_price,299.09,peak,285.47955322265625
2026-01-23 16:30:00,real_time_price,324.11,peak,303.38714599609375
2026-01-23 16:45:00,real_time_price,319.61,peak,325.3592529296875
2026-01-23 17:00:00,real_time_price,349.46,peak,357.0231628417969
2026-01-23 17:15:00,real_time_price,340.94,peak,359.46435546875
2026-01-23 17:30:00,real_time_price,333.35,peak,376.6835021972656
2026-01-23 17:45:00,real_time_price,322.88,peak,376.41436767578125
2026-01-23 18:00:00,real_time_price,379.25,peak,387.25421142578125
2026-01-23 18:15:00,real_time_price,357.49,peak,400.58624267578125
2026-01-23 18:30:00,real_time_price,375.01,peak,407.353515625
2026-01-23 18:45:00,real_time_price,451.09,peak,412.54693603515625
2026-01-23 19:00:00,real_time_price,388.69,flat,414.37823486328125
2026-01-23 19:15:00,real_time_price,388.93,flat,403.39361572265625
2026-01-23 19:30:00,real_time_price,384.75,flat,414.82391357421875
2026-01-23 19:45:00,real_time_price,350.38,flat,410.2786560058594
2026-01-23 20:00:00,real_time_price,433.07,flat,405.1614990234375
2026-01-23 20:15:00,real_time_price,324.45,flat,405.3870544433594
2026-01-23 20:30:00,real_time_price,371.22,flat,411.9759216308594
2026-01-23 20:45:00,real_time_price,372.51,flat,416.7872009277344
2026-01-23 21:00:00,real_time_price,333.82,flat,418.3643798828125
2026-01-23 21:15:00,real_time_price,324.37,flat,414.14898681640625
2026-01-23 21:30:00,real_time_price,508.9,flat,410.7535400390625
2026-01-23 21:45:00,real_time_price,313.83,flat,393.3930969238281
2026-01-23 22:00:00,real_time_price,317.32,flat,385.15106201171875
2026-01-23 22:15:00,real_time_price,302.03,flat,372.3330993652344
2026-01-23 22:30:00,real_time_price,328.92,flat,350.56903076171875
2026-01-23 22:45:00,real_time_price,329.79,flat,337.92108154296875
2026-01-23 23:00:00,real_time_price,316.85,flat,325.4510803222656
2026-01-23 23:15:00,real_time_price,318.81,flat,316.36083984375
2026-01-23 23:30:00,real_time_price,313.83,flat,307.647705078125
2026-01-23 23:45:00,real_time_price,310.85,flat,300.4332275390625
2026-01-24 00:00:00,real_time_price,288.92,valley,296.73773193359375
2026-01-24 00:15:00,real_time_price,319.15,valley,291.87353515625
2026-01-24 00:30:00,real_time_price,480.02,valley,319.340576171875
2026-01-24 00:45:00,real_time_price,364.99,valley,313.60052490234375
2026-01-24 01:00:00,real_time_price,463.49,valley,308.2198791503906
2026-01-24 01:15:00,real_time_price,494.28,valley,305.9905090332031
2026-01-24 01:30:00,real_time_price,324.12,valley,302.5877380371094
2026-01-24 01:45:00,real_time_price,338.6,valley,298.5665283203125
2026-01-24 02:00:00,real_time_price,324.32,valley,299.9736022949219
2026-01-24 02:15:00,real_time_price,349.95,valley,297.6354675292969
2026-01-24 02:30:00,real_time_price,323.68,valley,293.5070495605469
2026-01-24 02:45:00,real_time_price,332.63,valley,292.1310729980469
2026-01-24 03:00:00,real_time_price,319.51,valley,288.2993469238281
2026-01-24 03:15:00,real_time_price,322.46,valley,286.88323974609375
2026-01-24 03:30:00,real_time_price,309.71,valley,283.8695068359375
2026-01-24 03:45:00,real_time_price,318.41,valley,282.0731201171875
2026-01-24 04:00:00,real_time_price,313.87,valley,281.4692077636719
2026-01-24 04:15:00,real_time_price,318.51,valley,280.7856750488281
2026-01-24 04:30:00,real_time_price,318.51,valley,279.43048095703125
2026-01-24 04:45:00,real_time_price,318.39,valley,276.92608642578125
2026-01-24 05:00:00,real_time_price,318.48,valley,276.9761047363281
2026-01-24 05:15:00,real_time_price,323.71,valley,278.7317199707031
2026-01-24 05:30:00,real_time_price,309.15,valley,279.81451416015625
2026-01-24 05:45:00,real_time_price,315.61,valley,281.30474853515625
2026-01-24 06:00:00,real_time_price,317.9,valley,283.32659912109375
2026-01-24 06:15:00,real_time_price,319.66,valley,287.3013916015625
2026-01-24 06:30:00,real_time_price,326.06,valley,292.4625244140625
2026-01-24 06:45:00,real_time_price,326.45,valley,297.40185546875
2026-01-24 07:00:00,real_time_price,343.86,valley,301.42657470703125
2026-01-24 07:15:00,real_time_price,323.19,valley,305.2132873535156
2026-01-24 07:30:00,real_time_price,328.17,valley,311.126953125
2026-01-24 07:45:00,real_time_price,337.28,valley,315.67431640625
2026-01-24 08:00:00,real_time_price,348.3,flat,320.84478759765625
2026-01-24 08:15:00,real_time_price,478.05,flat,323.3840637207031
2026-01-24 08:30:00,real_time_price,497.21,flat,323.90142822265625
2026-01-24 08:45:00,real_time_price,442.5,flat,319.5802307128906
2026-01-24 09:00:00,real_time_price,565.76,flat,319.8948059082031
2026-01-24 09:15:00,real_time_price,629.41,flat,315.0645446777344
2026-01-24 09:30:00,real_time_price,278.65,flat,308.9535217285156
2026-01-24 09:45:00,real_time_price,387.15,flat,301.25238037109375
2026-01-24 10:00:00,real_time_price,431.43,peak,291.6335754394531
2026-01-24 10:15:00,real_time_price,454.61,peak,281.7707824707031
2026-01-24 10:30:00,real_time_price,340.03,peak,266.6261901855469
2026-01-24 10:45:00,real_time_price,348.85,peak,254.93435668945312
2026-01-24 11:00:00,real_time_price,302.96,peak,250.5275421142578
2026-01-24 11:15:00,real_time_price,300.91,peak,253.50482177734375
2026-01-24 11:30:00,real_time_price,282.67,peak,248.60406494140625
2026-01-24 11:45:00,real_time_price,296.67,peak,237.8538055419922
2026-01-24 12:00:00,real_time_price,279.48,flat,228.06170654296875
2026-01-24 12:15:00,real_time_price,240.48,flat,120.8572998046875
2026-01-24 12:30:00,real_time_price,268.48,flat,148.09255981445312
2026-01-24 12:45:00,real_time_price,260.58,flat,139.22213745117188
2026-01-24 13:00:00,real_time_price,266.32,flat,133.09722900390625
2026-01-24 13:15:00,real_time_price,263.16,flat,139.04718017578125
2026-01-24 13:30:00,real_time_price,266.88,flat,172.70632934570312
2026-01-24 13:45:00,real_time_price,270.19,flat,213.88992309570312
2026-01-24 14:00:00,real_time_price,271.34,peak,222.0432586669922
2026-01-24 14:15:00,real_time_price,262.59,peak,212.02359008789062
2026-01-24 14:30:00,real_time_price,253.59,peak,194.08856201171875
2026-01-24 14:45:00,real_time_price,249.71,peak,193.8622589111328
2026-01-24 15:00:00,real_time_price,251.88,peak,203.88540649414062
2026-01-24 15:15:00,real_time_price,247.51,peak,217.46649169921875
2026-01-24 15:30:00,real_time_price,265.63,peak,232.0093994140625
2026-01-24 15:45:00,real_time_price,259.7,peak,257.56744384765625
2026-01-24 16:00:00,real_time_price,266.65,peak,272.90887451171875
2026-01-24 16:15:00,real_time_price,272.69,peak,282.7848815917969
2026-01-24 16:30:00,real_time_price,277.85,peak,297.54315185546875
2026-01-24 16:45:00,real_time_price,282.4,peak,314.96868896484375
2026-01-24 17:00:00,real_time_price,287.02,peak,337.56134033203125
2026-01-24 17:15:00,real_time_price,288.71,peak,341.58837890625
2026-01-24 17:30:00,real_time_price,283.06,peak,353.06744384765625
2026-01-24 17:45:00,real_time_price,283.5,peak,353.1627197265625
2026-01-24 18:00:00,real_time_price,290.68,peak,359.5549011230469
2026-01-24 18:15:00,real_time_price,294.02,peak,366.08880615234375
2026-01-24 18:30:00,real_time_price,304.25,peak,371.5933837890625
2026-01-24 18:45:00,real_time_price,303.19,peak,372.1155090332031
2026-01-24 19:00:00,real_time_price,315.42,flat,373.29736328125
2026-01-24 19:15:00,real_time_price,291.17,flat,367.0606689453125
2026-01-24 19:30:00,real_time_price,298.21,flat,375.83935546875
2026-01-24 19:45:00,real_time_price,310.63,flat,373.7872314453125
2026-01-24 20:00:00,real_time_price,308.67,flat,370.1827087402344
2026-01-24 20:15:00,real_time_price,389.85,flat,382.2027893066406
2026-01-24 20:30:00,real_time_price,297.98,flat,386.837890625
2026-01-24 20:45:00,real_time_price,314.63,flat,389.9229736328125
2026-01-24 21:00:00,real_time_price,311.92,flat,392.9012756347656
2026-01-24 21:15:00,real_time_price,317.07,flat,387.5599365234375
2026-01-24 21:30:00,real_time_price,321.49,flat,384.47149658203125
2026-01-24 21:45:00,real_time_price,319.01,flat,373.35406494140625
2026-01-24 22:00:00,real_time_price,327.51,flat,364.38226318359375
2026-01-24 22:15:00,real_time_price,370.21,flat,355.50885009765625
2026-01-24 22:30:00,real_time_price,397.66,flat,336.7796630859375
2026-01-24 22:45:00,real_time_price,397.99,flat,328.64849853515625
2026-01-24 23:00:00,real_time_price,364.7,flat,317.79522705078125
2026-01-24 23:15:00,real_time_price,341.47,flat,310.2104797363281
2026-01-24 23:30:00,real_time_price,324.77,flat,301.2186279296875
2026-01-24 23:45:00,real_time_price,298.33,flat,294.9072570800781
2026-01-25 00:00:00,real_time_price,298.55,valley,292.43731689453125
2026-01-25 00:15:00,real_time_price,265.39,valley,288.08599853515625
2026-01-25 00:30:00,real_time_price,386.61,valley,323.22998046875
2026-01-25 00:45:00,real_time_price,331.61,valley,316.08831787109375
2026-01-25 01:00:00,real_time_price,315.73,valley,308.5809326171875
2026-01-25 01:15:00,real_time_price,328.03,valley,305.6540222167969
2026-01-25 01:30:00,real_time_price,318.31,valley,300.07354736328125
2026-01-25 01:45:00,real_time_price,308.44,valley,295.7661437988281
2026-01-25 02:00:00,real_time_price,313.13,valley,297.2735290527344
2026-01-25 02:15:00,real_time_price,312.47,valley,293.9840393066406
2026-01-25 02:30:00,real_time_price,314.34,valley,289.9695129394531
2026-01-25 02:45:00,real_time_price,306.43,valley,287.7190856933594
2026-01-25 03:00:00,real_time_price,306.44,valley,284.93353271484375
2026-01-25 03:15:00,real_time_price,286.85,valley,283.5863342285156
2026-01-25 03:30:00,real_time_price,289.86,valley,279.2579650878906
2026-01-25 03:45:00,real_time_price,283.88,valley,279.1582336425781
2026-01-25 04:00:00,real_time_price,294.68,valley,278.754638671875
2026-01-25 04:15:00,real_time_price,289.8,valley,280.09222412109375
2026-01-25 04:30:00,real_time_price,301.57,valley,278.75823974609375
2026-01-25 04:45:00,real_time_price,274.11,valley,276.26446533203125
2026-01-25 05:00:00,real_time_price,276.93,valley,276.30657958984375
2026-01-25 05:15:00,real_time_price,278.99,valley,278.245849609375
2026-01-25 05:30:00,real_time_price,278.24,valley,279.017333984375
2026-01-25 05:45:00,real_time_price,279.87,valley,280.5555114746094
2026-01-25 06:00:00,real_time_price,274.85,valley,283.0487976074219
2026-01-25 06:15:00,real_time_price,274.82,valley,287.5045471191406
2026-01-25 06:30:00,real_time_price,274.71,valley,293.3642272949219
2026-01-25 06:45:00,real_time_price,274.85,valley,298.8975830078125
2026-01-25 07:00:00,real_time_price,279.84,valley,303.2312927246094
2026-01-25 07:15:00,real_time_price,274.89,valley,307.4256896972656
2026-01-25 07:30:00,real_time_price,269.99,valley,313.8775939941406
2026-01-25 07:45:00,real_time_price,274.98,valley,318.8152160644531
2026-01-25 08:00:00,real_time_price,280.2,flat,323.3023681640625
2026-01-25 08:15:00,real_time_price,296.48,flat,335.44622802734375
2026-01-25 08:30:00,real_time_price,320.38,flat,335.407958984375
2026-01-25 08:45:00,real_time_price,289.24,flat,330.8824157714844
2026-01-25 09:00:00,real_time_price,285.35,flat,330.52423095703125
2026-01-25 09:15:00,real_time_price,354.04,flat,325.7603454589844
2026-01-25 09:30:00,real_time_price,445.01,flat,318.5663757324219
2026-01-25 09:45:00,real_time_price,373.19,flat,309.6792907714844
2026-01-25 10:00:00,real_time_price,287.85,peak,298.4952087402344
2026-01-25 10:15:00,real_time_price,277.18,peak,287.3675231933594
2026-01-25 10:30:00,real_time_price,268.62,peak,273.39874267578125
2026-01-25 10:45:00,real_time_price,277.09,peak,263.1517333984375
2026-01-25 11:00:00,real_time_price,276.95,peak,258.5856018066406
2026-01-25 11:15:00,real_time_price,259.54,peak,260.9753723144531
2026-01-25 11:30:00,real_time_price,271.57,peak,256.1444091796875
2026-01-25 11:45:00,real_time_price,193.94,peak,245.71412658691406
2026-01-25 12:00:00,real_time_price,263.87,flat,235.27931213378906
2026-01-25 12:15:00,real_time_price,42.72,flat,125.09677124023438
2026-01-25 12:30:00,real_time_price,249.26,flat,146.7841796875
2026-01-25 12:45:00,real_time_price,144.69,flat,143.37652587890625
2026-01-25 13:00:00,real_time_price,145.27,flat,136.80140686035156
2026-01-25 13:15:00,real_time_price,145.27,flat,143.93511962890625
2026-01-25 13:30:00,real_time_price,188.34,flat,177.68174743652344
2026-01-25 13:45:00,real_time_price,201.15,flat,220.97268676757812
2026-01-25 14:00:00,real_time_price,198.37,peak,232.9310302734375
2026-01-25 14:15:00,real_time_price,230.11,peak,210.68603515625
2026-01-25 14:30:00,real_time_price,174.86,peak,193.75234985351562
2026-01-25 14:45:00,real_time_price,229.8,peak,199.8228759765625
2026-01-25 15:00:00,real_time_price,194.11,peak,214.07579040527344
2026-01-25 15:15:00,real_time_price,197.23,peak,227.72756958007812
2026-01-25 15:30:00,real_time_price,243.88,peak,241.03939819335938
2026-01-25 15:45:00,real_time_price,271.34,peak,267.83843994140625
2026-01-25 16:00:00,real_time_price,268.48,peak,285.2649841308594
2026-01-25 16:15:00,real_time_price,273.62,peak,287.1501159667969
2026-01-25 16:30:00,real_time_price,285.2,peak,301.6968688964844
2026-01-25 16:45:00,real_time_price,312.3,peak,322.4290771484375
2026-01-25 17:00:00,real_time_price,333.44,peak,348.0643005371094
2026-01-25 17:15:00,real_time_price,149.29,peak,355.027099609375
2026-01-25 17:30:00,real_time_price,373.57,peak,373.22540283203125
2026-01-25 17:45:00,real_time_price,309.19,peak,374.2641906738281
2026-01-25 18:00:00,real_time_price,370.79,peak,384.525146484375
2026-01-25 18:15:00,real_time_price,320.97,peak,397.3301696777344
2026-01-25 18:30:00,real_time_price,359.67,peak,406.1510009765625
2026-01-25 18:45:00,real_time_price,359.28,peak,413.5369873046875
2026-01-25 19:00:00,real_time_price,319.64,flat,418.7079772949219
2026-01-25 19:15:00,real_time_price,324.61,flat,412.07733154296875
2026-01-25 19:30:00,real_time_price,324.63,flat,421.8714599609375
2026-01-25 19:45:00,real_time_price,317.0,flat,417.0659484863281
2026-01-25 20:00:00,real_time_price,328.75,flat,413.62603759765625
2026-01-25 20:15:00,real_time_price,329.5,flat,435.11199951171875
2026-01-25 20:30:00,real_time_price,375.98,flat,442.422119140625
2026-01-25 20:45:00,real_time_price,409.5,flat,448.97064208984375
2026-01-25 21:00:00,real_time_price,350.79,flat,449.8778076171875
2026-01-25 21:15:00,real_time_price,384.45,flat,439.81158447265625
2026-01-25 21:30:00,real_time_price,382.12,flat,434.920166015625
2026-01-25 21:45:00,real_time_price,379.52,flat,411.98846435546875
2026-01-25 22:00:00,real_time_price,435.64,flat,402.4088439941406
2026-01-25 22:15:00,real_time_price,417.04,flat,386.9820556640625
2026-01-25 22:30:00,real_time_price,365.37,flat,360.0889892578125
2026-01-25 22:45:00,real_time_price,449.36,flat,345.03271484375
2026-01-25 23:00:00,real_time_price,330.07,flat,329.4543151855469
2026-01-25 23:15:00,real_time_price,322.88,flat,317.90374755859375
2026-01-25 23:30:00,real_time_price,291.51,flat,310.0249938964844
2026-01-25 23:45:00,real_time_price,316.25,flat,303.1624450683594
2026-01-26 00:00:00,real_time_price,285.48,valley,299.075439453125
2026-01-26 00:15:00,real_time_price,282.6,valley,291.53973388671875
2026-01-26 00:30:00,real_time_price,358.28,valley,324.0921325683594
2026-01-26 00:45:00,real_time_price,309.08,valley,315.3106689453125
2026-01-26 01:00:00,real_time_price,309.37,valley,308.0849609375
2026-01-26 01:15:00,real_time_price,301.45,valley,303.8836669921875
2026-01-26 01:30:00,real_time_price,299.05,valley,298.5328674316406
2026-01-26 01:45:00,real_time_price,291.76,valley,293.684326171875
2026-01-26 02:00:00,real_time_price,307.08,valley,293.7652587890625
2026-01-26 02:15:00,real_time_price,289.71,valley,291.823486328125
2026-01-26 02:30:00,real_time_price,294.73,valley,288.4558410644531
2026-01-26 02:45:00,real_time_price,279.69,valley,286.1905517578125
2026-01-26 03:00:00,real_time_price,285.34,valley,283.4397277832031
2026-01-26 03:15:00,real_time_price,286.36,valley,282.2624206542969
2026-01-26 03:30:00,real_time_price,299.33,valley,278.6871032714844
2026-01-26 03:45:00,real_time_price,283.93,valley,278.70635986328125
2026-01-26 04:00:00,real_time_price,284.87,valley,277.5120544433594
2026-01-26 04:15:00,real_time_price,284.93,valley,277.3791809082031
2026-01-26 04:30:00,real_time_price,291.84,valley,275.5937805175781
2026-01-26 04:45:00,real_time_price,280.0,valley,272.6918029785156
2026-01-26 05:00:00,real_time_price,300.76,valley,273.00469970703125
2026-01-26 05:15:00,real_time_price,279.93,valley,274.55755615234375
2026-01-26 05:30:00,real_time_price,290.35,valley,275.2277526855469
2026-01-26 05:45:00,real_time_price,286.87,valley,276.0926513671875
2026-01-26 06:00:00,real_time_price,297.44,valley,278.2078857421875
2026-01-26 06:15:00,real_time_price,290.23,valley,281.5345764160156
2026-01-26 06:30:00,real_time_price,316.21,valley,286.1878356933594
2026-01-26 06:45:00,real_time_price,289.91,valley,290.5578918457031
2026-01-26 07:00:00,real_time_price,311.96,valley,293.9605407714844
2026-01-26 07:15:00,real_time_price,329.53,valley,297.147216796875
2026-01-26 07:30:00,real_time_price,315.57,valley,301.26177978515625
2026-01-26 07:45:00,real_time_price,310.77,valley,307.0482482910156
2026-01-26 08:00:00,real_time_price,316.49,flat,311.22979736328125
2026-01-26 08:15:00,real_time_price,336.95,flat,321.0257568359375
2026-01-26 08:30:00,real_time_price,379.93,flat,321.3270568847656
2026-01-26 08:45:00,real_time_price,320.04,flat,317.6584777832031
2026-01-26 09:00:00,real_time_price,288.86,flat,320.5269775390625
2026-01-26 09:15:00,real_time_price,322.61,flat,318.26165771484375
2026-01-26 09:30:00,real_time_price,418.88,flat,312.3365783691406
2026-01-26 09:45:00,real_time_price,302.56,flat,304.43682861328125
2026-01-26 10:00:00,real_time_price,308.66,peak,295.8893737792969
2026-01-26 10:15:00,real_time_price,276.27,peak,284.88970947265625
2026-01-26 10:30:00,real_time_price,288.61,peak,268.6626281738281
2026-01-26 10:45:00,real_time_price,277.94,peak,256.59246826171875
2026-01-26 11:00:00,real_time_price,259.85,peak,253.08575439453125
2026-01-26 11:15:00,real_time_price,273.26,peak,257.6526794433594
2026-01-26 11:30:00,real_time_price,217.01,peak,253.72618103027344
2026-01-26 11:45:00,real_time_price,286.72,peak,241.25607299804688
2026-01-26 12:00:00,real_time_price,271.9,flat,229.36375427246094
2026-01-26 12:15:00,real_time_price,133.41,flat,120.08535766601562
2026-01-26 12:30:00,real_time_price,263.75,flat,136.68914794921875
2026-01-26 12:45:00,real_time_price,243.53,flat,133.83526611328125
2026-01-26 13:00:00,real_time_price,224.58,flat,127.45468139648438
2026-01-26 13:15:00,real_time_price,265.56,flat,129.1138153076172
2026-01-26 13:30:00,real_time_price,198.77,flat,161.9636993408203
2026-01-26 13:45:00,real_time_price,260.91,flat,210.78939819335938
2026-01-26 14:00:00,real_time_price,277.81,peak,221.63009643554688
2026-01-26 14:15:00,real_time_price,254.15,peak,205.86346435546875
2026-01-26 14:30:00,real_time_price,264.22,peak,192.29714965820312
2026-01-26 14:45:00,real_time_price,218.19,peak,197.36944580078125
2026-01-26 15:00:00,real_time_price,269.47,peak,206.48748779296875
2026-01-26 15:15:00,real_time_price,229.7,peak,222.56228637695312
2026-01-26 15:30:00,real_time_price,220.92,peak,236.7090301513672
2026-01-26 15:45:00,real_time_price,232.86,peak,263.6145935058594
2026-01-26 16:00:00,real_time_price,219.88,peak,278.1744384765625
2026-01-26 16:15:00,real_time_price,268.23,peak,286.6438293457031
2026-01-26 16:30:00,real_time_price,268.26,peak,298.744140625
2026-01-26 16:45:00,real_time_price,226.84,peak,313.77587890625
2026-01-26 17:00:00,real_time_price,278.7,peak,339.02728271484375
2026-01-26 17:15:00,real_time_price,290.0,peak,341.8193359375
2026-01-26 17:30:00,real_time_price,295.05,peak,354.40606689453125
2026-01-26 17:45:00,real_time_price,288.1,peak,353.4996337890625
2026-01-26 18:00:00,real_time_price,300.0,peak,362.1798095703125
2026-01-26 18:15:00,real_time_price,302.5,peak,370.688720703125
2026-01-26 18:30:00,real_time_price,309.99,peak,376.2657470703125
2026-01-26 18:45:00,real_time_price,303.13,peak,380.16217041015625
2026-01-26 19:00:00,real_time_price,307.66,flat,380.547119140625
2026-01-26 19:15:00,real_time_price,295.28,flat,374.8133239746094
2026-01-26 19:30:00,real_time_price,282.44,flat,382.7498779296875
2026-01-26 19:45:00,real_time_price,282.62,flat,379.0673522949219
2026-01-26 20:00:00,real_time_price,275.87,flat,375.520751953125
2026-01-26 20:15:00,real_time_price,294.3,flat,389.4801940917969
2026-01-26 20:30:00,real_time_price,297.89,flat,394.90826416015625
2026-01-26 20:45:00,real_time_price,290.42,flat,396.6717224121094
2026-01-26 21:00:00,real_time_price,298.64,flat,398.0857238769531
2026-01-26 21:15:00,real_time_price,297.79,flat,391.49859619140625
2026-01-26 21:30:00,real_time_price,312.03,flat,387.84423828125
2026-01-26 21:45:00,real_time_price,300.9,flat,375.49139404296875
2026-01-26 22:00:00,real_time_price,310.0,flat,367.54705810546875
2026-01-26 22:15:00,real_time_price,320.0,flat,359.18963623046875
2026-01-26 22:30:00,real_time_price,320.0,flat,340.56707763671875
2026-01-26 22:45:00,real_time_price,325.1,flat,332.25018310546875
2026-01-26 23:00:00,real_time_price,325.1,flat,322.90960693359375
2026-01-26 23:15:00,real_time_price,325.11,flat,312.84368896484375
2026-01-26 23:30:00,real_time_price,319.14,flat,302.50213623046875
2026-01-26 23:45:00,real_time_price,307.57,flat,295.5209655761719
2026-01-27 00:00:00,real_time_price,296.75,valley,292.0733947753906
2026-01-27 00:15:00,real_time_price,263.56,valley,293.45458984375
2026-01-27 00:30:00,real_time_price,319.35,valley,322.0041809082031
2026-01-27 00:45:00,real_time_price,324.97,valley,316.231201171875
2026-01-27 01:00:00,real_time_price,297.79,valley,308.1993713378906
2026-01-27 01:15:00,real_time_price,319.98,valley,304.1964416503906
2026-01-27 01:30:00,real_time_price,312.99,valley,299.0035095214844
2026-01-27 01:45:00,real_time_price,310.29,valley,295.5278015136719
2026-01-27 02:00:00,real_time_price,310.12,valley,299.2123107910156
2026-01-27 02:15:00,real_time_price,310.08,valley,296.3627624511719
2026-01-27 02:30:00,real_time_price,300.4,valley,290.8291931152344
2026-01-27 02:45:00,real_time_price,300.12,valley,289.0091857910156
2026-01-27 03:00:00,real_time_price,290.08,valley,286.77325439453125
2026-01-27 03:15:00,real_time_price,286.07,valley,285.382568359375
2026-01-27 03:30:00,real_time_price,283.06,valley,283.6619873046875
2026-01-27 03:45:00,real_time_price,280.09,valley,281.79595947265625
2026-01-27 04:00:00,real_time_price,278.38,valley,280.8214416503906
2026-01-27 04:15:00,real_time_price,262.17,valley,279.28802490234375
2026-01-27 04:30:00,real_time_price,259.16,valley,277.201416015625
2026-01-27 04:45:00,real_time_price,263.87,valley,274.3056945800781
2026-01-27 05:00:00,real_time_price,260.87,valley,273.7687072753906
2026-01-27 05:15:00,real_time_price,260.09,valley,276.53643798828125
2026-01-27 05:30:00,real_time_price,263.87,valley,278.4569091796875
2026-01-27 05:45:00,real_time_price,263.85,valley,278.8229064941406
2026-01-27 06:00:00,real_time_price,268.94,valley,279.9530334472656
2026-01-27 06:15:00,real_time_price,270.87,valley,284.26885986328125
2026-01-27 06:30:00,real_time_price,278.5,valley,288.7755126953125
2026-01-27 06:45:00,real_time_price,309.0,valley,292.8759765625
2026-01-27 07:00:00,real_time_price,299.19,valley,296.36181640625
2026-01-27 07:15:00,real_time_price,381.07,valley,299.8138732910156
2026-01-27 07:30:00,real_time_price,379.13,valley,304.6880187988281
2026-01-27 07:45:00,real_time_price,423.46,valley,310.1537170410156
2026-01-27 08:00:00,real_time_price,381.18,flat,313.23297119140625
2026-01-27 08:15:00,real_time_price,407.15,flat,321.3074035644531
2026-01-27 08:30:00,real_time_price,442.45,flat,322.85015869140625
2026-01-27 08:45:00,real_time_price,417.98,flat,318.1873779296875
2026-01-27 09:00:00,real_time_price,380.03,flat,319.9659423828125
2026-01-27 09:15:00,real_time_price,393.73,flat,316.955078125
2026-01-27 09:30:00,real_time_price,528.57,flat,312.0972900390625
2026-01-27 09:45:00,real_time_price,688.41,flat,303.9259033203125
2026-01-27 10:00:00,real_time_price,303.44,peak,295.96258544921875
2026-01-27 10:15:00,real_time_price,307.03,peak,287.7046813964844
2026-01-27 10:30:00,real_time_price,275.02,peak,277.37603759765625
2026-01-27 10:45:00,real_time_price,267.02,peak,270.16949462890625
2026-01-27 11:00:00,real_time_price,280.87,peak,266.2242736816406
2026-01-27 11:15:00,real_time_price,259.12,peak,266.255615234375
2026-01-27 11:30:00,real_time_price,221.87,peak,262.20745849609375
2026-01-27 11:45:00,real_time_price,280.11,peak,253.3837890625
2026-01-27 12:00:00,real_time_price,72.53,flat,245.38877868652344
2026-01-27 12:15:00,real_time_price,128.39,flat,182.30169677734375
2026-01-27 12:30:00,real_time_price,81.11,flat,201.9713134765625
2026-01-27 12:45:00,real_time_price,47.91,flat,190.55291748046875
2026-01-27 13:00:00,real_time_price,50.1,flat,184.46507263183594
2026-01-27 13:15:00,real_time_price,-28.54,flat,191.90513610839844
2026-01-27 13:30:00,real_time_price,8.07,flat,217.19992065429688
2026-01-27 13:45:00,real_time_price,72.74,flat,240.10458374023438
2026-01-27 14:00:00,real_time_price,136.7,peak,249.368408203125
2026-01-27 14:15:00,real_time_price,50.04,peak,238.81167602539062
2026-01-27 14:30:00,real_time_price,-43.72,peak,222.58139038085938
2026-01-27 14:45:00,real_time_price,49.96,peak,223.45594787597656
2026-01-27 15:00:00,real_time_price,6.16,peak,227.00714111328125
2026-01-27 15:15:00,real_time_price,0.15,peak,239.12765502929688
2026-01-27 15:30:00,real_time_price,43.4,peak,252.91416931152344
2026-01-27 15:45:00,real_time_price,233.28,peak,270.2472839355469
2026-01-27 16:00:00,real_time_price,247.22,peak,278.3904724121094
2026-01-27 16:15:00,real_time_price,252.02,peak,282.56463623046875
2026-01-27 16:30:00,real_time_price,280.1,peak,293.3059387207031
2026-01-27 16:45:00,real_time_price,279.97,peak,307.2469482421875
2026-01-27 17:00:00,real_time_price,299.85,peak,336.7209167480469
2026-01-27 17:15:00,real_time_price,300.1,peak,338.6416320800781
2026-01-27 17:30:00,real_time_price,300.12,peak,351.08062744140625
2026-01-27 17:45:00,real_time_price,319.19,peak,347.66546630859375
2026-01-27 18:00:00,real_time_price,320.19,peak,355.2785949707031
2026-01-27 18:15:00,real_time_price,325.79,peak,361.82183837890625
2026-01-27 18:30:00,real_time_price,319.82,peak,370.4335632324219
2026-01-27 18:45:00,real_time_price,339.66,peak,373.9571838378906
2026-01-27 19:00:00,real_time_price,309.54,flat,376.5648193359375
2026-01-27 19:15:00,real_time_price,290.99,flat,369.35479736328125
2026-01-27 19:30:00,real_time_price,298.03,flat,380.52911376953125
2026-01-27 19:45:00,real_time_price,295.75,flat,377.29986572265625
2026-01-27 20:00:00,real_time_price,318.85,flat,373.92364501953125
2026-01-27 20:15:00,real_time_price,299.42,flat,386.09600830078125
2026-01-27 20:30:00,real_time_price,318.32,flat,391.6043701171875
2026-01-27 20:45:00,real_time_price,296.47,flat,395.1917419433594
2026-01-27 21:00:00,real_time_price,299.16,flat,395.65240478515625
2026-01-27 21:15:00,real_time_price,315.69,flat,392.78997802734375
2026-01-27 21:30:00,real_time_price,309.0,flat,390.59234619140625
2026-01-27 21:45:00,real_time_price,315.33,flat,376.3619384765625
2026-01-27 22:00:00,real_time_price,313.18,flat,367.8377685546875
2026-01-27 22:15:00,real_time_price,320.65,flat,359.34869384765625
2026-01-27 22:30:00,real_time_price,319.67,flat,339.5294189453125
2026-01-27 22:45:00,real_time_price,296.39,flat,330.9950866699219
2026-01-27 23:00:00,real_time_price,306.24,flat,320.44000244140625
2026-01-27 23:15:00,real_time_price,294.94,flat,311.63031005859375
2026-01-27 23:30:00,real_time_price,284.8,flat,303.42138671875
2026-01-27 23:45:00,real_time_price,283.38,flat,297.022216796875
2026-01-28 00:00:00,real_time_price,269.14,valley,293.65386962890625
2026-01-28 00:15:00,real_time_price,258.81,valley,286.959716796875
2026-01-28 00:30:00,real_time_price,318.38,valley,315.6429443359375
2026-01-28 00:45:00,real_time_price,315.83,valley,309.2800598144531
2026-01-28 01:00:00,real_time_price,308.28,valley,302.6188049316406
2026-01-28 01:15:00,real_time_price,324.84,valley,299.21600341796875
2026-01-28 01:30:00,real_time_price,295.99,valley,294.6266174316406
2026-01-28 01:45:00,real_time_price,308.04,valley,291.58160400390625
2026-01-28 02:00:00,real_time_price,298.98,valley,291.4024353027344
2026-01-28 02:15:00,real_time_price,297.54,valley,289.53167724609375
2026-01-28 02:30:00,real_time_price,287.78,valley,287.11456298828125
2026-01-28 02:45:00,real_time_price,283.01,valley,285.15631103515625
2026-01-28 03:00:00,real_time_price,290.41,valley,282.84521484375
2026-01-28 03:15:00,real_time_price,277.32,valley,281.7385559082031
2026-01-28 03:30:00,real_time_price,253.52,valley,278.5346984863281
2026-01-28 03:45:00,real_time_price,268.83,valley,276.9679870605469
2026-01-28 04:00:00,real_time_price,265.63,valley,276.4118347167969
2026-01-28 04:15:00,real_time_price,241.27,valley,274.56646728515625
2026-01-28 04:30:00,real_time_price,260.92,valley,273.16748046875
2026-01-28 04:45:00,real_time_price,254.31,valley,271.0621032714844
2026-01-28 05:00:00,real_time_price,244.31,valley,272.7953186035156
2026-01-28 05:15:00,real_time_price,268.22,valley,275.07513427734375
2026-01-28 05:30:00,real_time_price,265.8,valley,275.69921875
2026-01-28 05:45:00,real_time_price,271.21,valley,276.8785705566406
2026-01-28 06:00:00,real_time_price,273.76,valley,279.2977294921875
2026-01-28 06:15:00,real_time_price,287.62,valley,282.0364074707031
2026-01-28 06:30:00,real_time_price,293.25,valley,286.0074768066406
2026-01-28 06:45:00,real_time_price,286.3,valley,290.4169006347656
2026-01-28 07:00:00,real_time_price,322.13,valley,293.7025451660156
2026-01-28 07:15:00,real_time_price,305.43,valley,296.5960388183594
2026-01-28 07:30:00,real_time_price,316.44,valley,301.12677001953125
2026-01-28 07:45:00,real_time_price,328.54,valley,305.64959716796875
2026-01-28 08:00:00,real_time_price,404.31,flat,308.19061279296875
2026-01-28 08:15:00,real_time_price,404.8,flat,316.2992858886719
2026-01-28 08:30:00,real_time_price,357.62,flat,318.6009826660156
2026-01-28 08:45:00,real_time_price,306.66,flat,315.66455078125
2026-01-28 09:00:00,real_time_price,489.58,flat,317.1856689453125
2026-01-28 09:15:00,real_time_price,367.18,flat,313.9979248046875
2026-01-28 09:30:00,real_time_price,482.53,flat,309.3097839355469
2026-01-28 09:45:00,real_time_price,322.98,flat,301.0315856933594
2026-01-28 10:00:00,real_time_price,363.93,peak,292.2440185546875
2026-01-28 10:15:00,real_time_price,260.6,peak,279.43609619140625
2026-01-28 10:30:00,real_time_price,269.07,peak,261.4674987792969
2026-01-28 10:45:00,real_time_price,265.49,peak,250.9183807373047
2026-01-28 11:00:00,real_time_price,260.73,peak,248.26490783691406
2026-01-28 11:15:00,real_time_price,200.73,peak,251.5849151611328
2026-01-28 11:30:00,real_time_price,209.33,peak,249.30433654785156
2026-01-28 11:45:00,real_time_price,250.45,peak,238.7166748046875
2026-01-28 12:00:00,real_time_price,182.22,flat,225.4398651123047
2026-01-28 12:15:00,real_time_price,58.43,flat,131.08990478515625
2026-01-28 12:30:00,real_time_price,96.43,flat,146.338623046875
2026-01-28 12:45:00,real_time_price,65.64,flat,144.048828125
2026-01-28 13:00:00,real_time_price,10.83,flat,138.90199279785156
2026-01-28 13:15:00,real_time_price,38.6,flat,142.51397705078125
2026-01-28 13:30:00,real_time_price,13.57,flat,173.8887939453125
2026-01-28 13:45:00,real_time_price,12.14,flat,213.59371948242188
2026-01-28 14:00:00,real_time_price,11.46,peak,225.8992462158203
2026-01-28 14:15:00,real_time_price,65.4,peak,205.75885009765625
2026-01-28 14:30:00,real_time_price,-10.28,peak,194.01626586914062
2026-01-28 14:45:00,real_time_price,14.29,peak,197.60671997070312
2026-01-28 15:00:00,real_time_price,36.24,peak,208.29603576660156
2026-01-28 15:15:00,real_time_price,145.18,peak,222.2991485595703
2026-01-28 15:30:00,real_time_price,11.23,peak,233.63504028320312
2026-01-28 15:45:00,real_time_price,216.58,peak,258.3818359375
2026-01-28 16:00:00,real_time_price,256.64,peak,270.96148681640625
2026-01-28 16:15:00,real_time_price,268.64,peak,285.5060119628906
2026-01-28 16:30:00,real_time_price,285.91,peak,295.78955078125
2026-01-28 16:45:00,real_time_price,283.67,peak,306.1831970214844
2026-01-28 17:00:00,real_time_price,308.13,peak,324.4296875
2026-01-28 17:15:00,real_time_price,295.0,peak,329.6331787109375
2026-01-28 17:30:00,real_time_price,314.7,peak,341.5374755859375
2026-01-28 17:45:00,real_time_price,300.0,peak,341.09136962890625
2026-01-28 18:00:00,real_time_price,310.4,peak,348.34893798828125
2026-01-28 18:15:00,real_time_price,327.53,peak,354.1459045410156
2026-01-28 18:30:00,real_time_price,314.99,peak,360.08355712890625
2026-01-28 18:45:00,real_time_price,325.17,peak,361.5418395996094
2026-01-28 19:00:00,real_time_price,308.1,flat,362.640625
2026-01-28 19:15:00,real_time_price,330.0,flat,358.5914001464844
2026-01-28 19:30:00,real_time_price,304.75,flat,364.7074890136719
2026-01-28 19:45:00,real_time_price,325.1,flat,363.14251708984375
2026-01-28 20:00:00,real_time_price,320.0,flat,360.9335632324219
2026-01-28 20:15:00,real_time_price,325.0,flat,364.0555419921875
2026-01-28 20:30:00,real_time_price,319.98,flat,366.8948974609375
2026-01-28 20:45:00,real_time_price,346.0,flat,369.66131591796875
2026-01-28 21:00:00,real_time_price,346.66,flat,371.35968017578125
2026-01-28 21:15:00,real_time_price,449.84,flat,367.67578125
2026-01-28 21:30:00,real_time_price,416.57,flat,365.4002380371094
2026-01-28 21:45:00,real_time_price,419.95,flat,353.2013854980469
2026-01-28 22:00:00,real_time_price,367.92,flat,345.3652038574219
2026-01-28 22:15:00,real_time_price,385.8,flat,338.0683288574219
2026-01-28 22:30:00,real_time_price,364.93,flat,322.1706237792969
2026-01-28 22:45:00,real_time_price,337.43,flat,315.9291076660156
2026-01-28 23:00:00,real_time_price,318.76,flat,307.8941345214844
2026-01-28 23:15:00,real_time_price,290.12,flat,303.00128173828125
2026-01-28 23:30:00,real_time_price,283.35,flat,295.87567138671875
2026-01-28 23:45:00,real_time_price,288.21,flat,291.58380126953125
2026-01-29 00:00:00,real_time_price,280.39,valley,289.80792236328125
2026-01-29 00:15:00,real_time_price,257.79,valley,270.1678466796875
2026-01-29 00:30:00,real_time_price,323.92,valley,324.5335998535156
2026-01-29 00:45:00,real_time_price,315.74,valley,311.30975341796875
2026-01-29 01:00:00,real_time_price,271.65,valley,305.92218017578125
2026-01-29 01:15:00,real_time_price,292.85,valley,307.1702880859375
2026-01-29 01:30:00,real_time_price,283.86,valley,298.796142578125
2026-01-29 01:45:00,real_time_price,244.31,valley,298.5250549316406
2026-01-29 02:00:00,real_time_price,245.99,valley,296.1664123535156
2026-01-29 02:15:00,real_time_price,267.98,valley,294.5078125
2026-01-29 02:30:00,real_time_price,253.88,valley,289.6418762207031
2026-01-29 02:45:00,real_time_price,273.01,valley,286.372314453125
2026-01-29 03:00:00,real_time_price,260.38,valley,285.4038391113281
2026-01-29 03:15:00,real_time_price,255.45,valley,281.5386047363281
2026-01-29 03:30:00,real_time_price,263.35,valley,273.4984130859375
2026-01-29 03:45:00,real_time_price,253.6,valley,273.5987548828125
2026-01-29 04:00:00,real_time_price,226.56,valley,271.2723083496094
2026-01-29 04:15:00,real_time_price,249.27,valley,270.3418273925781
2026-01-29 04:30:00,real_time_price,250.29,valley,269.2496643066406
2026-01-29 04:45:00,real_time_price,257.0,valley,267.5973815917969
2026-01-29 05:00:00,real_time_price,255.89,valley,267.80804443359375
2026-01-29 05:15:00,real_time_price,257.0,valley,269.544189453125
2026-01-29 05:30:00,real_time_price,260.0,valley,270.02154541015625
2026-01-29 05:45:00,real_time_price,255.46,valley,272.9145812988281
2026-01-29 06:00:00,real_time_price,264.0,valley,275.40386962890625
2026-01-29 06:15:00,real_time_price,260.1,valley,280.3448181152344
2026-01-29 06:30:00,real_time_price,270.3,valley,286.35284423828125
2026-01-29 06:45:00,real_time_price,262.23,valley,290.16748046875
2026-01-29 07:00:00,real_time_price,275.3,valley,297.0256042480469
2026-01-29 07:15:00,real_time_price,268.0,valley,301.2607116699219
2026-01-29 07:30:00,real_time_price,270.0,valley,307.36669921875
2026-01-29 07:45:00,real_time_price,275.0,valley,313.57489013671875
2026-01-29 08:00:00,real_time_price,275.3,flat,319.86968994140625
2026-01-29 08:15:00,real_time_price,275.0,flat,333.7313232421875
2026-01-29 08:30:00,real_time_price,285.14,flat,330.92144775390625
2026-01-29 08:45:00,real_time_price,279.89,flat,326.09454345703125
2026-01-29 09:00:00,real_time_price,279.81,flat,332.0038757324219
2026-01-29 09:15:00,real_time_price,276.47,flat,333.095947265625
2026-01-29 09:30:00,real_time_price,283.6,flat,332.36212158203125
2026-01-29 09:45:00,real_time_price,282.01,flat,317.1552734375
2026-01-29 10:00:00,real_time_price,279.4,peak,294.2490539550781
2026-01-29 10:15:00,real_time_price,250.39,peak,271.7910461425781
2026-01-29 10:30:00,real_time_price,267.95,peak,249.33953857421875
2026-01-29 10:45:00,real_time_price,250.14,peak,232.46157836914062
2026-01-29 11:00:00,real_time_price,253.47,peak,217.29136657714844
2026-01-29 11:15:00,real_time_price,249.76,peak,214.6700439453125
2026-01-29 11:30:00,real_time_price,278.67,peak,207.99911499023438
2026-01-29 11:45:00,real_time_price,266.64,peak,197.94479370117188
2026-01-29 12:00:00,real_time_price,219.64,flat,179.43125915527344
2026-01-29 12:15:00,real_time_price,151.33,flat,39.36820983886719
2026-01-29 12:30:00,real_time_price,169.49,flat,59.47221374511719
2026-01-29 12:45:00,real_time_price,107.72,flat,45.8577880859375
2026-01-29 13:00:00,real_time_price,50.44,flat,36.43994140625
2026-01-29 13:15:00,real_time_price,72.32,flat,37.36973571777344
2026-01-29 13:30:00,real_time_price,126.3,flat,37.63694763183594
2026-01-29 13:45:00,real_time_price,91.74,flat,58.81147766113281
2026-01-29 14:00:00,real_time_price,258.32,peak,73.1334228515625
2026-01-29 14:15:00,real_time_price,207.06,peak,64.24188232421875
2026-01-29 14:30:00,real_time_price,149.48,peak,39.690826416015625
2026-01-29 14:45:00,real_time_price,59.5,peak,56.533416748046875
2026-01-29 15:00:00,real_time_price,180.27,peak,68.66984558105469
2026-01-29 15:15:00,real_time_price,186.26,peak,88.44802856445312
2026-01-29 15:30:00,real_time_price,229.88,peak,116.57293701171875
2026-01-29 15:45:00,real_time_price,98.09,peak,215.36880493164062
2026-01-29 16:00:00,real_time_price,295.56,peak,240.83299255371094
2026-01-29 16:15:00,real_time_price,238.0,peak,265.1894836425781
2026-01-29 16:30:00,real_time_price,286.34,peak,275.0937805175781
2026-01-29 16:45:00,real_time_price,382.6,peak,281.9583435058594
2026-01-29 17:00:00,real_time_price,376.88,peak,296.2986755371094
2026-01-29 17:15:00,real_time_price,347.82,peak,297.7962341308594
2026-01-29 17:30:00,real_time_price,348.54,peak,306.05908203125
2026-01-29 17:45:00,real_time_price,306.83,peak,308.6749267578125
2026-01-29 18:00:00,real_time_price,352.96,peak,312.9639892578125
2026-01-29 18:15:00,real_time_price,297.12,peak,318.2440185546875
2026-01-29 18:30:00,real_time_price,419.0,peak,319.7844543457031
2026-01-29 18:45:00,real_time_price,317.52,peak,324.3096923828125
2026-01-29 19:00:00,real_time_price,377.73,flat,321.9542236328125
2026-01-29 19:15:00,real_time_price,340.72,flat,321.6138916015625
2026-01-29 19:30:00,real_time_price,353.93,flat,320.22064208984375
2026-01-29 19:45:00,real_time_price,365.55,flat,323.6446533203125
2026-01-29 20:00:00,real_time_price,358.56,flat,323.5161437988281
2026-01-29 20:15:00,real_time_price,319.63,flat,324.9857482910156
2026-01-29 20:30:00,real_time_price,295.1,flat,326.96435546875
2026-01-29 20:45:00,real_time_price,316.61,flat,327.2465515136719
2026-01-29 21:00:00,real_time_price,313.07,flat,331.0102844238281
2026-01-29 21:15:00,real_time_price,298.83,flat,335.3260498046875
2026-01-29 21:30:00,real_time_price,305.59,flat,337.339599609375
2026-01-29 21:45:00,real_time_price,302.36,flat,334.39752197265625
2026-01-29 22:00:00,real_time_price,307.02,flat,328.4703369140625
2026-01-29 22:15:00,real_time_price,275.48,flat,322.8409729003906
2026-01-29 22:30:00,real_time_price,285.95,flat,316.606689453125
2026-01-29 22:45:00,real_time_price,265.1,flat,311.3432922363281
2026-01-29 23:00:00,real_time_price,274.07,flat,304.5769348144531
2026-01-29 23:15:00,real_time_price,275.0,flat,298.8358459472656
2026-01-29 23:30:00,real_time_price,267.95,flat,291.4844970703125
2026-01-29 23:45:00,real_time_price,257.0,flat,287.406494140625
2026-01-30 00:00:00,real_time_price,260.0,valley,283.4149475097656
2026-01-30 00:15:00,real_time_price,263.76,valley,276.18695068359375
2026-01-30 00:30:00,real_time_price,319.7,valley,314.72528076171875
2026-01-30 00:45:00,real_time_price,311.98,valley,305.9100646972656
2026-01-30 01:00:00,real_time_price,303.94,valley,301.3611755371094
2026-01-30 01:15:00,real_time_price,316.97,valley,301.36669921875
2026-01-30 01:30:00,real_time_price,290.94,valley,296.0262756347656
2026-01-30 01:45:00,real_time_price,265.0,valley,295.8436279296875
2026-01-30 02:00:00,real_time_price,265.0,valley,293.97747802734375
2026-01-30 02:15:00,real_time_price,262.0,valley,292.8060607910156
2026-01-30 02:30:00,real_time_price,255.5,valley,287.75299072265625
2026-01-30 02:45:00,real_time_price,256.79,valley,283.9816589355469
2026-01-30 03:00:00,real_time_price,252.33,valley,282.1017150878906
2026-01-30 03:15:00,real_time_price,257.0,valley,277.9365539550781
2026-01-30 03:30:00,real_time_price,255.0,valley,272.4560852050781
2026-01-30 03:45:00,real_time_price,255.0,valley,271.47442626953125
2026-01-30 04:00:00,real_time_price,256.0,valley,269.8443908691406
2026-01-30 04:15:00,real_time_price,253.0,valley,269.7091979980469
2026-01-30 04:30:00,real_time_price,260.0,valley,269.4546813964844
2026-01-30 04:45:00,real_time_price,260.0,valley,267.414306640625
2026-01-30 05:00:00,real_time_price,258.76,valley,267.35491943359375
2026-01-30 05:15:00,real_time_price,262.69,valley,268.5881652832031
2026-01-30 05:30:00,real_time_price,260.0,valley,269.4998779296875
2026-01-30 05:45:00,real_time_price,257.0,valley,271.9791564941406
2026-01-30 06:00:00,real_time_price,262.0,valley,274.4352111816406
2026-01-30 06:15:00,real_time_price,262.0,valley,279.55120849609375
2026-01-30 06:30:00,real_time_price,267.03,valley,285.8116455078125
2026-01-30 06:45:00,real_time_price,270.67,valley,290.54937744140625
2026-01-30 07:00:00,real_time_price,280.09,valley,295.7601013183594
2026-01-30 07:15:00,real_time_price,280.0,valley,300.587158203125
2026-01-30 07:30:00,real_time_price,302.48,valley,305.5646057128906
2026-01-30 07:45:00,real_time_price,285.0,valley,312.30999755859375
2026-01-30 08:00:00,real_time_price,381.3,flat,317.7714538574219
2026-01-30 08:15:00,real_time_price,338.71,flat,325.72625732421875
2026-01-30 08:30:00,real_time_price,380.0,flat,323.9476318359375
2026-01-30 08:45:00,real_time_price,395.69,flat,320.9354553222656
2026-01-30 09:00:00,real_time_price,388.17,flat,323.0709228515625
2026-01-30 09:15:00,real_time_price,409.18,flat,321.0032958984375
2026-01-30 09:30:00,real_time_price,497.52,flat,316.8328552246094
2026-01-30 09:45:00,real_time_price,435.76,flat,305.82635498046875
2026-01-30 10:00:00,real_time_price,363.51,peak,290.73760986328125
2026-01-30 10:15:00,real_time_price,472.28,peak,274.55426025390625
2026-01-30 10:30:00,real_time_price,338.59,peak,258.0313720703125
2026-01-30 10:45:00,real_time_price,296.0,peak,243.76498413085938
2026-01-30 11:00:00,real_time_price,281.58,peak,232.68446350097656
2026-01-30 11:15:00,real_time_price,295.56,peak,228.84225463867188
2026-01-30 11:30:00,real_time_price,289.59,peak,222.0637664794922
2026-01-30 11:45:00,real_time_price,284.39,peak,211.8474884033203
2026-01-30 12:00:00,real_time_price,290.24,flat,201.72293090820312
2026-01-30 12:15:00,real_time_price,282.29,flat,85.45173645019531
2026-01-30 12:30:00,real_time_price,319.05,flat,116.82034301757812
2026-01-30 12:45:00,real_time_price,291.44,flat,98.26502990722656
2026-01-30 13:00:00,real_time_price,284.15,flat,78.40605163574219
2026-01-30 13:15:00,real_time_price,259.71,flat,81.33126831054688
2026-01-30 13:30:00,real_time_price,269.02,flat,97.77638244628906
2026-01-30 13:45:00,real_time_price,305.67,flat,150.64369201660156
2026-01-30 14:00:00,real_time_price,306.46,peak,159.5124053955078
2026-01-30 14:15:00,real_time_price,296.99,peak,147.6216278076172
2026-01-30 14:30:00,real_time_price,268.46,peak,112.99082946777344
2026-01-30 14:45:00,real_time_price,278.4,peak,124.83192443847656
2026-01-30 15:00:00,real_time_price,292.49,peak,140.53199768066406
2026-01-30 15:15:00,real_time_price,289.44,peak,154.7201385498047
2026-01-30 15:30:00,real_time_price,293.69,peak,175.34597778320312
2026-01-30 15:45:00,real_time_price,283.22,peak,243.74404907226562
2026-01-30 16:00:00,real_time_price,294.15,peak,259.029541015625
2026-01-30 16:15:00,real_time_price,300.27,peak,275.8780517578125
2026-01-30 16:30:00,real_time_price,303.88,peak,285.4732971191406
2026-01-30 16:45:00,real_time_price,361.36,peak,289.836181640625
2026-01-30 17:00:00,real_time_price,416.66,peak,299.249267578125
2026-01-30 17:15:00,real_time_price,507.63,peak,301.8519287109375
2026-01-30 17:30:00,real_time_price,611.63,peak,308.1769714355469
2026-01-30 17:45:00,real_time_price,368.69,peak,310.64984130859375
2026-01-30 18:00:00,real_time_price,559.95,peak,314.397216796875
2026-01-30 18:15:00,real_time_price,776.46,peak,318.4386291503906
2026-01-30 18:30:00,real_time_price,843.11,peak,320.5442810058594
2026-01-30 18:45:00,real_time_price,410.73,peak,322.3644714355469
2026-01-30 19:00:00,real_time_price,499.88,flat,320.8376159667969
2026-01-30 19:15:00,real_time_price,639.79,flat,320.8449401855469
2026-01-30 19:30:00,real_time_price,866.43,flat,320.3159484863281
2026-01-30 19:45:00,real_time_price,360.18,flat,322.6789855957031
2026-01-30 20:00:00,real_time_price,884.71,flat,321.30010986328125
2026-01-30 20:15:00,real_time_price,517.48,flat,324.91180419921875
2026-01-30 20:30:00,real_time_price,553.04,flat,326.7486877441406
2026-01-30 20:45:00,real_time_price,1066.52,flat,327.0707702636719
2026-01-30 21:00:00,real_time_price,830.59,flat,329.28656005859375
2026-01-30 21:15:00,real_time_price,525.82,flat,331.2646179199219
2026-01-30 21:30:00,real_time_price,446.38,flat,332.994873046875
2026-01-30 21:45:00,real_time_price,407.32,flat,330.2271728515625
2026-01-30 22:00:00,real_time_price,379.59,flat,325.4978332519531
2026-01-30 22:15:00,real_time_price,328.97,flat,320.457763671875
2026-01-30 22:30:00,real_time_price,330.0,flat,315.2680969238281
2026-01-30 22:45:00,real_time_price,399.9,flat,312.3720397949219
2026-01-30 23:00:00,real_time_price,310.0,flat,307.15972900390625
2026-01-30 23:15:00,real_time_price,320.01,flat,301.8262023925781
2026-01-30 23:30:00,real_time_price,319.0,flat,295.8683166503906
2026-01-30 23:45:00,real_time_price,314.0,flat,292.0989990234375
2026-01-31 00:00:00,real_time_price,290.0,valley,288.9804992675781
2026-01-31 00:15:00,real_time_price,269.0,valley,282.19537353515625
2026-01-31 00:30:00,real_time_price,429.36,valley,313.0270080566406
2026-01-31 00:45:00,real_time_price,341.78,valley,307.08514404296875
2026-01-31 01:00:00,real_time_price,335.19,valley,303.4638366699219
2026-01-31 01:15:00,real_time_price,324.42,valley,305.56365966796875
2026-01-31 01:30:00,real_time_price,324.07,valley,300.5116271972656
2026-01-31 01:45:00,real_time_price,283.56,valley,299.4992370605469
2026-01-31 02:00:00,real_time_price,280.0,valley,300.20166015625
2026-01-31 02:15:00,real_time_price,279.98,valley,298.4375305175781
2026-01-31 02:30:00,real_time_price,280.0,valley,293.42877197265625
2026-01-31 02:45:00,real_time_price,275.0,valley,291.93316650390625
2026-01-31 03:00:00,real_time_price,270.3,valley,289.677734375
2026-01-31 03:15:00,real_time_price,265.3,valley,285.72930908203125
2026-01-31 03:30:00,real_time_price,260.3,valley,282.3589172363281
2026-01-31 03:45:00,real_time_price,257.0,valley,281.3869323730469
2026-01-31 04:00:00,real_time_price,255.4,valley,279.19720458984375
2026-01-31 04:15:00,real_time_price,251.0,valley,278.2093200683594
2026-01-31 04:30:00,real_time_price,260.0,valley,277.6098327636719
2026-01-31 04:45:00,real_time_price,260.0,valley,275.1617431640625
2026-01-31 05:00:00,real_time_price,257.0,valley,274.72918701171875
2026-01-31 05:15:00,real_time_price,262.0,valley,275.4794616699219
2026-01-31 05:30:00,real_time_price,260.0,valley,275.6101989746094
2026-01-31 05:45:00,real_time_price,260.0,valley,277.6738586425781
2026-01-31 06:00:00,real_time_price,260.4,valley,280.07354736328125
2026-01-31 06:15:00,real_time_price,260.0,valley,284.4627685546875
2026-01-31 06:30:00,real_time_price,260.0,valley,290.2870178222656
2026-01-31 06:45:00,real_time_price,264.97,valley,294.52197265625
2026-01-31 07:00:00,real_time_price,260.4,valley,299.90618896484375
2026-01-31 07:15:00,real_time_price,265.0,valley,304.1776123046875
2026-01-31 07:30:00,real_time_price,262.0,valley,310.93743896484375
2026-01-31 07:45:00,real_time_price,267.0,valley,316.66998291015625
2026-01-31 08:00:00,real_time_price,270.3,flat,322.23211669921875
2026-01-31 08:15:00,real_time_price,295.0,flat,332.1147155761719
2026-01-31 08:30:00,real_time_price,293.04,flat,329.316650390625
2026-01-31 08:45:00,real_time_price,306.13,flat,325.12701416015625
2026-01-31 09:00:00,real_time_price,300.43,flat,328.0005187988281
2026-01-31 09:15:00,real_time_price,323.84,flat,326.0429382324219
2026-01-31 09:30:00,real_time_price,324.73,flat,321.9407043457031
2026-01-31 09:45:00,real_time_price,325.21,flat,311.6903991699219
2026-01-31 10:00:00,real_time_price,347.11,peak,296.845458984375
2026-01-31 10:15:00,real_time_price,361.03,peak,282.1741027832031
2026-01-31 10:30:00,real_time_price,325.94,peak,267.0997009277344
2026-01-31 10:45:00,real_time_price,292.33,peak,256.5189208984375
2026-01-31 11:00:00,real_time_price,337.38,peak,248.9813995361328
2026-01-31 11:15:00,real_time_price,306.56,peak,244.69583129882812
2026-01-31 11:30:00,real_time_price,305.64,peak,238.69468688964844
2026-01-31 11:45:00,real_time_price,280.65,peak,227.17276000976562
2026-01-31 12:00:00,real_time_price,279.16,flat,214.35287475585938
2026-01-31 12:15:00,real_time_price,93.7,flat,108.278564453125
2026-01-31 12:30:00,real_time_price,287.34,flat,149.3084259033203
2026-01-31 12:45:00,real_time_price,277.49,flat,124.10441589355469
2026-01-31 13:00:00,real_time_price,272.15,flat,114.72677612304688
2026-01-31 13:15:00,real_time_price,294.41,flat,120.07666015625
2026-01-31 13:30:00,real_time_price,257.46,flat,139.12973022460938
2026-01-31 13:45:00,real_time_price,278.54,flat,184.8835906982422
2026-01-31 14:00:00,real_time_price,295.56,peak,192.03079223632812
2026-01-31 14:15:00,real_time_price,259.98,peak,176.32186889648438
2026-01-31 14:30:00,real_time_price,274.97,peak,148.55755615234375
2026-01-31 14:45:00,real_time_price,208.1,peak,161.91778564453125
2026-01-31 15:00:00,real_time_price,210.01,peak,176.96029663085938
2026-01-31 15:15:00,real_time_price,210.88,peak,184.08956909179688
2026-01-31 15:30:00,real_time_price,263.68,peak,200.50189208984375
2026-01-31 15:45:00,real_time_price,249.95,peak,249.2843475341797
2026-01-31 16:00:00,real_time_price,108.1,peak,264.3376770019531
2026-01-31 16:15:00,real_time_price,208.24,peak,275.6014709472656
2026-01-31 16:30:00,real_time_price,264.98,peak,285.90277099609375
2026-01-31 16:45:00,real_time_price,262.34,peak,292.56494140625
2026-01-31 17:00:00,real_time_price,268.41,peak,302.7314758300781
2026-01-31 17:15:00,real_time_price,318.28,peak,306.0924072265625
2026-01-31 17:30:00,real_time_price,320.0,peak,312.1902770996094
2026-01-31 17:45:00,real_time_price,315.0,peak,314.823486328125
2026-01-31 18:00:00,real_time_price,349.32,peak,319.231201171875
2026-01-31 18:15:00,real_time_price,309.0,peak,322.1531677246094
2026-01-31 18:30:00,real_time_price,315.0,peak,324.0830078125
2026-01-31 18:45:00,real_time_price,319.9,peak,325.0297546386719
2026-01-31 19:00:00,real_time_price,315.0,flat,324.02728271484375
2026-01-31 19:15:00,real_time_price,319.0,flat,324.2270202636719
2026-01-31 19:30:00,real_time_price,353.9,flat,324.59002685546875
2026-01-31 19:45:00,real_time_price,318.19,flat,327.0754699707031
2026-01-31 20:00:00,real_time_price,337.0,flat,326.9219970703125
2026-01-31 20:15:00,real_time_price,317.66,flat,332.06365966796875
2026-01-31 20:30:00,real_time_price,319.0,flat,333.5189208984375
2026-01-31 20:45:00,real_time_price,324.0,flat,333.7698669433594
2026-01-31 21:00:00,real_time_price,-10.96,flat,336.7249450683594
2026-01-31 21:15:00,real_time_price,178.04,flat,337.5242614746094
2026-01-31 21:30:00,real_time_price,236.82,flat,338.2584533691406
2026-01-31 21:45:00,real_time_price,242.32,flat,334.14813232421875
2026-01-31 22:00:00,real_time_price,248.0,flat,328.56878662109375
2026-01-31 22:15:00,real_time_price,245.0,flat,322.86981201171875
2026-01-31 22:30:00,real_time_price,248.0,flat,316.7889404296875
2026-01-31 22:45:00,real_time_price,240.63,flat,313.6038818359375
2026-01-31 23:00:00,real_time_price,272.2,flat,307.64910888671875
2026-01-31 23:15:00,real_time_price,250.12,flat,302.31768798828125
2026-01-31 23:30:00,real_time_price,240.0,flat,296.4808349609375
2026-01-31 23:45:00,real_time_price,246.0,flat,292.8999328613281
2026-02-01 00:00:00,real_time_price,248.0,valley,290.252197265625
2026-02-01 00:15:00,real_time_price,275.0,valley,279.56304931640625
2026-02-01 00:30:00,real_time_price,-50.0,valley,324.6811828613281
2026-02-01 00:45:00,real_time_price,232.17,valley,313.8561096191406
2026-02-01 01:00:00,real_time_price,-50.0,valley,307.60467529296875
2026-02-01 01:15:00,real_time_price,-50.0,valley,309.18426513671875
2026-02-01 01:30:00,real_time_price,-50.0,valley,302.5215148925781
2026-02-01 01:45:00,real_time_price,-50.0,valley,300.6489562988281
2026-02-01 02:00:00,real_time_price,-50.0,valley,300.22174072265625
2026-02-01 02:15:00,real_time_price,245.98,valley,297.4734802246094
2026-02-01 02:30:00,real_time_price,243.49,valley,292.0578918457031
2026-02-01 02:45:00,real_time_price,-50.0,valley,290.3033447265625
2026-02-01 03:00:00,real_time_price,-50.0,valley,287.8885192871094
2026-02-01 03:15:00,real_time_price,-50.0,valley,283.7086486816406
2026-02-01 03:30:00,real_time_price,-50.0,valley,278.7179870605469
2026-02-01 03:45:00,real_time_price,-50.0,valley,279.07012939453125
2026-02-01 04:00:00,real_time_price,-50.0,valley,278.23736572265625
2026-02-01 04:15:00,real_time_price,-50.0,valley,279.7087097167969
2026-02-01 04:30:00,real_time_price,-50.0,valley,279.56085205078125
2026-02-01 04:45:00,real_time_price,-50.0,valley,276.8651428222656
2026-02-01 05:00:00,real_time_price,-50.0,valley,275.978515625
2026-02-01 05:15:00,real_time_price,145.61,valley,276.5301818847656
2026-02-01 05:30:00,real_time_price,-50.0,valley,277.7510681152344
2026-02-01 05:45:00,real_time_price,-50.0,valley,278.94183349609375
2026-02-01 06:00:00,real_time_price,-50.0,valley,280.7092590332031
2026-02-01 06:15:00,real_time_price,-50.0,valley,286.1028137207031
2026-02-01 06:30:00,real_time_price,-8.23,valley,291.3144836425781
2026-02-01 06:45:00,real_time_price,14.68,valley,295.2416076660156
2026-02-01 07:00:00,real_time_price,70.17,valley,299.60675048828125
2026-02-01 07:15:00,real_time_price,0.33,valley,303.289306640625
2026-02-01 07:30:00,real_time_price,-49.08,valley,309.7667236328125
2026-02-01 07:45:00,real_time_price,234.58,valley,315.0915222167969
2026-02-01 08:00:00,real_time_price,-50.0,flat,317.7218933105469
2026-02-01 08:15:00,real_time_price,6.37,flat,331.550537109375
2026-02-01 08:30:00,real_time_price,346.5,flat,329.23974609375
2026-02-01 08:45:00,real_time_price,344.81,flat,325.6893005371094
2026-02-01 09:00:00,real_time_price,96.94,flat,330.6741638183594
2026-02-01 09:15:00,real_time_price,167.17,flat,330.7676086425781
2026-02-01 09:30:00,real_time_price,30.78,flat,328.2460021972656
2026-02-01 09:45:00,real_time_price,246.09,flat,314.96722412109375
2026-02-01 10:00:00,real_time_price,73.69,peak,292.6317443847656
2026-02-01 10:15:00,real_time_price,329.55,peak,273.1905212402344
2026-02-01 10:30:00,real_time_price,299.81,peak,255.33119201660156
2026-02-01 10:45:00,real_time_price,307.15,peak,242.8742218017578
2026-02-01 11:00:00,real_time_price,294.67,peak,235.22442626953125
2026-02-01 11:15:00,real_time_price,298.39,peak,230.21900939941406
2026-02-01 11:30:00,real_time_price,287.7,peak,224.6113739013672
2026-02-01 11:45:00,real_time_price,265.18,peak,212.8538818359375
2026-02-01 12:00:00,real_time_price,254.83,flat,197.02603149414062
2026-02-01 12:15:00,real_time_price,44.89,flat,80.58876037597656
2026-02-01 12:30:00,real_time_price,198.79,flat,98.00076293945312
2026-02-01 12:45:00,real_time_price,236.43,flat,96.55972290039062
2026-02-01 13:00:00,real_time_price,260.0,flat,88.22550964355469
2026-02-01 13:15:00,real_time_price,56.85,flat,84.01010131835938
2026-02-01 13:30:00,real_time_price,259.08,flat,99.03770446777344
2026-02-01 13:45:00,real_time_price,188.46,flat,137.8625946044922
2026-02-01 14:00:00,real_time_price,270.35,peak,149.86294555664062
2026-02-01 14:15:00,real_time_price,209.12,peak,134.471923828125
2026-02-01 14:30:00,real_time_price,-31.18,peak,103.61003112792969
2026-02-01 14:45:00,real_time_price,47.76,peak,120.10540771484375
2026-02-01 15:00:00,real_time_price,50.88,peak,137.22682189941406
2026-02-01 15:15:00,real_time_price,132.03,peak,156.050537109375
2026-02-01 15:30:00,real_time_price,35.29,peak,174.66900634765625
2026-02-01 15:45:00,real_time_price,48.3,peak,239.40602111816406
2026-02-01 16:00:00,real_time_price,228.2,peak,257.842041015625
2026-02-01 16:15:00,real_time_price,258.0,peak,272.7821960449219
2026-02-01 16:30:00,real_time_price,278.69,peak,285.29949951171875
2026-02-01 16:45:00,real_time_price,313.04,peak,290.8796691894531
2026-02-01 17:00:00,real_time_price,292.85,peak,300.162109375
2026-02-01 17:15:00,real_time_price,300.3,peak,302.1904602050781
2026-02-01 17:30:00,real_time_price,330.0,peak,309.357666015625
2026-02-01 17:45:00,real_time_price,320.0,peak,312.02947998046875
2026-02-01 18:00:00,real_time_price,330.0,peak,316.6439208984375
2026-02-01 18:15:00,real_time_price,324.99,peak,320.242431640625
2026-02-01 18:30:00,real_time_price,390.0,peak,321.10394287109375
2026-02-01 18:45:00,real_time_price,359.99,peak,323.59442138671875
2026-02-01 19:00:00,real_time_price,305.88,flat,322.9972839355469
2026-02-01 19:15:00,real_time_price,266.77,flat,322.78692626953125
2026-02-01 19:30:00,real_time_price,471.38,flat,323.3594665527344
2026-02-01 19:45:00,real_time_price,-50.0,flat,325.7416687011719
2026-02-01 20:00:00,real_time_price,210.5,flat,326.73138427734375
2026-02-01 20:15:00,real_time_price,850.64,flat,333.2857360839844
2026-02-01 20:30:00,real_time_price,696.87,flat,334.2366943359375
2026-02-01 20:45:00,real_time_price,-50.0,flat,334.8066101074219
2026-02-01 21:00:00,real_time_price,700.0,flat,337.3060302734375
2026-02-01 21:15:00,real_time_price,1260.14,flat,337.51983642578125
2026-02-01 21:30:00,real_time_price,723.4,flat,338.28143310546875
2026-02-01 21:45:00,real_time_price,761.8,flat,333.8345947265625
2026-02-01 22:00:00,real_time_price,680.56,flat,328.39947509765625
2026-02-01 22:15:00,real_time_price,1217.51,flat,322.70013427734375
2026-02-01 22:30:00,real_time_price,790.89,flat,315.732421875
2026-02-01 22:45:00,real_time_price,436.34,flat,312.9441833496094
2026-02-01 23:00:00,real_time_price,644.14,flat,306.0054016113281
2026-02-01 23:15:00,real_time_price,230.16,flat,300.848876953125
2026-02-01 23:30:00,real_time_price,-50.0,flat,294.3091125488281
2026-02-01 23:45:00,real_time_price,209.72,flat,290.6583251953125
2026-02-02 00:00:00,real_time_price,292.03,valley,287.948486328125
2026-02-02 00:15:00,real_time_price,269.0,valley,283.6572570800781
2026-02-02 00:30:00,real_time_price,358.91,valley,319.79345703125
2026-02-02 00:45:00,real_time_price,312.58,valley,309.5253601074219
2026-02-02 01:00:00,real_time_price,282.0,valley,302.38671875
2026-02-02 01:15:00,real_time_price,288.0,valley,302.2939758300781
2026-02-02 01:30:00,real_time_price,270.0,valley,296.905029296875
2026-02-02 01:45:00,real_time_price,280.0,valley,295.3905334472656
2026-02-02 02:00:00,real_time_price,276.1,valley,296.1210632324219
2026-02-02 02:15:00,real_time_price,273.3,valley,295.3814697265625
2026-02-02 02:30:00,real_time_price,270.0,valley,291.03936767578125
2026-02-02 02:45:00,real_time_price,270.0,valley,290.11956787109375
2026-02-02 03:00:00,real_time_price,220.0,valley,287.9897766113281
2026-02-02 03:15:00,real_time_price,260.0,valley,284.9035949707031
2026-02-02 03:30:00,real_time_price,258.0,valley,281.8737487792969
2026-02-02 03:45:00,real_time_price,255.5,valley,281.5206298828125
2026-02-02 04:00:00,real_time_price,257.0,valley,280.83221435546875
2026-02-02 04:15:00,real_time_price,255.0,valley,279.5315856933594
2026-02-02 04:30:00,real_time_price,255.0,valley,278.32525634765625
2026-02-02 04:45:00,real_time_price,255.0,valley,275.6311950683594
2026-02-02 05:00:00,real_time_price,200.0,valley,275.51153564453125
2026-02-02 05:15:00,real_time_price,250.4,valley,276.44830322265625
2026-02-02 05:30:00,real_time_price,237.2,valley,276.1924133300781
2026-02-02 05:45:00,real_time_price,253.3,valley,277.86614990234375
2026-02-02 06:00:00,real_time_price,256.1,valley,280.6490173339844
2026-02-02 06:15:00,real_time_price,260.0,valley,284.3028259277344
2026-02-02 06:30:00,real_time_price,265.0,valley,289.69390869140625
2026-02-02 06:45:00,real_time_price,270.0,valley,294.0699768066406
2026-02-02 07:00:00,real_time_price,270.0,valley,298.6892395019531
2026-02-02 07:15:00,real_time_price,275.0,valley,302.4859924316406
2026-02-02 07:30:00,real_time_price,270.1,valley,308.39642333984375
2026-02-02 07:45:00,real_time_price,276.17,valley,314.0845947265625
2026-02-02 08:00:00,real_time_price,280.0,flat,319.90386962890625
2026-02-02 08:15:00,real_time_price,287.78,flat,334.6118469238281
2026-02-02 08:30:00,real_time_price,331.8,flat,332.42041015625
2026-02-02 08:45:00,real_time_price,326.61,flat,327.5891418457031
2026-02-02 09:00:00,real_time_price,367.83,flat,332.7907409667969
2026-02-02 09:15:00,real_time_price,364.53,flat,333.57098388671875
2026-02-02 09:30:00,real_time_price,324.42,flat,331.1070251464844
2026-02-02 09:45:00,real_time_price,282.27,flat,319.4579162597656
2026-02-02 10:00:00,real_time_price,266.57,peak,304.4002990722656
2026-02-02 10:15:00,real_time_price,267.44,peak,288.5916748046875
2026-02-02 10:30:00,real_time_price,266.51,peak,275.53973388671875
2026-02-02 10:45:00,real_time_price,276.38,peak,266.56561279296875
2026-02-02 11:00:00,real_time_price,273.47,peak,258.4757080078125
2026-02-02 11:15:00,real_time_price,272.2,peak,254.71820068359375
2026-02-02 11:30:00,real_time_price,274.91,peak,250.6710662841797
2026-02-02 11:45:00,real_time_price,260.35,peak,240.39968872070312
2026-02-02 12:00:00,real_time_price,286.41,flat,225.8101806640625
2026-02-02 12:15:00,real_time_price,213.81,flat,137.53981018066406
2026-02-02 12:30:00,real_time_price,274.55,flat,181.5624237060547
2026-02-02 12:45:00,real_time_price,246.45,flat,153.53395080566406
2026-02-02 13:00:00,real_time_price,158.95,flat,146.0447235107422
2026-02-02 13:15:00,real_time_price,227.01,flat,154.3301544189453
2026-02-02 13:30:00,real_time_price,217.0,flat,171.10403442382812
2026-02-02 13:45:00,real_time_price,317.12,flat,206.3441619873047
2026-02-02 14:00:00,real_time_price,265.85,peak,215.7177734375
2026-02-02 14:15:00,real_time_price,6.39,peak,209.27603149414062
2026-02-02 14:30:00,real_time_price,16.48,peak,184.04238891601562
2026-02-02 14:45:00,real_time_price,24.43,peak,194.56088256835938
2026-02-02 15:00:00,real_time_price,48.26,peak,206.34085083007812
2026-02-02 15:15:00,real_time_price,6.69,peak,220.2064208984375
2026-02-02 15:30:00,real_time_price,-48.81,peak,225.8658447265625
2026-02-02 15:45:00,real_time_price,-0.08,peak,261.6367492675781
2026-02-02 16:00:00,real_time_price,229.18,peak,273.41802978515625
2026-02-02 16:15:00,real_time_price,249.51,peak,281.99456787109375
2026-02-02 16:30:00,real_time_price,309.23,peak,289.61138916015625
2026-02-02 16:45:00,real_time_price,276.35,peak,293.41094970703125
2026-02-02 17:00:00,real_time_price,286.51,peak,301.6037902832031
2026-02-02 17:15:00,real_time_price,274.81,peak,304.8604736328125
2026-02-02 17:30:00,real_time_price,285.0,peak,310.33819580078125
2026-02-02 17:45:00,real_time_price,280.0,peak,311.6777648925781
2026-02-02 18:00:00,real_time_price,285.0,peak,316.6888427734375
2026-02-02 18:15:00,real_time_price,290.03,peak,319.5130310058594
2026-02-02 18:30:00,real_time_price,297.06,peak,323.310791015625
2026-02-02 18:45:00,real_time_price,294.96,peak,324.07159423828125
2026-02-02 19:00:00,real_time_price,307.0,flat,323.5819091796875
2026-02-02 19:15:00,real_time_price,296.0,flat,324.1005554199219
2026-02-02 19:30:00,real_time_price,422.45,flat,324.8558349609375
2026-02-02 19:45:00,real_time_price,310.04,flat,326.3185729980469
2026-02-02 20:00:00,real_time_price,312.47,flat,326.07098388671875
2026-02-02 20:15:00,real_time_price,290.9,flat,329.1934509277344
2026-02-02 20:30:00,real_time_price,288.01,flat,330.1427001953125
2026-02-02 20:45:00,real_time_price,289.01,flat,330.4578857421875
2026-02-02 21:00:00,real_time_price,286.98,flat,332.257568359375
2026-02-02 21:15:00,real_time_price,290.01,flat,332.2987976074219
2026-02-02 21:30:00,real_time_price,302.88,flat,333.0028076171875
2026-02-02 21:45:00,real_time_price,302.59,flat,328.80377197265625
2026-02-02 22:00:00,real_time_price,307.59,flat,324.2832946777344
2026-02-02 22:15:00,real_time_price,367.24,flat,319.61309814453125
2026-02-02 22:30:00,real_time_price,320.07,flat,313.1821594238281
2026-02-02 22:45:00,real_time_price,320.49,flat,310.893798828125
2026-02-02 23:00:00,real_time_price,300.71,flat,305.52093505859375
2026-02-02 23:15:00,real_time_price,292.46,flat,300.1736145019531
2026-02-02 23:30:00,real_time_price,314.06,flat,293.9278259277344
2026-02-02 23:45:00,real_time_price,312.93,flat,290.4449462890625
2026-02-03 00:00:00,real_time_price,307.28,valley,288.0364990234375
2026-02-03 00:15:00,real_time_price,255.5,valley,283.6622619628906
2026-02-03 00:30:00,real_time_price,361.95,valley,313.6243591308594
2026-02-03 00:45:00,real_time_price,327.36,valley,307.6101989746094
2026-02-03 01:00:00,real_time_price,281.43,valley,302.3336181640625
2026-02-03 01:15:00,real_time_price,287.15,valley,304.7192077636719
2026-02-03 01:30:00,real_time_price,274.96,valley,299.89495849609375
2026-02-03 01:45:00,real_time_price,276.95,valley,297.3876953125
2026-02-03 02:00:00,real_time_price,274.96,valley,296.3298645019531
2026-02-03 02:15:00,real_time_price,274.79,valley,294.3892517089844
2026-02-03 02:30:00,real_time_price,268.65,valley,290.1153564453125
2026-02-03 02:45:00,real_time_price,265.1,valley,289.044677734375
2026-02-03 03:00:00,real_time_price,260.24,valley,286.3682861328125
2026-02-03 03:15:00,real_time_price,260.0,valley,283.009521484375
2026-02-03 03:30:00,real_time_price,258.0,valley,279.9117126464844
2026-02-03 03:45:00,real_time_price,255.86,valley,280.1164245605469
2026-02-03 04:00:00,real_time_price,252.86,valley,278.9625549316406
2026-02-03 04:15:00,real_time_price,257.0,valley,278.9200439453125
2026-02-03 04:30:00,real_time_price,255.0,valley,278.96502685546875
2026-02-03 04:45:00,real_time_price,252.55,valley,276.9659118652344
2026-02-03 05:00:00,real_time_price,237.97,valley,276.40179443359375
2026-02-03 05:15:00,real_time_price,242.93,valley,278.33184814453125
2026-02-03 05:30:00,real_time_price,253.15,valley,279.21112060546875
2026-02-03 05:45:00,real_time_price,253.53,valley,281.179931640625
2026-02-03 06:00:00,real_time_price,257.77,valley,283.6097412109375
2026-02-03 06:15:00,real_time_price,260.0,valley,288.2361145019531
2026-02-03 06:30:00,real_time_price,258.82,valley,293.4184265136719
2026-02-03 06:45:00,real_time_price,263.5,valley,298.5361633300781
2026-02-03 07:00:00,real_time_price,274.01,valley,302.7521667480469
2026-02-03 07:15:00,real_time_price,268.97,valley,306.2048034667969
2026-02-03 07:30:00,real_time_price,276.79,valley,311.9696044921875
2026-02-03 07:45:00,real_time_price,281.9,valley,316.9793701171875
2026-02-03 08:00:00,real_time_price,304.52,flat,319.875
2026-02-03 08:15:00,real_time_price,319.19,flat,326.62860107421875
2026-02-03 08:30:00,real_time_price,393.98,flat,327.61700439453125
2026-02-03 08:45:00,real_time_price,346.7,flat,323.2001037597656
2026-02-03 09:00:00,real_time_price,358.23,flat,326.72088623046875
2026-02-03 09:15:00,real_time_price,330.29,flat,326.2581787109375
2026-02-03 09:30:00,real_time_price,320.38,flat,323.3421630859375
2026-02-03 09:45:00,real_time_price,258.9,flat,315.18798828125
2026-02-03 10:00:00,real_time_price,250.21,peak,302.6358337402344
2026-02-03 10:15:00,real_time_price,252.47,peak,290.4196472167969
2026-02-03 10:30:00,real_time_price,63.86,peak,280.7603759765625
2026-02-03 10:45:00,real_time_price,9.72,peak,275.16015625
2026-02-03 11:00:00,real_time_price,35.35,peak,269.5325622558594
2026-02-03 11:15:00,real_time_price,-42.67,peak,267.5859069824219
2026-02-03 11:30:00,real_time_price,-36.36,peak,262.59918212890625
2026-02-03 11:45:00,real_time_price,270.15,peak,253.91165161132812
2026-02-03 12:00:00,real_time_price,11.57,flat,242.908447265625
2026-02-03 12:15:00,real_time_price,-37.11,flat,149.6436004638672
2026-02-03 12:30:00,real_time_price,-47.04,flat,187.68511962890625
2026-02-03 12:45:00,real_time_price,-47.05,flat,168.0267333984375
2026-02-03 13:00:00,real_time_price,-35.39,flat,153.40773010253906
2026-02-03 13:15:00,real_time_price,-18.09,flat,163.02752685546875
2026-02-03 13:30:00,real_time_price,-47.05,flat,184.08755493164062
2026-02-03 13:45:00,real_time_price,-47.09,flat,216.51278686523438
2026-02-03 14:00:00,real_time_price,100.25,peak,228.63681030273438
2026-02-03 14:15:00,real_time_price,-42.55,peak,218.3004608154297
2026-02-03 14:30:00,real_time_price,-50.0,peak,191.92007446289062
2026-02-03 14:45:00,real_time_price,-47.05,peak,205.12440490722656
2026-02-03 15:00:00,real_time_price,51.98,peak,216.689453125
2026-02-03 15:15:00,real_time_price,-47.04,peak,234.33871459960938
2026-02-03 15:30:00,real_time_price,4.3,peak,239.35879516601562
2026-02-03 15:45:00,real_time_price,184.11,peak,268.0884704589844
2026-02-03 16:00:00,real_time_price,219.81,peak,277.1867370605469
2026-02-03 16:15:00,real_time_price,228.49,peak,284.9200134277344
2026-02-03 16:30:00,real_time_price,274.57,peak,292.7191467285156
2026-02-03 16:45:00,real_time_price,271.99,peak,296.4611511230469
2026-02-03 17:00:00,real_time_price,277.07,peak,304.7585754394531
2026-02-03 17:15:00,real_time_price,298.43,peak,306.9425354003906
2026-02-03 17:30:00,real_time_price,320.32,peak,312.55877685546875
2026-02-03 17:45:00,real_time_price,295.14,peak,312.8712158203125
2026-02-03 18:00:00,real_time_price,289.98,peak,317.30474853515625
2026-02-03 18:15:00,real_time_price,296.97,peak,319.0553894042969
2026-02-03 18:30:00,real_time_price,293.17,peak,323.2253112792969
2026-02-03 18:45:00,real_time_price,314.14,peak,323.4832458496094
2026-02-03 19:00:00,real_time_price,321.2,flat,322.0445556640625
2026-02-03 19:15:00,real_time_price,308.0,flat,322.0821228027344
2026-02-03 19:30:00,real_time_price,314.7,flat,322.8315734863281
2026-02-03 19:45:00,real_time_price,305.0,flat,325.15655517578125
2026-02-03 20:00:00,real_time_price,314.4,flat,325.82293701171875
2026-02-03 20:15:00,real_time_price,294.99,flat,330.4150695800781
2026-02-03 20:30:00,real_time_price,304.3,flat,331.97381591796875
2026-02-03 20:45:00,real_time_price,320.79,flat,331.9920959472656
2026-02-03 21:00:00,real_time_price,308.0,flat,334.5635681152344
2026-02-03 21:15:00,real_time_price,330.7,flat,335.7384033203125
2026-02-03 21:30:00,real_time_price,325.84,flat,336.8545227050781
2026-02-03 21:45:00,real_time_price,370.2,flat,333.64581298828125
2026-02-03 22:00:00,real_time_price,359.48,flat,328.95928955078125
2026-02-03 22:15:00,real_time_price,400.74,flat,323.8921203613281
2026-02-03 22:30:00,real_time_price,341.11,flat,317.7572937011719
2026-02-03 22:45:00,real_time_price,350.2,flat,315.1640625
2026-02-03 23:00:00,real_time_price,322.51,flat,309.607666015625
2026-02-03 23:15:00,real_time_price,304.43,flat,304.524169921875
2026-02-03 23:30:00,real_time_price,300.0,flat,298.3072509765625
2026-02-03 23:45:00,real_time_price,301.06,flat,293.6708984375
2026-02-04 00:00:00,real_time_price,289.1,valley,290.5940856933594
2026-02-04 00:15:00,real_time_price,277.7,valley,284.3795471191406
2026-02-04 00:30:00,real_time_price,331.9,valley,317.9222412109375
2026-02-04 00:45:00,real_time_price,340.82,valley,308.8052673339844
2026-02-04 01:00:00,real_time_price,358.74,valley,303.3133239746094
2026-02-04 01:15:00,real_time_price,357.77,valley,303.49908447265625
2026-02-04 01:30:00,real_time_price,311.13,valley,298.7723388671875
2026-02-04 01:45:00,real_time_price,277.7,valley,296.9707946777344
2026-02-04 02:00:00,real_time_price,303.81,valley,295.03533935546875
2026-02-04 02:15:00,real_time_price,295.67,valley,293.7225646972656
2026-02-04 02:30:00,real_time_price,291.64,valley,289.8704833984375
2026-02-04 02:45:00,real_time_price,288.83,valley,288.87109375
2026-02-04 03:00:00,real_time_price,280.1,valley,287.16876220703125
2026-02-04 03:15:00,real_time_price,277.0,valley,283.6026611328125
2026-02-04 03:30:00,real_time_price,272.0,valley,279.6287536621094
2026-02-04 03:45:00,real_time_price,275.3,valley,279.4312438964844
2026-02-04 04:00:00,real_time_price,276.1,valley,279.4411926269531
2026-02-04 04:15:00,real_time_price,275.0,valley,278.2562561035156
2026-02-04 04:30:00,real_time_price,275.7,valley,278.17779541015625
2026-02-04 04:45:00,real_time_price,275.0,valley,276.8137512207031
2026-02-04 05:00:00,real_time_price,277.7,valley,277.2171630859375
2026-02-04 05:15:00,real_time_price,275.7,valley,279.0790100097656
2026-02-04 05:30:00,real_time_price,275.0,valley,279.47003173828125
2026-02-04 05:45:00,real_time_price,276.1,valley,280.99884033203125
2026-02-04 06:00:00,real_time_price,280.3,valley,282.71636962890625
2026-02-04 06:15:00,real_time_price,280.0,valley,285.8249816894531
2026-02-04 06:30:00,real_time_price,311.94,valley,290.3792724609375
2026-02-04 06:45:00,real_time_price,297.81,valley,294.20233154296875
2026-02-04 07:00:00,real_time_price,300.81,valley,297.9090881347656
2026-02-04 07:15:00,real_time_price,285.1,valley,300.1768798828125
2026-02-04 07:30:00,real_time_price,295.0,valley,304.1140441894531
2026-02-04 07:45:00,real_time_price,302.81,valley,309.58404541015625
2026-02-04 08:00:00,real_time_price,318.05,flat,312.4333801269531
2026-02-04 08:15:00,real_time_price,363.08,flat,325.12237548828125
2026-02-04 08:30:00,real_time_price,420.48,flat,326.6506042480469
2026-02-04 08:45:00,real_time_price,418.18,flat,324.069091796875
2026-02-04 09:00:00,real_time_price,400.0,flat,334.04217529296875
2026-02-04 09:15:00,real_time_price,351.24,flat,337.10986328125
2026-02-04 09:30:00,real_time_price,305.58,flat,339.70843505859375
2026-02-04 09:45:00,real_time_price,358.03,flat,324.1649475097656
2026-02-04 10:00:00,real_time_price,292.0,peak,307.70404052734375
2026-02-04 10:15:00,real_time_price,277.45,peak,290.2351989746094
2026-02-04 10:30:00,real_time_price,268.35,peak,276.3855895996094
2026-02-04 10:45:00,real_time_price,304.56,peak,270.9888610839844
2026-02-04 11:00:00,real_time_price,272.98,peak,264.8163146972656
2026-02-04 11:15:00,real_time_price,262.65,peak,260.124755859375
2026-02-04 11:30:00,real_time_price,267.99,peak,253.4217529296875
2026-02-04 11:45:00,real_time_price,266.66,peak,244.11656188964844
2026-02-04 12:00:00,real_time_price,263.25,flat,229.4364013671875
2026-02-04 12:15:00,real_time_price,206.25,flat,123.03031921386719
2026-02-04 12:30:00,real_time_price,230.44,flat,159.1195068359375
2026-02-04 12:45:00,real_time_price,252.89,flat,140.35549926757812
2026-02-04 13:00:00,real_time_price,205.48,flat,131.27059936523438
2026-02-04 13:15:00,real_time_price,263.3,flat,136.77896118164062
2026-02-04 13:30:00,real_time_price,244.0,flat,158.1336212158203
2026-02-04 13:45:00,real_time_price,252.95,flat,192.58810424804688
2026-02-04 14:00:00,real_time_price,259.44,peak,202.5752410888672
2026-02-04 14:15:00,real_time_price,263.45,peak,192.5545654296875
2026-02-04 14:30:00,real_time_price,236.53,peak,174.05160522460938
2026-02-04 14:45:00,real_time_price,236.64,peak,181.69461059570312
2026-02-04 15:00:00,real_time_price,214.87,peak,198.5748291015625
2026-02-04 15:15:00,real_time_price,225.51,peak,217.3655242919922
2026-02-04 15:30:00,real_time_price,220.1,peak,221.66592407226562
2026-02-04 15:45:00,real_time_price,246.53,peak,259.4784240722656
2026-02-04 16:00:00,real_time_price,240.0,peak,272.7658386230469
2026-02-04 16:15:00,real_time_price,259.48,peak,284.1534118652344
2026-02-04 16:30:00,real_time_price,264.45,peak,289.1744384765625
2026-02-04 16:45:00,real_time_price,287.56,peak,292.054931640625
2026-02-04 17:00:00,real_time_price,290.18,peak,298.7502746582031
2026-02-04 17:15:00,real_time_price,297.95,peak,301.6878662109375
2026-02-04 17:30:00,real_time_price,295.0,peak,306.32843017578125
2026-02-04 17:45:00,real_time_price,285.0,peak,306.70330810546875
2026-02-04 18:00:00,real_time_price,320.0,peak,310.9744567871094
2026-02-04 18:15:00,real_time_price,294.1,peak,313.15911865234375
2026-02-04 18:30:00,real_time_price,298.29,peak,317.5892333984375
2026-02-04 18:45:00,real_time_price,338.88,peak,319.1651611328125
2026-02-04 19:00:00,real_time_price,326.62,flat,318.7569885253906
2026-02-04 19:15:00,real_time_price,310.0,flat,318.69921875
2026-02-04 19:30:00,real_time_price,303.35,flat,319.21270751953125
2026-02-04 19:45:00,real_time_price,315.0,flat,321.9750671386719
2026-02-04 20:00:00,real_time_price,320.0,flat,322.4574279785156
2026-02-04 20:15:00,real_time_price,292.2,flat,328.846923828125
2026-02-04 20:30:00,real_time_price,295.1,flat,329.4040222167969
2026-02-04 20:45:00,real_time_price,302.5,flat,329.89306640625
2026-02-04 21:00:00,real_time_price,319.0,flat,331.99169921875
2026-02-04 21:15:00,real_time_price,300.0,flat,332.8309326171875
2026-02-04 21:30:00,real_time_price,320.01,flat,333.2304992675781
2026-02-04 21:45:00,real_time_price,302.49,flat,328.38165283203125
2026-02-04 22:00:00,real_time_price,309.7,flat,324.23065185546875
2026-02-04 22:15:00,real_time_price,326.0,flat,319.5121154785156
2026-02-04 22:30:00,real_time_price,300.0,flat,313.69171142578125
2026-02-04 22:45:00,real_time_price,338.1,flat,311.2007141113281
2026-02-04 23:00:00,real_time_price,320.0,flat,305.1031494140625
2026-02-04 23:15:00,real_time_price,341.0,flat,301.12249755859375
2026-02-04 23:30:00,real_time_price,306.93,flat,294.8171081542969
2026-02-04 23:45:00,real_time_price,295.6,flat,291.797119140625
2026-02-05 00:00:00,real_time_price,277.7,valley,288.92230224609375
2026-02-05 00:15:00,real_time_price,277.7,valley,268.0528869628906
2026-02-05 00:30:00,real_time_price,323.29,valley,325.1478271484375
2026-02-05 00:45:00,real_time_price,310.0,valley,313.49261474609375
2026-02-05 01:00:00,real_time_price,310.0,valley,305.3558654785156
2026-02-05 01:15:00,real_time_price,310.0,valley,305.82037353515625
2026-02-05 01:30:00,real_time_price,283.0,valley,296.1343994140625
2026-02-05 01:45:00,real_time_price,276.1,valley,289.7505798339844
2026-02-05 02:00:00,real_time_price,276.1,valley,288.47723388671875
2026-02-05 02:15:00,real_time_price,278.1,valley,287.3236083984375
2026-02-05 02:30:00,real_time_price,283.0,valley,282.6055908203125
2026-02-05 02:45:00,real_time_price,279.0,valley,280.16668701171875
2026-02-05 03:00:00,real_time_price,275.0,valley,277.6107177734375
2026-02-05 03:15:00,real_time_price,275.0,valley,276.2771911621094
2026-02-05 03:30:00,real_time_price,275.0,valley,273.11846923828125
2026-02-05 03:45:00,real_time_price,275.0,valley,272.22552490234375
2026-02-05 04:00:00,real_time_price,275.0,valley,269.5312194824219
2026-02-05 04:15:00,real_time_price,270.68,valley,265.82012939453125
2026-02-05 04:30:00,real_time_price,270.4,valley,265.1907043457031
2026-02-05 04:45:00,real_time_price,270.0,valley,264.52581787109375
2026-02-05 05:00:00,real_time_price,270.4,valley,264.18988037109375
2026-02-05 05:15:00,real_time_price,268.2,valley,265.6636962890625
2026-02-05 05:30:00,real_time_price,272.6,valley,266.7173767089844
2026-02-05 05:45:00,real_time_price,268.4,valley,268.5016174316406
2026-02-05 06:00:00,real_time_price,270.0,valley,270.3625183105469
2026-02-05 06:15:00,real_time_price,270.4,valley,273.009521484375
2026-02-05 06:30:00,real_time_price,270.0,valley,277.6767578125
2026-02-05 06:45:00,real_time_price,275.0,valley,280.6724853515625
2026-02-05 07:00:00,real_time_price,275.0,valley,285.01593017578125
2026-02-05 07:15:00,real_time_price,275.0,valley,287.23297119140625
2026-02-05 07:30:00,real_time_price,275.0,valley,290.7274169921875
2026-02-05 07:45:00,real_time_price,285.0,valley,295.0419921875
2026-02-05 08:00:00,real_time_price,296.45,flat,305.2922668457031
2026-02-05 08:15:00,real_time_price,310.0,flat,310.3473205566406
2026-02-05 08:30:00,real_time_price,340.69,flat,318.5687255859375
2026-02-05 08:45:00,real_time_price,300.12,flat,319.0905456542969
2026-02-05 09:00:00,real_time_price,325.0,flat,323.9639587402344
2026-02-05 09:15:00,real_time_price,300.0,flat,322.1087646484375
2026-02-05 09:30:00,real_time_price,302.0,flat,318.75701904296875
2026-02-05 09:45:00,real_time_price,305.8,flat,310.37481689453125
2026-02-05 10:00:00,real_time_price,275.0,peak,294.44677734375
2026-02-05 10:15:00,real_time_price,274.0,peak,284.5717468261719
2026-02-05 10:30:00,real_time_price,265.1,peak,276.12225341796875
2026-02-05 10:45:00,real_time_price,260.1,peak,271.47119140625
2026-02-05 11:00:00,real_time_price,260.0,peak,267.6460876464844
2026-02-05 11:15:00,real_time_price,256.24,peak,265.47186279296875
2026-02-05 11:30:00,real_time_price,255.0,peak,264.9092102050781
2026-02-05 11:45:00,real_time_price,238.74,peak,259.6946716308594
2026-02-05 12:00:00,real_time_price,245.3,flat,246.58871459960938
2026-02-05 12:15:00,real_time_price,105.18,flat,196.7744598388672
2026-02-05 12:30:00,real_time_price,200.0,flat,219.7918701171875
2026-02-05 12:45:00,real_time_price,177.08,flat,211.6192626953125
2026-02-05 13:00:00,real_time_price,120.0,flat,198.0863800048828
2026-02-05 13:15:00,real_time_price,241.07,flat,209.02291870117188
2026-02-05 13:30:00,real_time_price,235.98,flat,213.67974853515625
2026-02-05 13:45:00,real_time_price,241.43,flat,231.5066680908203
2026-02-05 14:00:00,real_time_price,257.82,peak,238.42535400390625
2026-02-05 14:15:00,real_time_price,265.33,peak,226.99362182617188
2026-02-05 14:30:00,real_time_price,249.39,peak,205.14730834960938
2026-02-05 14:45:00,real_time_price,223.84,peak,204.42343139648438
2026-02-05 15:00:00,real_time_price,234.81,peak,208.89486694335938
2026-02-05 15:15:00,real_time_price,245.3,peak,215.42440795898438
2026-02-05 15:30:00,real_time_price,248.12,peak,220.1572723388672
2026-02-05 15:45:00,real_time_price,250.2,peak,240.5721435546875
2026-02-05 16:00:00,real_time_price,255.0,peak,253.11131286621094
2026-02-05 16:15:00,real_time_price,262.82,peak,267.2958068847656
2026-02-05 16:30:00,real_time_price,270.0,peak,280.30938720703125
2026-02-05 16:45:00,real_time_price,274.3,peak,287.0774230957031
2026-02-05 17:00:00,real_time_price,275.0,peak,295.88446044921875
2026-02-05 17:15:00,real_time_price,288.0,peak,298.42279052734375
2026-02-05 17:30:00,real_time_price,311.14,peak,303.0486755371094
2026-02-05 17:45:00,real_time_price,291.0,peak,301.71160888671875
2026-02-05 18:00:00,real_time_price,310.0,peak,305.8252258300781
2026-02-05 18:15:00,real_time_price,318.28,peak,307.53656005859375
2026-02-05 18:30:00,real_time_price,326.73,peak,311.6396484375
2026-02-05 18:45:00,real_time_price,290.0,peak,314.5845031738281
2026-02-05 19:00:00,real_time_price,315.0,flat,315.90301513671875
2026-02-05 19:15:00,real_time_price,309.98,flat,314.02374267578125
2026-02-05 19:30:00,real_time_price,320.13,flat,314.60748291015625
2026-02-05 19:45:00,real_time_price,329.0,flat,314.58343505859375
2026-02-05 20:00:00,real_time_price,366.44,flat,314.77191162109375
2026-02-05 20:15:00,real_time_price,300.0,flat,312.3564453125
2026-02-05 20:30:00,real_time_price,309.5,flat,315.7512512207031
2026-02-05 20:45:00,real_time_price,310.0,flat,315.5209045410156
2026-02-05 21:00:00,real_time_price,341.0,flat,319.1509094238281
2026-02-05 21:15:00,real_time_price,320.0,flat,321.31109619140625
2026-02-05 21:30:00,real_time_price,320.08,flat,324.7525329589844
2026-02-05 21:45:00,real_time_price,343.51,flat,324.10546875
2026-02-05 22:00:00,real_time_price,300.0,flat,321.9768371582031
2026-02-05 22:15:00,real_time_price,350.32,flat,321.3967590332031
2026-02-05 22:30:00,real_time_price,339.0,flat,317.063720703125
2026-02-05 22:45:00,real_time_price,344.67,flat,313.43218994140625
2026-02-05 23:00:00,real_time_price,333.0,flat,308.5518798828125
2026-02-05 23:15:00,real_time_price,325.12,flat,302.7456970214844
2026-02-05 23:30:00,real_time_price,312.92,flat,297.13421630859375
2026-02-05 23:45:00,real_time_price,290.0,flat,293.0409851074219
2026-02-06 00:00:00,real_time_price,290.0,valley,288.4610900878906
2026-02-06 00:15:00,real_time_price,280.0,valley,271.31719970703125
2026-02-06 00:30:00,real_time_price,300.0,valley,324.6248474121094
2026-02-06 00:45:00,real_time_price,320.7,valley,311.3111877441406
2026-02-06 01:00:00,real_time_price,320.0,valley,303.9367370605469
2026-02-06 01:15:00,real_time_price,302.8,valley,304.3515625
2026-02-06 01:30:00,real_time_price,310.0,valley,294.41400146484375
2026-02-06 01:45:00,real_time_price,291.79,valley,287.983154296875
2026-02-06 02:00:00,real_time_price,284.0,valley,285.8866882324219
2026-02-06 02:15:00,real_time_price,280.0,valley,285.0391540527344
2026-02-06 02:30:00,real_time_price,280.0,valley,280.9942321777344
2026-02-06 02:45:00,real_time_price,278.81,valley,278.21142578125
2026-02-06 03:00:00,real_time_price,278.4,valley,275.4858703613281
2026-02-06 03:15:00,real_time_price,278.4,valley,275.13714599609375
2026-02-06 03:30:00,real_time_price,276.1,valley,272.0656433105469
2026-02-06 03:45:00,real_time_price,277.2,valley,271.11090087890625
2026-02-06 04:00:00,real_time_price,275.3,valley,268.44964599609375
2026-02-06 04:15:00,real_time_price,277.0,valley,265.03387451171875
2026-02-06 04:30:00,real_time_price,275.3,valley,264.3966064453125
2026-02-06 04:45:00,real_time_price,276.1,valley,263.2946472167969
2026-02-06 05:00:00,real_time_price,275.0,valley,262.47296142578125
2026-02-06 05:15:00,real_time_price,275.2,valley,263.3428649902344
2026-02-06 05:30:00,real_time_price,275.0,valley,264.6821594238281
2026-02-06 05:45:00,real_time_price,276.0,valley,266.2765808105469
2026-02-06 06:00:00,real_time_price,279.0,valley,269.0325622558594
2026-02-06 06:15:00,real_time_price,279.0,valley,271.0326232910156
2026-02-06 06:30:00,real_time_price,278.0,valley,275.452880859375
2026-02-06 06:45:00,real_time_price,282.0,valley,278.5660400390625
2026-02-06 07:00:00,real_time_price,284.0,valley,282.85675048828125
2026-02-06 07:15:00,real_time_price,285.0,valley,285.74493408203125
2026-02-06 07:30:00,real_time_price,300.0,valley,289.9937744140625
2026-02-06 07:45:00,real_time_price,300.0,valley,295.1334533691406
2026-02-06 08:00:00,real_time_price,310.0,flat,303.70025634765625
2026-02-06 08:15:00,real_time_price,313.8,flat,307.1165771484375
2026-02-06 08:30:00,real_time_price,287.0,flat,314.62213134765625
2026-02-06 08:45:00,real_time_price,313.8,flat,314.93145751953125
2026-02-06 09:00:00,real_time_price,300.0,flat,320.0071716308594
2026-02-06 09:15:00,real_time_price,285.0,flat,318.1706237792969
2026-02-06 09:30:00,real_time_price,300.0,flat,314.3807373046875
2026-02-06 09:45:00,real_time_price,277.0,flat,306.0325927734375
2026-02-06 10:00:00,real_time_price,275.0,peak,292.64581298828125
2026-02-06 10:15:00,real_time_price,270.0,peak,282.9751281738281
2026-02-06 10:30:00,real_time_price,212.0,peak,273.541015625
2026-02-06 10:45:00,real_time_price,260.0,peak,267.05517578125
2026-02-06 11:00:00,real_time_price,210.0,peak,262.2935791015625
2026-02-06 11:15:00,real_time_price,43.25,peak,261.4373474121094
2026-02-06 11:30:00,real_time_price,190.94,peak,262.3052673339844
2026-02-06 11:45:00,real_time_price,198.46,peak,256.6016845703125
2026-02-06 12:00:00,real_time_price,53.37,flat,241.72776794433594
2026-02-06 12:15:00,real_time_price,-34.14,flat,181.51953125
2026-02-06 12:30:00,real_time_price,67.12,flat,209.78042602539062
2026-02-06 12:45:00,real_time_price,0.72,flat,199.23931884765625
2026-02-06 13:00:00,real_time_price,17.9,flat,186.22476196289062
2026-02-06 13:15:00,real_time_price,-35.59,flat,198.4808349609375
2026-02-06 13:30:00,real_time_price,-41.32,flat,201.40179443359375
2026-02-06 13:45:00,real_time_price,209.37,flat,228.72140502929688
2026-02-06 14:00:00,real_time_price,204.12,peak,236.38523864746094
2026-02-06 14:15:00,real_time_price,-36.83,peak,221.783447265625
2026-02-06 14:30:00,real_time_price,-35.69,peak,196.79022216796875
2026-02-06 14:45:00,real_time_price,-43.92,peak,198.88470458984375
2026-02-06 15:00:00,real_time_price,10.5,peak,203.021240234375
2026-02-06 15:15:00,real_time_price,49.23,peak,210.18637084960938
2026-02-06 15:30:00,real_time_price,49.12,peak,216.1202850341797
2026-02-06 15:45:00,real_time_price,221.05,peak,239.33709716796875
2026-02-06 16:00:00,real_time_price,251.69,peak,250.2857666015625
2026-02-06 16:15:00,real_time_price,255.0,peak,268.46160888671875
2026-02-06 16:30:00,real_time_price,281.37,peak,279.5070495605469
2026-02-06 16:45:00,real_time_price,281.68,peak,286.3797912597656
2026-02-06 17:00:00,real_time_price,279.6,peak,294.6122741699219
2026-02-06 17:15:00,real_time_price,280.0,peak,298.6336975097656
2026-02-06 17:30:00,real_time_price,300.0,peak,302.8616943359375
2026-02-06 17:45:00,real_time_price,310.0,peak,301.6443176269531
2026-02-06 18:00:00,real_time_price,358.82,peak,305.853515625
2026-02-06 18:15:00,real_time_price,358.0,peak,307.00628662109375
2026-02-06 18:30:00,real_time_price,350.0,peak,311.0449523925781
2026-02-06 18:45:00,real_time_price,352.49,peak,313.1442565917969
2026-02-06 19:00:00,real_time_price,400.18,flat,313.9892883300781
2026-02-06 19:15:00,real_time_price,309.2,flat,312.71612548828125
2026-02-06 19:30:00,real_time_price,316.93,flat,314.0955810546875
2026-02-06 19:45:00,real_time_price,319.8,flat,314.5831604003906
2026-02-06 20:00:00,real_time_price,312.5,flat,314.6680603027344
2026-02-06 20:15:00,real_time_price,285.3,flat,312.5624084472656
2026-02-06 20:30:00,real_time_price,310.0,flat,315.0876159667969
2026-02-06 20:45:00,real_time_price,310.0,flat,315.7077941894531
2026-02-06 21:00:00,real_time_price,285.17,flat,319.69232177734375
2026-02-06 21:15:00,real_time_price,296.22,flat,321.079345703125
2026-02-06 21:30:00,real_time_price,300.0,flat,324.0213928222656
2026-02-06 21:45:00,real_time_price,302.0,flat,321.89874267578125
2026-02-06 22:00:00,real_time_price,295.0,flat,319.9690856933594
2026-02-06 22:15:00,real_time_price,295.0,flat,318.1374816894531
2026-02-06 22:30:00,real_time_price,290.0,flat,314.05377197265625
2026-02-06 22:45:00,real_time_price,278.0,flat,312.3365173339844
2026-02-06 23:00:00,real_time_price,290.0,flat,307.14202880859375
2026-02-06 23:15:00,real_time_price,277.0,flat,302.36639404296875
2026-02-06 23:30:00,real_time_price,280.3,flat,297.0281982421875
2026-02-06 23:45:00,real_time_price,277.0,flat,292.9425048828125
2026-02-07 00:00:00,real_time_price,275.0,valley,288.5896911621094
2026-02-07 00:15:00,real_time_price,270.02,valley,270.4570007324219
2026-02-07 00:30:00,real_time_price,320.01,valley,327.9330749511719
2026-02-07 00:45:00,real_time_price,279.86,valley,313.9496765136719
2026-02-07 01:00:00,real_time_price,280.3,valley,305.8574523925781
2026-02-07 01:15:00,real_time_price,285.18,valley,304.8226013183594
2026-02-07 01:30:00,real_time_price,279.75,valley,293.48284912109375
2026-02-07 01:45:00,real_time_price,272.13,valley,287.2816467285156
2026-02-07 02:00:00,real_time_price,272.0,valley,287.8018493652344
2026-02-07 02:15:00,real_time_price,263.32,valley,285.8213195800781
2026-02-07 02:30:00,real_time_price,270.0,valley,281.88702392578125
2026-02-07 02:45:00,real_time_price,265.19,valley,279.19525146484375
2026-02-07 03:00:00,real_time_price,265.05,valley,276.39202880859375
2026-02-07 03:15:00,real_time_price,254.09,valley,275.7596130371094
2026-02-07 03:30:00,real_time_price,262.89,valley,272.56427001953125
2026-02-07 03:45:00,real_time_price,255.39,valley,271.57452392578125
2026-02-07 04:00:00,real_time_price,260.15,valley,269.37322998046875
2026-02-07 04:15:00,real_time_price,257.95,valley,268.5071716308594
2026-02-07 04:30:00,real_time_price,249.93,valley,267.4879455566406
2026-02-07 04:45:00,real_time_price,249.93,valley,266.0845031738281
2026-02-07 05:00:00,real_time_price,239.93,valley,265.2348937988281
2026-02-07 05:15:00,real_time_price,204.63,valley,266.503173828125
2026-02-07 05:30:00,real_time_price,240.34,valley,267.2188720703125
2026-02-07 05:45:00,real_time_price,219.8,valley,268.42230224609375
2026-02-07 06:00:00,real_time_price,240.17,valley,270.9969177246094
2026-02-07 06:15:00,real_time_price,240.16,valley,272.87860107421875
2026-02-07 06:30:00,real_time_price,249.89,valley,276.6236877441406
2026-02-07 06:45:00,real_time_price,247.88,valley,279.31787109375
2026-02-07 07:00:00,real_time_price,255.01,valley,282.9748229980469
2026-02-07 07:15:00,real_time_price,254.12,valley,285.96807861328125
2026-02-07 07:30:00,real_time_price,257.59,valley,289.7630615234375
2026-02-07 07:45:00,real_time_price,266.0,valley,293.402587890625
2026-02-07 08:00:00,real_time_price,264.34,flat,303.58319091796875
2026-02-07 08:15:00,real_time_price,270.0,flat,311.3456115722656
2026-02-07 08:30:00,real_time_price,271.46,flat,318.5333557128906
2026-02-07 08:45:00,real_time_price,-50.0,flat,319.5684509277344
2026-02-07 09:00:00,real_time_price,265.0,flat,326.54266357421875
2026-02-07 09:15:00,real_time_price,255.52,flat,324.3213195800781
2026-02-07 09:30:00,real_time_price,264.31,flat,322.1678161621094
2026-02-07 09:45:00,real_time_price,257.67,flat,313.23309326171875
2026-02-07 10:00:00,real_time_price,43.25,peak,300.2294921875
2026-02-07 10:15:00,real_time_price,43.25,peak,289.79522705078125
2026-02-07 10:30:00,real_time_price,43.25,peak,280.672607421875
2026-02-07 10:45:00,real_time_price,195.0,peak,275.9357604980469
2026-02-07 11:00:00,real_time_price,-10.0,peak,270.4478759765625
2026-02-07 11:15:00,real_time_price,-50.0,peak,267.5673522949219
2026-02-07 11:30:00,real_time_price,-50.0,peak,267.3377380371094
2026-02-07 11:45:00,real_time_price,71.45,peak,261.6429138183594
2026-02-07 12:00:00,real_time_price,-50.0,flat,247.025634765625
2026-02-07 12:15:00,real_time_price,-50.0,flat,196.14111328125
2026-02-07 12:30:00,real_time_price,-50.0,flat,238.3459930419922
2026-02-07 12:45:00,real_time_price,-50.0,flat,222.91244506835938
2026-02-07 13:00:00,real_time_price,-50.0,flat,215.54815673828125
2026-02-07 13:15:00,real_time_price,-15.67,flat,225.457763671875
2026-02-07 13:30:00,real_time_price,-50.0,flat,224.29771423339844
2026-02-07 13:45:00,real_time_price,-50.0,flat,239.5135498046875
2026-02-07 14:00:00,real_time_price,-50.0,peak,248.04209899902344
2026-02-07 14:15:00,real_time_price,-50.0,peak,235.4136962890625
2026-02-07 14:30:00,real_time_price,-50.0,peak,214.91221618652344
2026-02-07 14:45:00,real_time_price,-50.0,peak,213.58169555664062
2026-02-07 15:00:00,real_time_price,-50.0,peak,217.4212646484375
2026-02-07 15:15:00,real_time_price,-50.0,peak,220.85513305664062
2026-02-07 15:30:00,real_time_price,-50.0,peak,225.9947509765625
2026-02-07 15:45:00,real_time_price,-50.0,peak,245.14463806152344
2026-02-07 16:00:00,real_time_price,-50.0,peak,252.73428344726562
2026-02-07 16:15:00,real_time_price,-50.0,peak,264.70001220703125
2026-02-07 16:30:00,real_time_price,205.2,peak,279.17572021484375
2026-02-07 16:45:00,real_time_price,243.0,peak,285.00164794921875
2026-02-07 17:00:00,real_time_price,252.0,peak,292.0495910644531
2026-02-07 17:15:00,real_time_price,255.2,peak,296.60577392578125
2026-02-07 17:30:00,real_time_price,265.1,peak,300.7236633300781
2026-02-07 17:45:00,real_time_price,242.2,peak,300.0209655761719
2026-02-07 18:00:00,real_time_price,279.28,peak,303.9366455078125
2026-02-07 18:15:00,real_time_price,300.0,peak,305.4676208496094
2026-02-07 18:30:00,real_time_price,314.84,peak,309.1273498535156
2026-02-07 18:45:00,real_time_price,316.0,peak,310.6628723144531
2026-02-07 19:00:00,real_time_price,302.1,flat,311.6976013183594
2026-02-07 19:15:00,real_time_price,270.0,flat,311.0564880371094
2026-02-07 19:30:00,real_time_price,270.0,flat,312.86590576171875
2026-02-07 19:45:00,real_time_price,280.0,flat,312.82757568359375
2026-02-07 20:00:00,real_time_price,293.1,flat,313.25799560546875
2026-02-07 20:15:00,real_time_price,280.31,flat,313.0579528808594
2026-02-07 20:30:00,real_time_price,279.0,flat,315.7740783691406
2026-02-07 20:45:00,real_time_price,280.2,flat,318.4023742675781
2026-02-07 21:00:00,real_time_price,270.1,flat,320.49749755859375
2026-02-07 21:15:00,real_time_price,281.24,flat,323.19317626953125
2026-02-07 21:30:00,real_time_price,283.0,flat,326.0740966796875
2026-02-07 21:45:00,real_time_price,285.33,flat,324.5858154296875
2026-02-07 22:00:00,real_time_price,275.3,flat,322.5743103027344
2026-02-07 22:15:00,real_time_price,280.0,flat,321.2306823730469
2026-02-07 22:30:00,real_time_price,44.48,flat,318.0374450683594
2026-02-07 22:45:00,real_time_price,265.1,flat,314.8983459472656
2026-02-07 23:00:00,real_time_price,265.3,flat,309.3376770019531
2026-02-07 23:15:00,real_time_price,230.24,flat,304.2705078125
2026-02-07 23:30:00,real_time_price,259.0,flat,298.1381530761719
2026-02-07 23:45:00,real_time_price,240.0,flat,293.1039123535156
2026-02-08 00:00:00,real_time_price,255.5,valley,288.5847473144531
2026-02-08 00:15:00,real_time_price,-0.53,valley,272.3258361816406
2026-02-08 00:30:00,real_time_price,-49.38,valley,329.19671630859375
2026-02-08 00:45:00,real_time_price,205.0,valley,313.0408630371094
2026-02-08 01:00:00,real_time_price,0.0,valley,305.00775146484375
2026-02-08 01:15:00,real_time_price,54.46,valley,304.780029296875
2026-02-08 01:30:00,real_time_price,-50.0,valley,294.20648193359375
2026-02-08 01:45:00,real_time_price,0.0,valley,287.01934814453125
2026-02-08 02:00:00,real_time_price,-50.0,valley,287.7489929199219
2026-02-08 02:15:00,real_time_price,0.0,valley,285.93060302734375
2026-02-08 02:30:00,real_time_price,-50.0,valley,281.8909606933594
2026-02-08 02:45:00,real_time_price,-40.0,valley,279.83172607421875
2026-02-08 03:00:00,real_time_price,-50.0,valley,276.2391662597656
2026-02-08 03:15:00,real_time_price,-50.0,valley,275.6115417480469
2026-02-08 03:30:00,real_time_price,-50.0,valley,272.3291320800781
2026-02-08 03:45:00,real_time_price,-50.0,valley,271.1351318359375
2026-02-08 04:00:00,real_time_price,-50.0,valley,268.7828369140625
2026-02-08 04:15:00,real_time_price,-50.0,valley,269.16497802734375
2026-02-08 04:30:00,real_time_price,0.0,valley,267.9198913574219
2026-02-08 04:45:00,real_time_price,-40.0,valley,266.4971008300781
2026-02-08 05:00:00,real_time_price,-50.0,valley,265.16796875
2026-02-08 05:15:00,real_time_price,-50.0,valley,266.8489074707031
2026-02-08 05:30:00,real_time_price,-50.0,valley,267.418701171875
2026-02-08 05:45:00,real_time_price,-50.0,valley,268.2891540527344
2026-02-08 06:00:00,real_time_price,-50.0,valley,271.1518249511719
2026-02-08 06:15:00,real_time_price,-50.0,valley,273.1173400878906
2026-02-08 06:30:00,real_time_price,-50.0,valley,276.7471008300781
2026-02-08 06:45:00,real_time_price,-50.0,valley,279.4580383300781
2026-02-08 07:00:00,real_time_price,43.25,valley,282.04681396484375
2026-02-08 07:15:00,real_time_price,-50.0,valley,284.4992980957031
2026-02-08 07:30:00,real_time_price,-50.0,valley,287.63800048828125
2026-02-08 07:45:00,real_time_price,46.67,valley,290.2666931152344
2026-02-08 08:00:00,real_time_price,-50.0,flat,297.04754638671875
2026-02-08 08:15:00,real_time_price,0.0,flat,299.9712829589844
2026-02-08 08:30:00,real_time_price,48.97,flat,307.54693603515625
2026-02-08 08:45:00,real_time_price,49.68,flat,306.65106201171875
2026-02-08 09:00:00,real_time_price,212.13,flat,310.98492431640625
2026-02-08 09:15:00,real_time_price,242.8,flat,313.06146240234375
2026-02-08 09:30:00,real_time_price,243.83,flat,312.4775085449219
2026-02-08 09:45:00,real_time_price,229.21,flat,305.8940124511719
2026-02-08 10:00:00,real_time_price,43.54,peak,291.18963623046875
2026-02-08 10:15:00,real_time_price,0.16,peak,281.9574279785156
2026-02-08 10:30:00,real_time_price,-50.0,peak,274.26141357421875
2026-02-08 10:45:00,real_time_price,43.54,peak,269.06707763671875
2026-02-08 11:00:00,real_time_price,44.33,peak,262.8994140625
2026-02-08 11:15:00,real_time_price,0.59,peak,262.74786376953125
2026-02-08 11:30:00,real_time_price,-42.5,peak,264.13775634765625
2026-02-08 11:45:00,real_time_price,1.92,peak,257.4358825683594
2026-02-08 12:00:00,real_time_price,-48.74,flat,237.4632568359375
2026-02-08 12:15:00,real_time_price,-50.0,flat,185.31884765625
2026-02-08 12:30:00,real_time_price,1.05,flat,218.56076049804688
2026-02-08 12:45:00,real_time_price,-38.79,flat,209.52145385742188
2026-02-08 13:00:00,real_time_price,-49.14,flat,200.64495849609375
2026-02-08 13:15:00,real_time_price,-47.17,flat,209.33213806152344
2026-02-08 13:30:00,real_time_price,-47.17,flat,213.2921142578125
2026-02-08 13:45:00,real_time_price,-48.79,flat,231.77163696289062
2026-02-08 14:00:00,real_time_price,-48.04,peak,244.02462768554688
2026-02-08 14:15:00,real_time_price,-50.0,peak,230.65582275390625
2026-02-08 14:30:00,real_time_price,-50.0,peak,203.53887939453125
2026-02-08 14:45:00,real_time_price,-50.0,peak,202.42486572265625
2026-02-08 15:00:00,real_time_price,-50.0,peak,207.2073516845703
2026-02-08 15:15:00,real_time_price,-50.0,peak,213.57156372070312
2026-02-08 15:30:00,real_time_price,-50.0,peak,216.4404754638672
2026-02-08 15:45:00,real_time_price,-50.0,peak,242.46449279785156
2026-02-08 16:00:00,real_time_price,-50.0,peak,256.0113830566406
2026-02-08 16:15:00,real_time_price,-50.0,peak,266.06890869140625
2026-02-08 16:30:00,real_time_price,-50.0,peak,279.7936706542969
2026-02-08 16:45:00,real_time_price,0.0,peak,286.0575866699219
2026-02-08 17:00:00,real_time_price,70.43,peak,293.492431640625
2026-02-08 17:15:00,real_time_price,-0.02,peak,297.2804260253906
2026-02-08 17:30:00,real_time_price,-2.11,peak,301.95709228515625
2026-02-08 17:45:00,real_time_price,-1.17,peak,301.3002014160156
2026-02-08 18:00:00,real_time_price,230.87,peak,304.5088806152344
2026-02-08 18:15:00,real_time_price,207.61,peak,305.7163391113281
2026-02-08 18:30:00,real_time_price,117.9,peak,309.3010559082031
2026-02-08 18:45:00,real_time_price,369.78,peak,310.4510498046875
2026-02-08 19:00:00,real_time_price,250.1,flat,310.9485778808594
2026-02-08 19:15:00,real_time_price,238.49,flat,310.46502685546875
2026-02-08 19:30:00,real_time_price,259.8,flat,311.5516357421875
2026-02-08 19:45:00,real_time_price,0.0,flat,310.96624755859375
2026-02-08 20:00:00,real_time_price,250.1,flat,311.5284729003906
2026-02-08 20:15:00,real_time_price,257.0,flat,309.2809753417969
2026-02-08 20:30:00,real_time_price,251.38,flat,311.2431945800781
2026-02-08 20:45:00,real_time_price,255.0,flat,312.7520446777344
2026-02-08 21:00:00,real_time_price,260.0,flat,315.3717041015625
2026-02-08 21:15:00,real_time_price,259.95,flat,319.7186279296875
2026-02-08 21:30:00,real_time_price,260.0,flat,323.26190185546875
2026-02-08 21:45:00,real_time_price,255.0,flat,321.4681091308594
2026-02-08 22:00:00,real_time_price,245.0,flat,318.9874267578125
2026-02-08 22:15:00,real_time_price,244.91,flat,318.53436279296875
2026-02-08 22:30:00,real_time_price,50.0,flat,314.4283142089844
2026-02-08 22:45:00,real_time_price,244.9,flat,312.9341125488281
2026-02-08 23:00:00,real_time_price,243.0,flat,306.9367370605469
2026-02-08 23:15:00,real_time_price,105.14,flat,302.4293518066406
2026-02-08 23:30:00,real_time_price,243.2,flat,296.0624084472656
2026-02-08 23:45:00,real_time_price,210.08,flat,291.92877197265625
2026-02-09 00:00:00,real_time_price,105.88,valley,287.8394775390625
2026-02-09 00:15:00,real_time_price,250.2,valley,270.7523498535156
2026-02-09 00:30:00,real_time_price,267.0,valley,327.19647216796875
2026-02-09 00:45:00,real_time_price,248.0,valley,309.5714111328125
2026-02-09 01:00:00,real_time_price,250.0,valley,300.18060302734375
2026-02-09 01:15:00,real_time_price,219.95,valley,300.9790954589844
2026-02-09 01:30:00,real_time_price,-50.0,valley,291.02459716796875
2026-02-09 01:45:00,real_time_price,-50.0,valley,285.02386474609375
2026-02-09 02:00:00,real_time_price,-50.0,valley,285.7671813964844
2026-02-09 02:15:00,real_time_price,-49.99,valley,283.4112854003906
2026-02-09 02:30:00,real_time_price,-50.0,valley,280.34588623046875
2026-02-09 02:45:00,real_time_price,-50.0,valley,278.37188720703125
2026-02-09 03:00:00,real_time_price,-50.0,valley,274.487060546875
2026-02-09 03:15:00,real_time_price,-50.0,valley,274.40875244140625
2026-02-09 03:30:00,real_time_price,-50.0,valley,271.7474365234375
2026-02-09 03:45:00,real_time_price,-50.0,valley,271.4953308105469
2026-02-09 04:00:00,real_time_price,-50.0,valley,268.7574462890625
2026-02-09 04:15:00,real_time_price,-50.0,valley,267.7978820800781
2026-02-09 04:30:00,real_time_price,-50.0,valley,267.0077819824219
2026-02-09 04:45:00,real_time_price,-50.0,valley,265.01458740234375
2026-02-09 05:00:00,real_time_price,-50.0,valley,262.98199462890625
2026-02-09 05:15:00,real_time_price,-50.0,valley,265.1619567871094
2026-02-09 05:30:00,real_time_price,-50.0,valley,265.991455078125
2026-02-09 05:45:00,real_time_price,-50.0,valley,267.40582275390625
2026-02-09 06:00:00,real_time_price,-50.0,valley,270.3867492675781
2026-02-09 06:15:00,real_time_price,-50.0,valley,272.7850646972656
2026-02-09 06:30:00,real_time_price,-50.0,valley,276.8920593261719
2026-02-09 06:45:00,real_time_price,-50.0,valley,280.7484130859375
2026-02-09 07:00:00,real_time_price,-50.0,valley,283.7934875488281
2026-02-09 07:15:00,real_time_price,-50.0,valley,286.4833679199219
2026-02-09 07:30:00,real_time_price,187.72,valley,289.5053405761719
2026-02-09 07:45:00,real_time_price,207.09,valley,293.4274597167969
2026-02-09 08:00:00,real_time_price,56.25,flat,301.735107421875
2026-02-09 08:15:00,real_time_price,213.89,flat,308.8889465332031
2026-02-09 08:30:00,real_time_price,3.4,flat,317.2738952636719
2026-02-09 08:45:00,real_time_price,-41.3,flat,316.9437561035156
2026-02-09 09:00:00,real_time_price,-42.43,flat,322.0142822265625
2026-02-09 09:15:00,real_time_price,-46.15,flat,322.0738220214844
2026-02-09 09:30:00,real_time_price,-45.44,flat,317.8768310546875
2026-02-09 09:45:00,real_time_price,-45.94,flat,308.4160461425781
2026-02-09 10:00:00,real_time_price,-44.35,peak,294.1492919921875
2026-02-09 10:15:00,real_time_price,-50.0,peak,283.8623962402344
2026-02-09 10:30:00,real_time_price,-39.03,peak,276.764892578125
2026-02-09 10:45:00,real_time_price,-38.67,peak,271.918701171875
2026-02-09 11:00:00,real_time_price,-31.73,peak,266.2642822265625
2026-02-09 11:15:00,real_time_price,-32.46,peak,264.3252868652344
2026-02-09 11:30:00,real_time_price,18.4,peak,263.3277893066406
2026-02-09 11:45:00,real_time_price,50.32,peak,258.86920166015625
2026-02-09 12:00:00,real_time_price,0.16,flat,243.50816345214844
2026-02-09 12:15:00,real_time_price,-46.97,flat,187.76959228515625
2026-02-09 12:30:00,real_time_price,213.18,flat,216.45547485351562
2026-02-09 12:45:00,real_time_price,154.72,flat,210.50582885742188
2026-02-09 13:00:00,real_time_price,142.95,flat,199.30078125
2026-02-09 13:15:00,real_time_price,4.5,flat,214.23007202148438
2026-02-09 13:30:00,real_time_price,-43.74,flat,216.32235717773438
2026-02-09 13:45:00,real_time_price,156.82,flat,235.74661254882812
2026-02-09 14:00:00,real_time_price,-46.39,peak,247.293212890625
2026-02-09 14:15:00,real_time_price,-46.35,peak,230.38497924804688
2026-02-09 14:30:00,real_time_price,-46.4,peak,205.72421264648438
2026-02-09 14:45:00,real_time_price,-47.03,peak,204.18386840820312
2026-02-09 15:00:00,real_time_price,-47.87,peak,211.4442138671875
2026-02-09 15:15:00,real_time_price,-48.03,peak,215.5557861328125
2026-02-09 15:30:00,real_time_price,-4.71,peak,221.34280395507812
2026-02-09 15:45:00,real_time_price,-47.45,peak,245.85501098632812
2026-02-09 16:00:00,real_time_price,-45.83,peak,260.0284118652344
2026-02-09 16:15:00,real_time_price,-45.82,peak,266.8025207519531
2026-02-09 16:30:00,real_time_price,-48.14,peak,279.84881591796875
2026-02-09 16:45:00,real_time_price,1.95,peak,284.8740234375
2026-02-09 17:00:00,real_time_price,-48.37,peak,293.7673034667969
2026-02-09 17:15:00,real_time_price,1.89,peak,296.74188232421875
2026-02-09 17:30:00,real_time_price,220.52,peak,301.81646728515625
2026-02-09 17:45:00,real_time_price,260.58,peak,299.913818359375
2026-02-09 18:00:00,real_time_price,265.1,peak,304.5508117675781
2026-02-09 18:15:00,real_time_price,265.0,peak,304.6817932128906
2026-02-09 18:30:00,real_time_price,259.95,peak,309.3416442871094
2026-02-09 18:45:00,real_time_price,264.41,peak,310.71197509765625
2026-02-09 19:00:00,real_time_price,267.53,flat,312.0034484863281
2026-02-09 19:15:00,real_time_price,265.52,flat,311.0640563964844
2026-02-09 19:30:00,real_time_price,266.0,flat,313.2687683105469
2026-02-09 19:45:00,real_time_price,281.13,flat,311.65130615234375
2026-02-09 20:00:00,real_time_price,270.15,flat,312.7149658203125
2026-02-09 20:15:00,real_time_price,274.42,flat,308.8677673339844
2026-02-09 20:30:00,real_time_price,269.96,flat,310.8945007324219
2026-02-09 20:45:00,real_time_price,270.2,flat,311.5373840332031
2026-02-09 21:00:00,real_time_price,288.69,flat,313.8773193359375
2026-02-09 21:15:00,real_time_price,269.98,flat,316.28375244140625
2026-02-09 21:30:00,real_time_price,270.01,flat,319.30279541015625
2026-02-09 21:45:00,real_time_price,280.44,flat,317.4906311035156
2026-02-09 22:00:00,real_time_price,265.04,flat,315.93408203125
2026-02-09 22:15:00,real_time_price,255.01,flat,314.5103454589844
2026-02-09 22:30:00,real_time_price,264.01,flat,311.5317687988281
2026-02-09 22:45:00,real_time_price,250.01,flat,310.1341247558594
2026-02-09 23:00:00,real_time_price,252.02,flat,304.38922119140625
2026-02-09 23:15:00,real_time_price,255.01,flat,300.51678466796875
2026-02-09 23:30:00,real_time_price,250.02,flat,295.0645446777344
2026-02-09 23:45:00,real_time_price,212.29,flat,291.5598449707031
2026-02-10 00:00:00,real_time_price,64.93,valley,286.84722900390625
2026-02-10 00:15:00,real_time_price,315.14,valley,269.6420593261719
2026-02-10 00:30:00,real_time_price,334.07,valley,329.8053894042969
2026-02-10 00:45:00,real_time_price,290.0,valley,311.93896484375
2026-02-10 01:00:00,real_time_price,278.1,valley,303.1816711425781
2026-02-10 01:15:00,real_time_price,280.0,valley,302.59320068359375
2026-02-10 01:30:00,real_time_price,270.0,valley,292.4479064941406
2026-02-10 01:45:00,real_time_price,270.0,valley,286.321533203125
2026-02-10 02:00:00,real_time_price,265.2,valley,285.6368103027344
2026-02-10 02:15:00,real_time_price,265.34,valley,283.9815673828125
2026-02-10 02:30:00,real_time_price,258.0,valley,280.52276611328125
2026-02-10 02:45:00,real_time_price,260.0,valley,278.9709777832031
2026-02-10 03:00:00,real_time_price,250.0,valley,274.5240173339844
2026-02-10 03:15:00,real_time_price,50.1,valley,274.0143737792969
2026-02-10 03:30:00,real_time_price,0.0,valley,270.310791015625
2026-02-10 03:45:00,real_time_price,-10.0,valley,269.95819091796875
2026-02-10 04:00:00,real_time_price,-50.0,valley,268.299560546875
2026-02-10 04:15:00,real_time_price,-50.0,valley,268.39208984375
2026-02-10 04:30:00,real_time_price,-50.0,valley,267.7992858886719
2026-02-10 04:45:00,real_time_price,-50.0,valley,264.95965576171875
2026-02-10 05:00:00,real_time_price,-50.0,valley,262.68682861328125
2026-02-10 05:15:00,real_time_price,-50.0,valley,264.72930908203125
2026-02-10 05:30:00,real_time_price,-50.0,valley,265.7878723144531
2026-02-10 05:45:00,real_time_price,-49.47,valley,267.4026184082031
2026-02-10 06:00:00,real_time_price,-49.48,valley,268.9233093261719
2026-02-10 06:15:00,real_time_price,0.0,valley,272.013427734375
2026-02-10 06:30:00,real_time_price,200.0,valley,276.44183349609375
2026-02-10 06:45:00,real_time_price,200.0,valley,279.357666015625
2026-02-10 07:00:00,real_time_price,230.0,valley,281.94427490234375
2026-02-10 07:15:00,real_time_price,260.0,valley,283.9100646972656
2026-02-10 07:30:00,real_time_price,260.0,valley,286.8387145996094
2026-02-10 07:45:00,real_time_price,230.2,valley,292.362548828125
2026-02-10 08:00:00,real_time_price,255.0,flat,301.4895935058594
2026-02-10 08:15:00,real_time_price,270.0,flat,311.8951721191406
2026-02-10 08:30:00,real_time_price,270.0,flat,321.8815612792969
2026-02-10 08:45:00,real_time_price,0.0,flat,320.9118957519531
2026-02-10 09:00:00,real_time_price,270.0,flat,328.3619079589844
2026-02-10 09:15:00,real_time_price,270.0,flat,326.51300048828125
2026-02-10 09:30:00,real_time_price,270.0,flat,320.96319580078125
2026-02-10 09:45:00,real_time_price,270.0,flat,309.4917297363281
2026-02-10 10:00:00,real_time_price,220.22,peak,294.22149658203125
2026-02-10 10:15:00,real_time_price,203.56,peak,282.0855712890625
2026-02-10 10:30:00,real_time_price,100.0,peak,268.3509216308594
2026-02-10 10:45:00,real_time_price,71.15,peak,262.8924865722656
2026-02-10 11:00:00,real_time_price,-38.61,peak,257.477783203125
2026-02-10 11:15:00,real_time_price,1.25,peak,254.3701629638672
2026-02-10 11:30:00,real_time_price,202.49,peak,254.0203857421875
2026-02-10 11:45:00,real_time_price,257.55,peak,251.47793579101562
2026-02-10 12:00:00,real_time_price,245.92,flat,232.96804809570312
2026-02-10 12:15:00,real_time_price,74.51,flat,181.30258178710938
2026-02-10 12:30:00,real_time_price,255.31,flat,208.95008850097656
2026-02-10 12:45:00,real_time_price,259.82,flat,200.19485473632812
2026-02-10 13:00:00,real_time_price,-1.09,flat,189.6053924560547
2026-02-10 13:15:00,real_time_price,-34.49,flat,197.67428588867188
2026-02-10 13:30:00,real_time_price,0.7,flat,202.70742797851562
2026-02-10 13:45:00,real_time_price,-50.0,flat,226.53115844726562
2026-02-10 14:00:00,real_time_price,5.21,peak,239.13897705078125
2026-02-10 14:15:00,real_time_price,-48.95,peak,220.42982482910156
2026-02-10 14:30:00,real_time_price,-47.14,peak,194.0042724609375
2026-02-10 14:45:00,real_time_price,-50.0,peak,193.1356201171875
2026-02-10 15:00:00,real_time_price,-50.0,peak,200.97129821777344
2026-02-10 15:15:00,real_time_price,-50.0,peak,203.43997192382812
2026-02-10 15:30:00,real_time_price,-50.0,peak,211.3228759765625
2026-02-10 15:45:00,real_time_price,-50.0,peak,240.34255981445312
2026-02-10 16:00:00,real_time_price,-50.0,peak,253.94252014160156
2026-02-10 16:15:00,real_time_price,-50.0,peak,266.8521728515625
2026-02-10 16:30:00,real_time_price,-50.0,peak,281.3019104003906
2026-02-10 16:45:00,real_time_price,0.0,peak,285.61383056640625
2026-02-10 17:00:00,real_time_price,255.0,peak,291.3359375
2026-02-10 17:15:00,real_time_price,220.0,peak,295.89276123046875
2026-02-10 17:30:00,real_time_price,268.6,peak,299.7973327636719
2026-02-10 17:45:00,real_time_price,285.0,peak,299.4244384765625
2026-02-10 18:00:00,real_time_price,360.0,peak,302.3202819824219
2026-02-10 18:15:00,real_time_price,300.26,peak,303.8842468261719
2026-02-10 18:30:00,real_time_price,290.06,peak,307.097900390625
2026-02-10 18:45:00,real_time_price,285.01,peak,308.0936279296875
2026-02-10 19:00:00,real_time_price,300.06,flat,308.9173889160156
2026-02-10 19:15:00,real_time_price,280.0,flat,308.75091552734375
2026-02-10 19:30:00,real_time_price,301.46,flat,309.99090576171875
2026-02-10 19:45:00,real_time_price,299.21,flat,310.3341064453125
2026-02-10 20:00:00,real_time_price,299.72,flat,311.57275390625
2026-02-10 20:15:00,real_time_price,315.13,flat,307.7991027832031
2026-02-10 20:30:00,real_time_price,299.01,flat,312.2156066894531
2026-02-10 20:45:00,real_time_price,282.0,flat,312.79241943359375
2026-02-10 21:00:00,real_time_price,280.01,flat,316.4160461425781
2026-02-10 21:15:00,real_time_price,299.99,flat,319.3705139160156
2026-02-10 21:30:00,real_time_price,319.99,flat,322.4393005371094
2026-02-10 21:45:00,real_time_price,313.19,flat,321.7738952636719
2026-02-10 22:00:00,real_time_price,320.09,flat,319.5240783691406
2026-02-10 22:15:00,real_time_price,280.16,flat,318.3067321777344
2026-02-10 22:30:00,real_time_price,297.49,flat,315.7087707519531
2026-02-10 22:45:00,real_time_price,300.0,flat,313.0028076171875
2026-02-10 23:00:00,real_time_price,285.0,flat,306.0775451660156
2026-02-10 23:15:00,real_time_price,300.0,flat,301.67626953125
2026-02-10 23:30:00,real_time_price,280.3,flat,296.1981201171875
2026-02-10 23:45:00,real_time_price,280.0,flat,293.7361755371094
2026-02-11 00:00:00,real_time_price,270.3,valley,288.66815185546875
2026-02-11 00:15:00,real_time_price,281.0,valley,269.2853088378906
2026-02-11 00:30:00,real_time_price,333.78,valley,326.2047424316406
2026-02-11 00:45:00,real_time_price,270.0,valley,312.06427001953125
2026-02-11 01:00:00,real_time_price,279.98,valley,304.4787292480469
2026-02-11 01:15:00,real_time_price,270.2,valley,304.27947998046875
2026-02-11 01:30:00,real_time_price,249.61,valley,292.81109619140625
2026-02-11 01:45:00,real_time_price,252.63,valley,286.9628601074219
2026-02-11 02:00:00,real_time_price,250.3,valley,285.37298583984375
2026-02-11 02:15:00,real_time_price,249.75,valley,284.5874938964844
2026-02-11 02:30:00,real_time_price,202.85,valley,280.69439697265625
2026-02-11 02:45:00,real_time_price,0.0,valley,278.71044921875
2026-02-11 03:00:00,real_time_price,-49.0,valley,275.1649169921875
2026-02-11 03:15:00,real_time_price,0.0,valley,273.94140625
2026-02-11 03:30:00,real_time_price,-50.0,valley,269.76763916015625
2026-02-11 03:45:00,real_time_price,-50.0,valley,269.0827331542969
2026-02-11 04:00:00,real_time_price,-50.0,valley,267.6976623535156
2026-02-11 04:15:00,real_time_price,-50.0,valley,266.0976257324219
2026-02-11 04:30:00,real_time_price,-1.51,valley,266.4977722167969
2026-02-11 04:45:00,real_time_price,-50.0,valley,264.6285705566406
2026-02-11 05:00:00,real_time_price,-30.71,valley,262.8277893066406
2026-02-11 05:15:00,real_time_price,-0.08,valley,265.35308837890625
2026-02-11 05:30:00,real_time_price,-50.0,valley,266.640625
2026-02-11 05:45:00,real_time_price,-50.0,valley,268.0964660644531
2026-02-11 06:00:00,real_time_price,-0.08,valley,269.10833740234375
2026-02-11 06:15:00,real_time_price,-28.63,valley,272.9609375
2026-02-11 06:30:00,real_time_price,43.25,valley,277.26702880859375
2026-02-11 06:45:00,real_time_price,43.25,valley,280.6605224609375
2026-02-11 07:00:00,real_time_price,43.25,valley,282.219970703125
2026-02-11 07:15:00,real_time_price,47.58,valley,283.9520568847656
2026-02-11 07:30:00,real_time_price,251.51,valley,286.5521545410156
2026-02-11 07:45:00,real_time_price,178.88,valley,293.6155090332031
2026-02-11 08:00:00,real_time_price,230.13,flat,299.95123291015625
2026-02-11 08:15:00,real_time_price,300.0,flat,312.4183349609375
2026-02-11 08:30:00,real_time_price,250.0,flat,320.723388671875
2026-02-11 08:45:00,real_time_price,-49.65,flat,319.8492431640625
2026-02-11 09:00:00,real_time_price,230.0,flat,327.2677917480469
2026-02-11 09:15:00,real_time_price,255.0,flat,326.1391906738281
2026-02-11 09:30:00,real_time_price,-50.0,flat,320.7222900390625
2026-02-11 09:45:00,real_time_price,-50.0,flat,309.1302490234375
2026-02-11 10:00:00,real_time_price,0.02,peak,295.9275817871094
2026-02-11 10:15:00,real_time_price,-50.0,peak,284.609130859375
2026-02-11 10:30:00,real_time_price,-50.0,peak,272.9775390625
2026-02-11 10:45:00,real_time_price,-50.0,peak,267.7430114746094
2026-02-11 11:00:00,real_time_price,-50.0,peak,260.1722412109375
2026-02-11 11:15:00,real_time_price,-50.0,peak,257.5640869140625
2026-02-11 11:30:00,real_time_price,-7.0,peak,257.19927978515625
2026-02-11 11:45:00,real_time_price,145.23,peak,252.9160919189453
2026-02-11 12:00:00,real_time_price,-50.0,flat,236.2039794921875
2026-02-11 12:15:00,real_time_price,-50.0,flat,176.59927368164062
2026-02-11 12:30:00,real_time_price,-48.43,flat,204.10015869140625
2026-02-11 12:45:00,real_time_price,-50.0,flat,197.22848510742188
2026-02-11 13:00:00,real_time_price,-49.37,flat,187.31703186035156
2026-02-11 13:15:00,real_time_price,-50.0,flat,196.96517944335938
2026-02-11 13:30:00,real_time_price,-50.0,flat,201.13967895507812
2026-02-11 13:45:00,real_time_price,-50.0,flat,223.4203643798828
2026-02-11 14:00:00,real_time_price,-49.42,peak,237.39706420898438
2026-02-11 14:15:00,real_time_price,-50.0,peak,219.43702697753906
2026-02-11 14:30:00,real_time_price,-7.0,peak,193.65408325195312
2026-02-11 14:45:00,real_time_price,17.49,peak,191.80055236816406
2026-02-11 15:00:00,real_time_price,-50.0,peak,202.7683868408203
2026-02-11 15:15:00,real_time_price,-49.42,peak,207.22271728515625
2026-02-11 15:30:00,real_time_price,-39.53,peak,215.39385986328125
2026-02-11 15:45:00,real_time_price,-50.0,peak,243.38389587402344
2026-02-11 16:00:00,real_time_price,-50.0,peak,255.7205352783203
2026-02-11 16:15:00,real_time_price,-50.0,peak,265.27294921875
2026-02-11 16:30:00,real_time_price,-50.0,peak,276.9388122558594
2026-02-11 16:45:00,real_time_price,-50.0,peak,281.0660400390625
2026-02-11 17:00:00,real_time_price,-50.0,peak,286.3747253417969
2026-02-11 17:15:00,real_time_price,94.24,peak,293.82012939453125
2026-02-11 17:30:00,real_time_price,286.7,peak,299.1833190917969
2026-02-11 17:45:00,real_time_price,300.1,peak,299.0577392578125
2026-02-11 18:00:00,real_time_price,314.0,peak,305.217041015625
2026-02-11 18:15:00,real_time_price,281.01,peak,307.0970153808594
2026-02-11 18:30:00,real_time_price,290.5,peak,311.671875
2026-02-11 18:45:00,real_time_price,325.31,peak,312.9363098144531
2026-02-11 19:00:00,real_time_price,300.0,flat,315.0794372558594
2026-02-11 19:15:00,real_time_price,298.34,flat,315.9050598144531
2026-02-11 19:30:00,real_time_price,314.14,flat,319.6214294433594
2026-02-11 19:45:00,real_time_price,290.01,flat,320.3739013671875
2026-02-11 20:00:00,real_time_price,293.19,flat,322.13037109375
2026-02-11 20:15:00,real_time_price,292.02,flat,315.049072265625
2026-02-11 20:30:00,real_time_price,292.81,flat,314.3270568847656
2026-02-11 20:45:00,real_time_price,360.02,flat,316.78717041015625
2026-02-11 21:00:00,real_time_price,338.68,flat,317.83935546875
2026-02-11 21:15:00,real_time_price,315.02,flat,320.2322998046875
2026-02-11 21:30:00,real_time_price,302.67,flat,322.0586242675781
2026-02-11 21:45:00,real_time_price,318.01,flat,317.81768798828125
2026-02-11 22:00:00,real_time_price,320.8,flat,314.63946533203125
2026-02-11 22:15:00,real_time_price,315.09,flat,313.66510009765625
2026-02-11 22:30:00,real_time_price,310.01,flat,309.08856201171875
2026-02-11 22:45:00,real_time_price,290.36,flat,306.50689697265625
2026-02-11 23:00:00,real_time_price,296.01,flat,299.8565368652344
2026-02-11 23:15:00,real_time_price,292.01,flat,294.7643127441406
2026-02-11 23:30:00,real_time_price,290.01,flat,289.51885986328125
2026-02-11 23:45:00,real_time_price,280.3,flat,287.4693908691406
2026-02-12 00:00:00,real_time_price,282.0,valley,283.2018737792969
2026-02-12 00:15:00,real_time_price,270.09,valley,290.7142028808594
2026-02-12 00:30:00,real_time_price,315.1,valley,294.8838806152344
2026-02-12 00:45:00,real_time_price,219.92,valley,292.892333984375
2026-02-12 01:00:00,real_time_price,265.3,valley,289.74835205078125
2026-02-12 01:15:00,real_time_price,255.78,valley,284.3545837402344
2026-02-12 01:30:00,real_time_price,255.66,valley,275.69097900390625
2026-02-12 01:45:00,real_time_price,260.01,valley,269.2507019042969
2026-02-12 02:00:00,real_time_price,255.16,valley,269.6050720214844
2026-02-12 02:15:00,real_time_price,271.2,valley,264.34039306640625
2026-02-12 02:30:00,real_time_price,245.18,valley,245.94796752929688
2026-02-12 02:45:00,real_time_price,252.04,valley,167.63851928710938
2026-02-12 03:00:00,real_time_price,250.05,valley,63.15476989746094
2026-02-12 03:15:00,real_time_price,266.0,valley,12.13507080078125
2026-02-12 03:30:00,real_time_price,250.0,valley,-6.620330810546875
2026-02-12 03:45:00,real_time_price,240.3,valley,-7.470428466796875
2026-02-12 04:00:00,real_time_price,280.0,valley,-3.9532470703125
2026-02-12 04:15:00,real_time_price,260.0,valley,-9.470367431640625
2026-02-12 04:30:00,real_time_price,145.83,valley,-12.636077880859375
2026-02-12 04:45:00,real_time_price,215.3,valley,-12.7913818359375
2026-02-12 05:00:00,real_time_price,199.99,valley,-15.53515625
2026-02-12 05:15:00,real_time_price,147.83,valley,-13.742156982421875
2026-02-12 05:30:00,real_time_price,145.8,valley,-13.869964599609375
2026-02-12 05:45:00,real_time_price,145.8,valley,-10.606170654296875
2026-02-12 06:00:00,real_time_price,-49.99,valley,-2.476226806640625
2026-02-12 06:15:00,real_time_price,-0.02,valley,1.857513427734375
2026-02-12 06:30:00,real_time_price,106.78,valley,40.51698303222656
2026-02-12 06:45:00,real_time_price,190.0,valley,65.3636474609375
2026-02-12 07:00:00,real_time_price,216.58,valley,98.97294616699219
2026-02-12 07:15:00,real_time_price,255.18,valley,152.66201782226562
2026-02-12 07:30:00,real_time_price,267.05,valley,219.58615112304688
2026-02-12 07:45:00,real_time_price,250.37,valley,233.00921630859375
2026-02-12 08:00:00,real_time_price,200.0,flat,250.84539794921875
2026-02-12 08:15:00,real_time_price,250.2,flat,258.28717041015625
2026-02-12 08:30:00,real_time_price,256.39,flat,207.68667602539062
2026-02-12 08:45:00,real_time_price,260.0,flat,102.58131408691406
2026-02-12 09:00:00,real_time_price,-50.0,flat,195.31814575195312
2026-02-12 09:15:00,real_time_price,-50.0,flat,186.2190399169922
2026-02-12 09:30:00,real_time_price,0.0,flat,108.11819458007812
2026-02-12 09:45:00,real_time_price,160.0,flat,52.53678894042969
2026-02-12 10:00:00,real_time_price,146.68,peak,15.2979736328125
2026-02-12 10:15:00,real_time_price,145.83,peak,-4.479400634765625
2026-02-12 10:30:00,real_time_price,-50.0,peak,-15.684783935546875
2026-02-12 10:45:00,real_time_price,148.99,peak,-18.535247802734375
2026-02-12 11:00:00,real_time_price,0.0,peak,-20.01318359375
2026-02-12 11:15:00,real_time_price,50.0,peak,-20.33428955078125
2026-02-12 11:30:00,real_time_price,17.49,peak,-14.179351806640625
2026-02-12 11:45:00,real_time_price,148.28,peak,-4.771820068359375
2026-02-12 12:00:00,real_time_price,145.83,flat,-21.923065185546875
2026-02-12 12:15:00,real_time_price,146.68,flat,-28.09686279296875
2026-02-12 12:30:00,real_time_price,151.52,flat,-25.769866943359375
2026-02-12 12:45:00,real_time_price,146.68,flat,-30.762664794921875
2026-02-12 13:00:00,real_time_price,146.68,flat,-34.276275634765625
2026-02-12 13:15:00,real_time_price,163.84,flat,-34.227874755859375
2026-02-12 13:30:00,real_time_price,146.68,flat,-33.95635986328125
2026-02-12 13:45:00,real_time_price,164.77,flat,-32.899261474609375
2026-02-12 14:00:00,real_time_price,164.77,peak,-32.522308349609375
2026-02-12 14:15:00,real_time_price,145.83,peak,-30.928466796875
2026-02-12 14:30:00,real_time_price,0.0,peak,-32.65850830078125
2026-02-12 14:45:00,real_time_price,0.0,peak,-31.291961669921875
2026-02-12 15:00:00,real_time_price,17.49,peak,-30.816650390625
2026-02-12 15:15:00,real_time_price,145.83,peak,-30.148651123046875
2026-02-12 15:30:00,real_time_price,145.83,peak,-31.774017333984375
2026-02-12 15:45:00,real_time_price,17.49,peak,-32.4439697265625
2026-02-12 16:00:00,real_time_price,146.68,peak,-34.80419921875
2026-02-12 16:15:00,real_time_price,145.83,peak,-12.08905029296875
2026-02-12 16:30:00,real_time_price,146.68,peak,-7.661529541015625
2026-02-12 16:45:00,real_time_price,146.68,peak,2.77972412109375
2026-02-12 17:00:00,real_time_price,145.83,peak,53.550048828125
2026-02-12 17:15:00,real_time_price,272.95,peak,166.7386932373047
2026-02-12 17:30:00,real_time_price,265.78,peak,269.5578918457031
2026-02-12 17:45:00,real_time_price,270.0,peak,288.9884948730469
2026-02-12 18:00:00,real_time_price,280.04,peak,300.6631164550781
2026-02-12 18:15:00,real_time_price,270.25,peak,299.7105712890625
2026-02-12 18:30:00,real_time_price,250.48,peak,301.0414733886719
2026-02-12 18:45:00,real_time_price,280.0,peak,299.2980041503906
2026-02-12 19:00:00,real_time_price,285.0,flat,298.6211242675781
2026-02-12 19:15:00,real_time_price,281.0,flat,298.13385009765625
2026-02-12 19:30:00,real_time_price,294.0,flat,298.3132629394531
2026-02-12 19:45:00,real_time_price,270.0,flat,295.3839416503906
2026-02-12 20:00:00,real_time_price,280.2,flat,297.8829345703125
2026-02-12 20:15:00,real_time_price,289.17,flat,307.1668701171875
2026-02-12 20:30:00,real_time_price,321.0,flat,306.72796630859375
2026-02-12 20:45:00,real_time_price,283.17,flat,307.36468505859375
2026-02-12 21:00:00,real_time_price,308.68,flat,307.42938232421875
2026-02-12 21:15:00,real_time_price,260.01,flat,306.8062744140625
2026-02-12 21:30:00,real_time_price,285.0,flat,306.2005920410156
2026-02-12 21:45:00,real_time_price,291.0,flat,306.1114501953125
2026-02-12 22:00:00,real_time_price,-0.13,flat,303.9834289550781
2026-02-12 22:15:00,real_time_price,285.89,flat,302.06195068359375
2026-02-12 22:30:00,real_time_price,271.0,flat,298.3927001953125
2026-02-12 22:45:00,real_time_price,270.23,flat,295.9703369140625
2026-02-12 23:00:00,real_time_price,269.88,flat,293.96478271484375
2026-02-12 23:15:00,real_time_price,266.0,flat,292.2258605957031
2026-02-12 23:30:00,real_time_price,270.35,flat,289.8832702636719
2026-02-12 23:45:00,real_time_price,281.01,flat,286.412353515625
2026-02-13 00:00:00,real_time_price,289.94,valley,282.0057067871094
2026-02-13 00:15:00,real_time_price,320.0,valley,290.6596374511719
2026-02-13 00:30:00,real_time_price,627.17,valley,295.8970947265625
2026-02-13 00:45:00,real_time_price,389.01,valley,294.3157043457031
2026-02-13 01:00:00,real_time_price,337.61,valley,291.80133056640625
2026-02-13 01:15:00,real_time_price,283.95,valley,286.02239990234375
2026-02-13 01:30:00,real_time_price,284.25,valley,278.2727966308594
2026-02-13 01:45:00,real_time_price,316.95,valley,271.6768493652344
2026-02-13 02:00:00,real_time_price,284.25,valley,269.79498291015625
2026-02-13 02:15:00,real_time_price,308.95,valley,265.14678955078125
2026-02-13 02:30:00,real_time_price,269.05,valley,249.36061096191406
2026-02-13 02:45:00,real_time_price,288.87,valley,185.78106689453125
2026-02-13 03:00:00,real_time_price,279.07,valley,102.23820495605469
2026-02-13 03:15:00,real_time_price,318.77,valley,45.78916931152344
2026-02-13 03:30:00,real_time_price,248.77,valley,17.511749267578125
2026-02-13 03:45:00,real_time_price,278.73,valley,-4.44915771484375
2026-02-13 04:00:00,real_time_price,278.73,valley,-7.46746826171875
2026-02-13 04:15:00,real_time_price,284.03,valley,-7.73828125
2026-02-13 04:30:00,real_time_price,283.73,valley,-8.524017333984375
2026-02-13 04:45:00,real_time_price,280.73,valley,-9.75640869140625
2026-02-13 05:00:00,real_time_price,308.73,valley,-3.652984619140625
2026-02-13 05:15:00,real_time_price,318.73,valley,-5.19122314453125
2026-02-13 05:30:00,real_time_price,277.03,valley,-5.5968017578125
2026-02-13 05:45:00,real_time_price,278.93,valley,-0.693145751953125
2026-02-13 06:00:00,real_time_price,284.03,valley,13.90167236328125
2026-02-13 06:15:00,real_time_price,223.73,valley,44.4713134765625
2026-02-13 06:30:00,real_time_price,311.73,valley,95.82032775878906
2026-02-13 06:45:00,real_time_price,298.73,valley,123.71812438964844
2026-02-13 07:00:00,real_time_price,318.73,valley,150.4958953857422
2026-02-13 07:15:00,real_time_price,203.73,valley,187.59202575683594
2026-02-13 07:30:00,real_time_price,338.73,valley,237.12344360351562
2026-02-13 07:45:00,real_time_price,334.73,valley,245.5854949951172
2026-02-13 08:00:00,real_time_price,332.54,flat,256.75494384765625
2026-02-13 08:15:00,real_time_price,385.63,flat,266.0928039550781
2026-02-13 08:30:00,real_time_price,342.78,flat,220.62057495117188
2026-02-13 08:45:00,real_time_price,267.73,flat,134.0581817626953
2026-02-13 09:00:00,real_time_price,311.63,flat,212.72543334960938
2026-02-13 09:15:00,real_time_price,267.73,flat,205.76673889160156
2026-02-13 09:30:00,real_time_price,41.98,flat,142.21551513671875
2026-02-13 09:45:00,real_time_price,144.56,flat,85.88771057128906
2026-02-13 10:00:00,real_time_price,144.56,peak,46.79115295410156
2026-02-13 10:15:00,real_time_price,99.81,peak,13.015411376953125
2026-02-13 10:30:00,real_time_price,145.55,peak,-11.856231689453125
2026-02-13 10:45:00,real_time_price,145.57,peak,-13.240234375
2026-02-13 11:00:00,real_time_price,146.68,peak,-18.535186767578125
2026-02-13 11:15:00,real_time_price,0.0,peak,-21.992645263671875
2026-02-13 11:30:00,real_time_price,145.83,peak,-11.1766357421875
2026-02-13 11:45:00,real_time_price,0.0,peak,15.64764404296875
2026-02-13 12:00:00,real_time_price,145.83,flat,-24.79071044921875
2026-02-13 12:15:00,real_time_price,146.68,flat,-28.387786865234375
2026-02-13 12:30:00,real_time_price,148.28,flat,-22.4195556640625
2026-02-13 12:45:00,real_time_price,148.99,flat,-27.3712158203125
2026-02-13 13:00:00,real_time_price,145.83,flat,-34.880950927734375
2026-02-13 13:15:00,real_time_price,148.99,flat,-35.8179931640625
2026-02-13 13:30:00,real_time_price,145.83,flat,-36.077056884765625
2026-02-13 13:45:00,real_time_price,135.27,flat,-33.337615966796875
2026-02-13 14:00:00,real_time_price,20.0,peak,-32.15283203125
2026-02-13 14:15:00,real_time_price,17.49,peak,-32.391876220703125
2026-02-13 14:30:00,real_time_price,0.0,peak,-34.043853759765625
2026-02-13 14:45:00,real_time_price,-50.0,peak,-33.2581787109375
2026-02-13 15:00:00,real_time_price,-50.0,peak,-31.64007568359375
2026-02-13 15:15:00,real_time_price,-50.0,peak,-31.491363525390625
2026-02-13 15:30:00,real_time_price,-50.0,peak,-32.4527587890625
2026-02-13 15:45:00,real_time_price,17.49,peak,-31.966796875
2026-02-13 16:00:00,real_time_price,-50.0,peak,-30.362762451171875
2026-02-13 16:15:00,real_time_price,-50.0,peak,3.277801513671875
2026-02-13 16:30:00,real_time_price,-50.0,peak,16.90692138671875
2026-02-13 16:45:00,real_time_price,145.83,peak,57.63102722167969
2026-02-13 17:00:00,real_time_price,310.0,peak,128.90780639648438
2026-02-13 17:15:00,real_time_price,325.7,peak,203.38629150390625
2026-02-13 17:30:00,real_time_price,357.6,peak,274.5572814941406
2026-02-13 17:45:00,real_time_price,389.21,peak,291.4035339355469
2026-02-13 18:00:00,real_time_price,360.0,peak,302.43939208984375
2026-02-13 18:15:00,real_time_price,360.0,peak,300.71661376953125
2026-02-13 18:30:00,real_time_price,299.59,peak,300.2838439941406
2026-02-13 18:45:00,real_time_price,340.0,peak,300.24334716796875
2026-02-13 19:00:00,real_time_price,353.7,flat,298.5148010253906
2026-02-13 19:15:00,real_time_price,310.0,flat,296.4007263183594
2026-02-13 19:30:00,real_time_price,370.87,flat,295.5500183105469
2026-02-13 19:45:00,real_time_price,300.0,flat,293.4502868652344
2026-02-13 20:00:00,real_time_price,275.0,flat,296.21185302734375
2026-02-13 20:15:00,real_time_price,300.42,flat,302.3663635253906
2026-02-13 20:30:00,real_time_price,973.16,flat,302.1729736328125
2026-02-13 20:45:00,real_time_price,440.03,flat,303.56060791015625
2026-02-13 21:00:00,real_time_price,360.0,flat,303.6395263671875
2026-02-13 21:15:00,real_time_price,352.0,flat,303.1620178222656
2026-02-13 21:30:00,real_time_price,475.58,flat,302.7525634765625
2026-02-13 21:45:00,real_time_price,808.1,flat,302.5093994140625
2026-02-13 22:00:00,real_time_price,822.94,flat,300.4179992675781
2026-02-13 22:15:00,real_time_price,874.27,flat,298.72357177734375
2026-02-13 22:30:00,real_time_price,536.0,flat,295.8033447265625
2026-02-13 22:45:00,real_time_price,600.0,flat,293.066650390625
2026-02-13 23:00:00,real_time_price,536.0,flat,290.7930603027344
2026-02-13 23:15:00,real_time_price,448.47,flat,289.4670715332031
2026-02-13 23:30:00,real_time_price,454.29,flat,287.4701232910156
2026-02-13 23:45:00,real_time_price,536.0,flat,284.1248474121094
2026-02-14 00:00:00,real_time_price,456.42,valley,280.04022216796875
2026-02-14 00:15:00,real_time_price,430.79,valley,291.77642822265625
2026-02-14 00:30:00,real_time_price,1119.0,valley,301.6449890136719
2026-02-14 00:45:00,real_time_price,200.0,valley,298.3199157714844
2026-02-14 01:00:00,real_time_price,286.6,valley,292.8782043457031
2026-02-14 01:15:00,real_time_price,458.0,valley,289.05767822265625
2026-02-14 01:30:00,real_time_price,432.6,valley,282.47625732421875
2026-02-14 01:45:00,real_time_price,400.0,valley,276.4691467285156
2026-02-14 02:00:00,real_time_price,461.7,valley,275.6874694824219
2026-02-14 02:15:00,real_time_price,420.0,valley,270.3583068847656
2026-02-14 02:30:00,real_time_price,434.71,valley,260.1214904785156
2026-02-14 02:45:00,real_time_price,434.71,valley,229.60354614257812
2026-02-14 03:00:00,real_time_price,599.9,valley,176.48983764648438
2026-02-14 03:15:00,real_time_price,380.99,valley,107.84451293945312
2026-02-14 03:30:00,real_time_price,380.99,valley,66.58071899414062
2026-02-14 03:45:00,real_time_price,399.9,valley,39.00732421875
2026-02-14 04:00:00,real_time_price,380.99,valley,17.4354248046875
2026-02-14 04:15:00,real_time_price,396.81,valley,28.230743408203125
2026-02-14 04:30:00,real_time_price,341.0,valley,15.926055908203125
2026-02-14 04:45:00,real_time_price,396.81,valley,14.600738525390625
2026-02-14 05:00:00,real_time_price,370.2,valley,12.55194091796875
2026-02-14 05:15:00,real_time_price,320.0,valley,3.541412353515625
2026-02-14 05:30:00,real_time_price,370.2,valley,14.84759521484375
2026-02-14 05:45:00,real_time_price,350.0,valley,25.038330078125
2026-02-14 06:00:00,real_time_price,356.0,valley,58.96131896972656
2026-02-14 06:15:00,real_time_price,354.6,valley,103.75428771972656
2026-02-14 06:30:00,real_time_price,344.05,valley,155.37933349609375
2026-02-14 06:45:00,real_time_price,350.0,valley,170.6148223876953
2026-02-14 07:00:00,real_time_price,386.9,valley,195.0316162109375
2026-02-14 07:15:00,real_time_price,399.9,valley,224.3673095703125
2026-02-14 07:30:00,real_time_price,400.0,valley,247.5365447998047
2026-02-14 07:45:00,real_time_price,344.05,valley,253.68655395507812
2026-02-14 08:00:00,real_time_price,414.61,flat,260.7376403808594
2026-02-14 08:15:00,real_time_price,400.0,flat,266.4869079589844
2026-02-14 08:30:00,real_time_price,400.0,flat,232.31907653808594
2026-02-14 08:45:00,real_time_price,280.0,flat,136.1500701904297
2026-02-14 09:00:00,real_time_price,43.25,flat,228.3545379638672
2026-02-14 09:15:00,real_time_price,146.68,flat,222.1891632080078
2026-02-14 09:30:00,real_time_price,210.0,flat,178.407470703125
2026-02-14 09:45:00,real_time_price,43.25,flat,123.6351318359375
2026-02-14 10:00:00,real_time_price,145.83,peak,64.986083984375
2026-02-14 10:15:00,real_time_price,145.83,peak,29.4141845703125
2026-02-14 10:30:00,real_time_price,43.25,peak,-0.53057861328125
2026-02-14 10:45:00,real_time_price,-50.0,peak,-2.891815185546875
2026-02-14 11:00:00,real_time_price,-50.0,peak,-17.2894287109375
2026-02-14 11:15:00,real_time_price,-50.0,peak,-22.91717529296875
2026-02-14 11:30:00,real_time_price,-50.0,peak,-14.388336181640625
2026-02-14 11:45:00,real_time_price,-50.0,peak,14.905120849609375
2026-02-14 12:00:00,real_time_price,145.83,flat,-30.00506591796875
2026-02-14 12:15:00,real_time_price,43.25,flat,-27.596649169921875
2026-02-14 12:30:00,real_time_price,43.25,flat,-11.862152099609375
2026-02-14 12:45:00,real_time_price,108.96,flat,-20.93341064453125
2026-02-14 13:00:00,real_time_price,17.33,flat,-33.43994140625
2026-02-14 13:15:00,real_time_price,17.49,flat,-35.54107666015625
2026-02-14 13:30:00,real_time_price,17.34,flat,-35.78289794921875
2026-02-14 13:45:00,real_time_price,-50.0,flat,-32.190521240234375
2026-02-14 14:00:00,real_time_price,6.5,peak,-31.090972900390625
2026-02-14 14:15:00,real_time_price,135.14,peak,-32.163909912109375
2026-02-14 14:30:00,real_time_price,43.23,peak,-34.6912841796875
2026-02-14 14:45:00,real_time_price,123.09,peak,-34.36376953125
2026-02-14 15:00:00,real_time_price,22.17,peak,-31.762664794921875
2026-02-14 15:15:00,real_time_price,99.35,peak,-32.09332275390625
2026-02-14 15:30:00,real_time_price,68.53,peak,-33.33026123046875
2026-02-14 15:45:00,real_time_price,-50.0,peak,-33.20074462890625
2026-02-14 16:00:00,real_time_price,-50.0,peak,-30.25482177734375
2026-02-14 16:15:00,real_time_price,-7.0,peak,12.242919921875
2026-02-14 16:30:00,real_time_price,-50.0,peak,49.90782165527344
2026-02-14 16:45:00,real_time_price,145.83,peak,95.96784973144531
2026-02-14 17:00:00,real_time_price,255.1,peak,178.26690673828125
2026-02-14 17:15:00,real_time_price,300.0,peak,232.11598205566406
2026-02-14 17:30:00,real_time_price,372.0,peak,273.9825744628906
2026-02-14 17:45:00,real_time_price,328.84,peak,287.5579528808594
2026-02-14 18:00:00,real_time_price,440.0,peak,298.9194641113281
2026-02-14 18:15:00,real_time_price,391.54,peak,299.626708984375
2026-02-14 18:30:00,real_time_price,417.65,peak,298.8302307128906
2026-02-14 18:45:00,real_time_price,448.47,peak,299.01910400390625
2026-02-14 19:00:00,real_time_price,451.1,flat,296.97625732421875
2026-02-14 19:15:00,real_time_price,325.0,flat,294.13812255859375
2026-02-14 19:30:00,real_time_price,278.3,flat,292.66510009765625
2026-02-14 19:45:00,real_time_price,320.0,flat,292.4390869140625
2026-02-14 20:00:00,real_time_price,539.0,flat,295.22613525390625
2026-02-14 20:15:00,real_time_price,539.0,flat,298.3050231933594
2026-02-14 20:30:00,real_time_price,478.0,flat,298.47528076171875
2026-02-14 20:45:00,real_time_price,448.47,flat,298.35882568359375
2026-02-14 21:00:00,real_time_price,412.65,flat,298.248046875
2026-02-14 21:15:00,real_time_price,446.84,flat,298.6963195800781
2026-02-14 21:30:00,real_time_price,370.0,flat,298.2839050292969
2026-02-14 21:45:00,real_time_price,437.26,flat,297.1839599609375
2026-02-14 22:00:00,real_time_price,412.82,flat,292.90667724609375
2026-02-14 22:15:00,real_time_price,438.95,flat,290.3607177734375
2026-02-14 22:30:00,real_time_price,409.65,flat,286.86334228515625
2026-02-14 22:45:00,real_time_price,750.0,flat,284.1955261230469
2026-02-14 23:00:00,real_time_price,435.13,flat,282.4634094238281
2026-02-14 23:15:00,real_time_price,372.11,flat,280.02386474609375
2026-02-14 23:30:00,real_time_price,355.22,flat,276.7234802246094
2026-02-14 23:45:00,real_time_price,386.9,flat,271.82275390625
2026-02-15 00:00:00,real_time_price,370.2,valley,265.71624755859375
2026-02-15 00:15:00,real_time_price,298.0,valley,260.158203125
2026-02-15 00:30:00,real_time_price,791.0,valley,278.92510986328125
2026-02-15 00:45:00,real_time_price,280.3,valley,272.8190002441406
2026-02-15 01:00:00,real_time_price,353.7,valley,258.0503845214844
2026-02-15 01:15:00,real_time_price,381.7,valley,252.76747131347656
2026-02-15 01:30:00,real_time_price,346.88,valley,222.91204833984375
2026-02-15 01:45:00,real_time_price,332.0,valley,223.3554229736328
2026-02-15 02:00:00,real_time_price,346.88,valley,205.07452392578125
2026-02-15 02:15:00,real_time_price,325.0,valley,194.71932983398438
2026-02-15 02:30:00,real_time_price,399.9,valley,165.29794311523438
2026-02-15 02:45:00,real_time_price,386.04,valley,118.40090942382812
2026-02-15 03:00:00,real_time_price,340.0,valley,65.55642700195312
2026-02-15 03:15:00,real_time_price,358.0,valley,31.199859619140625
2026-02-15 03:30:00,real_time_price,334.0,valley,4.064605712890625
2026-02-15 03:45:00,real_time_price,290.0,valley,-2.7589111328125
2026-02-15 04:00:00,real_time_price,295.0,valley,-18.526397705078125
2026-02-15 04:15:00,real_time_price,295.0,valley,-7.17779541015625
2026-02-15 04:30:00,real_time_price,295.0,valley,-5.696746826171875
2026-02-15 04:45:00,real_time_price,300.0,valley,-8.312835693359375
2026-02-15 05:00:00,real_time_price,290.0,valley,-4.564056396484375
2026-02-15 05:15:00,real_time_price,300.0,valley,-8.5748291015625
2026-02-15 05:30:00,real_time_price,290.0,valley,-9.75201416015625
2026-02-15 05:45:00,real_time_price,295.6,valley,-2.931549072265625
2026-02-15 06:00:00,real_time_price,300.0,valley,12.5845947265625
2026-02-15 06:15:00,real_time_price,306.0,valley,31.599197387695312
2026-02-15 06:30:00,real_time_price,283.0,valley,71.78915405273438
2026-02-15 06:45:00,real_time_price,302.0,valley,98.63819885253906
2026-02-15 07:00:00,real_time_price,320.0,valley,117.75668334960938
2026-02-15 07:15:00,real_time_price,334.0,valley,141.86094665527344
2026-02-15 07:30:00,real_time_price,310.0,valley,189.07366943359375
2026-02-15 07:45:00,real_time_price,333.49,valley,205.740966796875
2026-02-15 08:00:00,real_time_price,353.7,flat,216.91217041015625
2026-02-15 08:15:00,real_time_price,354.6,flat,230.25823974609375
2026-02-15 08:30:00,real_time_price,400.0,flat,205.0744171142578
2026-02-15 08:45:00,real_time_price,370.43,flat,147.7296142578125
2026-02-15 09:00:00,real_time_price,43.25,flat,217.07211303710938
2026-02-15 09:15:00,real_time_price,145.83,flat,217.32107543945312
2026-02-15 09:30:00,real_time_price,60.0,flat,179.01339721679688
2026-02-15 09:45:00,real_time_price,43.25,flat,136.4820098876953
2026-02-15 10:00:00,real_time_price,60.0,peak,75.59498596191406
2026-02-15 10:15:00,real_time_price,145.83,peak,39.832366943359375
2026-02-15 10:30:00,real_time_price,102.5,peak,11.648651123046875
2026-02-15 10:45:00,real_time_price,109.96,peak,5.1453857421875
2026-02-15 11:00:00,real_time_price,187.1,peak,-4.74884033203125
2026-02-15 11:15:00,real_time_price,109.18,peak,-8.672454833984375
2026-02-15 11:30:00,real_time_price,43.25,peak,-8.106781005859375
2026-02-15 11:45:00,real_time_price,196.67,peak,10.306060791015625
2026-02-15 12:00:00,real_time_price,31.23,flat,-23.39703369140625
2026-02-15 12:15:00,real_time_price,48.79,flat,-21.2955322265625
2026-02-15 12:30:00,real_time_price,50.1,flat,1.7503662109375
2026-02-15 12:45:00,real_time_price,47.09,flat,-12.775634765625
2026-02-15 13:00:00,real_time_price,50.1,flat,-29.02880859375
2026-02-15 13:15:00,real_time_price,50.1,flat,-30.78741455078125
2026-02-15 13:30:00,real_time_price,46.7,flat,-30.983062744140625
2026-02-15 13:45:00,real_time_price,50.1,flat,-26.67388916015625
2026-02-15 14:00:00,real_time_price,43.25,peak,-25.520660400390625
2026-02-15 14:15:00,real_time_price,43.25,peak,-27.914215087890625
2026-02-15 14:30:00,real_time_price,43.25,peak,-31.981842041015625
2026-02-15 14:45:00,real_time_price,145.83,peak,-32.2122802734375
2026-02-15 15:00:00,real_time_price,43.25,peak,-29.482421875
2026-02-15 15:15:00,real_time_price,43.25,peak,-29.698211669921875
2026-02-15 15:30:00,real_time_price,105.72,peak,-30.872100830078125
2026-02-15 15:45:00,real_time_price,43.25,peak,-31.64874267578125
2026-02-15 16:00:00,real_time_price,43.25,peak,-28.734832763671875
2026-02-15 16:15:00,real_time_price,43.25,peak,10.141082763671875
2026-02-15 16:30:00,real_time_price,103.93,peak,28.311538696289062
2026-02-15 16:45:00,real_time_price,146.68,peak,58.93695068359375
2026-02-15 17:00:00,real_time_price,43.25,peak,116.753662109375
2026-02-15 17:15:00,real_time_price,43.25,peak,176.73834228515625
2026-02-15 17:30:00,real_time_price,300.0,peak,255.46192932128906
2026-02-15 17:45:00,real_time_price,305.0,peak,280.437744140625
2026-02-15 18:00:00,real_time_price,295.0,peak,295.0152587890625
2026-02-15 18:15:00,real_time_price,320.0,peak,294.49798583984375
2026-02-15 18:30:00,real_time_price,580.0,peak,294.29010009765625
2026-02-15 18:45:00,real_time_price,445.77,peak,294.8680114746094
2026-02-15 19:00:00,real_time_price,476.64,flat,295.21002197265625
2026-02-15 19:15:00,real_time_price,290.0,flat,293.210693359375
2026-02-15 19:30:00,real_time_price,499.17,flat,291.28717041015625
2026-02-15 19:45:00,real_time_price,456.42,flat,289.85760498046875
2026-02-15 20:00:00,real_time_price,537.0,flat,291.4933776855469
2026-02-15 20:15:00,real_time_price,400.3,flat,298.3934631347656
2026-02-15 20:30:00,real_time_price,338.0,flat,298.6759033203125
2026-02-15 20:45:00,real_time_price,445.77,flat,299.2789306640625
2026-02-15 21:00:00,real_time_price,586.94,flat,300.0439453125
2026-02-15 21:15:00,real_time_price,463.29,flat,298.75335693359375
2026-02-15 21:30:00,real_time_price,476.8,flat,299.0611877441406
2026-02-15 21:45:00,real_time_price,453.76,flat,297.3111877441406
2026-02-15 22:00:00,real_time_price,456.42,flat,293.4787902832031
2026-02-15 22:15:00,real_time_price,463.29,flat,291.0934753417969
2026-02-15 22:30:00,real_time_price,455.88,flat,286.54827880859375
2026-02-15 22:45:00,real_time_price,443.18,flat,284.51776123046875
2026-02-15 23:00:00,real_time_price,429.81,flat,282.0516662597656
2026-02-15 23:15:00,real_time_price,435.0,flat,279.6998291015625
2026-02-15 23:30:00,real_time_price,575.31,flat,277.3778991699219
2026-02-15 23:45:00,real_time_price,399.9,flat,273.0453186035156
2026-02-16 00:00:00,real_time_price,400.0,valley,268.5619201660156
2026-02-16 00:15:00,real_time_price,305.0,valley,282.126220703125
2026-02-16 00:30:00,real_time_price,1119.0,valley,293.0272216796875
2026-02-16 00:45:00,real_time_price,275.0,valley,289.11431884765625
2026-02-16 01:00:00,real_time_price,599.9,valley,280.215087890625
2026-02-16 01:15:00,real_time_price,471.75,valley,275.5924987792969
2026-02-16 01:30:00,real_time_price,440.45,valley,260.286865234375
2026-02-16 01:45:00,real_time_price,419.16,valley,255.73609924316406
2026-02-16 02:00:00,real_time_price,461.7,valley,248.28285217285156
2026-02-16 02:15:00,real_time_price,400.3,valley,242.97763061523438
2026-02-16 02:30:00,real_time_price,460.0,valley,220.9698944091797
2026-02-16 02:45:00,real_time_price,400.3,valley,170.54840087890625
2026-02-16 03:00:00,real_time_price,350.0,valley,115.26835632324219
2026-02-16 03:15:00,real_time_price,370.0,valley,64.32687377929688
2026-02-16 03:30:00,real_time_price,330.2,valley,43.80033874511719
2026-02-16 03:45:00,real_time_price,370.0,valley,22.575027465820312
2026-02-16 04:00:00,real_time_price,370.0,valley,8.60791015625
2026-02-16 04:15:00,real_time_price,400.0,valley,15.240203857421875
2026-02-16 04:30:00,real_time_price,461.7,valley,14.06683349609375
2026-02-16 04:45:00,real_time_price,391.54,valley,13.157958984375
2026-02-16 05:00:00,real_time_price,380.0,valley,8.383453369140625
2026-02-16 05:15:00,real_time_price,359.88,valley,4.286163330078125
2026-02-16 05:30:00,real_time_price,370.43,valley,7.0059814453125
2026-02-16 05:45:00,real_time_price,380.99,valley,17.65594482421875
2026-02-16 06:00:00,real_time_price,397.45,valley,37.821380615234375
2026-02-16 06:15:00,real_time_price,402.09,valley,65.57206726074219
2026-02-16 06:30:00,real_time_price,300.0,valley,104.72691345214844
2026-02-16 06:45:00,real_time_price,400.0,valley,130.15443420410156
2026-02-16 07:00:00,real_time_price,399.9,valley,147.74559020996094
2026-02-16 07:15:00,real_time_price,415.67,valley,178.89984130859375
2026-02-16 07:30:00,real_time_price,423.2,valley,225.333740234375
2026-02-16 07:45:00,real_time_price,471.75,valley,236.1326141357422
2026-02-16 08:00:00,real_time_price,473.45,flat,246.5614013671875
2026-02-16 08:15:00,real_time_price,480.0,flat,242.14239501953125
2026-02-16 08:30:00,real_time_price,533.0,flat,209.47413635253906
2026-02-16 08:45:00,real_time_price,399.9,flat,154.09915161132812
2026-02-16 09:00:00,real_time_price,300.0,flat,200.96047973632812
2026-02-16 09:15:00,real_time_price,391.54,flat,193.92880249023438
2026-02-16 09:30:00,real_time_price,353.7,flat,149.4208984375
2026-02-16 09:45:00,real_time_price,290.0,flat,103.06179809570312
2026-02-16 10:00:00,real_time_price,146.68,peak,59.90850830078125
2026-02-16 10:15:00,real_time_price,146.68,peak,34.31658935546875
2026-02-16 10:30:00,real_time_price,275.0,peak,10.437957763671875
2026-02-16 10:45:00,real_time_price,145.83,peak,3.253692626953125
2026-02-16 11:00:00,real_time_price,220.0,peak,-3.463897705078125
2026-02-16 11:15:00,real_time_price,146.68,peak,-4.0299072265625
2026-02-16 11:30:00,real_time_price,145.83,peak,20.97015380859375
2026-02-16 11:45:00,real_time_price,146.68,peak,37.77726745605469
2026-02-16 12:00:00,real_time_price,145.83,flat,-13.406585693359375
2026-02-16 12:15:00,real_time_price,145.83,flat,-15.350128173828125
2026-02-16 12:30:00,real_time_price,146.68,flat,21.03369140625
2026-02-16 12:45:00,real_time_price,148.48,flat,-3.16351318359375
2026-02-16 13:00:00,real_time_price,145.83,flat,-18.841156005859375
2026-02-16 13:15:00,real_time_price,146.68,flat,-23.66693115234375
2026-02-16 13:30:00,real_time_price,99.18,flat,-24.491485595703125
2026-02-16 13:45:00,real_time_price,27.68,flat,-19.30535888671875
2026-02-16 14:00:00,real_time_price,20.89,peak,-17.936370849609375
2026-02-16 14:15:00,real_time_price,155.34,peak,-25.782196044921875
2026-02-16 14:30:00,real_time_price,17.49,peak,-28.734130859375
2026-02-16 14:45:00,real_time_price,146.68,peak,-32.327362060546875
2026-02-16 15:00:00,real_time_price,146.68,peak,-28.853759765625
2026-02-16 15:15:00,real_time_price,155.43,peak,-29.24896240234375
2026-02-16 15:30:00,real_time_price,235.1,peak,-30.81439208984375
2026-02-16 15:45:00,real_time_price,270.0,peak,-26.99029541015625
2026-02-16 16:00:00,real_time_price,269.0,peak,-28.592742919921875
2026-02-16 16:15:00,real_time_price,280.0,peak,26.972747802734375
2026-02-16 16:30:00,real_time_price,320.0,peak,61.498504638671875
2026-02-16 16:45:00,real_time_price,361.0,peak,97.16459655761719
2026-02-16 17:00:00,real_time_price,356.0,peak,150.175048828125
2026-02-16 17:15:00,real_time_price,300.0,peak,207.3387451171875
2026-02-16 17:30:00,real_time_price,335.7,peak,274.4024658203125
2026-02-16 17:45:00,real_time_price,250.0,peak,285.98016357421875
2026-02-16 18:00:00,real_time_price,288.0,peak,296.47918701171875
2026-02-16 18:15:00,real_time_price,43.25,peak,295.9069519042969
2026-02-16 18:30:00,real_time_price,278.3,peak,294.8369140625
2026-02-16 18:45:00,real_time_price,325.0,peak,294.4838562011719
2026-02-16 19:00:00,real_time_price,245.1,flat,294.9031066894531
2026-02-16 19:15:00,real_time_price,275.0,flat,292.1581726074219
2026-02-16 19:30:00,real_time_price,427.23,flat,289.57720947265625
2026-02-16 19:45:00,real_time_price,419.16,flat,288.3756103515625
2026-02-16 20:00:00,real_time_price,446.72,flat,289.7209777832031
2026-02-16 20:15:00,real_time_price,558.04,flat,298.2901611328125
2026-02-16 20:30:00,real_time_price,493.97,flat,298.42498779296875
2026-02-16 20:45:00,real_time_price,372.11,flat,299.49578857421875
2026-02-16 21:00:00,real_time_price,315.0,flat,299.6471862792969
2026-02-16 21:15:00,real_time_price,397.87,flat,298.22662353515625
2026-02-16 21:30:00,real_time_price,372.0,flat,298.243408203125
2026-02-16 21:45:00,real_time_price,398.82,flat,297.17724609375
2026-02-16 22:00:00,real_time_price,391.54,flat,294.82305908203125
2026-02-16 22:15:00,real_time_price,371.49,flat,292.6448974609375
2026-02-16 22:30:00,real_time_price,397.87,flat,289.68115234375
2026-02-16 22:45:00,real_time_price,412.65,flat,287.1821594238281
2026-02-16 23:00:00,real_time_price,391.54,flat,285.2409362792969
2026-02-16 23:15:00,real_time_price,599.13,flat,284.05914306640625
2026-02-16 23:30:00,real_time_price,391.54,flat,282.62982177734375
2026-02-16 23:45:00,real_time_price,399.9,flat,279.0711975097656
2026-02-17 00:00:00,real_time_price,400.0,valley,276.0066223144531
2026-02-17 00:15:00,real_time_price,308.0,valley,289.4034118652344
2026-02-17 00:30:00,real_time_price,1119.0,valley,299.8031005859375
2026-02-17 00:45:00,real_time_price,269.0,valley,293.2445373535156
2026-02-17 01:00:00,real_time_price,270.0,valley,288.9993591308594
2026-02-17 01:15:00,real_time_price,350.0,valley,286.2066345214844
2026-02-17 01:30:00,real_time_price,295.0,valley,280.1591491699219
2026-02-17 01:45:00,real_time_price,295.0,valley,275.4396057128906
2026-02-17 02:00:00,real_time_price,280.0,valley,271.0074462890625
2026-02-17 02:15:00,real_time_price,269.0,valley,267.2631530761719
2026-02-17 02:30:00,real_time_price,230.0,valley,259.34539794921875
2026-02-17 02:45:00,real_time_price,245.1,valley,237.8970947265625
2026-02-17 03:00:00,real_time_price,269.0,valley,192.34710693359375
2026-02-17 03:15:00,real_time_price,260.2,valley,137.24996948242188
2026-02-17 03:30:00,real_time_price,257.0,valley,112.76776123046875
2026-02-17 03:45:00,real_time_price,245.0,valley,78.15910339355469
2026-02-17 04:00:00,real_time_price,245.2,valley,52.488128662109375
2026-02-17 04:15:00,real_time_price,43.25,valley,87.81094360351562
2026-02-17 04:30:00,real_time_price,43.25,valley,76.11746215820312
2026-02-17 04:45:00,real_time_price,43.25,valley,73.02067565917969
2026-02-17 05:00:00,real_time_price,80.0,valley,65.76374816894531
2026-02-17 05:15:00,real_time_price,43.25,valley,63.54142761230469
2026-02-17 05:30:00,real_time_price,43.25,valley,72.65336608886719
2026-02-17 05:45:00,real_time_price,43.25,valley,79.35269165039062
2026-02-17 06:00:00,real_time_price,129.6,valley,109.90263366699219
2026-02-17 06:15:00,real_time_price,80.0,valley,148.55648803710938
2026-02-17 06:30:00,real_time_price,43.25,valley,188.13467407226562
2026-02-17 06:45:00,real_time_price,43.25,valley,203.28289794921875
2026-02-17 07:00:00,real_time_price,43.25,valley,225.10691833496094
2026-02-17 07:15:00,real_time_price,43.25,valley,241.83094787597656
2026-02-17 07:30:00,real_time_price,43.25,valley,257.34228515625
2026-02-17 07:45:00,real_time_price,257.0,valley,262.1246032714844
2026-02-17 08:00:00,real_time_price,195.15,flat,267.4434814453125
2026-02-17 08:15:00,real_time_price,235.1,flat,267.5223693847656
2026-02-17 08:30:00,real_time_price,358.0,flat,243.49737548828125
2026-02-17 08:45:00,real_time_price,295.0,flat,171.23345947265625
2026-02-17 09:00:00,real_time_price,280.5,flat,248.30467224121094
2026-02-17 09:15:00,real_time_price,400.06,flat,244.83908081054688
2026-02-17 09:30:00,real_time_price,300.0,flat,211.68801879882812
2026-02-17 09:45:00,real_time_price,280.5,flat,169.79763793945312
2026-02-17 10:00:00,real_time_price,290.0,peak,112.06059265136719
2026-02-17 10:15:00,real_time_price,281.0,peak,74.25929260253906
2026-02-17 10:30:00,real_time_price,295.0,peak,31.950607299804688
2026-02-17 10:45:00,real_time_price,43.25,peak,10.967041015625
2026-02-17 11:00:00,real_time_price,264.77,peak,-3.60113525390625
2026-02-17 11:15:00,real_time_price,17.49,peak,-5.575439453125
2026-02-17 11:30:00,real_time_price,284.94,peak,16.247100830078125
2026-02-17 11:45:00,real_time_price,1119.0,peak,43.26762390136719
2026-02-17 12:00:00,real_time_price,-50.0,flat,-16.685516357421875
2026-02-17 12:15:00,real_time_price,310.6,flat,-19.384490966796875
2026-02-17 12:30:00,real_time_price,270.3,flat,7.167083740234375
2026-02-17 12:45:00,real_time_price,800.0,flat,-9.63897705078125
2026-02-17 13:00:00,real_time_price,450.0,flat,-24.791748046875
2026-02-17 13:15:00,real_time_price,358.0,flat,-29.463287353515625
2026-02-17 13:30:00,real_time_price,420.0,flat,-30.14678955078125
2026-02-17 13:45:00,real_time_price,425.0,flat,-25.242767333984375
2026-02-17 14:00:00,real_time_price,295.0,peak,-22.18743896484375
2026-02-17 14:15:00,real_time_price,146.68,peak,-29.06646728515625
2026-02-17 14:30:00,real_time_price,17.49,peak,-31.115264892578125
2026-02-17 14:45:00,real_time_price,0.0,peak,-35.626953125
2026-02-17 15:00:00,real_time_price,17.49,peak,-29.54559326171875
2026-02-17 15:15:00,real_time_price,17.49,peak,-30.7930908203125
2026-02-17 15:30:00,real_time_price,-50.0,peak,-33.16070556640625
2026-02-17 15:45:00,real_time_price,-50.0,peak,-28.637664794921875
2026-02-17 16:00:00,real_time_price,68.53,peak,-30.9388427734375
2026-02-17 16:15:00,real_time_price,0.0,peak,35.48553466796875
2026-02-17 16:30:00,real_time_price,17.49,peak,79.577880859375
2026-02-17 16:45:00,real_time_price,0.0,peak,124.78675842285156
2026-02-17 17:00:00,real_time_price,100.0,peak,198.1587677001953
2026-02-17 17:15:00,real_time_price,-50.0,peak,244.1763916015625
2026-02-17 17:30:00,real_time_price,-50.0,peak,281.1048583984375
2026-02-17 17:45:00,real_time_price,245.2,peak,291.3939514160156
2026-02-17 18:00:00,real_time_price,260.3,peak,300.2898254394531
2026-02-17 18:15:00,real_time_price,350.0,peak,299.26470947265625
2026-02-17 18:30:00,real_time_price,295.8,peak,297.143310546875
2026-02-17 18:45:00,real_time_price,-50.0,peak,297.6184997558594
2026-02-17 19:00:00,real_time_price,270.0,flat,297.0129089355469
2026-02-17 19:15:00,real_time_price,53.8,flat,294.6094970703125
2026-02-17 19:30:00,real_time_price,-50.0,flat,293.3035888671875
2026-02-17 19:45:00,real_time_price,245.0,flat,292.5466613769531
2026-02-17 20:00:00,real_time_price,339.08,flat,294.2093505859375
2026-02-17 20:15:00,real_time_price,270.3,flat,301.5108642578125
2026-02-17 20:30:00,real_time_price,287.0,flat,301.7554016113281
2026-02-17 20:45:00,real_time_price,287.0,flat,302.22747802734375
2026-02-17 21:00:00,real_time_price,265.1,flat,302.1504821777344
2026-02-17 21:15:00,real_time_price,269.0,flat,301.40826416015625
2026-02-17 21:30:00,real_time_price,286.6,flat,300.8543701171875
2026-02-17 21:45:00,real_time_price,282.0,flat,300.0700378417969
2026-02-17 22:00:00,real_time_price,290.0,flat,298.01171875
2026-02-17 22:15:00,real_time_price,290.0,flat,295.7809143066406
2026-02-17 22:30:00,real_time_price,290.8,flat,292.80859375
2026-02-17 22:45:00,real_time_price,295.0,flat,290.2486572265625
2026-02-17 23:00:00,real_time_price,328.0,flat,288.1692810058594
2026-02-17 23:15:00,real_time_price,270.0,flat,286.9534912109375
2026-02-17 23:30:00,real_time_price,260.0,flat,285.1245422363281
2026-02-17 23:45:00,real_time_price,269.0,flat,282.33099365234375
2026-02-18 00:00:00,real_time_price,287.0,valley,279.0960693359375
2026-02-18 00:15:00,real_time_price,50.0,valley,288.3912353515625
2026-02-18 00:30:00,real_time_price,0.0,valley,297.17694091796875
2026-02-18 00:45:00,real_time_price,280.5,valley,291.1521301269531
2026-02-18 01:00:00,real_time_price,327.0,valley,285.88934326171875
2026-02-18 01:15:00,real_time_price,270.3,valley,283.60137939453125
2026-02-18 01:30:00,real_time_price,260.0,valley,275.86895751953125
2026-02-18 01:45:00,real_time_price,255.1,valley,271.1449890136719
2026-02-18 02:00:00,real_time_price,245.1,valley,266.62255859375
2026-02-18 02:15:00,real_time_price,180.0,valley,263.13543701171875
2026-02-18 02:30:00,real_time_price,50.0,valley,246.09255981445312
2026-02-18 02:45:00,real_time_price,0.0,valley,205.77130126953125
2026-02-18 03:00:00,real_time_price,0.0,valley,148.39222717285156
2026-02-18 03:15:00,real_time_price,22.45,valley,88.4014892578125
2026-02-18 03:30:00,real_time_price,0.0,valley,59.100982666015625
2026-02-18 03:45:00,real_time_price,-50.0,valley,35.6671142578125
2026-02-18 04:00:00,real_time_price,0.0,valley,14.272613525390625
2026-02-18 04:15:00,real_time_price,-50.0,valley,56.62882995605469
2026-02-18 04:30:00,real_time_price,-50.0,valley,47.890533447265625
2026-02-18 04:45:00,real_time_price,22.45,valley,46.224639892578125
2026-02-18 05:00:00,real_time_price,43.25,valley,41.573822021484375
2026-02-18 05:15:00,real_time_price,0.0,valley,42.095123291015625
2026-02-18 05:30:00,real_time_price,0.0,valley,50.32853698730469
2026-02-18 05:45:00,real_time_price,0.0,valley,55.12261962890625
2026-02-18 06:00:00,real_time_price,43.25,valley,83.46965026855469
2026-02-18 06:15:00,real_time_price,43.25,valley,121.96340942382812
2026-02-18 06:30:00,real_time_price,43.25,valley,166.24090576171875
2026-02-18 06:45:00,real_time_price,43.25,valley,182.45584106445312
2026-02-18 07:00:00,real_time_price,43.25,valley,203.28489685058594
2026-02-18 07:15:00,real_time_price,99.6,valley,224.57302856445312
2026-02-18 07:30:00,real_time_price,43.25,valley,248.53704833984375
2026-02-18 07:45:00,real_time_price,153.0,valley,256.75091552734375
2026-02-18 08:00:00,real_time_price,310.0,flat,265.4994201660156
2026-02-18 08:15:00,real_time_price,265.3,flat,261.320556640625
2026-02-18 08:30:00,real_time_price,358.0,flat,239.74636840820312
2026-02-18 08:45:00,real_time_price,293.0,flat,174.28475952148438
2026-02-18 09:00:00,real_time_price,295.0,flat,242.6697540283203
2026-02-18 09:15:00,real_time_price,330.7,flat,234.88717651367188
2026-02-18 09:30:00,real_time_price,316.0,flat,191.11318969726562
2026-02-18 09:45:00,real_time_price,328.0,flat,139.42970275878906
2026-02-18 10:00:00,real_time_price,328.0,peak,88.68153381347656
2026-02-18 10:15:00,real_time_price,320.0,peak,53.54063415527344
2026-02-18 10:30:00,real_time_price,290.3,peak,17.727081298828125
2026-02-18 10:45:00,real_time_price,190.0,peak,5.15283203125
2026-02-18 11:00:00,real_time_price,190.0,peak,-5.4990234375
2026-02-18 11:15:00,real_time_price,155.43,peak,-9.99530029296875
2026-02-18 11:30:00,real_time_price,153.0,peak,2.657135009765625
2026-02-18 11:45:00,real_time_price,0.0,peak,35.375152587890625
2026-02-18 12:00:00,real_time_price,1260.0,flat,-19.1021728515625
2026-02-18 12:15:00,real_time_price,293.0,flat,-16.64715576171875
2026-02-18 12:30:00,real_time_price,0.0,flat,-0.397796630859375
2026-02-18 12:45:00,real_time_price,269.0,flat,-10.258697509765625
2026-02-18 13:00:00,real_time_price,250.0,flat,-24.07000732421875
2026-02-18 13:15:00,real_time_price,0.0,flat,-26.770172119140625
2026-02-18 13:30:00,real_time_price,-50.0,flat,-27.765045166015625
2026-02-18 13:45:00,real_time_price,-50.0,flat,-25.00372314453125
2026-02-18 14:00:00,real_time_price,-50.0,peak,-22.875732421875
2026-02-18 14:15:00,real_time_price,-50.0,peak,-27.3094482421875
2026-02-18 14:30:00,real_time_price,-50.0,peak,-28.882537841796875
2026-02-18 14:45:00,real_time_price,-50.0,peak,-33.617401123046875
2026-02-18 15:00:00,real_time_price,17.49,peak,-28.703460693359375
2026-02-18 15:15:00,real_time_price,43.25,peak,-28.761474609375
2026-02-18 15:30:00,real_time_price,43.25,peak,-31.640960693359375
2026-02-18 15:45:00,real_time_price,-50.0,peak,-26.998138427734375
2026-02-18 16:00:00,real_time_price,-50.0,peak,-29.4129638671875
2026-02-18 16:15:00,real_time_price,-50.0,peak,27.082168579101562
2026-02-18 16:30:00,real_time_price,-50.0,peak,59.29353332519531
2026-02-18 16:45:00,real_time_price,-50.0,peak,92.6185302734375
2026-02-18 17:00:00,real_time_price,50.0,peak,151.7222900390625
2026-02-18 17:15:00,real_time_price,0.0,peak,215.4499053955078
2026-02-18 17:30:00,real_time_price,-50.0,peak,277.2300109863281
2026-02-18 17:45:00,real_time_price,-50.0,peak,288.70513916015625
2026-02-18 18:00:00,real_time_price,250.0,peak,298.2464294433594
2026-02-18 18:15:00,real_time_price,260.0,peak,298.6783752441406
2026-02-18 18:30:00,real_time_price,270.0,peak,297.85333251953125
2026-02-18 18:45:00,real_time_price,285.0,peak,297.518310546875
2026-02-18 19:00:00,real_time_price,295.0,flat,297.1011047363281
2026-02-18 19:15:00,real_time_price,285.3,flat,294.4268798828125
2026-02-18 19:30:00,real_time_price,290.0,flat,292.706787109375
2026-02-18 19:45:00,real_time_price,288.6,flat,292.3585205078125
2026-02-18 20:00:00,real_time_price,285.3,flat,293.7365417480469
2026-02-18 20:15:00,real_time_price,280.0,flat,300.7520751953125
2026-02-18 20:30:00,real_time_price,325.7,flat,300.88507080078125
2026-02-18 20:45:00,real_time_price,290.0,flat,301.7033386230469
2026-02-18 21:00:00,real_time_price,286.6,flat,301.97515869140625
2026-02-18 21:15:00,real_time_price,325.0,flat,300.43682861328125
2026-02-18 21:30:00,real_time_price,400.3,flat,299.3959045410156
2026-02-18 21:45:00,real_time_price,317.0,flat,298.1607666015625
2026-02-18 22:00:00,real_time_price,317.0,flat,295.85345458984375
2026-02-18 22:15:00,real_time_price,298.0,flat,293.31219482421875
2026-02-18 22:30:00,real_time_price,295.0,flat,290.0586242675781
2026-02-18 22:45:00,real_time_price,290.0,flat,287.2370910644531
2026-02-18 23:00:00,real_time_price,270.0,flat,285.28399658203125
2026-02-18 23:15:00,real_time_price,280.0,flat,283.333740234375
2026-02-18 23:30:00,real_time_price,270.0,flat,281.2342529296875
2026-02-18 23:45:00,real_time_price,269.0,flat,277.21875
2026-02-19 00:00:00,real_time_price,269.0,valley,275.2362976074219
2026-02-19 00:15:00,real_time_price,286.6,valley,266.9647521972656
2026-02-19 00:30:00,real_time_price,250.0,valley,274.4103698730469
2026-02-19 00:45:00,real_time_price,260.1,valley,275.2076110839844
2026-02-19 01:00:00,real_time_price,330.0,valley,273.4324035644531
2026-02-19 01:15:00,real_time_price,269.0,valley,267.1439514160156
2026-02-19 01:30:00,real_time_price,250.0,valley,259.4295654296875
2026-02-19 01:45:00,real_time_price,269.0,valley,249.6065673828125
2026-02-19 02:00:00,real_time_price,270.3,valley,239.62962341308594
2026-02-19 02:15:00,real_time_price,260.1,valley,223.41075134277344
2026-02-19 02:30:00,real_time_price,260.0,valley,191.83837890625
2026-02-19 02:45:00,real_time_price,187.1,valley,135.9984130859375
2026-02-19 03:00:00,real_time_price,0.0,valley,103.36247253417969
2026-02-19 03:15:00,real_time_price,9.6,valley,86.07235717773438
2026-02-19 03:30:00,real_time_price,100.0,valley,66.61140441894531
2026-02-19 03:45:00,real_time_price,260.1,valley,57.22648620605469
2026-02-19 04:00:00,real_time_price,260.3,valley,51.94059753417969
2026-02-19 04:15:00,real_time_price,230.2,valley,54.42620849609375
2026-02-19 04:30:00,real_time_price,260.3,valley,49.318634033203125
2026-02-19 04:45:00,real_time_price,260.3,valley,48.57652282714844
2026-02-19 05:00:00,real_time_price,302.0,valley,45.97837829589844
2026-02-19 05:15:00,real_time_price,270.0,valley,38.19966125488281
2026-02-19 05:30:00,real_time_price,260.1,valley,40.48915100097656
2026-02-19 05:45:00,real_time_price,270.0,valley,43.662750244140625
2026-02-19 06:00:00,real_time_price,265.3,valley,54.9998779296875
2026-02-19 06:15:00,real_time_price,245.0,valley,66.39894104003906
2026-02-19 06:30:00,real_time_price,0.0,valley,71.96836853027344
2026-02-19 06:45:00,real_time_price,250.1,valley,84.69708251953125
2026-02-19 07:00:00,real_time_price,300.0,valley,103.16094970703125
2026-02-19 07:15:00,real_time_price,269.0,valley,133.17030334472656
2026-02-19 07:30:00,real_time_price,275.0,valley,165.27450561523438
2026-02-19 07:45:00,real_time_price,290.0,valley,226.4195556640625
2026-02-19 08:00:00,real_time_price,292.0,flat,259.0370178222656
2026-02-19 08:15:00,real_time_price,298.0,flat,270.7131652832031
2026-02-19 08:30:00,real_time_price,300.0,flat,281.7181091308594
2026-02-19 08:45:00,real_time_price,270.1,flat,265.4231872558594
2026-02-19 09:00:00,real_time_price,253.0,flat,262.496337890625
2026-02-19 09:15:00,real_time_price,265.1,flat,262.3591613769531
2026-02-19 09:30:00,real_time_price,50.0,flat,255.2457733154297
2026-02-19 09:45:00,real_time_price,270.0,flat,241.16172790527344
2026-02-19 10:00:00,real_time_price,0.0,peak,229.1099090576172
2026-02-19 10:15:00,real_time_price,240.0,peak,207.047607421875
2026-02-19 10:30:00,real_time_price,43.25,peak,184.45535278320312
2026-02-19 10:45:00,real_time_price,43.25,peak,153.10902404785156
2026-02-19 11:00:00,real_time_price,-50.0,peak,124.83155822753906
2026-02-19 11:15:00,real_time_price,-50.0,peak,101.88340759277344
2026-02-19 11:30:00,real_time_price,-50.0,peak,83.38963317871094
2026-02-19 11:45:00,real_time_price,0.0,peak,73.0543212890625
2026-02-19 12:00:00,real_time_price,-50.0,flat,53.92022705078125
2026-02-19 12:15:00,real_time_price,145.47,flat,16.946075439453125
2026-02-19 12:30:00,real_time_price,43.25,flat,24.43017578125
2026-02-19 12:45:00,real_time_price,-50.0,flat,18.84844970703125
2026-02-19 13:00:00,real_time_price,43.08,flat,5.70147705078125
2026-02-19 13:15:00,real_time_price,-7.0,flat,-6.181793212890625
2026-02-19 13:30:00,real_time_price,102.51,flat,-8.90960693359375
2026-02-19 13:45:00,real_time_price,109.19,flat,-9.955352783203125
2026-02-19 14:00:00,real_time_price,109.18,peak,-11.875030517578125
2026-02-19 14:15:00,real_time_price,145.83,peak,-17.200347900390625
2026-02-19 14:30:00,real_time_price,43.25,peak,-20.0078125
2026-02-19 14:45:00,real_time_price,103.93,peak,-21.88677978515625
2026-02-19 15:00:00,real_time_price,109.18,peak,-19.946044921875
2026-02-19 15:15:00,real_time_price,92.64,peak,-16.2613525390625
2026-02-19 15:30:00,real_time_price,102.51,peak,-19.96142578125
2026-02-19 15:45:00,real_time_price,43.25,peak,-21.6138916015625
2026-02-19 16:00:00,real_time_price,187.1,peak,-19.680999755859375
2026-02-19 16:15:00,real_time_price,102.51,peak,7.81646728515625
2026-02-19 16:30:00,real_time_price,170.0,peak,6.617340087890625
2026-02-19 16:45:00,real_time_price,290.8,peak,19.48223876953125
2026-02-19 17:00:00,real_time_price,285.6,peak,33.699310302734375
2026-02-19 17:15:00,real_time_price,260.0,peak,62.42242431640625
2026-02-19 17:30:00,real_time_price,270.3,peak,128.8107147216797
2026-02-19 17:45:00,real_time_price,280.3,peak,194.93040466308594
2026-02-19 18:00:00,real_time_price,295.0,peak,254.98439025878906
2026-02-19 18:15:00,real_time_price,295.0,peak,270.71026611328125
2026-02-19 18:30:00,real_time_price,300.0,peak,278.0955810546875
2026-02-19 18:45:00,real_time_price,310.0,peak,281.9039001464844
2026-02-19 19:00:00,real_time_price,399.97,flat,285.1193542480469
2026-02-19 19:15:00,real_time_price,285.3,flat,284.4006652832031
2026-02-19 19:30:00,real_time_price,258.0,flat,284.72412109375
2026-02-19 19:45:00,real_time_price,270.3,flat,288.83251953125
2026-02-19 20:00:00,real_time_price,270.3,flat,292.9990234375
2026-02-19 20:15:00,real_time_price,270.3,flat,292.9107971191406
2026-02-19 20:30:00,real_time_price,270.31,flat,295.6115417480469
2026-02-19 20:45:00,real_time_price,270.3,flat,295.2160339355469
2026-02-19 21:00:00,real_time_price,326.0,flat,297.4239196777344
2026-02-19 21:15:00,real_time_price,308.13,flat,299.56878662109375
2026-02-19 21:30:00,real_time_price,285.3,flat,300.9624328613281
2026-02-19 21:45:00,real_time_price,330.0,flat,298.7906494140625
2026-02-19 22:00:00,real_time_price,307.21,flat,295.9841003417969
2026-02-19 22:15:00,real_time_price,300.0,flat,293.5951843261719
2026-02-19 22:30:00,real_time_price,300.0,flat,289.5816650390625
2026-02-19 22:45:00,real_time_price,307.79,flat,285.02044677734375
2026-02-19 23:00:00,real_time_price,292.03,flat,282.8494873046875
2026-02-19 23:15:00,real_time_price,310.29,flat,279.2962951660156
2026-02-19 23:30:00,real_time_price,290.99,flat,275.8871765136719
2026-02-19 23:45:00,real_time_price,279.0,flat,273.5269470214844
2026-02-20 00:00:00,real_time_price,270.3,valley,272.5655822753906
2026-02-20 00:15:00,real_time_price,278.3,valley,254.23666381835938
2026-02-20 00:30:00,real_time_price,300.0,valley,284.9769287109375
2026-02-20 00:45:00,real_time_price,310.6,valley,284.72344970703125
2026-02-20 01:00:00,real_time_price,361.13,valley,280.17596435546875
2026-02-20 01:15:00,real_time_price,428.0,valley,273.2477722167969
2026-02-20 01:30:00,real_time_price,485.0,valley,266.4082336425781
2026-02-20 01:45:00,real_time_price,400.0,valley,257.763916015625
2026-02-20 02:00:00,real_time_price,437.89,valley,248.24612426757812
2026-02-20 02:15:00,real_time_price,410.38,valley,234.16647338867188
2026-02-20 02:30:00,real_time_price,334.0,valley,211.52825927734375
2026-02-20 02:45:00,real_time_price,303.8,valley,182.08517456054688
2026-02-20 03:00:00,real_time_price,300.0,valley,163.07431030273438
2026-02-20 03:15:00,real_time_price,330.0,valley,149.63668823242188
2026-02-20 03:30:00,real_time_price,270.3,valley,135.30491638183594
2026-02-20 03:45:00,real_time_price,292.3,valley,118.45864868164062
2026-02-20 04:00:00,real_time_price,295.0,valley,121.27500915527344
2026-02-20 04:15:00,real_time_price,265.3,valley,96.62803649902344
2026-02-20 04:30:00,real_time_price,270.3,valley,88.19807434082031
2026-02-20 04:45:00,real_time_price,270.0,valley,95.92990112304688
2026-02-20 05:00:00,real_time_price,273.0,valley,93.37376403808594
2026-02-20 05:15:00,real_time_price,273.0,valley,85.9908447265625
2026-02-20 05:30:00,real_time_price,270.3,valley,88.7152099609375
2026-02-20 05:45:00,real_time_price,270.5,valley,93.30874633789062
2026-02-20 06:00:00,real_time_price,290.0,valley,99.68966674804688
2026-02-20 06:15:00,real_time_price,282.0,valley,117.13067626953125
2026-02-20 06:30:00,real_time_price,318.0,valley,128.30447387695312
2026-02-20 06:45:00,real_time_price,291.0,valley,135.5863800048828
2026-02-20 07:00:00,real_time_price,328.0,valley,156.2236328125
2026-02-20 07:15:00,real_time_price,361.0,valley,181.593505859375
2026-02-20 07:30:00,real_time_price,357.0,valley,206.20779418945312
2026-02-20 07:45:00,real_time_price,410.38,valley,247.96322631835938
2026-02-20 08:00:00,real_time_price,428.0,flat,270.8747863769531
2026-02-20 08:15:00,real_time_price,380.99,flat,279.39727783203125
2026-02-20 08:30:00,real_time_price,410.38,flat,285.9009094238281
2026-02-20 08:45:00,real_time_price,388.27,flat,270.1859130859375
2026-02-20 09:00:00,real_time_price,300.0,flat,270.544921875
2026-02-20 09:15:00,real_time_price,359.88,flat,270.0050354003906
2026-02-20 09:30:00,real_time_price,300.0,flat,260.8777770996094
2026-02-20 09:45:00,real_time_price,269.0,flat,244.97364807128906
2026-02-20 10:00:00,real_time_price,43.25,peak,230.6237030029297
2026-02-20 10:15:00,real_time_price,270.1,peak,208.299072265625
2026-02-20 10:30:00,real_time_price,0.0,peak,185.9532470703125
2026-02-20 10:45:00,real_time_price,9.62,peak,152.82119750976562
2026-02-20 11:00:00,real_time_price,-46.17,peak,123.26860046386719
2026-02-20 11:15:00,real_time_price,-50.0,peak,103.48605346679688
2026-02-20 11:30:00,real_time_price,-50.0,peak,88.46304321289062
2026-02-20 11:45:00,real_time_price,-7.08,peak,79.63748168945312
2026-02-20 12:00:00,real_time_price,43.08,flat,62.43951416015625
2026-02-20 12:15:00,real_time_price,43.25,flat,23.0037841796875
2026-02-20 12:30:00,real_time_price,43.25,flat,32.13142395019531
2026-02-20 12:45:00,real_time_price,43.25,flat,29.06317138671875
2026-02-20 13:00:00,real_time_price,43.25,flat,16.915008544921875
2026-02-20 13:15:00,real_time_price,43.25,flat,0.2716064453125
2026-02-20 13:30:00,real_time_price,43.25,flat,-1.685821533203125
2026-02-20 13:45:00,real_time_price,43.25,flat,-7.313629150390625
2026-02-20 14:00:00,real_time_price,146.68,peak,-8.28369140625
2026-02-20 14:15:00,real_time_price,146.68,peak,-14.438751220703125
2026-02-20 14:30:00,real_time_price,146.68,peak,-17.59625244140625
2026-02-20 14:45:00,real_time_price,145.83,peak,-18.68536376953125
2026-02-20 15:00:00,real_time_price,43.25,peak,-17.780731201171875
2026-02-20 15:15:00,real_time_price,43.25,peak,-14.45513916015625
2026-02-20 15:30:00,real_time_price,43.25,peak,-20.08270263671875
2026-02-20 15:45:00,real_time_price,43.25,peak,-16.10931396484375
2026-02-20 16:00:00,real_time_price,17.49,peak,-17.49163818359375
2026-02-20 16:15:00,real_time_price,17.49,peak,17.737213134765625
2026-02-20 16:30:00,real_time_price,-50.0,peak,34.10296630859375
2026-02-20 16:45:00,real_time_price,-7.0,peak,50.07981872558594
2026-02-20 17:00:00,real_time_price,145.83,peak,81.78904724121094
2026-02-20 17:15:00,real_time_price,261.0,peak,125.39018249511719
2026-02-20 17:30:00,real_time_price,324.95,peak,182.2571258544922
2026-02-20 17:45:00,real_time_price,310.0,peak,226.97726440429688
2026-02-20 18:00:00,real_time_price,310.0,peak,265.6134033203125
2026-02-20 18:15:00,real_time_price,330.7,peak,278.932373046875
2026-02-20 18:30:00,real_time_price,310.0,peak,284.52740478515625
2026-02-20 18:45:00,real_time_price,332.3,peak,289.70281982421875
2026-02-20 19:00:00,real_time_price,272.0,flat,291.1005554199219
2026-02-20 19:15:00,real_time_price,285.3,flat,289.01678466796875
2026-02-20 19:30:00,real_time_price,300.0,flat,292.49493408203125
2026-02-20 19:45:00,real_time_price,285.28,flat,297.2341003417969
2026-02-20 20:00:00,real_time_price,280.1,flat,299.2908935546875
2026-02-20 20:15:00,real_time_price,300.0,flat,295.986083984375
2026-02-20 20:30:00,real_time_price,298.82,flat,300.4305114746094
2026-02-20 20:45:00,real_time_price,290.0,flat,298.01885986328125
2026-02-20 21:00:00,real_time_price,287.71,flat,301.3896789550781
2026-02-20 21:15:00,real_time_price,290.0,flat,303.3325500488281
2026-02-20 21:30:00,real_time_price,290.0,flat,302.9652404785156
2026-02-20 21:45:00,real_time_price,290.0,flat,301.4698486328125
2026-02-20 22:00:00,real_time_price,300.0,flat,300.2685241699219
2026-02-20 22:15:00,real_time_price,296.0,flat,296.2441101074219
2026-02-20 22:30:00,real_time_price,306.0,flat,291.5524597167969
2026-02-20 22:45:00,real_time_price,295.0,flat,286.8902893066406
2026-02-20 23:00:00,real_time_price,320.0,flat,284.32208251953125
2026-02-20 23:15:00,real_time_price,314.3,flat,281.8807678222656
2026-02-20 23:30:00,real_time_price,310.0,flat,275.7085876464844
2026-02-20 23:45:00,real_time_price,400.0,flat,274.666015625
2026-02-21 00:00:00,real_time_price,372.11,valley,273.87451171875
2026-02-21 00:15:00,real_time_price,300.0,valley,258.3411560058594
2026-02-21 00:30:00,real_time_price,791.0,valley,294.8306579589844
2026-02-21 00:45:00,real_time_price,330.0,valley,293.33331298828125
2026-02-21 01:00:00,real_time_price,416.72,valley,287.7078857421875
2026-02-21 01:15:00,real_time_price,460.0,valley,280.24224853515625
2026-02-21 01:30:00,real_time_price,415.67,valley,273.4099426269531
2026-02-21 01:45:00,real_time_price,420.0,valley,264.39031982421875
2026-02-21 02:00:00,real_time_price,369.11,valley,255.04586791992188
2026-02-21 02:15:00,real_time_price,358.0,valley,241.0432891845703
2026-02-21 02:30:00,real_time_price,400.0,valley,218.6266632080078
2026-02-21 02:45:00,real_time_price,300.0,valley,186.11370849609375
2026-02-21 03:00:00,real_time_price,305.0,valley,166.3267822265625
2026-02-21 03:15:00,real_time_price,380.0,valley,151.9064483642578
2026-02-21 03:30:00,real_time_price,338.0,valley,140.17030334472656
2026-02-21 03:45:00,real_time_price,330.2,valley,129.2508544921875
2026-02-21 04:00:00,real_time_price,307.0,valley,133.49746704101562
2026-02-21 04:15:00,real_time_price,328.0,valley,124.52073669433594
2026-02-21 04:30:00,real_time_price,300.0,valley,114.77481079101562
2026-02-21 04:45:00,real_time_price,298.0,valley,120.76164245605469
2026-02-21 05:00:00,real_time_price,290.0,valley,120.98731994628906
2026-02-21 05:15:00,real_time_price,273.0,valley,113.71449279785156
2026-02-21 05:30:00,real_time_price,320.3,valley,121.38859558105469
2026-02-21 05:45:00,real_time_price,287.6,valley,129.20751953125
2026-02-21 06:00:00,real_time_price,296.0,valley,138.29721069335938
2026-02-21 06:15:00,real_time_price,372.0,valley,152.32608032226562
2026-02-21 06:30:00,real_time_price,300.0,valley,164.31346130371094
2026-02-21 06:45:00,real_time_price,334.0,valley,168.92205810546875
2026-02-21 07:00:00,real_time_price,386.04,valley,187.89169311523438
2026-02-21 07:15:00,real_time_price,350.0,valley,206.9415283203125
2026-02-21 07:30:00,real_time_price,361.0,valley,223.2032928466797
2026-02-21 07:45:00,real_time_price,340.0,valley,252.03880310058594
2026-02-21 08:00:00,real_time_price,338.0,flat,269.2210693359375
2026-02-21 08:15:00,real_time_price,320.0,flat,290.9233093261719
2026-02-21 08:30:00,real_time_price,320.0,flat,295.067138671875
2026-02-21 08:45:00,real_time_price,43.25,flat,257.71502685546875
2026-02-21 09:00:00,real_time_price,270.0,flat,245.32489013671875
2026-02-21 09:15:00,real_time_price,43.25,flat,248.13137817382812
2026-02-21 09:30:00,real_time_price,17.49,flat,225.74008178710938
2026-02-21 09:45:00,real_time_price,43.25,flat,197.38406372070312
2026-02-21 10:00:00,real_time_price,102.51,peak,168.0687713623047
2026-02-21 10:15:00,real_time_price,103.93,peak,150.35159301757812
2026-02-21 10:30:00,real_time_price,17.49,peak,122.82362365722656
2026-02-21 10:45:00,real_time_price,106.12,peak,94.22573852539062
2026-02-21 11:00:00,real_time_price,17.49,peak,67.73236083984375
2026-02-21 11:15:00,real_time_price,145.83,peak,51.27268981933594
2026-02-21 11:30:00,real_time_price,43.25,peak,41.694244384765625
2026-02-21 11:45:00,real_time_price,43.25,peak,42.81805419921875
2026-02-21 12:00:00,real_time_price,145.83,flat,30.700424194335938
2026-02-21 12:15:00,real_time_price,145.83,flat,4.91998291015625
2026-02-21 12:30:00,real_time_price,43.25,flat,13.2445068359375
2026-02-21 12:45:00,real_time_price,43.25,flat,9.2601318359375
2026-02-21 13:00:00,real_time_price,17.49,flat,-1.772003173828125
2026-02-21 13:15:00,real_time_price,17.49,flat,-10.66705322265625
2026-02-21 13:30:00,real_time_price,17.49,flat,-12.45428466796875
2026-02-21 13:45:00,real_time_price,22.7,flat,-12.961883544921875
2026-02-21 14:00:00,real_time_price,-6.71,peak,-13.912261962890625
2026-02-21 14:15:00,real_time_price,-49.71,peak,-18.557708740234375
2026-02-21 14:30:00,real_time_price,0.0,peak,-21.0992431640625
2026-02-21 14:45:00,real_time_price,-7.0,peak,-22.877044677734375
2026-02-21 15:00:00,real_time_price,-50.0,peak,-22.534088134765625
2026-02-21 15:15:00,real_time_price,0.0,peak,-18.38751220703125
2026-02-21 15:30:00,real_time_price,-50.0,peak,-23.082000732421875
2026-02-21 15:45:00,real_time_price,-50.0,peak,-20.93267822265625
2026-02-21 16:00:00,real_time_price,-50.0,peak,-24.24847412109375
2026-02-21 16:15:00,real_time_price,-50.0,peak,17.184661865234375
2026-02-21 16:30:00,real_time_price,0.04,peak,31.0618896484375
2026-02-21 16:45:00,real_time_price,230.98,peak,50.18804931640625
2026-02-21 17:00:00,real_time_price,251.58,peak,86.85186767578125
2026-02-21 17:15:00,real_time_price,265.92,peak,128.09849548339844
2026-02-21 17:30:00,real_time_price,291.55,peak,181.74551391601562
2026-02-21 17:45:00,real_time_price,300.0,peak,224.51058959960938
2026-02-21 18:00:00,real_time_price,300.0,peak,265.26031494140625
2026-02-21 18:15:00,real_time_price,300.0,peak,277.5283203125
2026-02-21 18:30:00,real_time_price,285.3,peak,284.1083068847656
2026-02-21 18:45:00,real_time_price,300.0,peak,289.3265075683594
2026-02-21 19:00:00,real_time_price,300.0,flat,290.2529602050781
2026-02-21 19:15:00,real_time_price,280.0,flat,286.34130859375
2026-02-21 19:30:00,real_time_price,110.0,flat,290.9551086425781
2026-02-21 19:45:00,real_time_price,278.3,flat,296.6451721191406
2026-02-21 20:00:00,real_time_price,280.1,flat,301.7188720703125
2026-02-21 20:15:00,real_time_price,270.0,flat,303.18658447265625
2026-02-21 20:30:00,real_time_price,275.0,flat,306.7947082519531
2026-02-21 20:45:00,real_time_price,361.0,flat,303.06793212890625
2026-02-21 21:00:00,real_time_price,310.0,flat,304.7375183105469
2026-02-21 21:15:00,real_time_price,300.0,flat,304.1304626464844
2026-02-21 21:30:00,real_time_price,300.0,flat,303.2264709472656
2026-02-21 21:45:00,real_time_price,304.0,flat,300.5502624511719
2026-02-21 22:00:00,real_time_price,300.0,flat,299.17083740234375
2026-02-21 22:15:00,real_time_price,300.0,flat,298.15826416015625
2026-02-21 22:30:00,real_time_price,302.0,flat,292.7532043457031
2026-02-21 22:45:00,real_time_price,400.0,flat,289.8582458496094
2026-02-21 23:00:00,real_time_price,290.0,flat,286.3103332519531
2026-02-21 23:15:00,real_time_price,340.0,flat,283.07366943359375
2026-02-21 23:30:00,real_time_price,330.0,flat,277.2026062011719
2026-02-21 23:45:00,real_time_price,358.0,flat,275.95892333984375
2026-02-22 00:00:00,real_time_price,371.49,valley,272.8689880371094
2026-02-22 00:15:00,real_time_price,308.27,valley,245.5340118408203
2026-02-22 00:30:00,real_time_price,350.0,valley,302.03167724609375
2026-02-22 00:45:00,real_time_price,420.0,valley,254.97366333007812
2026-02-22 01:00:00,real_time_price,631.7,valley,266.1659851074219
2026-02-22 01:15:00,real_time_price,500.0,valley,262.1561279296875
2026-02-22 01:30:00,real_time_price,460.0,valley,248.08526611328125
2026-02-22 01:45:00,real_time_price,445.77,valley,238.26559448242188
2026-02-22 02:00:00,real_time_price,330.2,valley,236.497802734375
2026-02-22 02:15:00,real_time_price,270.1,valley,219.95066833496094
2026-02-22 02:30:00,real_time_price,313.33,valley,205.68600463867188
2026-02-22 02:45:00,real_time_price,316.71,valley,174.50265502929688
2026-02-22 03:00:00,real_time_price,314.3,valley,163.87109375
2026-02-22 03:15:00,real_time_price,328.0,valley,148.50228881835938
2026-02-22 03:30:00,real_time_price,316.71,valley,137.61312866210938
2026-02-22 03:45:00,real_time_price,316.5,valley,124.774169921875
2026-02-22 04:00:00,real_time_price,280.0,valley,121.73065185546875
2026-02-22 04:15:00,real_time_price,300.0,valley,88.93739318847656
2026-02-22 04:30:00,real_time_price,293.0,valley,78.47239685058594
2026-02-22 04:45:00,real_time_price,300.0,valley,80.8408203125
2026-02-22 05:00:00,real_time_price,301.0,valley,82.67890930175781
2026-02-22 05:15:00,real_time_price,298.0,valley,75.90493774414062
2026-02-22 05:30:00,real_time_price,358.82,valley,80.47492980957031
2026-02-22 05:45:00,real_time_price,338.0,valley,86.9813232421875
2026-02-22 06:00:00,real_time_price,308.0,valley,93.53739929199219
2026-02-22 06:15:00,real_time_price,300.0,valley,115.1368408203125
2026-02-22 06:30:00,real_time_price,295.0,valley,124.27867126464844
2026-02-22 06:45:00,real_time_price,358.0,valley,137.6055450439453
2026-02-22 07:00:00,real_time_price,400.0,valley,157.58303833007812
2026-02-22 07:15:00,real_time_price,340.0,valley,176.25579833984375
2026-02-22 07:30:00,real_time_price,399.79,valley,200.37979125976562
2026-02-22 07:45:00,real_time_price,438.95,valley,229.45489501953125
2026-02-22 08:00:00,real_time_price,359.88,flat,252.31790161132812
2026-02-22 08:15:00,real_time_price,359.88,flat,271.45281982421875
2026-02-22 08:30:00,real_time_price,288.6,flat,278.668701171875
2026-02-22 08:45:00,real_time_price,329.16,flat,246.6332244873047
2026-02-22 09:00:00,real_time_price,338.0,flat,222.81918334960938
2026-02-22 09:15:00,real_time_price,320.0,flat,221.71604919433594
2026-02-22 09:30:00,real_time_price,295.0,flat,202.85040283203125
2026-02-22 09:45:00,real_time_price,270.3,flat,176.97482299804688
2026-02-22 10:00:00,real_time_price,43.25,peak,147.3154754638672
2026-02-22 10:15:00,real_time_price,146.68,peak,134.2525177001953
2026-02-22 10:30:00,real_time_price,187.1,peak,111.068603515625
2026-02-22 10:45:00,real_time_price,-50.0,peak,90.36692810058594
2026-02-22 11:00:00,real_time_price,-49.97,peak,71.21595764160156
2026-02-22 11:15:00,real_time_price,-50.0,peak,59.523284912109375
2026-02-22 11:30:00,real_time_price,-50.0,peak,52.860076904296875
2026-02-22 11:45:00,real_time_price,-49.06,peak,52.22483825683594
2026-02-22 12:00:00,real_time_price,-49.97,flat,39.73112487792969
2026-02-22 12:15:00,real_time_price,-50.0,flat,13.0633544921875
2026-02-22 12:30:00,real_time_price,-50.0,flat,19.2938232421875
2026-02-22 12:45:00,real_time_price,3.49,flat,13.3424072265625
2026-02-22 13:00:00,real_time_price,-0.27,flat,0.93939208984375
2026-02-22 13:15:00,real_time_price,-48.57,flat,-7.5576171875
2026-02-22 13:30:00,real_time_price,-4.63,flat,-12.046966552734375
2026-02-22 13:45:00,real_time_price,153.42,flat,-12.02740478515625
2026-02-22 14:00:00,real_time_price,-15.24,peak,-14.794281005859375
2026-02-22 14:15:00,real_time_price,-1.47,peak,-18.5264892578125
2026-02-22 14:30:00,real_time_price,-22.51,peak,-21.53338623046875
2026-02-22 14:45:00,real_time_price,-37.33,peak,-22.407318115234375
2026-02-22 15:00:00,real_time_price,64.11,peak,-22.265899658203125
2026-02-22 15:15:00,real_time_price,-48.94,peak,-18.182403564453125
2026-02-22 15:30:00,real_time_price,-41.01,peak,-23.083160400390625
2026-02-22 15:45:00,real_time_price,-47.61,peak,-18.30108642578125
2026-02-22 16:00:00,real_time_price,-46.72,peak,-21.90118408203125
2026-02-22 16:15:00,real_time_price,-48.11,peak,13.1492919921875
2026-02-22 16:30:00,real_time_price,10.0,peak,21.326995849609375
2026-02-22 16:45:00,real_time_price,300.0,peak,30.44720458984375
2026-02-22 17:00:00,real_time_price,289.01,peak,50.706512451171875
2026-02-22 17:15:00,real_time_price,358.0,peak,75.49552917480469
2026-02-22 17:30:00,real_time_price,350.63,peak,144.90997314453125
2026-02-22 17:45:00,real_time_price,350.94,peak,197.8291015625
2026-02-22 18:00:00,real_time_price,354.75,peak,252.09451293945312
2026-02-22 18:15:00,real_time_price,301.35,peak,268.6142578125
2026-02-22 18:30:00,real_time_price,330.87,peak,280.5595397949219
2026-02-22 18:45:00,real_time_price,330.87,peak,287.4427795410156
2026-02-22 19:00:00,real_time_price,330.87,flat,292.2624206542969
2026-02-22 19:15:00,real_time_price,270.1,flat,283.36688232421875
2026-02-22 19:30:00,real_time_price,270.1,flat,291.810302734375
2026-02-22 19:45:00,real_time_price,275.2,flat,297.6019592285156
2026-02-22 20:00:00,real_time_price,300.0,flat,302.3348083496094
2026-02-22 20:15:00,real_time_price,290.0,flat,304.25982666015625
2026-02-22 20:30:00,real_time_price,270.0,flat,307.36676025390625
2026-02-22 20:45:00,real_time_price,270.0,flat,307.7718200683594
2026-02-22 21:00:00,real_time_price,270.0,flat,312.02783203125
2026-02-22 21:15:00,real_time_price,300.0,flat,312.51611328125
2026-02-22 21:30:00,real_time_price,381.67,flat,312.5348815917969
2026-02-22 21:45:00,real_time_price,300.33,flat,309.4078063964844
2026-02-22 22:00:00,real_time_price,331.82,flat,308.54791259765625
2026-02-22 22:15:00,real_time_price,334.86,flat,308.8968200683594
2026-02-22 22:30:00,real_time_price,328.78,flat,303.58428955078125
2026-02-22 22:45:00,real_time_price,331.82,flat,297.94775390625
2026-02-22 23:00:00,real_time_price,328.78,flat,293.40386962890625
2026-02-22 23:15:00,real_time_price,318.61,flat,289.83526611328125
2026-02-22 23:30:00,real_time_price,443.75,flat,283.8917236328125
2026-02-22 23:45:00,real_time_price,350.32,flat,280.6161804199219
2026-02-23 00:00:00,real_time_price,333.78,valley,276.2480163574219
2026-02-23 00:15:00,real_time_price,290.5,valley,259.1550598144531
2026-02-23 00:30:00,real_time_price,354.51,valley,344.40216064453125
2026-02-23 00:45:00,real_time_price,350.08,valley,285.62774658203125
2026-02-23 01:00:00,real_time_price,401.43,valley,288.42791748046875
2026-02-23 01:15:00,real_time_price,320.36,valley,280.94903564453125
2026-02-23 01:30:00,real_time_price,293.2,valley,270.0521545410156
2026-02-23 01:45:00,real_time_price,301.11,valley,261.0178527832031
2026-02-23 02:00:00,real_time_price,297.75,valley,253.18292236328125
2026-02-23 02:15:00,real_time_price,290.3,valley,247.74600219726562
2026-02-23 02:30:00,real_time_price,269.0,valley,235.3671417236328
2026-02-23 02:45:00,real_time_price,280.0,valley,218.8092041015625
2026-02-23 03:00:00,real_time_price,280.0,valley,207.47555541992188
2026-02-23 03:15:00,real_time_price,274.0,valley,200.4765625
2026-02-23 03:30:00,real_time_price,270.5,valley,184.23681640625
2026-02-23 03:45:00,real_time_price,269.0,valley,173.16592407226562
2026-02-23 04:00:00,real_time_price,261.0,valley,172.8724365234375
2026-02-23 04:15:00,real_time_price,265.3,valley,110.47697448730469
2026-02-23 04:30:00,real_time_price,325.7,valley,104.90412902832031
2026-02-23 04:45:00,real_time_price,268.0,valley,108.14952087402344
2026-02-23 05:00:00,real_time_price,265.0,valley,106.949951171875
2026-02-23 05:15:00,real_time_price,263.0,valley,100.85975646972656
2026-02-23 05:30:00,real_time_price,250.0,valley,105.06729125976562
2026-02-23 05:45:00,real_time_price,250.0,valley,109.482421875
2026-02-23 06:00:00,real_time_price,250.0,valley,113.9241943359375
2026-02-23 06:15:00,real_time_price,250.0,valley,130.5714111328125
2026-02-23 06:30:00,real_time_price,257.0,valley,141.4027557373047
2026-02-23 06:45:00,real_time_price,260.3,valley,155.98468017578125
2026-02-23 07:00:00,real_time_price,268.0,valley,180.16603088378906
2026-02-23 07:15:00,real_time_price,260.3,valley,202.7947998046875
2026-02-23 07:30:00,real_time_price,260.3,valley,223.4620361328125
2026-02-23 07:45:00,real_time_price,269.0,valley,252.87997436523438
2026-02-23 08:00:00,real_time_price,270.3,flat,270.0071105957031
2026-02-23 08:15:00,real_time_price,148.79,flat,277.6184387207031
2026-02-23 08:30:00,real_time_price,0.0,flat,283.2962341308594
2026-02-23 08:45:00,real_time_price,0.0,flat,271.59490966796875
2026-02-23 09:00:00,real_time_price,0.0,flat,260.06243896484375
2026-02-23 09:15:00,real_time_price,-50.0,flat,259.8288269042969
2026-02-23 09:30:00,real_time_price,0.0,flat,239.58653259277344
2026-02-23 09:45:00,real_time_price,43.25,flat,216.9586944580078
2026-02-23 10:00:00,real_time_price,43.25,peak,182.2064971923828
2026-02-23 10:15:00,real_time_price,43.25,peak,165.77102661132812
2026-02-23 10:30:00,real_time_price,-50.0,peak,142.45533752441406
2026-02-23 10:45:00,real_time_price,239.49,peak,114.58062744140625
2026-02-23 11:00:00,real_time_price,-29.02,peak,93.17874145507812
2026-02-23 11:15:00,real_time_price,42.65,peak,79.88803100585938
2026-02-23 11:30:00,real_time_price,37.32,peak,70.52734375
2026-02-23 11:45:00,real_time_price,244.28,peak,63.060638427734375
2026-02-23 12:00:00,real_time_price,76.74,flat,49.24058532714844
2026-02-23 12:15:00,real_time_price,-7.0,flat,22.841705322265625
2026-02-23 12:30:00,real_time_price,4.72,flat,31.381271362304688
2026-02-23 12:45:00,real_time_price,52.42,flat,24.6346435546875
2026-02-23 13:00:00,real_time_price,43.5,flat,12.472320556640625
2026-02-23 13:15:00,real_time_price,43.2,flat,-3.1630859375
2026-02-23 13:30:00,real_time_price,73.86,flat,-6.68914794921875
2026-02-23 13:45:00,real_time_price,43.25,flat,-9.7152099609375
2026-02-23 14:00:00,real_time_price,43.48,peak,-10.6673583984375
2026-02-23 14:15:00,real_time_price,-49.73,peak,-15.98529052734375
2026-02-23 14:30:00,real_time_price,-49.75,peak,-21.10833740234375
2026-02-23 14:45:00,real_time_price,-44.44,peak,-23.124267578125
2026-02-23 15:00:00,real_time_price,-49.74,peak,-21.247802734375
2026-02-23 15:15:00,real_time_price,-50.0,peak,-18.07672119140625
2026-02-23 15:30:00,real_time_price,-50.0,peak,-22.76885986328125
2026-02-23 15:45:00,real_time_price,0.3,peak,-14.867767333984375
2026-02-23 16:00:00,real_time_price,-50.0,peak,-17.1885986328125
2026-02-23 16:15:00,real_time_price,-48.28,peak,28.230941772460938
2026-02-23 16:30:00,real_time_price,-50.0,peak,53.34291076660156
2026-02-23 16:45:00,real_time_price,-50.0,peak,64.61636352539062
2026-02-23 17:00:00,real_time_price,-47.68,peak,91.74932861328125
2026-02-23 17:15:00,real_time_price,58.18,peak,125.45991516113281
2026-02-23 17:30:00,real_time_price,271.0,peak,177.28829956054688
2026-02-23 17:45:00,real_time_price,265.2,peak,210.8224334716797
2026-02-23 18:00:00,real_time_price,279.58,peak,250.91473388671875
2026-02-23 18:15:00,real_time_price,280.5,peak,263.281982421875
2026-02-23 18:30:00,real_time_price,345.52,peak,269.5609436035156
2026-02-23 18:45:00,real_time_price,295.31,peak,279.5924377441406
2026-02-23 19:00:00,real_time_price,301.0,flat,283.0469665527344
2026-02-23 19:15:00,real_time_price,265.2,flat,280.55682373046875
2026-02-23 19:30:00,real_time_price,263.0,flat,295.6729736328125
2026-02-23 19:45:00,real_time_price,279.99,flat,303.46478271484375
2026-02-23 20:00:00,real_time_price,280.0,flat,307.8795166015625
2026-02-23 20:15:00,real_time_price,285.1,flat,305.0204772949219
2026-02-23 20:30:00,real_time_price,280.1,flat,304.75738525390625
2026-02-23 20:45:00,real_time_price,275.3,flat,303.37261962890625
2026-02-23 21:00:00,real_time_price,269.0,flat,303.94000244140625
2026-02-23 21:15:00,real_time_price,269.0,flat,305.17193603515625
2026-02-23 21:30:00,real_time_price,271.0,flat,308.8339538574219
2026-02-23 21:45:00,real_time_price,270.0,flat,306.6101989746094
2026-02-23 22:00:00,real_time_price,265.3,flat,303.4745788574219
2026-02-23 22:15:00,real_time_price,261.0,flat,306.1390686035156
2026-02-23 22:30:00,real_time_price,267.0,flat,303.1985778808594
2026-02-23 22:45:00,real_time_price,268.3,flat,300.7004089355469
2026-02-23 23:00:00,real_time_price,264.0,flat,295.2593688964844
2026-02-23 23:15:00,real_time_price,263.0,flat,293.6461486816406
2026-02-23 23:30:00,real_time_price,260.5,flat,290.9163513183594
2026-02-23 23:45:00,real_time_price,260.0,flat,285.4932556152344
2026-02-24 00:00:00,real_time_price,254.0,valley,283.3782958984375
2026-02-24 00:15:00,real_time_price,250.0,valley,271.7745666503906
2026-02-24 00:30:00,real_time_price,43.25,valley,369.5527038574219
2026-02-24 00:45:00,real_time_price,800.0,valley,300.4213562011719
2026-02-24 01:00:00,real_time_price,300.0,valley,298.00323486328125
2026-02-24 01:15:00,real_time_price,280.3,valley,291.4560546875
2026-02-24 01:30:00,real_time_price,280.0,valley,279.71466064453125
2026-02-24 01:45:00,real_time_price,275.0,valley,270.53863525390625
2026-02-24 02:00:00,real_time_price,270.1,valley,261.0868225097656
2026-02-24 02:15:00,real_time_price,270.0,valley,255.15650939941406
2026-02-24 02:30:00,real_time_price,276.6,valley,243.02877807617188
2026-02-24 02:45:00,real_time_price,270.5,valley,231.2204132080078
2026-02-24 03:00:00,real_time_price,270.1,valley,220.90625
2026-02-24 03:15:00,real_time_price,270.0,valley,212.9003143310547
2026-02-24 03:30:00,real_time_price,264.0,valley,199.55126953125
2026-02-24 03:45:00,real_time_price,258.3,valley,191.1204376220703
2026-02-24 04:00:00,real_time_price,260.5,valley,181.47320556640625
2026-02-24 04:15:00,real_time_price,259.0,valley,116.02165222167969
2026-02-24 04:30:00,real_time_price,260.0,valley,109.85737609863281
2026-02-24 04:45:00,real_time_price,260.0,valley,112.87306213378906
2026-02-24 05:00:00,real_time_price,260.1,valley,113.75541687011719
2026-02-24 05:15:00,real_time_price,264.0,valley,107.59931945800781
2026-02-24 05:30:00,real_time_price,266.0,valley,111.99012756347656
2026-02-24 05:45:00,real_time_price,270.3,valley,119.02131652832031
2026-02-24 06:00:00,real_time_price,270.0,valley,123.68083190917969
2026-02-24 06:15:00,real_time_price,275.3,valley,138.8359832763672
2026-02-24 06:30:00,real_time_price,270.5,valley,150.59202575683594
2026-02-24 06:45:00,real_time_price,285.0,valley,160.02932739257812
2026-02-24 07:00:00,real_time_price,319.0,valley,183.0010986328125
2026-02-24 07:15:00,real_time_price,300.09,valley,204.83602905273438
2026-02-24 07:30:00,real_time_price,310.2,valley,228.01312255859375
2026-02-24 07:45:00,real_time_price,401.41,valley,256.9269104003906
2026-02-24 08:00:00,real_time_price,345.08,flat,274.35589599609375
2026-02-24 08:15:00,real_time_price,421.98,flat,276.7973327636719
2026-02-24 08:30:00,real_time_price,405.98,flat,287.68206787109375
2026-02-24 08:45:00,real_time_price,427.43,flat,274.0341796875
2026-02-24 09:00:00,real_time_price,367.7,flat,270.4408874511719
2026-02-24 09:15:00,real_time_price,463.22,flat,273.1523742675781
2026-02-24 09:30:00,real_time_price,401.0,flat,256.6754455566406
2026-02-24 09:45:00,real_time_price,355.13,flat,237.5723876953125
2026-02-24 10:00:00,real_time_price,390.41,peak,207.67257690429688
2026-02-24 10:15:00,real_time_price,396.22,peak,185.66891479492188
2026-02-24 10:30:00,real_time_price,362.89,peak,156.91586303710938
2026-02-24 10:45:00,real_time_price,335.22,peak,122.16986083984375
2026-02-24 11:00:00,real_time_price,302.3,peak,99.00663757324219
2026-02-24 11:15:00,real_time_price,290.87,peak,84.17312622070312
2026-02-24 11:30:00,real_time_price,290.46,peak,77.39324951171875
2026-02-24 11:45:00,real_time_price,43.68,peak,78.42086791992188
2026-02-24 12:00:00,real_time_price,267.01,flat,49.95416259765625
2026-02-24 12:15:00,real_time_price,266.03,flat,18.778656005859375
2026-02-24 12:30:00,real_time_price,270.0,flat,25.599319458007812
2026-02-24 12:45:00,real_time_price,270.2,flat,21.0130615234375
2026-02-24 13:00:00,real_time_price,297.75,flat,6.04351806640625
2026-02-24 13:15:00,real_time_price,279.34,flat,-3.219940185546875
2026-02-24 13:30:00,real_time_price,281.5,flat,-7.103515625
2026-02-24 13:45:00,real_time_price,275.2,flat,-8.227264404296875
2026-02-24 14:00:00,real_time_price,280.28,peak,-13.160247802734375
2026-02-24 14:15:00,real_time_price,265.96,peak,-15.440399169921875
2026-02-24 14:30:00,real_time_price,269.0,peak,-19.785064697265625
2026-02-24 14:45:00,real_time_price,268.0,peak,-23.283935546875
2026-02-24 15:00:00,real_time_price,265.5,peak,-22.82611083984375
2026-02-24 15:15:00,real_time_price,1.02,peak,-18.964447021484375
2026-02-24 15:30:00,real_time_price,270.45,peak,-23.675689697265625
2026-02-24 15:45:00,real_time_price,271.55,peak,-17.401611328125
2026-02-24 16:00:00,real_time_price,266.15,peak,-19.385467529296875
2026-02-24 16:15:00,real_time_price,280.19,peak,28.346145629882812
2026-02-24 16:30:00,real_time_price,326.73,peak,51.46995544433594
2026-02-24 16:45:00,real_time_price,335.14,peak,61.43507385253906
2026-02-24 17:00:00,real_time_price,352.34,peak,88.39797973632812
2026-02-24 17:15:00,real_time_price,401.39,peak,122.25883483886719
2026-02-24 17:30:00,real_time_price,401.35,peak,177.1168670654297
2026-02-24 17:45:00,real_time_price,366.97,peak,218.22525024414062
2026-02-24 18:00:00,real_time_price,367.29,peak,263.41827392578125
2026-02-24 18:15:00,real_time_price,375.96,peak,272.75909423828125
2026-02-24 18:30:00,real_time_price,381.73,peak,277.3946838378906
2026-02-24 18:45:00,real_time_price,341.04,peak,284.0235900878906
2026-02-24 19:00:00,real_time_price,311.46,flat,289.7521667480469
2026-02-24 19:15:00,real_time_price,297.06,flat,281.42919921875
2026-02-24 19:30:00,real_time_price,320.2,flat,291.1440734863281
2026-02-24 19:45:00,real_time_price,307.02,flat,298.9578857421875
2026-02-24 20:00:00,real_time_price,293.95,flat,302.9953918457031
2026-02-24 20:15:00,real_time_price,294.89,flat,303.0419616699219
2026-02-24 20:30:00,real_time_price,292.39,flat,306.83551025390625
2026-02-24 20:45:00,real_time_price,279.97,flat,306.8852844238281
2026-02-24 21:00:00,real_time_price,275.04,flat,309.2894287109375
2026-02-24 21:15:00,real_time_price,319.97,flat,309.63385009765625
2026-02-24 21:30:00,real_time_price,295.3,flat,310.3758850097656
2026-02-24 21:45:00,real_time_price,293.98,flat,308.74346923828125
2026-02-24 22:00:00,real_time_price,316.84,flat,307.602783203125
2026-02-24 22:15:00,real_time_price,314.22,flat,306.8665771484375
2026-02-24 22:30:00,real_time_price,324.09,flat,303.4940490722656
2026-02-24 22:45:00,real_time_price,287.9,flat,298.7444763183594
2026-02-24 23:00:00,real_time_price,310.2,flat,294.5787048339844
2026-02-24 23:15:00,real_time_price,330.5,flat,291.5331726074219
2026-02-24 23:30:00,real_time_price,330.47,flat,286.3621520996094
2026-02-24 23:45:00,real_time_price,330.5,flat,282.9055480957031
2026-02-25 00:00:00,real_time_price,295.3,valley,280.6885986328125
2026-02-25 00:15:00,real_time_price,250.0,valley,276.66741943359375
2026-02-25 00:30:00,real_time_price,278.0,valley,334.6468200683594
2026-02-25 00:45:00,real_time_price,280.0,valley,306.3157958984375
2026-02-25 01:00:00,real_time_price,280.0,valley,302.7231750488281
2026-02-25 01:15:00,real_time_price,280.0,valley,295.1865539550781
2026-02-25 01:30:00,real_time_price,280.0,valley,285.4167785644531
2026-02-25 01:45:00,real_time_price,285.0,valley,275.5493469238281
2026-02-25 02:00:00,real_time_price,297.11,valley,267.8169250488281
2026-02-25 02:15:00,real_time_price,323.41,valley,260.5652160644531
2026-02-25 02:30:00,real_time_price,326.74,valley,245.705078125
2026-02-25 02:45:00,real_time_price,311.62,valley,223.4598846435547
2026-02-25 03:00:00,real_time_price,299.07,valley,214.14559936523438
2026-02-25 03:15:00,real_time_price,280.0,valley,200.33834838867188
2026-02-25 03:30:00,real_time_price,285.0,valley,187.17913818359375
2026-02-25 03:45:00,real_time_price,280.0,valley,178.74301147460938
2026-02-25 04:00:00,real_time_price,280.0,valley,175.00103759765625
2026-02-25 04:15:00,real_time_price,276.0,valley,155.69546508789062
2026-02-25 04:30:00,real_time_price,286.0,valley,146.4727325439453
2026-02-25 04:45:00,real_time_price,285.0,valley,149.85597229003906
2026-02-25 05:00:00,real_time_price,280.0,valley,148.53846740722656
2026-02-25 05:15:00,real_time_price,276.0,valley,142.89141845703125
2026-02-25 05:30:00,real_time_price,280.0,valley,147.94873046875
2026-02-25 05:45:00,real_time_price,275.0,valley,152.20278930664062
2026-02-25 06:00:00,real_time_price,270.0,valley,154.9259033203125
2026-02-25 06:15:00,real_time_price,275.2,valley,166.8859405517578
2026-02-25 06:30:00,real_time_price,280.0,valley,181.0546417236328
2026-02-25 06:45:00,real_time_price,311.62,valley,189.16778564453125
2026-02-25 07:00:00,real_time_price,292.94,valley,209.4552459716797
2026-02-25 07:15:00,real_time_price,336.88,valley,231.29678344726562
2026-02-25 07:30:00,real_time_price,332.5,valley,245.81439208984375
2026-02-25 07:45:00,real_time_price,334.47,valley,269.374267578125
2026-02-25 08:00:00,real_time_price,375.57,flat,283.95782470703125
2026-02-25 08:15:00,real_time_price,350.2,flat,289.8570861816406
2026-02-25 08:30:00,real_time_price,323.1,flat,300.97491455078125
2026-02-25 08:45:00,real_time_price,325.21,flat,277.68792724609375
2026-02-25 09:00:00,real_time_price,321.85,flat,263.770751953125
2026-02-25 09:15:00,real_time_price,269.64,flat,267.27581787109375
2026-02-25 09:30:00,real_time_price,268.71,flat,243.70272827148438
2026-02-25 09:45:00,real_time_price,270.08,flat,219.46868896484375
2026-02-25 10:00:00,real_time_price,267.0,peak,189.76805114746094
2026-02-25 10:15:00,real_time_price,269.4,peak,169.85235595703125
2026-02-25 10:30:00,real_time_price,269.78,peak,146.0502166748047
2026-02-25 10:45:00,real_time_price,0.0,peak,117.15579223632812
2026-02-25 11:00:00,real_time_price,260.4,peak,95.02972412109375
2026-02-25 11:15:00,real_time_price,260.1,peak,79.71429443359375
2026-02-25 11:30:00,real_time_price,263.0,peak,67.7252197265625
2026-02-25 11:45:00,real_time_price,265.19,peak,63.354217529296875
2026-02-25 12:00:00,real_time_price,242.3,flat,50.40666198730469
2026-02-25 12:15:00,real_time_price,256.3,flat,16.15570068359375
2026-02-25 12:30:00,real_time_price,260.1,flat,20.216278076171875
2026-02-25 12:45:00,real_time_price,263.09,flat,17.31048583984375
2026-02-25 13:00:00,real_time_price,275.71,flat,1.743988037109375
2026-02-25 13:15:00,real_time_price,259.98,flat,-5.711578369140625
2026-02-25 13:30:00,real_time_price,262.95,flat,-10.062164306640625
2026-02-25 13:45:00,real_time_price,261.41,flat,-8.926513671875
2026-02-25 14:00:00,real_time_price,265.48,peak,-13.8087158203125
2026-02-25 14:15:00,real_time_price,273.32,peak,-11.309661865234375
2026-02-25 14:30:00,real_time_price,265.48,peak,-18.386444091796875
2026-02-25 14:45:00,real_time_price,258.08,peak,-17.971527099609375
2026-02-25 15:00:00,real_time_price,260.0,peak,-21.748046875
2026-02-25 15:15:00,real_time_price,258.1,peak,-14.542388916015625
2026-02-25 15:30:00,real_time_price,257.32,peak,-18.84783935546875
2026-02-25 15:45:00,real_time_price,258.1,peak,-11.828948974609375
2026-02-25 16:00:00,real_time_price,260.0,peak,-11.001708984375
2026-02-25 16:15:00,real_time_price,263.1,peak,20.902618408203125
2026-02-25 16:30:00,real_time_price,268.29,peak,42.19215393066406
2026-02-25 16:45:00,real_time_price,296.0,peak,49.269378662109375
2026-02-25 17:00:00,real_time_price,286.59,peak,70.39266967773438
2026-02-25 17:15:00,real_time_price,297.16,peak,107.56597900390625
2026-02-25 17:30:00,real_time_price,321.83,peak,161.00369262695312
2026-02-25 17:45:00,real_time_price,306.3,peak,198.50900268554688
2026-02-25 18:00:00,real_time_price,279.7,peak,254.9132537841797
2026-02-25 18:15:00,real_time_price,270.36,peak,266.5855712890625
2026-02-25 18:30:00,real_time_price,279.92,peak,274.70281982421875
2026-02-25 18:45:00,real_time_price,279.95,peak,285.5535888671875
2026-02-25 19:00:00,real_time_price,279.91,flat,293.84283447265625
2026-02-25 19:15:00,real_time_price,281.07,flat,288.26361083984375
2026-02-25 19:30:00,real_time_price,288.79,flat,294.8538818359375
2026-02-25 19:45:00,real_time_price,279.54,flat,301.4322509765625
2026-02-25 20:00:00,real_time_price,294.93,flat,302.25201416015625
2026-02-25 20:15:00,real_time_price,279.66,flat,301.8869323730469
2026-02-25 20:30:00,real_time_price,283.31,flat,305.259033203125
2026-02-25 20:45:00,real_time_price,277.99,flat,305.2392883300781
2026-02-25 21:00:00,real_time_price,275.96,flat,308.4325256347656
2026-02-25 21:15:00,real_time_price,279.68,flat,308.5340881347656
2026-02-25 21:30:00,real_time_price,279.68,flat,308.8763122558594
2026-02-25 21:45:00,real_time_price,277.68,flat,307.6152038574219
2026-02-25 22:00:00,real_time_price,272.9,flat,305.286376953125
2026-02-25 22:15:00,real_time_price,273.72,flat,304.75714111328125
2026-02-25 22:30:00,real_time_price,269.85,flat,301.662841796875
2026-02-25 22:45:00,real_time_price,279.68,flat,295.8471374511719
2026-02-25 23:00:00,real_time_price,272.5,flat,291.53778076171875
2026-02-25 23:15:00,real_time_price,270.0,flat,288.75628662109375
2026-02-25 23:30:00,real_time_price,317.0,flat,282.4626770019531
2026-02-25 23:45:00,real_time_price,273.0,flat,279.9480895996094
2026-02-26 00:00:00,real_time_price,270.0,valley,278.5396423339844
2026-02-26 00:15:00,real_time_price,270.0,valley,270.4525451660156
2026-02-26 00:30:00,real_time_price,317.86,valley,277.34912109375
2026-02-26 00:45:00,real_time_price,290.19,valley,280.0258483886719
2026-02-26 01:00:00,real_time_price,321.23,valley,281.0848388671875
2026-02-26 01:15:00,real_time_price,280.18,valley,282.3022155761719
2026-02-26 01:30:00,real_time_price,270.4,valley,281.3037109375
2026-02-26 01:45:00,real_time_price,268.3,valley,280.2185363769531
2026-02-26 02:00:00,real_time_price,268.3,valley,281.4122314453125
2026-02-26 02:15:00,real_time_price,267.0,valley,280.0001525878906
2026-02-26 02:30:00,real_time_price,267.0,valley,278.9523010253906
2026-02-26 02:45:00,real_time_price,265.0,valley,276.6375427246094
2026-02-26 03:00:00,real_time_price,265.1,valley,273.8930969238281
2026-02-26 03:15:00,real_time_price,260.4,valley,273.4204406738281
2026-02-26 03:30:00,real_time_price,260.3,valley,271.91925048828125
2026-02-26 03:45:00,real_time_price,265.1,valley,272.36358642578125
2026-02-26 04:00:00,real_time_price,260.3,valley,272.0324401855469
2026-02-26 04:15:00,real_time_price,262.0,valley,271.24383544921875
2026-02-26 04:30:00,real_time_price,260.0,valley,271.1347961425781
2026-02-26 04:45:00,real_time_price,256.3,valley,270.3296813964844
2026-02-26 05:00:00,real_time_price,260.2,valley,271.15582275390625
2026-02-26 05:15:00,real_time_price,260.2,valley,270.5476379394531
2026-02-26 05:30:00,real_time_price,260.0,valley,270.45465087890625
2026-02-26 05:45:00,real_time_price,260.3,valley,270.2707214355469
2026-02-26 06:00:00,real_time_price,268.3,valley,270.8936767578125
2026-02-26 06:15:00,real_time_price,266.3,valley,272.30096435546875
2026-02-26 06:30:00,real_time_price,272.24,valley,275.1664123535156
2026-02-26 06:45:00,real_time_price,293.37,valley,280.9163513183594
2026-02-26 07:00:00,real_time_price,281.61,valley,286.1033935546875
2026-02-26 07:15:00,real_time_price,293.75,valley,292.3981628417969
2026-02-26 07:30:00,real_time_price,305.59,valley,299.1783447265625
2026-02-26 07:45:00,real_time_price,324.73,valley,306.19915771484375
2026-02-26 08:00:00,real_time_price,304.6,flat,310.47015380859375
2026-02-26 08:15:00,real_time_price,313.24,flat,311.3096923828125
2026-02-26 08:30:00,real_time_price,332.28,flat,308.77764892578125
2026-02-26 08:45:00,real_time_price,440.91,flat,303.6090393066406
2026-02-26 09:00:00,real_time_price,410.15,flat,297.3918151855469
2026-02-26 09:15:00,real_time_price,367.28,flat,290.2410583496094
2026-02-26 09:30:00,real_time_price,454.83,flat,283.7450256347656
2026-02-26 09:45:00,real_time_price,401.69,flat,277.78094482421875
2026-02-26 10:00:00,real_time_price,416.6,peak,271.7891540527344
2026-02-26 10:15:00,real_time_price,363.31,peak,267.9361267089844
2026-02-26 10:30:00,real_time_price,337.67,peak,260.8790283203125
2026-02-26 10:45:00,real_time_price,299.92,peak,256.9857482910156
2026-02-26 11:00:00,real_time_price,284.21,peak,251.3329315185547
2026-02-26 11:15:00,real_time_price,288.86,peak,251.696533203125
2026-02-26 11:30:00,real_time_price,275.12,peak,249.2776336669922
2026-02-26 11:45:00,real_time_price,284.94,peak,246.71900939941406
2026-02-26 12:00:00,real_time_price,287.0,flat,246.8307647705078
2026-02-26 12:15:00,real_time_price,277.01,flat,247.00973510742188
2026-02-26 12:30:00,real_time_price,293.47,flat,251.75051879882812
2026-02-26 12:45:00,real_time_price,287.68,flat,251.8001708984375
2026-02-26 13:00:00,real_time_price,287.32,flat,253.22264099121094
2026-02-26 13:15:00,real_time_price,276.29,flat,252.14161682128906
2026-02-26 13:30:00,real_time_price,289.0,flat,251.90699768066406
2026-02-26 13:45:00,real_time_price,300.32,flat,254.2440643310547
2026-02-26 14:00:00,real_time_price,292.66,peak,254.58447265625
2026-02-26 14:15:00,real_time_price,288.0,peak,254.4957275390625
2026-02-26 14:30:00,real_time_price,286.75,peak,250.64422607421875
2026-02-26 14:45:00,real_time_price,283.52,peak,248.39938354492188
2026-02-26 15:00:00,real_time_price,276.09,peak,247.5928497314453
2026-02-26 15:15:00,real_time_price,270.9,peak,248.23751831054688
2026-02-26 15:30:00,real_time_price,271.21,peak,248.97503662109375
2026-02-26 15:45:00,real_time_price,267.0,peak,250.19024658203125
2026-02-26 16:00:00,real_time_price,268.0,peak,253.4291229248047
2026-02-26 16:15:00,real_time_price,280.0,peak,255.16656494140625
2026-02-26 16:30:00,real_time_price,283.44,peak,264.1650390625
2026-02-26 16:45:00,real_time_price,295.26,peak,276.3843078613281
2026-02-26 17:00:00,real_time_price,352.31,peak,284.455810546875
2026-02-26 17:15:00,real_time_price,310.47,peak,290.0328674316406
2026-02-26 17:30:00,real_time_price,399.6,peak,294.12469482421875
2026-02-26 17:45:00,real_time_price,409.79,peak,293.96343994140625
2026-02-26 18:00:00,real_time_price,362.52,peak,292.6944580078125
2026-02-26 18:15:00,real_time_price,307.89,peak,292.0979309082031
2026-02-26 18:30:00,real_time_price,350.85,peak,292.2901916503906
2026-02-26 18:45:00,real_time_price,335.72,peak,291.3033752441406
2026-02-26 19:00:00,real_time_price,325.52,flat,289.97210693359375
2026-02-26 19:15:00,real_time_price,310.3,flat,288.4474792480469
2026-02-26 19:30:00,real_time_price,330.75,flat,289.4989929199219
2026-02-26 19:45:00,real_time_price,331.14,flat,289.6260681152344
2026-02-26 20:00:00,real_time_price,320.44,flat,291.3402099609375
2026-02-26 20:15:00,real_time_price,275.06,flat,283.8694152832031
2026-02-26 20:30:00,real_time_price,300.27,flat,283.7776184082031
2026-02-26 20:45:00,real_time_price,300.33,flat,283.2516784667969
2026-02-26 21:00:00,real_time_price,300.3,flat,283.1491394042969
2026-02-26 21:15:00,real_time_price,306.8,flat,284.4613342285156
2026-02-26 21:30:00,real_time_price,300.76,flat,283.9523010253906
2026-02-26 21:45:00,real_time_price,320.22,flat,283.3626403808594
2026-02-26 22:00:00,real_time_price,321.99,flat,283.8488464355469
2026-02-26 22:15:00,real_time_price,345.27,flat,284.01165771484375
2026-02-26 22:30:00,real_time_price,360.42,flat,283.8836975097656
2026-02-26 22:45:00,real_time_price,376.18,flat,283.7159729003906
2026-02-26 23:00:00,real_time_price,364.57,flat,283.5334777832031
2026-02-26 23:15:00,real_time_price,351.67,flat,284.42767333984375
2026-02-26 23:30:00,real_time_price,337.38,flat,284.5944519042969
2026-02-26 23:45:00,real_time_price,318.93,flat,283.3388977050781
2026-02-27 00:00:00,real_time_price,300.4,valley,280.30609130859375
2026-02-27 00:15:00,real_time_price,290.3,valley,274.6209716796875
2026-02-27 00:30:00,real_time_price,308.41,valley,285.1828918457031
2026-02-27 00:45:00,real_time_price,351.65,valley,287.4022521972656
2026-02-27 01:00:00,real_time_price,363.2,valley,288.289306640625
2026-02-27 01:15:00,real_time_price,321.53,valley,288.2162170410156
2026-02-27 01:30:00,real_time_price,351.59,valley,285.6661376953125
2026-02-27 01:45:00,real_time_price,338.78,valley,283.8572082519531
2026-02-27 02:00:00,real_time_price,330.22,valley,284.86834716796875
2026-02-27 02:15:00,real_time_price,317.33,valley,283.0645751953125
2026-02-27 02:30:00,real_time_price,317.43,valley,281.73516845703125
2026-02-27 02:45:00,real_time_price,306.61,valley,279.7201232910156
2026-02-27 03:00:00,real_time_price,303.77,valley,277.18963623046875
2026-02-27 03:15:00,real_time_price,297.93,valley,276.2841491699219
2026-02-27 03:30:00,real_time_price,301.44,valley,273.7738342285156
2026-02-27 03:45:00,real_time_price,298.99,valley,274.6468505859375
2026-02-27 04:00:00,real_time_price,282.1,valley,273.9579772949219
2026-02-27 04:15:00,real_time_price,291.21,valley,272.54180908203125
2026-02-27 04:30:00,real_time_price,285.49,valley,272.8018493652344
2026-02-27 04:45:00,real_time_price,294.1,valley,271.7594299316406
2026-02-27 05:00:00,real_time_price,290.45,valley,272.279541015625
2026-02-27 05:15:00,real_time_price,280.0,valley,271.8529052734375
2026-02-27 05:30:00,real_time_price,288.0,valley,271.5086364746094
2026-02-27 05:45:00,real_time_price,323.18,valley,271.7065734863281
2026-02-27 06:00:00,real_time_price,330.95,valley,272.6826477050781
2026-02-27 06:15:00,real_time_price,304.32,valley,273.4488830566406
2026-02-27 06:30:00,real_time_price,342.27,valley,276.74310302734375
2026-02-27 06:45:00,real_time_price,331.66,valley,282.0115966796875
2026-02-27 07:00:00,real_time_price,321.62,valley,286.8592224121094
2026-02-27 07:15:00,real_time_price,380.61,valley,292.1455383300781
2026-02-27 07:30:00,real_time_price,321.04,valley,298.5899658203125
2026-02-27 07:45:00,real_time_price,359.78,valley,304.3224182128906
2026-02-27 08:00:00,real_time_price,294.12,flat,307.9466247558594
2026-02-27 08:15:00,real_time_price,317.58,flat,316.4103088378906
2026-02-27 08:30:00,real_time_price,299.16,flat,314.09124755859375
2026-02-27 08:45:00,real_time_price,374.01,flat,308.4941711425781
2026-02-27 09:00:00,real_time_price,341.22,flat,301.39068603515625
2026-02-27 09:15:00,real_time_price,326.98,flat,291.5088195800781
2026-02-27 09:30:00,real_time_price,344.59,flat,284.4154357910156
2026-02-27 09:45:00,real_time_price,299.95,flat,276.4071044921875
2026-02-27 10:00:00,real_time_price,303.14,peak,269.19854736328125
2026-02-27 10:15:00,real_time_price,295.21,peak,264.9172668457031
2026-02-27 10:30:00,real_time_price,296.97,peak,256.7823181152344
2026-02-27 10:45:00,real_time_price,284.88,peak,248.9997100830078
2026-02-27 11:00:00,real_time_price,302.61,peak,242.085205078125
2026-02-27 11:15:00,real_time_price,330.51,peak,241.5747833251953
2026-02-27 11:30:00,real_time_price,280.03,peak,242.17770385742188
2026-02-27 11:45:00,real_time_price,310.4,peak,240.233154296875
2026-02-27 12:00:00,real_time_price,296.17,flat,237.84840393066406
2026-02-27 12:15:00,real_time_price,301.4,flat,233.8439483642578
2026-02-27 12:30:00,real_time_price,290.77,flat,243.09402465820312
2026-02-27 12:45:00,real_time_price,305.1,flat,245.06143188476562
2026-02-27 13:00:00,real_time_price,292.17,flat,247.26577758789062
2026-02-27 13:15:00,real_time_price,294.35,flat,247.62435913085938
2026-02-27 13:30:00,real_time_price,296.85,flat,247.026123046875
2026-02-27 13:45:00,real_time_price,308.87,flat,247.37680053710938
2026-02-27 14:00:00,real_time_price,289.82,peak,248.87355041503906
2026-02-27 14:15:00,real_time_price,303.77,peak,246.98834228515625
2026-02-27 14:30:00,real_time_price,305.79,peak,243.2342529296875
2026-02-27 14:45:00,real_time_price,286.26,peak,238.9628143310547
2026-02-27 15:00:00,real_time_price,277.62,peak,234.71554565429688
2026-02-27 15:15:00,real_time_price,295.18,peak,234.697509765625
2026-02-27 15:30:00,real_time_price,274.06,peak,237.33193969726562
2026-02-27 15:45:00,real_time_price,270.04,peak,239.29110717773438
2026-02-27 16:00:00,real_time_price,275.33,peak,244.00518798828125
2026-02-27 16:15:00,real_time_price,279.16,peak,248.1414794921875
2026-02-27 16:30:00,real_time_price,304.55,peak,258.3279724121094
2026-02-27 16:45:00,real_time_price,307.33,peak,273.7195129394531
2026-02-27 17:00:00,real_time_price,303.25,peak,284.22442626953125
2026-02-27 17:15:00,real_time_price,320.66,peak,289.87603759765625
2026-02-27 17:30:00,real_time_price,330.26,peak,294.634033203125
2026-02-27 17:45:00,real_time_price,362.34,peak,295.45703125
2026-02-27 18:00:00,real_time_price,320.57,peak,295.1629333496094
2026-02-27 18:15:00,real_time_price,289.11,peak,294.22259521484375
2026-02-27 18:30:00,real_time_price,360.9,peak,293.8695373535156
2026-02-27 18:45:00,real_time_price,328.75,peak,291.20208740234375
2026-02-27 19:00:00,real_time_price,342.15,flat,290.0820007324219
2026-02-27 19:15:00,real_time_price,352.27,flat,288.1388244628906
2026-02-27 19:30:00,real_time_price,334.08,flat,288.91876220703125
2026-02-27 19:45:00,real_time_price,338.8,flat,287.7242431640625
2026-02-27 20:00:00,real_time_price,296.5,flat,289.8244934082031
2026-02-27 20:15:00,real_time_price,310.53,flat,283.889892578125
2026-02-27 20:30:00,real_time_price,316.88,flat,283.3872375488281
2026-02-27 20:45:00,real_time_price,353.08,flat,282.4295349121094
2026-02-27 21:00:00,real_time_price,320.65,flat,282.8889465332031
2026-02-27 21:15:00,real_time_price,320.67,flat,284.5043640136719
2026-02-27 21:30:00,real_time_price,324.98,flat,283.8360595703125
2026-02-27 21:45:00,real_time_price,362.35,flat,283.0285949707031
2026-02-27 22:00:00,real_time_price,300.4,flat,283.72161865234375
2026-02-27 22:15:00,real_time_price,374.57,flat,283.47723388671875
2026-02-27 22:30:00,real_time_price,374.61,flat,283.3371276855469
2026-02-27 22:45:00,real_time_price,363.24,flat,283.4390563964844
2026-02-27 23:00:00,real_time_price,390.81,flat,283.0123596191406
2026-02-27 23:15:00,real_time_price,340.73,flat,283.8971252441406
2026-02-27 23:30:00,real_time_price,332.01,flat,283.9966125488281
2026-02-27 23:45:00,real_time_price,329.01,flat,283.5113830566406
2026-02-28 00:00:00,real_time_price,295.6,valley,281.119873046875
2026-02-28 00:15:00,real_time_price,,valley,277.059814453125
2026-02-28 00:30:00,real_time_price,,valley,287.17529296875
2026-02-28 00:45:00,real_time_price,,valley,287.1728210449219
2026-02-28 01:00:00,real_time_price,,valley,287.8525085449219
2026-02-28 01:15:00,real_time_price,,valley,288.1794128417969
2026-02-28 01:30:00,real_time_price,,valley,285.174072265625
2026-02-28 01:45:00,real_time_price,,valley,283.7748718261719
2026-02-28 02:00:00,real_time_price,,valley,284.6015319824219
2026-02-28 02:15:00,real_time_price,,valley,282.6196594238281
2026-02-28 02:30:00,real_time_price,,valley,281.2792053222656
2026-02-28 02:45:00,real_time_price,,valley,279.66497802734375
2026-02-28 03:00:00,real_time_price,,valley,276.5743408203125
2026-02-28 03:15:00,real_time_price,,valley,275.9972229003906
2026-02-28 03:30:00,real_time_price,,valley,272.7745056152344
2026-02-28 03:45:00,real_time_price,,valley,273.7234802246094
2026-02-28 04:00:00,real_time_price,,valley,273.4776306152344
2026-02-28 04:15:00,real_time_price,,valley,272.3045349121094
2026-02-28 04:30:00,real_time_price,,valley,273.52191162109375
2026-02-28 04:45:00,real_time_price,,valley,272.9434814453125
2026-02-28 05:00:00,real_time_price,,valley,271.89215087890625
2026-02-28 05:15:00,real_time_price,,valley,272.06243896484375
2026-02-28 05:30:00,real_time_price,,valley,273.1401062011719
2026-02-28 05:45:00,real_time_price,,valley,272.6361999511719
2026-02-28 06:00:00,real_time_price,,valley,272.1253967285156
2026-02-28 06:15:00,real_time_price,,valley,273.53179931640625
2026-02-28 06:30:00,real_time_price,,valley,277.6371765136719
2026-02-28 06:45:00,real_time_price,,valley,282.27734375
2026-02-28 07:00:00,real_time_price,,valley,286.0897216796875
2026-02-28 07:15:00,real_time_price,,valley,290.13299560546875
2026-02-28 07:30:00,real_time_price,,valley,294.29058837890625
2026-02-28 07:45:00,real_time_price,,valley,300.2044677734375
2026-02-28 08:00:00,real_time_price,,flat,301.3348083496094
2026-02-28 08:15:00,real_time_price,,flat,317.6657409667969
2026-02-28 08:30:00,real_time_price,,flat,312.9561462402344
2026-02-28 08:45:00,real_time_price,,flat,304.94744873046875
2026-02-28 09:00:00,real_time_price,,flat,297.7460632324219
2026-02-28 09:15:00,real_time_price,,flat,285.8168640136719
2026-02-28 09:30:00,real_time_price,,flat,276.4549560546875
2026-02-28 09:45:00,real_time_price,,flat,268.86004638671875
2026-02-28 10:00:00,real_time_price,,peak,262.7310485839844
2026-02-28 10:15:00,real_time_price,,peak,257.43780517578125
2026-02-28 10:30:00,real_time_price,,peak,248.0729522705078
2026-02-28 10:45:00,real_time_price,,peak,240.13278198242188
2026-02-28 11:00:00,real_time_price,,peak,234.8391876220703
2026-02-28 11:15:00,real_time_price,,peak,233.82638549804688
2026-02-28 11:30:00,real_time_price,,peak,234.22244262695312
2026-02-28 11:45:00,real_time_price,,peak,232.03097534179688
2026-02-28 12:00:00,real_time_price,,flat,229.6977081298828
2026-02-28 12:15:00,real_time_price,,flat,223.98976135253906
2026-02-28 12:30:00,real_time_price,,flat,234.53152465820312
2026-02-28 12:45:00,real_time_price,,flat,240.1264190673828
2026-02-28 13:00:00,real_time_price,,flat,241.43524169921875
2026-02-28 13:15:00,real_time_price,,flat,245.7833251953125
2026-02-28 13:30:00,real_time_price,,flat,243.6455078125
2026-02-28 13:45:00,real_time_price,,flat,242.96815490722656
2026-02-28 14:00:00,real_time_price,,peak,246.927734375
2026-02-28 14:15:00,real_time_price,,peak,242.77053833007812
2026-02-28 14:30:00,real_time_price,,peak,237.46658325195312
2026-02-28 14:45:00,real_time_price,,peak,231.8800506591797
2026-02-28 15:00:00,real_time_price,,peak,225.98025512695312
2026-02-28 15:15:00,real_time_price,,peak,226.69876098632812
2026-02-28 15:30:00,real_time_price,,peak,230.6471405029297
2026-02-28 15:45:00,real_time_price,,peak,233.23326110839844
2026-02-28 16:00:00,real_time_price,,peak,237.87887573242188
2026-02-28 16:15:00,real_time_price,,peak,224.12387084960938
2026-02-28 16:30:00,real_time_price,,peak,243.74002075195312
2026-02-28 16:45:00,real_time_price,,peak,267.6752014160156
2026-02-28 17:00:00,real_time_price,,peak,281.13677978515625
2026-02-28 17:15:00,real_time_price,,peak,289.25726318359375
2026-02-28 17:30:00,real_time_price,,peak,294.91436767578125
2026-02-28 17:45:00,real_time_price,,peak,295.9859924316406
2026-02-28 18:00:00,real_time_price,,peak,296.7591857910156
2026-02-28 18:15:00,real_time_price,,peak,298.1298828125
2026-02-28 18:30:00,real_time_price,,peak,295.17486572265625
2026-02-28 18:45:00,real_time_price,,peak,293.0357971191406
2026-02-28 19:00:00,real_time_price,,flat,291.3769226074219
2026-02-28 19:15:00,real_time_price,,flat,287.76434326171875
2026-02-28 19:30:00,real_time_price,,flat,289.0262451171875
2026-02-28 19:45:00,real_time_price,,flat,287.15997314453125
2026-02-28 20:00:00,real_time_price,,flat,290.7672119140625
2026-02-28 20:15:00,real_time_price,,flat,285.1291198730469
2026-02-28 20:30:00,real_time_price,,flat,285.2588195800781
2026-02-28 20:45:00,real_time_price,,flat,284.0330505371094
2026-02-28 21:00:00,real_time_price,,flat,284.6056213378906
2026-02-28 21:15:00,real_time_price,,flat,286.3670654296875
2026-02-28 21:30:00,real_time_price,,flat,285.0613098144531
2026-02-28 21:45:00,real_time_price,,flat,284.55694580078125
2026-02-28 22:00:00,real_time_price,,flat,285.3778991699219
2026-02-28 22:15:00,real_time_price,,flat,284.7496337890625
2026-02-28 22:30:00,real_time_price,,flat,284.7716979980469
2026-02-28 22:45:00,real_time_price,,flat,285.5882568359375
2026-02-28 23:00:00,real_time_price,,flat,284.6659851074219
2026-02-28 23:15:00,real_time_price,,flat,285.6342468261719
2026-02-28 23:30:00,real_time_price,,flat,286.53204345703125
2026-02-28 23:45:00,real_time_price,,flat,285.2688903808594
2026-03-01 00:00:00,real_time_price,,valley,283.1780090332031
2026-03-01 00:15:00,real_time_price,,valley,279.3429260253906
2026-03-01 00:30:00,real_time_price,,valley,290.4481506347656
2026-03-01 00:45:00,real_time_price,,valley,291.83563232421875
2026-03-01 01:00:00,real_time_price,,valley,294.1775207519531
2026-03-01 01:15:00,real_time_price,,valley,291.0370178222656
2026-03-01 01:30:00,real_time_price,,valley,288.21514892578125
2026-03-01 01:45:00,real_time_price,,valley,286.2984619140625
2026-03-01 02:00:00,real_time_price,,valley,284.7320861816406
2026-03-01 02:15:00,real_time_price,,valley,284.1105651855469
2026-03-01 02:30:00,real_time_price,,valley,282.6468811035156
2026-03-01 02:45:00,real_time_price,,valley,280.69976806640625
2026-03-01 03:00:00,real_time_price,,valley,276.0952453613281
2026-03-01 03:15:00,real_time_price,,valley,273.3563537597656
2026-03-01 03:30:00,real_time_price,,valley,272.01531982421875
2026-03-01 03:45:00,real_time_price,,valley,272.8448486328125
2026-03-01 04:00:00,real_time_price,,valley,272.146240234375
2026-03-01 04:15:00,real_time_price,,valley,269.3061218261719
2026-03-01 04:30:00,real_time_price,,valley,271.7458190917969
2026-03-01 04:45:00,real_time_price,,valley,271.5426940917969
2026-03-01 05:00:00,real_time_price,,valley,270.8702087402344
2026-03-01 05:15:00,real_time_price,,valley,270.5549621582031
2026-03-01 05:30:00,real_time_price,,valley,272.5299987792969
2026-03-01 05:45:00,real_time_price,,valley,272.265625
2026-03-01 06:00:00,real_time_price,,valley,270.5794677734375
2026-03-01 06:15:00,real_time_price,,valley,273.3634338378906
2026-03-01 06:30:00,real_time_price,,valley,277.6868591308594
2026-03-01 06:45:00,real_time_price,,valley,282.6553955078125
2026-03-01 07:00:00,real_time_price,,valley,287.2137451171875
2026-03-01 07:15:00,real_time_price,,valley,291.4449462890625
2026-03-01 07:30:00,real_time_price,,valley,295.8882751464844
2026-03-01 07:45:00,real_time_price,,valley,302.73583984375
2026-03-01 08:00:00,real_time_price,,flat,304.24951171875
2026-03-01 08:15:00,real_time_price,,flat,318.1953125
2026-03-01 08:30:00,real_time_price,,flat,313.8487854003906
2026-03-01 08:45:00,real_time_price,,flat,304.7635498046875
2026-03-01 09:00:00,real_time_price,,flat,295.4349060058594
2026-03-01 09:15:00,real_time_price,,flat,285.27099609375
2026-03-01 09:30:00,real_time_price,,flat,273.8703918457031
2026-03-01 09:45:00,real_time_price,,flat,264.9102783203125
2026-03-01 10:00:00,real_time_price,,peak,257.608154296875
2026-03-01 10:15:00,real_time_price,,peak,251.4821319580078
2026-03-01 10:30:00,real_time_price,,peak,239.301025390625
2026-03-01 10:45:00,real_time_price,,peak,226.67031860351562
2026-03-01 11:00:00,real_time_price,,peak,221.9727783203125
2026-03-01 11:15:00,real_time_price,,peak,218.8669891357422
2026-03-01 11:30:00,real_time_price,,peak,220.14248657226562
2026-03-01 11:45:00,real_time_price,,peak,215.88865661621094
2026-03-01 12:00:00,real_time_price,,flat,209.00643920898438
2026-03-01 12:15:00,real_time_price,,flat,196.19581604003906
2026-03-01 12:30:00,real_time_price,,flat,207.03836059570312
2026-03-01 12:45:00,real_time_price,,flat,210.20181274414062
2026-03-01 13:00:00,real_time_price,,flat,212.44093322753906
2026-03-01 13:15:00,real_time_price,,flat,218.20509338378906
2026-03-01 13:30:00,real_time_price,,flat,217.01577758789062
2026-03-01 13:45:00,real_time_price,,flat,217.13275146484375
2026-03-01 14:00:00,real_time_price,,peak,220.38702392578125
2026-03-01 14:15:00,real_time_price,,peak,214.87521362304688
2026-03-01 14:30:00,real_time_price,,peak,207.72567749023438
2026-03-01 14:45:00,real_time_price,,peak,197.3778839111328
2026-03-01 15:00:00,real_time_price,,peak,192.85000610351562
2026-03-01 15:15:00,real_time_price,,peak,191.45181274414062
2026-03-01 15:30:00,real_time_price,,peak,199.07046508789062
2026-03-01 15:45:00,real_time_price,,peak,202.28768920898438
2026-03-01 16:00:00,real_time_price,,peak,208.01181030273438
2026-03-01 16:15:00,real_time_price,,peak,214.17913818359375
2026-03-01 16:30:00,real_time_price,,peak,232.5458984375
2026-03-01 16:45:00,real_time_price,,peak,259.6636962890625
2026-03-01 17:00:00,real_time_price,,peak,271.4769592285156
2026-03-01 17:15:00,real_time_price,,peak,283.87274169921875
2026-03-01 17:30:00,real_time_price,,peak,292.4061584472656
2026-03-01 17:45:00,real_time_price,,peak,295.10968017578125
2026-03-01 18:00:00,real_time_price,,peak,296.3717041015625
2026-03-01 18:15:00,real_time_price,,peak,299.29217529296875
2026-03-01 18:30:00,real_time_price,,peak,296.3971862792969
2026-03-01 18:45:00,real_time_price,,peak,295.3230285644531
2026-03-01 19:00:00,real_time_price,,flat,292.9100341796875
2026-03-01 19:15:00,real_time_price,,flat,288.6105651855469
2026-03-01 19:30:00,real_time_price,,flat,289.44927978515625
2026-03-01 19:45:00,real_time_price,,flat,288.47650146484375
2026-03-01 20:00:00,real_time_price,,flat,291.9894104003906
2026-03-01 20:15:00,real_time_price,,flat,285.8854064941406
2026-03-01 20:30:00,real_time_price,,flat,285.6692199707031
2026-03-01 20:45:00,real_time_price,,flat,283.72210693359375
2026-03-01 21:00:00,real_time_price,,flat,283.9125671386719
2026-03-01 21:15:00,real_time_price,,flat,286.06341552734375
2026-03-01 21:30:00,real_time_price,,flat,284.83135986328125
2026-03-01 21:45:00,real_time_price,,flat,284.5522766113281
2026-03-01 22:00:00,real_time_price,,flat,284.938720703125
2026-03-01 22:15:00,real_time_price,,flat,284.697998046875
2026-03-01 22:30:00,real_time_price,,flat,284.6324462890625
2026-03-01 22:45:00,real_time_price,,flat,285.86834716796875
2026-03-01 23:00:00,real_time_price,,flat,284.62213134765625
2026-03-01 23:15:00,real_time_price,,flat,285.0406494140625
2026-03-01 23:30:00,real_time_price,,flat,285.574462890625
2026-03-01 23:45:00,real_time_price,,flat,285.1767883300781
2026-03-02 00:00:00,real_time_price,,valley,282.6757507324219
