target,scheme,segment,model_scope,retrain_time,event_type,feature,importance
day_ahead_price,xgb_only,global,global_model,2026-01-01 00:15:00,weekly,lag_1,0.559650182723999
day_ahead_price,xgb_only,global,global_model,2026-01-01 00:15:00,weekly,lag_2,0.011283277533948421
day_ahead_price,xgb_only,global,global_model,2026-01-01 00:15:00,weekly,lag_4,0.006145302671939135
day_ahead_price,xgb_only,global,global_model,2026-01-01 00:15:00,weekly,lag_96,0.01726481504738331
day_ahead_price,xgb_only,global,global_model,2026-01-01 00:15:00,weekly,lag_192,0.009473689831793308
day_ahead_price,xgb_only,global,global_model,2026-01-01 00:15:00,weekly,lag_672,0.010983100160956383
day_ahead_price,xgb_only,global,global_model,2026-01-01 00:15:00,weekly,roll_mean_4,0.2639661431312561
day_ahead_price,xgb_only,global,global_model,2026-01-01 00:15:00,weekly,roll_mean_16,0.005282025318592787
day_ahead_price,xgb_only,global,global_model,2026-01-01 00:15:00,weekly,roll_mean_96,0.008445922285318375
day_ahead_price,xgb_only,global,global_model,2026-01-01 00:15:00,weekly,roll_mean_672,0.004530805163085461
day_ahead_price,xgb_only,global,global_model,2026-01-01 00:15:00,weekly,roll_std_96,0.007540739141404629
day_ahead_price,xgb_only,global,global_model,2026-01-01 00:15:00,weekly,diff_1,0.012977872975170612
day_ahead_price,xgb_only,global,global_model,2026-01-01 00:15:00,weekly,diff_96,0.011040669865906239
day_ahead_price,xgb_only,global,global_model,2026-01-01 00:15:00,weekly,hour,0.0028099503833800554
day_ahead_price,xgb_only,global,global_model,2026-01-01 00:15:00,weekly,minute,0.01197702158242464
day_ahead_price,xgb_only,global,global_model,2026-01-01 00:15:00,weekly,dayofweek,0.006090790499001741
day_ahead_price,xgb_only,global,global_model,2026-01-01 00:15:00,weekly,slot96,0.01062468159943819
day_ahead_price,xgb_only,global,global_model,2026-01-01 00:15:00,weekly,sin_slot96,0.01131358090788126
day_ahead_price,xgb_only,global,global_model,2026-01-01 00:15:00,weekly,cos_slot96,0.01040258165448904
day_ahead_price,xgb_only,global,global_model,2026-01-01 00:15:00,weekly,is_holiday,0.011233878321945667
day_ahead_price,xgb_only,global,global_model,2026-01-01 00:15:00,weekly,is_workday,0.0
day_ahead_price,xgb_only,global,global_model,2026-01-01 00:15:00,weekly,is_weekend,0.0
day_ahead_price,xgb_only,global,global_model,2026-01-01 00:15:00,weekly,is_makeup_workday,0.0
day_ahead_price,xgb_only,global,global_model,2026-01-01 00:15:00,weekly,before_holiday_1d,0.0
day_ahead_price,xgb_only,global,global_model,2026-01-01 00:15:00,weekly,after_holiday_1d,0.0
day_ahead_price,xgb_only,global,global_model,2026-01-01 00:15:00,weekly,holiday_name_Dragon Boat Festival,0.0
day_ahead_price,xgb_only,global,global_model,2026-01-01 00:15:00,weekly,holiday_name_Labour Day,0.0
day_ahead_price,xgb_only,global,global_model,2026-01-01 00:15:00,weekly,holiday_name_Mid-autumn Festival,0.0
day_ahead_price,xgb_only,global,global_model,2026-01-01 00:15:00,weekly,holiday_name_National Day,0.006962940562516451
day_ahead_price,xgb_only,global,global_model,2026-01-01 00:15:00,weekly,holiday_name_New Year's Day,0.0
day_ahead_price,xgb_only,global,global_model,2026-01-01 00:15:00,weekly,holiday_name_None,0.0
day_ahead_price,xgb_only,global,global_model,2026-01-01 00:15:00,weekly,holiday_name_Spring Festival,0.0
day_ahead_price,xgb_only,global,global_model,2026-01-01 00:15:00,weekly,holiday_name_Tomb-sweeping Day,0.0
day_ahead_price,xgb_only,valley,segment_model,2026-01-01 00:15:00,weekly,lag_1,0.4795839488506317
day_ahead_price,xgb_only,valley,segment_model,2026-01-01 00:15:00,weekly,lag_2,0.043146394193172455
day_ahead_price,xgb_only,valley,segment_model,2026-01-01 00:15:00,weekly,lag_4,0.006964714266359806
day_ahead_price,xgb_only,valley,segment_model,2026-01-01 00:15:00,weekly,lag_96,0.014203369617462158
day_ahead_price,xgb_only,valley,segment_model,2026-01-01 00:15:00,weekly,lag_192,0.011174351908266544
day_ahead_price,xgb_only,valley,segment_model,2026-01-01 00:15:00,weekly,lag_672,0.013473373837769032
day_ahead_price,xgb_only,valley,segment_model,2026-01-01 00:15:00,weekly,roll_mean_4,0.28820711374282837
day_ahead_price,xgb_only,valley,segment_model,2026-01-01 00:15:00,weekly,roll_mean_16,0.009678644128143787
day_ahead_price,xgb_only,valley,segment_model,2026-01-01 00:15:00,weekly,roll_mean_96,0.004734201822429895
day_ahead_price,xgb_only,valley,segment_model,2026-01-01 00:15:00,weekly,roll_mean_672,0.006453425623476505
day_ahead_price,xgb_only,valley,segment_model,2026-01-01 00:15:00,weekly,roll_std_96,0.015574171207845211
day_ahead_price,xgb_only,valley,segment_model,2026-01-01 00:15:00,weekly,diff_1,0.014723654836416245
day_ahead_price,xgb_only,valley,segment_model,2026-01-01 00:15:00,weekly,diff_96,0.008626962080597878
day_ahead_price,xgb_only,valley,segment_model,2026-01-01 00:15:00,weekly,hour,0.008789525367319584
day_ahead_price,xgb_only,valley,segment_model,2026-01-01 00:15:00,weekly,minute,0.012907837517559528
day_ahead_price,xgb_only,valley,segment_model,2026-01-01 00:15:00,weekly,dayofweek,0.0036300593055784702
day_ahead_price,xgb_only,valley,segment_model,2026-01-01 00:15:00,weekly,slot96,0.015273163095116615
day_ahead_price,xgb_only,valley,segment_model,2026-01-01 00:15:00,weekly,sin_slot96,0.0083537632599473
day_ahead_price,xgb_only,valley,segment_model,2026-01-01 00:15:00,weekly,cos_slot96,0.00801590271294117
day_ahead_price,xgb_only,valley,segment_model,2026-01-01 00:15:00,weekly,is_holiday,0.004072888754308224
day_ahead_price,xgb_only,valley,segment_model,2026-01-01 00:15:00,weekly,is_workday,0.0024376835208386183
day_ahead_price,xgb_only,valley,segment_model,2026-01-01 00:15:00,weekly,is_weekend,0.0
day_ahead_price,xgb_only,valley,segment_model,2026-01-01 00:15:00,weekly,is_makeup_workday,0.0
day_ahead_price,xgb_only,valley,segment_model,2026-01-01 00:15:00,weekly,before_holiday_1d,0.015171085484325886
day_ahead_price,xgb_only,valley,segment_model,2026-01-01 00:15:00,weekly,after_holiday_1d,0.0020216896664351225
day_ahead_price,xgb_only,valley,segment_model,2026-01-01 00:15:00,weekly,holiday_name_Dragon Boat Festival,0.0
day_ahead_price,xgb_only,valley,segment_model,2026-01-01 00:15:00,weekly,holiday_name_Labour Day,0.0
day_ahead_price,xgb_only,valley,segment_model,2026-01-01 00:15:00,weekly,holiday_name_Mid-autumn Festival,0.0
day_ahead_price,xgb_only,valley,segment_model,2026-01-01 00:15:00,weekly,holiday_name_National Day,0.0
day_ahead_price,xgb_only,valley,segment_model,2026-01-01 00:15:00,weekly,holiday_name_New Year's Day,0.0
day_ahead_price,xgb_only,valley,segment_model,2026-01-01 00:15:00,weekly,holiday_name_None,0.0027821483090519905
day_ahead_price,xgb_only,valley,segment_model,2026-01-01 00:15:00,weekly,holiday_name_Spring Festival,0.0
day_ahead_price,xgb_only,valley,segment_model,2026-01-01 00:15:00,weekly,holiday_name_Tomb-sweeping Day,0.0
day_ahead_price,xgb_only,flat,segment_model,2026-01-01 00:15:00,weekly,lag_1,0.5206059813499451
day_ahead_price,xgb_only,flat,segment_model,2026-01-01 00:15:00,weekly,lag_2,0.020443545654416084
day_ahead_price,xgb_only,flat,segment_model,2026-01-01 00:15:00,weekly,lag_4,0.0070334626361727715
day_ahead_price,xgb_only,flat,segment_model,2026-01-01 00:15:00,weekly,lag_96,0.02757500857114792
day_ahead_price,xgb_only,flat,segment_model,2026-01-01 00:15:00,weekly,lag_192,0.006470974534749985
day_ahead_price,xgb_only,flat,segment_model,2026-01-01 00:15:00,weekly,lag_672,0.013727795332670212
day_ahead_price,xgb_only,flat,segment_model,2026-01-01 00:15:00,weekly,roll_mean_4,0.2158152014017105
day_ahead_price,xgb_only,flat,segment_model,2026-01-01 00:15:00,weekly,roll_mean_16,0.012101437896490097
day_ahead_price,xgb_only,flat,segment_model,2026-01-01 00:15:00,weekly,roll_mean_96,0.009628248400986195
day_ahead_price,xgb_only,flat,segment_model,2026-01-01 00:15:00,weekly,roll_mean_672,0.011053231544792652
day_ahead_price,xgb_only,flat,segment_model,2026-01-01 00:15:00,weekly,roll_std_96,0.005794331897050142
day_ahead_price,xgb_only,flat,segment_model,2026-01-01 00:15:00,weekly,diff_1,0.015623523853719234
day_ahead_price,xgb_only,flat,segment_model,2026-01-01 00:15:00,weekly,diff_96,0.01175011694431305
day_ahead_price,xgb_only,flat,segment_model,2026-01-01 00:15:00,weekly,hour,0.0129246786236763
day_ahead_price,xgb_only,flat,segment_model,2026-01-01 00:15:00,weekly,minute,0.018922677263617516
day_ahead_price,xgb_only,flat,segment_model,2026-01-01 00:15:00,weekly,dayofweek,0.015221349895000458
day_ahead_price,xgb_only,flat,segment_model,2026-01-01 00:15:00,weekly,slot96,0.010280757211148739
day_ahead_price,xgb_only,flat,segment_model,2026-01-01 00:15:00,weekly,sin_slot96,0.04319494217634201
day_ahead_price,xgb_only,flat,segment_model,2026-01-01 00:15:00,weekly,cos_slot96,0.008529949933290482
day_ahead_price,xgb_only,flat,segment_model,2026-01-01 00:15:00,weekly,is_holiday,0.01264151744544506
day_ahead_price,xgb_only,flat,segment_model,2026-01-01 00:15:00,weekly,is_workday,0.0
day_ahead_price,xgb_only,flat,segment_model,2026-01-01 00:15:00,weekly,is_weekend,0.0
day_ahead_price,xgb_only,flat,segment_model,2026-01-01 00:15:00,weekly,is_makeup_workday,0.000653321563731879
day_ahead_price,xgb_only,flat,segment_model,2026-01-01 00:15:00,weekly,before_holiday_1d,0.0
day_ahead_price,xgb_only,flat,segment_model,2026-01-01 00:15:00,weekly,after_holiday_1d,0.0
day_ahead_price,xgb_only,flat,segment_model,2026-01-01 00:15:00,weekly,holiday_name_Dragon Boat Festival,0.0
day_ahead_price,xgb_only,flat,segment_model,2026-01-01 00:15:00,weekly,holiday_name_Labour Day,0.0
day_ahead_price,xgb_only,flat,segment_model,2026-01-01 00:15:00,weekly,holiday_name_Mid-autumn Festival,0.0
day_ahead_price,xgb_only,flat,segment_model,2026-01-01 00:15:00,weekly,holiday_name_National Day,7.904799531388562e-06
day_ahead_price,xgb_only,flat,segment_model,2026-01-01 00:15:00,weekly,holiday_name_New Year's Day,0.0
day_ahead_price,xgb_only,flat,segment_model,2026-01-01 00:15:00,weekly,holiday_name_None,0.0
day_ahead_price,xgb_only,flat,segment_model,2026-01-01 00:15:00,weekly,holiday_name_Spring Festival,0.0
day_ahead_price,xgb_only,flat,segment_model,2026-01-01 00:15:00,weekly,holiday_name_Tomb-sweeping Day,0.0
day_ahead_price,xgb_only,peak,segment_model,2026-01-01 00:15:00,weekly,lag_1,0.4045158922672272
day_ahead_price,xgb_only,peak,segment_model,2026-01-01 00:15:00,weekly,lag_2,0.015212589874863625
day_ahead_price,xgb_only,peak,segment_model,2026-01-01 00:15:00,weekly,lag_4,0.011130656115710735
day_ahead_price,xgb_only,peak,segment_model,2026-01-01 00:15:00,weekly,lag_96,0.012416928075253963
day_ahead_price,xgb_only,peak,segment_model,2026-01-01 00:15:00,weekly,lag_192,0.010467329062521458
day_ahead_price,xgb_only,peak,segment_model,2026-01-01 00:15:00,weekly,lag_672,0.008962643332779408
day_ahead_price,xgb_only,peak,segment_model,2026-01-01 00:15:00,weekly,roll_mean_4,0.37399226427078247
day_ahead_price,xgb_only,peak,segment_model,2026-01-01 00:15:00,weekly,roll_mean_16,0.013802344910800457
day_ahead_price,xgb_only,peak,segment_model,2026-01-01 00:15:00,weekly,roll_mean_96,0.018647298216819763
day_ahead_price,xgb_only,peak,segment_model,2026-01-01 00:15:00,weekly,roll_mean_672,0.005871534813195467
day_ahead_price,xgb_only,peak,segment_model,2026-01-01 00:15:00,weekly,roll_std_96,0.006647022441029549
day_ahead_price,xgb_only,peak,segment_model,2026-01-01 00:15:00,weekly,diff_1,0.013925018720328808
day_ahead_price,xgb_only,peak,segment_model,2026-01-01 00:15:00,weekly,diff_96,0.011265924200415611
day_ahead_price,xgb_only,peak,segment_model,2026-01-01 00:15:00,weekly,hour,0.012679584324359894
day_ahead_price,xgb_only,peak,segment_model,2026-01-01 00:15:00,weekly,minute,0.004905634559690952
day_ahead_price,xgb_only,peak,segment_model,2026-01-01 00:15:00,weekly,dayofweek,0.011146463453769684
day_ahead_price,xgb_only,peak,segment_model,2026-01-01 00:15:00,weekly,slot96,0.012547243386507034
day_ahead_price,xgb_only,peak,segment_model,2026-01-01 00:15:00,weekly,sin_slot96,0.02326836809515953
day_ahead_price,xgb_only,peak,segment_model,2026-01-01 00:15:00,weekly,cos_slot96,0.006163143087178469
day_ahead_price,xgb_only,peak,segment_model,2026-01-01 00:15:00,weekly,is_holiday,0.0
day_ahead_price,xgb_only,peak,segment_model,2026-01-01 00:15:00,weekly,is_workday,0.004949610214680433
day_ahead_price,xgb_only,peak,segment_model,2026-01-01 00:15:00,weekly,is_weekend,0.0
day_ahead_price,xgb_only,peak,segment_model,2026-01-01 00:15:00,weekly,is_makeup_workday,0.0
day_ahead_price,xgb_only,peak,segment_model,2026-01-01 00:15:00,weekly,before_holiday_1d,0.0017138062976300716
day_ahead_price,xgb_only,peak,segment_model,2026-01-01 00:15:00,weekly,after_holiday_1d,0.0
day_ahead_price,xgb_only,peak,segment_model,2026-01-01 00:15:00,weekly,holiday_name_Dragon Boat Festival,0.0
day_ahead_price,xgb_only,peak,segment_model,2026-01-01 00:15:00,weekly,holiday_name_Labour Day,0.0
day_ahead_price,xgb_only,peak,segment_model,2026-01-01 00:15:00,weekly,holiday_name_Mid-autumn Festival,0.0
day_ahead_price,xgb_only,peak,segment_model,2026-01-01 00:15:00,weekly,holiday_name_National Day,0.01516062580049038
day_ahead_price,xgb_only,peak,segment_model,2026-01-01 00:15:00,weekly,holiday_name_New Year's Day,0.0
day_ahead_price,xgb_only,peak,segment_model,2026-01-01 00:15:00,weekly,holiday_name_None,0.0006081628380343318
day_ahead_price,xgb_only,peak,segment_model,2026-01-01 00:15:00,weekly,holiday_name_Spring Festival,0.0
day_ahead_price,xgb_only,peak,segment_model,2026-01-01 00:15:00,weekly,holiday_name_Tomb-sweeping Day,0.0
day_ahead_price,chronos_xgb_residual_xgb_part,global,global_model,2026-01-01 00:15:00,weekly,lag_1,0.5748740434646606
day_ahead_price,chronos_xgb_residual_xgb_part,global,global_model,2026-01-01 00:15:00,weekly,lag_2,0.01768994703888893
day_ahead_price,chronos_xgb_residual_xgb_part,global,global_model,2026-01-01 00:15:00,weekly,lag_4,0.013019060716032982
day_ahead_price,chronos_xgb_residual_xgb_part,global,global_model,2026-01-01 00:15:00,weekly,lag_96,0.010044406168162823
day_ahead_price,chronos_xgb_residual_xgb_part,global,global_model,2026-01-01 00:15:00,weekly,lag_192,0.009292485192418098
day_ahead_price,chronos_xgb_residual_xgb_part,global,global_model,2026-01-01 00:15:00,weekly,lag_672,0.0077403089962899685
day_ahead_price,chronos_xgb_residual_xgb_part,global,global_model,2026-01-01 00:15:00,weekly,roll_mean_4,0.2245984673500061
day_ahead_price,chronos_xgb_residual_xgb_part,global,global_model,2026-01-01 00:15:00,weekly,roll_mean_16,0.013732684776186943
day_ahead_price,chronos_xgb_residual_xgb_part,global,global_model,2026-01-01 00:15:00,weekly,roll_mean_96,0.01030921284109354
day_ahead_price,chronos_xgb_residual_xgb_part,global,global_model,2026-01-01 00:15:00,weekly,roll_mean_672,0.02258194237947464
day_ahead_price,chronos_xgb_residual_xgb_part,global,global_model,2026-01-01 00:15:00,weekly,roll_std_96,0.006162778474390507
day_ahead_price,chronos_xgb_residual_xgb_part,global,global_model,2026-01-01 00:15:00,weekly,diff_1,0.010495100170373917
day_ahead_price,chronos_xgb_residual_xgb_part,global,global_model,2026-01-01 00:15:00,weekly,diff_96,0.0071631381288170815
day_ahead_price,chronos_xgb_residual_xgb_part,global,global_model,2026-01-01 00:15:00,weekly,hour,0.006355355493724346
day_ahead_price,chronos_xgb_residual_xgb_part,global,global_model,2026-01-01 00:15:00,weekly,minute,0.013317201286554337
day_ahead_price,chronos_xgb_residual_xgb_part,global,global_model,2026-01-01 00:15:00,weekly,dayofweek,0.008134572766721249
day_ahead_price,chronos_xgb_residual_xgb_part,global,global_model,2026-01-01 00:15:00,weekly,slot96,0.009591314941644669
day_ahead_price,chronos_xgb_residual_xgb_part,global,global_model,2026-01-01 00:15:00,weekly,sin_slot96,0.011353925801813602
day_ahead_price,chronos_xgb_residual_xgb_part,global,global_model,2026-01-01 00:15:00,weekly,cos_slot96,0.004733062349259853
day_ahead_price,chronos_xgb_residual_xgb_part,global,global_model,2026-01-01 00:15:00,weekly,is_holiday,0.0030585527420043945
day_ahead_price,chronos_xgb_residual_xgb_part,global,global_model,2026-01-01 00:15:00,weekly,is_workday,0.0
day_ahead_price,chronos_xgb_residual_xgb_part,global,global_model,2026-01-01 00:15:00,weekly,is_weekend,0.0
day_ahead_price,chronos_xgb_residual_xgb_part,global,global_model,2026-01-01 00:15:00,weekly,is_makeup_workday,0.0
day_ahead_price,chronos_xgb_residual_xgb_part,global,global_model,2026-01-01 00:15:00,weekly,before_holiday_1d,0.004716846160590649
day_ahead_price,chronos_xgb_residual_xgb_part,global,global_model,2026-01-01 00:15:00,weekly,after_holiday_1d,0.0
day_ahead_price,chronos_xgb_residual_xgb_part,global,global_model,2026-01-01 00:15:00,weekly,holiday_name_Dragon Boat Festival,0.0
day_ahead_price,chronos_xgb_residual_xgb_part,global,global_model,2026-01-01 00:15:00,weekly,holiday_name_Labour Day,0.0
day_ahead_price,chronos_xgb_residual_xgb_part,global,global_model,2026-01-01 00:15:00,weekly,holiday_name_Mid-autumn Festival,0.0
day_ahead_price,chronos_xgb_residual_xgb_part,global,global_model,2026-01-01 00:15:00,weekly,holiday_name_National Day,0.011035594157874584
day_ahead_price,chronos_xgb_residual_xgb_part,global,global_model,2026-01-01 00:15:00,weekly,holiday_name_New Year's Day,0.0
day_ahead_price,chronos_xgb_residual_xgb_part,global,global_model,2026-01-01 00:15:00,weekly,holiday_name_None,0.0
day_ahead_price,chronos_xgb_residual_xgb_part,global,global_model,2026-01-01 00:15:00,weekly,holiday_name_Spring Festival,0.0
day_ahead_price,chronos_xgb_residual_xgb_part,global,global_model,2026-01-01 00:15:00,weekly,holiday_name_Tomb-sweeping Day,0.0
day_ahead_price,chronos_xgb_residual_xgb_part,valley,segment_model,2026-01-01 00:15:00,weekly,lag_1,0.4965350031852722
day_ahead_price,chronos_xgb_residual_xgb_part,valley,segment_model,2026-01-01 00:15:00,weekly,lag_2,0.021956993266940117
day_ahead_price,chronos_xgb_residual_xgb_part,valley,segment_model,2026-01-01 00:15:00,weekly,lag_4,0.006459150929003954
day_ahead_price,chronos_xgb_residual_xgb_part,valley,segment_model,2026-01-01 00:15:00,weekly,lag_96,0.01957753300666809
day_ahead_price,chronos_xgb_residual_xgb_part,valley,segment_model,2026-01-01 00:15:00,weekly,lag_192,0.006923921871930361
day_ahead_price,chronos_xgb_residual_xgb_part,valley,segment_model,2026-01-01 00:15:00,weekly,lag_672,0.00794992595911026
day_ahead_price,chronos_xgb_residual_xgb_part,valley,segment_model,2026-01-01 00:15:00,weekly,roll_mean_4,0.20147240161895752
day_ahead_price,chronos_xgb_residual_xgb_part,valley,segment_model,2026-01-01 00:15:00,weekly,roll_mean_16,0.015116365626454353
day_ahead_price,chronos_xgb_residual_xgb_part,valley,segment_model,2026-01-01 00:15:00,weekly,roll_mean_96,0.013390050269663334
day_ahead_price,chronos_xgb_residual_xgb_part,valley,segment_model,2026-01-01 00:15:00,weekly,roll_mean_672,0.01316683180630207
day_ahead_price,chronos_xgb_residual_xgb_part,valley,segment_model,2026-01-01 00:15:00,weekly,roll_std_96,0.013028432615101337
day_ahead_price,chronos_xgb_residual_xgb_part,valley,segment_model,2026-01-01 00:15:00,weekly,diff_1,0.0162774957716465
day_ahead_price,chronos_xgb_residual_xgb_part,valley,segment_model,2026-01-01 00:15:00,weekly,diff_96,0.013864969834685326
day_ahead_price,chronos_xgb_residual_xgb_part,valley,segment_model,2026-01-01 00:15:00,weekly,hour,0.015625422820448875
day_ahead_price,chronos_xgb_residual_xgb_part,valley,segment_model,2026-01-01 00:15:00,weekly,minute,0.011411375366151333
day_ahead_price,chronos_xgb_residual_xgb_part,valley,segment_model,2026-01-01 00:15:00,weekly,dayofweek,0.022994941100478172
day_ahead_price,chronos_xgb_residual_xgb_part,valley,segment_model,2026-01-01 00:15:00,weekly,slot96,0.01681067794561386
day_ahead_price,chronos_xgb_residual_xgb_part,valley,segment_model,2026-01-01 00:15:00,weekly,sin_slot96,0.05422236770391464
day_ahead_price,chronos_xgb_residual_xgb_part,valley,segment_model,2026-01-01 00:15:00,weekly,cos_slot96,0.005204631946980953
day_ahead_price,chronos_xgb_residual_xgb_part,valley,segment_model,2026-01-01 00:15:00,weekly,is_holiday,0.0
day_ahead_price,chronos_xgb_residual_xgb_part,valley,segment_model,2026-01-01 00:15:00,weekly,is_workday,0.0
day_ahead_price,chronos_xgb_residual_xgb_part,valley,segment_model,2026-01-01 00:15:00,weekly,is_weekend,0.0
day_ahead_price,chronos_xgb_residual_xgb_part,valley,segment_model,2026-01-01 00:15:00,weekly,is_makeup_workday,0.001972401514649391
day_ahead_price,chronos_xgb_residual_xgb_part,valley,segment_model,2026-01-01 00:15:00,weekly,before_holiday_1d,0.006406846921890974
day_ahead_price,chronos_xgb_residual_xgb_part,valley,segment_model,2026-01-01 00:15:00,weekly,after_holiday_1d,0.0
day_ahead_price,chronos_xgb_residual_xgb_part,valley,segment_model,2026-01-01 00:15:00,weekly,holiday_name_Dragon Boat Festival,0.0
day_ahead_price,chronos_xgb_residual_xgb_part,valley,segment_model,2026-01-01 00:15:00,weekly,holiday_name_Labour Day,0.0
day_ahead_price,chronos_xgb_residual_xgb_part,valley,segment_model,2026-01-01 00:15:00,weekly,holiday_name_Mid-autumn Festival,0.0
day_ahead_price,chronos_xgb_residual_xgb_part,valley,segment_model,2026-01-01 00:15:00,weekly,holiday_name_National Day,0.013123981654644012
day_ahead_price,chronos_xgb_residual_xgb_part,valley,segment_model,2026-01-01 00:15:00,weekly,holiday_name_New Year's Day,0.0
day_ahead_price,chronos_xgb_residual_xgb_part,valley,segment_model,2026-01-01 00:15:00,weekly,holiday_name_None,0.002526346128433943
day_ahead_price,chronos_xgb_residual_xgb_part,valley,segment_model,2026-01-01 00:15:00,weekly,holiday_name_Spring Festival,0.003981877584010363
day_ahead_price,chronos_xgb_residual_xgb_part,valley,segment_model,2026-01-01 00:15:00,weekly,holiday_name_Tomb-sweeping Day,0.0
day_ahead_price,chronos_xgb_residual_xgb_part,flat,segment_model,2026-01-01 00:15:00,weekly,lag_1,0.2106572389602661
day_ahead_price,chronos_xgb_residual_xgb_part,flat,segment_model,2026-01-01 00:15:00,weekly,lag_2,0.014099043793976307
day_ahead_price,chronos_xgb_residual_xgb_part,flat,segment_model,2026-01-01 00:15:00,weekly,lag_4,0.013392526656389236
day_ahead_price,chronos_xgb_residual_xgb_part,flat,segment_model,2026-01-01 00:15:00,weekly,lag_96,0.011579863727092743
day_ahead_price,chronos_xgb_residual_xgb_part,flat,segment_model,2026-01-01 00:15:00,weekly,lag_192,0.009331544861197472
day_ahead_price,chronos_xgb_residual_xgb_part,flat,segment_model,2026-01-01 00:15:00,weekly,lag_672,0.010271983221173286
day_ahead_price,chronos_xgb_residual_xgb_part,flat,segment_model,2026-01-01 00:15:00,weekly,roll_mean_4,0.5634778141975403
day_ahead_price,chronos_xgb_residual_xgb_part,flat,segment_model,2026-01-01 00:15:00,weekly,roll_mean_16,0.014816551469266415
day_ahead_price,chronos_xgb_residual_xgb_part,flat,segment_model,2026-01-01 00:15:00,weekly,roll_mean_96,0.008651136420667171
day_ahead_price,chronos_xgb_residual_xgb_part,flat,segment_model,2026-01-01 00:15:00,weekly,roll_mean_672,0.014349095523357391
day_ahead_price,chronos_xgb_residual_xgb_part,flat,segment_model,2026-01-01 00:15:00,weekly,roll_std_96,0.00839547161012888
day_ahead_price,chronos_xgb_residual_xgb_part,flat,segment_model,2026-01-01 00:15:00,weekly,diff_1,0.01573847606778145
day_ahead_price,chronos_xgb_residual_xgb_part,flat,segment_model,2026-01-01 00:15:00,weekly,diff_96,0.013659424148499966
day_ahead_price,chronos_xgb_residual_xgb_part,flat,segment_model,2026-01-01 00:15:00,weekly,hour,0.01659439504146576
day_ahead_price,chronos_xgb_residual_xgb_part,flat,segment_model,2026-01-01 00:15:00,weekly,minute,0.01817232184112072
day_ahead_price,chronos_xgb_residual_xgb_part,flat,segment_model,2026-01-01 00:15:00,weekly,dayofweek,0.015318230725824833
day_ahead_price,chronos_xgb_residual_xgb_part,flat,segment_model,2026-01-01 00:15:00,weekly,slot96,0.005469048861414194
day_ahead_price,chronos_xgb_residual_xgb_part,flat,segment_model,2026-01-01 00:15:00,weekly,sin_slot96,0.016699248924851418
day_ahead_price,chronos_xgb_residual_xgb_part,flat,segment_model,2026-01-01 00:15:00,weekly,cos_slot96,0.006952736992388964
day_ahead_price,chronos_xgb_residual_xgb_part,flat,segment_model,2026-01-01 00:15:00,weekly,is_holiday,0.011390346102416515
day_ahead_price,chronos_xgb_residual_xgb_part,flat,segment_model,2026-01-01 00:15:00,weekly,is_workday,0.0
day_ahead_price,chronos_xgb_residual_xgb_part,flat,segment_model,2026-01-01 00:15:00,weekly,is_weekend,0.0
day_ahead_price,chronos_xgb_residual_xgb_part,flat,segment_model,2026-01-01 00:15:00,weekly,is_makeup_workday,0.0
day_ahead_price,chronos_xgb_residual_xgb_part,flat,segment_model,2026-01-01 00:15:00,weekly,before_holiday_1d,0.0
day_ahead_price,chronos_xgb_residual_xgb_part,flat,segment_model,2026-01-01 00:15:00,weekly,after_holiday_1d,0.0
day_ahead_price,chronos_xgb_residual_xgb_part,flat,segment_model,2026-01-01 00:15:00,weekly,holiday_name_Dragon Boat Festival,0.0
day_ahead_price,chronos_xgb_residual_xgb_part,flat,segment_model,2026-01-01 00:15:00,weekly,holiday_name_Labour Day,0.0
day_ahead_price,chronos_xgb_residual_xgb_part,flat,segment_model,2026-01-01 00:15:00,weekly,holiday_name_Mid-autumn Festival,0.000983508420176804
day_ahead_price,chronos_xgb_residual_xgb_part,flat,segment_model,2026-01-01 00:15:00,weekly,holiday_name_National Day,0.0
day_ahead_price,chronos_xgb_residual_xgb_part,flat,segment_model,2026-01-01 00:15:00,weekly,holiday_name_New Year's Day,0.0
day_ahead_price,chronos_xgb_residual_xgb_part,flat,segment_model,2026-01-01 00:15:00,weekly,holiday_name_None,0.0
day_ahead_price,chronos_xgb_residual_xgb_part,flat,segment_model,2026-01-01 00:15:00,weekly,holiday_name_Spring Festival,0.0
day_ahead_price,chronos_xgb_residual_xgb_part,flat,segment_model,2026-01-01 00:15:00,weekly,holiday_name_Tomb-sweeping Day,0.0
day_ahead_price,chronos_xgb_residual_xgb_part,peak,segment_model,2026-01-01 00:15:00,weekly,lag_1,0.5422860980033875
day_ahead_price,chronos_xgb_residual_xgb_part,peak,segment_model,2026-01-01 00:15:00,weekly,lag_2,0.024486307054758072
day_ahead_price,chronos_xgb_residual_xgb_part,peak,segment_model,2026-01-01 00:15:00,weekly,lag_4,0.015489164739847183
day_ahead_price,chronos_xgb_residual_xgb_part,peak,segment_model,2026-01-01 00:15:00,weekly,lag_96,0.006199920084327459
day_ahead_price,chronos_xgb_residual_xgb_part,peak,segment_model,2026-01-01 00:15:00,weekly,lag_192,0.009729195386171341
day_ahead_price,chronos_xgb_residual_xgb_part,peak,segment_model,2026-01-01 00:15:00,weekly,lag_672,0.010892663151025772
day_ahead_price,chronos_xgb_residual_xgb_part,peak,segment_model,2026-01-01 00:15:00,weekly,roll_mean_4,0.21117433905601501
day_ahead_price,chronos_xgb_residual_xgb_part,peak,segment_model,2026-01-01 00:15:00,weekly,roll_mean_16,0.015267622657120228
day_ahead_price,chronos_xgb_residual_xgb_part,peak,segment_model,2026-01-01 00:15:00,weekly,roll_mean_96,0.013660573400557041
day_ahead_price,chronos_xgb_residual_xgb_part,peak,segment_model,2026-01-01 00:15:00,weekly,roll_mean_672,0.010926332324743271
day_ahead_price,chronos_xgb_residual_xgb_part,peak,segment_model,2026-01-01 00:15:00,weekly,roll_std_96,0.007066427264362574
day_ahead_price,chronos_xgb_residual_xgb_part,peak,segment_model,2026-01-01 00:15:00,weekly,diff_1,0.01415400393307209
day_ahead_price,chronos_xgb_residual_xgb_part,peak,segment_model,2026-01-01 00:15:00,weekly,diff_96,0.010053310543298721
day_ahead_price,chronos_xgb_residual_xgb_part,peak,segment_model,2026-01-01 00:15:00,weekly,hour,0.012504409067332745
day_ahead_price,chronos_xgb_residual_xgb_part,peak,segment_model,2026-01-01 00:15:00,weekly,minute,0.006972100120037794
day_ahead_price,chronos_xgb_residual_xgb_part,peak,segment_model,2026-01-01 00:15:00,weekly,dayofweek,0.007859728299081326
day_ahead_price,chronos_xgb_residual_xgb_part,peak,segment_model,2026-01-01 00:15:00,weekly,slot96,0.01120072416961193
day_ahead_price,chronos_xgb_residual_xgb_part,peak,segment_model,2026-01-01 00:15:00,weekly,sin_slot96,0.018738145008683205
day_ahead_price,chronos_xgb_residual_xgb_part,peak,segment_model,2026-01-01 00:15:00,weekly,cos_slot96,0.002105164574459195
day_ahead_price,chronos_xgb_residual_xgb_part,peak,segment_model,2026-01-01 00:15:00,weekly,is_holiday,0.004484338220208883
day_ahead_price,chronos_xgb_residual_xgb_part,peak,segment_model,2026-01-01 00:15:00,weekly,is_workday,0.0
day_ahead_price,chronos_xgb_residual_xgb_part,peak,segment_model,2026-01-01 00:15:00,weekly,is_weekend,0.0
day_ahead_price,chronos_xgb_residual_xgb_part,peak,segment_model,2026-01-01 00:15:00,weekly,is_makeup_workday,0.0
day_ahead_price,chronos_xgb_residual_xgb_part,peak,segment_model,2026-01-01 00:15:00,weekly,before_holiday_1d,0.011020520702004433
day_ahead_price,chronos_xgb_residual_xgb_part,peak,segment_model,2026-01-01 00:15:00,weekly,after_holiday_1d,0.0
day_ahead_price,chronos_xgb_residual_xgb_part,peak,segment_model,2026-01-01 00:15:00,weekly,holiday_name_Dragon Boat Festival,0.0
day_ahead_price,chronos_xgb_residual_xgb_part,peak,segment_model,2026-01-01 00:15:00,weekly,holiday_name_Labour Day,0.0
day_ahead_price,chronos_xgb_residual_xgb_part,peak,segment_model,2026-01-01 00:15:00,weekly,holiday_name_Mid-autumn Festival,0.0
day_ahead_price,chronos_xgb_residual_xgb_part,peak,segment_model,2026-01-01 00:15:00,weekly,holiday_name_National Day,0.033728957176208496
day_ahead_price,chronos_xgb_residual_xgb_part,peak,segment_model,2026-01-01 00:15:00,weekly,holiday_name_New Year's Day,0.0
day_ahead_price,chronos_xgb_residual_xgb_part,peak,segment_model,2026-01-01 00:15:00,weekly,holiday_name_None,0.0
day_ahead_price,chronos_xgb_residual_xgb_part,peak,segment_model,2026-01-01 00:15:00,weekly,holiday_name_Spring Festival,0.0
day_ahead_price,chronos_xgb_residual_xgb_part,peak,segment_model,2026-01-01 00:15:00,weekly,holiday_name_Tomb-sweeping Day,0.0
day_ahead_price,xgb_oof_train,global,global_model,2025-01-08 00:15:00,weekly,lag_1,0.47205057740211487
day_ahead_price,xgb_oof_train,global,global_model,2025-01-08 00:15:00,weekly,lag_2,0.09885544329881668
day_ahead_price,xgb_oof_train,global,global_model,2025-01-08 00:15:00,weekly,lag_4,0.017323054373264313
day_ahead_price,xgb_oof_train,global,global_model,2025-01-08 00:15:00,weekly,lag_96,0.008716154843568802
day_ahead_price,xgb_oof_train,global,global_model,2025-01-08 00:15:00,weekly,lag_192,0.005426222924143076
day_ahead_price,xgb_oof_train,global,global_model,2025-01-08 00:15:00,weekly,lag_672,0.0
day_ahead_price,xgb_oof_train,global,global_model,2025-01-08 00:15:00,weekly,roll_mean_4,0.2320476770401001
day_ahead_price,xgb_oof_train,global,global_model,2025-01-08 00:15:00,weekly,roll_mean_16,0.011485923081636429
day_ahead_price,xgb_oof_train,global,global_model,2025-01-08 00:15:00,weekly,roll_mean_96,0.007340367417782545
day_ahead_price,xgb_oof_train,global,global_model,2025-01-08 00:15:00,weekly,roll_mean_672,0.0059005082584917545
day_ahead_price,xgb_oof_train,global,global_model,2025-01-08 00:15:00,weekly,roll_std_96,0.010767907835543156
day_ahead_price,xgb_oof_train,global,global_model,2025-01-08 00:15:00,weekly,diff_1,0.016616757959127426
day_ahead_price,xgb_oof_train,global,global_model,2025-01-08 00:15:00,weekly,diff_96,0.011643459089100361
day_ahead_price,xgb_oof_train,global,global_model,2025-01-08 00:15:00,weekly,hour,0.02169029787182808
day_ahead_price,xgb_oof_train,global,global_model,2025-01-08 00:15:00,weekly,minute,0.015997955575585365
day_ahead_price,xgb_oof_train,global,global_model,2025-01-08 00:15:00,weekly,dayofweek,0.006888046860694885
day_ahead_price,xgb_oof_train,global,global_model,2025-01-08 00:15:00,weekly,slot96,0.015488065779209137
day_ahead_price,xgb_oof_train,global,global_model,2025-01-08 00:15:00,weekly,sin_slot96,0.02279624715447426
day_ahead_price,xgb_oof_train,global,global_model,2025-01-08 00:15:00,weekly,cos_slot96,0.008971573784947395
day_ahead_price,xgb_oof_train,global,global_model,2025-01-08 00:15:00,weekly,is_holiday,0.009993777610361576
day_ahead_price,xgb_oof_train,global,global_model,2025-01-08 00:15:00,weekly,is_workday,0.0
day_ahead_price,xgb_oof_train,global,global_model,2025-01-08 00:15:00,weekly,is_weekend,0.0
day_ahead_price,xgb_oof_train,global,global_model,2025-01-08 00:15:00,weekly,is_makeup_workday,0.0
day_ahead_price,xgb_oof_train,global,global_model,2025-01-08 00:15:00,weekly,before_holiday_1d,0.0
day_ahead_price,xgb_oof_train,global,global_model,2025-01-08 00:15:00,weekly,after_holiday_1d,0.0
day_ahead_price,xgb_oof_train,global,global_model,2025-01-08 00:15:00,weekly,holiday_name_Dragon Boat Festival,0.0
day_ahead_price,xgb_oof_train,global,global_model,2025-01-08 00:15:00,weekly,holiday_name_Labour Day,0.0
day_ahead_price,xgb_oof_train,global,global_model,2025-01-08 00:15:00,weekly,holiday_name_Mid-autumn Festival,0.0
day_ahead_price,xgb_oof_train,global,global_model,2025-01-08 00:15:00,weekly,holiday_name_National Day,0.0
day_ahead_price,xgb_oof_train,global,global_model,2025-01-08 00:15:00,weekly,holiday_name_New Year's Day,0.0
day_ahead_price,xgb_oof_train,global,global_model,2025-01-08 00:15:00,weekly,holiday_name_None,0.0
day_ahead_price,xgb_oof_train,global,global_model,2025-01-08 00:15:00,weekly,holiday_name_Spring Festival,0.0
day_ahead_price,xgb_oof_train,global,global_model,2025-01-08 00:15:00,weekly,holiday_name_Tomb-sweeping Day,0.0
day_ahead_price,xgb_oof_train,valley,segment_model,2025-01-08 00:15:00,weekly,lag_1,0.34230029582977295
day_ahead_price,xgb_oof_train,valley,segment_model,2025-01-08 00:15:00,weekly,lag_2,0.029068147763609886
day_ahead_price,xgb_oof_train,valley,segment_model,2025-01-08 00:15:00,weekly,lag_4,0.006283993367105722
day_ahead_price,xgb_oof_train,valley,segment_model,2025-01-08 00:15:00,weekly,lag_96,0.017786530777812004
day_ahead_price,xgb_oof_train,valley,segment_model,2025-01-08 00:15:00,weekly,lag_192,0.004512884188443422
day_ahead_price,xgb_oof_train,valley,segment_model,2025-01-08 00:15:00,weekly,lag_672,0.0
day_ahead_price,xgb_oof_train,valley,segment_model,2025-01-08 00:15:00,weekly,roll_mean_4,0.4276978075504303
day_ahead_price,xgb_oof_train,valley,segment_model,2025-01-08 00:15:00,weekly,roll_mean_16,0.011016776785254478
day_ahead_price,xgb_oof_train,valley,segment_model,2025-01-08 00:15:00,weekly,roll_mean_96,0.010905719362199306
day_ahead_price,xgb_oof_train,valley,segment_model,2025-01-08 00:15:00,weekly,roll_mean_672,0.00825602188706398
day_ahead_price,xgb_oof_train,valley,segment_model,2025-01-08 00:15:00,weekly,roll_std_96,0.010756026953458786
day_ahead_price,xgb_oof_train,valley,segment_model,2025-01-08 00:15:00,weekly,diff_1,0.02112925425171852
day_ahead_price,xgb_oof_train,valley,segment_model,2025-01-08 00:15:00,weekly,diff_96,0.04097361862659454
day_ahead_price,xgb_oof_train,valley,segment_model,2025-01-08 00:15:00,weekly,hour,0.005377048160880804
day_ahead_price,xgb_oof_train,valley,segment_model,2025-01-08 00:15:00,weekly,minute,0.0022247713059186935
day_ahead_price,xgb_oof_train,valley,segment_model,2025-01-08 00:15:00,weekly,dayofweek,0.002453636610880494
day_ahead_price,xgb_oof_train,valley,segment_model,2025-01-08 00:15:00,weekly,slot96,0.007043336983770132
day_ahead_price,xgb_oof_train,valley,segment_model,2025-01-08 00:15:00,weekly,sin_slot96,0.027970314025878906
day_ahead_price,xgb_oof_train,valley,segment_model,2025-01-08 00:15:00,weekly,cos_slot96,0.009558114223182201
day_ahead_price,xgb_oof_train,valley,segment_model,2025-01-08 00:15:00,weekly,is_holiday,0.0
day_ahead_price,xgb_oof_train,valley,segment_model,2025-01-08 00:15:00,weekly,is_workday,0.014685658738017082
day_ahead_price,xgb_oof_train,valley,segment_model,2025-01-08 00:15:00,weekly,is_weekend,0.0
day_ahead_price,xgb_oof_train,valley,segment_model,2025-01-08 00:15:00,weekly,is_makeup_workday,0.0
day_ahead_price,xgb_oof_train,valley,segment_model,2025-01-08 00:15:00,weekly,before_holiday_1d,0.0
day_ahead_price,xgb_oof_train,valley,segment_model,2025-01-08 00:15:00,weekly,after_holiday_1d,0.0
day_ahead_price,xgb_oof_train,valley,segment_model,2025-01-08 00:15:00,weekly,holiday_name_Dragon Boat Festival,0.0
day_ahead_price,xgb_oof_train,valley,segment_model,2025-01-08 00:15:00,weekly,holiday_name_Labour Day,0.0
day_ahead_price,xgb_oof_train,valley,segment_model,2025-01-08 00:15:00,weekly,holiday_name_Mid-autumn Festival,0.0
day_ahead_price,xgb_oof_train,valley,segment_model,2025-01-08 00:15:00,weekly,holiday_name_National Day,0.0
day_ahead_price,xgb_oof_train,valley,segment_model,2025-01-08 00:15:00,weekly,holiday_name_New Year's Day,0.0
day_ahead_price,xgb_oof_train,valley,segment_model,2025-01-08 00:15:00,weekly,holiday_name_None,0.0
day_ahead_price,xgb_oof_train,valley,segment_model,2025-01-08 00:15:00,weekly,holiday_name_Spring Festival,0.0
day_ahead_price,xgb_oof_train,valley,segment_model,2025-01-08 00:15:00,weekly,holiday_name_Tomb-sweeping Day,0.0
day_ahead_price,xgb_oof_train,flat,segment_model,2025-01-08 00:15:00,weekly,lag_1,0.41836851835250854
day_ahead_price,xgb_oof_train,flat,segment_model,2025-01-08 00:15:00,weekly,lag_2,0.14426758885383606
day_ahead_price,xgb_oof_train,flat,segment_model,2025-01-08 00:15:00,weekly,lag_4,0.007528745103627443
day_ahead_price,xgb_oof_train,flat,segment_model,2025-01-08 00:15:00,weekly,lag_96,0.01081188302487135
day_ahead_price,xgb_oof_train,flat,segment_model,2025-01-08 00:15:00,weekly,lag_192,0.0051207588985562325
day_ahead_price,xgb_oof_train,flat,segment_model,2025-01-08 00:15:00,weekly,lag_672,0.0
day_ahead_price,xgb_oof_train,flat,segment_model,2025-01-08 00:15:00,weekly,roll_mean_4,0.15175959467887878
day_ahead_price,xgb_oof_train,flat,segment_model,2025-01-08 00:15:00,weekly,roll_mean_16,0.01787375472486019
day_ahead_price,xgb_oof_train,flat,segment_model,2025-01-08 00:15:00,weekly,roll_mean_96,0.014536838047206402
day_ahead_price,xgb_oof_train,flat,segment_model,2025-01-08 00:15:00,weekly,roll_mean_672,0.00402301037684083
day_ahead_price,xgb_oof_train,flat,segment_model,2025-01-08 00:15:00,weekly,roll_std_96,0.030359599739313126
day_ahead_price,xgb_oof_train,flat,segment_model,2025-01-08 00:15:00,weekly,diff_1,0.010070343501865864
day_ahead_price,xgb_oof_train,flat,segment_model,2025-01-08 00:15:00,weekly,diff_96,0.020172961056232452
day_ahead_price,xgb_oof_train,flat,segment_model,2025-01-08 00:15:00,weekly,hour,0.041234537959098816
day_ahead_price,xgb_oof_train,flat,segment_model,2025-01-08 00:15:00,weekly,minute,0.0024793636985123158
day_ahead_price,xgb_oof_train,flat,segment_model,2025-01-08 00:15:00,weekly,dayofweek,0.0
day_ahead_price,xgb_oof_train,flat,segment_model,2025-01-08 00:15:00,weekly,slot96,0.005509808659553528
day_ahead_price,xgb_oof_train,flat,segment_model,2025-01-08 00:15:00,weekly,sin_slot96,0.03648477792739868
day_ahead_price,xgb_oof_train,flat,segment_model,2025-01-08 00:15:00,weekly,cos_slot96,0.04936675354838371
day_ahead_price,xgb_oof_train,flat,segment_model,2025-01-08 00:15:00,weekly,is_holiday,0.0
day_ahead_price,xgb_oof_train,flat,segment_model,2025-01-08 00:15:00,weekly,is_workday,0.0
day_ahead_price,xgb_oof_train,flat,segment_model,2025-01-08 00:15:00,weekly,is_weekend,0.0
day_ahead_price,xgb_oof_train,flat,segment_model,2025-01-08 00:15:00,weekly,is_makeup_workday,0.0
day_ahead_price,xgb_oof_train,flat,segment_model,2025-01-08 00:15:00,weekly,before_holiday_1d,0.0
day_ahead_price,xgb_oof_train,flat,segment_model,2025-01-08 00:15:00,weekly,after_holiday_1d,0.03003121353685856
day_ahead_price,xgb_oof_train,flat,segment_model,2025-01-08 00:15:00,weekly,holiday_name_Dragon Boat Festival,0.0
day_ahead_price,xgb_oof_train,flat,segment_model,2025-01-08 00:15:00,weekly,holiday_name_Labour Day,0.0
day_ahead_price,xgb_oof_train,flat,segment_model,2025-01-08 00:15:00,weekly,holiday_name_Mid-autumn Festival,0.0
day_ahead_price,xgb_oof_train,flat,segment_model,2025-01-08 00:15:00,weekly,holiday_name_National Day,0.0
day_ahead_price,xgb_oof_train,flat,segment_model,2025-01-08 00:15:00,weekly,holiday_name_New Year's Day,0.0
day_ahead_price,xgb_oof_train,flat,segment_model,2025-01-08 00:15:00,weekly,holiday_name_None,0.0
day_ahead_price,xgb_oof_train,flat,segment_model,2025-01-08 00:15:00,weekly,holiday_name_Spring Festival,0.0
day_ahead_price,xgb_oof_train,flat,segment_model,2025-01-08 00:15:00,weekly,holiday_name_Tomb-sweeping Day,0.0
day_ahead_price,xgb_oof_train,peak,segment_model,2025-01-08 00:15:00,weekly,lag_1,0.23644036054611206
day_ahead_price,xgb_oof_train,peak,segment_model,2025-01-08 00:15:00,weekly,lag_2,0.0205738116055727
day_ahead_price,xgb_oof_train,peak,segment_model,2025-01-08 00:15:00,weekly,lag_4,0.010745877400040627
day_ahead_price,xgb_oof_train,peak,segment_model,2025-01-08 00:15:00,weekly,lag_96,0.008990674279630184
day_ahead_price,xgb_oof_train,peak,segment_model,2025-01-08 00:15:00,weekly,lag_192,0.011535813100636005
day_ahead_price,xgb_oof_train,peak,segment_model,2025-01-08 00:15:00,weekly,lag_672,0.0
day_ahead_price,xgb_oof_train,peak,segment_model,2025-01-08 00:15:00,weekly,roll_mean_4,0.5956645607948303
day_ahead_price,xgb_oof_train,peak,segment_model,2025-01-08 00:15:00,weekly,roll_mean_16,0.013934869319200516
day_ahead_price,xgb_oof_train,peak,segment_model,2025-01-08 00:15:00,weekly,roll_mean_96,0.0074625625275075436
day_ahead_price,xgb_oof_train,peak,segment_model,2025-01-08 00:15:00,weekly,roll_mean_672,0.014324448071420193
day_ahead_price,xgb_oof_train,peak,segment_model,2025-01-08 00:15:00,weekly,roll_std_96,0.008074445649981499
day_ahead_price,xgb_oof_train,peak,segment_model,2025-01-08 00:15:00,weekly,diff_1,0.014449418522417545
day_ahead_price,xgb_oof_train,peak,segment_model,2025-01-08 00:15:00,weekly,diff_96,0.009319167584180832
day_ahead_price,xgb_oof_train,peak,segment_model,2025-01-08 00:15:00,weekly,hour,0.010752911679446697
day_ahead_price,xgb_oof_train,peak,segment_model,2025-01-08 00:15:00,weekly,minute,0.014498094096779823
day_ahead_price,xgb_oof_train,peak,segment_model,2025-01-08 00:15:00,weekly,dayofweek,0.0
day_ahead_price,xgb_oof_train,peak,segment_model,2025-01-08 00:15:00,weekly,slot96,0.01287104096263647
day_ahead_price,xgb_oof_train,peak,segment_model,2025-01-08 00:15:00,weekly,sin_slot96,0.005771126132458448
day_ahead_price,xgb_oof_train,peak,segment_model,2025-01-08 00:15:00,weekly,cos_slot96,0.004590795841068029
day_ahead_price,xgb_oof_train,peak,segment_model,2025-01-08 00:15:00,weekly,is_holiday,0.0
day_ahead_price,xgb_oof_train,peak,segment_model,2025-01-08 00:15:00,weekly,is_workday,0.0
day_ahead_price,xgb_oof_train,peak,segment_model,2025-01-08 00:15:00,weekly,is_weekend,0.0
day_ahead_price,xgb_oof_train,peak,segment_model,2025-01-08 00:15:00,weekly,is_makeup_workday,0.0
day_ahead_price,xgb_oof_train,peak,segment_model,2025-01-08 00:15:00,weekly,before_holiday_1d,0.0
day_ahead_price,xgb_oof_train,peak,segment_model,2025-01-08 00:15:00,weekly,after_holiday_1d,0.0
day_ahead_price,xgb_oof_train,peak,segment_model,2025-01-08 00:15:00,weekly,holiday_name_Dragon Boat Festival,0.0
day_ahead_price,xgb_oof_train,peak,segment_model,2025-01-08 00:15:00,weekly,holiday_name_Labour Day,0.0
day_ahead_price,xgb_oof_train,peak,segment_model,2025-01-08 00:15:00,weekly,holiday_name_Mid-autumn Festival,0.0
day_ahead_price,xgb_oof_train,peak,segment_model,2025-01-08 00:15:00,weekly,holiday_name_National Day,0.0
day_ahead_price,xgb_oof_train,peak,segment_model,2025-01-08 00:15:00,weekly,holiday_name_New Year's Day,0.0
day_ahead_price,xgb_oof_train,peak,segment_model,2025-01-08 00:15:00,weekly,holiday_name_None,0.0
day_ahead_price,xgb_oof_train,peak,segment_model,2025-01-08 00:15:00,weekly,holiday_name_Spring Festival,0.0
day_ahead_price,xgb_oof_train,peak,segment_model,2025-01-08 00:15:00,weekly,holiday_name_Tomb-sweeping Day,0.0
day_ahead_price,xgb_oof_train,global,global_model,2025-01-15 00:15:00,weekly,lag_1,0.452494740486145
day_ahead_price,xgb_oof_train,global,global_model,2025-01-15 00:15:00,weekly,lag_2,0.07613122463226318
day_ahead_price,xgb_oof_train,global,global_model,2025-01-15 00:15:00,weekly,lag_4,0.01363159529864788
day_ahead_price,xgb_oof_train,global,global_model,2025-01-15 00:15:00,weekly,lag_96,0.018632611259818077
day_ahead_price,xgb_oof_train,global,global_model,2025-01-15 00:15:00,weekly,lag_192,0.012373678386211395
day_ahead_price,xgb_oof_train,global,global_model,2025-01-15 00:15:00,weekly,lag_672,0.027930589392781258
day_ahead_price,xgb_oof_train,global,global_model,2025-01-15 00:15:00,weekly,roll_mean_4,0.15538734197616577
day_ahead_price,xgb_oof_train,global,global_model,2025-01-15 00:15:00,weekly,roll_mean_16,0.011539695784449577
day_ahead_price,xgb_oof_train,global,global_model,2025-01-15 00:15:00,weekly,roll_mean_96,0.004264771472662687
day_ahead_price,xgb_oof_train,global,global_model,2025-01-15 00:15:00,weekly,roll_mean_672,0.01096790749579668
day_ahead_price,xgb_oof_train,global,global_model,2025-01-15 00:15:00,weekly,roll_std_96,0.005183727014809847
day_ahead_price,xgb_oof_train,global,global_model,2025-01-15 00:15:00,weekly,diff_1,0.01342412643134594
day_ahead_price,xgb_oof_train,global,global_model,2025-01-15 00:15:00,weekly,diff_96,0.018544843420386314
day_ahead_price,xgb_oof_train,global,global_model,2025-01-15 00:15:00,weekly,hour,0.018856098875403404
day_ahead_price,xgb_oof_train,global,global_model,2025-01-15 00:15:00,weekly,minute,0.026511898264288902
day_ahead_price,xgb_oof_train,global,global_model,2025-01-15 00:15:00,weekly,dayofweek,0.005596711300313473
day_ahead_price,xgb_oof_train,global,global_model,2025-01-15 00:15:00,weekly,slot96,0.013553385622799397
day_ahead_price,xgb_oof_train,global,global_model,2025-01-15 00:15:00,weekly,sin_slot96,0.045545097440481186
day_ahead_price,xgb_oof_train,global,global_model,2025-01-15 00:15:00,weekly,cos_slot96,0.010822029784321785
day_ahead_price,xgb_oof_train,global,global_model,2025-01-15 00:15:00,weekly,is_holiday,0.0
day_ahead_price,xgb_oof_train,global,global_model,2025-01-15 00:15:00,weekly,is_workday,0.0
day_ahead_price,xgb_oof_train,global,global_model,2025-01-15 00:15:00,weekly,is_weekend,0.0
day_ahead_price,xgb_oof_train,global,global_model,2025-01-15 00:15:00,weekly,is_makeup_workday,0.0
day_ahead_price,xgb_oof_train,global,global_model,2025-01-15 00:15:00,weekly,before_holiday_1d,0.05860787630081177
day_ahead_price,xgb_oof_train,global,global_model,2025-01-15 00:15:00,weekly,after_holiday_1d,0.0
day_ahead_price,xgb_oof_train,global,global_model,2025-01-15 00:15:00,weekly,holiday_name_Dragon Boat Festival,0.0
day_ahead_price,xgb_oof_train,global,global_model,2025-01-15 00:15:00,weekly,holiday_name_Labour Day,0.0
day_ahead_price,xgb_oof_train,global,global_model,2025-01-15 00:15:00,weekly,holiday_name_Mid-autumn Festival,0.0
day_ahead_price,xgb_oof_train,global,global_model,2025-01-15 00:15:00,weekly,holiday_name_National Day,0.0
day_ahead_price,xgb_oof_train,global,global_model,2025-01-15 00:15:00,weekly,holiday_name_New Year's Day,0.0
day_ahead_price,xgb_oof_train,global,global_model,2025-01-15 00:15:00,weekly,holiday_name_None,0.0
day_ahead_price,xgb_oof_train,global,global_model,2025-01-15 00:15:00,weekly,holiday_name_Spring Festival,0.0
day_ahead_price,xgb_oof_train,global,global_model,2025-01-15 00:15:00,weekly,holiday_name_Tomb-sweeping Day,0.0
day_ahead_price,xgb_oof_train,valley,segment_model,2025-01-15 00:15:00,weekly,lag_1,0.3762896656990051
day_ahead_price,xgb_oof_train,valley,segment_model,2025-01-15 00:15:00,weekly,lag_2,0.15821526944637299
day_ahead_price,xgb_oof_train,valley,segment_model,2025-01-15 00:15:00,weekly,lag_4,0.0034976573660969734
day_ahead_price,xgb_oof_train,valley,segment_model,2025-01-15 00:15:00,weekly,lag_96,0.007470220793038607
day_ahead_price,xgb_oof_train,valley,segment_model,2025-01-15 00:15:00,weekly,lag_192,0.004665624815970659
day_ahead_price,xgb_oof_train,valley,segment_model,2025-01-15 00:15:00,weekly,lag_672,0.0037663383409380913
day_ahead_price,xgb_oof_train,valley,segment_model,2025-01-15 00:15:00,weekly,roll_mean_4,0.15421468019485474
day_ahead_price,xgb_oof_train,valley,segment_model,2025-01-15 00:15:00,weekly,roll_mean_16,0.02566191926598549
day_ahead_price,xgb_oof_train,valley,segment_model,2025-01-15 00:15:00,weekly,roll_mean_96,0.01301355566829443
day_ahead_price,xgb_oof_train,valley,segment_model,2025-01-15 00:15:00,weekly,roll_mean_672,0.0066285692155361176
day_ahead_price,xgb_oof_train,valley,segment_model,2025-01-15 00:15:00,weekly,roll_std_96,0.011786144226789474
day_ahead_price,xgb_oof_train,valley,segment_model,2025-01-15 00:15:00,weekly,diff_1,0.016592450439929962
day_ahead_price,xgb_oof_train,valley,segment_model,2025-01-15 00:15:00,weekly,diff_96,0.019938673824071884
day_ahead_price,xgb_oof_train,valley,segment_model,2025-01-15 00:15:00,weekly,hour,0.008276200853288174
day_ahead_price,xgb_oof_train,valley,segment_model,2025-01-15 00:15:00,weekly,minute,0.006176675669848919
day_ahead_price,xgb_oof_train,valley,segment_model,2025-01-15 00:15:00,weekly,dayofweek,0.16066516935825348
day_ahead_price,xgb_oof_train,valley,segment_model,2025-01-15 00:15:00,weekly,slot96,0.004774740431457758
day_ahead_price,xgb_oof_train,valley,segment_model,2025-01-15 00:15:00,weekly,sin_slot96,0.014822982251644135
day_ahead_price,xgb_oof_train,valley,segment_model,2025-01-15 00:15:00,weekly,cos_slot96,0.0035434847231954336
day_ahead_price,xgb_oof_train,valley,segment_model,2025-01-15 00:15:00,weekly,is_holiday,0.0
day_ahead_price,xgb_oof_train,valley,segment_model,2025-01-15 00:15:00,weekly,is_workday,0.0
day_ahead_price,xgb_oof_train,valley,segment_model,2025-01-15 00:15:00,weekly,is_weekend,0.0
day_ahead_price,xgb_oof_train,valley,segment_model,2025-01-15 00:15:00,weekly,is_makeup_workday,0.0
day_ahead_price,xgb_oof_train,valley,segment_model,2025-01-15 00:15:00,weekly,before_holiday_1d,0.0
day_ahead_price,xgb_oof_train,valley,segment_model,2025-01-15 00:15:00,weekly,after_holiday_1d,0.0
day_ahead_price,xgb_oof_train,valley,segment_model,2025-01-15 00:15:00,weekly,holiday_name_Dragon Boat Festival,0.0
day_ahead_price,xgb_oof_train,valley,segment_model,2025-01-15 00:15:00,weekly,holiday_name_Labour Day,0.0
day_ahead_price,xgb_oof_train,valley,segment_model,2025-01-15 00:15:00,weekly,holiday_name_Mid-autumn Festival,0.0
day_ahead_price,xgb_oof_train,valley,segment_model,2025-01-15 00:15:00,weekly,holiday_name_National Day,0.0
day_ahead_price,xgb_oof_train,valley,segment_model,2025-01-15 00:15:00,weekly,holiday_name_New Year's Day,0.0
day_ahead_price,xgb_oof_train,valley,segment_model,2025-01-15 00:15:00,weekly,holiday_name_None,0.0
day_ahead_price,xgb_oof_train,valley,segment_model,2025-01-15 00:15:00,weekly,holiday_name_Spring Festival,0.0
day_ahead_price,xgb_oof_train,valley,segment_model,2025-01-15 00:15:00,weekly,holiday_name_Tomb-sweeping Day,0.0
day_ahead_price,xgb_oof_train,flat,segment_model,2025-01-15 00:15:00,weekly,lag_1,0.3068349063396454
day_ahead_price,xgb_oof_train,flat,segment_model,2025-01-15 00:15:00,weekly,lag_2,0.13228267431259155
day_ahead_price,xgb_oof_train,flat,segment_model,2025-01-15 00:15:00,weekly,lag_4,0.010522142983973026
day_ahead_price,xgb_oof_train,flat,segment_model,2025-01-15 00:15:00,weekly,lag_96,0.011824551038444042
day_ahead_price,xgb_oof_train,flat,segment_model,2025-01-15 00:15:00,weekly,lag_192,0.00557108735665679
day_ahead_price,xgb_oof_train,flat,segment_model,2025-01-15 00:15:00,weekly,lag_672,0.022124245762825012
day_ahead_price,xgb_oof_train,flat,segment_model,2025-01-15 00:15:00,weekly,roll_mean_4,0.11607026308774948
day_ahead_price,xgb_oof_train,flat,segment_model,2025-01-15 00:15:00,weekly,roll_mean_16,0.021811984479427338
day_ahead_price,xgb_oof_train,flat,segment_model,2025-01-15 00:15:00,weekly,roll_mean_96,0.007217041216790676
day_ahead_price,xgb_oof_train,flat,segment_model,2025-01-15 00:15:00,weekly,roll_mean_672,0.010418729856610298
day_ahead_price,xgb_oof_train,flat,segment_model,2025-01-15 00:15:00,weekly,roll_std_96,0.00991115253418684
day_ahead_price,xgb_oof_train,flat,segment_model,2025-01-15 00:15:00,weekly,diff_1,0.01182022038847208
day_ahead_price,xgb_oof_train,flat,segment_model,2025-01-15 00:15:00,weekly,diff_96,0.01809796318411827
day_ahead_price,xgb_oof_train,flat,segment_model,2025-01-15 00:15:00,weekly,hour,0.02096233144402504
day_ahead_price,xgb_oof_train,flat,segment_model,2025-01-15 00:15:00,weekly,minute,0.05816107615828514
day_ahead_price,xgb_oof_train,flat,segment_model,2025-01-15 00:15:00,weekly,dayofweek,0.005128651391714811
day_ahead_price,xgb_oof_train,flat,segment_model,2025-01-15 00:15:00,weekly,slot96,0.055640216916799545
day_ahead_price,xgb_oof_train,flat,segment_model,2025-01-15 00:15:00,weekly,sin_slot96,0.11769482493400574
day_ahead_price,xgb_oof_train,flat,segment_model,2025-01-15 00:15:00,weekly,cos_slot96,0.015133291482925415
day_ahead_price,xgb_oof_train,flat,segment_model,2025-01-15 00:15:00,weekly,is_holiday,0.0
day_ahead_price,xgb_oof_train,flat,segment_model,2025-01-15 00:15:00,weekly,is_workday,0.0
day_ahead_price,xgb_oof_train,flat,segment_model,2025-01-15 00:15:00,weekly,is_weekend,0.0
day_ahead_price,xgb_oof_train,flat,segment_model,2025-01-15 00:15:00,weekly,is_makeup_workday,0.0
day_ahead_price,xgb_oof_train,flat,segment_model,2025-01-15 00:15:00,weekly,before_holiday_1d,0.039468567818403244
day_ahead_price,xgb_oof_train,flat,segment_model,2025-01-15 00:15:00,weekly,after_holiday_1d,0.0033040568232536316
day_ahead_price,xgb_oof_train,flat,segment_model,2025-01-15 00:15:00,weekly,holiday_name_Dragon Boat Festival,0.0
day_ahead_price,xgb_oof_train,flat,segment_model,2025-01-15 00:15:00,weekly,holiday_name_Labour Day,0.0
day_ahead_price,xgb_oof_train,flat,segment_model,2025-01-15 00:15:00,weekly,holiday_name_Mid-autumn Festival,0.0
day_ahead_price,xgb_oof_train,flat,segment_model,2025-01-15 00:15:00,weekly,holiday_name_National Day,0.0
day_ahead_price,xgb_oof_train,flat,segment_model,2025-01-15 00:15:00,weekly,holiday_name_New Year's Day,0.0
day_ahead_price,xgb_oof_train,flat,segment_model,2025-01-15 00:15:00,weekly,holiday_name_None,0.0
day_ahead_price,xgb_oof_train,flat,segment_model,2025-01-15 00:15:00,weekly,holiday_name_Spring Festival,0.0
day_ahead_price,xgb_oof_train,flat,segment_model,2025-01-15 00:15:00,weekly,holiday_name_Tomb-sweeping Day,0.0
day_ahead_price,xgb_oof_train,peak,segment_model,2025-01-15 00:15:00,weekly,lag_1,0.12143435329198837
day_ahead_price,xgb_oof_train,peak,segment_model,2025-01-15 00:15:00,weekly,lag_2,0.03911611810326576
day_ahead_price,xgb_oof_train,peak,segment_model,2025-01-15 00:15:00,weekly,lag_4,0.012848559767007828
day_ahead_price,xgb_oof_train,peak,segment_model,2025-01-15 00:15:00,weekly,lag_96,0.009592953138053417
day_ahead_price,xgb_oof_train,peak,segment_model,2025-01-15 00:15:00,weekly,lag_192,0.010942786931991577
day_ahead_price,xgb_oof_train,peak,segment_model,2025-01-15 00:15:00,weekly,lag_672,0.011040542274713516
day_ahead_price,xgb_oof_train,peak,segment_model,2025-01-15 00:15:00,weekly,roll_mean_4,0.645304799079895
day_ahead_price,xgb_oof_train,peak,segment_model,2025-01-15 00:15:00,weekly,roll_mean_16,0.014038583263754845
day_ahead_price,xgb_oof_train,peak,segment_model,2025-01-15 00:15:00,weekly,roll_mean_96,0.008616709150373936
day_ahead_price,xgb_oof_train,peak,segment_model,2025-01-15 00:15:00,weekly,roll_mean_672,0.010120034217834473
day_ahead_price,xgb_oof_train,peak,segment_model,2025-01-15 00:15:00,weekly,roll_std_96,0.0063828639686107635
day_ahead_price,xgb_oof_train,peak,segment_model,2025-01-15 00:15:00,weekly,diff_1,0.01604788936674595
day_ahead_price,xgb_oof_train,peak,segment_model,2025-01-15 00:15:00,weekly,diff_96,0.007554010953754187
day_ahead_price,xgb_oof_train,peak,segment_model,2025-01-15 00:15:00,weekly,hour,0.020573116838932037
day_ahead_price,xgb_oof_train,peak,segment_model,2025-01-15 00:15:00,weekly,minute,0.01429180707782507
day_ahead_price,xgb_oof_train,peak,segment_model,2025-01-15 00:15:00,weekly,dayofweek,0.005906009115278721
day_ahead_price,xgb_oof_train,peak,segment_model,2025-01-15 00:15:00,weekly,slot96,0.016440870240330696
day_ahead_price,xgb_oof_train,peak,segment_model,2025-01-15 00:15:00,weekly,sin_slot96,0.014180622063577175
day_ahead_price,xgb_oof_train,peak,segment_model,2025-01-15 00:15:00,weekly,cos_slot96,0.014046866446733475
day_ahead_price,xgb_oof_train,peak,segment_model,2025-01-15 00:15:00,weekly,is_holiday,0.0
day_ahead_price,xgb_oof_train,peak,segment_model,2025-01-15 00:15:00,weekly,is_workday,0.0
day_ahead_price,xgb_oof_train,peak,segment_model,2025-01-15 00:15:00,weekly,is_weekend,0.0
day_ahead_price,xgb_oof_train,peak,segment_model,2025-01-15 00:15:00,weekly,is_makeup_workday,0.0
day_ahead_price,xgb_oof_train,peak,segment_model,2025-01-15 00:15:00,weekly,before_holiday_1d,0.001520527177490294
day_ahead_price,xgb_oof_train,peak,segment_model,2025-01-15 00:15:00,weekly,after_holiday_1d,0.0
day_ahead_price,xgb_oof_train,peak,segment_model,2025-01-15 00:15:00,weekly,holiday_name_Dragon Boat Festival,0.0
day_ahead_price,xgb_oof_train,peak,segment_model,2025-01-15 00:15:00,weekly,holiday_name_Labour Day,0.0
day_ahead_price,xgb_oof_train,peak,segment_model,2025-01-15 00:15:00,weekly,holiday_name_Mid-autumn Festival,0.0
day_ahead_price,xgb_oof_train,peak,segment_model,2025-01-15 00:15:00,weekly,holiday_name_National Day,0.0
day_ahead_price,xgb_oof_train,peak,segment_model,2025-01-15 00:15:00,weekly,holiday_name_New Year's Day,0.0
day_ahead_price,xgb_oof_train,peak,segment_model,2025-01-15 00:15:00,weekly,holiday_name_None,0.0
day_ahead_price,xgb_oof_train,peak,segment_model,2025-01-15 00:15:00,weekly,holiday_name_Spring Festival,0.0
day_ahead_price,xgb_oof_train,peak,segment_model,2025-01-15 00:15:00,weekly,holiday_name_Tomb-sweeping Day,0.0
day_ahead_price,xgb_oof_train,global,global_model,2025-01-22 00:15:00,weekly,lag_1,0.3739473521709442
day_ahead_price,xgb_oof_train,global,global_model,2025-01-22 00:15:00,weekly,lag_2,0.05563272908329964
day_ahead_price,xgb_oof_train,global,global_model,2025-01-22 00:15:00,weekly,lag_4,0.018608950078487396
day_ahead_price,xgb_oof_train,global,global_model,2025-01-22 00:15:00,weekly,lag_96,0.023786749690771103
day_ahead_price,xgb_oof_train,global,global_model,2025-01-22 00:15:00,weekly,lag_192,0.020894652232527733
day_ahead_price,xgb_oof_train,global,global_model,2025-01-22 00:15:00,weekly,lag_672,0.025803161785006523
day_ahead_price,xgb_oof_train,global,global_model,2025-01-22 00:15:00,weekly,roll_mean_4,0.11479302495718002
day_ahead_price,xgb_oof_train,global,global_model,2025-01-22 00:15:00,weekly,roll_mean_16,0.060905106365680695
day_ahead_price,xgb_oof_train,global,global_model,2025-01-22 00:15:00,weekly,roll_mean_96,0.018046248704195023
day_ahead_price,xgb_oof_train,global,global_model,2025-01-22 00:15:00,weekly,roll_mean_672,0.0059875971637666225
day_ahead_price,xgb_oof_train,global,global_model,2025-01-22 00:15:00,weekly,roll_std_96,0.02093810774385929
day_ahead_price,xgb_oof_train,global,global_model,2025-01-22 00:15:00,weekly,diff_1,0.02391485497355461
day_ahead_price,xgb_oof_train,global,global_model,2025-01-22 00:15:00,weekly,diff_96,0.02845819666981697
day_ahead_price,xgb_oof_train,global,global_model,2025-01-22 00:15:00,weekly,hour,0.010361400432884693
day_ahead_price,xgb_oof_train,global,global_model,2025-01-22 00:15:00,weekly,minute,0.02320927195250988
day_ahead_price,xgb_oof_train,global,global_model,2025-01-22 00:15:00,weekly,dayofweek,0.021122083067893982
day_ahead_price,xgb_oof_train,global,global_model,2025-01-22 00:15:00,weekly,slot96,0.02204935811460018
day_ahead_price,xgb_oof_train,global,global_model,2025-01-22 00:15:00,weekly,sin_slot96,0.08135738223791122
day_ahead_price,xgb_oof_train,global,global_model,2025-01-22 00:15:00,weekly,cos_slot96,0.01275824848562479
day_ahead_price,xgb_oof_train,global,global_model,2025-01-22 00:15:00,weekly,is_holiday,0.0
day_ahead_price,xgb_oof_train,global,global_model,2025-01-22 00:15:00,weekly,is_workday,0.0
day_ahead_price,xgb_oof_train,global,global_model,2025-01-22 00:15:00,weekly,is_weekend,0.003362966701388359
day_ahead_price,xgb_oof_train,global,global_model,2025-01-22 00:15:00,weekly,is_makeup_workday,0.0
day_ahead_price,xgb_oof_train,global,global_model,2025-01-22 00:15:00,weekly,before_holiday_1d,0.009480806067585945
day_ahead_price,xgb_oof_train,global,global_model,2025-01-22 00:15:00,weekly,after_holiday_1d,0.02458171173930168
day_ahead_price,xgb_oof_train,global,global_model,2025-01-22 00:15:00,weekly,holiday_name_Dragon Boat Festival,0.0
day_ahead_price,xgb_oof_train,global,global_model,2025-01-22 00:15:00,weekly,holiday_name_Labour Day,0.0
day_ahead_price,xgb_oof_train,global,global_model,2025-01-22 00:15:00,weekly,holiday_name_Mid-autumn Festival,0.0
day_ahead_price,xgb_oof_train,global,global_model,2025-01-22 00:15:00,weekly,holiday_name_National Day,0.0
day_ahead_price,xgb_oof_train,global,global_model,2025-01-22 00:15:00,weekly,holiday_name_New Year's Day,0.0
day_ahead_price,xgb_oof_train,global,global_model,2025-01-22 00:15:00,weekly,holiday_name_None,0.0
day_ahead_price,xgb_oof_train,global,global_model,2025-01-22 00:15:00,weekly,holiday_name_Spring Festival,0.0
day_ahead_price,xgb_oof_train,global,global_model,2025-01-22 00:15:00,weekly,holiday_name_Tomb-sweeping Day,0.0
day_ahead_price,xgb_oof_train,valley,segment_model,2025-01-22 00:15:00,weekly,lag_1,0.4666469097137451
day_ahead_price,xgb_oof_train,valley,segment_model,2025-01-22 00:15:00,weekly,lag_2,0.09546471387147903
day_ahead_price,xgb_oof_train,valley,segment_model,2025-01-22 00:15:00,weekly,lag_4,0.004254724830389023
day_ahead_price,xgb_oof_train,valley,segment_model,2025-01-22 00:15:00,weekly,lag_96,0.009450695477426052
day_ahead_price,xgb_oof_train,valley,segment_model,2025-01-22 00:15:00,weekly,lag_192,0.008089516311883926
day_ahead_price,xgb_oof_train,valley,segment_model,2025-01-22 00:15:00,weekly,lag_672,0.005233732517808676
day_ahead_price,xgb_oof_train,valley,segment_model,2025-01-22 00:15:00,weekly,roll_mean_4,0.29663532972335815
day_ahead_price,xgb_oof_train,valley,segment_model,2025-01-22 00:15:00,weekly,roll_mean_16,0.016711944714188576
day_ahead_price,xgb_oof_train,valley,segment_model,2025-01-22 00:15:00,weekly,roll_mean_96,0.007659607101231813
day_ahead_price,xgb_oof_train,valley,segment_model,2025-01-22 00:15:00,weekly,roll_mean_672,0.008040368556976318
day_ahead_price,xgb_oof_train,valley,segment_model,2025-01-22 00:15:00,weekly,roll_std_96,0.012195932678878307
day_ahead_price,xgb_oof_train,valley,segment_model,2025-01-22 00:15:00,weekly,diff_1,0.02024473249912262
day_ahead_price,xgb_oof_train,valley,segment_model,2025-01-22 00:15:00,weekly,diff_96,0.011403949931263924
day_ahead_price,xgb_oof_train,valley,segment_model,2025-01-22 00:15:00,weekly,hour,0.0067621441558003426
day_ahead_price,xgb_oof_train,valley,segment_model,2025-01-22 00:15:00,weekly,minute,0.005028807558119297
day_ahead_price,xgb_oof_train,valley,segment_model,2025-01-22 00:15:00,weekly,dayofweek,0.0
day_ahead_price,xgb_oof_train,valley,segment_model,2025-01-22 00:15:00,weekly,slot96,0.007581592071801424
day_ahead_price,xgb_oof_train,valley,segment_model,2025-01-22 00:15:00,weekly,sin_slot96,0.008294126018881798
day_ahead_price,xgb_oof_train,valley,segment_model,2025-01-22 00:15:00,weekly,cos_slot96,0.00744622852653265
day_ahead_price,xgb_oof_train,valley,segment_model,2025-01-22 00:15:00,weekly,is_holiday,0.001228480483405292
day_ahead_price,xgb_oof_train,valley,segment_model,2025-01-22 00:15:00,weekly,is_workday,0.0
day_ahead_price,xgb_oof_train,valley,segment_model,2025-01-22 00:15:00,weekly,is_weekend,0.0
day_ahead_price,xgb_oof_train,valley,segment_model,2025-01-22 00:15:00,weekly,is_makeup_workday,0.0
day_ahead_price,xgb_oof_train,valley,segment_model,2025-01-22 00:15:00,weekly,before_holiday_1d,0.0
day_ahead_price,xgb_oof_train,valley,segment_model,2025-01-22 00:15:00,weekly,after_holiday_1d,0.0016264142468571663
day_ahead_price,xgb_oof_train,valley,segment_model,2025-01-22 00:15:00,weekly,holiday_name_Dragon Boat Festival,0.0
day_ahead_price,xgb_oof_train,valley,segment_model,2025-01-22 00:15:00,weekly,holiday_name_Labour Day,0.0
day_ahead_price,xgb_oof_train,valley,segment_model,2025-01-22 00:15:00,weekly,holiday_name_Mid-autumn Festival,0.0
day_ahead_price,xgb_oof_train,valley,segment_model,2025-01-22 00:15:00,weekly,holiday_name_National Day,0.0
day_ahead_price,xgb_oof_train,valley,segment_model,2025-01-22 00:15:00,weekly,holiday_name_New Year's Day,0.0
day_ahead_price,xgb_oof_train,valley,segment_model,2025-01-22 00:15:00,weekly,holiday_name_None,0.0
day_ahead_price,xgb_oof_train,valley,segment_model,2025-01-22 00:15:00,weekly,holiday_name_Spring Festival,0.0
day_ahead_price,xgb_oof_train,valley,segment_model,2025-01-22 00:15:00,weekly,holiday_name_Tomb-sweeping Day,0.0
day_ahead_price,xgb_oof_train,flat,segment_model,2025-01-22 00:15:00,weekly,lag_1,0.2363351434469223
day_ahead_price,xgb_oof_train,flat,segment_model,2025-01-22 00:15:00,weekly,lag_2,0.021914513781666756
day_ahead_price,xgb_oof_train,flat,segment_model,2025-01-22 00:15:00,weekly,lag_4,0.02451428771018982
day_ahead_price,xgb_oof_train,flat,segment_model,2025-01-22 00:15:00,weekly,lag_96,0.037291862070560455
day_ahead_price,xgb_oof_train,flat,segment_model,2025-01-22 00:15:00,weekly,lag_192,0.013881259597837925
day_ahead_price,xgb_oof_train,flat,segment_model,2025-01-22 00:15:00,weekly,lag_672,0.025432894006371498
day_ahead_price,xgb_oof_train,flat,segment_model,2025-01-22 00:15:00,weekly,roll_mean_4,0.12846411764621735
day_ahead_price,xgb_oof_train,flat,segment_model,2025-01-22 00:15:00,weekly,roll_mean_16,0.044943246990442276
day_ahead_price,xgb_oof_train,flat,segment_model,2025-01-22 00:15:00,weekly,roll_mean_96,0.011094060726463795
day_ahead_price,xgb_oof_train,flat,segment_model,2025-01-22 00:15:00,weekly,roll_mean_672,0.01460877526551485
day_ahead_price,xgb_oof_train,flat,segment_model,2025-01-22 00:15:00,weekly,roll_std_96,0.015612965449690819
day_ahead_price,xgb_oof_train,flat,segment_model,2025-01-22 00:15:00,weekly,diff_1,0.01298461202532053
day_ahead_price,xgb_oof_train,flat,segment_model,2025-01-22 00:15:00,weekly,diff_96,0.0388716496527195
day_ahead_price,xgb_oof_train,flat,segment_model,2025-01-22 00:15:00,weekly,hour,0.008808099664747715
day_ahead_price,xgb_oof_train,flat,segment_model,2025-01-22 00:15:00,weekly,minute,0.02117486298084259
day_ahead_price,xgb_oof_train,flat,segment_model,2025-01-22 00:15:00,weekly,dayofweek,0.012289819307625294
day_ahead_price,xgb_oof_train,flat,segment_model,2025-01-22 00:15:00,weekly,slot96,0.0076661850325763226
day_ahead_price,xgb_oof_train,flat,segment_model,2025-01-22 00:15:00,weekly,sin_slot96,0.2588905096054077
day_ahead_price,xgb_oof_train,flat,segment_model,2025-01-22 00:15:00,weekly,cos_slot96,0.014094186946749687
day_ahead_price,xgb_oof_train,flat,segment_model,2025-01-22 00:15:00,weekly,is_holiday,0.0019411486573517323
day_ahead_price,xgb_oof_train,flat,segment_model,2025-01-22 00:15:00,weekly,is_workday,0.0
day_ahead_price,xgb_oof_train,flat,segment_model,2025-01-22 00:15:00,weekly,is_weekend,0.0
day_ahead_price,xgb_oof_train,flat,segment_model,2025-01-22 00:15:00,weekly,is_makeup_workday,0.0
day_ahead_price,xgb_oof_train,flat,segment_model,2025-01-22 00:15:00,weekly,before_holiday_1d,0.039932385087013245
day_ahead_price,xgb_oof_train,flat,segment_model,2025-01-22 00:15:00,weekly,after_holiday_1d,0.00925343856215477
day_ahead_price,xgb_oof_train,flat,segment_model,2025-01-22 00:15:00,weekly,holiday_name_Dragon Boat Festival,0.0
day_ahead_price,xgb_oof_train,flat,segment_model,2025-01-22 00:15:00,weekly,holiday_name_Labour Day,0.0
day_ahead_price,xgb_oof_train,flat,segment_model,2025-01-22 00:15:00,weekly,holiday_name_Mid-autumn Festival,0.0
day_ahead_price,xgb_oof_train,flat,segment_model,2025-01-22 00:15:00,weekly,holiday_name_National Day,0.0
day_ahead_price,xgb_oof_train,flat,segment_model,2025-01-22 00:15:00,weekly,holiday_name_New Year's Day,0.0
day_ahead_price,xgb_oof_train,flat,segment_model,2025-01-22 00:15:00,weekly,holiday_name_None,0.0
day_ahead_price,xgb_oof_train,flat,segment_model,2025-01-22 00:15:00,weekly,holiday_name_Spring Festival,0.0
day_ahead_price,xgb_oof_train,flat,segment_model,2025-01-22 00:15:00,weekly,holiday_name_Tomb-sweeping Day,0.0
day_ahead_price,xgb_oof_train,peak,segment_model,2025-01-22 00:15:00,weekly,lag_1,0.12967762351036072
day_ahead_price,xgb_oof_train,peak,segment_model,2025-01-22 00:15:00,weekly,lag_2,0.042649656534194946
day_ahead_price,xgb_oof_train,peak,segment_model,2025-01-22 00:15:00,weekly,lag_4,0.011526043526828289
day_ahead_price,xgb_oof_train,peak,segment_model,2025-01-22 00:15:00,weekly,lag_96,0.010920791886746883
day_ahead_price,xgb_oof_train,peak,segment_model,2025-01-22 00:15:00,weekly,lag_192,0.0312802791595459
day_ahead_price,xgb_oof_train,peak,segment_model,2025-01-22 00:15:00,weekly,lag_672,0.010842232964932919
day_ahead_price,xgb_oof_train,peak,segment_model,2025-01-22 00:15:00,weekly,roll_mean_4,0.6094775795936584
day_ahead_price,xgb_oof_train,peak,segment_model,2025-01-22 00:15:00,weekly,roll_mean_16,0.012477605603635311
day_ahead_price,xgb_oof_train,peak,segment_model,2025-01-22 00:15:00,weekly,roll_mean_96,0.005066991318017244
day_ahead_price,xgb_oof_train,peak,segment_model,2025-01-22 00:15:00,weekly,roll_mean_672,0.011884281411767006
day_ahead_price,xgb_oof_train,peak,segment_model,2025-01-22 00:15:00,weekly,roll_std_96,0.0035403547808527946
day_ahead_price,xgb_oof_train,peak,segment_model,2025-01-22 00:15:00,weekly,diff_1,0.013846874237060547
day_ahead_price,xgb_oof_train,peak,segment_model,2025-01-22 00:15:00,weekly,diff_96,0.020462773740291595
day_ahead_price,xgb_oof_train,peak,segment_model,2025-01-22 00:15:00,weekly,hour,0.01554043311625719
day_ahead_price,xgb_oof_train,peak,segment_model,2025-01-22 00:15:00,weekly,minute,0.00786083284765482
day_ahead_price,xgb_oof_train,peak,segment_model,2025-01-22 00:15:00,weekly,dayofweek,0.008229591883718967
day_ahead_price,xgb_oof_train,peak,segment_model,2025-01-22 00:15:00,weekly,slot96,0.023522792384028435
day_ahead_price,xgb_oof_train,peak,segment_model,2025-01-22 00:15:00,weekly,sin_slot96,0.006927185226231813
day_ahead_price,xgb_oof_train,peak,segment_model,2025-01-22 00:15:00,weekly,cos_slot96,0.023090502247214317
day_ahead_price,xgb_oof_train,peak,segment_model,2025-01-22 00:15:00,weekly,is_holiday,0.0
day_ahead_price,xgb_oof_train,peak,segment_model,2025-01-22 00:15:00,weekly,is_workday,0.0
day_ahead_price,xgb_oof_train,peak,segment_model,2025-01-22 00:15:00,weekly,is_weekend,0.0
day_ahead_price,xgb_oof_train,peak,segment_model,2025-01-22 00:15:00,weekly,is_makeup_workday,0.0
day_ahead_price,xgb_oof_train,peak,segment_model,2025-01-22 00:15:00,weekly,before_holiday_1d,0.0011755666928365827
day_ahead_price,xgb_oof_train,peak,segment_model,2025-01-22 00:15:00,weekly,after_holiday_1d,0.0
day_ahead_price,xgb_oof_train,peak,segment_model,2025-01-22 00:15:00,weekly,holiday_name_Dragon Boat Festival,0.0
day_ahead_price,xgb_oof_train,peak,segment_model,2025-01-22 00:15:00,weekly,holiday_name_Labour Day,0.0
day_ahead_price,xgb_oof_train,peak,segment_model,2025-01-22 00:15:00,weekly,holiday_name_Mid-autumn Festival,0.0
day_ahead_price,xgb_oof_train,peak,segment_model,2025-01-22 00:15:00,weekly,holiday_name_National Day,0.0
day_ahead_price,xgb_oof_train,peak,segment_model,2025-01-22 00:15:00,weekly,holiday_name_New Year's Day,0.0
day_ahead_price,xgb_oof_train,peak,segment_model,2025-01-22 00:15:00,weekly,holiday_name_None,0.0
day_ahead_price,xgb_oof_train,peak,segment_model,2025-01-22 00:15:00,weekly,holiday_name_Spring Festival,0.0
day_ahead_price,xgb_oof_train,peak,segment_model,2025-01-22 00:15:00,weekly,holiday_name_Tomb-sweeping Day,0.0
day_ahead_price,xgb_oof_train,global,global_model,2025-01-29 00:15:00,weekly,lag_1,0.4941544234752655
day_ahead_price,xgb_oof_train,global,global_model,2025-01-29 00:15:00,weekly,lag_2,0.021287409588694572
day_ahead_price,xgb_oof_train,global,global_model,2025-01-29 00:15:00,weekly,lag_4,0.017690086737275124
day_ahead_price,xgb_oof_train,global,global_model,2025-01-29 00:15:00,weekly,lag_96,0.03504367917776108
day_ahead_price,xgb_oof_train,global,global_model,2025-01-29 00:15:00,weekly,lag_192,0.026472173631191254
day_ahead_price,xgb_oof_train,global,global_model,2025-01-29 00:15:00,weekly,lag_672,0.008816891349852085
day_ahead_price,xgb_oof_train,global,global_model,2025-01-29 00:15:00,weekly,roll_mean_4,0.21985779702663422
day_ahead_price,xgb_oof_train,global,global_model,2025-01-29 00:15:00,weekly,roll_mean_16,0.013341283425688744
day_ahead_price,xgb_oof_train,global,global_model,2025-01-29 00:15:00,weekly,roll_mean_96,0.006019018590450287
day_ahead_price,xgb_oof_train,global,global_model,2025-01-29 00:15:00,weekly,roll_mean_672,0.010083424858748913
day_ahead_price,xgb_oof_train,global,global_model,2025-01-29 00:15:00,weekly,roll_std_96,0.009403222240507603
day_ahead_price,xgb_oof_train,global,global_model,2025-01-29 00:15:00,weekly,diff_1,0.011274460703134537
day_ahead_price,xgb_oof_train,global,global_model,2025-01-29 00:15:00,weekly,diff_96,0.01880650222301483
day_ahead_price,xgb_oof_train,global,global_model,2025-01-29 00:15:00,weekly,hour,0.009334461763501167
day_ahead_price,xgb_oof_train,global,global_model,2025-01-29 00:15:00,weekly,minute,0.025532793253660202
day_ahead_price,xgb_oof_train,global,global_model,2025-01-29 00:15:00,weekly,dayofweek,0.012281506322324276
day_ahead_price,xgb_oof_train,global,global_model,2025-01-29 00:15:00,weekly,slot96,0.008758504875004292
day_ahead_price,xgb_oof_train,global,global_model,2025-01-29 00:15:00,weekly,sin_slot96,0.019509002566337585
day_ahead_price,xgb_oof_train,global,global_model,2025-01-29 00:15:00,weekly,cos_slot96,0.008350837975740433
day_ahead_price,xgb_oof_train,global,global_model,2025-01-29 00:15:00,weekly,is_holiday,0.0
day_ahead_price,xgb_oof_train,global,global_model,2025-01-29 00:15:00,weekly,is_workday,0.0
day_ahead_price,xgb_oof_train,global,global_model,2025-01-29 00:15:00,weekly,is_weekend,0.0
day_ahead_price,xgb_oof_train,global,global_model,2025-01-29 00:15:00,weekly,is_makeup_workday,0.0
day_ahead_price,xgb_oof_train,global,global_model,2025-01-29 00:15:00,weekly,before_holiday_1d,0.004949340596795082
day_ahead_price,xgb_oof_train,global,global_model,2025-01-29 00:15:00,weekly,after_holiday_1d,0.019033122807741165
day_ahead_price,xgb_oof_train,global,global_model,2025-01-29 00:15:00,weekly,holiday_name_Dragon Boat Festival,0.0
day_ahead_price,xgb_oof_train,global,global_model,2025-01-29 00:15:00,weekly,holiday_name_Labour Day,0.0
day_ahead_price,xgb_oof_train,global,global_model,2025-01-29 00:15:00,weekly,holiday_name_Mid-autumn Festival,0.0
day_ahead_price,xgb_oof_train,global,global_model,2025-01-29 00:15:00,weekly,holiday_name_National Day,0.0
day_ahead_price,xgb_oof_train,global,global_model,2025-01-29 00:15:00,weekly,holiday_name_New Year's Day,0.0
day_ahead_price,xgb_oof_train,global,global_model,2025-01-29 00:15:00,weekly,holiday_name_None,0.0
day_ahead_price,xgb_oof_train,global,global_model,2025-01-29 00:15:00,weekly,holiday_name_Spring Festival,0.0
day_ahead_price,xgb_oof_train,global,global_model,2025-01-29 00:15:00,weekly,holiday_name_Tomb-sweeping Day,0.0
day_ahead_price,xgb_oof_train,valley,segment_model,2025-01-29 00:15:00,weekly,lag_1,0.45064833760261536
day_ahead_price,xgb_oof_train,valley,segment_model,2025-01-29 00:15:00,weekly,lag_2,0.07541493326425552
day_ahead_price,xgb_oof_train,valley,segment_model,2025-01-29 00:15:00,weekly,lag_4,0.008342474699020386
day_ahead_price,xgb_oof_train,valley,segment_model,2025-01-29 00:15:00,weekly,lag_96,0.010088931769132614
day_ahead_price,xgb_oof_train,valley,segment_model,2025-01-29 00:15:00,weekly,lag_192,0.02756817825138569
day_ahead_price,xgb_oof_train,valley,segment_model,2025-01-29 00:15:00,weekly,lag_672,0.0102826664224267
day_ahead_price,xgb_oof_train,valley,segment_model,2025-01-29 00:15:00,weekly,roll_mean_4,0.3271927237510681
day_ahead_price,xgb_oof_train,valley,segment_model,2025-01-29 00:15:00,weekly,roll_mean_16,0.00558856688439846
day_ahead_price,xgb_oof_train,valley,segment_model,2025-01-29 00:15:00,weekly,roll_mean_96,0.006690967828035355
day_ahead_price,xgb_oof_train,valley,segment_model,2025-01-29 00:15:00,weekly,roll_mean_672,0.006159791722893715
day_ahead_price,xgb_oof_train,valley,segment_model,2025-01-29 00:15:00,weekly,roll_std_96,0.0034297306556254625
day_ahead_price,xgb_oof_train,valley,segment_model,2025-01-29 00:15:00,weekly,diff_1,0.01365093793720007
day_ahead_price,xgb_oof_train,valley,segment_model,2025-01-29 00:15:00,weekly,diff_96,0.005640124902129173
day_ahead_price,xgb_oof_train,valley,segment_model,2025-01-29 00:15:00,weekly,hour,0.007964998483657837
day_ahead_price,xgb_oof_train,valley,segment_model,2025-01-29 00:15:00,weekly,minute,0.0026046785060316324
day_ahead_price,xgb_oof_train,valley,segment_model,2025-01-29 00:15:00,weekly,dayofweek,0.021398130804300308
day_ahead_price,xgb_oof_train,valley,segment_model,2025-01-29 00:15:00,weekly,slot96,0.0047191898338496685
day_ahead_price,xgb_oof_train,valley,segment_model,2025-01-29 00:15:00,weekly,sin_slot96,0.012514904141426086
day_ahead_price,xgb_oof_train,valley,segment_model,2025-01-29 00:15:00,weekly,cos_slot96,9.970501560019329e-05
day_ahead_price,xgb_oof_train,valley,segment_model,2025-01-29 00:15:00,weekly,is_holiday,0.0
day_ahead_price,xgb_oof_train,valley,segment_model,2025-01-29 00:15:00,weekly,is_workday,0.0
day_ahead_price,xgb_oof_train,valley,segment_model,2025-01-29 00:15:00,weekly,is_weekend,0.0
day_ahead_price,xgb_oof_train,valley,segment_model,2025-01-29 00:15:00,weekly,is_makeup_workday,0.0
day_ahead_price,xgb_oof_train,valley,segment_model,2025-01-29 00:15:00,weekly,before_holiday_1d,0.0
day_ahead_price,xgb_oof_train,valley,segment_model,2025-01-29 00:15:00,weekly,after_holiday_1d,0.0
day_ahead_price,xgb_oof_train,valley,segment_model,2025-01-29 00:15:00,weekly,holiday_name_Dragon Boat Festival,0.0
day_ahead_price,xgb_oof_train,valley,segment_model,2025-01-29 00:15:00,weekly,holiday_name_Labour Day,0.0
day_ahead_price,xgb_oof_train,valley,segment_model,2025-01-29 00:15:00,weekly,holiday_name_Mid-autumn Festival,0.0
day_ahead_price,xgb_oof_train,valley,segment_model,2025-01-29 00:15:00,weekly,holiday_name_National Day,0.0
day_ahead_price,xgb_oof_train,valley,segment_model,2025-01-29 00:15:00,weekly,holiday_name_New Year's Day,0.0
day_ahead_price,xgb_oof_train,valley,segment_model,2025-01-29 00:15:00,weekly,holiday_name_None,0.0
day_ahead_price,xgb_oof_train,valley,segment_model,2025-01-29 00:15:00,weekly,holiday_name_Spring Festival,0.0
day_ahead_price,xgb_oof_train,valley,segment_model,2025-01-29 00:15:00,weekly,holiday_name_Tomb-sweeping Day,0.0
day_ahead_price,xgb_oof_train,flat,segment_model,2025-01-29 00:15:00,weekly,lag_1,0.3190884590148926
day_ahead_price,xgb_oof_train,flat,segment_model,2025-01-29 00:15:00,weekly,lag_2,0.033795155584812164
day_ahead_price,xgb_oof_train,flat,segment_model,2025-01-29 00:15:00,weekly,lag_4,0.009331755340099335
day_ahead_price,xgb_oof_train,flat,segment_model,2025-01-29 00:15:00,weekly,lag_96,0.020032024011015892
day_ahead_price,xgb_oof_train,flat,segment_model,2025-01-29 00:15:00,weekly,lag_192,0.010676073841750622
day_ahead_price,xgb_oof_train,flat,segment_model,2025-01-29 00:15:00,weekly,lag_672,0.018302204087376595
day_ahead_price,xgb_oof_train,flat,segment_model,2025-01-29 00:15:00,weekly,roll_mean_4,0.20154215395450592
day_ahead_price,xgb_oof_train,flat,segment_model,2025-01-29 00:15:00,weekly,roll_mean_16,0.029652947559952736
day_ahead_price,xgb_oof_train,flat,segment_model,2025-01-29 00:15:00,weekly,roll_mean_96,0.0070002153515815735
day_ahead_price,xgb_oof_train,flat,segment_model,2025-01-29 00:15:00,weekly,roll_mean_672,0.007951485924422741
day_ahead_price,xgb_oof_train,flat,segment_model,2025-01-29 00:15:00,weekly,roll_std_96,0.026886221021413803
day_ahead_price,xgb_oof_train,flat,segment_model,2025-01-29 00:15:00,weekly,diff_1,0.011809311807155609
day_ahead_price,xgb_oof_train,flat,segment_model,2025-01-29 00:15:00,weekly,diff_96,0.04232870414853096
day_ahead_price,xgb_oof_train,flat,segment_model,2025-01-29 00:15:00,weekly,hour,0.008136747404932976
day_ahead_price,xgb_oof_train,flat,segment_model,2025-01-29 00:15:00,weekly,minute,0.006077707279473543
day_ahead_price,xgb_oof_train,flat,segment_model,2025-01-29 00:15:00,weekly,dayofweek,0.00759276794269681
day_ahead_price,xgb_oof_train,flat,segment_model,2025-01-29 00:15:00,weekly,slot96,0.10615179687738419
day_ahead_price,xgb_oof_train,flat,segment_model,2025-01-29 00:15:00,weekly,sin_slot96,0.09537430107593536
day_ahead_price,xgb_oof_train,flat,segment_model,2025-01-29 00:15:00,weekly,cos_slot96,0.005686023738235235
day_ahead_price,xgb_oof_train,flat,segment_model,2025-01-29 00:15:00,weekly,is_holiday,0.0
day_ahead_price,xgb_oof_train,flat,segment_model,2025-01-29 00:15:00,weekly,is_workday,0.0
day_ahead_price,xgb_oof_train,flat,segment_model,2025-01-29 00:15:00,weekly,is_weekend,0.0
day_ahead_price,xgb_oof_train,flat,segment_model,2025-01-29 00:15:00,weekly,is_makeup_workday,0.0006197994225658476
day_ahead_price,xgb_oof_train,flat,segment_model,2025-01-29 00:15:00,weekly,before_holiday_1d,0.02147749438881874
day_ahead_price,xgb_oof_train,flat,segment_model,2025-01-29 00:15:00,weekly,after_holiday_1d,0.010486628860235214
day_ahead_price,xgb_oof_train,flat,segment_model,2025-01-29 00:15:00,weekly,holiday_name_Dragon Boat Festival,0.0
day_ahead_price,xgb_oof_train,flat,segment_model,2025-01-29 00:15:00,weekly,holiday_name_Labour Day,0.0
day_ahead_price,xgb_oof_train,flat,segment_model,2025-01-29 00:15:00,weekly,holiday_name_Mid-autumn Festival,0.0
day_ahead_price,xgb_oof_train,flat,segment_model,2025-01-29 00:15:00,weekly,holiday_name_National Day,0.0
day_ahead_price,xgb_oof_train,flat,segment_model,2025-01-29 00:15:00,weekly,holiday_name_New Year's Day,0.0
day_ahead_price,xgb_oof_train,flat,segment_model,2025-01-29 00:15:00,weekly,holiday_name_None,0.0
day_ahead_price,xgb_oof_train,flat,segment_model,2025-01-29 00:15:00,weekly,holiday_name_Spring Festival,0.0
day_ahead_price,xgb_oof_train,flat,segment_model,2025-01-29 00:15:00,weekly,holiday_name_Tomb-sweeping Day,0.0
day_ahead_price,xgb_oof_train,peak,segment_model,2025-01-29 00:15:00,weekly,lag_1,0.19121967256069183
day_ahead_price,xgb_oof_train,peak,segment_model,2025-01-29 00:15:00,weekly,lag_2,0.029041236266493797
day_ahead_price,xgb_oof_train,peak,segment_model,2025-01-29 00:15:00,weekly,lag_4,0.006999969482421875
day_ahead_price,xgb_oof_train,peak,segment_model,2025-01-29 00:15:00,weekly,lag_96,0.011327208019793034
day_ahead_price,xgb_oof_train,peak,segment_model,2025-01-29 00:15:00,weekly,lag_192,0.005006158258765936
day_ahead_price,xgb_oof_train,peak,segment_model,2025-01-29 00:15:00,weekly,lag_672,0.004794004373252392
day_ahead_price,xgb_oof_train,peak,segment_model,2025-01-29 00:15:00,weekly,roll_mean_4,0.6289345026016235
day_ahead_price,xgb_oof_train,peak,segment_model,2025-01-29 00:15:00,weekly,roll_mean_16,0.005010765977203846
day_ahead_price,xgb_oof_train,peak,segment_model,2025-01-29 00:15:00,weekly,roll_mean_96,0.0023788155522197485
day_ahead_price,xgb_oof_train,peak,segment_model,2025-01-29 00:15:00,weekly,roll_mean_672,0.005710904952138662
day_ahead_price,xgb_oof_train,peak,segment_model,2025-01-29 00:15:00,weekly,roll_std_96,0.004101262427866459
day_ahead_price,xgb_oof_train,peak,segment_model,2025-01-29 00:15:00,weekly,diff_1,0.009967481717467308
day_ahead_price,xgb_oof_train,peak,segment_model,2025-01-29 00:15:00,weekly,diff_96,0.008851680904626846
day_ahead_price,xgb_oof_train,peak,segment_model,2025-01-29 00:15:00,weekly,hour,0.007292257621884346
day_ahead_price,xgb_oof_train,peak,segment_model,2025-01-29 00:15:00,weekly,minute,0.0028087401296943426
day_ahead_price,xgb_oof_train,peak,segment_model,2025-01-29 00:15:00,weekly,dayofweek,0.007093693595379591
day_ahead_price,xgb_oof_train,peak,segment_model,2025-01-29 00:15:00,weekly,slot96,0.014247773215174675
day_ahead_price,xgb_oof_train,peak,segment_model,2025-01-29 00:15:00,weekly,sin_slot96,0.005238590762019157
day_ahead_price,xgb_oof_train,peak,segment_model,2025-01-29 00:15:00,weekly,cos_slot96,0.009921640157699585
day_ahead_price,xgb_oof_train,peak,segment_model,2025-01-29 00:15:00,weekly,is_holiday,0.0
day_ahead_price,xgb_oof_train,peak,segment_model,2025-01-29 00:15:00,weekly,is_workday,0.0
day_ahead_price,xgb_oof_train,peak,segment_model,2025-01-29 00:15:00,weekly,is_weekend,0.005759597290307283
day_ahead_price,xgb_oof_train,peak,segment_model,2025-01-29 00:15:00,weekly,is_makeup_workday,0.020155513659119606
day_ahead_price,xgb_oof_train,peak,segment_model,2025-01-29 00:15:00,weekly,before_holiday_1d,0.0
day_ahead_price,xgb_oof_train,peak,segment_model,2025-01-29 00:15:00,weekly,after_holiday_1d,0.00641984399408102
day_ahead_price,xgb_oof_train,peak,segment_model,2025-01-29 00:15:00,weekly,holiday_name_Dragon Boat Festival,0.0
day_ahead_price,xgb_oof_train,peak,segment_model,2025-01-29 00:15:00,weekly,holiday_name_Labour Day,0.0
day_ahead_price,xgb_oof_train,peak,segment_model,2025-01-29 00:15:00,weekly,holiday_name_Mid-autumn Festival,0.0
day_ahead_price,xgb_oof_train,peak,segment_model,2025-01-29 00:15:00,weekly,holiday_name_National Day,0.0
day_ahead_price,xgb_oof_train,peak,segment_model,2025-01-29 00:15:00,weekly,holiday_name_New Year's Day,0.0
day_ahead_price,xgb_oof_train,peak,segment_model,2025-01-29 00:15:00,weekly,holiday_name_None,0.0
day_ahead_price,xgb_oof_train,peak,segment_model,2025-01-29 00:15:00,weekly,holiday_name_Spring Festival,0.007718593347817659
day_ahead_price,xgb_oof_train,peak,segment_model,2025-01-29 00:15:00,weekly,holiday_name_Tomb-sweeping Day,0.0
day_ahead_price,xgb_oof_train,global,global_model,2025-02-05 00:15:00,weekly,lag_1,0.5087884664535522
day_ahead_price,xgb_oof_train,global,global_model,2025-02-05 00:15:00,weekly,lag_2,0.022614849731326103
day_ahead_price,xgb_oof_train,global,global_model,2025-02-05 00:15:00,weekly,lag_4,0.01215561106801033
day_ahead_price,xgb_oof_train,global,global_model,2025-02-05 00:15:00,weekly,lag_96,0.03243984282016754
day_ahead_price,xgb_oof_train,global,global_model,2025-02-05 00:15:00,weekly,lag_192,0.011001835577189922
day_ahead_price,xgb_oof_train,global,global_model,2025-02-05 00:15:00,weekly,lag_672,0.009443373419344425
day_ahead_price,xgb_oof_train,global,global_model,2025-02-05 00:15:00,weekly,roll_mean_4,0.22938565909862518
day_ahead_price,xgb_oof_train,global,global_model,2025-02-05 00:15:00,weekly,roll_mean_16,0.013178855180740356
day_ahead_price,xgb_oof_train,global,global_model,2025-02-05 00:15:00,weekly,roll_mean_96,0.00532106077298522
day_ahead_price,xgb_oof_train,global,global_model,2025-02-05 00:15:00,weekly,roll_mean_672,0.006011457182466984
day_ahead_price,xgb_oof_train,global,global_model,2025-02-05 00:15:00,weekly,roll_std_96,0.010293928906321526
day_ahead_price,xgb_oof_train,global,global_model,2025-02-05 00:15:00,weekly,diff_1,0.011572115123271942
day_ahead_price,xgb_oof_train,global,global_model,2025-02-05 00:15:00,weekly,diff_96,0.02013324573636055
day_ahead_price,xgb_oof_train,global,global_model,2025-02-05 00:15:00,weekly,hour,0.007999666035175323
day_ahead_price,xgb_oof_train,global,global_model,2025-02-05 00:15:00,weekly,minute,0.02025248482823372
day_ahead_price,xgb_oof_train,global,global_model,2025-02-05 00:15:00,weekly,dayofweek,0.0077168624848127365
day_ahead_price,xgb_oof_train,global,global_model,2025-02-05 00:15:00,weekly,slot96,0.006780553609132767
day_ahead_price,xgb_oof_train,global,global_model,2025-02-05 00:15:00,weekly,sin_slot96,0.017620379105210304
day_ahead_price,xgb_oof_train,global,global_model,2025-02-05 00:15:00,weekly,cos_slot96,0.004732926841825247
day_ahead_price,xgb_oof_train,global,global_model,2025-02-05 00:15:00,weekly,is_holiday,0.0
day_ahead_price,xgb_oof_train,global,global_model,2025-02-05 00:15:00,weekly,is_workday,0.0
day_ahead_price,xgb_oof_train,global,global_model,2025-02-05 00:15:00,weekly,is_weekend,0.004316845443099737
day_ahead_price,xgb_oof_train,global,global_model,2025-02-05 00:15:00,weekly,is_makeup_workday,0.0
day_ahead_price,xgb_oof_train,global,global_model,2025-02-05 00:15:00,weekly,before_holiday_1d,0.03823995217680931
day_ahead_price,xgb_oof_train,global,global_model,2025-02-05 00:15:00,weekly,after_holiday_1d,0.0
day_ahead_price,xgb_oof_train,global,global_model,2025-02-05 00:15:00,weekly,holiday_name_Dragon Boat Festival,0.0
day_ahead_price,xgb_oof_train,global,global_model,2025-02-05 00:15:00,weekly,holiday_name_Labour Day,0.0
day_ahead_price,xgb_oof_train,global,global_model,2025-02-05 00:15:00,weekly,holiday_name_Mid-autumn Festival,0.0
day_ahead_price,xgb_oof_train,global,global_model,2025-02-05 00:15:00,weekly,holiday_name_National Day,0.0
day_ahead_price,xgb_oof_train,global,global_model,2025-02-05 00:15:00,weekly,holiday_name_New Year's Day,0.0
day_ahead_price,xgb_oof_train,global,global_model,2025-02-05 00:15:00,weekly,holiday_name_None,0.0
day_ahead_price,xgb_oof_train,global,global_model,2025-02-05 00:15:00,weekly,holiday_name_Spring Festival,0.0
day_ahead_price,xgb_oof_train,global,global_model,2025-02-05 00:15:00,weekly,holiday_name_Tomb-sweeping Day,0.0
day_ahead_price,xgb_oof_train,valley,segment_model,2025-02-05 00:15:00,weekly,lag_1,0.482474684715271
day_ahead_price,xgb_oof_train,valley,segment_model,2025-02-05 00:15:00,weekly,lag_2,0.008278803899884224
day_ahead_price,xgb_oof_train,valley,segment_model,2025-02-05 00:15:00,weekly,lag_4,0.004903778899461031
day_ahead_price,xgb_oof_train,valley,segment_model,2025-02-05 00:15:00,weekly,lag_96,0.009402047842741013
day_ahead_price,xgb_oof_train,valley,segment_model,2025-02-05 00:15:00,weekly,lag_192,0.004758057650178671
day_ahead_price,xgb_oof_train,valley,segment_model,2025-02-05 00:15:00,weekly,lag_672,0.006325000897049904
day_ahead_price,xgb_oof_train,valley,segment_model,2025-02-05 00:15:00,weekly,roll_mean_4,0.3545170724391937
day_ahead_price,xgb_oof_train,valley,segment_model,2025-02-05 00:15:00,weekly,roll_mean_16,0.007161263842135668
day_ahead_price,xgb_oof_train,valley,segment_model,2025-02-05 00:15:00,weekly,roll_mean_96,0.003473514225333929
day_ahead_price,xgb_oof_train,valley,segment_model,2025-02-05 00:15:00,weekly,roll_mean_672,0.00392265385016799
day_ahead_price,xgb_oof_train,valley,segment_model,2025-02-05 00:15:00,weekly,roll_std_96,0.0044058533385396
day_ahead_price,xgb_oof_train,valley,segment_model,2025-02-05 00:15:00,weekly,diff_1,0.011674385517835617
day_ahead_price,xgb_oof_train,valley,segment_model,2025-02-05 00:15:00,weekly,diff_96,0.005954323336482048
day_ahead_price,xgb_oof_train,valley,segment_model,2025-02-05 00:15:00,weekly,hour,0.012784752994775772
day_ahead_price,xgb_oof_train,valley,segment_model,2025-02-05 00:15:00,weekly,minute,0.007571094669401646
day_ahead_price,xgb_oof_train,valley,segment_model,2025-02-05 00:15:00,weekly,dayofweek,0.003646259196102619
day_ahead_price,xgb_oof_train,valley,segment_model,2025-02-05 00:15:00,weekly,slot96,0.005692917387932539
day_ahead_price,xgb_oof_train,valley,segment_model,2025-02-05 00:15:00,weekly,sin_slot96,0.004854222759604454
day_ahead_price,xgb_oof_train,valley,segment_model,2025-02-05 00:15:00,weekly,cos_slot96,0.013676606118679047
day_ahead_price,xgb_oof_train,valley,segment_model,2025-02-05 00:15:00,weekly,is_holiday,0.007157977670431137
day_ahead_price,xgb_oof_train,valley,segment_model,2025-02-05 00:15:00,weekly,is_workday,0.017885440960526466
day_ahead_price,xgb_oof_train,valley,segment_model,2025-02-05 00:15:00,weekly,is_weekend,0.0
day_ahead_price,xgb_oof_train,valley,segment_model,2025-02-05 00:15:00,weekly,is_makeup_workday,0.0
day_ahead_price,xgb_oof_train,valley,segment_model,2025-02-05 00:15:00,weekly,before_holiday_1d,0.005287925712764263
day_ahead_price,xgb_oof_train,valley,segment_model,2025-02-05 00:15:00,weekly,after_holiday_1d,0.01419132575392723
day_ahead_price,xgb_oof_train,valley,segment_model,2025-02-05 00:15:00,weekly,holiday_name_Dragon Boat Festival,0.0
day_ahead_price,xgb_oof_train,valley,segment_model,2025-02-05 00:15:00,weekly,holiday_name_Labour Day,0.0
day_ahead_price,xgb_oof_train,valley,segment_model,2025-02-05 00:15:00,weekly,holiday_name_Mid-autumn Festival,0.0
day_ahead_price,xgb_oof_train,valley,segment_model,2025-02-05 00:15:00,weekly,holiday_name_National Day,0.0
day_ahead_price,xgb_oof_train,valley,segment_model,2025-02-05 00:15:00,weekly,holiday_name_New Year's Day,0.0
day_ahead_price,xgb_oof_train,valley,segment_model,2025-02-05 00:15:00,weekly,holiday_name_None,0.0
day_ahead_price,xgb_oof_train,valley,segment_model,2025-02-05 00:15:00,weekly,holiday_name_Spring Festival,0.0
day_ahead_price,xgb_oof_train,valley,segment_model,2025-02-05 00:15:00,weekly,holiday_name_Tomb-sweeping Day,0.0
day_ahead_price,xgb_oof_train,flat,segment_model,2025-02-05 00:15:00,weekly,lag_1,0.3397652804851532
day_ahead_price,xgb_oof_train,flat,segment_model,2025-02-05 00:15:00,weekly,lag_2,0.04233825206756592
day_ahead_price,xgb_oof_train,flat,segment_model,2025-02-05 00:15:00,weekly,lag_4,0.009228629991412163
day_ahead_price,xgb_oof_train,flat,segment_model,2025-02-05 00:15:00,weekly,lag_96,0.017190231010317802
day_ahead_price,xgb_oof_train,flat,segment_model,2025-02-05 00:15:00,weekly,lag_192,0.010330370627343655
day_ahead_price,xgb_oof_train,flat,segment_model,2025-02-05 00:15:00,weekly,lag_672,0.01801232248544693
day_ahead_price,xgb_oof_train,flat,segment_model,2025-02-05 00:15:00,weekly,roll_mean_4,0.202509805560112
day_ahead_price,xgb_oof_train,flat,segment_model,2025-02-05 00:15:00,weekly,roll_mean_16,0.013040118850767612
day_ahead_price,xgb_oof_train,flat,segment_model,2025-02-05 00:15:00,weekly,roll_mean_96,0.0037223307881504297
day_ahead_price,xgb_oof_train,flat,segment_model,2025-02-05 00:15:00,weekly,roll_mean_672,0.007086826488375664
day_ahead_price,xgb_oof_train,flat,segment_model,2025-02-05 00:15:00,weekly,roll_std_96,0.009279687888920307
day_ahead_price,xgb_oof_train,flat,segment_model,2025-02-05 00:15:00,weekly,diff_1,0.009899728000164032
day_ahead_price,xgb_oof_train,flat,segment_model,2025-02-05 00:15:00,weekly,diff_96,0.027771856635808945
day_ahead_price,xgb_oof_train,flat,segment_model,2025-02-05 00:15:00,weekly,hour,0.008430056273937225
day_ahead_price,xgb_oof_train,flat,segment_model,2025-02-05 00:15:00,weekly,minute,0.02021150290966034
day_ahead_price,xgb_oof_train,flat,segment_model,2025-02-05 00:15:00,weekly,dayofweek,0.001970703946426511
day_ahead_price,xgb_oof_train,flat,segment_model,2025-02-05 00:15:00,weekly,slot96,0.06246176362037659
day_ahead_price,xgb_oof_train,flat,segment_model,2025-02-05 00:15:00,weekly,sin_slot96,0.1404552012681961
day_ahead_price,xgb_oof_train,flat,segment_model,2025-02-05 00:15:00,weekly,cos_slot96,0.00573990773409605
day_ahead_price,xgb_oof_train,flat,segment_model,2025-02-05 00:15:00,weekly,is_holiday,0.0
day_ahead_price,xgb_oof_train,flat,segment_model,2025-02-05 00:15:00,weekly,is_workday,0.0
day_ahead_price,xgb_oof_train,flat,segment_model,2025-02-05 00:15:00,weekly,is_weekend,0.0
day_ahead_price,xgb_oof_train,flat,segment_model,2025-02-05 00:15:00,weekly,is_makeup_workday,0.0014438764192163944
day_ahead_price,xgb_oof_train,flat,segment_model,2025-02-05 00:15:00,weekly,before_holiday_1d,0.012503579258918762
day_ahead_price,xgb_oof_train,flat,segment_model,2025-02-05 00:15:00,weekly,after_holiday_1d,0.03660798817873001
day_ahead_price,xgb_oof_train,flat,segment_model,2025-02-05 00:15:00,weekly,holiday_name_Dragon Boat Festival,0.0
day_ahead_price,xgb_oof_train,flat,segment_model,2025-02-05 00:15:00,weekly,holiday_name_Labour Day,0.0
day_ahead_price,xgb_oof_train,flat,segment_model,2025-02-05 00:15:00,weekly,holiday_name_Mid-autumn Festival,0.0
day_ahead_price,xgb_oof_train,flat,segment_model,2025-02-05 00:15:00,weekly,holiday_name_National Day,0.0
day_ahead_price,xgb_oof_train,flat,segment_model,2025-02-05 00:15:00,weekly,holiday_name_New Year's Day,0.0
day_ahead_price,xgb_oof_train,flat,segment_model,2025-02-05 00:15:00,weekly,holiday_name_None,0.0
day_ahead_price,xgb_oof_train,flat,segment_model,2025-02-05 00:15:00,weekly,holiday_name_Spring Festival,0.0
day_ahead_price,xgb_oof_train,flat,segment_model,2025-02-05 00:15:00,weekly,holiday_name_Tomb-sweeping Day,0.0
day_ahead_price,xgb_oof_train,peak,segment_model,2025-02-05 00:15:00,weekly,lag_1,0.40607666969299316
day_ahead_price,xgb_oof_train,peak,segment_model,2025-02-05 00:15:00,weekly,lag_2,0.012569224461913109
day_ahead_price,xgb_oof_train,peak,segment_model,2025-02-05 00:15:00,weekly,lag_4,0.006772809196263552
day_ahead_price,xgb_oof_train,peak,segment_model,2025-02-05 00:15:00,weekly,lag_96,0.017697757109999657
day_ahead_price,xgb_oof_train,peak,segment_model,2025-02-05 00:15:00,weekly,lag_192,0.005244541447609663
day_ahead_price,xgb_oof_train,peak,segment_model,2025-02-05 00:15:00,weekly,lag_672,0.004717118106782436
day_ahead_price,xgb_oof_train,peak,segment_model,2025-02-05 00:15:00,weekly,roll_mean_4,0.42689016461372375
day_ahead_price,xgb_oof_train,peak,segment_model,2025-02-05 00:15:00,weekly,roll_mean_16,0.00711747445166111
day_ahead_price,xgb_oof_train,peak,segment_model,2025-02-05 00:15:00,weekly,roll_mean_96,0.004247474484145641
day_ahead_price,xgb_oof_train,peak,segment_model,2025-02-05 00:15:00,weekly,roll_mean_672,0.007743782363831997
day_ahead_price,xgb_oof_train,peak,segment_model,2025-02-05 00:15:00,weekly,roll_std_96,0.007838997058570385
day_ahead_price,xgb_oof_train,peak,segment_model,2025-02-05 00:15:00,weekly,diff_1,0.012357900850474834
day_ahead_price,xgb_oof_train,peak,segment_model,2025-02-05 00:15:00,weekly,diff_96,0.009056310169398785
day_ahead_price,xgb_oof_train,peak,segment_model,2025-02-05 00:15:00,weekly,hour,0.0052281394600868225
day_ahead_price,xgb_oof_train,peak,segment_model,2025-02-05 00:15:00,weekly,minute,0.006901691667735577
day_ahead_price,xgb_oof_train,peak,segment_model,2025-02-05 00:15:00,weekly,dayofweek,0.009773876518011093
day_ahead_price,xgb_oof_train,peak,segment_model,2025-02-05 00:15:00,weekly,slot96,0.011692510917782784
day_ahead_price,xgb_oof_train,peak,segment_model,2025-02-05 00:15:00,weekly,sin_slot96,0.006517009809613228
day_ahead_price,xgb_oof_train,peak,segment_model,2025-02-05 00:15:00,weekly,cos_slot96,0.006981361657381058
day_ahead_price,xgb_oof_train,peak,segment_model,2025-02-05 00:15:00,weekly,is_holiday,0.005843418184667826
day_ahead_price,xgb_oof_train,peak,segment_model,2025-02-05 00:15:00,weekly,is_workday,0.0
day_ahead_price,xgb_oof_train,peak,segment_model,2025-02-05 00:15:00,weekly,is_weekend,0.0
day_ahead_price,xgb_oof_train,peak,segment_model,2025-02-05 00:15:00,weekly,is_makeup_workday,0.0
day_ahead_price,xgb_oof_train,peak,segment_model,2025-02-05 00:15:00,weekly,before_holiday_1d,0.005518182646483183
day_ahead_price,xgb_oof_train,peak,segment_model,2025-02-05 00:15:00,weekly,after_holiday_1d,0.0069342018105089664
day_ahead_price,xgb_oof_train,peak,segment_model,2025-02-05 00:15:00,weekly,holiday_name_Dragon Boat Festival,0.0
day_ahead_price,xgb_oof_train,peak,segment_model,2025-02-05 00:15:00,weekly,holiday_name_Labour Day,0.0
day_ahead_price,xgb_oof_train,peak,segment_model,2025-02-05 00:15:00,weekly,holiday_name_Mid-autumn Festival,0.0
day_ahead_price,xgb_oof_train,peak,segment_model,2025-02-05 00:15:00,weekly,holiday_name_National Day,0.0
day_ahead_price,xgb_oof_train,peak,segment_model,2025-02-05 00:15:00,weekly,holiday_name_New Year's Day,0.0
day_ahead_price,xgb_oof_train,peak,segment_model,2025-02-05 00:15:00,weekly,holiday_name_None,0.0
day_ahead_price,xgb_oof_train,peak,segment_model,2025-02-05 00:15:00,weekly,holiday_name_Spring Festival,0.006279375404119492
day_ahead_price,xgb_oof_train,peak,segment_model,2025-02-05 00:15:00,weekly,holiday_name_Tomb-sweeping Day,0.0
day_ahead_price,xgb_oof_train,global,global_model,2025-02-12 00:15:00,weekly,lag_1,0.47803863883018494
day_ahead_price,xgb_oof_train,global,global_model,2025-02-12 00:15:00,weekly,lag_2,0.02892269566655159
day_ahead_price,xgb_oof_train,global,global_model,2025-02-12 00:15:00,weekly,lag_4,0.008650206960737705
day_ahead_price,xgb_oof_train,global,global_model,2025-02-12 00:15:00,weekly,lag_96,0.024219470098614693
day_ahead_price,xgb_oof_train,global,global_model,2025-02-12 00:15:00,weekly,lag_192,0.0052144709043204784
day_ahead_price,xgb_oof_train,global,global_model,2025-02-12 00:15:00,weekly,lag_672,0.017493506893515587
day_ahead_price,xgb_oof_train,global,global_model,2025-02-12 00:15:00,weekly,roll_mean_4,0.2733481526374817
day_ahead_price,xgb_oof_train,global,global_model,2025-02-12 00:15:00,weekly,roll_mean_16,0.015144365839660168
day_ahead_price,xgb_oof_train,global,global_model,2025-02-12 00:15:00,weekly,roll_mean_96,0.003182971617206931
day_ahead_price,xgb_oof_train,global,global_model,2025-02-12 00:15:00,weekly,roll_mean_672,0.0020341109484434128
day_ahead_price,xgb_oof_train,global,global_model,2025-02-12 00:15:00,weekly,roll_std_96,0.01883837766945362
day_ahead_price,xgb_oof_train,global,global_model,2025-02-12 00:15:00,weekly,diff_1,0.010923226363956928
day_ahead_price,xgb_oof_train,global,global_model,2025-02-12 00:15:00,weekly,diff_96,0.014922100119292736
day_ahead_price,xgb_oof_train,global,global_model,2025-02-12 00:15:00,weekly,hour,0.00722495187073946
day_ahead_price,xgb_oof_train,global,global_model,2025-02-12 00:15:00,weekly,minute,0.019341636449098587
day_ahead_price,xgb_oof_train,global,global_model,2025-02-12 00:15:00,weekly,dayofweek,0.006330989301204681
day_ahead_price,xgb_oof_train,global,global_model,2025-02-12 00:15:00,weekly,slot96,0.00911505613476038
day_ahead_price,xgb_oof_train,global,global_model,2025-02-12 00:15:00,weekly,sin_slot96,0.024011628702282906
day_ahead_price,xgb_oof_train,global,global_model,2025-02-12 00:15:00,weekly,cos_slot96,0.004443567246198654
day_ahead_price,xgb_oof_train,global,global_model,2025-02-12 00:15:00,weekly,is_holiday,0.0
day_ahead_price,xgb_oof_train,global,global_model,2025-02-12 00:15:00,weekly,is_workday,0.0
day_ahead_price,xgb_oof_train,global,global_model,2025-02-12 00:15:00,weekly,is_weekend,0.0
day_ahead_price,xgb_oof_train,global,global_model,2025-02-12 00:15:00,weekly,is_makeup_workday,0.0
day_ahead_price,xgb_oof_train,global,global_model,2025-02-12 00:15:00,weekly,before_holiday_1d,0.02786504663527012
day_ahead_price,xgb_oof_train,global,global_model,2025-02-12 00:15:00,weekly,after_holiday_1d,0.000734846864361316
day_ahead_price,xgb_oof_train,global,global_model,2025-02-12 00:15:00,weekly,holiday_name_Dragon Boat Festival,0.0
day_ahead_price,xgb_oof_train,global,global_model,2025-02-12 00:15:00,weekly,holiday_name_Labour Day,0.0
day_ahead_price,xgb_oof_train,global,global_model,2025-02-12 00:15:00,weekly,holiday_name_Mid-autumn Festival,0.0
day_ahead_price,xgb_oof_train,global,global_model,2025-02-12 00:15:00,weekly,holiday_name_National Day,0.0
day_ahead_price,xgb_oof_train,global,global_model,2025-02-12 00:15:00,weekly,holiday_name_New Year's Day,0.0
day_ahead_price,xgb_oof_train,global,global_model,2025-02-12 00:15:00,weekly,holiday_name_None,0.0
day_ahead_price,xgb_oof_train,global,global_model,2025-02-12 00:15:00,weekly,holiday_name_Spring Festival,0.0
day_ahead_price,xgb_oof_train,global,global_model,2025-02-12 00:15:00,weekly,holiday_name_Tomb-sweeping Day,0.0
day_ahead_price,xgb_oof_train,valley,segment_model,2025-02-12 00:15:00,weekly,lag_1,0.5446582436561584
day_ahead_price,xgb_oof_train,valley,segment_model,2025-02-12 00:15:00,weekly,lag_2,0.06197081133723259
day_ahead_price,xgb_oof_train,valley,segment_model,2025-02-12 00:15:00,weekly,lag_4,0.005452705547213554
day_ahead_price,xgb_oof_train,valley,segment_model,2025-02-12 00:15:00,weekly,lag_96,0.007459494285285473
day_ahead_price,xgb_oof_train,valley,segment_model,2025-02-12 00:15:00,weekly,lag_192,0.005056456662714481
day_ahead_price,xgb_oof_train,valley,segment_model,2025-02-12 00:15:00,weekly,lag_672,0.009100472554564476
day_ahead_price,xgb_oof_train,valley,segment_model,2025-02-12 00:15:00,weekly,roll_mean_4,0.28381702303886414
day_ahead_price,xgb_oof_train,valley,segment_model,2025-02-12 00:15:00,weekly,roll_mean_16,0.009657026268541813
day_ahead_price,xgb_oof_train,valley,segment_model,2025-02-12 00:15:00,weekly,roll_mean_96,0.004501868970692158
day_ahead_price,xgb_oof_train,valley,segment_model,2025-02-12 00:15:00,weekly,roll_mean_672,0.005628560204058886
day_ahead_price,xgb_oof_train,valley,segment_model,2025-02-12 00:15:00,weekly,roll_std_96,0.0015899797435849905
day_ahead_price,xgb_oof_train,valley,segment_model,2025-02-12 00:15:00,weekly,diff_1,0.012763580307364464
day_ahead_price,xgb_oof_train,valley,segment_model,2025-02-12 00:15:00,weekly,diff_96,0.004737094510346651
day_ahead_price,xgb_oof_train,valley,segment_model,2025-02-12 00:15:00,weekly,hour,0.014023251831531525
day_ahead_price,xgb_oof_train,valley,segment_model,2025-02-12 00:15:00,weekly,minute,0.006511006969958544
day_ahead_price,xgb_oof_train,valley,segment_model,2025-02-12 00:15:00,weekly,dayofweek,0.0035370553378015757
day_ahead_price,xgb_oof_train,valley,segment_model,2025-02-12 00:15:00,weekly,slot96,0.006830329075455666
day_ahead_price,xgb_oof_train,valley,segment_model,2025-02-12 00:15:00,weekly,sin_slot96,0.0031783641315996647
day_ahead_price,xgb_oof_train,valley,segment_model,2025-02-12 00:15:00,weekly,cos_slot96,0.004437233787029982
day_ahead_price,xgb_oof_train,valley,segment_model,2025-02-12 00:15:00,weekly,is_holiday,0.0
day_ahead_price,xgb_oof_train,valley,segment_model,2025-02-12 00:15:00,weekly,is_workday,0.0
day_ahead_price,xgb_oof_train,valley,segment_model,2025-02-12 00:15:00,weekly,is_weekend,0.0
day_ahead_price,xgb_oof_train,valley,segment_model,2025-02-12 00:15:00,weekly,is_makeup_workday,0.0
day_ahead_price,xgb_oof_train,valley,segment_model,2025-02-12 00:15:00,weekly,before_holiday_1d,0.003531114663928747
day_ahead_price,xgb_oof_train,valley,segment_model,2025-02-12 00:15:00,weekly,after_holiday_1d,0.0
day_ahead_price,xgb_oof_train,valley,segment_model,2025-02-12 00:15:00,weekly,holiday_name_Dragon Boat Festival,0.0
day_ahead_price,xgb_oof_train,valley,segment_model,2025-02-12 00:15:00,weekly,holiday_name_Labour Day,0.0
day_ahead_price,xgb_oof_train,valley,segment_model,2025-02-12 00:15:00,weekly,holiday_name_Mid-autumn Festival,0.0
day_ahead_price,xgb_oof_train,valley,segment_model,2025-02-12 00:15:00,weekly,holiday_name_National Day,0.0
day_ahead_price,xgb_oof_train,valley,segment_model,2025-02-12 00:15:00,weekly,holiday_name_New Year's Day,0.0
day_ahead_price,xgb_oof_train,valley,segment_model,2025-02-12 00:15:00,weekly,holiday_name_None,0.0015583167551085353
day_ahead_price,xgb_oof_train,valley,segment_model,2025-02-12 00:15:00,weekly,holiday_name_Spring Festival,0.0
day_ahead_price,xgb_oof_train,valley,segment_model,2025-02-12 00:15:00,weekly,holiday_name_Tomb-sweeping Day,0.0
day_ahead_price,xgb_oof_train,flat,segment_model,2025-02-12 00:15:00,weekly,lag_1,0.38323909044265747
day_ahead_price,xgb_oof_train,flat,segment_model,2025-02-12 00:15:00,weekly,lag_2,0.04759509116411209
day_ahead_price,xgb_oof_train,flat,segment_model,2025-02-12 00:15:00,weekly,lag_4,0.018704930320382118
day_ahead_price,xgb_oof_train,flat,segment_model,2025-02-12 00:15:00,weekly,lag_96,0.026690073311328888
day_ahead_price,xgb_oof_train,flat,segment_model,2025-02-12 00:15:00,weekly,lag_192,0.013042761944234371
day_ahead_price,xgb_oof_train,flat,segment_model,2025-02-12 00:15:00,weekly,lag_672,0.02395140752196312
day_ahead_price,xgb_oof_train,flat,segment_model,2025-02-12 00:15:00,weekly,roll_mean_4,0.1645992398262024
day_ahead_price,xgb_oof_train,flat,segment_model,2025-02-12 00:15:00,weekly,roll_mean_16,0.009963888674974442
day_ahead_price,xgb_oof_train,flat,segment_model,2025-02-12 00:15:00,weekly,roll_mean_96,0.003810317488387227
day_ahead_price,xgb_oof_train,flat,segment_model,2025-02-12 00:15:00,weekly,roll_mean_672,0.0068857865408062935
day_ahead_price,xgb_oof_train,flat,segment_model,2025-02-12 00:15:00,weekly,roll_std_96,0.01304600853472948
day_ahead_price,xgb_oof_train,flat,segment_model,2025-02-12 00:15:00,weekly,diff_1,0.011463003233075142
day_ahead_price,xgb_oof_train,flat,segment_model,2025-02-12 00:15:00,weekly,diff_96,0.02866791933774948
day_ahead_price,xgb_oof_train,flat,segment_model,2025-02-12 00:15:00,weekly,hour,0.025996988639235497
day_ahead_price,xgb_oof_train,flat,segment_model,2025-02-12 00:15:00,weekly,minute,0.023277755826711655
day_ahead_price,xgb_oof_train,flat,segment_model,2025-02-12 00:15:00,weekly,dayofweek,0.005923499818891287
day_ahead_price,xgb_oof_train,flat,segment_model,2025-02-12 00:15:00,weekly,slot96,0.03899605572223663
day_ahead_price,xgb_oof_train,flat,segment_model,2025-02-12 00:15:00,weekly,sin_slot96,0.14277265965938568
day_ahead_price,xgb_oof_train,flat,segment_model,2025-02-12 00:15:00,weekly,cos_slot96,0.0060839965008199215
day_ahead_price,xgb_oof_train,flat,segment_model,2025-02-12 00:15:00,weekly,is_holiday,0.0
day_ahead_price,xgb_oof_train,flat,segment_model,2025-02-12 00:15:00,weekly,is_workday,0.0
day_ahead_price,xgb_oof_train,flat,segment_model,2025-02-12 00:15:00,weekly,is_weekend,0.0
day_ahead_price,xgb_oof_train,flat,segment_model,2025-02-12 00:15:00,weekly,is_makeup_workday,0.0019446040969341993
day_ahead_price,xgb_oof_train,flat,segment_model,2025-02-12 00:15:00,weekly,before_holiday_1d,0.0
day_ahead_price,xgb_oof_train,flat,segment_model,2025-02-12 00:15:00,weekly,after_holiday_1d,0.0033449141774326563
day_ahead_price,xgb_oof_train,flat,segment_model,2025-02-12 00:15:00,weekly,holiday_name_Dragon Boat Festival,0.0
day_ahead_price,xgb_oof_train,flat,segment_model,2025-02-12 00:15:00,weekly,holiday_name_Labour Day,0.0
day_ahead_price,xgb_oof_train,flat,segment_model,2025-02-12 00:15:00,weekly,holiday_name_Mid-autumn Festival,0.0
day_ahead_price,xgb_oof_train,flat,segment_model,2025-02-12 00:15:00,weekly,holiday_name_National Day,0.0
day_ahead_price,xgb_oof_train,flat,segment_model,2025-02-12 00:15:00,weekly,holiday_name_New Year's Day,0.0
day_ahead_price,xgb_oof_train,flat,segment_model,2025-02-12 00:15:00,weekly,holiday_name_None,0.0
day_ahead_price,xgb_oof_train,flat,segment_model,2025-02-12 00:15:00,weekly,holiday_name_Spring Festival,0.0
day_ahead_price,xgb_oof_train,flat,segment_model,2025-02-12 00:15:00,weekly,holiday_name_Tomb-sweeping Day,0.0
day_ahead_price,xgb_oof_train,peak,segment_model,2025-02-12 00:15:00,weekly,lag_1,0.4441642165184021
day_ahead_price,xgb_oof_train,peak,segment_model,2025-02-12 00:15:00,weekly,lag_2,0.015602086670696735
day_ahead_price,xgb_oof_train,peak,segment_model,2025-02-12 00:15:00,weekly,lag_4,0.007666365243494511
day_ahead_price,xgb_oof_train,peak,segment_model,2025-02-12 00:15:00,weekly,lag_96,0.015726910904049873
day_ahead_price,xgb_oof_train,peak,segment_model,2025-02-12 00:15:00,weekly,lag_192,0.007642725016921759
day_ahead_price,xgb_oof_train,peak,segment_model,2025-02-12 00:15:00,weekly,lag_672,0.009624727070331573
day_ahead_price,xgb_oof_train,peak,segment_model,2025-02-12 00:15:00,weekly,roll_mean_4,0.363666296005249
day_ahead_price,xgb_oof_train,peak,segment_model,2025-02-12 00:15:00,weekly,roll_mean_16,0.007124704774469137
day_ahead_price,xgb_oof_train,peak,segment_model,2025-02-12 00:15:00,weekly,roll_mean_96,0.005307892337441444
day_ahead_price,xgb_oof_train,peak,segment_model,2025-02-12 00:15:00,weekly,roll_mean_672,0.007071453612297773
day_ahead_price,xgb_oof_train,peak,segment_model,2025-02-12 00:15:00,weekly,roll_std_96,0.007100001443177462
day_ahead_price,xgb_oof_train,peak,segment_model,2025-02-12 00:15:00,weekly,diff_1,0.01147808600217104
day_ahead_price,xgb_oof_train,peak,segment_model,2025-02-12 00:15:00,weekly,diff_96,0.008167028427124023
day_ahead_price,xgb_oof_train,peak,segment_model,2025-02-12 00:15:00,weekly,hour,0.006949931848794222
day_ahead_price,xgb_oof_train,peak,segment_model,2025-02-12 00:15:00,weekly,minute,0.01010160706937313
day_ahead_price,xgb_oof_train,peak,segment_model,2025-02-12 00:15:00,weekly,dayofweek,0.010885548777878284
day_ahead_price,xgb_oof_train,peak,segment_model,2025-02-12 00:15:00,weekly,slot96,0.008283320814371109
day_ahead_price,xgb_oof_train,peak,segment_model,2025-02-12 00:15:00,weekly,sin_slot96,0.006667681038379669
day_ahead_price,xgb_oof_train,peak,segment_model,2025-02-12 00:15:00,weekly,cos_slot96,0.010645724833011627
day_ahead_price,xgb_oof_train,peak,segment_model,2025-02-12 00:15:00,weekly,is_holiday,0.005326378624886274
day_ahead_price,xgb_oof_train,peak,segment_model,2025-02-12 00:15:00,weekly,is_workday,0.016050804406404495
day_ahead_price,xgb_oof_train,peak,segment_model,2025-02-12 00:15:00,weekly,is_weekend,0.0
day_ahead_price,xgb_oof_train,peak,segment_model,2025-02-12 00:15:00,weekly,is_makeup_workday,0.0
day_ahead_price,xgb_oof_train,peak,segment_model,2025-02-12 00:15:00,weekly,before_holiday_1d,0.0
day_ahead_price,xgb_oof_train,peak,segment_model,2025-02-12 00:15:00,weekly,after_holiday_1d,0.008513523265719414
day_ahead_price,xgb_oof_train,peak,segment_model,2025-02-12 00:15:00,weekly,holiday_name_Dragon Boat Festival,0.0
day_ahead_price,xgb_oof_train,peak,segment_model,2025-02-12 00:15:00,weekly,holiday_name_Labour Day,0.0
day_ahead_price,xgb_oof_train,peak,segment_model,2025-02-12 00:15:00,weekly,holiday_name_Mid-autumn Festival,0.0
day_ahead_price,xgb_oof_train,peak,segment_model,2025-02-12 00:15:00,weekly,holiday_name_National Day,0.0
day_ahead_price,xgb_oof_train,peak,segment_model,2025-02-12 00:15:00,weekly,holiday_name_New Year's Day,0.0
day_ahead_price,xgb_oof_train,peak,segment_model,2025-02-12 00:15:00,weekly,holiday_name_None,0.0
day_ahead_price,xgb_oof_train,peak,segment_model,2025-02-12 00:15:00,weekly,holiday_name_Spring Festival,0.006233041640371084
day_ahead_price,xgb_oof_train,peak,segment_model,2025-02-12 00:15:00,weekly,holiday_name_Tomb-sweeping Day,0.0
day_ahead_price,xgb_oof_train,global,global_model,2025-02-19 00:15:00,weekly,lag_1,0.48821237683296204
day_ahead_price,xgb_oof_train,global,global_model,2025-02-19 00:15:00,weekly,lag_2,0.03799089044332504
day_ahead_price,xgb_oof_train,global,global_model,2025-02-19 00:15:00,weekly,lag_4,0.006762505974620581
day_ahead_price,xgb_oof_train,global,global_model,2025-02-19 00:15:00,weekly,lag_96,0.010523206554353237
day_ahead_price,xgb_oof_train,global,global_model,2025-02-19 00:15:00,weekly,lag_192,0.006290979217737913
day_ahead_price,xgb_oof_train,global,global_model,2025-02-19 00:15:00,weekly,lag_672,0.02183476835489273
day_ahead_price,xgb_oof_train,global,global_model,2025-02-19 00:15:00,weekly,roll_mean_4,0.2390154004096985
day_ahead_price,xgb_oof_train,global,global_model,2025-02-19 00:15:00,weekly,roll_mean_16,0.013091367669403553
day_ahead_price,xgb_oof_train,global,global_model,2025-02-19 00:15:00,weekly,roll_mean_96,0.004611066542565823
day_ahead_price,xgb_oof_train,global,global_model,2025-02-19 00:15:00,weekly,roll_mean_672,0.0036540161818265915
day_ahead_price,xgb_oof_train,global,global_model,2025-02-19 00:15:00,weekly,roll_std_96,0.010273739695549011
day_ahead_price,xgb_oof_train,global,global_model,2025-02-19 00:15:00,weekly,diff_1,0.011830534785985947
day_ahead_price,xgb_oof_train,global,global_model,2025-02-19 00:15:00,weekly,diff_96,0.026787715032696724
day_ahead_price,xgb_oof_train,global,global_model,2025-02-19 00:15:00,weekly,hour,0.007210357114672661
day_ahead_price,xgb_oof_train,global,global_model,2025-02-19 00:15:00,weekly,minute,0.011446802876889706
day_ahead_price,xgb_oof_train,global,global_model,2025-02-19 00:15:00,weekly,dayofweek,0.01947789080440998
day_ahead_price,xgb_oof_train,global,global_model,2025-02-19 00:15:00,weekly,slot96,0.0108293816447258
day_ahead_price,xgb_oof_train,global,global_model,2025-02-19 00:15:00,weekly,sin_slot96,0.029150797054171562
day_ahead_price,xgb_oof_train,global,global_model,2025-02-19 00:15:00,weekly,cos_slot96,0.0037310586776584387
day_ahead_price,xgb_oof_train,global,global_model,2025-02-19 00:15:00,weekly,is_holiday,0.0
day_ahead_price,xgb_oof_train,global,global_model,2025-02-19 00:15:00,weekly,is_workday,0.0
day_ahead_price,xgb_oof_train,global,global_model,2025-02-19 00:15:00,weekly,is_weekend,0.0
day_ahead_price,xgb_oof_train,global,global_model,2025-02-19 00:15:00,weekly,is_makeup_workday,0.0
day_ahead_price,xgb_oof_train,global,global_model,2025-02-19 00:15:00,weekly,before_holiday_1d,0.015415683388710022
day_ahead_price,xgb_oof_train,global,global_model,2025-02-19 00:15:00,weekly,after_holiday_1d,0.021859465166926384
day_ahead_price,xgb_oof_train,global,global_model,2025-02-19 00:15:00,weekly,holiday_name_Dragon Boat Festival,0.0
day_ahead_price,xgb_oof_train,global,global_model,2025-02-19 00:15:00,weekly,holiday_name_Labour Day,0.0
day_ahead_price,xgb_oof_train,global,global_model,2025-02-19 00:15:00,weekly,holiday_name_Mid-autumn Festival,0.0
day_ahead_price,xgb_oof_train,global,global_model,2025-02-19 00:15:00,weekly,holiday_name_National Day,0.0
day_ahead_price,xgb_oof_train,global,global_model,2025-02-19 00:15:00,weekly,holiday_name_New Year's Day,0.0
day_ahead_price,xgb_oof_train,global,global_model,2025-02-19 00:15:00,weekly,holiday_name_None,0.0
day_ahead_price,xgb_oof_train,global,global_model,2025-02-19 00:15:00,weekly,holiday_name_Spring Festival,0.0
day_ahead_price,xgb_oof_train,global,global_model,2025-02-19 00:15:00,weekly,holiday_name_Tomb-sweeping Day,0.0
day_ahead_price,xgb_oof_train,valley,segment_model,2025-02-19 00:15:00,weekly,lag_1,0.5792525410652161
day_ahead_price,xgb_oof_train,valley,segment_model,2025-02-19 00:15:00,weekly,lag_2,0.13790211081504822
day_ahead_price,xgb_oof_train,valley,segment_model,2025-02-19 00:15:00,weekly,lag_4,0.004690193571150303
day_ahead_price,xgb_oof_train,valley,segment_model,2025-02-19 00:15:00,weekly,lag_96,0.009576433338224888
day_ahead_price,xgb_oof_train,valley,segment_model,2025-02-19 00:15:00,weekly,lag_192,0.0044686459004879
day_ahead_price,xgb_oof_train,valley,segment_model,2025-02-19 00:15:00,weekly,lag_672,0.005909040104597807
day_ahead_price,xgb_oof_train,valley,segment_model,2025-02-19 00:15:00,weekly,roll_mean_4,0.16536349058151245
day_ahead_price,xgb_oof_train,valley,segment_model,2025-02-19 00:15:00,weekly,roll_mean_16,0.010303727351129055
day_ahead_price,xgb_oof_train,valley,segment_model,2025-02-19 00:15:00,weekly,roll_mean_96,0.004772526677697897
day_ahead_price,xgb_oof_train,valley,segment_model,2025-02-19 00:15:00,weekly,roll_mean_672,0.004909295588731766
day_ahead_price,xgb_oof_train,valley,segment_model,2025-02-19 00:15:00,weekly,roll_std_96,0.0029946963768452406
day_ahead_price,xgb_oof_train,valley,segment_model,2025-02-19 00:15:00,weekly,diff_1,0.017917193472385406
day_ahead_price,xgb_oof_train,valley,segment_model,2025-02-19 00:15:00,weekly,diff_96,0.004544710740447044
day_ahead_price,xgb_oof_train,valley,segment_model,2025-02-19 00:15:00,weekly,hour,0.012840110808610916
day_ahead_price,xgb_oof_train,valley,segment_model,2025-02-19 00:15:00,weekly,minute,0.0045231725089251995
day_ahead_price,xgb_oof_train,valley,segment_model,2025-02-19 00:15:00,weekly,dayofweek,0.0018729505827650428
day_ahead_price,xgb_oof_train,valley,segment_model,2025-02-19 00:15:00,weekly,slot96,0.00606326200067997
day_ahead_price,xgb_oof_train,valley,segment_model,2025-02-19 00:15:00,weekly,sin_slot96,0.004171949345618486
day_ahead_price,xgb_oof_train,valley,segment_model,2025-02-19 00:15:00,weekly,cos_slot96,0.011757509782910347
day_ahead_price,xgb_oof_train,valley,segment_model,2025-02-19 00:15:00,weekly,is_holiday,0.0
day_ahead_price,xgb_oof_train,valley,segment_model,2025-02-19 00:15:00,weekly,is_workday,0.0
day_ahead_price,xgb_oof_train,valley,segment_model,2025-02-19 00:15:00,weekly,is_weekend,0.0
day_ahead_price,xgb_oof_train,valley,segment_model,2025-02-19 00:15:00,weekly,is_makeup_workday,0.002527196891605854
day_ahead_price,xgb_oof_train,valley,segment_model,2025-02-19 00:15:00,weekly,before_holiday_1d,0.0
day_ahead_price,xgb_oof_train,valley,segment_model,2025-02-19 00:15:00,weekly,after_holiday_1d,0.0
day_ahead_price,xgb_oof_train,valley,segment_model,2025-02-19 00:15:00,weekly,holiday_name_Dragon Boat Festival,0.0
day_ahead_price,xgb_oof_train,valley,segment_model,2025-02-19 00:15:00,weekly,holiday_name_Labour Day,0.0
day_ahead_price,xgb_oof_train,valley,segment_model,2025-02-19 00:15:00,weekly,holiday_name_Mid-autumn Festival,0.0
day_ahead_price,xgb_oof_train,valley,segment_model,2025-02-19 00:15:00,weekly,holiday_name_National Day,0.0
day_ahead_price,xgb_oof_train,valley,segment_model,2025-02-19 00:15:00,weekly,holiday_name_New Year's Day,0.00139628688339144
day_ahead_price,xgb_oof_train,valley,segment_model,2025-02-19 00:15:00,weekly,holiday_name_None,0.0022429614327847958
day_ahead_price,xgb_oof_train,valley,segment_model,2025-02-19 00:15:00,weekly,holiday_name_Spring Festival,0.0
day_ahead_price,xgb_oof_train,valley,segment_model,2025-02-19 00:15:00,weekly,holiday_name_Tomb-sweeping Day,0.0
day_ahead_price,xgb_oof_train,flat,segment_model,2025-02-19 00:15:00,weekly,lag_1,0.361866295337677
day_ahead_price,xgb_oof_train,flat,segment_model,2025-02-19 00:15:00,weekly,lag_2,0.028613263741135597
day_ahead_price,xgb_oof_train,flat,segment_model,2025-02-19 00:15:00,weekly,lag_4,0.01590803824365139
day_ahead_price,xgb_oof_train,flat,segment_model,2025-02-19 00:15:00,weekly,lag_96,0.018476206809282303
day_ahead_price,xgb_oof_train,flat,segment_model,2025-02-19 00:15:00,weekly,lag_192,0.010270923376083374
day_ahead_price,xgb_oof_train,flat,segment_model,2025-02-19 00:15:00,weekly,lag_672,0.02477029338479042
day_ahead_price,xgb_oof_train,flat,segment_model,2025-02-19 00:15:00,weekly,roll_mean_4,0.14803212881088257
day_ahead_price,xgb_oof_train,flat,segment_model,2025-02-19 00:15:00,weekly,roll_mean_16,0.02086319588124752
day_ahead_price,xgb_oof_train,flat,segment_model,2025-02-19 00:15:00,weekly,roll_mean_96,0.004308829549700022
day_ahead_price,xgb_oof_train,flat,segment_model,2025-02-19 00:15:00,weekly,roll_mean_672,0.005559512879699469
day_ahead_price,xgb_oof_train,flat,segment_model,2025-02-19 00:15:00,weekly,roll_std_96,0.012107597663998604
day_ahead_price,xgb_oof_train,flat,segment_model,2025-02-19 00:15:00,weekly,diff_1,0.016302440315485
day_ahead_price,xgb_oof_train,flat,segment_model,2025-02-19 00:15:00,weekly,diff_96,0.014142944477498531
day_ahead_price,xgb_oof_train,flat,segment_model,2025-02-19 00:15:00,weekly,hour,0.006921430584043264
day_ahead_price,xgb_oof_train,flat,segment_model,2025-02-19 00:15:00,weekly,minute,0.009111648425459862
day_ahead_price,xgb_oof_train,flat,segment_model,2025-02-19 00:15:00,weekly,dayofweek,0.03178749606013298
day_ahead_price,xgb_oof_train,flat,segment_model,2025-02-19 00:15:00,weekly,slot96,0.035513486713171005
day_ahead_price,xgb_oof_train,flat,segment_model,2025-02-19 00:15:00,weekly,sin_slot96,0.1853640079498291
day_ahead_price,xgb_oof_train,flat,segment_model,2025-02-19 00:15:00,weekly,cos_slot96,0.005870398133993149
day_ahead_price,xgb_oof_train,flat,segment_model,2025-02-19 00:15:00,weekly,is_holiday,0.0
day_ahead_price,xgb_oof_train,flat,segment_model,2025-02-19 00:15:00,weekly,is_workday,0.0
day_ahead_price,xgb_oof_train,flat,segment_model,2025-02-19 00:15:00,weekly,is_weekend,0.0
day_ahead_price,xgb_oof_train,flat,segment_model,2025-02-19 00:15:00,weekly,is_makeup_workday,0.0025734780356287956
day_ahead_price,xgb_oof_train,flat,segment_model,2025-02-19 00:15:00,weekly,before_holiday_1d,0.0
day_ahead_price,xgb_oof_train,flat,segment_model,2025-02-19 00:15:00,weekly,after_holiday_1d,0.0416363924741745
day_ahead_price,xgb_oof_train,flat,segment_model,2025-02-19 00:15:00,weekly,holiday_name_Dragon Boat Festival,0.0
day_ahead_price,xgb_oof_train,flat,segment_model,2025-02-19 00:15:00,weekly,holiday_name_Labour Day,0.0
day_ahead_price,xgb_oof_train,flat,segment_model,2025-02-19 00:15:00,weekly,holiday_name_Mid-autumn Festival,0.0
day_ahead_price,xgb_oof_train,flat,segment_model,2025-02-19 00:15:00,weekly,holiday_name_National Day,0.0
day_ahead_price,xgb_oof_train,flat,segment_model,2025-02-19 00:15:00,weekly,holiday_name_New Year's Day,0.0
day_ahead_price,xgb_oof_train,flat,segment_model,2025-02-19 00:15:00,weekly,holiday_name_None,0.0
day_ahead_price,xgb_oof_train,flat,segment_model,2025-02-19 00:15:00,weekly,holiday_name_Spring Festival,0.0
day_ahead_price,xgb_oof_train,flat,segment_model,2025-02-19 00:15:00,weekly,holiday_name_Tomb-sweeping Day,0.0
day_ahead_price,xgb_oof_train,peak,segment_model,2025-02-19 00:15:00,weekly,lag_1,0.47787347435951233
day_ahead_price,xgb_oof_train,peak,segment_model,2025-02-19 00:15:00,weekly,lag_2,0.01904403232038021
day_ahead_price,xgb_oof_train,peak,segment_model,2025-02-19 00:15:00,weekly,lag_4,0.007689994294196367
day_ahead_price,xgb_oof_train,peak,segment_model,2025-02-19 00:15:00,weekly,lag_96,0.019710417836904526
day_ahead_price,xgb_oof_train,peak,segment_model,2025-02-19 00:15:00,weekly,lag_192,0.007541946601122618
day_ahead_price,xgb_oof_train,peak,segment_model,2025-02-19 00:15:00,weekly,lag_672,0.00966631155461073
day_ahead_price,xgb_oof_train,peak,segment_model,2025-02-19 00:15:00,weekly,roll_mean_4,0.309889554977417
day_ahead_price,xgb_oof_train,peak,segment_model,2025-02-19 00:15:00,weekly,roll_mean_16,0.008811932988464832
day_ahead_price,xgb_oof_train,peak,segment_model,2025-02-19 00:15:00,weekly,roll_mean_96,0.006603809539228678
day_ahead_price,xgb_oof_train,peak,segment_model,2025-02-19 00:15:00,weekly,roll_mean_672,0.008665362372994423
day_ahead_price,xgb_oof_train,peak,segment_model,2025-02-19 00:15:00,weekly,roll_std_96,0.009379643946886063
day_ahead_price,xgb_oof_train,peak,segment_model,2025-02-19 00:15:00,weekly,diff_1,0.009570502676069736
day_ahead_price,xgb_oof_train,peak,segment_model,2025-02-19 00:15:00,weekly,diff_96,0.0124529879540205
day_ahead_price,xgb_oof_train,peak,segment_model,2025-02-19 00:15:00,weekly,hour,0.005904201418161392
day_ahead_price,xgb_oof_train,peak,segment_model,2025-02-19 00:15:00,weekly,minute,0.013249477371573448
day_ahead_price,xgb_oof_train,peak,segment_model,2025-02-19 00:15:00,weekly,dayofweek,0.011274662800133228
day_ahead_price,xgb_oof_train,peak,segment_model,2025-02-19 00:15:00,weekly,slot96,0.012232104316353798
day_ahead_price,xgb_oof_train,peak,segment_model,2025-02-19 00:15:00,weekly,sin_slot96,0.010013595223426819
day_ahead_price,xgb_oof_train,peak,segment_model,2025-02-19 00:15:00,weekly,cos_slot96,0.009418274275958538
day_ahead_price,xgb_oof_train,peak,segment_model,2025-02-19 00:15:00,weekly,is_holiday,0.006066613364964724
day_ahead_price,xgb_oof_train,peak,segment_model,2025-02-19 00:15:00,weekly,is_workday,0.007644863333553076
day_ahead_price,xgb_oof_train,peak,segment_model,2025-02-19 00:15:00,weekly,is_weekend,0.0
day_ahead_price,xgb_oof_train,peak,segment_model,2025-02-19 00:15:00,weekly,is_makeup_workday,0.0
day_ahead_price,xgb_oof_train,peak,segment_model,2025-02-19 00:15:00,weekly,before_holiday_1d,0.0039000578690320253
day_ahead_price,xgb_oof_train,peak,segment_model,2025-02-19 00:15:00,weekly,after_holiday_1d,0.010924192145466805
day_ahead_price,xgb_oof_train,peak,segment_model,2025-02-19 00:15:00,weekly,holiday_name_Dragon Boat Festival,0.0
day_ahead_price,xgb_oof_train,peak,segment_model,2025-02-19 00:15:00,weekly,holiday_name_Labour Day,0.0
day_ahead_price,xgb_oof_train,peak,segment_model,2025-02-19 00:15:00,weekly,holiday_name_Mid-autumn Festival,0.0
day_ahead_price,xgb_oof_train,peak,segment_model,2025-02-19 00:15:00,weekly,holiday_name_National Day,0.0
day_ahead_price,xgb_oof_train,peak,segment_model,2025-02-19 00:15:00,weekly,holiday_name_New Year's Day,0.0
day_ahead_price,xgb_oof_train,peak,segment_model,2025-02-19 00:15:00,weekly,holiday_name_None,0.002471920335665345
day_ahead_price,xgb_oof_train,peak,segment_model,2025-02-19 00:15:00,weekly,holiday_name_Spring Festival,0.0
day_ahead_price,xgb_oof_train,peak,segment_model,2025-02-19 00:15:00,weekly,holiday_name_Tomb-sweeping Day,0.0
day_ahead_price,xgb_oof_train,global,global_model,2025-02-26 00:15:00,weekly,lag_1,0.5001264810562134
day_ahead_price,xgb_oof_train,global,global_model,2025-02-26 00:15:00,weekly,lag_2,0.01763509027659893
day_ahead_price,xgb_oof_train,global,global_model,2025-02-26 00:15:00,weekly,lag_4,0.005899523384869099
day_ahead_price,xgb_oof_train,global,global_model,2025-02-26 00:15:00,weekly,lag_96,0.009918139316141605
day_ahead_price,xgb_oof_train,global,global_model,2025-02-26 00:15:00,weekly,lag_192,0.007309212349355221
day_ahead_price,xgb_oof_train,global,global_model,2025-02-26 00:15:00,weekly,lag_672,0.021272072568535805
day_ahead_price,xgb_oof_train,global,global_model,2025-02-26 00:15:00,weekly,roll_mean_4,0.24761541187763214
day_ahead_price,xgb_oof_train,global,global_model,2025-02-26 00:15:00,weekly,roll_mean_16,0.01241386216133833
day_ahead_price,xgb_oof_train,global,global_model,2025-02-26 00:15:00,weekly,roll_mean_96,0.0033950116485357285
day_ahead_price,xgb_oof_train,global,global_model,2025-02-26 00:15:00,weekly,roll_mean_672,0.004256627056747675
day_ahead_price,xgb_oof_train,global,global_model,2025-02-26 00:15:00,weekly,roll_std_96,0.01706891879439354
day_ahead_price,xgb_oof_train,global,global_model,2025-02-26 00:15:00,weekly,diff_1,0.011766104027628899
day_ahead_price,xgb_oof_train,global,global_model,2025-02-26 00:15:00,weekly,diff_96,0.01763824187219143
day_ahead_price,xgb_oof_train,global,global_model,2025-02-26 00:15:00,weekly,hour,0.007279292214661837
day_ahead_price,xgb_oof_train,global,global_model,2025-02-26 00:15:00,weekly,minute,0.008368270471692085
day_ahead_price,xgb_oof_train,global,global_model,2025-02-26 00:15:00,weekly,dayofweek,0.007040299475193024
day_ahead_price,xgb_oof_train,global,global_model,2025-02-26 00:15:00,weekly,slot96,0.010210525244474411
day_ahead_price,xgb_oof_train,global,global_model,2025-02-26 00:15:00,weekly,sin_slot96,0.03301446884870529
day_ahead_price,xgb_oof_train,global,global_model,2025-02-26 00:15:00,weekly,cos_slot96,0.004126628395169973
day_ahead_price,xgb_oof_train,global,global_model,2025-02-26 00:15:00,weekly,is_holiday,0.0
day_ahead_price,xgb_oof_train,global,global_model,2025-02-26 00:15:00,weekly,is_workday,0.0
day_ahead_price,xgb_oof_train,global,global_model,2025-02-26 00:15:00,weekly,is_weekend,0.0
day_ahead_price,xgb_oof_train,global,global_model,2025-02-26 00:15:00,weekly,is_makeup_workday,0.0
day_ahead_price,xgb_oof_train,global,global_model,2025-02-26 00:15:00,weekly,before_holiday_1d,0.026554973796010017
day_ahead_price,xgb_oof_train,global,global_model,2025-02-26 00:15:00,weekly,after_holiday_1d,0.025092190131545067
day_ahead_price,xgb_oof_train,global,global_model,2025-02-26 00:15:00,weekly,holiday_name_Dragon Boat Festival,0.0
day_ahead_price,xgb_oof_train,global,global_model,2025-02-26 00:15:00,weekly,holiday_name_Labour Day,0.0
day_ahead_price,xgb_oof_train,global,global_model,2025-02-26 00:15:00,weekly,holiday_name_Mid-autumn Festival,0.0
day_ahead_price,xgb_oof_train,global,global_model,2025-02-26 00:15:00,weekly,holiday_name_National Day,0.0
day_ahead_price,xgb_oof_train,global,global_model,2025-02-26 00:15:00,weekly,holiday_name_New Year's Day,0.0
day_ahead_price,xgb_oof_train,global,global_model,2025-02-26 00:15:00,weekly,holiday_name_None,0.0019987127743661404
day_ahead_price,xgb_oof_train,global,global_model,2025-02-26 00:15:00,weekly,holiday_name_Spring Festival,0.0
day_ahead_price,xgb_oof_train,global,global_model,2025-02-26 00:15:00,weekly,holiday_name_Tomb-sweeping Day,0.0
day_ahead_price,xgb_oof_train,valley,segment_model,2025-02-26 00:15:00,weekly,lag_1,0.5868254899978638
day_ahead_price,xgb_oof_train,valley,segment_model,2025-02-26 00:15:00,weekly,lag_2,0.14087919890880585
day_ahead_price,xgb_oof_train,valley,segment_model,2025-02-26 00:15:00,weekly,lag_4,0.005028857383877039
day_ahead_price,xgb_oof_train,valley,segment_model,2025-02-26 00:15:00,weekly,lag_96,0.008316542021930218
day_ahead_price,xgb_oof_train,valley,segment_model,2025-02-26 00:15:00,weekly,lag_192,0.0049029020592570305
day_ahead_price,xgb_oof_train,valley,segment_model,2025-02-26 00:15:00,weekly,lag_672,0.0062875873409211636
day_ahead_price,xgb_oof_train,valley,segment_model,2025-02-26 00:15:00,weekly,roll_mean_4,0.15940958261489868
day_ahead_price,xgb_oof_train,valley,segment_model,2025-02-26 00:15:00,weekly,roll_mean_16,0.004154449328780174
day_ahead_price,xgb_oof_train,valley,segment_model,2025-02-26 00:15:00,weekly,roll_mean_96,0.004349720198661089
day_ahead_price,xgb_oof_train,valley,segment_model,2025-02-26 00:15:00,weekly,roll_mean_672,0.005449127871543169
day_ahead_price,xgb_oof_train,valley,segment_model,2025-02-26 00:15:00,weekly,roll_std_96,0.0038765750359743834
day_ahead_price,xgb_oof_train,valley,segment_model,2025-02-26 00:15:00,weekly,diff_1,0.01827584020793438
day_ahead_price,xgb_oof_train,valley,segment_model,2025-02-26 00:15:00,weekly,diff_96,0.003443835536018014
day_ahead_price,xgb_oof_train,valley,segment_model,2025-02-26 00:15:00,weekly,hour,0.011220350861549377
day_ahead_price,xgb_oof_train,valley,segment_model,2025-02-26 00:15:00,weekly,minute,0.0021042292937636375
day_ahead_price,xgb_oof_train,valley,segment_model,2025-02-26 00:15:00,weekly,dayofweek,0.0011008713627234101
day_ahead_price,xgb_oof_train,valley,segment_model,2025-02-26 00:15:00,weekly,slot96,0.005811471026390791
day_ahead_price,xgb_oof_train,valley,segment_model,2025-02-26 00:15:00,weekly,sin_slot96,0.005429509095847607
day_ahead_price,xgb_oof_train,valley,segment_model,2025-02-26 00:15:00,weekly,cos_slot96,0.007901973091065884
day_ahead_price,xgb_oof_train,valley,segment_model,2025-02-26 00:15:00,weekly,is_holiday,0.0
day_ahead_price,xgb_oof_train,valley,segment_model,2025-02-26 00:15:00,weekly,is_workday,0.0
day_ahead_price,xgb_oof_train,valley,segment_model,2025-02-26 00:15:00,weekly,is_weekend,0.0
day_ahead_price,xgb_oof_train,valley,segment_model,2025-02-26 00:15:00,weekly,is_makeup_workday,0.0022959739435464144
day_ahead_price,xgb_oof_train,valley,segment_model,2025-02-26 00:15:00,weekly,before_holiday_1d,0.0
day_ahead_price,xgb_oof_train,valley,segment_model,2025-02-26 00:15:00,weekly,after_holiday_1d,0.01087313611060381
day_ahead_price,xgb_oof_train,valley,segment_model,2025-02-26 00:15:00,weekly,holiday_name_Dragon Boat Festival,0.0
day_ahead_price,xgb_oof_train,valley,segment_model,2025-02-26 00:15:00,weekly,holiday_name_Labour Day,0.0
day_ahead_price,xgb_oof_train,valley,segment_model,2025-02-26 00:15:00,weekly,holiday_name_Mid-autumn Festival,0.0
day_ahead_price,xgb_oof_train,valley,segment_model,2025-02-26 00:15:00,weekly,holiday_name_National Day,0.0
day_ahead_price,xgb_oof_train,valley,segment_model,2025-02-26 00:15:00,weekly,holiday_name_New Year's Day,0.0020627251360565424
day_ahead_price,xgb_oof_train,valley,segment_model,2025-02-26 00:15:00,weekly,holiday_name_None,0.0
day_ahead_price,xgb_oof_train,valley,segment_model,2025-02-26 00:15:00,weekly,holiday_name_Spring Festival,0.0
day_ahead_price,xgb_oof_train,valley,segment_model,2025-02-26 00:15:00,weekly,holiday_name_Tomb-sweeping Day,0.0
day_ahead_price,xgb_oof_train,flat,segment_model,2025-02-26 00:15:00,weekly,lag_1,0.3919323682785034
day_ahead_price,xgb_oof_train,flat,segment_model,2025-02-26 00:15:00,weekly,lag_2,0.06787817180156708
day_ahead_price,xgb_oof_train,flat,segment_model,2025-02-26 00:15:00,weekly,lag_4,0.011209050193428993
day_ahead_price,xgb_oof_train,flat,segment_model,2025-02-26 00:15:00,weekly,lag_96,0.012161551974713802
day_ahead_price,xgb_oof_train,flat,segment_model,2025-02-26 00:15:00,weekly,lag_192,0.012544230557978153
day_ahead_price,xgb_oof_train,flat,segment_model,2025-02-26 00:15:00,weekly,lag_672,0.02546117641031742
day_ahead_price,xgb_oof_train,flat,segment_model,2025-02-26 00:15:00,weekly,roll_mean_4,0.12434931099414825
day_ahead_price,xgb_oof_train,flat,segment_model,2025-02-26 00:15:00,weekly,roll_mean_16,0.01702476106584072
day_ahead_price,xgb_oof_train,flat,segment_model,2025-02-26 00:15:00,weekly,roll_mean_96,0.006040808744728565
day_ahead_price,xgb_oof_train,flat,segment_model,2025-02-26 00:15:00,weekly,roll_mean_672,0.006508320104330778
day_ahead_price,xgb_oof_train,flat,segment_model,2025-02-26 00:15:00,weekly,roll_std_96,0.011695961467921734
day_ahead_price,xgb_oof_train,flat,segment_model,2025-02-26 00:15:00,weekly,diff_1,0.022508123889565468
day_ahead_price,xgb_oof_train,flat,segment_model,2025-02-26 00:15:00,weekly,diff_96,0.012020005844533443
day_ahead_price,xgb_oof_train,flat,segment_model,2025-02-26 00:15:00,weekly,hour,0.0032638725824654102
day_ahead_price,xgb_oof_train,flat,segment_model,2025-02-26 00:15:00,weekly,minute,0.01294307503849268
day_ahead_price,xgb_oof_train,flat,segment_model,2025-02-26 00:15:00,weekly,dayofweek,0.012451307848095894
day_ahead_price,xgb_oof_train,flat,segment_model,2025-02-26 00:15:00,weekly,slot96,0.06746868044137955
day_ahead_price,xgb_oof_train,flat,segment_model,2025-02-26 00:15:00,weekly,sin_slot96,0.1449287384748459
day_ahead_price,xgb_oof_train,flat,segment_model,2025-02-26 00:15:00,weekly,cos_slot96,0.005996336229145527
day_ahead_price,xgb_oof_train,flat,segment_model,2025-02-26 00:15:00,weekly,is_holiday,0.0
day_ahead_price,xgb_oof_train,flat,segment_model,2025-02-26 00:15:00,weekly,is_workday,0.0
day_ahead_price,xgb_oof_train,flat,segment_model,2025-02-26 00:15:00,weekly,is_weekend,0.0
day_ahead_price,xgb_oof_train,flat,segment_model,2025-02-26 00:15:00,weekly,is_makeup_workday,0.0023254447150975466
day_ahead_price,xgb_oof_train,flat,segment_model,2025-02-26 00:15:00,weekly,before_holiday_1d,0.003995953127741814
day_ahead_price,xgb_oof_train,flat,segment_model,2025-02-26 00:15:00,weekly,after_holiday_1d,0.025292783975601196
day_ahead_price,xgb_oof_train,flat,segment_model,2025-02-26 00:15:00,weekly,holiday_name_Dragon Boat Festival,0.0
day_ahead_price,xgb_oof_train,flat,segment_model,2025-02-26 00:15:00,weekly,holiday_name_Labour Day,0.0
day_ahead_price,xgb_oof_train,flat,segment_model,2025-02-26 00:15:00,weekly,holiday_name_Mid-autumn Festival,0.0
day_ahead_price,xgb_oof_train,flat,segment_model,2025-02-26 00:15:00,weekly,holiday_name_National Day,0.0
day_ahead_price,xgb_oof_train,flat,segment_model,2025-02-26 00:15:00,weekly,holiday_name_New Year's Day,0.0
day_ahead_price,xgb_oof_train,flat,segment_model,2025-02-26 00:15:00,weekly,holiday_name_None,0.0
day_ahead_price,xgb_oof_train,flat,segment_model,2025-02-26 00:15:00,weekly,holiday_name_Spring Festival,0.0
day_ahead_price,xgb_oof_train,flat,segment_model,2025-02-26 00:15:00,weekly,holiday_name_Tomb-sweeping Day,0.0
day_ahead_price,xgb_oof_train,peak,segment_model,2025-02-26 00:15:00,weekly,lag_1,0.47878026962280273
day_ahead_price,xgb_oof_train,peak,segment_model,2025-02-26 00:15:00,weekly,lag_2,0.021162236109375954
day_ahead_price,xgb_oof_train,peak,segment_model,2025-02-26 00:15:00,weekly,lag_4,0.007503746543079615
day_ahead_price,xgb_oof_train,peak,segment_model,2025-02-26 00:15:00,weekly,lag_96,0.022039292380213737
day_ahead_price,xgb_oof_train,peak,segment_model,2025-02-26 00:15:00,weekly,lag_192,0.007311507593840361
day_ahead_price,xgb_oof_train,peak,segment_model,2025-02-26 00:15:00,weekly,lag_672,0.0067276242189109325
day_ahead_price,xgb_oof_train,peak,segment_model,2025-02-26 00:15:00,weekly,roll_mean_4,0.3281296491622925
day_ahead_price,xgb_oof_train,peak,segment_model,2025-02-26 00:15:00,weekly,roll_mean_16,0.00790917593985796
day_ahead_price,xgb_oof_train,peak,segment_model,2025-02-26 00:15:00,weekly,roll_mean_96,0.006060278974473476
day_ahead_price,xgb_oof_train,peak,segment_model,2025-02-26 00:15:00,weekly,roll_mean_672,0.009432276710867882
day_ahead_price,xgb_oof_train,peak,segment_model,2025-02-26 00:15:00,weekly,roll_std_96,0.01020749006420374
day_ahead_price,xgb_oof_train,peak,segment_model,2025-02-26 00:15:00,weekly,diff_1,0.013939416967332363
day_ahead_price,xgb_oof_train,peak,segment_model,2025-02-26 00:15:00,weekly,diff_96,0.010410899296402931
day_ahead_price,xgb_oof_train,peak,segment_model,2025-02-26 00:15:00,weekly,hour,0.0063222916796803474
day_ahead_price,xgb_oof_train,peak,segment_model,2025-02-26 00:15:00,weekly,minute,0.010703669860959053
day_ahead_price,xgb_oof_train,peak,segment_model,2025-02-26 00:15:00,weekly,dayofweek,0.011347778141498566
day_ahead_price,xgb_oof_train,peak,segment_model,2025-02-26 00:15:00,weekly,slot96,0.010291851125657558
day_ahead_price,xgb_oof_train,peak,segment_model,2025-02-26 00:15:00,weekly,sin_slot96,0.004555183928459883
day_ahead_price,xgb_oof_train,peak,segment_model,2025-02-26 00:15:00,weekly,cos_slot96,0.010064516216516495
day_ahead_price,xgb_oof_train,peak,segment_model,2025-02-26 00:15:00,weekly,is_holiday,0.0
day_ahead_price,xgb_oof_train,peak,segment_model,2025-02-26 00:15:00,weekly,is_workday,0.0
day_ahead_price,xgb_oof_train,peak,segment_model,2025-02-26 00:15:00,weekly,is_weekend,0.0
day_ahead_price,xgb_oof_train,peak,segment_model,2025-02-26 00:15:00,weekly,is_makeup_workday,0.0
day_ahead_price,xgb_oof_train,peak,segment_model,2025-02-26 00:15:00,weekly,before_holiday_1d,0.0
day_ahead_price,xgb_oof_train,peak,segment_model,2025-02-26 00:15:00,weekly,after_holiday_1d,0.010947780683636665
day_ahead_price,xgb_oof_train,peak,segment_model,2025-02-26 00:15:00,weekly,holiday_name_Dragon Boat Festival,0.0
day_ahead_price,xgb_oof_train,peak,segment_model,2025-02-26 00:15:00,weekly,holiday_name_Labour Day,0.0
day_ahead_price,xgb_oof_train,peak,segment_model,2025-02-26 00:15:00,weekly,holiday_name_Mid-autumn Festival,0.0
day_ahead_price,xgb_oof_train,peak,segment_model,2025-02-26 00:15:00,weekly,holiday_name_National Day,0.0
day_ahead_price,xgb_oof_train,peak,segment_model,2025-02-26 00:15:00,weekly,holiday_name_New Year's Day,0.0
day_ahead_price,xgb_oof_train,peak,segment_model,2025-02-26 00:15:00,weekly,holiday_name_None,0.0005275848088786006
day_ahead_price,xgb_oof_train,peak,segment_model,2025-02-26 00:15:00,weekly,holiday_name_Spring Festival,0.005625470541417599
day_ahead_price,xgb_oof_train,peak,segment_model,2025-02-26 00:15:00,weekly,holiday_name_Tomb-sweeping Day,0.0
day_ahead_price,xgb_oof_train,global,global_model,2025-03-05 00:15:00,weekly,lag_1,0.4926616847515106
day_ahead_price,xgb_oof_train,global,global_model,2025-03-05 00:15:00,weekly,lag_2,0.01593903638422489
day_ahead_price,xgb_oof_train,global,global_model,2025-03-05 00:15:00,weekly,lag_4,0.004859015811234713
day_ahead_price,xgb_oof_train,global,global_model,2025-03-05 00:15:00,weekly,lag_96,0.007899051532149315
day_ahead_price,xgb_oof_train,global,global_model,2025-03-05 00:15:00,weekly,lag_192,0.004208280239254236
day_ahead_price,xgb_oof_train,global,global_model,2025-03-05 00:15:00,weekly,lag_672,0.01495580654591322
day_ahead_price,xgb_oof_train,global,global_model,2025-03-05 00:15:00,weekly,roll_mean_4,0.267774373292923
day_ahead_price,xgb_oof_train,global,global_model,2025-03-05 00:15:00,weekly,roll_mean_16,0.0060803247615695
day_ahead_price,xgb_oof_train,global,global_model,2025-03-05 00:15:00,weekly,roll_mean_96,0.004727807827293873
day_ahead_price,xgb_oof_train,global,global_model,2025-03-05 00:15:00,weekly,roll_mean_672,0.004011218436062336
day_ahead_price,xgb_oof_train,global,global_model,2025-03-05 00:15:00,weekly,roll_std_96,0.0035190992057323456
day_ahead_price,xgb_oof_train,global,global_model,2025-03-05 00:15:00,weekly,diff_1,0.010637633502483368
day_ahead_price,xgb_oof_train,global,global_model,2025-03-05 00:15:00,weekly,diff_96,0.022553322836756706
day_ahead_price,xgb_oof_train,global,global_model,2025-03-05 00:15:00,weekly,hour,0.006274532992392778
day_ahead_price,xgb_oof_train,global,global_model,2025-03-05 00:15:00,weekly,minute,0.02056175470352173
day_ahead_price,xgb_oof_train,global,global_model,2025-03-05 00:15:00,weekly,dayofweek,0.014143723994493484
day_ahead_price,xgb_oof_train,global,global_model,2025-03-05 00:15:00,weekly,slot96,0.010107649490237236
day_ahead_price,xgb_oof_train,global,global_model,2025-03-05 00:15:00,weekly,sin_slot96,0.029526952654123306
day_ahead_price,xgb_oof_train,global,global_model,2025-03-05 00:15:00,weekly,cos_slot96,0.0038726136554032564
day_ahead_price,xgb_oof_train,global,global_model,2025-03-05 00:15:00,weekly,is_holiday,0.0
day_ahead_price,xgb_oof_train,global,global_model,2025-03-05 00:15:00,weekly,is_workday,0.0
day_ahead_price,xgb_oof_train,global,global_model,2025-03-05 00:15:00,weekly,is_weekend,0.0
day_ahead_price,xgb_oof_train,global,global_model,2025-03-05 00:15:00,weekly,is_makeup_workday,0.0
day_ahead_price,xgb_oof_train,global,global_model,2025-03-05 00:15:00,weekly,before_holiday_1d,0.02933598682284355
day_ahead_price,xgb_oof_train,global,global_model,2025-03-05 00:15:00,weekly,after_holiday_1d,0.02455213852226734
day_ahead_price,xgb_oof_train,global,global_model,2025-03-05 00:15:00,weekly,holiday_name_Dragon Boat Festival,0.0
day_ahead_price,xgb_oof_train,global,global_model,2025-03-05 00:15:00,weekly,holiday_name_Labour Day,0.0
day_ahead_price,xgb_oof_train,global,global_model,2025-03-05 00:15:00,weekly,holiday_name_Mid-autumn Festival,0.0
day_ahead_price,xgb_oof_train,global,global_model,2025-03-05 00:15:00,weekly,holiday_name_National Day,0.0
day_ahead_price,xgb_oof_train,global,global_model,2025-03-05 00:15:00,weekly,holiday_name_New Year's Day,0.0
day_ahead_price,xgb_oof_train,global,global_model,2025-03-05 00:15:00,weekly,holiday_name_None,0.0017979586264118552
day_ahead_price,xgb_oof_train,global,global_model,2025-03-05 00:15:00,weekly,holiday_name_Spring Festival,0.0
day_ahead_price,xgb_oof_train,global,global_model,2025-03-05 00:15:00,weekly,holiday_name_Tomb-sweeping Day,0.0
day_ahead_price,xgb_oof_train,valley,segment_model,2025-03-05 00:15:00,weekly,lag_1,0.4688212275505066
day_ahead_price,xgb_oof_train,valley,segment_model,2025-03-05 00:15:00,weekly,lag_2,0.05914398282766342
day_ahead_price,xgb_oof_train,valley,segment_model,2025-03-05 00:15:00,weekly,lag_4,0.003849065164104104
day_ahead_price,xgb_oof_train,valley,segment_model,2025-03-05 00:15:00,weekly,lag_96,0.00698496401309967
day_ahead_price,xgb_oof_train,valley,segment_model,2025-03-05 00:15:00,weekly,lag_192,0.004766684491187334
day_ahead_price,xgb_oof_train,valley,segment_model,2025-03-05 00:15:00,weekly,lag_672,0.004307103808969259
day_ahead_price,xgb_oof_train,valley,segment_model,2025-03-05 00:15:00,weekly,roll_mean_4,0.3728669285774231
day_ahead_price,xgb_oof_train,valley,segment_model,2025-03-05 00:15:00,weekly,roll_mean_16,0.0024124113842844963
day_ahead_price,xgb_oof_train,valley,segment_model,2025-03-05 00:15:00,weekly,roll_mean_96,0.004940672777593136
day_ahead_price,xgb_oof_train,valley,segment_model,2025-03-05 00:15:00,weekly,roll_mean_672,0.0044451504945755005
day_ahead_price,xgb_oof_train,valley,segment_model,2025-03-05 00:15:00,weekly,roll_std_96,0.0034707505255937576
day_ahead_price,xgb_oof_train,valley,segment_model,2025-03-05 00:15:00,weekly,diff_1,0.012106546200811863
day_ahead_price,xgb_oof_train,valley,segment_model,2025-03-05 00:15:00,weekly,diff_96,0.005889730527997017
day_ahead_price,xgb_oof_train,valley,segment_model,2025-03-05 00:15:00,weekly,hour,0.009553180076181889
day_ahead_price,xgb_oof_train,valley,segment_model,2025-03-05 00:15:00,weekly,minute,0.0038361975457519293
day_ahead_price,xgb_oof_train,valley,segment_model,2025-03-05 00:15:00,weekly,dayofweek,0.005652202293276787
day_ahead_price,xgb_oof_train,valley,segment_model,2025-03-05 00:15:00,weekly,slot96,0.004870845004916191
day_ahead_price,xgb_oof_train,valley,segment_model,2025-03-05 00:15:00,weekly,sin_slot96,0.0017525486182421446
day_ahead_price,xgb_oof_train,valley,segment_model,2025-03-05 00:15:00,weekly,cos_slot96,0.005327957682311535
day_ahead_price,xgb_oof_train,valley,segment_model,2025-03-05 00:15:00,weekly,is_holiday,0.0
day_ahead_price,xgb_oof_train,valley,segment_model,2025-03-05 00:15:00,weekly,is_workday,0.0
day_ahead_price,xgb_oof_train,valley,segment_model,2025-03-05 00:15:00,weekly,is_weekend,0.0
day_ahead_price,xgb_oof_train,valley,segment_model,2025-03-05 00:15:00,weekly,is_makeup_workday,0.001939129550009966
day_ahead_price,xgb_oof_train,valley,segment_model,2025-03-05 00:15:00,weekly,before_holiday_1d,0.0005935007357038558
day_ahead_price,xgb_oof_train,valley,segment_model,2025-03-05 00:15:00,weekly,after_holiday_1d,0.008473952300846577
day_ahead_price,xgb_oof_train,valley,segment_model,2025-03-05 00:15:00,weekly,holiday_name_Dragon Boat Festival,0.0
day_ahead_price,xgb_oof_train,valley,segment_model,2025-03-05 00:15:00,weekly,holiday_name_Labour Day,0.0
day_ahead_price,xgb_oof_train,valley,segment_model,2025-03-05 00:15:00,weekly,holiday_name_Mid-autumn Festival,0.0
day_ahead_price,xgb_oof_train,valley,segment_model,2025-03-05 00:15:00,weekly,holiday_name_National Day,0.0
day_ahead_price,xgb_oof_train,valley,segment_model,2025-03-05 00:15:00,weekly,holiday_name_New Year's Day,0.0019259476102888584
day_ahead_price,xgb_oof_train,valley,segment_model,2025-03-05 00:15:00,weekly,holiday_name_None,0.0020692774560302496
day_ahead_price,xgb_oof_train,valley,segment_model,2025-03-05 00:15:00,weekly,holiday_name_Spring Festival,0.0
day_ahead_price,xgb_oof_train,valley,segment_model,2025-03-05 00:15:00,weekly,holiday_name_Tomb-sweeping Day,0.0
day_ahead_price,xgb_oof_train,flat,segment_model,2025-03-05 00:15:00,weekly,lag_1,0.43248581886291504
day_ahead_price,xgb_oof_train,flat,segment_model,2025-03-05 00:15:00,weekly,lag_2,0.07281356304883957
day_ahead_price,xgb_oof_train,flat,segment_model,2025-03-05 00:15:00,weekly,lag_4,0.011407156474888325
day_ahead_price,xgb_oof_train,flat,segment_model,2025-03-05 00:15:00,weekly,lag_96,0.009839228354394436
day_ahead_price,xgb_oof_train,flat,segment_model,2025-03-05 00:15:00,weekly,lag_192,0.014367167837917805
day_ahead_price,xgb_oof_train,flat,segment_model,2025-03-05 00:15:00,weekly,lag_672,0.01267009787261486
day_ahead_price,xgb_oof_train,flat,segment_model,2025-03-05 00:15:00,weekly,roll_mean_4,0.11603877693414688
day_ahead_price,xgb_oof_train,flat,segment_model,2025-03-05 00:15:00,weekly,roll_mean_16,0.012364552356302738
day_ahead_price,xgb_oof_train,flat,segment_model,2025-03-05 00:15:00,weekly,roll_mean_96,0.008147954940795898
day_ahead_price,xgb_oof_train,flat,segment_model,2025-03-05 00:15:00,weekly,roll_mean_672,0.008867297321557999
day_ahead_price,xgb_oof_train,flat,segment_model,2025-03-05 00:15:00,weekly,roll_std_96,0.01012962032109499
day_ahead_price,xgb_oof_train,flat,segment_model,2025-03-05 00:15:00,weekly,diff_1,0.01565546914935112
day_ahead_price,xgb_oof_train,flat,segment_model,2025-03-05 00:15:00,weekly,diff_96,0.011885485611855984
day_ahead_price,xgb_oof_train,flat,segment_model,2025-03-05 00:15:00,weekly,hour,0.04542631655931473
day_ahead_price,xgb_oof_train,flat,segment_model,2025-03-05 00:15:00,weekly,minute,0.024890635162591934
day_ahead_price,xgb_oof_train,flat,segment_model,2025-03-05 00:15:00,weekly,dayofweek,0.010414168238639832
day_ahead_price,xgb_oof_train,flat,segment_model,2025-03-05 00:15:00,weekly,slot96,0.020605186000466347
day_ahead_price,xgb_oof_train,flat,segment_model,2025-03-05 00:15:00,weekly,sin_slot96,0.11551444977521896
day_ahead_price,xgb_oof_train,flat,segment_model,2025-03-05 00:15:00,weekly,cos_slot96,0.005039641633629799
day_ahead_price,xgb_oof_train,flat,segment_model,2025-03-05 00:15:00,weekly,is_holiday,0.0
day_ahead_price,xgb_oof_train,flat,segment_model,2025-03-05 00:15:00,weekly,is_workday,0.0
day_ahead_price,xgb_oof_train,flat,segment_model,2025-03-05 00:15:00,weekly,is_weekend,0.0
day_ahead_price,xgb_oof_train,flat,segment_model,2025-03-05 00:15:00,weekly,is_makeup_workday,0.0016593668842688203
day_ahead_price,xgb_oof_train,flat,segment_model,2025-03-05 00:15:00,weekly,before_holiday_1d,0.0
day_ahead_price,xgb_oof_train,flat,segment_model,2025-03-05 00:15:00,weekly,after_holiday_1d,0.039778076112270355
day_ahead_price,xgb_oof_train,flat,segment_model,2025-03-05 00:15:00,weekly,holiday_name_Dragon Boat Festival,0.0
day_ahead_price,xgb_oof_train,flat,segment_model,2025-03-05 00:15:00,weekly,holiday_name_Labour Day,0.0
day_ahead_price,xgb_oof_train,flat,segment_model,2025-03-05 00:15:00,weekly,holiday_name_Mid-autumn Festival,0.0
day_ahead_price,xgb_oof_train,flat,segment_model,2025-03-05 00:15:00,weekly,holiday_name_National Day,0.0
day_ahead_price,xgb_oof_train,flat,segment_model,2025-03-05 00:15:00,weekly,holiday_name_New Year's Day,0.0
day_ahead_price,xgb_oof_train,flat,segment_model,2025-03-05 00:15:00,weekly,holiday_name_None,0.0
day_ahead_price,xgb_oof_train,flat,segment_model,2025-03-05 00:15:00,weekly,holiday_name_Spring Festival,0.0
day_ahead_price,xgb_oof_train,flat,segment_model,2025-03-05 00:15:00,weekly,holiday_name_Tomb-sweeping Day,0.0
day_ahead_price,xgb_oof_train,peak,segment_model,2025-03-05 00:15:00,weekly,lag_1,0.5103439688682556
day_ahead_price,xgb_oof_train,peak,segment_model,2025-03-05 00:15:00,weekly,lag_2,0.017549853771924973
day_ahead_price,xgb_oof_train,peak,segment_model,2025-03-05 00:15:00,weekly,lag_4,0.008513919077813625
day_ahead_price,xgb_oof_train,peak,segment_model,2025-03-05 00:15:00,weekly,lag_96,0.022934185341000557
day_ahead_price,xgb_oof_train,peak,segment_model,2025-03-05 00:15:00,weekly,lag_192,0.004999018739908934
day_ahead_price,xgb_oof_train,peak,segment_model,2025-03-05 00:15:00,weekly,lag_672,0.005984136369079351
day_ahead_price,xgb_oof_train,peak,segment_model,2025-03-05 00:15:00,weekly,roll_mean_4,0.3130561113357544
day_ahead_price,xgb_oof_train,peak,segment_model,2025-03-05 00:15:00,weekly,roll_mean_16,0.0073736198246479034
day_ahead_price,xgb_oof_train,peak,segment_model,2025-03-05 00:15:00,weekly,roll_mean_96,0.00442793732509017
day_ahead_price,xgb_oof_train,peak,segment_model,2025-03-05 00:15:00,weekly,roll_mean_672,0.007230821996927261
day_ahead_price,xgb_oof_train,peak,segment_model,2025-03-05 00:15:00,weekly,roll_std_96,0.00894362572580576
day_ahead_price,xgb_oof_train,peak,segment_model,2025-03-05 00:15:00,weekly,diff_1,0.014331781305372715
day_ahead_price,xgb_oof_train,peak,segment_model,2025-03-05 00:15:00,weekly,diff_96,0.012578173540532589
day_ahead_price,xgb_oof_train,peak,segment_model,2025-03-05 00:15:00,weekly,hour,0.006794095505028963
day_ahead_price,xgb_oof_train,peak,segment_model,2025-03-05 00:15:00,weekly,minute,0.007827170193195343
day_ahead_price,xgb_oof_train,peak,segment_model,2025-03-05 00:15:00,weekly,dayofweek,0.0088979322463274
day_ahead_price,xgb_oof_train,peak,segment_model,2025-03-05 00:15:00,weekly,slot96,0.007654604967683554
day_ahead_price,xgb_oof_train,peak,segment_model,2025-03-05 00:15:00,weekly,sin_slot96,0.006218357477337122
day_ahead_price,xgb_oof_train,peak,segment_model,2025-03-05 00:15:00,weekly,cos_slot96,0.006219125352799892
day_ahead_price,xgb_oof_train,peak,segment_model,2025-03-05 00:15:00,weekly,is_holiday,0.002833465114235878
day_ahead_price,xgb_oof_train,peak,segment_model,2025-03-05 00:15:00,weekly,is_workday,0.0
day_ahead_price,xgb_oof_train,peak,segment_model,2025-03-05 00:15:00,weekly,is_weekend,0.0
day_ahead_price,xgb_oof_train,peak,segment_model,2025-03-05 00:15:00,weekly,is_makeup_workday,0.0
day_ahead_price,xgb_oof_train,peak,segment_model,2025-03-05 00:15:00,weekly,before_holiday_1d,0.0
day_ahead_price,xgb_oof_train,peak,segment_model,2025-03-05 00:15:00,weekly,after_holiday_1d,0.010364023968577385
day_ahead_price,xgb_oof_train,peak,segment_model,2025-03-05 00:15:00,weekly,holiday_name_Dragon Boat Festival,0.0
day_ahead_price,xgb_oof_train,peak,segment_model,2025-03-05 00:15:00,weekly,holiday_name_Labour Day,0.0
day_ahead_price,xgb_oof_train,peak,segment_model,2025-03-05 00:15:00,weekly,holiday_name_Mid-autumn Festival,0.0
day_ahead_price,xgb_oof_train,peak,segment_model,2025-03-05 00:15:00,weekly,holiday_name_National Day,0.0
day_ahead_price,xgb_oof_train,peak,segment_model,2025-03-05 00:15:00,weekly,holiday_name_New Year's Day,0.0
day_ahead_price,xgb_oof_train,peak,segment_model,2025-03-05 00:15:00,weekly,holiday_name_None,0.0
day_ahead_price,xgb_oof_train,peak,segment_model,2025-03-05 00:15:00,weekly,holiday_name_Spring Festival,0.004924065433442593
day_ahead_price,xgb_oof_train,peak,segment_model,2025-03-05 00:15:00,weekly,holiday_name_Tomb-sweeping Day,0.0
day_ahead_price,xgb_oof_train,global,global_model,2025-03-12 00:15:00,weekly,lag_1,0.5258227586746216
day_ahead_price,xgb_oof_train,global,global_model,2025-03-12 00:15:00,weekly,lag_2,0.05361894518136978
day_ahead_price,xgb_oof_train,global,global_model,2025-03-12 00:15:00,weekly,lag_4,0.006641322281211615
day_ahead_price,xgb_oof_train,global,global_model,2025-03-12 00:15:00,weekly,lag_96,0.007629063446074724
day_ahead_price,xgb_oof_train,global,global_model,2025-03-12 00:15:00,weekly,lag_192,0.006180087570101023
day_ahead_price,xgb_oof_train,global,global_model,2025-03-12 00:15:00,weekly,lag_672,0.015112526714801788
day_ahead_price,xgb_oof_train,global,global_model,2025-03-12 00:15:00,weekly,roll_mean_4,0.20791102945804596
day_ahead_price,xgb_oof_train,global,global_model,2025-03-12 00:15:00,weekly,roll_mean_16,0.006530180107802153
day_ahead_price,xgb_oof_train,global,global_model,2025-03-12 00:15:00,weekly,roll_mean_96,0.007423113100230694
day_ahead_price,xgb_oof_train,global,global_model,2025-03-12 00:15:00,weekly,roll_mean_672,0.005777610465884209
day_ahead_price,xgb_oof_train,global,global_model,2025-03-12 00:15:00,weekly,roll_std_96,0.005171187222003937
day_ahead_price,xgb_oof_train,global,global_model,2025-03-12 00:15:00,weekly,diff_1,0.012259886600077152
day_ahead_price,xgb_oof_train,global,global_model,2025-03-12 00:15:00,weekly,diff_96,0.025347642600536346
day_ahead_price,xgb_oof_train,global,global_model,2025-03-12 00:15:00,weekly,hour,0.005484218243509531
day_ahead_price,xgb_oof_train,global,global_model,2025-03-12 00:15:00,weekly,minute,0.002258642576634884
day_ahead_price,xgb_oof_train,global,global_model,2025-03-12 00:15:00,weekly,dayofweek,0.02243318036198616
day_ahead_price,xgb_oof_train,global,global_model,2025-03-12 00:15:00,weekly,slot96,0.01478783693164587
day_ahead_price,xgb_oof_train,global,global_model,2025-03-12 00:15:00,weekly,sin_slot96,0.029426056891679764
day_ahead_price,xgb_oof_train,global,global_model,2025-03-12 00:15:00,weekly,cos_slot96,0.00408522691577673
day_ahead_price,xgb_oof_train,global,global_model,2025-03-12 00:15:00,weekly,is_holiday,0.0
day_ahead_price,xgb_oof_train,global,global_model,2025-03-12 00:15:00,weekly,is_workday,0.0
day_ahead_price,xgb_oof_train,global,global_model,2025-03-12 00:15:00,weekly,is_weekend,0.0
day_ahead_price,xgb_oof_train,global,global_model,2025-03-12 00:15:00,weekly,is_makeup_workday,0.0
day_ahead_price,xgb_oof_train,global,global_model,2025-03-12 00:15:00,weekly,before_holiday_1d,0.033454425632953644
day_ahead_price,xgb_oof_train,global,global_model,2025-03-12 00:15:00,weekly,after_holiday_1d,0.0008422131650149822
day_ahead_price,xgb_oof_train,global,global_model,2025-03-12 00:15:00,weekly,holiday_name_Dragon Boat Festival,0.0
day_ahead_price,xgb_oof_train,global,global_model,2025-03-12 00:15:00,weekly,holiday_name_Labour Day,0.0
day_ahead_price,xgb_oof_train,global,global_model,2025-03-12 00:15:00,weekly,holiday_name_Mid-autumn Festival,0.0
day_ahead_price,xgb_oof_train,global,global_model,2025-03-12 00:15:00,weekly,holiday_name_National Day,0.0
day_ahead_price,xgb_oof_train,global,global_model,2025-03-12 00:15:00,weekly,holiday_name_New Year's Day,0.0
day_ahead_price,xgb_oof_train,global,global_model,2025-03-12 00:15:00,weekly,holiday_name_None,0.001802853774279356
day_ahead_price,xgb_oof_train,global,global_model,2025-03-12 00:15:00,weekly,holiday_name_Spring Festival,0.0
day_ahead_price,xgb_oof_train,global,global_model,2025-03-12 00:15:00,weekly,holiday_name_Tomb-sweeping Day,0.0
day_ahead_price,xgb_oof_train,valley,segment_model,2025-03-12 00:15:00,weekly,lag_1,0.5791150331497192
day_ahead_price,xgb_oof_train,valley,segment_model,2025-03-12 00:15:00,weekly,lag_2,0.13692185282707214
day_ahead_price,xgb_oof_train,valley,segment_model,2025-03-12 00:15:00,weekly,lag_4,0.004465314093977213
day_ahead_price,xgb_oof_train,valley,segment_model,2025-03-12 00:15:00,weekly,lag_96,0.008215056732296944
day_ahead_price,xgb_oof_train,valley,segment_model,2025-03-12 00:15:00,weekly,lag_192,0.0056924596428871155
day_ahead_price,xgb_oof_train,valley,segment_model,2025-03-12 00:15:00,weekly,lag_672,0.004804075229912996
day_ahead_price,xgb_oof_train,valley,segment_model,2025-03-12 00:15:00,weekly,roll_mean_4,0.1620788276195526
day_ahead_price,xgb_oof_train,valley,segment_model,2025-03-12 00:15:00,weekly,roll_mean_16,0.004371407441794872
day_ahead_price,xgb_oof_train,valley,segment_model,2025-03-12 00:15:00,weekly,roll_mean_96,0.006792861968278885
day_ahead_price,xgb_oof_train,valley,segment_model,2025-03-12 00:15:00,weekly,roll_mean_672,0.005975291132926941
day_ahead_price,xgb_oof_train,valley,segment_model,2025-03-12 00:15:00,weekly,roll_std_96,0.0052139596082270145
day_ahead_price,xgb_oof_train,valley,segment_model,2025-03-12 00:15:00,weekly,diff_1,0.016569310799241066
day_ahead_price,xgb_oof_train,valley,segment_model,2025-03-12 00:15:00,weekly,diff_96,0.0023689435329288244
day_ahead_price,xgb_oof_train,valley,segment_model,2025-03-12 00:15:00,weekly,hour,0.006407650653272867
day_ahead_price,xgb_oof_train,valley,segment_model,2025-03-12 00:15:00,weekly,minute,0.006340758875012398
day_ahead_price,xgb_oof_train,valley,segment_model,2025-03-12 00:15:00,weekly,dayofweek,0.009333266876637936
day_ahead_price,xgb_oof_train,valley,segment_model,2025-03-12 00:15:00,weekly,slot96,0.00674550561234355
day_ahead_price,xgb_oof_train,valley,segment_model,2025-03-12 00:15:00,weekly,sin_slot96,0.0037465107161551714
day_ahead_price,xgb_oof_train,valley,segment_model,2025-03-12 00:15:00,weekly,cos_slot96,0.011288135312497616
day_ahead_price,xgb_oof_train,valley,segment_model,2025-03-12 00:15:00,weekly,is_holiday,0.0
day_ahead_price,xgb_oof_train,valley,segment_model,2025-03-12 00:15:00,weekly,is_workday,0.0
day_ahead_price,xgb_oof_train,valley,segment_model,2025-03-12 00:15:00,weekly,is_weekend,0.0
day_ahead_price,xgb_oof_train,valley,segment_model,2025-03-12 00:15:00,weekly,is_makeup_workday,0.003547032130882144
day_ahead_price,xgb_oof_train,valley,segment_model,2025-03-12 00:15:00,weekly,before_holiday_1d,0.006114854943007231
day_ahead_price,xgb_oof_train,valley,segment_model,2025-03-12 00:15:00,weekly,after_holiday_1d,0.0
day_ahead_price,xgb_oof_train,valley,segment_model,2025-03-12 00:15:00,weekly,holiday_name_Dragon Boat Festival,0.0
day_ahead_price,xgb_oof_train,valley,segment_model,2025-03-12 00:15:00,weekly,holiday_name_Labour Day,0.0
day_ahead_price,xgb_oof_train,valley,segment_model,2025-03-12 00:15:00,weekly,holiday_name_Mid-autumn Festival,0.0
day_ahead_price,xgb_oof_train,valley,segment_model,2025-03-12 00:15:00,weekly,holiday_name_National Day,0.0
day_ahead_price,xgb_oof_train,valley,segment_model,2025-03-12 00:15:00,weekly,holiday_name_New Year's Day,0.0038918207865208387
day_ahead_price,xgb_oof_train,valley,segment_model,2025-03-12 00:15:00,weekly,holiday_name_None,0.0
day_ahead_price,xgb_oof_train,valley,segment_model,2025-03-12 00:15:00,weekly,holiday_name_Spring Festival,0.0
day_ahead_price,xgb_oof_train,valley,segment_model,2025-03-12 00:15:00,weekly,holiday_name_Tomb-sweeping Day,0.0
day_ahead_price,xgb_oof_train,flat,segment_model,2025-03-12 00:15:00,weekly,lag_1,0.4061708450317383
day_ahead_price,xgb_oof_train,flat,segment_model,2025-03-12 00:15:00,weekly,lag_2,0.08026514947414398
day_ahead_price,xgb_oof_train,flat,segment_model,2025-03-12 00:15:00,weekly,lag_4,0.0074106743559241295
day_ahead_price,xgb_oof_train,flat,segment_model,2025-03-12 00:15:00,weekly,lag_96,0.022454388439655304
day_ahead_price,xgb_oof_train,flat,segment_model,2025-03-12 00:15:00,weekly,lag_192,0.012686464004218578
day_ahead_price,xgb_oof_train,flat,segment_model,2025-03-12 00:15:00,weekly,lag_672,0.015433014370501041
day_ahead_price,xgb_oof_train,flat,segment_model,2025-03-12 00:15:00,weekly,roll_mean_4,0.10565545409917831
day_ahead_price,xgb_oof_train,flat,segment_model,2025-03-12 00:15:00,weekly,roll_mean_16,0.009341880679130554
day_ahead_price,xgb_oof_train,flat,segment_model,2025-03-12 00:15:00,weekly,roll_mean_96,0.007760235574096441
day_ahead_price,xgb_oof_train,flat,segment_model,2025-03-12 00:15:00,weekly,roll_mean_672,0.005351012572646141
day_ahead_price,xgb_oof_train,flat,segment_model,2025-03-12 00:15:00,weekly,roll_std_96,0.016716262325644493
day_ahead_price,xgb_oof_train,flat,segment_model,2025-03-12 00:15:00,weekly,diff_1,0.023591414093971252
day_ahead_price,xgb_oof_train,flat,segment_model,2025-03-12 00:15:00,weekly,diff_96,0.009699954651296139
day_ahead_price,xgb_oof_train,flat,segment_model,2025-03-12 00:15:00,weekly,hour,0.0030801466200500727
day_ahead_price,xgb_oof_train,flat,segment_model,2025-03-12 00:15:00,weekly,minute,0.025435877963900566
day_ahead_price,xgb_oof_train,flat,segment_model,2025-03-12 00:15:00,weekly,dayofweek,0.02610970288515091
day_ahead_price,xgb_oof_train,flat,segment_model,2025-03-12 00:15:00,weekly,slot96,0.02551141008734703
day_ahead_price,xgb_oof_train,flat,segment_model,2025-03-12 00:15:00,weekly,sin_slot96,0.1448434740304947
day_ahead_price,xgb_oof_train,flat,segment_model,2025-03-12 00:15:00,weekly,cos_slot96,0.0052688270807266235
day_ahead_price,xgb_oof_train,flat,segment_model,2025-03-12 00:15:00,weekly,is_holiday,0.0
day_ahead_price,xgb_oof_train,flat,segment_model,2025-03-12 00:15:00,weekly,is_workday,0.0
day_ahead_price,xgb_oof_train,flat,segment_model,2025-03-12 00:15:00,weekly,is_weekend,0.0
day_ahead_price,xgb_oof_train,flat,segment_model,2025-03-12 00:15:00,weekly,is_makeup_workday,0.0013472881400957704
day_ahead_price,xgb_oof_train,flat,segment_model,2025-03-12 00:15:00,weekly,before_holiday_1d,0.0
day_ahead_price,xgb_oof_train,flat,segment_model,2025-03-12 00:15:00,weekly,after_holiday_1d,0.045866500586271286
day_ahead_price,xgb_oof_train,flat,segment_model,2025-03-12 00:15:00,weekly,holiday_name_Dragon Boat Festival,0.0
day_ahead_price,xgb_oof_train,flat,segment_model,2025-03-12 00:15:00,weekly,holiday_name_Labour Day,0.0
day_ahead_price,xgb_oof_train,flat,segment_model,2025-03-12 00:15:00,weekly,holiday_name_Mid-autumn Festival,0.0
day_ahead_price,xgb_oof_train,flat,segment_model,2025-03-12 00:15:00,weekly,holiday_name_National Day,0.0
day_ahead_price,xgb_oof_train,flat,segment_model,2025-03-12 00:15:00,weekly,holiday_name_New Year's Day,0.0
day_ahead_price,xgb_oof_train,flat,segment_model,2025-03-12 00:15:00,weekly,holiday_name_None,0.0
day_ahead_price,xgb_oof_train,flat,segment_model,2025-03-12 00:15:00,weekly,holiday_name_Spring Festival,0.0
day_ahead_price,xgb_oof_train,flat,segment_model,2025-03-12 00:15:00,weekly,holiday_name_Tomb-sweeping Day,0.0
day_ahead_price,xgb_oof_train,peak,segment_model,2025-03-12 00:15:00,weekly,lag_1,0.5041444301605225
day_ahead_price,xgb_oof_train,peak,segment_model,2025-03-12 00:15:00,weekly,lag_2,0.019970938563346863
day_ahead_price,xgb_oof_train,peak,segment_model,2025-03-12 00:15:00,weekly,lag_4,0.00872952863574028
day_ahead_price,xgb_oof_train,peak,segment_model,2025-03-12 00:15:00,weekly,lag_96,0.024584606289863586
day_ahead_price,xgb_oof_train,peak,segment_model,2025-03-12 00:15:00,weekly,lag_192,0.0041335579007864
day_ahead_price,xgb_oof_train,peak,segment_model,2025-03-12 00:15:00,weekly,lag_672,0.0052422587759792805
day_ahead_price,xgb_oof_train,peak,segment_model,2025-03-12 00:15:00,weekly,roll_mean_4,0.31450068950653076
day_ahead_price,xgb_oof_train,peak,segment_model,2025-03-12 00:15:00,weekly,roll_mean_16,0.008732171729207039
day_ahead_price,xgb_oof_train,peak,segment_model,2025-03-12 00:15:00,weekly,roll_mean_96,0.005571236368268728
day_ahead_price,xgb_oof_train,peak,segment_model,2025-03-12 00:15:00,weekly,roll_mean_672,0.007430068217217922
day_ahead_price,xgb_oof_train,peak,segment_model,2025-03-12 00:15:00,weekly,roll_std_96,0.010158066637814045
day_ahead_price,xgb_oof_train,peak,segment_model,2025-03-12 00:15:00,weekly,diff_1,0.011318519711494446
day_ahead_price,xgb_oof_train,peak,segment_model,2025-03-12 00:15:00,weekly,diff_96,0.00963860284537077
day_ahead_price,xgb_oof_train,peak,segment_model,2025-03-12 00:15:00,weekly,hour,0.006138119846582413
day_ahead_price,xgb_oof_train,peak,segment_model,2025-03-12 00:15:00,weekly,minute,0.00544534157961607
day_ahead_price,xgb_oof_train,peak,segment_model,2025-03-12 00:15:00,weekly,dayofweek,0.00866834819316864
day_ahead_price,xgb_oof_train,peak,segment_model,2025-03-12 00:15:00,weekly,slot96,0.009658208116889
day_ahead_price,xgb_oof_train,peak,segment_model,2025-03-12 00:15:00,weekly,sin_slot96,0.004137513693422079
day_ahead_price,xgb_oof_train,peak,segment_model,2025-03-12 00:15:00,weekly,cos_slot96,0.008112005889415741
day_ahead_price,xgb_oof_train,peak,segment_model,2025-03-12 00:15:00,weekly,is_holiday,0.0045193517580628395
day_ahead_price,xgb_oof_train,peak,segment_model,2025-03-12 00:15:00,weekly,is_workday,0.0
day_ahead_price,xgb_oof_train,peak,segment_model,2025-03-12 00:15:00,weekly,is_weekend,0.0
day_ahead_price,xgb_oof_train,peak,segment_model,2025-03-12 00:15:00,weekly,is_makeup_workday,0.0
day_ahead_price,xgb_oof_train,peak,segment_model,2025-03-12 00:15:00,weekly,before_holiday_1d,0.005573630332946777
day_ahead_price,xgb_oof_train,peak,segment_model,2025-03-12 00:15:00,weekly,after_holiday_1d,0.008940918371081352
day_ahead_price,xgb_oof_train,peak,segment_model,2025-03-12 00:15:00,weekly,holiday_name_Dragon Boat Festival,0.0
day_ahead_price,xgb_oof_train,peak,segment_model,2025-03-12 00:15:00,weekly,holiday_name_Labour Day,0.0
day_ahead_price,xgb_oof_train,peak,segment_model,2025-03-12 00:15:00,weekly,holiday_name_Mid-autumn Festival,0.0
day_ahead_price,xgb_oof_train,peak,segment_model,2025-03-12 00:15:00,weekly,holiday_name_National Day,0.0
day_ahead_price,xgb_oof_train,peak,segment_model,2025-03-12 00:15:00,weekly,holiday_name_New Year's Day,0.0
day_ahead_price,xgb_oof_train,peak,segment_model,2025-03-12 00:15:00,weekly,holiday_name_None,0.0
day_ahead_price,xgb_oof_train,peak,segment_model,2025-03-12 00:15:00,weekly,holiday_name_Spring Festival,0.004651862196624279
day_ahead_price,xgb_oof_train,peak,segment_model,2025-03-12 00:15:00,weekly,holiday_name_Tomb-sweeping Day,0.0
day_ahead_price,xgb_oof_train,global,global_model,2025-03-19 00:15:00,weekly,lag_1,0.5143966674804688
day_ahead_price,xgb_oof_train,global,global_model,2025-03-19 00:15:00,weekly,lag_2,0.045510947704315186
day_ahead_price,xgb_oof_train,global,global_model,2025-03-19 00:15:00,weekly,lag_4,0.006682333070784807
day_ahead_price,xgb_oof_train,global,global_model,2025-03-19 00:15:00,weekly,lag_96,0.008889452554285526
day_ahead_price,xgb_oof_train,global,global_model,2025-03-19 00:15:00,weekly,lag_192,0.005846900399774313
day_ahead_price,xgb_oof_train,global,global_model,2025-03-19 00:15:00,weekly,lag_672,0.0181591734290123
day_ahead_price,xgb_oof_train,global,global_model,2025-03-19 00:15:00,weekly,roll_mean_4,0.22265684604644775
day_ahead_price,xgb_oof_train,global,global_model,2025-03-19 00:15:00,weekly,roll_mean_16,0.0062949093990027905
day_ahead_price,xgb_oof_train,global,global_model,2025-03-19 00:15:00,weekly,roll_mean_96,0.005151689518243074
day_ahead_price,xgb_oof_train,global,global_model,2025-03-19 00:15:00,weekly,roll_mean_672,0.0068368068896234035
day_ahead_price,xgb_oof_train,global,global_model,2025-03-19 00:15:00,weekly,roll_std_96,0.007879556156694889
day_ahead_price,xgb_oof_train,global,global_model,2025-03-19 00:15:00,weekly,diff_1,0.016759507358074188
day_ahead_price,xgb_oof_train,global,global_model,2025-03-19 00:15:00,weekly,diff_96,0.026215529069304466
day_ahead_price,xgb_oof_train,global,global_model,2025-03-19 00:15:00,weekly,hour,0.004949967376887798
day_ahead_price,xgb_oof_train,global,global_model,2025-03-19 00:15:00,weekly,minute,0.01243001502007246
day_ahead_price,xgb_oof_train,global,global_model,2025-03-19 00:15:00,weekly,dayofweek,0.01024083886295557
day_ahead_price,xgb_oof_train,global,global_model,2025-03-19 00:15:00,weekly,slot96,0.02195551246404648
day_ahead_price,xgb_oof_train,global,global_model,2025-03-19 00:15:00,weekly,sin_slot96,0.027876116335392
day_ahead_price,xgb_oof_train,global,global_model,2025-03-19 00:15:00,weekly,cos_slot96,0.003409705124795437
day_ahead_price,xgb_oof_train,global,global_model,2025-03-19 00:15:00,weekly,is_holiday,0.0028487197123467922
day_ahead_price,xgb_oof_train,global,global_model,2025-03-19 00:15:00,weekly,is_workday,0.0
day_ahead_price,xgb_oof_train,global,global_model,2025-03-19 00:15:00,weekly,is_weekend,0.0
day_ahead_price,xgb_oof_train,global,global_model,2025-03-19 00:15:00,weekly,is_makeup_workday,0.0
day_ahead_price,xgb_oof_train,global,global_model,2025-03-19 00:15:00,weekly,before_holiday_1d,0.02267073653638363
day_ahead_price,xgb_oof_train,global,global_model,2025-03-19 00:15:00,weekly,after_holiday_1d,0.0007030897540971637
day_ahead_price,xgb_oof_train,global,global_model,2025-03-19 00:15:00,weekly,holiday_name_Dragon Boat Festival,0.0
day_ahead_price,xgb_oof_train,global,global_model,2025-03-19 00:15:00,weekly,holiday_name_Labour Day,0.0
day_ahead_price,xgb_oof_train,global,global_model,2025-03-19 00:15:00,weekly,holiday_name_Mid-autumn Festival,0.0
day_ahead_price,xgb_oof_train,global,global_model,2025-03-19 00:15:00,weekly,holiday_name_National Day,0.0
day_ahead_price,xgb_oof_train,global,global_model,2025-03-19 00:15:00,weekly,holiday_name_New Year's Day,0.0
day_ahead_price,xgb_oof_train,global,global_model,2025-03-19 00:15:00,weekly,holiday_name_None,0.0016349565703421831
day_ahead_price,xgb_oof_train,global,global_model,2025-03-19 00:15:00,weekly,holiday_name_Spring Festival,0.0
day_ahead_price,xgb_oof_train,global,global_model,2025-03-19 00:15:00,weekly,holiday_name_Tomb-sweeping Day,0.0
day_ahead_price,xgb_oof_train,valley,segment_model,2025-03-19 00:15:00,weekly,lag_1,0.5312917828559875
day_ahead_price,xgb_oof_train,valley,segment_model,2025-03-19 00:15:00,weekly,lag_2,0.17259593307971954
day_ahead_price,xgb_oof_train,valley,segment_model,2025-03-19 00:15:00,weekly,lag_4,0.0039459834806621075
day_ahead_price,xgb_oof_train,valley,segment_model,2025-03-19 00:15:00,weekly,lag_96,0.00840764120221138
day_ahead_price,xgb_oof_train,valley,segment_model,2025-03-19 00:15:00,weekly,lag_192,0.004205105360597372
day_ahead_price,xgb_oof_train,valley,segment_model,2025-03-19 00:15:00,weekly,lag_672,0.007864315062761307
day_ahead_price,xgb_oof_train,valley,segment_model,2025-03-19 00:15:00,weekly,roll_mean_4,0.19530102610588074
day_ahead_price,xgb_oof_train,valley,segment_model,2025-03-19 00:15:00,weekly,roll_mean_16,0.004077880643308163
day_ahead_price,xgb_oof_train,valley,segment_model,2025-03-19 00:15:00,weekly,roll_mean_96,0.005634071305394173
day_ahead_price,xgb_oof_train,valley,segment_model,2025-03-19 00:15:00,weekly,roll_mean_672,0.005485560279339552
day_ahead_price,xgb_oof_train,valley,segment_model,2025-03-19 00:15:00,weekly,roll_std_96,0.004077025223523378
day_ahead_price,xgb_oof_train,valley,segment_model,2025-03-19 00:15:00,weekly,diff_1,0.016756827011704445
day_ahead_price,xgb_oof_train,valley,segment_model,2025-03-19 00:15:00,weekly,diff_96,0.00352531298995018
day_ahead_price,xgb_oof_train,valley,segment_model,2025-03-19 00:15:00,weekly,hour,0.0066566914319992065
day_ahead_price,xgb_oof_train,valley,segment_model,2025-03-19 00:15:00,weekly,minute,0.00347268208861351
day_ahead_price,xgb_oof_train,valley,segment_model,2025-03-19 00:15:00,weekly,dayofweek,0.0039810361340641975
day_ahead_price,xgb_oof_train,valley,segment_model,2025-03-19 00:15:00,weekly,slot96,0.005868213716894388
day_ahead_price,xgb_oof_train,valley,segment_model,2025-03-19 00:15:00,weekly,sin_slot96,0.002510763704776764
day_ahead_price,xgb_oof_train,valley,segment_model,2025-03-19 00:15:00,weekly,cos_slot96,0.00556581187993288
day_ahead_price,xgb_oof_train,valley,segment_model,2025-03-19 00:15:00,weekly,is_holiday,0.0
day_ahead_price,xgb_oof_train,valley,segment_model,2025-03-19 00:15:00,weekly,is_workday,0.0
day_ahead_price,xgb_oof_train,valley,segment_model,2025-03-19 00:15:00,weekly,is_weekend,0.0
day_ahead_price,xgb_oof_train,valley,segment_model,2025-03-19 00:15:00,weekly,is_makeup_workday,0.0033627268858253956
day_ahead_price,xgb_oof_train,valley,segment_model,2025-03-19 00:15:00,weekly,before_holiday_1d,0.0030594479758292437
day_ahead_price,xgb_oof_train,valley,segment_model,2025-03-19 00:15:00,weekly,after_holiday_1d,0.0
day_ahead_price,xgb_oof_train,valley,segment_model,2025-03-19 00:15:00,weekly,holiday_name_Dragon Boat Festival,0.0
day_ahead_price,xgb_oof_train,valley,segment_model,2025-03-19 00:15:00,weekly,holiday_name_Labour Day,0.0
day_ahead_price,xgb_oof_train,valley,segment_model,2025-03-19 00:15:00,weekly,holiday_name_Mid-autumn Festival,0.0
day_ahead_price,xgb_oof_train,valley,segment_model,2025-03-19 00:15:00,weekly,holiday_name_National Day,0.0
day_ahead_price,xgb_oof_train,valley,segment_model,2025-03-19 00:15:00,weekly,holiday_name_New Year's Day,0.0023541769478470087
day_ahead_price,xgb_oof_train,valley,segment_model,2025-03-19 00:15:00,weekly,holiday_name_None,0.0
day_ahead_price,xgb_oof_train,valley,segment_model,2025-03-19 00:15:00,weekly,holiday_name_Spring Festival,0.0
day_ahead_price,xgb_oof_train,valley,segment_model,2025-03-19 00:15:00,weekly,holiday_name_Tomb-sweeping Day,0.0
day_ahead_price,xgb_oof_train,flat,segment_model,2025-03-19 00:15:00,weekly,lag_1,0.40823864936828613
day_ahead_price,xgb_oof_train,flat,segment_model,2025-03-19 00:15:00,weekly,lag_2,0.06899046152830124
day_ahead_price,xgb_oof_train,flat,segment_model,2025-03-19 00:15:00,weekly,lag_4,0.011103613302111626
day_ahead_price,xgb_oof_train,flat,segment_model,2025-03-19 00:15:00,weekly,lag_96,0.031212078407406807
day_ahead_price,xgb_oof_train,flat,segment_model,2025-03-19 00:15:00,weekly,lag_192,0.011385064572095871
day_ahead_price,xgb_oof_train,flat,segment_model,2025-03-19 00:15:00,weekly,lag_672,0.010961187072098255
day_ahead_price,xgb_oof_train,flat,segment_model,2025-03-19 00:15:00,weekly,roll_mean_4,0.10114975273609161
day_ahead_price,xgb_oof_train,flat,segment_model,2025-03-19 00:15:00,weekly,roll_mean_16,0.004764170851558447
day_ahead_price,xgb_oof_train,flat,segment_model,2025-03-19 00:15:00,weekly,roll_mean_96,0.00870035495609045
day_ahead_price,xgb_oof_train,flat,segment_model,2025-03-19 00:15:00,weekly,roll_mean_672,0.008515892550349236
day_ahead_price,xgb_oof_train,flat,segment_model,2025-03-19 00:15:00,weekly,roll_std_96,0.010479956865310669
day_ahead_price,xgb_oof_train,flat,segment_model,2025-03-19 00:15:00,weekly,diff_1,0.04390374943614006
day_ahead_price,xgb_oof_train,flat,segment_model,2025-03-19 00:15:00,weekly,diff_96,0.015339791774749756
day_ahead_price,xgb_oof_train,flat,segment_model,2025-03-19 00:15:00,weekly,hour,0.005362727213650942
day_ahead_price,xgb_oof_train,flat,segment_model,2025-03-19 00:15:00,weekly,minute,0.028331371024250984
day_ahead_price,xgb_oof_train,flat,segment_model,2025-03-19 00:15:00,weekly,dayofweek,0.010324531234800816
day_ahead_price,xgb_oof_train,flat,segment_model,2025-03-19 00:15:00,weekly,slot96,0.0347050242125988
day_ahead_price,xgb_oof_train,flat,segment_model,2025-03-19 00:15:00,weekly,sin_slot96,0.1102975457906723
day_ahead_price,xgb_oof_train,flat,segment_model,2025-03-19 00:15:00,weekly,cos_slot96,0.004708985798060894
day_ahead_price,xgb_oof_train,flat,segment_model,2025-03-19 00:15:00,weekly,is_holiday,0.0
day_ahead_price,xgb_oof_train,flat,segment_model,2025-03-19 00:15:00,weekly,is_workday,0.0
day_ahead_price,xgb_oof_train,flat,segment_model,2025-03-19 00:15:00,weekly,is_weekend,0.0
day_ahead_price,xgb_oof_train,flat,segment_model,2025-03-19 00:15:00,weekly,is_makeup_workday,0.0017162536969408393
day_ahead_price,xgb_oof_train,flat,segment_model,2025-03-19 00:15:00,weekly,before_holiday_1d,0.0
day_ahead_price,xgb_oof_train,flat,segment_model,2025-03-19 00:15:00,weekly,after_holiday_1d,0.06980877369642258
day_ahead_price,xgb_oof_train,flat,segment_model,2025-03-19 00:15:00,weekly,holiday_name_Dragon Boat Festival,0.0
day_ahead_price,xgb_oof_train,flat,segment_model,2025-03-19 00:15:00,weekly,holiday_name_Labour Day,0.0
day_ahead_price,xgb_oof_train,flat,segment_model,2025-03-19 00:15:00,weekly,holiday_name_Mid-autumn Festival,0.0
day_ahead_price,xgb_oof_train,flat,segment_model,2025-03-19 00:15:00,weekly,holiday_name_National Day,0.0
day_ahead_price,xgb_oof_train,flat,segment_model,2025-03-19 00:15:00,weekly,holiday_name_New Year's Day,0.0
day_ahead_price,xgb_oof_train,flat,segment_model,2025-03-19 00:15:00,weekly,holiday_name_None,0.0
day_ahead_price,xgb_oof_train,flat,segment_model,2025-03-19 00:15:00,weekly,holiday_name_Spring Festival,0.0
day_ahead_price,xgb_oof_train,flat,segment_model,2025-03-19 00:15:00,weekly,holiday_name_Tomb-sweeping Day,0.0
day_ahead_price,xgb_oof_train,peak,segment_model,2025-03-19 00:15:00,weekly,lag_1,0.5233672857284546
day_ahead_price,xgb_oof_train,peak,segment_model,2025-03-19 00:15:00,weekly,lag_2,0.025423554703593254
day_ahead_price,xgb_oof_train,peak,segment_model,2025-03-19 00:15:00,weekly,lag_4,0.009020821191370487
day_ahead_price,xgb_oof_train,peak,segment_model,2025-03-19 00:15:00,weekly,lag_96,0.020554034039378166
day_ahead_price,xgb_oof_train,peak,segment_model,2025-03-19 00:15:00,weekly,lag_192,0.0034670087043195963
day_ahead_price,xgb_oof_train,peak,segment_model,2025-03-19 00:15:00,weekly,lag_672,0.006481635849922895
day_ahead_price,xgb_oof_train,peak,segment_model,2025-03-19 00:15:00,weekly,roll_mean_4,0.292623907327652
day_ahead_price,xgb_oof_train,peak,segment_model,2025-03-19 00:15:00,weekly,roll_mean_16,0.012275800108909607
day_ahead_price,xgb_oof_train,peak,segment_model,2025-03-19 00:15:00,weekly,roll_mean_96,0.006528827827423811
day_ahead_price,xgb_oof_train,peak,segment_model,2025-03-19 00:15:00,weekly,roll_mean_672,0.0018636666936799884
day_ahead_price,xgb_oof_train,peak,segment_model,2025-03-19 00:15:00,weekly,roll_std_96,0.008182619698345661
day_ahead_price,xgb_oof_train,peak,segment_model,2025-03-19 00:15:00,weekly,diff_1,0.011637904681265354
day_ahead_price,xgb_oof_train,peak,segment_model,2025-03-19 00:15:00,weekly,diff_96,0.009005416184663773
day_ahead_price,xgb_oof_train,peak,segment_model,2025-03-19 00:15:00,weekly,hour,0.003991925623267889
day_ahead_price,xgb_oof_train,peak,segment_model,2025-03-19 00:15:00,weekly,minute,0.006263865157961845
day_ahead_price,xgb_oof_train,peak,segment_model,2025-03-19 00:15:00,weekly,dayofweek,0.007868393324315548
day_ahead_price,xgb_oof_train,peak,segment_model,2025-03-19 00:15:00,weekly,slot96,0.010460028424859047
day_ahead_price,xgb_oof_train,peak,segment_model,2025-03-19 00:15:00,weekly,sin_slot96,0.011174650862812996
day_ahead_price,xgb_oof_train,peak,segment_model,2025-03-19 00:15:00,weekly,cos_slot96,0.008585629053413868
day_ahead_price,xgb_oof_train,peak,segment_model,2025-03-19 00:15:00,weekly,is_holiday,0.00036655954318121076
day_ahead_price,xgb_oof_train,peak,segment_model,2025-03-19 00:15:00,weekly,is_workday,0.00412449287250638
day_ahead_price,xgb_oof_train,peak,segment_model,2025-03-19 00:15:00,weekly,is_weekend,0.0
day_ahead_price,xgb_oof_train,peak,segment_model,2025-03-19 00:15:00,weekly,is_makeup_workday,0.0
day_ahead_price,xgb_oof_train,peak,segment_model,2025-03-19 00:15:00,weekly,before_holiday_1d,0.0
day_ahead_price,xgb_oof_train,peak,segment_model,2025-03-19 00:15:00,weekly,after_holiday_1d,0.012337946332991123
day_ahead_price,xgb_oof_train,peak,segment_model,2025-03-19 00:15:00,weekly,holiday_name_Dragon Boat Festival,0.0
day_ahead_price,xgb_oof_train,peak,segment_model,2025-03-19 00:15:00,weekly,holiday_name_Labour Day,0.0
day_ahead_price,xgb_oof_train,peak,segment_model,2025-03-19 00:15:00,weekly,holiday_name_Mid-autumn Festival,0.0
day_ahead_price,xgb_oof_train,peak,segment_model,2025-03-19 00:15:00,weekly,holiday_name_National Day,0.0
day_ahead_price,xgb_oof_train,peak,segment_model,2025-03-19 00:15:00,weekly,holiday_name_New Year's Day,0.0
day_ahead_price,xgb_oof_train,peak,segment_model,2025-03-19 00:15:00,weekly,holiday_name_None,0.0
day_ahead_price,xgb_oof_train,peak,segment_model,2025-03-19 00:15:00,weekly,holiday_name_Spring Festival,0.004394056275486946
day_ahead_price,xgb_oof_train,peak,segment_model,2025-03-19 00:15:00,weekly,holiday_name_Tomb-sweeping Day,0.0
day_ahead_price,xgb_oof_train,global,global_model,2025-03-26 00:15:00,weekly,lag_1,0.47627222537994385
day_ahead_price,xgb_oof_train,global,global_model,2025-03-26 00:15:00,weekly,lag_2,0.029908601194620132
day_ahead_price,xgb_oof_train,global,global_model,2025-03-26 00:15:00,weekly,lag_4,0.005527229979634285
day_ahead_price,xgb_oof_train,global,global_model,2025-03-26 00:15:00,weekly,lag_96,0.007001817226409912
day_ahead_price,xgb_oof_train,global,global_model,2025-03-26 00:15:00,weekly,lag_192,0.003964052069932222
day_ahead_price,xgb_oof_train,global,global_model,2025-03-26 00:15:00,weekly,lag_672,0.014041146263480186
day_ahead_price,xgb_oof_train,global,global_model,2025-03-26 00:15:00,weekly,roll_mean_4,0.28251469135284424
day_ahead_price,xgb_oof_train,global,global_model,2025-03-26 00:15:00,weekly,roll_mean_16,0.004337041638791561
day_ahead_price,xgb_oof_train,global,global_model,2025-03-26 00:15:00,weekly,roll_mean_96,0.0028505034279078245
day_ahead_price,xgb_oof_train,global,global_model,2025-03-26 00:15:00,weekly,roll_mean_672,0.009811490774154663
day_ahead_price,xgb_oof_train,global,global_model,2025-03-26 00:15:00,weekly,roll_std_96,0.004633757751435041
day_ahead_price,xgb_oof_train,global,global_model,2025-03-26 00:15:00,weekly,diff_1,0.014190655201673508
day_ahead_price,xgb_oof_train,global,global_model,2025-03-26 00:15:00,weekly,diff_96,0.02877010777592659
day_ahead_price,xgb_oof_train,global,global_model,2025-03-26 00:15:00,weekly,hour,0.004118934739381075
day_ahead_price,xgb_oof_train,global,global_model,2025-03-26 00:15:00,weekly,minute,0.03311453014612198
day_ahead_price,xgb_oof_train,global,global_model,2025-03-26 00:15:00,weekly,dayofweek,0.005034191068261862
day_ahead_price,xgb_oof_train,global,global_model,2025-03-26 00:15:00,weekly,slot96,0.01816108636558056
day_ahead_price,xgb_oof_train,global,global_model,2025-03-26 00:15:00,weekly,sin_slot96,0.030810540542006493
day_ahead_price,xgb_oof_train,global,global_model,2025-03-26 00:15:00,weekly,cos_slot96,0.004712444264441729
day_ahead_price,xgb_oof_train,global,global_model,2025-03-26 00:15:00,weekly,is_holiday,0.0023639819119125605
day_ahead_price,xgb_oof_train,global,global_model,2025-03-26 00:15:00,weekly,is_workday,0.0
day_ahead_price,xgb_oof_train,global,global_model,2025-03-26 00:15:00,weekly,is_weekend,0.0
day_ahead_price,xgb_oof_train,global,global_model,2025-03-26 00:15:00,weekly,is_makeup_workday,0.0
day_ahead_price,xgb_oof_train,global,global_model,2025-03-26 00:15:00,weekly,before_holiday_1d,0.0013161854585632682
day_ahead_price,xgb_oof_train,global,global_model,2025-03-26 00:15:00,weekly,after_holiday_1d,0.01654483936727047
day_ahead_price,xgb_oof_train,global,global_model,2025-03-26 00:15:00,weekly,holiday_name_Dragon Boat Festival,0.0
day_ahead_price,xgb_oof_train,global,global_model,2025-03-26 00:15:00,weekly,holiday_name_Labour Day,0.0
day_ahead_price,xgb_oof_train,global,global_model,2025-03-26 00:15:00,weekly,holiday_name_Mid-autumn Festival,0.0
day_ahead_price,xgb_oof_train,global,global_model,2025-03-26 00:15:00,weekly,holiday_name_National Day,0.0
day_ahead_price,xgb_oof_train,global,global_model,2025-03-26 00:15:00,weekly,holiday_name_New Year's Day,0.0
day_ahead_price,xgb_oof_train,global,global_model,2025-03-26 00:15:00,weekly,holiday_name_None,0.0
day_ahead_price,xgb_oof_train,global,global_model,2025-03-26 00:15:00,weekly,holiday_name_Spring Festival,0.0
day_ahead_price,xgb_oof_train,global,global_model,2025-03-26 00:15:00,weekly,holiday_name_Tomb-sweeping Day,0.0
day_ahead_price,xgb_oof_train,valley,segment_model,2025-03-26 00:15:00,weekly,lag_1,0.5283092856407166
day_ahead_price,xgb_oof_train,valley,segment_model,2025-03-26 00:15:00,weekly,lag_2,0.1736907958984375
day_ahead_price,xgb_oof_train,valley,segment_model,2025-03-26 00:15:00,weekly,lag_4,0.004128609783947468
day_ahead_price,xgb_oof_train,valley,segment_model,2025-03-26 00:15:00,weekly,lag_96,0.007270457688719034
day_ahead_price,xgb_oof_train,valley,segment_model,2025-03-26 00:15:00,weekly,lag_192,0.00386504502967
day_ahead_price,xgb_oof_train,valley,segment_model,2025-03-26 00:15:00,weekly,lag_672,0.008569450117647648
day_ahead_price,xgb_oof_train,valley,segment_model,2025-03-26 00:15:00,weekly,roll_mean_4,0.1881311982870102
day_ahead_price,xgb_oof_train,valley,segment_model,2025-03-26 00:15:00,weekly,roll_mean_16,0.004137919284403324
day_ahead_price,xgb_oof_train,valley,segment_model,2025-03-26 00:15:00,weekly,roll_mean_96,0.004612552002072334
day_ahead_price,xgb_oof_train,valley,segment_model,2025-03-26 00:15:00,weekly,roll_mean_672,0.005980358924716711
day_ahead_price,xgb_oof_train,valley,segment_model,2025-03-26 00:15:00,weekly,roll_std_96,0.004649417474865913
day_ahead_price,xgb_oof_train,valley,segment_model,2025-03-26 00:15:00,weekly,diff_1,0.015103563666343689
day_ahead_price,xgb_oof_train,valley,segment_model,2025-03-26 00:15:00,weekly,diff_96,0.003132589627057314
day_ahead_price,xgb_oof_train,valley,segment_model,2025-03-26 00:15:00,weekly,hour,0.007263937033712864
day_ahead_price,xgb_oof_train,valley,segment_model,2025-03-26 00:15:00,weekly,minute,0.007787288632243872
day_ahead_price,xgb_oof_train,valley,segment_model,2025-03-26 00:15:00,weekly,dayofweek,0.006000596564263105
day_ahead_price,xgb_oof_train,valley,segment_model,2025-03-26 00:15:00,weekly,slot96,0.0056038000620901585
day_ahead_price,xgb_oof_train,valley,segment_model,2025-03-26 00:15:00,weekly,sin_slot96,0.0045721642673015594
day_ahead_price,xgb_oof_train,valley,segment_model,2025-03-26 00:15:00,weekly,cos_slot96,0.00822847057133913
day_ahead_price,xgb_oof_train,valley,segment_model,2025-03-26 00:15:00,weekly,is_holiday,0.0
day_ahead_price,xgb_oof_train,valley,segment_model,2025-03-26 00:15:00,weekly,is_workday,0.0
day_ahead_price,xgb_oof_train,valley,segment_model,2025-03-26 00:15:00,weekly,is_weekend,0.0
day_ahead_price,xgb_oof_train,valley,segment_model,2025-03-26 00:15:00,weekly,is_makeup_workday,0.0022225191351026297
day_ahead_price,xgb_oof_train,valley,segment_model,2025-03-26 00:15:00,weekly,before_holiday_1d,0.00399094820022583
day_ahead_price,xgb_oof_train,valley,segment_model,2025-03-26 00:15:00,weekly,after_holiday_1d,0.0
day_ahead_price,xgb_oof_train,valley,segment_model,2025-03-26 00:15:00,weekly,holiday_name_Dragon Boat Festival,0.0
day_ahead_price,xgb_oof_train,valley,segment_model,2025-03-26 00:15:00,weekly,holiday_name_Labour Day,0.0
day_ahead_price,xgb_oof_train,valley,segment_model,2025-03-26 00:15:00,weekly,holiday_name_Mid-autumn Festival,0.0
day_ahead_price,xgb_oof_train,valley,segment_model,2025-03-26 00:15:00,weekly,holiday_name_National Day,0.0
day_ahead_price,xgb_oof_train,valley,segment_model,2025-03-26 00:15:00,weekly,holiday_name_New Year's Day,0.002748994855210185
day_ahead_price,xgb_oof_train,valley,segment_model,2025-03-26 00:15:00,weekly,holiday_name_None,0.0
day_ahead_price,xgb_oof_train,valley,segment_model,2025-03-26 00:15:00,weekly,holiday_name_Spring Festival,0.0
day_ahead_price,xgb_oof_train,valley,segment_model,2025-03-26 00:15:00,weekly,holiday_name_Tomb-sweeping Day,0.0
day_ahead_price,xgb_oof_train,flat,segment_model,2025-03-26 00:15:00,weekly,lag_1,0.3897791802883148
day_ahead_price,xgb_oof_train,flat,segment_model,2025-03-26 00:15:00,weekly,lag_2,0.05283321440219879
day_ahead_price,xgb_oof_train,flat,segment_model,2025-03-26 00:15:00,weekly,lag_4,0.010100464336574078
day_ahead_price,xgb_oof_train,flat,segment_model,2025-03-26 00:15:00,weekly,lag_96,0.020027775317430496
day_ahead_price,xgb_oof_train,flat,segment_model,2025-03-26 00:15:00,weekly,lag_192,0.009482884779572487
day_ahead_price,xgb_oof_train,flat,segment_model,2025-03-26 00:15:00,weekly,lag_672,0.011414434760808945
day_ahead_price,xgb_oof_train,flat,segment_model,2025-03-26 00:15:00,weekly,roll_mean_4,0.15244579315185547
day_ahead_price,xgb_oof_train,flat,segment_model,2025-03-26 00:15:00,weekly,roll_mean_16,0.0055522434413433075
day_ahead_price,xgb_oof_train,flat,segment_model,2025-03-26 00:15:00,weekly,roll_mean_96,0.007666444405913353
day_ahead_price,xgb_oof_train,flat,segment_model,2025-03-26 00:15:00,weekly,roll_mean_672,0.005207788199186325
day_ahead_price,xgb_oof_train,flat,segment_model,2025-03-26 00:15:00,weekly,roll_std_96,0.013750079087913036
day_ahead_price,xgb_oof_train,flat,segment_model,2025-03-26 00:15:00,weekly,diff_1,0.04325982928276062
day_ahead_price,xgb_oof_train,flat,segment_model,2025-03-26 00:15:00,weekly,diff_96,0.013798844069242477
day_ahead_price,xgb_oof_train,flat,segment_model,2025-03-26 00:15:00,weekly,hour,0.002199361100792885
day_ahead_price,xgb_oof_train,flat,segment_model,2025-03-26 00:15:00,weekly,minute,0.02961118146777153
day_ahead_price,xgb_oof_train,flat,segment_model,2025-03-26 00:15:00,weekly,dayofweek,0.01559156272560358
day_ahead_price,xgb_oof_train,flat,segment_model,2025-03-26 00:15:00,weekly,slot96,0.02741405926644802
day_ahead_price,xgb_oof_train,flat,segment_model,2025-03-26 00:15:00,weekly,sin_slot96,0.1234092190861702
day_ahead_price,xgb_oof_train,flat,segment_model,2025-03-26 00:15:00,weekly,cos_slot96,0.005975076463073492
day_ahead_price,xgb_oof_train,flat,segment_model,2025-03-26 00:15:00,weekly,is_holiday,0.005041236057877541
day_ahead_price,xgb_oof_train,flat,segment_model,2025-03-26 00:15:00,weekly,is_workday,0.0
day_ahead_price,xgb_oof_train,flat,segment_model,2025-03-26 00:15:00,weekly,is_weekend,0.0
day_ahead_price,xgb_oof_train,flat,segment_model,2025-03-26 00:15:00,weekly,is_makeup_workday,0.0006173704750835896
day_ahead_price,xgb_oof_train,flat,segment_model,2025-03-26 00:15:00,weekly,before_holiday_1d,0.0
day_ahead_price,xgb_oof_train,flat,segment_model,2025-03-26 00:15:00,weekly,after_holiday_1d,0.05482195317745209
day_ahead_price,xgb_oof_train,flat,segment_model,2025-03-26 00:15:00,weekly,holiday_name_Dragon Boat Festival,0.0
day_ahead_price,xgb_oof_train,flat,segment_model,2025-03-26 00:15:00,weekly,holiday_name_Labour Day,0.0
day_ahead_price,xgb_oof_train,flat,segment_model,2025-03-26 00:15:00,weekly,holiday_name_Mid-autumn Festival,0.0
day_ahead_price,xgb_oof_train,flat,segment_model,2025-03-26 00:15:00,weekly,holiday_name_National Day,0.0
day_ahead_price,xgb_oof_train,flat,segment_model,2025-03-26 00:15:00,weekly,holiday_name_New Year's Day,0.0
day_ahead_price,xgb_oof_train,flat,segment_model,2025-03-26 00:15:00,weekly,holiday_name_None,0.0
day_ahead_price,xgb_oof_train,flat,segment_model,2025-03-26 00:15:00,weekly,holiday_name_Spring Festival,0.0
day_ahead_price,xgb_oof_train,flat,segment_model,2025-03-26 00:15:00,weekly,holiday_name_Tomb-sweeping Day,0.0
day_ahead_price,xgb_oof_train,peak,segment_model,2025-03-26 00:15:00,weekly,lag_1,0.5272159576416016
day_ahead_price,xgb_oof_train,peak,segment_model,2025-03-26 00:15:00,weekly,lag_2,0.027302084490656853
day_ahead_price,xgb_oof_train,peak,segment_model,2025-03-26 00:15:00,weekly,lag_4,0.008254414424300194
day_ahead_price,xgb_oof_train,peak,segment_model,2025-03-26 00:15:00,weekly,lag_96,0.02413925901055336
day_ahead_price,xgb_oof_train,peak,segment_model,2025-03-26 00:15:00,weekly,lag_192,0.0030178928282111883
day_ahead_price,xgb_oof_train,peak,segment_model,2025-03-26 00:15:00,weekly,lag_672,0.0047357045114040375
day_ahead_price,xgb_oof_train,peak,segment_model,2025-03-26 00:15:00,weekly,roll_mean_4,0.289702832698822
day_ahead_price,xgb_oof_train,peak,segment_model,2025-03-26 00:15:00,weekly,roll_mean_16,0.010689305141568184
day_ahead_price,xgb_oof_train,peak,segment_model,2025-03-26 00:15:00,weekly,roll_mean_96,0.006149826105684042
day_ahead_price,xgb_oof_train,peak,segment_model,2025-03-26 00:15:00,weekly,roll_mean_672,0.005391669925302267
day_ahead_price,xgb_oof_train,peak,segment_model,2025-03-26 00:15:00,weekly,roll_std_96,0.007681550458073616
day_ahead_price,xgb_oof_train,peak,segment_model,2025-03-26 00:15:00,weekly,diff_1,0.012274443171918392
day_ahead_price,xgb_oof_train,peak,segment_model,2025-03-26 00:15:00,weekly,diff_96,0.008724222891032696
day_ahead_price,xgb_oof_train,peak,segment_model,2025-03-26 00:15:00,weekly,hour,0.005361407995223999
day_ahead_price,xgb_oof_train,peak,segment_model,2025-03-26 00:15:00,weekly,minute,0.005673373583704233
day_ahead_price,xgb_oof_train,peak,segment_model,2025-03-26 00:15:00,weekly,dayofweek,0.008479909971356392
day_ahead_price,xgb_oof_train,peak,segment_model,2025-03-26 00:15:00,weekly,slot96,0.011977851390838623
day_ahead_price,xgb_oof_train,peak,segment_model,2025-03-26 00:15:00,weekly,sin_slot96,0.0037521561607718468
day_ahead_price,xgb_oof_train,peak,segment_model,2025-03-26 00:15:00,weekly,cos_slot96,0.007392097730189562
day_ahead_price,xgb_oof_train,peak,segment_model,2025-03-26 00:15:00,weekly,is_holiday,0.0
day_ahead_price,xgb_oof_train,peak,segment_model,2025-03-26 00:15:00,weekly,is_workday,0.004646384157240391
day_ahead_price,xgb_oof_train,peak,segment_model,2025-03-26 00:15:00,weekly,is_weekend,0.0
day_ahead_price,xgb_oof_train,peak,segment_model,2025-03-26 00:15:00,weekly,is_makeup_workday,0.0
day_ahead_price,xgb_oof_train,peak,segment_model,2025-03-26 00:15:00,weekly,before_holiday_1d,0.0
day_ahead_price,xgb_oof_train,peak,segment_model,2025-03-26 00:15:00,weekly,after_holiday_1d,0.013290521688759327
day_ahead_price,xgb_oof_train,peak,segment_model,2025-03-26 00:15:00,weekly,holiday_name_Dragon Boat Festival,0.0
day_ahead_price,xgb_oof_train,peak,segment_model,2025-03-26 00:15:00,weekly,holiday_name_Labour Day,0.0
day_ahead_price,xgb_oof_train,peak,segment_model,2025-03-26 00:15:00,weekly,holiday_name_Mid-autumn Festival,0.0
day_ahead_price,xgb_oof_train,peak,segment_model,2025-03-26 00:15:00,weekly,holiday_name_National Day,0.0
day_ahead_price,xgb_oof_train,peak,segment_model,2025-03-26 00:15:00,weekly,holiday_name_New Year's Day,0.0
day_ahead_price,xgb_oof_train,peak,segment_model,2025-03-26 00:15:00,weekly,holiday_name_None,0.0
day_ahead_price,xgb_oof_train,peak,segment_model,2025-03-26 00:15:00,weekly,holiday_name_Spring Festival,0.004147228319197893
day_ahead_price,xgb_oof_train,peak,segment_model,2025-03-26 00:15:00,weekly,holiday_name_Tomb-sweeping Day,0.0
day_ahead_price,xgb_oof_train,global,global_model,2025-04-02 00:15:00,weekly,lag_1,0.4513639509677887
day_ahead_price,xgb_oof_train,global,global_model,2025-04-02 00:15:00,weekly,lag_2,0.026531847193837166
day_ahead_price,xgb_oof_train,global,global_model,2025-04-02 00:15:00,weekly,lag_4,0.0063635557889938354
day_ahead_price,xgb_oof_train,global,global_model,2025-04-02 00:15:00,weekly,lag_96,0.004218986723572016
day_ahead_price,xgb_oof_train,global,global_model,2025-04-02 00:15:00,weekly,lag_192,0.004431457258760929
day_ahead_price,xgb_oof_train,global,global_model,2025-04-02 00:15:00,weekly,lag_672,0.011888362467288971
day_ahead_price,xgb_oof_train,global,global_model,2025-04-02 00:15:00,weekly,roll_mean_4,0.3145444095134735
day_ahead_price,xgb_oof_train,global,global_model,2025-04-02 00:15:00,weekly,roll_mean_16,0.004302275832742453
day_ahead_price,xgb_oof_train,global,global_model,2025-04-02 00:15:00,weekly,roll_mean_96,0.0024449224583804607
day_ahead_price,xgb_oof_train,global,global_model,2025-04-02 00:15:00,weekly,roll_mean_672,0.005258854944258928
day_ahead_price,xgb_oof_train,global,global_model,2025-04-02 00:15:00,weekly,roll_std_96,0.006874139420688152
day_ahead_price,xgb_oof_train,global,global_model,2025-04-02 00:15:00,weekly,diff_1,0.012895927764475346
day_ahead_price,xgb_oof_train,global,global_model,2025-04-02 00:15:00,weekly,diff_96,0.02200952358543873
day_ahead_price,xgb_oof_train,global,global_model,2025-04-02 00:15:00,weekly,hour,0.0036574373953044415
day_ahead_price,xgb_oof_train,global,global_model,2025-04-02 00:15:00,weekly,minute,0.030499884858727455
day_ahead_price,xgb_oof_train,global,global_model,2025-04-02 00:15:00,weekly,dayofweek,0.004381438251584768
day_ahead_price,xgb_oof_train,global,global_model,2025-04-02 00:15:00,weekly,slot96,0.021583599969744682
day_ahead_price,xgb_oof_train,global,global_model,2025-04-02 00:15:00,weekly,sin_slot96,0.024763602763414383
day_ahead_price,xgb_oof_train,global,global_model,2025-04-02 00:15:00,weekly,cos_slot96,0.005132772959768772
day_ahead_price,xgb_oof_train,global,global_model,2025-04-02 00:15:00,weekly,is_holiday,0.0
day_ahead_price,xgb_oof_train,global,global_model,2025-04-02 00:15:00,weekly,is_workday,0.0
day_ahead_price,xgb_oof_train,global,global_model,2025-04-02 00:15:00,weekly,is_weekend,0.0
day_ahead_price,xgb_oof_train,global,global_model,2025-04-02 00:15:00,weekly,is_makeup_workday,0.0
day_ahead_price,xgb_oof_train,global,global_model,2025-04-02 00:15:00,weekly,before_holiday_1d,0.00032131283660419285
day_ahead_price,xgb_oof_train,global,global_model,2025-04-02 00:15:00,weekly,after_holiday_1d,0.0365317165851593
day_ahead_price,xgb_oof_train,global,global_model,2025-04-02 00:15:00,weekly,holiday_name_Dragon Boat Festival,0.0
day_ahead_price,xgb_oof_train,global,global_model,2025-04-02 00:15:00,weekly,holiday_name_Labour Day,0.0
day_ahead_price,xgb_oof_train,global,global_model,2025-04-02 00:15:00,weekly,holiday_name_Mid-autumn Festival,0.0
day_ahead_price,xgb_oof_train,global,global_model,2025-04-02 00:15:00,weekly,holiday_name_National Day,0.0
day_ahead_price,xgb_oof_train,global,global_model,2025-04-02 00:15:00,weekly,holiday_name_New Year's Day,0.0
day_ahead_price,xgb_oof_train,global,global_model,2025-04-02 00:15:00,weekly,holiday_name_None,0.0
day_ahead_price,xgb_oof_train,global,global_model,2025-04-02 00:15:00,weekly,holiday_name_Spring Festival,0.0
day_ahead_price,xgb_oof_train,global,global_model,2025-04-02 00:15:00,weekly,holiday_name_Tomb-sweeping Day,0.0
day_ahead_price,xgb_oof_train,valley,segment_model,2025-04-02 00:15:00,weekly,lag_1,0.5588886737823486
day_ahead_price,xgb_oof_train,valley,segment_model,2025-04-02 00:15:00,weekly,lag_2,0.17721602320671082
day_ahead_price,xgb_oof_train,valley,segment_model,2025-04-02 00:15:00,weekly,lag_4,0.0040688421577215195
day_ahead_price,xgb_oof_train,valley,segment_model,2025-04-02 00:15:00,weekly,lag_96,0.008734398521482944
day_ahead_price,xgb_oof_train,valley,segment_model,2025-04-02 00:15:00,weekly,lag_192,0.003248988650739193
day_ahead_price,xgb_oof_train,valley,segment_model,2025-04-02 00:15:00,weekly,lag_672,0.006837842520326376
day_ahead_price,xgb_oof_train,valley,segment_model,2025-04-02 00:15:00,weekly,roll_mean_4,0.1585966944694519
day_ahead_price,xgb_oof_train,valley,segment_model,2025-04-02 00:15:00,weekly,roll_mean_16,0.0033584365155547857
day_ahead_price,xgb_oof_train,valley,segment_model,2025-04-02 00:15:00,weekly,roll_mean_96,0.00473097013309598
day_ahead_price,xgb_oof_train,valley,segment_model,2025-04-02 00:15:00,weekly,roll_mean_672,0.005331770051270723
day_ahead_price,xgb_oof_train,valley,segment_model,2025-04-02 00:15:00,weekly,roll_std_96,0.005155353806912899
day_ahead_price,xgb_oof_train,valley,segment_model,2025-04-02 00:15:00,weekly,diff_1,0.016371257603168488
day_ahead_price,xgb_oof_train,valley,segment_model,2025-04-02 00:15:00,weekly,diff_96,0.00421274034306407
day_ahead_price,xgb_oof_train,valley,segment_model,2025-04-02 00:15:00,weekly,hour,0.006568023469299078
day_ahead_price,xgb_oof_train,valley,segment_model,2025-04-02 00:15:00,weekly,minute,0.006577098276466131
day_ahead_price,xgb_oof_train,valley,segment_model,2025-04-02 00:15:00,weekly,dayofweek,0.0038434937596321106
day_ahead_price,xgb_oof_train,valley,segment_model,2025-04-02 00:15:00,weekly,slot96,0.005528891924768686
day_ahead_price,xgb_oof_train,valley,segment_model,2025-04-02 00:15:00,weekly,sin_slot96,0.005755848716944456
day_ahead_price,xgb_oof_train,valley,segment_model,2025-04-02 00:15:00,weekly,cos_slot96,0.005770795978605747
day_ahead_price,xgb_oof_train,valley,segment_model,2025-04-02 00:15:00,weekly,is_holiday,0.0
day_ahead_price,xgb_oof_train,valley,segment_model,2025-04-02 00:15:00,weekly,is_workday,0.0
day_ahead_price,xgb_oof_train,valley,segment_model,2025-04-02 00:15:00,weekly,is_weekend,0.0
day_ahead_price,xgb_oof_train,valley,segment_model,2025-04-02 00:15:00,weekly,is_makeup_workday,0.002796592190861702
day_ahead_price,xgb_oof_train,valley,segment_model,2025-04-02 00:15:00,weekly,before_holiday_1d,0.0
day_ahead_price,xgb_oof_train,valley,segment_model,2025-04-02 00:15:00,weekly,after_holiday_1d,0.0
day_ahead_price,xgb_oof_train,valley,segment_model,2025-04-02 00:15:00,weekly,holiday_name_Dragon Boat Festival,0.0
day_ahead_price,xgb_oof_train,valley,segment_model,2025-04-02 00:15:00,weekly,holiday_name_Labour Day,0.0
day_ahead_price,xgb_oof_train,valley,segment_model,2025-04-02 00:15:00,weekly,holiday_name_Mid-autumn Festival,0.0
day_ahead_price,xgb_oof_train,valley,segment_model,2025-04-02 00:15:00,weekly,holiday_name_National Day,0.0
day_ahead_price,xgb_oof_train,valley,segment_model,2025-04-02 00:15:00,weekly,holiday_name_New Year's Day,0.002844636095687747
day_ahead_price,xgb_oof_train,valley,segment_model,2025-04-02 00:15:00,weekly,holiday_name_None,0.003562579397112131
day_ahead_price,xgb_oof_train,valley,segment_model,2025-04-02 00:15:00,weekly,holiday_name_Spring Festival,0.0
day_ahead_price,xgb_oof_train,valley,segment_model,2025-04-02 00:15:00,weekly,holiday_name_Tomb-sweeping Day,0.0
day_ahead_price,xgb_oof_train,flat,segment_model,2025-04-02 00:15:00,weekly,lag_1,0.42382001876831055
day_ahead_price,xgb_oof_train,flat,segment_model,2025-04-02 00:15:00,weekly,lag_2,0.07719742506742477
day_ahead_price,xgb_oof_train,flat,segment_model,2025-04-02 00:15:00,weekly,lag_4,0.011983162723481655
day_ahead_price,xgb_oof_train,flat,segment_model,2025-04-02 00:15:00,weekly,lag_96,0.031411461532115936
day_ahead_price,xgb_oof_train,flat,segment_model,2025-04-02 00:15:00,weekly,lag_192,0.008387918584048748
day_ahead_price,xgb_oof_train,flat,segment_model,2025-04-02 00:15:00,weekly,lag_672,0.015254618600010872
day_ahead_price,xgb_oof_train,flat,segment_model,2025-04-02 00:15:00,weekly,roll_mean_4,0.10048110783100128
day_ahead_price,xgb_oof_train,flat,segment_model,2025-04-02 00:15:00,weekly,roll_mean_16,0.004748170264065266
day_ahead_price,xgb_oof_train,flat,segment_model,2025-04-02 00:15:00,weekly,roll_mean_96,0.007815802469849586
day_ahead_price,xgb_oof_train,flat,segment_model,2025-04-02 00:15:00,weekly,roll_mean_672,0.004523037932813168
day_ahead_price,xgb_oof_train,flat,segment_model,2025-04-02 00:15:00,weekly,roll_std_96,0.01844618283212185
day_ahead_price,xgb_oof_train,flat,segment_model,2025-04-02 00:15:00,weekly,diff_1,0.0314905159175396
day_ahead_price,xgb_oof_train,flat,segment_model,2025-04-02 00:15:00,weekly,diff_96,0.017284320667386055
day_ahead_price,xgb_oof_train,flat,segment_model,2025-04-02 00:15:00,weekly,hour,0.0018540449673309922
day_ahead_price,xgb_oof_train,flat,segment_model,2025-04-02 00:15:00,weekly,minute,0.025716185569763184
day_ahead_price,xgb_oof_train,flat,segment_model,2025-04-02 00:15:00,weekly,dayofweek,0.016616761684417725
day_ahead_price,xgb_oof_train,flat,segment_model,2025-04-02 00:15:00,weekly,slot96,0.026792198419570923
day_ahead_price,xgb_oof_train,flat,segment_model,2025-04-02 00:15:00,weekly,sin_slot96,0.11425859481096268
day_ahead_price,xgb_oof_train,flat,segment_model,2025-04-02 00:15:00,weekly,cos_slot96,0.005834176205098629
day_ahead_price,xgb_oof_train,flat,segment_model,2025-04-02 00:15:00,weekly,is_holiday,0.003787459572777152
day_ahead_price,xgb_oof_train,flat,segment_model,2025-04-02 00:15:00,weekly,is_workday,0.0
day_ahead_price,xgb_oof_train,flat,segment_model,2025-04-02 00:15:00,weekly,is_weekend,0.0
day_ahead_price,xgb_oof_train,flat,segment_model,2025-04-02 00:15:00,weekly,is_makeup_workday,0.0
day_ahead_price,xgb_oof_train,flat,segment_model,2025-04-02 00:15:00,weekly,before_holiday_1d,0.0
day_ahead_price,xgb_oof_train,flat,segment_model,2025-04-02 00:15:00,weekly,after_holiday_1d,0.052296776324510574
day_ahead_price,xgb_oof_train,flat,segment_model,2025-04-02 00:15:00,weekly,holiday_name_Dragon Boat Festival,0.0
day_ahead_price,xgb_oof_train,flat,segment_model,2025-04-02 00:15:00,weekly,holiday_name_Labour Day,0.0
day_ahead_price,xgb_oof_train,flat,segment_model,2025-04-02 00:15:00,weekly,holiday_name_Mid-autumn Festival,0.0
day_ahead_price,xgb_oof_train,flat,segment_model,2025-04-02 00:15:00,weekly,holiday_name_National Day,0.0
day_ahead_price,xgb_oof_train,flat,segment_model,2025-04-02 00:15:00,weekly,holiday_name_New Year's Day,0.0
day_ahead_price,xgb_oof_train,flat,segment_model,2025-04-02 00:15:00,weekly,holiday_name_None,0.0
day_ahead_price,xgb_oof_train,flat,segment_model,2025-04-02 00:15:00,weekly,holiday_name_Spring Festival,0.0
day_ahead_price,xgb_oof_train,flat,segment_model,2025-04-02 00:15:00,weekly,holiday_name_Tomb-sweeping Day,0.0
day_ahead_price,xgb_oof_train,peak,segment_model,2025-04-02 00:15:00,weekly,lag_1,0.5200297236442566
day_ahead_price,xgb_oof_train,peak,segment_model,2025-04-02 00:15:00,weekly,lag_2,0.02660832554101944
day_ahead_price,xgb_oof_train,peak,segment_model,2025-04-02 00:15:00,weekly,lag_4,0.009036536328494549
day_ahead_price,xgb_oof_train,peak,segment_model,2025-04-02 00:15:00,weekly,lag_96,0.022794140502810478
day_ahead_price,xgb_oof_train,peak,segment_model,2025-04-02 00:15:00,weekly,lag_192,0.0036820832174271345
day_ahead_price,xgb_oof_train,peak,segment_model,2025-04-02 00:15:00,weekly,lag_672,0.004921413958072662
day_ahead_price,xgb_oof_train,peak,segment_model,2025-04-02 00:15:00,weekly,roll_mean_4,0.2853964567184448
day_ahead_price,xgb_oof_train,peak,segment_model,2025-04-02 00:15:00,weekly,roll_mean_16,0.011727096512913704
day_ahead_price,xgb_oof_train,peak,segment_model,2025-04-02 00:15:00,weekly,roll_mean_96,0.006609609350562096
day_ahead_price,xgb_oof_train,peak,segment_model,2025-04-02 00:15:00,weekly,roll_mean_672,0.002462840173393488
day_ahead_price,xgb_oof_train,peak,segment_model,2025-04-02 00:15:00,weekly,roll_std_96,0.007510419934988022
day_ahead_price,xgb_oof_train,peak,segment_model,2025-04-02 00:15:00,weekly,diff_1,0.010119452141225338
day_ahead_price,xgb_oof_train,peak,segment_model,2025-04-02 00:15:00,weekly,diff_96,0.007958943955600262
day_ahead_price,xgb_oof_train,peak,segment_model,2025-04-02 00:15:00,weekly,hour,0.00838180910795927
day_ahead_price,xgb_oof_train,peak,segment_model,2025-04-02 00:15:00,weekly,minute,0.005426966585218906
day_ahead_price,xgb_oof_train,peak,segment_model,2025-04-02 00:15:00,weekly,dayofweek,0.007538478821516037
day_ahead_price,xgb_oof_train,peak,segment_model,2025-04-02 00:15:00,weekly,slot96,0.011820626445114613
day_ahead_price,xgb_oof_train,peak,segment_model,2025-04-02 00:15:00,weekly,sin_slot96,0.0071798162534832954
day_ahead_price,xgb_oof_train,peak,segment_model,2025-04-02 00:15:00,weekly,cos_slot96,0.01068381778895855
day_ahead_price,xgb_oof_train,peak,segment_model,2025-04-02 00:15:00,weekly,is_holiday,0.00636895140632987
day_ahead_price,xgb_oof_train,peak,segment_model,2025-04-02 00:15:00,weekly,is_workday,0.0
day_ahead_price,xgb_oof_train,peak,segment_model,2025-04-02 00:15:00,weekly,is_weekend,0.0
day_ahead_price,xgb_oof_train,peak,segment_model,2025-04-02 00:15:00,weekly,is_makeup_workday,0.0
day_ahead_price,xgb_oof_train,peak,segment_model,2025-04-02 00:15:00,weekly,before_holiday_1d,0.0012713039759546518
day_ahead_price,xgb_oof_train,peak,segment_model,2025-04-02 00:15:00,weekly,after_holiday_1d,0.012237703427672386
day_ahead_price,xgb_oof_train,peak,segment_model,2025-04-02 00:15:00,weekly,holiday_name_Dragon Boat Festival,0.0
day_ahead_price,xgb_oof_train,peak,segment_model,2025-04-02 00:15:00,weekly,holiday_name_Labour Day,0.0
day_ahead_price,xgb_oof_train,peak,segment_model,2025-04-02 00:15:00,weekly,holiday_name_Mid-autumn Festival,0.0
day_ahead_price,xgb_oof_train,peak,segment_model,2025-04-02 00:15:00,weekly,holiday_name_National Day,0.0
day_ahead_price,xgb_oof_train,peak,segment_model,2025-04-02 00:15:00,weekly,holiday_name_New Year's Day,0.0
day_ahead_price,xgb_oof_train,peak,segment_model,2025-04-02 00:15:00,weekly,holiday_name_None,0.0049911439418792725
day_ahead_price,xgb_oof_train,peak,segment_model,2025-04-02 00:15:00,weekly,holiday_name_Spring Festival,0.005242391023784876
day_ahead_price,xgb_oof_train,peak,segment_model,2025-04-02 00:15:00,weekly,holiday_name_Tomb-sweeping Day,0.0
day_ahead_price,xgb_oof_train,global,global_model,2025-04-09 00:15:00,weekly,lag_1,0.44489073753356934
day_ahead_price,xgb_oof_train,global,global_model,2025-04-09 00:15:00,weekly,lag_2,0.02690877579152584
day_ahead_price,xgb_oof_train,global,global_model,2025-04-09 00:15:00,weekly,lag_4,0.0074341013096272945
day_ahead_price,xgb_oof_train,global,global_model,2025-04-09 00:15:00,weekly,lag_96,0.005691236816346645
day_ahead_price,xgb_oof_train,global,global_model,2025-04-09 00:15:00,weekly,lag_192,0.002744990633800626
day_ahead_price,xgb_oof_train,global,global_model,2025-04-09 00:15:00,weekly,lag_672,0.014755254611372948
day_ahead_price,xgb_oof_train,global,global_model,2025-04-09 00:15:00,weekly,roll_mean_4,0.31312230229377747
day_ahead_price,xgb_oof_train,global,global_model,2025-04-09 00:15:00,weekly,roll_mean_16,0.00855099968612194
day_ahead_price,xgb_oof_train,global,global_model,2025-04-09 00:15:00,weekly,roll_mean_96,0.003941255621612072
day_ahead_price,xgb_oof_train,global,global_model,2025-04-09 00:15:00,weekly,roll_mean_672,0.0046959538012743
day_ahead_price,xgb_oof_train,global,global_model,2025-04-09 00:15:00,weekly,roll_std_96,0.006937054451555014
day_ahead_price,xgb_oof_train,global,global_model,2025-04-09 00:15:00,weekly,diff_1,0.011687674559652805
day_ahead_price,xgb_oof_train,global,global_model,2025-04-09 00:15:00,weekly,diff_96,0.012957076542079449
day_ahead_price,xgb_oof_train,global,global_model,2025-04-09 00:15:00,weekly,hour,0.0036615687422454357
day_ahead_price,xgb_oof_train,global,global_model,2025-04-09 00:15:00,weekly,minute,0.02009594440460205
day_ahead_price,xgb_oof_train,global,global_model,2025-04-09 00:15:00,weekly,dayofweek,0.018874065950512886
day_ahead_price,xgb_oof_train,global,global_model,2025-04-09 00:15:00,weekly,slot96,0.022508326917886734
day_ahead_price,xgb_oof_train,global,global_model,2025-04-09 00:15:00,weekly,sin_slot96,0.02811462990939617
day_ahead_price,xgb_oof_train,global,global_model,2025-04-09 00:15:00,weekly,cos_slot96,0.005002585239708424
day_ahead_price,xgb_oof_train,global,global_model,2025-04-09 00:15:00,weekly,is_holiday,0.0
day_ahead_price,xgb_oof_train,global,global_model,2025-04-09 00:15:00,weekly,is_workday,0.0
day_ahead_price,xgb_oof_train,global,global_model,2025-04-09 00:15:00,weekly,is_weekend,0.0
day_ahead_price,xgb_oof_train,global,global_model,2025-04-09 00:15:00,weekly,is_makeup_workday,0.0
day_ahead_price,xgb_oof_train,global,global_model,2025-04-09 00:15:00,weekly,before_holiday_1d,0.0
day_ahead_price,xgb_oof_train,global,global_model,2025-04-09 00:15:00,weekly,after_holiday_1d,0.035976238548755646
day_ahead_price,xgb_oof_train,global,global_model,2025-04-09 00:15:00,weekly,holiday_name_Dragon Boat Festival,0.0
day_ahead_price,xgb_oof_train,global,global_model,2025-04-09 00:15:00,weekly,holiday_name_Labour Day,0.0
day_ahead_price,xgb_oof_train,global,global_model,2025-04-09 00:15:00,weekly,holiday_name_Mid-autumn Festival,0.0
day_ahead_price,xgb_oof_train,global,global_model,2025-04-09 00:15:00,weekly,holiday_name_National Day,0.0
day_ahead_price,xgb_oof_train,global,global_model,2025-04-09 00:15:00,weekly,holiday_name_New Year's Day,0.0
day_ahead_price,xgb_oof_train,global,global_model,2025-04-09 00:15:00,weekly,holiday_name_None,0.0
day_ahead_price,xgb_oof_train,global,global_model,2025-04-09 00:15:00,weekly,holiday_name_Spring Festival,0.001449186122044921
day_ahead_price,xgb_oof_train,global,global_model,2025-04-09 00:15:00,weekly,holiday_name_Tomb-sweeping Day,0.0
day_ahead_price,xgb_oof_train,valley,segment_model,2025-04-09 00:15:00,weekly,lag_1,0.5457982420921326
day_ahead_price,xgb_oof_train,valley,segment_model,2025-04-09 00:15:00,weekly,lag_2,0.19459056854248047
day_ahead_price,xgb_oof_train,valley,segment_model,2025-04-09 00:15:00,weekly,lag_4,0.004430312663316727
day_ahead_price,xgb_oof_train,valley,segment_model,2025-04-09 00:15:00,weekly,lag_96,0.007129304576665163
day_ahead_price,xgb_oof_train,valley,segment_model,2025-04-09 00:15:00,weekly,lag_192,0.004456226713955402
day_ahead_price,xgb_oof_train,valley,segment_model,2025-04-09 00:15:00,weekly,lag_672,0.005507484078407288
day_ahead_price,xgb_oof_train,valley,segment_model,2025-04-09 00:15:00,weekly,roll_mean_4,0.1668156087398529
day_ahead_price,xgb_oof_train,valley,segment_model,2025-04-09 00:15:00,weekly,roll_mean_16,0.003138955682516098
day_ahead_price,xgb_oof_train,valley,segment_model,2025-04-09 00:15:00,weekly,roll_mean_96,0.005424428731203079
day_ahead_price,xgb_oof_train,valley,segment_model,2025-04-09 00:15:00,weekly,roll_mean_672,0.004483876284211874
day_ahead_price,xgb_oof_train,valley,segment_model,2025-04-09 00:15:00,weekly,roll_std_96,0.002393975853919983
day_ahead_price,xgb_oof_train,valley,segment_model,2025-04-09 00:15:00,weekly,diff_1,0.012828732840716839
day_ahead_price,xgb_oof_train,valley,segment_model,2025-04-09 00:15:00,weekly,diff_96,0.0028357007540762424
day_ahead_price,xgb_oof_train,valley,segment_model,2025-04-09 00:15:00,weekly,hour,0.00954092014580965
day_ahead_price,xgb_oof_train,valley,segment_model,2025-04-09 00:15:00,weekly,minute,0.007203887216746807
day_ahead_price,xgb_oof_train,valley,segment_model,2025-04-09 00:15:00,weekly,dayofweek,0.003994425293058157
day_ahead_price,xgb_oof_train,valley,segment_model,2025-04-09 00:15:00,weekly,slot96,0.004829289857298136
day_ahead_price,xgb_oof_train,valley,segment_model,2025-04-09 00:15:00,weekly,sin_slot96,0.0043933093547821045
day_ahead_price,xgb_oof_train,valley,segment_model,2025-04-09 00:15:00,weekly,cos_slot96,0.0023158283438533545
day_ahead_price,xgb_oof_train,valley,segment_model,2025-04-09 00:15:00,weekly,is_holiday,0.0
day_ahead_price,xgb_oof_train,valley,segment_model,2025-04-09 00:15:00,weekly,is_workday,0.0
day_ahead_price,xgb_oof_train,valley,segment_model,2025-04-09 00:15:00,weekly,is_weekend,0.0
day_ahead_price,xgb_oof_train,valley,segment_model,2025-04-09 00:15:00,weekly,is_makeup_workday,0.0023917362559586763
day_ahead_price,xgb_oof_train,valley,segment_model,2025-04-09 00:15:00,weekly,before_holiday_1d,0.0
day_ahead_price,xgb_oof_train,valley,segment_model,2025-04-09 00:15:00,weekly,after_holiday_1d,0.0
day_ahead_price,xgb_oof_train,valley,segment_model,2025-04-09 00:15:00,weekly,holiday_name_Dragon Boat Festival,0.0
day_ahead_price,xgb_oof_train,valley,segment_model,2025-04-09 00:15:00,weekly,holiday_name_Labour Day,0.0
day_ahead_price,xgb_oof_train,valley,segment_model,2025-04-09 00:15:00,weekly,holiday_name_Mid-autumn Festival,0.0
day_ahead_price,xgb_oof_train,valley,segment_model,2025-04-09 00:15:00,weekly,holiday_name_National Day,0.0
day_ahead_price,xgb_oof_train,valley,segment_model,2025-04-09 00:15:00,weekly,holiday_name_New Year's Day,0.0030987572390586138
day_ahead_price,xgb_oof_train,valley,segment_model,2025-04-09 00:15:00,weekly,holiday_name_None,0.0023983498103916645
day_ahead_price,xgb_oof_train,valley,segment_model,2025-04-09 00:15:00,weekly,holiday_name_Spring Festival,0.0
day_ahead_price,xgb_oof_train,valley,segment_model,2025-04-09 00:15:00,weekly,holiday_name_Tomb-sweeping Day,0.0
day_ahead_price,xgb_oof_train,flat,segment_model,2025-04-09 00:15:00,weekly,lag_1,0.42096182703971863
day_ahead_price,xgb_oof_train,flat,segment_model,2025-04-09 00:15:00,weekly,lag_2,0.033022355288267136
day_ahead_price,xgb_oof_train,flat,segment_model,2025-04-09 00:15:00,weekly,lag_4,0.010089515708386898
day_ahead_price,xgb_oof_train,flat,segment_model,2025-04-09 00:15:00,weekly,lag_96,0.017409682273864746
day_ahead_price,xgb_oof_train,flat,segment_model,2025-04-09 00:15:00,weekly,lag_192,0.004262323025614023
day_ahead_price,xgb_oof_train,flat,segment_model,2025-04-09 00:15:00,weekly,lag_672,0.01864645443856716
day_ahead_price,xgb_oof_train,flat,segment_model,2025-04-09 00:15:00,weekly,roll_mean_4,0.20130284130573273
day_ahead_price,xgb_oof_train,flat,segment_model,2025-04-09 00:15:00,weekly,roll_mean_16,0.008287913165986538
day_ahead_price,xgb_oof_train,flat,segment_model,2025-04-09 00:15:00,weekly,roll_mean_96,0.012292200699448586
day_ahead_price,xgb_oof_train,flat,segment_model,2025-04-09 00:15:00,weekly,roll_mean_672,0.006614002399146557
day_ahead_price,xgb_oof_train,flat,segment_model,2025-04-09 00:15:00,weekly,roll_std_96,0.01424766331911087
day_ahead_price,xgb_oof_train,flat,segment_model,2025-04-09 00:15:00,weekly,diff_1,0.03585314378142357
day_ahead_price,xgb_oof_train,flat,segment_model,2025-04-09 00:15:00,weekly,diff_96,0.022487536072731018
day_ahead_price,xgb_oof_train,flat,segment_model,2025-04-09 00:15:00,weekly,hour,0.009433815255761147
day_ahead_price,xgb_oof_train,flat,segment_model,2025-04-09 00:15:00,weekly,minute,0.02903149276971817
day_ahead_price,xgb_oof_train,flat,segment_model,2025-04-09 00:15:00,weekly,dayofweek,0.01326800137758255
day_ahead_price,xgb_oof_train,flat,segment_model,2025-04-09 00:15:00,weekly,slot96,0.038649849593639374
day_ahead_price,xgb_oof_train,flat,segment_model,2025-04-09 00:15:00,weekly,sin_slot96,0.09044806659221649
day_ahead_price,xgb_oof_train,flat,segment_model,2025-04-09 00:15:00,weekly,cos_slot96,0.006065940950065851
day_ahead_price,xgb_oof_train,flat,segment_model,2025-04-09 00:15:00,weekly,is_holiday,0.0
day_ahead_price,xgb_oof_train,flat,segment_model,2025-04-09 00:15:00,weekly,is_workday,0.0
day_ahead_price,xgb_oof_train,flat,segment_model,2025-04-09 00:15:00,weekly,is_weekend,0.0
day_ahead_price,xgb_oof_train,flat,segment_model,2025-04-09 00:15:00,weekly,is_makeup_workday,0.0
day_ahead_price,xgb_oof_train,flat,segment_model,2025-04-09 00:15:00,weekly,before_holiday_1d,0.007625358644872904
day_ahead_price,xgb_oof_train,flat,segment_model,2025-04-09 00:15:00,weekly,after_holiday_1d,0.0
day_ahead_price,xgb_oof_train,flat,segment_model,2025-04-09 00:15:00,weekly,holiday_name_Dragon Boat Festival,0.0
day_ahead_price,xgb_oof_train,flat,segment_model,2025-04-09 00:15:00,weekly,holiday_name_Labour Day,0.0
day_ahead_price,xgb_oof_train,flat,segment_model,2025-04-09 00:15:00,weekly,holiday_name_Mid-autumn Festival,0.0
day_ahead_price,xgb_oof_train,flat,segment_model,2025-04-09 00:15:00,weekly,holiday_name_National Day,0.0
day_ahead_price,xgb_oof_train,flat,segment_model,2025-04-09 00:15:00,weekly,holiday_name_New Year's Day,0.0
day_ahead_price,xgb_oof_train,flat,segment_model,2025-04-09 00:15:00,weekly,holiday_name_None,0.0
day_ahead_price,xgb_oof_train,flat,segment_model,2025-04-09 00:15:00,weekly,holiday_name_Spring Festival,0.0
day_ahead_price,xgb_oof_train,flat,segment_model,2025-04-09 00:15:00,weekly,holiday_name_Tomb-sweeping Day,0.0
day_ahead_price,xgb_oof_train,peak,segment_model,2025-04-09 00:15:00,weekly,lag_1,0.5154521465301514
day_ahead_price,xgb_oof_train,peak,segment_model,2025-04-09 00:15:00,weekly,lag_2,0.024915896356105804
day_ahead_price,xgb_oof_train,peak,segment_model,2025-04-09 00:15:00,weekly,lag_4,0.008806710131466389
day_ahead_price,xgb_oof_train,peak,segment_model,2025-04-09 00:15:00,weekly,lag_96,0.02075883001089096
day_ahead_price,xgb_oof_train,peak,segment_model,2025-04-09 00:15:00,weekly,lag_192,0.0037638694047927856
day_ahead_price,xgb_oof_train,peak,segment_model,2025-04-09 00:15:00,weekly,lag_672,0.003989498130977154
day_ahead_price,xgb_oof_train,peak,segment_model,2025-04-09 00:15:00,weekly,roll_mean_4,0.28539928793907166
day_ahead_price,xgb_oof_train,peak,segment_model,2025-04-09 00:15:00,weekly,roll_mean_16,0.0102055873721838
day_ahead_price,xgb_oof_train,peak,segment_model,2025-04-09 00:15:00,weekly,roll_mean_96,0.006526685319840908
day_ahead_price,xgb_oof_train,peak,segment_model,2025-04-09 00:15:00,weekly,roll_mean_672,0.0033708042465150356
day_ahead_price,xgb_oof_train,peak,segment_model,2025-04-09 00:15:00,weekly,roll_std_96,0.007170802913606167
day_ahead_price,xgb_oof_train,peak,segment_model,2025-04-09 00:15:00,weekly,diff_1,0.010179487988352776
day_ahead_price,xgb_oof_train,peak,segment_model,2025-04-09 00:15:00,weekly,diff_96,0.00879997294396162
day_ahead_price,xgb_oof_train,peak,segment_model,2025-04-09 00:15:00,weekly,hour,0.010211299173533916
day_ahead_price,xgb_oof_train,peak,segment_model,2025-04-09 00:15:00,weekly,minute,0.009099185466766357
day_ahead_price,xgb_oof_train,peak,segment_model,2025-04-09 00:15:00,weekly,dayofweek,0.00674581341445446
day_ahead_price,xgb_oof_train,peak,segment_model,2025-04-09 00:15:00,weekly,slot96,0.011865794658660889
day_ahead_price,xgb_oof_train,peak,segment_model,2025-04-09 00:15:00,weekly,sin_slot96,0.009555495344102383
day_ahead_price,xgb_oof_train,peak,segment_model,2025-04-09 00:15:00,weekly,cos_slot96,0.018327945843338966
day_ahead_price,xgb_oof_train,peak,segment_model,2025-04-09 00:15:00,weekly,is_holiday,0.0
day_ahead_price,xgb_oof_train,peak,segment_model,2025-04-09 00:15:00,weekly,is_workday,0.00465025007724762
day_ahead_price,xgb_oof_train,peak,segment_model,2025-04-09 00:15:00,weekly,is_weekend,0.00365807069465518
day_ahead_price,xgb_oof_train,peak,segment_model,2025-04-09 00:15:00,weekly,is_makeup_workday,0.0
day_ahead_price,xgb_oof_train,peak,segment_model,2025-04-09 00:15:00,weekly,before_holiday_1d,0.0
day_ahead_price,xgb_oof_train,peak,segment_model,2025-04-09 00:15:00,weekly,after_holiday_1d,0.012400038540363312
day_ahead_price,xgb_oof_train,peak,segment_model,2025-04-09 00:15:00,weekly,holiday_name_Dragon Boat Festival,0.0
day_ahead_price,xgb_oof_train,peak,segment_model,2025-04-09 00:15:00,weekly,holiday_name_Labour Day,0.0
day_ahead_price,xgb_oof_train,peak,segment_model,2025-04-09 00:15:00,weekly,holiday_name_Mid-autumn Festival,0.0
day_ahead_price,xgb_oof_train,peak,segment_model,2025-04-09 00:15:00,weekly,holiday_name_National Day,0.0
day_ahead_price,xgb_oof_train,peak,segment_model,2025-04-09 00:15:00,weekly,holiday_name_New Year's Day,0.0
day_ahead_price,xgb_oof_train,peak,segment_model,2025-04-09 00:15:00,weekly,holiday_name_None,0.0
day_ahead_price,xgb_oof_train,peak,segment_model,2025-04-09 00:15:00,weekly,holiday_name_Spring Festival,0.004146570339798927
day_ahead_price,xgb_oof_train,peak,segment_model,2025-04-09 00:15:00,weekly,holiday_name_Tomb-sweeping Day,0.0
day_ahead_price,xgb_oof_train,global,global_model,2025-04-16 00:15:00,weekly,lag_1,0.48868098855018616
day_ahead_price,xgb_oof_train,global,global_model,2025-04-16 00:15:00,weekly,lag_2,0.029143866151571274
day_ahead_price,xgb_oof_train,global,global_model,2025-04-16 00:15:00,weekly,lag_4,0.007105357479304075
day_ahead_price,xgb_oof_train,global,global_model,2025-04-16 00:15:00,weekly,lag_96,0.0051091923378407955
day_ahead_price,xgb_oof_train,global,global_model,2025-04-16 00:15:00,weekly,lag_192,0.0029846944380551577
day_ahead_price,xgb_oof_train,global,global_model,2025-04-16 00:15:00,weekly,lag_672,0.02018626779317856
day_ahead_price,xgb_oof_train,global,global_model,2025-04-16 00:15:00,weekly,roll_mean_4,0.2859668433666229
day_ahead_price,xgb_oof_train,global,global_model,2025-04-16 00:15:00,weekly,roll_mean_16,0.0038069712463766336
day_ahead_price,xgb_oof_train,global,global_model,2025-04-16 00:15:00,weekly,roll_mean_96,0.0026872199960052967
day_ahead_price,xgb_oof_train,global,global_model,2025-04-16 00:15:00,weekly,roll_mean_672,0.010570098645985126
day_ahead_price,xgb_oof_train,global,global_model,2025-04-16 00:15:00,weekly,roll_std_96,0.011952557601034641
day_ahead_price,xgb_oof_train,global,global_model,2025-04-16 00:15:00,weekly,diff_1,0.012399578467011452
day_ahead_price,xgb_oof_train,global,global_model,2025-04-16 00:15:00,weekly,diff_96,0.016672533005475998
day_ahead_price,xgb_oof_train,global,global_model,2025-04-16 00:15:00,weekly,hour,0.004087197128683329
day_ahead_price,xgb_oof_train,global,global_model,2025-04-16 00:15:00,weekly,minute,0.030438166111707687
day_ahead_price,xgb_oof_train,global,global_model,2025-04-16 00:15:00,weekly,dayofweek,0.0
day_ahead_price,xgb_oof_train,global,global_model,2025-04-16 00:15:00,weekly,slot96,0.022657500579953194
day_ahead_price,xgb_oof_train,global,global_model,2025-04-16 00:15:00,weekly,sin_slot96,0.02627917006611824
day_ahead_price,xgb_oof_train,global,global_model,2025-04-16 00:15:00,weekly,cos_slot96,0.005199289880692959
day_ahead_price,xgb_oof_train,global,global_model,2025-04-16 00:15:00,weekly,is_holiday,0.0003412588848732412
day_ahead_price,xgb_oof_train,global,global_model,2025-04-16 00:15:00,weekly,is_workday,0.0
day_ahead_price,xgb_oof_train,global,global_model,2025-04-16 00:15:00,weekly,is_weekend,0.0014181238366290927
day_ahead_price,xgb_oof_train,global,global_model,2025-04-16 00:15:00,weekly,is_makeup_workday,0.0
day_ahead_price,xgb_oof_train,global,global_model,2025-04-16 00:15:00,weekly,before_holiday_1d,0.0
day_ahead_price,xgb_oof_train,global,global_model,2025-04-16 00:15:00,weekly,after_holiday_1d,0.012313143350183964
day_ahead_price,xgb_oof_train,global,global_model,2025-04-16 00:15:00,weekly,holiday_name_Dragon Boat Festival,0.0
day_ahead_price,xgb_oof_train,global,global_model,2025-04-16 00:15:00,weekly,holiday_name_Labour Day,0.0
day_ahead_price,xgb_oof_train,global,global_model,2025-04-16 00:15:00,weekly,holiday_name_Mid-autumn Festival,0.0
day_ahead_price,xgb_oof_train,global,global_model,2025-04-16 00:15:00,weekly,holiday_name_National Day,0.0
day_ahead_price,xgb_oof_train,global,global_model,2025-04-16 00:15:00,weekly,holiday_name_New Year's Day,0.0
day_ahead_price,xgb_oof_train,global,global_model,2025-04-16 00:15:00,weekly,holiday_name_None,0.0
day_ahead_price,xgb_oof_train,global,global_model,2025-04-16 00:15:00,weekly,holiday_name_Spring Festival,0.0
day_ahead_price,xgb_oof_train,global,global_model,2025-04-16 00:15:00,weekly,holiday_name_Tomb-sweeping Day,0.0
day_ahead_price,xgb_oof_train,valley,segment_model,2025-04-16 00:15:00,weekly,lag_1,0.5195410847663879
day_ahead_price,xgb_oof_train,valley,segment_model,2025-04-16 00:15:00,weekly,lag_2,0.21719951927661896
day_ahead_price,xgb_oof_train,valley,segment_model,2025-04-16 00:15:00,weekly,lag_4,0.003469632240012288
day_ahead_price,xgb_oof_train,valley,segment_model,2025-04-16 00:15:00,weekly,lag_96,0.009587349370121956
day_ahead_price,xgb_oof_train,valley,segment_model,2025-04-16 00:15:00,weekly,lag_192,0.005357170943170786
day_ahead_price,xgb_oof_train,valley,segment_model,2025-04-16 00:15:00,weekly,lag_672,0.004804668482393026
day_ahead_price,xgb_oof_train,valley,segment_model,2025-04-16 00:15:00,weekly,roll_mean_4,0.17433121800422668
day_ahead_price,xgb_oof_train,valley,segment_model,2025-04-16 00:15:00,weekly,roll_mean_16,0.0034909318201243877
day_ahead_price,xgb_oof_train,valley,segment_model,2025-04-16 00:15:00,weekly,roll_mean_96,0.005047152284532785
day_ahead_price,xgb_oof_train,valley,segment_model,2025-04-16 00:15:00,weekly,roll_mean_672,0.004877888131886721
day_ahead_price,xgb_oof_train,valley,segment_model,2025-04-16 00:15:00,weekly,roll_std_96,0.0038992254994809628
day_ahead_price,xgb_oof_train,valley,segment_model,2025-04-16 00:15:00,weekly,diff_1,0.013372953981161118
day_ahead_price,xgb_oof_train,valley,segment_model,2025-04-16 00:15:00,weekly,diff_96,0.0021413301583379507
day_ahead_price,xgb_oof_train,valley,segment_model,2025-04-16 00:15:00,weekly,hour,0.00474069407209754
day_ahead_price,xgb_oof_train,valley,segment_model,2025-04-16 00:15:00,weekly,minute,0.004274210426956415
day_ahead_price,xgb_oof_train,valley,segment_model,2025-04-16 00:15:00,weekly,dayofweek,0.004950487054884434
day_ahead_price,xgb_oof_train,valley,segment_model,2025-04-16 00:15:00,weekly,slot96,0.00523518119007349
day_ahead_price,xgb_oof_train,valley,segment_model,2025-04-16 00:15:00,weekly,sin_slot96,0.004064100328832865
day_ahead_price,xgb_oof_train,valley,segment_model,2025-04-16 00:15:00,weekly,cos_slot96,0.003118055872619152
day_ahead_price,xgb_oof_train,valley,segment_model,2025-04-16 00:15:00,weekly,is_holiday,0.0
day_ahead_price,xgb_oof_train,valley,segment_model,2025-04-16 00:15:00,weekly,is_workday,0.0
day_ahead_price,xgb_oof_train,valley,segment_model,2025-04-16 00:15:00,weekly,is_weekend,0.0
day_ahead_price,xgb_oof_train,valley,segment_model,2025-04-16 00:15:00,weekly,is_makeup_workday,0.0
day_ahead_price,xgb_oof_train,valley,segment_model,2025-04-16 00:15:00,weekly,before_holiday_1d,0.0
day_ahead_price,xgb_oof_train,valley,segment_model,2025-04-16 00:15:00,weekly,after_holiday_1d,0.0
day_ahead_price,xgb_oof_train,valley,segment_model,2025-04-16 00:15:00,weekly,holiday_name_Dragon Boat Festival,0.0
day_ahead_price,xgb_oof_train,valley,segment_model,2025-04-16 00:15:00,weekly,holiday_name_Labour Day,0.0
day_ahead_price,xgb_oof_train,valley,segment_model,2025-04-16 00:15:00,weekly,holiday_name_Mid-autumn Festival,0.0
day_ahead_price,xgb_oof_train,valley,segment_model,2025-04-16 00:15:00,weekly,holiday_name_National Day,0.0
day_ahead_price,xgb_oof_train,valley,segment_model,2025-04-16 00:15:00,weekly,holiday_name_New Year's Day,0.003288028296083212
day_ahead_price,xgb_oof_train,valley,segment_model,2025-04-16 00:15:00,weekly,holiday_name_None,0.0032091327011585236
day_ahead_price,xgb_oof_train,valley,segment_model,2025-04-16 00:15:00,weekly,holiday_name_Spring Festival,0.0
day_ahead_price,xgb_oof_train,valley,segment_model,2025-04-16 00:15:00,weekly,holiday_name_Tomb-sweeping Day,0.0
day_ahead_price,xgb_oof_train,flat,segment_model,2025-04-16 00:15:00,weekly,lag_1,0.4461221694946289
day_ahead_price,xgb_oof_train,flat,segment_model,2025-04-16 00:15:00,weekly,lag_2,0.08943523466587067
day_ahead_price,xgb_oof_train,flat,segment_model,2025-04-16 00:15:00,weekly,lag_4,0.011372627690434456
day_ahead_price,xgb_oof_train,flat,segment_model,2025-04-16 00:15:00,weekly,lag_96,0.012963739223778248
day_ahead_price,xgb_oof_train,flat,segment_model,2025-04-16 00:15:00,weekly,lag_192,0.00516306608915329
day_ahead_price,xgb_oof_train,flat,segment_model,2025-04-16 00:15:00,weekly,lag_672,0.02810400351881981
day_ahead_price,xgb_oof_train,flat,segment_model,2025-04-16 00:15:00,weekly,roll_mean_4,0.07983068376779556
day_ahead_price,xgb_oof_train,flat,segment_model,2025-04-16 00:15:00,weekly,roll_mean_16,0.005175914149731398
day_ahead_price,xgb_oof_train,flat,segment_model,2025-04-16 00:15:00,weekly,roll_mean_96,0.01549925934523344
day_ahead_price,xgb_oof_train,flat,segment_model,2025-04-16 00:15:00,weekly,roll_mean_672,0.009544343687593937
day_ahead_price,xgb_oof_train,flat,segment_model,2025-04-16 00:15:00,weekly,roll_std_96,0.01731402799487114
day_ahead_price,xgb_oof_train,flat,segment_model,2025-04-16 00:15:00,weekly,diff_1,0.040693603456020355
day_ahead_price,xgb_oof_train,flat,segment_model,2025-04-16 00:15:00,weekly,diff_96,0.029146213084459305
day_ahead_price,xgb_oof_train,flat,segment_model,2025-04-16 00:15:00,weekly,hour,0.003752620192244649
day_ahead_price,xgb_oof_train,flat,segment_model,2025-04-16 00:15:00,weekly,minute,0.02657797560095787
day_ahead_price,xgb_oof_train,flat,segment_model,2025-04-16 00:15:00,weekly,dayofweek,0.005480491556227207
day_ahead_price,xgb_oof_train,flat,segment_model,2025-04-16 00:15:00,weekly,slot96,0.04033156856894493
day_ahead_price,xgb_oof_train,flat,segment_model,2025-04-16 00:15:00,weekly,sin_slot96,0.11450459808111191
day_ahead_price,xgb_oof_train,flat,segment_model,2025-04-16 00:15:00,weekly,cos_slot96,0.006379086524248123
day_ahead_price,xgb_oof_train,flat,segment_model,2025-04-16 00:15:00,weekly,is_holiday,0.0032612828072160482
day_ahead_price,xgb_oof_train,flat,segment_model,2025-04-16 00:15:00,weekly,is_workday,0.0
day_ahead_price,xgb_oof_train,flat,segment_model,2025-04-16 00:15:00,weekly,is_weekend,0.0
day_ahead_price,xgb_oof_train,flat,segment_model,2025-04-16 00:15:00,weekly,is_makeup_workday,0.0
day_ahead_price,xgb_oof_train,flat,segment_model,2025-04-16 00:15:00,weekly,before_holiday_1d,0.009347429499030113
day_ahead_price,xgb_oof_train,flat,segment_model,2025-04-16 00:15:00,weekly,after_holiday_1d,0.0
day_ahead_price,xgb_oof_train,flat,segment_model,2025-04-16 00:15:00,weekly,holiday_name_Dragon Boat Festival,0.0
day_ahead_price,xgb_oof_train,flat,segment_model,2025-04-16 00:15:00,weekly,holiday_name_Labour Day,0.0
day_ahead_price,xgb_oof_train,flat,segment_model,2025-04-16 00:15:00,weekly,holiday_name_Mid-autumn Festival,0.0
day_ahead_price,xgb_oof_train,flat,segment_model,2025-04-16 00:15:00,weekly,holiday_name_National Day,0.0
day_ahead_price,xgb_oof_train,flat,segment_model,2025-04-16 00:15:00,weekly,holiday_name_New Year's Day,0.0
day_ahead_price,xgb_oof_train,flat,segment_model,2025-04-16 00:15:00,weekly,holiday_name_None,0.0
day_ahead_price,xgb_oof_train,flat,segment_model,2025-04-16 00:15:00,weekly,holiday_name_Spring Festival,0.0
day_ahead_price,xgb_oof_train,flat,segment_model,2025-04-16 00:15:00,weekly,holiday_name_Tomb-sweeping Day,0.0
day_ahead_price,xgb_oof_train,peak,segment_model,2025-04-16 00:15:00,weekly,lag_1,0.551069438457489
day_ahead_price,xgb_oof_train,peak,segment_model,2025-04-16 00:15:00,weekly,lag_2,0.02647460252046585
day_ahead_price,xgb_oof_train,peak,segment_model,2025-04-16 00:15:00,weekly,lag_4,0.00786359142512083
day_ahead_price,xgb_oof_train,peak,segment_model,2025-04-16 00:15:00,weekly,lag_96,0.027607187628746033
day_ahead_price,xgb_oof_train,peak,segment_model,2025-04-16 00:15:00,weekly,lag_192,0.005230453796684742
day_ahead_price,xgb_oof_train,peak,segment_model,2025-04-16 00:15:00,weekly,lag_672,0.002815871499478817
day_ahead_price,xgb_oof_train,peak,segment_model,2025-04-16 00:15:00,weekly,roll_mean_4,0.25568193197250366
day_ahead_price,xgb_oof_train,peak,segment_model,2025-04-16 00:15:00,weekly,roll_mean_16,0.011627528816461563
day_ahead_price,xgb_oof_train,peak,segment_model,2025-04-16 00:15:00,weekly,roll_mean_96,0.004860943183302879
day_ahead_price,xgb_oof_train,peak,segment_model,2025-04-16 00:15:00,weekly,roll_mean_672,0.00524865323677659
day_ahead_price,xgb_oof_train,peak,segment_model,2025-04-16 00:15:00,weekly,roll_std_96,0.00830067042261362
day_ahead_price,xgb_oof_train,peak,segment_model,2025-04-16 00:15:00,weekly,diff_1,0.012157902121543884
day_ahead_price,xgb_oof_train,peak,segment_model,2025-04-16 00:15:00,weekly,diff_96,0.011356694623827934
day_ahead_price,xgb_oof_train,peak,segment_model,2025-04-16 00:15:00,weekly,hour,0.01034898404031992
day_ahead_price,xgb_oof_train,peak,segment_model,2025-04-16 00:15:00,weekly,minute,0.005134398117661476
day_ahead_price,xgb_oof_train,peak,segment_model,2025-04-16 00:15:00,weekly,dayofweek,0.007858242839574814
day_ahead_price,xgb_oof_train,peak,segment_model,2025-04-16 00:15:00,weekly,slot96,0.010483440943062305
day_ahead_price,xgb_oof_train,peak,segment_model,2025-04-16 00:15:00,weekly,sin_slot96,0.004805098753422499
day_ahead_price,xgb_oof_train,peak,segment_model,2025-04-16 00:15:00,weekly,cos_slot96,0.01218209508806467
day_ahead_price,xgb_oof_train,peak,segment_model,2025-04-16 00:15:00,weekly,is_holiday,0.0
day_ahead_price,xgb_oof_train,peak,segment_model,2025-04-16 00:15:00,weekly,is_workday,0.0
day_ahead_price,xgb_oof_train,peak,segment_model,2025-04-16 00:15:00,weekly,is_weekend,0.0
day_ahead_price,xgb_oof_train,peak,segment_model,2025-04-16 00:15:00,weekly,is_makeup_workday,0.0
day_ahead_price,xgb_oof_train,peak,segment_model,2025-04-16 00:15:00,weekly,before_holiday_1d,0.0
day_ahead_price,xgb_oof_train,peak,segment_model,2025-04-16 00:15:00,weekly,after_holiday_1d,0.013767285272479057
day_ahead_price,xgb_oof_train,peak,segment_model,2025-04-16 00:15:00,weekly,holiday_name_Dragon Boat Festival,0.0
day_ahead_price,xgb_oof_train,peak,segment_model,2025-04-16 00:15:00,weekly,holiday_name_Labour Day,0.0
day_ahead_price,xgb_oof_train,peak,segment_model,2025-04-16 00:15:00,weekly,holiday_name_Mid-autumn Festival,0.0
day_ahead_price,xgb_oof_train,peak,segment_model,2025-04-16 00:15:00,weekly,holiday_name_National Day,0.0
day_ahead_price,xgb_oof_train,peak,segment_model,2025-04-16 00:15:00,weekly,holiday_name_New Year's Day,0.0
day_ahead_price,xgb_oof_train,peak,segment_model,2025-04-16 00:15:00,weekly,holiday_name_None,0.0
day_ahead_price,xgb_oof_train,peak,segment_model,2025-04-16 00:15:00,weekly,holiday_name_Spring Festival,0.005124940071254969
day_ahead_price,xgb_oof_train,peak,segment_model,2025-04-16 00:15:00,weekly,holiday_name_Tomb-sweeping Day,0.0
day_ahead_price,xgb_oof_train,global,global_model,2025-04-23 00:15:00,weekly,lag_1,0.4688480496406555
day_ahead_price,xgb_oof_train,global,global_model,2025-04-23 00:15:00,weekly,lag_2,0.028377089649438858
day_ahead_price,xgb_oof_train,global,global_model,2025-04-23 00:15:00,weekly,lag_4,0.005586693063378334
day_ahead_price,xgb_oof_train,global,global_model,2025-04-23 00:15:00,weekly,lag_96,0.004471627529710531
day_ahead_price,xgb_oof_train,global,global_model,2025-04-23 00:15:00,weekly,lag_192,0.002678376156836748
day_ahead_price,xgb_oof_train,global,global_model,2025-04-23 00:15:00,weekly,lag_672,0.015831410884857178
day_ahead_price,xgb_oof_train,global,global_model,2025-04-23 00:15:00,weekly,roll_mean_4,0.3082520663738251
day_ahead_price,xgb_oof_train,global,global_model,2025-04-23 00:15:00,weekly,roll_mean_16,0.00306709879077971
day_ahead_price,xgb_oof_train,global,global_model,2025-04-23 00:15:00,weekly,roll_mean_96,0.0030074811074882746
day_ahead_price,xgb_oof_train,global,global_model,2025-04-23 00:15:00,weekly,roll_mean_672,0.009576707147061825
day_ahead_price,xgb_oof_train,global,global_model,2025-04-23 00:15:00,weekly,roll_std_96,0.009258285164833069
day_ahead_price,xgb_oof_train,global,global_model,2025-04-23 00:15:00,weekly,diff_1,0.012226779945194721
day_ahead_price,xgb_oof_train,global,global_model,2025-04-23 00:15:00,weekly,diff_96,0.019216585904359818
day_ahead_price,xgb_oof_train,global,global_model,2025-04-23 00:15:00,weekly,hour,0.004123710561543703
day_ahead_price,xgb_oof_train,global,global_model,2025-04-23 00:15:00,weekly,minute,0.01971954107284546
day_ahead_price,xgb_oof_train,global,global_model,2025-04-23 00:15:00,weekly,dayofweek,0.005412491969764233
day_ahead_price,xgb_oof_train,global,global_model,2025-04-23 00:15:00,weekly,slot96,0.021945057436823845
day_ahead_price,xgb_oof_train,global,global_model,2025-04-23 00:15:00,weekly,sin_slot96,0.024444937705993652
day_ahead_price,xgb_oof_train,global,global_model,2025-04-23 00:15:00,weekly,cos_slot96,0.006676897872239351
day_ahead_price,xgb_oof_train,global,global_model,2025-04-23 00:15:00,weekly,is_holiday,0.0
day_ahead_price,xgb_oof_train,global,global_model,2025-04-23 00:15:00,weekly,is_workday,0.0
day_ahead_price,xgb_oof_train,global,global_model,2025-04-23 00:15:00,weekly,is_weekend,0.0
day_ahead_price,xgb_oof_train,global,global_model,2025-04-23 00:15:00,weekly,is_makeup_workday,0.0
day_ahead_price,xgb_oof_train,global,global_model,2025-04-23 00:15:00,weekly,before_holiday_1d,0.0
day_ahead_price,xgb_oof_train,global,global_model,2025-04-23 00:15:00,weekly,after_holiday_1d,0.02727910876274109
day_ahead_price,xgb_oof_train,global,global_model,2025-04-23 00:15:00,weekly,holiday_name_Dragon Boat Festival,0.0
day_ahead_price,xgb_oof_train,global,global_model,2025-04-23 00:15:00,weekly,holiday_name_Labour Day,0.0
day_ahead_price,xgb_oof_train,global,global_model,2025-04-23 00:15:00,weekly,holiday_name_Mid-autumn Festival,0.0
day_ahead_price,xgb_oof_train,global,global_model,2025-04-23 00:15:00,weekly,holiday_name_National Day,0.0
day_ahead_price,xgb_oof_train,global,global_model,2025-04-23 00:15:00,weekly,holiday_name_New Year's Day,0.0
day_ahead_price,xgb_oof_train,global,global_model,2025-04-23 00:15:00,weekly,holiday_name_None,0.0
day_ahead_price,xgb_oof_train,global,global_model,2025-04-23 00:15:00,weekly,holiday_name_Spring Festival,0.0
day_ahead_price,xgb_oof_train,global,global_model,2025-04-23 00:15:00,weekly,holiday_name_Tomb-sweeping Day,0.0
day_ahead_price,xgb_oof_train,valley,segment_model,2025-04-23 00:15:00,weekly,lag_1,0.5012505054473877
day_ahead_price,xgb_oof_train,valley,segment_model,2025-04-23 00:15:00,weekly,lag_2,0.07484453171491623
day_ahead_price,xgb_oof_train,valley,segment_model,2025-04-23 00:15:00,weekly,lag_4,0.0036209903191775084
day_ahead_price,xgb_oof_train,valley,segment_model,2025-04-23 00:15:00,weekly,lag_96,0.0073554120026528835
day_ahead_price,xgb_oof_train,valley,segment_model,2025-04-23 00:15:00,weekly,lag_192,0.003365659387782216
day_ahead_price,xgb_oof_train,valley,segment_model,2025-04-23 00:15:00,weekly,lag_672,0.007937604561448097
day_ahead_price,xgb_oof_train,valley,segment_model,2025-04-23 00:15:00,weekly,roll_mean_4,0.3291199207305908
day_ahead_price,xgb_oof_train,valley,segment_model,2025-04-23 00:15:00,weekly,roll_mean_16,0.00371700176037848
day_ahead_price,xgb_oof_train,valley,segment_model,2025-04-23 00:15:00,weekly,roll_mean_96,0.0048325094394385815
day_ahead_price,xgb_oof_train,valley,segment_model,2025-04-23 00:15:00,weekly,roll_mean_672,0.00528250727802515
day_ahead_price,xgb_oof_train,valley,segment_model,2025-04-23 00:15:00,weekly,roll_std_96,0.002688965993002057
day_ahead_price,xgb_oof_train,valley,segment_model,2025-04-23 00:15:00,weekly,diff_1,0.012906130403280258
day_ahead_price,xgb_oof_train,valley,segment_model,2025-04-23 00:15:00,weekly,diff_96,0.002340474398806691
day_ahead_price,xgb_oof_train,valley,segment_model,2025-04-23 00:15:00,weekly,hour,0.005167385097593069
day_ahead_price,xgb_oof_train,valley,segment_model,2025-04-23 00:15:00,weekly,minute,0.007938655093312263
day_ahead_price,xgb_oof_train,valley,segment_model,2025-04-23 00:15:00,weekly,dayofweek,0.002490972401574254
day_ahead_price,xgb_oof_train,valley,segment_model,2025-04-23 00:15:00,weekly,slot96,0.005149542819708586
day_ahead_price,xgb_oof_train,valley,segment_model,2025-04-23 00:15:00,weekly,sin_slot96,0.005093211308121681
day_ahead_price,xgb_oof_train,valley,segment_model,2025-04-23 00:15:00,weekly,cos_slot96,0.007397680543363094
day_ahead_price,xgb_oof_train,valley,segment_model,2025-04-23 00:15:00,weekly,is_holiday,0.0
day_ahead_price,xgb_oof_train,valley,segment_model,2025-04-23 00:15:00,weekly,is_workday,0.0
day_ahead_price,xgb_oof_train,valley,segment_model,2025-04-23 00:15:00,weekly,is_weekend,0.0
day_ahead_price,xgb_oof_train,valley,segment_model,2025-04-23 00:15:00,weekly,is_makeup_workday,0.0023005614057183266
day_ahead_price,xgb_oof_train,valley,segment_model,2025-04-23 00:15:00,weekly,before_holiday_1d,0.0
day_ahead_price,xgb_oof_train,valley,segment_model,2025-04-23 00:15:00,weekly,after_holiday_1d,0.0
day_ahead_price,xgb_oof_train,valley,segment_model,2025-04-23 00:15:00,weekly,holiday_name_Dragon Boat Festival,0.0
day_ahead_price,xgb_oof_train,valley,segment_model,2025-04-23 00:15:00,weekly,holiday_name_Labour Day,0.0
day_ahead_price,xgb_oof_train,valley,segment_model,2025-04-23 00:15:00,weekly,holiday_name_Mid-autumn Festival,0.0
day_ahead_price,xgb_oof_train,valley,segment_model,2025-04-23 00:15:00,weekly,holiday_name_National Day,0.0
day_ahead_price,xgb_oof_train,valley,segment_model,2025-04-23 00:15:00,weekly,holiday_name_New Year's Day,0.002334082266315818
day_ahead_price,xgb_oof_train,valley,segment_model,2025-04-23 00:15:00,weekly,holiday_name_None,0.002865758491680026
day_ahead_price,xgb_oof_train,valley,segment_model,2025-04-23 00:15:00,weekly,holiday_name_Spring Festival,0.0
day_ahead_price,xgb_oof_train,valley,segment_model,2025-04-23 00:15:00,weekly,holiday_name_Tomb-sweeping Day,0.0
day_ahead_price,xgb_oof_train,flat,segment_model,2025-04-23 00:15:00,weekly,lag_1,0.4409656524658203
day_ahead_price,xgb_oof_train,flat,segment_model,2025-04-23 00:15:00,weekly,lag_2,0.07491737604141235
day_ahead_price,xgb_oof_train,flat,segment_model,2025-04-23 00:15:00,weekly,lag_4,0.01108076237142086
day_ahead_price,xgb_oof_train,flat,segment_model,2025-04-23 00:15:00,weekly,lag_96,0.013118337839841843
day_ahead_price,xgb_oof_train,flat,segment_model,2025-04-23 00:15:00,weekly,lag_192,0.004836792591959238
day_ahead_price,xgb_oof_train,flat,segment_model,2025-04-23 00:15:00,weekly,lag_672,0.024061311036348343
day_ahead_price,xgb_oof_train,flat,segment_model,2025-04-23 00:15:00,weekly,roll_mean_4,0.09234555065631866
day_ahead_price,xgb_oof_train,flat,segment_model,2025-04-23 00:15:00,weekly,roll_mean_16,0.00566535210236907
day_ahead_price,xgb_oof_train,flat,segment_model,2025-04-23 00:15:00,weekly,roll_mean_96,0.010708004236221313
day_ahead_price,xgb_oof_train,flat,segment_model,2025-04-23 00:15:00,weekly,roll_mean_672,0.0061639645136892796
day_ahead_price,xgb_oof_train,flat,segment_model,2025-04-23 00:15:00,weekly,roll_std_96,0.012991705909371376
day_ahead_price,xgb_oof_train,flat,segment_model,2025-04-23 00:15:00,weekly,diff_1,0.03398848697543144
day_ahead_price,xgb_oof_train,flat,segment_model,2025-04-23 00:15:00,weekly,diff_96,0.021802807226777077
day_ahead_price,xgb_oof_train,flat,segment_model,2025-04-23 00:15:00,weekly,hour,0.00778228510171175
day_ahead_price,xgb_oof_train,flat,segment_model,2025-04-23 00:15:00,weekly,minute,0.02565820887684822
day_ahead_price,xgb_oof_train,flat,segment_model,2025-04-23 00:15:00,weekly,dayofweek,0.032600078731775284
day_ahead_price,xgb_oof_train,flat,segment_model,2025-04-23 00:15:00,weekly,slot96,0.03069792129099369
day_ahead_price,xgb_oof_train,flat,segment_model,2025-04-23 00:15:00,weekly,sin_slot96,0.11119477450847626
day_ahead_price,xgb_oof_train,flat,segment_model,2025-04-23 00:15:00,weekly,cos_slot96,0.00620919419452548
day_ahead_price,xgb_oof_train,flat,segment_model,2025-04-23 00:15:00,weekly,is_holiday,0.0038699882570654154
day_ahead_price,xgb_oof_train,flat,segment_model,2025-04-23 00:15:00,weekly,is_workday,0.0
day_ahead_price,xgb_oof_train,flat,segment_model,2025-04-23 00:15:00,weekly,is_weekend,0.0
day_ahead_price,xgb_oof_train,flat,segment_model,2025-04-23 00:15:00,weekly,is_makeup_workday,0.0
day_ahead_price,xgb_oof_train,flat,segment_model,2025-04-23 00:15:00,weekly,before_holiday_1d,0.00825481303036213
day_ahead_price,xgb_oof_train,flat,segment_model,2025-04-23 00:15:00,weekly,after_holiday_1d,0.021086599677801132
day_ahead_price,xgb_oof_train,flat,segment_model,2025-04-23 00:15:00,weekly,holiday_name_Dragon Boat Festival,0.0
day_ahead_price,xgb_oof_train,flat,segment_model,2025-04-23 00:15:00,weekly,holiday_name_Labour Day,0.0
day_ahead_price,xgb_oof_train,flat,segment_model,2025-04-23 00:15:00,weekly,holiday_name_Mid-autumn Festival,0.0
day_ahead_price,xgb_oof_train,flat,segment_model,2025-04-23 00:15:00,weekly,holiday_name_National Day,0.0
day_ahead_price,xgb_oof_train,flat,segment_model,2025-04-23 00:15:00,weekly,holiday_name_New Year's Day,0.0
day_ahead_price,xgb_oof_train,flat,segment_model,2025-04-23 00:15:00,weekly,holiday_name_None,0.0
day_ahead_price,xgb_oof_train,flat,segment_model,2025-04-23 00:15:00,weekly,holiday_name_Spring Festival,0.0
day_ahead_price,xgb_oof_train,flat,segment_model,2025-04-23 00:15:00,weekly,holiday_name_Tomb-sweeping Day,0.0
day_ahead_price,xgb_oof_train,peak,segment_model,2025-04-23 00:15:00,weekly,lag_1,0.543919563293457
day_ahead_price,xgb_oof_train,peak,segment_model,2025-04-23 00:15:00,weekly,lag_2,0.026928521692752838
day_ahead_price,xgb_oof_train,peak,segment_model,2025-04-23 00:15:00,weekly,lag_4,0.0069908564910292625
day_ahead_price,xgb_oof_train,peak,segment_model,2025-04-23 00:15:00,weekly,lag_96,0.023737475275993347
day_ahead_price,xgb_oof_train,peak,segment_model,2025-04-23 00:15:00,weekly,lag_192,0.004276590421795845
day_ahead_price,xgb_oof_train,peak,segment_model,2025-04-23 00:15:00,weekly,lag_672,0.002459014765918255
day_ahead_price,xgb_oof_train,peak,segment_model,2025-04-23 00:15:00,weekly,roll_mean_4,0.2765401303768158
day_ahead_price,xgb_oof_train,peak,segment_model,2025-04-23 00:15:00,weekly,roll_mean_16,0.01072199922055006
day_ahead_price,xgb_oof_train,peak,segment_model,2025-04-23 00:15:00,weekly,roll_mean_96,0.006167010869830847
day_ahead_price,xgb_oof_train,peak,segment_model,2025-04-23 00:15:00,weekly,roll_mean_672,0.004241222515702248
day_ahead_price,xgb_oof_train,peak,segment_model,2025-04-23 00:15:00,weekly,roll_std_96,0.007447003852576017
day_ahead_price,xgb_oof_train,peak,segment_model,2025-04-23 00:15:00,weekly,diff_1,0.01191407348960638
day_ahead_price,xgb_oof_train,peak,segment_model,2025-04-23 00:15:00,weekly,diff_96,0.008525386452674866
day_ahead_price,xgb_oof_train,peak,segment_model,2025-04-23 00:15:00,weekly,hour,0.00982750952243805
day_ahead_price,xgb_oof_train,peak,segment_model,2025-04-23 00:15:00,weekly,minute,0.004489877261221409
day_ahead_price,xgb_oof_train,peak,segment_model,2025-04-23 00:15:00,weekly,dayofweek,0.006468625273555517
day_ahead_price,xgb_oof_train,peak,segment_model,2025-04-23 00:15:00,weekly,slot96,0.010745646432042122
day_ahead_price,xgb_oof_train,peak,segment_model,2025-04-23 00:15:00,weekly,sin_slot96,0.006976333912461996
day_ahead_price,xgb_oof_train,peak,segment_model,2025-04-23 00:15:00,weekly,cos_slot96,0.011341430246829987
day_ahead_price,xgb_oof_train,peak,segment_model,2025-04-23 00:15:00,weekly,is_holiday,0.0
day_ahead_price,xgb_oof_train,peak,segment_model,2025-04-23 00:15:00,weekly,is_workday,0.0
day_ahead_price,xgb_oof_train,peak,segment_model,2025-04-23 00:15:00,weekly,is_weekend,0.0
day_ahead_price,xgb_oof_train,peak,segment_model,2025-04-23 00:15:00,weekly,is_makeup_workday,0.0
day_ahead_price,xgb_oof_train,peak,segment_model,2025-04-23 00:15:00,weekly,before_holiday_1d,0.0
day_ahead_price,xgb_oof_train,peak,segment_model,2025-04-23 00:15:00,weekly,after_holiday_1d,0.011840383522212505
day_ahead_price,xgb_oof_train,peak,segment_model,2025-04-23 00:15:00,weekly,holiday_name_Dragon Boat Festival,0.0
day_ahead_price,xgb_oof_train,peak,segment_model,2025-04-23 00:15:00,weekly,holiday_name_Labour Day,0.0
day_ahead_price,xgb_oof_train,peak,segment_model,2025-04-23 00:15:00,weekly,holiday_name_Mid-autumn Festival,0.0
day_ahead_price,xgb_oof_train,peak,segment_model,2025-04-23 00:15:00,weekly,holiday_name_National Day,0.0
day_ahead_price,xgb_oof_train,peak,segment_model,2025-04-23 00:15:00,weekly,holiday_name_New Year's Day,0.0
day_ahead_price,xgb_oof_train,peak,segment_model,2025-04-23 00:15:00,weekly,holiday_name_None,0.0
day_ahead_price,xgb_oof_train,peak,segment_model,2025-04-23 00:15:00,weekly,holiday_name_Spring Festival,0.004441302269697189
day_ahead_price,xgb_oof_train,peak,segment_model,2025-04-23 00:15:00,weekly,holiday_name_Tomb-sweeping Day,0.0
day_ahead_price,xgb_oof_train,global,global_model,2025-04-30 00:15:00,weekly,lag_1,0.49710237979888916
day_ahead_price,xgb_oof_train,global,global_model,2025-04-30 00:15:00,weekly,lag_2,0.04641072452068329
day_ahead_price,xgb_oof_train,global,global_model,2025-04-30 00:15:00,weekly,lag_4,0.006142629776149988
day_ahead_price,xgb_oof_train,global,global_model,2025-04-30 00:15:00,weekly,lag_96,0.00909777544438839
day_ahead_price,xgb_oof_train,global,global_model,2025-04-30 00:15:00,weekly,lag_192,0.00286082667298615
day_ahead_price,xgb_oof_train,global,global_model,2025-04-30 00:15:00,weekly,lag_672,0.016746962442994118
day_ahead_price,xgb_oof_train,global,global_model,2025-04-30 00:15:00,weekly,roll_mean_4,0.29549577832221985
day_ahead_price,xgb_oof_train,global,global_model,2025-04-30 00:15:00,weekly,roll_mean_16,0.004242665134370327
day_ahead_price,xgb_oof_train,global,global_model,2025-04-30 00:15:00,weekly,roll_mean_96,0.00380556657910347
day_ahead_price,xgb_oof_train,global,global_model,2025-04-30 00:15:00,weekly,roll_mean_672,0.005222053732722998
day_ahead_price,xgb_oof_train,global,global_model,2025-04-30 00:15:00,weekly,roll_std_96,0.0070186033844947815
day_ahead_price,xgb_oof_train,global,global_model,2025-04-30 00:15:00,weekly,diff_1,0.014031206257641315
day_ahead_price,xgb_oof_train,global,global_model,2025-04-30 00:15:00,weekly,diff_96,0.015649117529392242
day_ahead_price,xgb_oof_train,global,global_model,2025-04-30 00:15:00,weekly,hour,0.0055823917500674725
day_ahead_price,xgb_oof_train,global,global_model,2025-04-30 00:15:00,weekly,minute,7.67032634030329e-06
day_ahead_price,xgb_oof_train,global,global_model,2025-04-30 00:15:00,weekly,dayofweek,0.005695023573935032
day_ahead_price,xgb_oof_train,global,global_model,2025-04-30 00:15:00,weekly,slot96,0.02543930895626545
day_ahead_price,xgb_oof_train,global,global_model,2025-04-30 00:15:00,weekly,sin_slot96,0.023549705743789673
day_ahead_price,xgb_oof_train,global,global_model,2025-04-30 00:15:00,weekly,cos_slot96,0.006523772142827511
day_ahead_price,xgb_oof_train,global,global_model,2025-04-30 00:15:00,weekly,is_holiday,0.0
day_ahead_price,xgb_oof_train,global,global_model,2025-04-30 00:15:00,weekly,is_workday,0.0
day_ahead_price,xgb_oof_train,global,global_model,2025-04-30 00:15:00,weekly,is_weekend,0.0
day_ahead_price,xgb_oof_train,global,global_model,2025-04-30 00:15:00,weekly,is_makeup_workday,0.0
day_ahead_price,xgb_oof_train,global,global_model,2025-04-30 00:15:00,weekly,before_holiday_1d,0.0006888993666507304
day_ahead_price,xgb_oof_train,global,global_model,2025-04-30 00:15:00,weekly,after_holiday_1d,0.007081267889589071
day_ahead_price,xgb_oof_train,global,global_model,2025-04-30 00:15:00,weekly,holiday_name_Dragon Boat Festival,0.0
day_ahead_price,xgb_oof_train,global,global_model,2025-04-30 00:15:00,weekly,holiday_name_Labour Day,0.0
day_ahead_price,xgb_oof_train,global,global_model,2025-04-30 00:15:00,weekly,holiday_name_Mid-autumn Festival,0.0
day_ahead_price,xgb_oof_train,global,global_model,2025-04-30 00:15:00,weekly,holiday_name_National Day,0.0
day_ahead_price,xgb_oof_train,global,global_model,2025-04-30 00:15:00,weekly,holiday_name_New Year's Day,0.0
day_ahead_price,xgb_oof_train,global,global_model,2025-04-30 00:15:00,weekly,holiday_name_None,0.0016055948799476027
day_ahead_price,xgb_oof_train,global,global_model,2025-04-30 00:15:00,weekly,holiday_name_Spring Festival,0.0
day_ahead_price,xgb_oof_train,global,global_model,2025-04-30 00:15:00,weekly,holiday_name_Tomb-sweeping Day,0.0
day_ahead_price,xgb_oof_train,valley,segment_model,2025-04-30 00:15:00,weekly,lag_1,0.5133629441261292
day_ahead_price,xgb_oof_train,valley,segment_model,2025-04-30 00:15:00,weekly,lag_2,0.16811297833919525
day_ahead_price,xgb_oof_train,valley,segment_model,2025-04-30 00:15:00,weekly,lag_4,0.002861105604097247
day_ahead_price,xgb_oof_train,valley,segment_model,2025-04-30 00:15:00,weekly,lag_96,0.00726593192666769
day_ahead_price,xgb_oof_train,valley,segment_model,2025-04-30 00:15:00,weekly,lag_192,0.00390918692573905
day_ahead_price,xgb_oof_train,valley,segment_model,2025-04-30 00:15:00,weekly,lag_672,0.004704345017671585
day_ahead_price,xgb_oof_train,valley,segment_model,2025-04-30 00:15:00,weekly,roll_mean_4,0.2304464727640152
day_ahead_price,xgb_oof_train,valley,segment_model,2025-04-30 00:15:00,weekly,roll_mean_16,0.0033526632469147444
day_ahead_price,xgb_oof_train,valley,segment_model,2025-04-30 00:15:00,weekly,roll_mean_96,0.005937075708061457
day_ahead_price,xgb_oof_train,valley,segment_model,2025-04-30 00:15:00,weekly,roll_mean_672,0.0049878377467393875
day_ahead_price,xgb_oof_train,valley,segment_model,2025-04-30 00:15:00,weekly,roll_std_96,0.0030198637396097183
day_ahead_price,xgb_oof_train,valley,segment_model,2025-04-30 00:15:00,weekly,diff_1,0.012801555916666985
day_ahead_price,xgb_oof_train,valley,segment_model,2025-04-30 00:15:00,weekly,diff_96,0.003037109272554517
day_ahead_price,xgb_oof_train,valley,segment_model,2025-04-30 00:15:00,weekly,hour,0.007752823643386364
day_ahead_price,xgb_oof_train,valley,segment_model,2025-04-30 00:15:00,weekly,minute,0.006014308426529169
day_ahead_price,xgb_oof_train,valley,segment_model,2025-04-30 00:15:00,weekly,dayofweek,0.0031588603742420673
day_ahead_price,xgb_oof_train,valley,segment_model,2025-04-30 00:15:00,weekly,slot96,0.004909674637019634
day_ahead_price,xgb_oof_train,valley,segment_model,2025-04-30 00:15:00,weekly,sin_slot96,0.005041299853473902
day_ahead_price,xgb_oof_train,valley,segment_model,2025-04-30 00:15:00,weekly,cos_slot96,0.004787557292729616
day_ahead_price,xgb_oof_train,valley,segment_model,2025-04-30 00:15:00,weekly,is_holiday,0.0
day_ahead_price,xgb_oof_train,valley,segment_model,2025-04-30 00:15:00,weekly,is_workday,0.0
day_ahead_price,xgb_oof_train,valley,segment_model,2025-04-30 00:15:00,weekly,is_weekend,0.0
day_ahead_price,xgb_oof_train,valley,segment_model,2025-04-30 00:15:00,weekly,is_makeup_workday,0.0
day_ahead_price,xgb_oof_train,valley,segment_model,2025-04-30 00:15:00,weekly,before_holiday_1d,0.0
day_ahead_price,xgb_oof_train,valley,segment_model,2025-04-30 00:15:00,weekly,after_holiday_1d,0.0
day_ahead_price,xgb_oof_train,valley,segment_model,2025-04-30 00:15:00,weekly,holiday_name_Dragon Boat Festival,0.0
day_ahead_price,xgb_oof_train,valley,segment_model,2025-04-30 00:15:00,weekly,holiday_name_Labour Day,0.0
day_ahead_price,xgb_oof_train,valley,segment_model,2025-04-30 00:15:00,weekly,holiday_name_Mid-autumn Festival,0.0
day_ahead_price,xgb_oof_train,valley,segment_model,2025-04-30 00:15:00,weekly,holiday_name_National Day,0.0
day_ahead_price,xgb_oof_train,valley,segment_model,2025-04-30 00:15:00,weekly,holiday_name_New Year's Day,0.002056622179225087
day_ahead_price,xgb_oof_train,valley,segment_model,2025-04-30 00:15:00,weekly,holiday_name_None,0.002479770453646779
day_ahead_price,xgb_oof_train,valley,segment_model,2025-04-30 00:15:00,weekly,holiday_name_Spring Festival,0.0
day_ahead_price,xgb_oof_train,valley,segment_model,2025-04-30 00:15:00,weekly,holiday_name_Tomb-sweeping Day,0.0
day_ahead_price,xgb_oof_train,flat,segment_model,2025-04-30 00:15:00,weekly,lag_1,0.47028160095214844
day_ahead_price,xgb_oof_train,flat,segment_model,2025-04-30 00:15:00,weekly,lag_2,0.08418247848749161
day_ahead_price,xgb_oof_train,flat,segment_model,2025-04-30 00:15:00,weekly,lag_4,0.011711714789271355
day_ahead_price,xgb_oof_train,flat,segment_model,2025-04-30 00:15:00,weekly,lag_96,0.008345567621290684
day_ahead_price,xgb_oof_train,flat,segment_model,2025-04-30 00:15:00,weekly,lag_192,0.007748731411993504
day_ahead_price,xgb_oof_train,flat,segment_model,2025-04-30 00:15:00,weekly,lag_672,0.022351477295160294
day_ahead_price,xgb_oof_train,flat,segment_model,2025-04-30 00:15:00,weekly,roll_mean_4,0.09163552522659302
day_ahead_price,xgb_oof_train,flat,segment_model,2025-04-30 00:15:00,weekly,roll_mean_16,0.004288880154490471
day_ahead_price,xgb_oof_train,flat,segment_model,2025-04-30 00:15:00,weekly,roll_mean_96,0.010770093649625778
day_ahead_price,xgb_oof_train,flat,segment_model,2025-04-30 00:15:00,weekly,roll_mean_672,0.0036835160572081804
day_ahead_price,xgb_oof_train,flat,segment_model,2025-04-30 00:15:00,weekly,roll_std_96,0.012192887254059315
day_ahead_price,xgb_oof_train,flat,segment_model,2025-04-30 00:15:00,weekly,diff_1,0.03657873347401619
day_ahead_price,xgb_oof_train,flat,segment_model,2025-04-30 00:15:00,weekly,diff_96,0.03744152560830116
day_ahead_price,xgb_oof_train,flat,segment_model,2025-04-30 00:15:00,weekly,hour,0.0031487809028476477
day_ahead_price,xgb_oof_train,flat,segment_model,2025-04-30 00:15:00,weekly,minute,0.02616548165678978
day_ahead_price,xgb_oof_train,flat,segment_model,2025-04-30 00:15:00,weekly,dayofweek,0.005334907211363316
day_ahead_price,xgb_oof_train,flat,segment_model,2025-04-30 00:15:00,weekly,slot96,0.03314448148012161
day_ahead_price,xgb_oof_train,flat,segment_model,2025-04-30 00:15:00,weekly,sin_slot96,0.09388457983732224
day_ahead_price,xgb_oof_train,flat,segment_model,2025-04-30 00:15:00,weekly,cos_slot96,0.006238067522644997
day_ahead_price,xgb_oof_train,flat,segment_model,2025-04-30 00:15:00,weekly,is_holiday,0.0
day_ahead_price,xgb_oof_train,flat,segment_model,2025-04-30 00:15:00,weekly,is_workday,0.0
day_ahead_price,xgb_oof_train,flat,segment_model,2025-04-30 00:15:00,weekly,is_weekend,0.0
day_ahead_price,xgb_oof_train,flat,segment_model,2025-04-30 00:15:00,weekly,is_makeup_workday,0.00042550129001028836
day_ahead_price,xgb_oof_train,flat,segment_model,2025-04-30 00:15:00,weekly,before_holiday_1d,0.010204596444964409
day_ahead_price,xgb_oof_train,flat,segment_model,2025-04-30 00:15:00,weekly,after_holiday_1d,0.020240848883986473
day_ahead_price,xgb_oof_train,flat,segment_model,2025-04-30 00:15:00,weekly,holiday_name_Dragon Boat Festival,0.0
day_ahead_price,xgb_oof_train,flat,segment_model,2025-04-30 00:15:00,weekly,holiday_name_Labour Day,0.0
day_ahead_price,xgb_oof_train,flat,segment_model,2025-04-30 00:15:00,weekly,holiday_name_Mid-autumn Festival,0.0
day_ahead_price,xgb_oof_train,flat,segment_model,2025-04-30 00:15:00,weekly,holiday_name_National Day,0.0
day_ahead_price,xgb_oof_train,flat,segment_model,2025-04-30 00:15:00,weekly,holiday_name_New Year's Day,0.0
day_ahead_price,xgb_oof_train,flat,segment_model,2025-04-30 00:15:00,weekly,holiday_name_None,0.0
day_ahead_price,xgb_oof_train,flat,segment_model,2025-04-30 00:15:00,weekly,holiday_name_Spring Festival,0.0
day_ahead_price,xgb_oof_train,flat,segment_model,2025-04-30 00:15:00,weekly,holiday_name_Tomb-sweeping Day,0.0
day_ahead_price,xgb_oof_train,peak,segment_model,2025-04-30 00:15:00,weekly,lag_1,0.52325838804245
day_ahead_price,xgb_oof_train,peak,segment_model,2025-04-30 00:15:00,weekly,lag_2,0.03351132199168205
day_ahead_price,xgb_oof_train,peak,segment_model,2025-04-30 00:15:00,weekly,lag_4,0.007095463573932648
day_ahead_price,xgb_oof_train,peak,segment_model,2025-04-30 00:15:00,weekly,lag_96,0.018387671560049057
day_ahead_price,xgb_oof_train,peak,segment_model,2025-04-30 00:15:00,weekly,lag_192,0.004019987769424915
day_ahead_price,xgb_oof_train,peak,segment_model,2025-04-30 00:15:00,weekly,lag_672,0.003162088803946972
day_ahead_price,xgb_oof_train,peak,segment_model,2025-04-30 00:15:00,weekly,roll_mean_4,0.29808691143989563
day_ahead_price,xgb_oof_train,peak,segment_model,2025-04-30 00:15:00,weekly,roll_mean_16,0.014195305295288563
day_ahead_price,xgb_oof_train,peak,segment_model,2025-04-30 00:15:00,weekly,roll_mean_96,0.004614096600562334
day_ahead_price,xgb_oof_train,peak,segment_model,2025-04-30 00:15:00,weekly,roll_mean_672,0.002761201234534383
day_ahead_price,xgb_oof_train,peak,segment_model,2025-04-30 00:15:00,weekly,roll_std_96,0.006459662225097418
day_ahead_price,xgb_oof_train,peak,segment_model,2025-04-30 00:15:00,weekly,diff_1,0.011007164604961872
day_ahead_price,xgb_oof_train,peak,segment_model,2025-04-30 00:15:00,weekly,diff_96,0.009889467619359493
day_ahead_price,xgb_oof_train,peak,segment_model,2025-04-30 00:15:00,weekly,hour,0.010163558647036552
day_ahead_price,xgb_oof_train,peak,segment_model,2025-04-30 00:15:00,weekly,minute,0.004995753522962332
day_ahead_price,xgb_oof_train,peak,segment_model,2025-04-30 00:15:00,weekly,dayofweek,0.0054557002149522305
day_ahead_price,xgb_oof_train,peak,segment_model,2025-04-30 00:15:00,weekly,slot96,0.00947554875165224
day_ahead_price,xgb_oof_train,peak,segment_model,2025-04-30 00:15:00,weekly,sin_slot96,0.004838824737817049
day_ahead_price,xgb_oof_train,peak,segment_model,2025-04-30 00:15:00,weekly,cos_slot96,0.010730278678238392
day_ahead_price,xgb_oof_train,peak,segment_model,2025-04-30 00:15:00,weekly,is_holiday,0.0
day_ahead_price,xgb_oof_train,peak,segment_model,2025-04-30 00:15:00,weekly,is_workday,0.0
day_ahead_price,xgb_oof_train,peak,segment_model,2025-04-30 00:15:00,weekly,is_weekend,0.0
day_ahead_price,xgb_oof_train,peak,segment_model,2025-04-30 00:15:00,weekly,is_makeup_workday,0.0
day_ahead_price,xgb_oof_train,peak,segment_model,2025-04-30 00:15:00,weekly,before_holiday_1d,0.004624337423592806
day_ahead_price,xgb_oof_train,peak,segment_model,2025-04-30 00:15:00,weekly,after_holiday_1d,0.009391413070261478
day_ahead_price,xgb_oof_train,peak,segment_model,2025-04-30 00:15:00,weekly,holiday_name_Dragon Boat Festival,0.0
day_ahead_price,xgb_oof_train,peak,segment_model,2025-04-30 00:15:00,weekly,holiday_name_Labour Day,0.0
day_ahead_price,xgb_oof_train,peak,segment_model,2025-04-30 00:15:00,weekly,holiday_name_Mid-autumn Festival,0.0
day_ahead_price,xgb_oof_train,peak,segment_model,2025-04-30 00:15:00,weekly,holiday_name_National Day,0.0
day_ahead_price,xgb_oof_train,peak,segment_model,2025-04-30 00:15:00,weekly,holiday_name_New Year's Day,0.0
day_ahead_price,xgb_oof_train,peak,segment_model,2025-04-30 00:15:00,weekly,holiday_name_None,0.0
day_ahead_price,xgb_oof_train,peak,segment_model,2025-04-30 00:15:00,weekly,holiday_name_Spring Festival,0.0038758504670113325
day_ahead_price,xgb_oof_train,peak,segment_model,2025-04-30 00:15:00,weekly,holiday_name_Tomb-sweeping Day,0.0
day_ahead_price,xgb_oof_train,global,global_model,2025-05-07 00:15:00,weekly,lag_1,0.47681084275245667
day_ahead_price,xgb_oof_train,global,global_model,2025-05-07 00:15:00,weekly,lag_2,0.031237084418535233
day_ahead_price,xgb_oof_train,global,global_model,2025-05-07 00:15:00,weekly,lag_4,0.004955972079187632
day_ahead_price,xgb_oof_train,global,global_model,2025-05-07 00:15:00,weekly,lag_96,0.0062904758378863335
day_ahead_price,xgb_oof_train,global,global_model,2025-05-07 00:15:00,weekly,lag_192,0.0031520959455519915
day_ahead_price,xgb_oof_train,global,global_model,2025-05-07 00:15:00,weekly,lag_672,0.012932771816849709
day_ahead_price,xgb_oof_train,global,global_model,2025-05-07 00:15:00,weekly,roll_mean_4,0.3079080879688263
day_ahead_price,xgb_oof_train,global,global_model,2025-05-07 00:15:00,weekly,roll_mean_16,0.0024421934504061937
day_ahead_price,xgb_oof_train,global,global_model,2025-05-07 00:15:00,weekly,roll_mean_96,0.004476981237530708
day_ahead_price,xgb_oof_train,global,global_model,2025-05-07 00:15:00,weekly,roll_mean_672,0.005672562401741743
day_ahead_price,xgb_oof_train,global,global_model,2025-05-07 00:15:00,weekly,roll_std_96,0.009107926860451698
day_ahead_price,xgb_oof_train,global,global_model,2025-05-07 00:15:00,weekly,diff_1,0.014407566748559475
day_ahead_price,xgb_oof_train,global,global_model,2025-05-07 00:15:00,weekly,diff_96,0.01749742031097412
day_ahead_price,xgb_oof_train,global,global_model,2025-05-07 00:15:00,weekly,hour,0.005291499197483063
day_ahead_price,xgb_oof_train,global,global_model,2025-05-07 00:15:00,weekly,minute,0.01761235110461712
day_ahead_price,xgb_oof_train,global,global_model,2025-05-07 00:15:00,weekly,dayofweek,0.0
day_ahead_price,xgb_oof_train,global,global_model,2025-05-07 00:15:00,weekly,slot96,0.024275388568639755
day_ahead_price,xgb_oof_train,global,global_model,2025-05-07 00:15:00,weekly,sin_slot96,0.0224809218198061
day_ahead_price,xgb_oof_train,global,global_model,2025-05-07 00:15:00,weekly,cos_slot96,0.004719655029475689
day_ahead_price,xgb_oof_train,global,global_model,2025-05-07 00:15:00,weekly,is_holiday,0.0
day_ahead_price,xgb_oof_train,global,global_model,2025-05-07 00:15:00,weekly,is_workday,0.0
day_ahead_price,xgb_oof_train,global,global_model,2025-05-07 00:15:00,weekly,is_weekend,0.0
day_ahead_price,xgb_oof_train,global,global_model,2025-05-07 00:15:00,weekly,is_makeup_workday,0.0
day_ahead_price,xgb_oof_train,global,global_model,2025-05-07 00:15:00,weekly,before_holiday_1d,0.0037108412943780422
day_ahead_price,xgb_oof_train,global,global_model,2025-05-07 00:15:00,weekly,after_holiday_1d,0.02349887229502201
day_ahead_price,xgb_oof_train,global,global_model,2025-05-07 00:15:00,weekly,holiday_name_Dragon Boat Festival,0.0
day_ahead_price,xgb_oof_train,global,global_model,2025-05-07 00:15:00,weekly,holiday_name_Labour Day,0.0
day_ahead_price,xgb_oof_train,global,global_model,2025-05-07 00:15:00,weekly,holiday_name_Mid-autumn Festival,0.0
day_ahead_price,xgb_oof_train,global,global_model,2025-05-07 00:15:00,weekly,holiday_name_National Day,0.0
day_ahead_price,xgb_oof_train,global,global_model,2025-05-07 00:15:00,weekly,holiday_name_New Year's Day,0.0
day_ahead_price,xgb_oof_train,global,global_model,2025-05-07 00:15:00,weekly,holiday_name_None,0.0015184400836005807
day_ahead_price,xgb_oof_train,global,global_model,2025-05-07 00:15:00,weekly,holiday_name_Spring Festival,0.0
day_ahead_price,xgb_oof_train,global,global_model,2025-05-07 00:15:00,weekly,holiday_name_Tomb-sweeping Day,0.0
day_ahead_price,xgb_oof_train,valley,segment_model,2025-05-07 00:15:00,weekly,lag_1,0.5160892605781555
day_ahead_price,xgb_oof_train,valley,segment_model,2025-05-07 00:15:00,weekly,lag_2,0.17080116271972656
day_ahead_price,xgb_oof_train,valley,segment_model,2025-05-07 00:15:00,weekly,lag_4,0.0025272765196859837
day_ahead_price,xgb_oof_train,valley,segment_model,2025-05-07 00:15:00,weekly,lag_96,0.007218535989522934
day_ahead_price,xgb_oof_train,valley,segment_model,2025-05-07 00:15:00,weekly,lag_192,0.003711984260007739
day_ahead_price,xgb_oof_train,valley,segment_model,2025-05-07 00:15:00,weekly,lag_672,0.008172499015927315
day_ahead_price,xgb_oof_train,valley,segment_model,2025-05-07 00:15:00,weekly,roll_mean_4,0.2252589911222458
day_ahead_price,xgb_oof_train,valley,segment_model,2025-05-07 00:15:00,weekly,roll_mean_16,0.0042693885043263435
day_ahead_price,xgb_oof_train,valley,segment_model,2025-05-07 00:15:00,weekly,roll_mean_96,0.00535374553874135
day_ahead_price,xgb_oof_train,valley,segment_model,2025-05-07 00:15:00,weekly,roll_mean_672,0.005476220510900021
day_ahead_price,xgb_oof_train,valley,segment_model,2025-05-07 00:15:00,weekly,roll_std_96,0.002744676312431693
day_ahead_price,xgb_oof_train,valley,segment_model,2025-05-07 00:15:00,weekly,diff_1,0.013429910875856876
day_ahead_price,xgb_oof_train,valley,segment_model,2025-05-07 00:15:00,weekly,diff_96,0.00307857315056026
day_ahead_price,xgb_oof_train,valley,segment_model,2025-05-07 00:15:00,weekly,hour,0.004252672661095858
day_ahead_price,xgb_oof_train,valley,segment_model,2025-05-07 00:15:00,weekly,minute,0.006572140846401453
day_ahead_price,xgb_oof_train,valley,segment_model,2025-05-07 00:15:00,weekly,dayofweek,0.0028076134622097015
day_ahead_price,xgb_oof_train,valley,segment_model,2025-05-07 00:15:00,weekly,slot96,0.0051376898773014545
day_ahead_price,xgb_oof_train,valley,segment_model,2025-05-07 00:15:00,weekly,sin_slot96,0.004724059719592333
day_ahead_price,xgb_oof_train,valley,segment_model,2025-05-07 00:15:00,weekly,cos_slot96,0.0027351477183401585
day_ahead_price,xgb_oof_train,valley,segment_model,2025-05-07 00:15:00,weekly,is_holiday,0.0011993616353720427
day_ahead_price,xgb_oof_train,valley,segment_model,2025-05-07 00:15:00,weekly,is_workday,0.0
day_ahead_price,xgb_oof_train,valley,segment_model,2025-05-07 00:15:00,weekly,is_weekend,0.0
day_ahead_price,xgb_oof_train,valley,segment_model,2025-05-07 00:15:00,weekly,is_makeup_workday,0.0
day_ahead_price,xgb_oof_train,valley,segment_model,2025-05-07 00:15:00,weekly,before_holiday_1d,0.0
day_ahead_price,xgb_oof_train,valley,segment_model,2025-05-07 00:15:00,weekly,after_holiday_1d,0.0
day_ahead_price,xgb_oof_train,valley,segment_model,2025-05-07 00:15:00,weekly,holiday_name_Dragon Boat Festival,0.0
day_ahead_price,xgb_oof_train,valley,segment_model,2025-05-07 00:15:00,weekly,holiday_name_Labour Day,0.0
day_ahead_price,xgb_oof_train,valley,segment_model,2025-05-07 00:15:00,weekly,holiday_name_Mid-autumn Festival,0.0
day_ahead_price,xgb_oof_train,valley,segment_model,2025-05-07 00:15:00,weekly,holiday_name_National Day,0.0
day_ahead_price,xgb_oof_train,valley,segment_model,2025-05-07 00:15:00,weekly,holiday_name_New Year's Day,0.00241316226311028
day_ahead_price,xgb_oof_train,valley,segment_model,2025-05-07 00:15:00,weekly,holiday_name_None,0.0020259113516658545
day_ahead_price,xgb_oof_train,valley,segment_model,2025-05-07 00:15:00,weekly,holiday_name_Spring Festival,0.0
day_ahead_price,xgb_oof_train,valley,segment_model,2025-05-07 00:15:00,weekly,holiday_name_Tomb-sweeping Day,0.0
day_ahead_price,xgb_oof_train,flat,segment_model,2025-05-07 00:15:00,weekly,lag_1,0.45033109188079834
day_ahead_price,xgb_oof_train,flat,segment_model,2025-05-07 00:15:00,weekly,lag_2,0.09874241799116135
day_ahead_price,xgb_oof_train,flat,segment_model,2025-05-07 00:15:00,weekly,lag_4,0.01184110902249813
day_ahead_price,xgb_oof_train,flat,segment_model,2025-05-07 00:15:00,weekly,lag_96,0.009493269957602024
day_ahead_price,xgb_oof_train,flat,segment_model,2025-05-07 00:15:00,weekly,lag_192,0.010251807980239391
day_ahead_price,xgb_oof_train,flat,segment_model,2025-05-07 00:15:00,weekly,lag_672,0.01470894180238247
day_ahead_price,xgb_oof_train,flat,segment_model,2025-05-07 00:15:00,weekly,roll_mean_4,0.08264008164405823
day_ahead_price,xgb_oof_train,flat,segment_model,2025-05-07 00:15:00,weekly,roll_mean_16,0.005033598747104406
day_ahead_price,xgb_oof_train,flat,segment_model,2025-05-07 00:15:00,weekly,roll_mean_96,0.008846734650433064
day_ahead_price,xgb_oof_train,flat,segment_model,2025-05-07 00:15:00,weekly,roll_mean_672,0.002354589058086276
day_ahead_price,xgb_oof_train,flat,segment_model,2025-05-07 00:15:00,weekly,roll_std_96,0.007226638030260801
day_ahead_price,xgb_oof_train,flat,segment_model,2025-05-07 00:15:00,weekly,diff_1,0.02942531742155552
day_ahead_price,xgb_oof_train,flat,segment_model,2025-05-07 00:15:00,weekly,diff_96,0.03427237644791603
day_ahead_price,xgb_oof_train,flat,segment_model,2025-05-07 00:15:00,weekly,hour,0.005283084698021412
day_ahead_price,xgb_oof_train,flat,segment_model,2025-05-07 00:15:00,weekly,minute,0.029347404837608337
day_ahead_price,xgb_oof_train,flat,segment_model,2025-05-07 00:15:00,weekly,dayofweek,0.013067299500107765
day_ahead_price,xgb_oof_train,flat,segment_model,2025-05-07 00:15:00,weekly,slot96,0.039893247187137604
day_ahead_price,xgb_oof_train,flat,segment_model,2025-05-07 00:15:00,weekly,sin_slot96,0.10790905356407166
day_ahead_price,xgb_oof_train,flat,segment_model,2025-05-07 00:15:00,weekly,cos_slot96,0.006654027383774519
day_ahead_price,xgb_oof_train,flat,segment_model,2025-05-07 00:15:00,weekly,is_holiday,0.0
day_ahead_price,xgb_oof_train,flat,segment_model,2025-05-07 00:15:00,weekly,is_workday,0.0
day_ahead_price,xgb_oof_train,flat,segment_model,2025-05-07 00:15:00,weekly,is_weekend,0.0
day_ahead_price,xgb_oof_train,flat,segment_model,2025-05-07 00:15:00,weekly,is_makeup_workday,0.0
day_ahead_price,xgb_oof_train,flat,segment_model,2025-05-07 00:15:00,weekly,before_holiday_1d,0.006205342710018158
day_ahead_price,xgb_oof_train,flat,segment_model,2025-05-07 00:15:00,weekly,after_holiday_1d,0.026472505182027817
day_ahead_price,xgb_oof_train,flat,segment_model,2025-05-07 00:15:00,weekly,holiday_name_Dragon Boat Festival,0.0
day_ahead_price,xgb_oof_train,flat,segment_model,2025-05-07 00:15:00,weekly,holiday_name_Labour Day,0.0
day_ahead_price,xgb_oof_train,flat,segment_model,2025-05-07 00:15:00,weekly,holiday_name_Mid-autumn Festival,0.0
day_ahead_price,xgb_oof_train,flat,segment_model,2025-05-07 00:15:00,weekly,holiday_name_National Day,0.0
day_ahead_price,xgb_oof_train,flat,segment_model,2025-05-07 00:15:00,weekly,holiday_name_New Year's Day,0.0
day_ahead_price,xgb_oof_train,flat,segment_model,2025-05-07 00:15:00,weekly,holiday_name_None,0.0
day_ahead_price,xgb_oof_train,flat,segment_model,2025-05-07 00:15:00,weekly,holiday_name_Spring Festival,0.0
day_ahead_price,xgb_oof_train,flat,segment_model,2025-05-07 00:15:00,weekly,holiday_name_Tomb-sweeping Day,0.0
day_ahead_price,xgb_oof_train,peak,segment_model,2025-05-07 00:15:00,weekly,lag_1,0.535021960735321
day_ahead_price,xgb_oof_train,peak,segment_model,2025-05-07 00:15:00,weekly,lag_2,0.031206335872411728
day_ahead_price,xgb_oof_train,peak,segment_model,2025-05-07 00:15:00,weekly,lag_4,0.006878390908241272
day_ahead_price,xgb_oof_train,peak,segment_model,2025-05-07 00:15:00,weekly,lag_96,0.01798633672297001
day_ahead_price,xgb_oof_train,peak,segment_model,2025-05-07 00:15:00,weekly,lag_192,0.0031575963366776705
day_ahead_price,xgb_oof_train,peak,segment_model,2025-05-07 00:15:00,weekly,lag_672,0.0028809523209929466
day_ahead_price,xgb_oof_train,peak,segment_model,2025-05-07 00:15:00,weekly,roll_mean_4,0.2942352294921875
day_ahead_price,xgb_oof_train,peak,segment_model,2025-05-07 00:15:00,weekly,roll_mean_16,0.01322845183312893
day_ahead_price,xgb_oof_train,peak,segment_model,2025-05-07 00:15:00,weekly,roll_mean_96,0.004700393415987492
day_ahead_price,xgb_oof_train,peak,segment_model,2025-05-07 00:15:00,weekly,roll_mean_672,0.003033273620530963
day_ahead_price,xgb_oof_train,peak,segment_model,2025-05-07 00:15:00,weekly,roll_std_96,0.0051696146838366985
day_ahead_price,xgb_oof_train,peak,segment_model,2025-05-07 00:15:00,weekly,diff_1,0.011217153631150723
day_ahead_price,xgb_oof_train,peak,segment_model,2025-05-07 00:15:00,weekly,diff_96,0.007167723961174488
day_ahead_price,xgb_oof_train,peak,segment_model,2025-05-07 00:15:00,weekly,hour,0.010954572819173336
day_ahead_price,xgb_oof_train,peak,segment_model,2025-05-07 00:15:00,weekly,minute,0.006273763719946146
day_ahead_price,xgb_oof_train,peak,segment_model,2025-05-07 00:15:00,weekly,dayofweek,0.00392545061185956
day_ahead_price,xgb_oof_train,peak,segment_model,2025-05-07 00:15:00,weekly,slot96,0.008764081634581089
day_ahead_price,xgb_oof_train,peak,segment_model,2025-05-07 00:15:00,weekly,sin_slot96,0.006159160286188126
day_ahead_price,xgb_oof_train,peak,segment_model,2025-05-07 00:15:00,weekly,cos_slot96,0.010290725156664848
day_ahead_price,xgb_oof_train,peak,segment_model,2025-05-07 00:15:00,weekly,is_holiday,0.0
day_ahead_price,xgb_oof_train,peak,segment_model,2025-05-07 00:15:00,weekly,is_workday,0.0
day_ahead_price,xgb_oof_train,peak,segment_model,2025-05-07 00:15:00,weekly,is_weekend,0.0
day_ahead_price,xgb_oof_train,peak,segment_model,2025-05-07 00:15:00,weekly,is_makeup_workday,0.0
day_ahead_price,xgb_oof_train,peak,segment_model,2025-05-07 00:15:00,weekly,before_holiday_1d,0.0011838386999443173
day_ahead_price,xgb_oof_train,peak,segment_model,2025-05-07 00:15:00,weekly,after_holiday_1d,0.01245998963713646
day_ahead_price,xgb_oof_train,peak,segment_model,2025-05-07 00:15:00,weekly,holiday_name_Dragon Boat Festival,0.0
day_ahead_price,xgb_oof_train,peak,segment_model,2025-05-07 00:15:00,weekly,holiday_name_Labour Day,0.0
day_ahead_price,xgb_oof_train,peak,segment_model,2025-05-07 00:15:00,weekly,holiday_name_Mid-autumn Festival,0.0
day_ahead_price,xgb_oof_train,peak,segment_model,2025-05-07 00:15:00,weekly,holiday_name_National Day,0.0
day_ahead_price,xgb_oof_train,peak,segment_model,2025-05-07 00:15:00,weekly,holiday_name_New Year's Day,0.0
day_ahead_price,xgb_oof_train,peak,segment_model,2025-05-07 00:15:00,weekly,holiday_name_None,0.0
day_ahead_price,xgb_oof_train,peak,segment_model,2025-05-07 00:15:00,weekly,holiday_name_Spring Festival,0.004105091094970703
day_ahead_price,xgb_oof_train,peak,segment_model,2025-05-07 00:15:00,weekly,holiday_name_Tomb-sweeping Day,0.0
day_ahead_price,xgb_oof_train,global,global_model,2025-05-14 00:15:00,weekly,lag_1,0.4703734517097473
day_ahead_price,xgb_oof_train,global,global_model,2025-05-14 00:15:00,weekly,lag_2,0.03268537297844887
day_ahead_price,xgb_oof_train,global,global_model,2025-05-14 00:15:00,weekly,lag_4,0.005036311224102974
day_ahead_price,xgb_oof_train,global,global_model,2025-05-14 00:15:00,weekly,lag_96,0.007414418738335371
day_ahead_price,xgb_oof_train,global,global_model,2025-05-14 00:15:00,weekly,lag_192,0.0061612618155777454
day_ahead_price,xgb_oof_train,global,global_model,2025-05-14 00:15:00,weekly,lag_672,0.013127111829817295
day_ahead_price,xgb_oof_train,global,global_model,2025-05-14 00:15:00,weekly,roll_mean_4,0.2998732328414917
day_ahead_price,xgb_oof_train,global,global_model,2025-05-14 00:15:00,weekly,roll_mean_16,0.0023704085033386946
day_ahead_price,xgb_oof_train,global,global_model,2025-05-14 00:15:00,weekly,roll_mean_96,0.003195843892171979
day_ahead_price,xgb_oof_train,global,global_model,2025-05-14 00:15:00,weekly,roll_mean_672,0.005230344366282225
day_ahead_price,xgb_oof_train,global,global_model,2025-05-14 00:15:00,weekly,roll_std_96,0.005400598980486393
day_ahead_price,xgb_oof_train,global,global_model,2025-05-14 00:15:00,weekly,diff_1,0.012222287245094776
day_ahead_price,xgb_oof_train,global,global_model,2025-05-14 00:15:00,weekly,diff_96,0.014921914786100388
day_ahead_price,xgb_oof_train,global,global_model,2025-05-14 00:15:00,weekly,hour,0.004820134025067091
day_ahead_price,xgb_oof_train,global,global_model,2025-05-14 00:15:00,weekly,minute,0.010426937602460384
day_ahead_price,xgb_oof_train,global,global_model,2025-05-14 00:15:00,weekly,dayofweek,0.039949458092451096
day_ahead_price,xgb_oof_train,global,global_model,2025-05-14 00:15:00,weekly,slot96,0.025978442281484604
day_ahead_price,xgb_oof_train,global,global_model,2025-05-14 00:15:00,weekly,sin_slot96,0.02346038445830345
day_ahead_price,xgb_oof_train,global,global_model,2025-05-14 00:15:00,weekly,cos_slot96,0.004835817497223616
day_ahead_price,xgb_oof_train,global,global_model,2025-05-14 00:15:00,weekly,is_holiday,0.0
day_ahead_price,xgb_oof_train,global,global_model,2025-05-14 00:15:00,weekly,is_workday,0.0
day_ahead_price,xgb_oof_train,global,global_model,2025-05-14 00:15:00,weekly,is_weekend,0.0
day_ahead_price,xgb_oof_train,global,global_model,2025-05-14 00:15:00,weekly,is_makeup_workday,0.0
day_ahead_price,xgb_oof_train,global,global_model,2025-05-14 00:15:00,weekly,before_holiday_1d,0.007104629650712013
day_ahead_price,xgb_oof_train,global,global_model,2025-05-14 00:15:00,weekly,after_holiday_1d,0.004292647819966078
day_ahead_price,xgb_oof_train,global,global_model,2025-05-14 00:15:00,weekly,holiday_name_Dragon Boat Festival,0.0
day_ahead_price,xgb_oof_train,global,global_model,2025-05-14 00:15:00,weekly,holiday_name_Labour Day,0.0
day_ahead_price,xgb_oof_train,global,global_model,2025-05-14 00:15:00,weekly,holiday_name_Mid-autumn Festival,0.0
day_ahead_price,xgb_oof_train,global,global_model,2025-05-14 00:15:00,weekly,holiday_name_National Day,0.0
day_ahead_price,xgb_oof_train,global,global_model,2025-05-14 00:15:00,weekly,holiday_name_New Year's Day,0.0
day_ahead_price,xgb_oof_train,global,global_model,2025-05-14 00:15:00,weekly,holiday_name_None,0.0
day_ahead_price,xgb_oof_train,global,global_model,2025-05-14 00:15:00,weekly,holiday_name_Spring Festival,0.0011189919896423817
day_ahead_price,xgb_oof_train,global,global_model,2025-05-14 00:15:00,weekly,holiday_name_Tomb-sweeping Day,0.0
day_ahead_price,xgb_oof_train,valley,segment_model,2025-05-14 00:15:00,weekly,lag_1,0.5384229421615601
day_ahead_price,xgb_oof_train,valley,segment_model,2025-05-14 00:15:00,weekly,lag_2,0.17668107151985168
day_ahead_price,xgb_oof_train,valley,segment_model,2025-05-14 00:15:00,weekly,lag_4,0.0034497648011893034
day_ahead_price,xgb_oof_train,valley,segment_model,2025-05-14 00:15:00,weekly,lag_96,0.009110575541853905
day_ahead_price,xgb_oof_train,valley,segment_model,2025-05-14 00:15:00,weekly,lag_192,0.003980610985308886
day_ahead_price,xgb_oof_train,valley,segment_model,2025-05-14 00:15:00,weekly,lag_672,0.007053682114928961
day_ahead_price,xgb_oof_train,valley,segment_model,2025-05-14 00:15:00,weekly,roll_mean_4,0.19148696959018707
day_ahead_price,xgb_oof_train,valley,segment_model,2025-05-14 00:15:00,weekly,roll_mean_16,0.0037818949203938246
day_ahead_price,xgb_oof_train,valley,segment_model,2025-05-14 00:15:00,weekly,roll_mean_96,0.005403818562626839
day_ahead_price,xgb_oof_train,valley,segment_model,2025-05-14 00:15:00,weekly,roll_mean_672,0.005819535814225674
day_ahead_price,xgb_oof_train,valley,segment_model,2025-05-14 00:15:00,weekly,roll_std_96,0.0026700070593506098
day_ahead_price,xgb_oof_train,valley,segment_model,2025-05-14 00:15:00,weekly,diff_1,0.01304630283266306
day_ahead_price,xgb_oof_train,valley,segment_model,2025-05-14 00:15:00,weekly,diff_96,0.004349324852228165
day_ahead_price,xgb_oof_train,valley,segment_model,2025-05-14 00:15:00,weekly,hour,0.006749324966222048
day_ahead_price,xgb_oof_train,valley,segment_model,2025-05-14 00:15:00,weekly,minute,0.008668402209877968
day_ahead_price,xgb_oof_train,valley,segment_model,2025-05-14 00:15:00,weekly,dayofweek,0.0031907670199871063
day_ahead_price,xgb_oof_train,valley,segment_model,2025-05-14 00:15:00,weekly,slot96,0.004945337772369385
day_ahead_price,xgb_oof_train,valley,segment_model,2025-05-14 00:15:00,weekly,sin_slot96,0.003767717629671097
day_ahead_price,xgb_oof_train,valley,segment_model,2025-05-14 00:15:00,weekly,cos_slot96,0.0035761466715484858
day_ahead_price,xgb_oof_train,valley,segment_model,2025-05-14 00:15:00,weekly,is_holiday,0.0011605335166677833
day_ahead_price,xgb_oof_train,valley,segment_model,2025-05-14 00:15:00,weekly,is_workday,0.0
day_ahead_price,xgb_oof_train,valley,segment_model,2025-05-14 00:15:00,weekly,is_weekend,0.0
day_ahead_price,xgb_oof_train,valley,segment_model,2025-05-14 00:15:00,weekly,is_makeup_workday,0.0
day_ahead_price,xgb_oof_train,valley,segment_model,2025-05-14 00:15:00,weekly,before_holiday_1d,0.0
day_ahead_price,xgb_oof_train,valley,segment_model,2025-05-14 00:15:00,weekly,after_holiday_1d,0.0
day_ahead_price,xgb_oof_train,valley,segment_model,2025-05-14 00:15:00,weekly,holiday_name_Dragon Boat Festival,0.0
day_ahead_price,xgb_oof_train,valley,segment_model,2025-05-14 00:15:00,weekly,holiday_name_Labour Day,0.0
day_ahead_price,xgb_oof_train,valley,segment_model,2025-05-14 00:15:00,weekly,holiday_name_Mid-autumn Festival,0.0
day_ahead_price,xgb_oof_train,valley,segment_model,2025-05-14 00:15:00,weekly,holiday_name_National Day,0.0
day_ahead_price,xgb_oof_train,valley,segment_model,2025-05-14 00:15:00,weekly,holiday_name_New Year's Day,0.0026852560695260763
day_ahead_price,xgb_oof_train,valley,segment_model,2025-05-14 00:15:00,weekly,holiday_name_None,0.0
day_ahead_price,xgb_oof_train,valley,segment_model,2025-05-14 00:15:00,weekly,holiday_name_Spring Festival,0.0
day_ahead_price,xgb_oof_train,valley,segment_model,2025-05-14 00:15:00,weekly,holiday_name_Tomb-sweeping Day,0.0
day_ahead_price,xgb_oof_train,flat,segment_model,2025-05-14 00:15:00,weekly,lag_1,0.46199801564216614
day_ahead_price,xgb_oof_train,flat,segment_model,2025-05-14 00:15:00,weekly,lag_2,0.08627293258905411
day_ahead_price,xgb_oof_train,flat,segment_model,2025-05-14 00:15:00,weekly,lag_4,0.011803404428064823
day_ahead_price,xgb_oof_train,flat,segment_model,2025-05-14 00:15:00,weekly,lag_96,0.009066103957593441
day_ahead_price,xgb_oof_train,flat,segment_model,2025-05-14 00:15:00,weekly,lag_192,0.005592959467321634
day_ahead_price,xgb_oof_train,flat,segment_model,2025-05-14 00:15:00,weekly,lag_672,0.020845936611294746
day_ahead_price,xgb_oof_train,flat,segment_model,2025-05-14 00:15:00,weekly,roll_mean_4,0.09715638309717178
day_ahead_price,xgb_oof_train,flat,segment_model,2025-05-14 00:15:00,weekly,roll_mean_16,0.00634975777938962
day_ahead_price,xgb_oof_train,flat,segment_model,2025-05-14 00:15:00,weekly,roll_mean_96,0.010449678637087345
day_ahead_price,xgb_oof_train,flat,segment_model,2025-05-14 00:15:00,weekly,roll_mean_672,0.0024103650357574224
day_ahead_price,xgb_oof_train,flat,segment_model,2025-05-14 00:15:00,weekly,roll_std_96,0.0076453047804534435
day_ahead_price,xgb_oof_train,flat,segment_model,2025-05-14 00:15:00,weekly,diff_1,0.03496413677930832
day_ahead_price,xgb_oof_train,flat,segment_model,2025-05-14 00:15:00,weekly,diff_96,0.036797475069761276
day_ahead_price,xgb_oof_train,flat,segment_model,2025-05-14 00:15:00,weekly,hour,0.004250648431479931
day_ahead_price,xgb_oof_train,flat,segment_model,2025-05-14 00:15:00,weekly,minute,0.028759175911545753
day_ahead_price,xgb_oof_train,flat,segment_model,2025-05-14 00:15:00,weekly,dayofweek,0.014817428775131702
day_ahead_price,xgb_oof_train,flat,segment_model,2025-05-14 00:15:00,weekly,slot96,0.035778868943452835
day_ahead_price,xgb_oof_train,flat,segment_model,2025-05-14 00:15:00,weekly,sin_slot96,0.09076933562755585
day_ahead_price,xgb_oof_train,flat,segment_model,2025-05-14 00:15:00,weekly,cos_slot96,0.0057260035537183285
day_ahead_price,xgb_oof_train,flat,segment_model,2025-05-14 00:15:00,weekly,is_holiday,0.0
day_ahead_price,xgb_oof_train,flat,segment_model,2025-05-14 00:15:00,weekly,is_workday,0.0
day_ahead_price,xgb_oof_train,flat,segment_model,2025-05-14 00:15:00,weekly,is_weekend,0.0
day_ahead_price,xgb_oof_train,flat,segment_model,2025-05-14 00:15:00,weekly,is_makeup_workday,0.0
day_ahead_price,xgb_oof_train,flat,segment_model,2025-05-14 00:15:00,weekly,before_holiday_1d,0.007197326980531216
day_ahead_price,xgb_oof_train,flat,segment_model,2025-05-14 00:15:00,weekly,after_holiday_1d,0.02134876511991024
day_ahead_price,xgb_oof_train,flat,segment_model,2025-05-14 00:15:00,weekly,holiday_name_Dragon Boat Festival,0.0
day_ahead_price,xgb_oof_train,flat,segment_model,2025-05-14 00:15:00,weekly,holiday_name_Labour Day,0.0
day_ahead_price,xgb_oof_train,flat,segment_model,2025-05-14 00:15:00,weekly,holiday_name_Mid-autumn Festival,0.0
day_ahead_price,xgb_oof_train,flat,segment_model,2025-05-14 00:15:00,weekly,holiday_name_National Day,0.0
day_ahead_price,xgb_oof_train,flat,segment_model,2025-05-14 00:15:00,weekly,holiday_name_New Year's Day,0.0
day_ahead_price,xgb_oof_train,flat,segment_model,2025-05-14 00:15:00,weekly,holiday_name_None,0.0
day_ahead_price,xgb_oof_train,flat,segment_model,2025-05-14 00:15:00,weekly,holiday_name_Spring Festival,0.0
day_ahead_price,xgb_oof_train,flat,segment_model,2025-05-14 00:15:00,weekly,holiday_name_Tomb-sweeping Day,0.0
day_ahead_price,xgb_oof_train,peak,segment_model,2025-05-14 00:15:00,weekly,lag_1,0.5255457162857056
day_ahead_price,xgb_oof_train,peak,segment_model,2025-05-14 00:15:00,weekly,lag_2,0.03135528787970543
day_ahead_price,xgb_oof_train,peak,segment_model,2025-05-14 00:15:00,weekly,lag_4,0.0069360253401100636
day_ahead_price,xgb_oof_train,peak,segment_model,2025-05-14 00:15:00,weekly,lag_96,0.021491723135113716
day_ahead_price,xgb_oof_train,peak,segment_model,2025-05-14 00:15:00,weekly,lag_192,0.003230202244594693
day_ahead_price,xgb_oof_train,peak,segment_model,2025-05-14 00:15:00,weekly,lag_672,0.006507403217256069
day_ahead_price,xgb_oof_train,peak,segment_model,2025-05-14 00:15:00,weekly,roll_mean_4,0.3118429481983185
day_ahead_price,xgb_oof_train,peak,segment_model,2025-05-14 00:15:00,weekly,roll_mean_16,0.01224945206195116
day_ahead_price,xgb_oof_train,peak,segment_model,2025-05-14 00:15:00,weekly,roll_mean_96,0.004903087392449379
day_ahead_price,xgb_oof_train,peak,segment_model,2025-05-14 00:15:00,weekly,roll_mean_672,0.004764420446008444
day_ahead_price,xgb_oof_train,peak,segment_model,2025-05-14 00:15:00,weekly,roll_std_96,0.006272843573242426
day_ahead_price,xgb_oof_train,peak,segment_model,2025-05-14 00:15:00,weekly,diff_1,0.014158174395561218
day_ahead_price,xgb_oof_train,peak,segment_model,2025-05-14 00:15:00,weekly,diff_96,0.006353634875267744
day_ahead_price,xgb_oof_train,peak,segment_model,2025-05-14 00:15:00,weekly,hour,0.007879432290792465
day_ahead_price,xgb_oof_train,peak,segment_model,2025-05-14 00:15:00,weekly,minute,0.002187620382755995
day_ahead_price,xgb_oof_train,peak,segment_model,2025-05-14 00:15:00,weekly,dayofweek,0.006901787593960762
day_ahead_price,xgb_oof_train,peak,segment_model,2025-05-14 00:15:00,weekly,slot96,0.008359604515135288
day_ahead_price,xgb_oof_train,peak,segment_model,2025-05-14 00:15:00,weekly,sin_slot96,0.003402299014851451
day_ahead_price,xgb_oof_train,peak,segment_model,2025-05-14 00:15:00,weekly,cos_slot96,0.01024333294481039
day_ahead_price,xgb_oof_train,peak,segment_model,2025-05-14 00:15:00,weekly,is_holiday,0.0
day_ahead_price,xgb_oof_train,peak,segment_model,2025-05-14 00:15:00,weekly,is_workday,0.0
day_ahead_price,xgb_oof_train,peak,segment_model,2025-05-14 00:15:00,weekly,is_weekend,0.0
day_ahead_price,xgb_oof_train,peak,segment_model,2025-05-14 00:15:00,weekly,is_makeup_workday,0.0
day_ahead_price,xgb_oof_train,peak,segment_model,2025-05-14 00:15:00,weekly,before_holiday_1d,0.0
day_ahead_price,xgb_oof_train,peak,segment_model,2025-05-14 00:15:00,weekly,after_holiday_1d,0.0012530991807579994
day_ahead_price,xgb_oof_train,peak,segment_model,2025-05-14 00:15:00,weekly,holiday_name_Dragon Boat Festival,0.0
day_ahead_price,xgb_oof_train,peak,segment_model,2025-05-14 00:15:00,weekly,holiday_name_Labour Day,0.0
day_ahead_price,xgb_oof_train,peak,segment_model,2025-05-14 00:15:00,weekly,holiday_name_Mid-autumn Festival,0.0
day_ahead_price,xgb_oof_train,peak,segment_model,2025-05-14 00:15:00,weekly,holiday_name_National Day,0.0
day_ahead_price,xgb_oof_train,peak,segment_model,2025-05-14 00:15:00,weekly,holiday_name_New Year's Day,0.0
day_ahead_price,xgb_oof_train,peak,segment_model,2025-05-14 00:15:00,weekly,holiday_name_None,0.0
day_ahead_price,xgb_oof_train,peak,segment_model,2025-05-14 00:15:00,weekly,holiday_name_Spring Festival,0.004161819349974394
day_ahead_price,xgb_oof_train,peak,segment_model,2025-05-14 00:15:00,weekly,holiday_name_Tomb-sweeping Day,0.0
day_ahead_price,xgb_oof_train,global,global_model,2025-05-21 00:15:00,weekly,lag_1,0.460971474647522
day_ahead_price,xgb_oof_train,global,global_model,2025-05-21 00:15:00,weekly,lag_2,0.032699376344680786
day_ahead_price,xgb_oof_train,global,global_model,2025-05-21 00:15:00,weekly,lag_4,0.005863887257874012
day_ahead_price,xgb_oof_train,global,global_model,2025-05-21 00:15:00,weekly,lag_96,0.008727704174816608
day_ahead_price,xgb_oof_train,global,global_model,2025-05-21 00:15:00,weekly,lag_192,0.00424658227711916
day_ahead_price,xgb_oof_train,global,global_model,2025-05-21 00:15:00,weekly,lag_672,0.016705773770809174
day_ahead_price,xgb_oof_train,global,global_model,2025-05-21 00:15:00,weekly,roll_mean_4,0.34536731243133545
day_ahead_price,xgb_oof_train,global,global_model,2025-05-21 00:15:00,weekly,roll_mean_16,0.0018095424165949225
day_ahead_price,xgb_oof_train,global,global_model,2025-05-21 00:15:00,weekly,roll_mean_96,0.004292754456400871
day_ahead_price,xgb_oof_train,global,global_model,2025-05-21 00:15:00,weekly,roll_mean_672,0.0040109180845320225
day_ahead_price,xgb_oof_train,global,global_model,2025-05-21 00:15:00,weekly,roll_std_96,0.006399654783308506
day_ahead_price,xgb_oof_train,global,global_model,2025-05-21 00:15:00,weekly,diff_1,0.011670960113406181
day_ahead_price,xgb_oof_train,global,global_model,2025-05-21 00:15:00,weekly,diff_96,0.016353735700249672
day_ahead_price,xgb_oof_train,global,global_model,2025-05-21 00:15:00,weekly,hour,0.004746448248624802
day_ahead_price,xgb_oof_train,global,global_model,2025-05-21 00:15:00,weekly,minute,0.011768761090934277
day_ahead_price,xgb_oof_train,global,global_model,2025-05-21 00:15:00,weekly,dayofweek,0.00439910963177681
day_ahead_price,xgb_oof_train,global,global_model,2025-05-21 00:15:00,weekly,slot96,0.024577422067523003
day_ahead_price,xgb_oof_train,global,global_model,2025-05-21 00:15:00,weekly,sin_slot96,0.024287115782499313
day_ahead_price,xgb_oof_train,global,global_model,2025-05-21 00:15:00,weekly,cos_slot96,0.004782648291438818
day_ahead_price,xgb_oof_train,global,global_model,2025-05-21 00:15:00,weekly,is_holiday,0.0009039846481755376
day_ahead_price,xgb_oof_train,global,global_model,2025-05-21 00:15:00,weekly,is_workday,0.0
day_ahead_price,xgb_oof_train,global,global_model,2025-05-21 00:15:00,weekly,is_weekend,0.0
day_ahead_price,xgb_oof_train,global,global_model,2025-05-21 00:15:00,weekly,is_makeup_workday,0.0
day_ahead_price,xgb_oof_train,global,global_model,2025-05-21 00:15:00,weekly,before_holiday_1d,0.0
day_ahead_price,xgb_oof_train,global,global_model,2025-05-21 00:15:00,weekly,after_holiday_1d,0.00541483610868454
day_ahead_price,xgb_oof_train,global,global_model,2025-05-21 00:15:00,weekly,holiday_name_Dragon Boat Festival,0.0
day_ahead_price,xgb_oof_train,global,global_model,2025-05-21 00:15:00,weekly,holiday_name_Labour Day,0.0
day_ahead_price,xgb_oof_train,global,global_model,2025-05-21 00:15:00,weekly,holiday_name_Mid-autumn Festival,0.0
day_ahead_price,xgb_oof_train,global,global_model,2025-05-21 00:15:00,weekly,holiday_name_National Day,0.0
day_ahead_price,xgb_oof_train,global,global_model,2025-05-21 00:15:00,weekly,holiday_name_New Year's Day,0.0
day_ahead_price,xgb_oof_train,global,global_model,2025-05-21 00:15:00,weekly,holiday_name_None,0.0
day_ahead_price,xgb_oof_train,global,global_model,2025-05-21 00:15:00,weekly,holiday_name_Spring Festival,0.0
day_ahead_price,xgb_oof_train,global,global_model,2025-05-21 00:15:00,weekly,holiday_name_Tomb-sweeping Day,0.0
day_ahead_price,xgb_oof_train,valley,segment_model,2025-05-21 00:15:00,weekly,lag_1,0.5219157934188843
day_ahead_price,xgb_oof_train,valley,segment_model,2025-05-21 00:15:00,weekly,lag_2,0.18201732635498047
day_ahead_price,xgb_oof_train,valley,segment_model,2025-05-21 00:15:00,weekly,lag_4,0.0021311226300895214
day_ahead_price,xgb_oof_train,valley,segment_model,2025-05-21 00:15:00,weekly,lag_96,0.009065072052180767
day_ahead_price,xgb_oof_train,valley,segment_model,2025-05-21 00:15:00,weekly,lag_192,0.0034340135753154755
day_ahead_price,xgb_oof_train,valley,segment_model,2025-05-21 00:15:00,weekly,lag_672,0.0037573655135929585
day_ahead_price,xgb_oof_train,valley,segment_model,2025-05-21 00:15:00,weekly,roll_mean_4,0.20698107779026031
day_ahead_price,xgb_oof_train,valley,segment_model,2025-05-21 00:15:00,weekly,roll_mean_16,0.0026991358026862144
day_ahead_price,xgb_oof_train,valley,segment_model,2025-05-21 00:15:00,weekly,roll_mean_96,0.005599415861070156
day_ahead_price,xgb_oof_train,valley,segment_model,2025-05-21 00:15:00,weekly,roll_mean_672,0.006001023575663567
day_ahead_price,xgb_oof_train,valley,segment_model,2025-05-21 00:15:00,weekly,roll_std_96,0.0030042845755815506
day_ahead_price,xgb_oof_train,valley,segment_model,2025-05-21 00:15:00,weekly,diff_1,0.014716869220137596
day_ahead_price,xgb_oof_train,valley,segment_model,2025-05-21 00:15:00,weekly,diff_96,0.002337220124900341
day_ahead_price,xgb_oof_train,valley,segment_model,2025-05-21 00:15:00,weekly,hour,0.009226380847394466
day_ahead_price,xgb_oof_train,valley,segment_model,2025-05-21 00:15:00,weekly,minute,0.004230016842484474
day_ahead_price,xgb_oof_train,valley,segment_model,2025-05-21 00:15:00,weekly,dayofweek,0.0018630118574947119
day_ahead_price,xgb_oof_train,valley,segment_model,2025-05-21 00:15:00,weekly,slot96,0.005334848538041115
day_ahead_price,xgb_oof_train,valley,segment_model,2025-05-21 00:15:00,weekly,sin_slot96,0.005591764114797115
day_ahead_price,xgb_oof_train,valley,segment_model,2025-05-21 00:15:00,weekly,cos_slot96,0.004337590653449297
day_ahead_price,xgb_oof_train,valley,segment_model,2025-05-21 00:15:00,weekly,is_holiday,0.0014797536423429847
day_ahead_price,xgb_oof_train,valley,segment_model,2025-05-21 00:15:00,weekly,is_workday,0.0
day_ahead_price,xgb_oof_train,valley,segment_model,2025-05-21 00:15:00,weekly,is_weekend,0.0
day_ahead_price,xgb_oof_train,valley,segment_model,2025-05-21 00:15:00,weekly,is_makeup_workday,0.0
day_ahead_price,xgb_oof_train,valley,segment_model,2025-05-21 00:15:00,weekly,before_holiday_1d,0.0
day_ahead_price,xgb_oof_train,valley,segment_model,2025-05-21 00:15:00,weekly,after_holiday_1d,0.0
day_ahead_price,xgb_oof_train,valley,segment_model,2025-05-21 00:15:00,weekly,holiday_name_Dragon Boat Festival,0.0
day_ahead_price,xgb_oof_train,valley,segment_model,2025-05-21 00:15:00,weekly,holiday_name_Labour Day,0.0
day_ahead_price,xgb_oof_train,valley,segment_model,2025-05-21 00:15:00,weekly,holiday_name_Mid-autumn Festival,0.0
day_ahead_price,xgb_oof_train,valley,segment_model,2025-05-21 00:15:00,weekly,holiday_name_National Day,0.0
day_ahead_price,xgb_oof_train,valley,segment_model,2025-05-21 00:15:00,weekly,holiday_name_New Year's Day,0.002380348276346922
day_ahead_price,xgb_oof_train,valley,segment_model,2025-05-21 00:15:00,weekly,holiday_name_None,0.0018965593772009015
day_ahead_price,xgb_oof_train,valley,segment_model,2025-05-21 00:15:00,weekly,holiday_name_Spring Festival,0.0
day_ahead_price,xgb_oof_train,valley,segment_model,2025-05-21 00:15:00,weekly,holiday_name_Tomb-sweeping Day,0.0
day_ahead_price,xgb_oof_train,flat,segment_model,2025-05-21 00:15:00,weekly,lag_1,0.47359317541122437
day_ahead_price,xgb_oof_train,flat,segment_model,2025-05-21 00:15:00,weekly,lag_2,0.08896438032388687
day_ahead_price,xgb_oof_train,flat,segment_model,2025-05-21 00:15:00,weekly,lag_4,0.011769837699830532
day_ahead_price,xgb_oof_train,flat,segment_model,2025-05-21 00:15:00,weekly,lag_96,0.0124286487698555
day_ahead_price,xgb_oof_train,flat,segment_model,2025-05-21 00:15:00,weekly,lag_192,0.007660526782274246
day_ahead_price,xgb_oof_train,flat,segment_model,2025-05-21 00:15:00,weekly,lag_672,0.02413203939795494
day_ahead_price,xgb_oof_train,flat,segment_model,2025-05-21 00:15:00,weekly,roll_mean_4,0.08174026012420654
day_ahead_price,xgb_oof_train,flat,segment_model,2025-05-21 00:15:00,weekly,roll_mean_16,0.005029462743550539
day_ahead_price,xgb_oof_train,flat,segment_model,2025-05-21 00:15:00,weekly,roll_mean_96,0.010612490586936474
day_ahead_price,xgb_oof_train,flat,segment_model,2025-05-21 00:15:00,weekly,roll_mean_672,0.005354680120944977
day_ahead_price,xgb_oof_train,flat,segment_model,2025-05-21 00:15:00,weekly,roll_std_96,0.01168049406260252
day_ahead_price,xgb_oof_train,flat,segment_model,2025-05-21 00:15:00,weekly,diff_1,0.039626751095056534
day_ahead_price,xgb_oof_train,flat,segment_model,2025-05-21 00:15:00,weekly,diff_96,0.026204656809568405
day_ahead_price,xgb_oof_train,flat,segment_model,2025-05-21 00:15:00,weekly,hour,0.004066423512995243
day_ahead_price,xgb_oof_train,flat,segment_model,2025-05-21 00:15:00,weekly,minute,0.027084723114967346
day_ahead_price,xgb_oof_train,flat,segment_model,2025-05-21 00:15:00,weekly,dayofweek,0.01296808011829853
day_ahead_price,xgb_oof_train,flat,segment_model,2025-05-21 00:15:00,weekly,slot96,0.03560415282845497
day_ahead_price,xgb_oof_train,flat,segment_model,2025-05-21 00:15:00,weekly,sin_slot96,0.0869947001338005
day_ahead_price,xgb_oof_train,flat,segment_model,2025-05-21 00:15:00,weekly,cos_slot96,0.006651935167610645
day_ahead_price,xgb_oof_train,flat,segment_model,2025-05-21 00:15:00,weekly,is_holiday,0.0
day_ahead_price,xgb_oof_train,flat,segment_model,2025-05-21 00:15:00,weekly,is_workday,0.0
day_ahead_price,xgb_oof_train,flat,segment_model,2025-05-21 00:15:00,weekly,is_weekend,0.0
day_ahead_price,xgb_oof_train,flat,segment_model,2025-05-21 00:15:00,weekly,is_makeup_workday,0.0
day_ahead_price,xgb_oof_train,flat,segment_model,2025-05-21 00:15:00,weekly,before_holiday_1d,0.009525483474135399
day_ahead_price,xgb_oof_train,flat,segment_model,2025-05-21 00:15:00,weekly,after_holiday_1d,0.01830713450908661
day_ahead_price,xgb_oof_train,flat,segment_model,2025-05-21 00:15:00,weekly,holiday_name_Dragon Boat Festival,0.0
day_ahead_price,xgb_oof_train,flat,segment_model,2025-05-21 00:15:00,weekly,holiday_name_Labour Day,0.0
day_ahead_price,xgb_oof_train,flat,segment_model,2025-05-21 00:15:00,weekly,holiday_name_Mid-autumn Festival,0.0
day_ahead_price,xgb_oof_train,flat,segment_model,2025-05-21 00:15:00,weekly,holiday_name_National Day,0.0
day_ahead_price,xgb_oof_train,flat,segment_model,2025-05-21 00:15:00,weekly,holiday_name_New Year's Day,0.0
day_ahead_price,xgb_oof_train,flat,segment_model,2025-05-21 00:15:00,weekly,holiday_name_None,0.0
day_ahead_price,xgb_oof_train,flat,segment_model,2025-05-21 00:15:00,weekly,holiday_name_Spring Festival,0.0
day_ahead_price,xgb_oof_train,flat,segment_model,2025-05-21 00:15:00,weekly,holiday_name_Tomb-sweeping Day,0.0
day_ahead_price,xgb_oof_train,peak,segment_model,2025-05-21 00:15:00,weekly,lag_1,0.5312640070915222
day_ahead_price,xgb_oof_train,peak,segment_model,2025-05-21 00:15:00,weekly,lag_2,0.031725939363241196
day_ahead_price,xgb_oof_train,peak,segment_model,2025-05-21 00:15:00,weekly,lag_4,0.006845320109277964
day_ahead_price,xgb_oof_train,peak,segment_model,2025-05-21 00:15:00,weekly,lag_96,0.019999662414193153
day_ahead_price,xgb_oof_train,peak,segment_model,2025-05-21 00:15:00,weekly,lag_192,0.003287284169346094
day_ahead_price,xgb_oof_train,peak,segment_model,2025-05-21 00:15:00,weekly,lag_672,0.00409755390137434
day_ahead_price,xgb_oof_train,peak,segment_model,2025-05-21 00:15:00,weekly,roll_mean_4,0.3131815791130066
day_ahead_price,xgb_oof_train,peak,segment_model,2025-05-21 00:15:00,weekly,roll_mean_16,0.011845051310956478
day_ahead_price,xgb_oof_train,peak,segment_model,2025-05-21 00:15:00,weekly,roll_mean_96,0.006229911930859089
day_ahead_price,xgb_oof_train,peak,segment_model,2025-05-21 00:15:00,weekly,roll_mean_672,0.004352262243628502
day_ahead_price,xgb_oof_train,peak,segment_model,2025-05-21 00:15:00,weekly,roll_std_96,0.006124128587543964
day_ahead_price,xgb_oof_train,peak,segment_model,2025-05-21 00:15:00,weekly,diff_1,0.012388668954372406
day_ahead_price,xgb_oof_train,peak,segment_model,2025-05-21 00:15:00,weekly,diff_96,0.004091705195605755
day_ahead_price,xgb_oof_train,peak,segment_model,2025-05-21 00:15:00,weekly,hour,0.006300516426563263
day_ahead_price,xgb_oof_train,peak,segment_model,2025-05-21 00:15:00,weekly,minute,0.003796184901148081
day_ahead_price,xgb_oof_train,peak,segment_model,2025-05-21 00:15:00,weekly,dayofweek,0.00487954868003726
day_ahead_price,xgb_oof_train,peak,segment_model,2025-05-21 00:15:00,weekly,slot96,0.007613454945385456
day_ahead_price,xgb_oof_train,peak,segment_model,2025-05-21 00:15:00,weekly,sin_slot96,0.004910288844257593
day_ahead_price,xgb_oof_train,peak,segment_model,2025-05-21 00:15:00,weekly,cos_slot96,0.009343737736344337
day_ahead_price,xgb_oof_train,peak,segment_model,2025-05-21 00:15:00,weekly,is_holiday,0.0
day_ahead_price,xgb_oof_train,peak,segment_model,2025-05-21 00:15:00,weekly,is_workday,0.0
day_ahead_price,xgb_oof_train,peak,segment_model,2025-05-21 00:15:00,weekly,is_weekend,0.0
day_ahead_price,xgb_oof_train,peak,segment_model,2025-05-21 00:15:00,weekly,is_makeup_workday,0.0
day_ahead_price,xgb_oof_train,peak,segment_model,2025-05-21 00:15:00,weekly,before_holiday_1d,0.0
day_ahead_price,xgb_oof_train,peak,segment_model,2025-05-21 00:15:00,weekly,after_holiday_1d,0.0037281292024999857
day_ahead_price,xgb_oof_train,peak,segment_model,2025-05-21 00:15:00,weekly,holiday_name_Dragon Boat Festival,0.0
day_ahead_price,xgb_oof_train,peak,segment_model,2025-05-21 00:15:00,weekly,holiday_name_Labour Day,0.0
day_ahead_price,xgb_oof_train,peak,segment_model,2025-05-21 00:15:00,weekly,holiday_name_Mid-autumn Festival,0.0
day_ahead_price,xgb_oof_train,peak,segment_model,2025-05-21 00:15:00,weekly,holiday_name_National Day,0.0
day_ahead_price,xgb_oof_train,peak,segment_model,2025-05-21 00:15:00,weekly,holiday_name_New Year's Day,0.0
day_ahead_price,xgb_oof_train,peak,segment_model,2025-05-21 00:15:00,weekly,holiday_name_None,0.0
day_ahead_price,xgb_oof_train,peak,segment_model,2025-05-21 00:15:00,weekly,holiday_name_Spring Festival,0.003995033912360668
day_ahead_price,xgb_oof_train,peak,segment_model,2025-05-21 00:15:00,weekly,holiday_name_Tomb-sweeping Day,0.0
day_ahead_price,xgb_oof_train,global,global_model,2025-05-28 00:15:00,weekly,lag_1,0.44552910327911377
day_ahead_price,xgb_oof_train,global,global_model,2025-05-28 00:15:00,weekly,lag_2,0.028162484988570213
day_ahead_price,xgb_oof_train,global,global_model,2025-05-28 00:15:00,weekly,lag_4,0.005367536563426256
day_ahead_price,xgb_oof_train,global,global_model,2025-05-28 00:15:00,weekly,lag_96,0.009714681655168533
day_ahead_price,xgb_oof_train,global,global_model,2025-05-28 00:15:00,weekly,lag_192,0.004771701525896788
day_ahead_price,xgb_oof_train,global,global_model,2025-05-28 00:15:00,weekly,lag_672,0.015077043324708939
day_ahead_price,xgb_oof_train,global,global_model,2025-05-28 00:15:00,weekly,roll_mean_4,0.3421347439289093
day_ahead_price,xgb_oof_train,global,global_model,2025-05-28 00:15:00,weekly,roll_mean_16,0.0018881879514083266
day_ahead_price,xgb_oof_train,global,global_model,2025-05-28 00:15:00,weekly,roll_mean_96,0.005433676764369011
day_ahead_price,xgb_oof_train,global,global_model,2025-05-28 00:15:00,weekly,roll_mean_672,0.0036157378926873207
day_ahead_price,xgb_oof_train,global,global_model,2025-05-28 00:15:00,weekly,roll_std_96,0.006674672942608595
day_ahead_price,xgb_oof_train,global,global_model,2025-05-28 00:15:00,weekly,diff_1,0.01204624306410551
day_ahead_price,xgb_oof_train,global,global_model,2025-05-28 00:15:00,weekly,diff_96,0.014615347608923912
day_ahead_price,xgb_oof_train,global,global_model,2025-05-28 00:15:00,weekly,hour,0.00409455643966794
day_ahead_price,xgb_oof_train,global,global_model,2025-05-28 00:15:00,weekly,minute,0.026263222098350525
day_ahead_price,xgb_oof_train,global,global_model,2025-05-28 00:15:00,weekly,dayofweek,0.021342473104596138
day_ahead_price,xgb_oof_train,global,global_model,2025-05-28 00:15:00,weekly,slot96,0.021756015717983246
day_ahead_price,xgb_oof_train,global,global_model,2025-05-28 00:15:00,weekly,sin_slot96,0.020508063957095146
day_ahead_price,xgb_oof_train,global,global_model,2025-05-28 00:15:00,weekly,cos_slot96,0.004248195793479681
day_ahead_price,xgb_oof_train,global,global_model,2025-05-28 00:15:00,weekly,is_holiday,0.0
day_ahead_price,xgb_oof_train,global,global_model,2025-05-28 00:15:00,weekly,is_workday,0.0
day_ahead_price,xgb_oof_train,global,global_model,2025-05-28 00:15:00,weekly,is_weekend,0.0007473949226550758
day_ahead_price,xgb_oof_train,global,global_model,2025-05-28 00:15:00,weekly,is_makeup_workday,0.0
day_ahead_price,xgb_oof_train,global,global_model,2025-05-28 00:15:00,weekly,before_holiday_1d,0.0
day_ahead_price,xgb_oof_train,global,global_model,2025-05-28 00:15:00,weekly,after_holiday_1d,0.006008799187839031
day_ahead_price,xgb_oof_train,global,global_model,2025-05-28 00:15:00,weekly,holiday_name_Dragon Boat Festival,0.0
day_ahead_price,xgb_oof_train,global,global_model,2025-05-28 00:15:00,weekly,holiday_name_Labour Day,0.0
day_ahead_price,xgb_oof_train,global,global_model,2025-05-28 00:15:00,weekly,holiday_name_Mid-autumn Festival,0.0
day_ahead_price,xgb_oof_train,global,global_model,2025-05-28 00:15:00,weekly,holiday_name_National Day,0.0
day_ahead_price,xgb_oof_train,global,global_model,2025-05-28 00:15:00,weekly,holiday_name_New Year's Day,0.0
day_ahead_price,xgb_oof_train,global,global_model,2025-05-28 00:15:00,weekly,holiday_name_None,0.0
day_ahead_price,xgb_oof_train,global,global_model,2025-05-28 00:15:00,weekly,holiday_name_Spring Festival,0.0
day_ahead_price,xgb_oof_train,global,global_model,2025-05-28 00:15:00,weekly,holiday_name_Tomb-sweeping Day,0.0
day_ahead_price,xgb_oof_train,valley,segment_model,2025-05-28 00:15:00,weekly,lag_1,0.5015119910240173
day_ahead_price,xgb_oof_train,valley,segment_model,2025-05-28 00:15:00,weekly,lag_2,0.23350846767425537
day_ahead_price,xgb_oof_train,valley,segment_model,2025-05-28 00:15:00,weekly,lag_4,0.002846111310645938
day_ahead_price,xgb_oof_train,valley,segment_model,2025-05-28 00:15:00,weekly,lag_96,0.008118797093629837
day_ahead_price,xgb_oof_train,valley,segment_model,2025-05-28 00:15:00,weekly,lag_192,0.0039737350307404995
day_ahead_price,xgb_oof_train,valley,segment_model,2025-05-28 00:15:00,weekly,lag_672,0.006829415913671255
day_ahead_price,xgb_oof_train,valley,segment_model,2025-05-28 00:15:00,weekly,roll_mean_4,0.1774594932794571
day_ahead_price,xgb_oof_train,valley,segment_model,2025-05-28 00:15:00,weekly,roll_mean_16,0.00429486995562911
day_ahead_price,xgb_oof_train,valley,segment_model,2025-05-28 00:15:00,weekly,roll_mean_96,0.006142043974250555
day_ahead_price,xgb_oof_train,valley,segment_model,2025-05-28 00:15:00,weekly,roll_mean_672,0.005350654479116201
day_ahead_price,xgb_oof_train,valley,segment_model,2025-05-28 00:15:00,weekly,roll_std_96,0.0027942131273448467
day_ahead_price,xgb_oof_train,valley,segment_model,2025-05-28 00:15:00,weekly,diff_1,0.013044482097029686
day_ahead_price,xgb_oof_train,valley,segment_model,2025-05-28 00:15:00,weekly,diff_96,0.0026449067518115044
day_ahead_price,xgb_oof_train,valley,segment_model,2025-05-28 00:15:00,weekly,hour,0.006675151642411947
day_ahead_price,xgb_oof_train,valley,segment_model,2025-05-28 00:15:00,weekly,minute,0.005861214827746153
day_ahead_price,xgb_oof_train,valley,segment_model,2025-05-28 00:15:00,weekly,dayofweek,0.002705020597204566
day_ahead_price,xgb_oof_train,valley,segment_model,2025-05-28 00:15:00,weekly,slot96,0.004729776177555323
day_ahead_price,xgb_oof_train,valley,segment_model,2025-05-28 00:15:00,weekly,sin_slot96,0.0040284618735313416
day_ahead_price,xgb_oof_train,valley,segment_model,2025-05-28 00:15:00,weekly,cos_slot96,0.003312603570520878
day_ahead_price,xgb_oof_train,valley,segment_model,2025-05-28 00:15:00,weekly,is_holiday,0.0
day_ahead_price,xgb_oof_train,valley,segment_model,2025-05-28 00:15:00,weekly,is_workday,0.0
day_ahead_price,xgb_oof_train,valley,segment_model,2025-05-28 00:15:00,weekly,is_weekend,0.0
day_ahead_price,xgb_oof_train,valley,segment_model,2025-05-28 00:15:00,weekly,is_makeup_workday,0.0
day_ahead_price,xgb_oof_train,valley,segment_model,2025-05-28 00:15:00,weekly,before_holiday_1d,0.0
day_ahead_price,xgb_oof_train,valley,segment_model,2025-05-28 00:15:00,weekly,after_holiday_1d,0.0
day_ahead_price,xgb_oof_train,valley,segment_model,2025-05-28 00:15:00,weekly,holiday_name_Dragon Boat Festival,0.0
day_ahead_price,xgb_oof_train,valley,segment_model,2025-05-28 00:15:00,weekly,holiday_name_Labour Day,0.0
day_ahead_price,xgb_oof_train,valley,segment_model,2025-05-28 00:15:00,weekly,holiday_name_Mid-autumn Festival,0.0
day_ahead_price,xgb_oof_train,valley,segment_model,2025-05-28 00:15:00,weekly,holiday_name_National Day,0.0
day_ahead_price,xgb_oof_train,valley,segment_model,2025-05-28 00:15:00,weekly,holiday_name_New Year's Day,0.001924975193105638
day_ahead_price,xgb_oof_train,valley,segment_model,2025-05-28 00:15:00,weekly,holiday_name_None,0.0022435246501117945
day_ahead_price,xgb_oof_train,valley,segment_model,2025-05-28 00:15:00,weekly,holiday_name_Spring Festival,0.0
day_ahead_price,xgb_oof_train,valley,segment_model,2025-05-28 00:15:00,weekly,holiday_name_Tomb-sweeping Day,0.0
day_ahead_price,xgb_oof_train,flat,segment_model,2025-05-28 00:15:00,weekly,lag_1,0.4685342013835907
day_ahead_price,xgb_oof_train,flat,segment_model,2025-05-28 00:15:00,weekly,lag_2,0.06572401523590088
day_ahead_price,xgb_oof_train,flat,segment_model,2025-05-28 00:15:00,weekly,lag_4,0.013428546488285065
day_ahead_price,xgb_oof_train,flat,segment_model,2025-05-28 00:15:00,weekly,lag_96,0.017059573903679848
day_ahead_price,xgb_oof_train,flat,segment_model,2025-05-28 00:15:00,weekly,lag_192,0.009677371941506863
day_ahead_price,xgb_oof_train,flat,segment_model,2025-05-28 00:15:00,weekly,lag_672,0.019774116575717926
day_ahead_price,xgb_oof_train,flat,segment_model,2025-05-28 00:15:00,weekly,roll_mean_4,0.12179255485534668
day_ahead_price,xgb_oof_train,flat,segment_model,2025-05-28 00:15:00,weekly,roll_mean_16,0.004586282651871443
day_ahead_price,xgb_oof_train,flat,segment_model,2025-05-28 00:15:00,weekly,roll_mean_96,0.009097040630877018
day_ahead_price,xgb_oof_train,flat,segment_model,2025-05-28 00:15:00,weekly,roll_mean_672,0.0039014937356114388
day_ahead_price,xgb_oof_train,flat,segment_model,2025-05-28 00:15:00,weekly,roll_std_96,0.010879053734242916
day_ahead_price,xgb_oof_train,flat,segment_model,2025-05-28 00:15:00,weekly,diff_1,0.03520514816045761
day_ahead_price,xgb_oof_train,flat,segment_model,2025-05-28 00:15:00,weekly,diff_96,0.022266149520874023
day_ahead_price,xgb_oof_train,flat,segment_model,2025-05-28 00:15:00,weekly,hour,0.00921831838786602
day_ahead_price,xgb_oof_train,flat,segment_model,2025-05-28 00:15:00,weekly,minute,0.028264423832297325
day_ahead_price,xgb_oof_train,flat,segment_model,2025-05-28 00:15:00,weekly,dayofweek,0.016465062275528908
day_ahead_price,xgb_oof_train,flat,segment_model,2025-05-28 00:15:00,weekly,slot96,0.03386065363883972
day_ahead_price,xgb_oof_train,flat,segment_model,2025-05-28 00:15:00,weekly,sin_slot96,0.07992780208587646
day_ahead_price,xgb_oof_train,flat,segment_model,2025-05-28 00:15:00,weekly,cos_slot96,0.006228386890143156
day_ahead_price,xgb_oof_train,flat,segment_model,2025-05-28 00:15:00,weekly,is_holiday,0.0
day_ahead_price,xgb_oof_train,flat,segment_model,2025-05-28 00:15:00,weekly,is_workday,0.0
day_ahead_price,xgb_oof_train,flat,segment_model,2025-05-28 00:15:00,weekly,is_weekend,0.0
day_ahead_price,xgb_oof_train,flat,segment_model,2025-05-28 00:15:00,weekly,is_makeup_workday,0.00043508323142305017
day_ahead_price,xgb_oof_train,flat,segment_model,2025-05-28 00:15:00,weekly,before_holiday_1d,0.005002601537853479
day_ahead_price,xgb_oof_train,flat,segment_model,2025-05-28 00:15:00,weekly,after_holiday_1d,0.01867212913930416
day_ahead_price,xgb_oof_train,flat,segment_model,2025-05-28 00:15:00,weekly,holiday_name_Dragon Boat Festival,0.0
day_ahead_price,xgb_oof_train,flat,segment_model,2025-05-28 00:15:00,weekly,holiday_name_Labour Day,0.0
day_ahead_price,xgb_oof_train,flat,segment_model,2025-05-28 00:15:00,weekly,holiday_name_Mid-autumn Festival,0.0
day_ahead_price,xgb_oof_train,flat,segment_model,2025-05-28 00:15:00,weekly,holiday_name_National Day,0.0
day_ahead_price,xgb_oof_train,flat,segment_model,2025-05-28 00:15:00,weekly,holiday_name_New Year's Day,0.0
day_ahead_price,xgb_oof_train,flat,segment_model,2025-05-28 00:15:00,weekly,holiday_name_None,0.0
day_ahead_price,xgb_oof_train,flat,segment_model,2025-05-28 00:15:00,weekly,holiday_name_Spring Festival,0.0
day_ahead_price,xgb_oof_train,flat,segment_model,2025-05-28 00:15:00,weekly,holiday_name_Tomb-sweeping Day,0.0
day_ahead_price,xgb_oof_train,peak,segment_model,2025-05-28 00:15:00,weekly,lag_1,0.5365505814552307
day_ahead_price,xgb_oof_train,peak,segment_model,2025-05-28 00:15:00,weekly,lag_2,0.0358436144888401
day_ahead_price,xgb_oof_train,peak,segment_model,2025-05-28 00:15:00,weekly,lag_4,0.007015285547822714
day_ahead_price,xgb_oof_train,peak,segment_model,2025-05-28 00:15:00,weekly,lag_96,0.017453256994485855
day_ahead_price,xgb_oof_train,peak,segment_model,2025-05-28 00:15:00,weekly,lag_192,0.0028099659830331802
day_ahead_price,xgb_oof_train,peak,segment_model,2025-05-28 00:15:00,weekly,lag_672,0.005084814969450235
day_ahead_price,xgb_oof_train,peak,segment_model,2025-05-28 00:15:00,weekly,roll_mean_4,0.3134285509586334
day_ahead_price,xgb_oof_train,peak,segment_model,2025-05-28 00:15:00,weekly,roll_mean_16,0.010290826670825481
day_ahead_price,xgb_oof_train,peak,segment_model,2025-05-28 00:15:00,weekly,roll_mean_96,0.004422641359269619
day_ahead_price,xgb_oof_train,peak,segment_model,2025-05-28 00:15:00,weekly,roll_mean_672,0.004767870530486107
day_ahead_price,xgb_oof_train,peak,segment_model,2025-05-28 00:15:00,weekly,roll_std_96,0.006539519876241684
day_ahead_price,xgb_oof_train,peak,segment_model,2025-05-28 00:15:00,weekly,diff_1,0.011809717863798141
day_ahead_price,xgb_oof_train,peak,segment_model,2025-05-28 00:15:00,weekly,diff_96,0.008196268230676651
day_ahead_price,xgb_oof_train,peak,segment_model,2025-05-28 00:15:00,weekly,hour,0.0063558463007211685
day_ahead_price,xgb_oof_train,peak,segment_model,2025-05-28 00:15:00,weekly,minute,0.002742251381278038
day_ahead_price,xgb_oof_train,peak,segment_model,2025-05-28 00:15:00,weekly,dayofweek,0.004375271033495665
day_ahead_price,xgb_oof_train,peak,segment_model,2025-05-28 00:15:00,weekly,slot96,0.006878366228193045
day_ahead_price,xgb_oof_train,peak,segment_model,2025-05-28 00:15:00,weekly,sin_slot96,0.004256230313330889
day_ahead_price,xgb_oof_train,peak,segment_model,2025-05-28 00:15:00,weekly,cos_slot96,0.007402325980365276
day_ahead_price,xgb_oof_train,peak,segment_model,2025-05-28 00:15:00,weekly,is_holiday,0.0
day_ahead_price,xgb_oof_train,peak,segment_model,2025-05-28 00:15:00,weekly,is_workday,0.0
day_ahead_price,xgb_oof_train,peak,segment_model,2025-05-28 00:15:00,weekly,is_weekend,0.0
day_ahead_price,xgb_oof_train,peak,segment_model,2025-05-28 00:15:00,weekly,is_makeup_workday,0.0
day_ahead_price,xgb_oof_train,peak,segment_model,2025-05-28 00:15:00,weekly,before_holiday_1d,0.0
day_ahead_price,xgb_oof_train,peak,segment_model,2025-05-28 00:15:00,weekly,after_holiday_1d,0.0
day_ahead_price,xgb_oof_train,peak,segment_model,2025-05-28 00:15:00,weekly,holiday_name_Dragon Boat Festival,0.0
day_ahead_price,xgb_oof_train,peak,segment_model,2025-05-28 00:15:00,weekly,holiday_name_Labour Day,0.0
day_ahead_price,xgb_oof_train,peak,segment_model,2025-05-28 00:15:00,weekly,holiday_name_Mid-autumn Festival,0.0
day_ahead_price,xgb_oof_train,peak,segment_model,2025-05-28 00:15:00,weekly,holiday_name_National Day,0.0
day_ahead_price,xgb_oof_train,peak,segment_model,2025-05-28 00:15:00,weekly,holiday_name_New Year's Day,0.0
day_ahead_price,xgb_oof_train,peak,segment_model,2025-05-28 00:15:00,weekly,holiday_name_None,0.0
day_ahead_price,xgb_oof_train,peak,segment_model,2025-05-28 00:15:00,weekly,holiday_name_Spring Festival,0.003776749363169074
day_ahead_price,xgb_oof_train,peak,segment_model,2025-05-28 00:15:00,weekly,holiday_name_Tomb-sweeping Day,0.0
day_ahead_price,xgb_oof_train,global,global_model,2025-06-04 00:15:00,weekly,lag_1,0.45483386516571045
day_ahead_price,xgb_oof_train,global,global_model,2025-06-04 00:15:00,weekly,lag_2,0.0315416119992733
day_ahead_price,xgb_oof_train,global,global_model,2025-06-04 00:15:00,weekly,lag_4,0.006537746172398329
day_ahead_price,xgb_oof_train,global,global_model,2025-06-04 00:15:00,weekly,lag_96,0.007768990006297827
day_ahead_price,xgb_oof_train,global,global_model,2025-06-04 00:15:00,weekly,lag_192,0.003334400476887822
day_ahead_price,xgb_oof_train,global,global_model,2025-06-04 00:15:00,weekly,lag_672,0.019004318863153458
day_ahead_price,xgb_oof_train,global,global_model,2025-06-04 00:15:00,weekly,roll_mean_4,0.31712421774864197
day_ahead_price,xgb_oof_train,global,global_model,2025-06-04 00:15:00,weekly,roll_mean_16,0.0018946207128465176
day_ahead_price,xgb_oof_train,global,global_model,2025-06-04 00:15:00,weekly,roll_mean_96,0.003644064534455538
day_ahead_price,xgb_oof_train,global,global_model,2025-06-04 00:15:00,weekly,roll_mean_672,0.0035371531266719103
day_ahead_price,xgb_oof_train,global,global_model,2025-06-04 00:15:00,weekly,roll_std_96,0.005958393681794405
day_ahead_price,xgb_oof_train,global,global_model,2025-06-04 00:15:00,weekly,diff_1,0.008457900024950504
day_ahead_price,xgb_oof_train,global,global_model,2025-06-04 00:15:00,weekly,diff_96,0.01466403529047966
day_ahead_price,xgb_oof_train,global,global_model,2025-06-04 00:15:00,weekly,hour,0.0036766743287444115
day_ahead_price,xgb_oof_train,global,global_model,2025-06-04 00:15:00,weekly,minute,0.006663558539003134
day_ahead_price,xgb_oof_train,global,global_model,2025-06-04 00:15:00,weekly,dayofweek,0.03397330269217491
day_ahead_price,xgb_oof_train,global,global_model,2025-06-04 00:15:00,weekly,slot96,0.020823951810598373
day_ahead_price,xgb_oof_train,global,global_model,2025-06-04 00:15:00,weekly,sin_slot96,0.023702312260866165
day_ahead_price,xgb_oof_train,global,global_model,2025-06-04 00:15:00,weekly,cos_slot96,0.005192451644688845
day_ahead_price,xgb_oof_train,global,global_model,2025-06-04 00:15:00,weekly,is_holiday,0.0
day_ahead_price,xgb_oof_train,global,global_model,2025-06-04 00:15:00,weekly,is_workday,0.0
day_ahead_price,xgb_oof_train,global,global_model,2025-06-04 00:15:00,weekly,is_weekend,0.0
day_ahead_price,xgb_oof_train,global,global_model,2025-06-04 00:15:00,weekly,is_makeup_workday,0.0
day_ahead_price,xgb_oof_train,global,global_model,2025-06-04 00:15:00,weekly,before_holiday_1d,0.0007732630474492908
day_ahead_price,xgb_oof_train,global,global_model,2025-06-04 00:15:00,weekly,after_holiday_1d,0.025567660108208656
day_ahead_price,xgb_oof_train,global,global_model,2025-06-04 00:15:00,weekly,holiday_name_Dragon Boat Festival,0.0
day_ahead_price,xgb_oof_train,global,global_model,2025-06-04 00:15:00,weekly,holiday_name_Labour Day,0.0
day_ahead_price,xgb_oof_train,global,global_model,2025-06-04 00:15:00,weekly,holiday_name_Mid-autumn Festival,0.0
day_ahead_price,xgb_oof_train,global,global_model,2025-06-04 00:15:00,weekly,holiday_name_National Day,0.0
day_ahead_price,xgb_oof_train,global,global_model,2025-06-04 00:15:00,weekly,holiday_name_New Year's Day,0.0
day_ahead_price,xgb_oof_train,global,global_model,2025-06-04 00:15:00,weekly,holiday_name_None,0.0
day_ahead_price,xgb_oof_train,global,global_model,2025-06-04 00:15:00,weekly,holiday_name_Spring Festival,0.0013255412923172116
day_ahead_price,xgb_oof_train,global,global_model,2025-06-04 00:15:00,weekly,holiday_name_Tomb-sweeping Day,0.0
day_ahead_price,xgb_oof_train,valley,segment_model,2025-06-04 00:15:00,weekly,lag_1,0.5574074983596802
day_ahead_price,xgb_oof_train,valley,segment_model,2025-06-04 00:15:00,weekly,lag_2,0.16954252123832703
day_ahead_price,xgb_oof_train,valley,segment_model,2025-06-04 00:15:00,weekly,lag_4,0.0027494938112795353
day_ahead_price,xgb_oof_train,valley,segment_model,2025-06-04 00:15:00,weekly,lag_96,0.008182339370250702
day_ahead_price,xgb_oof_train,valley,segment_model,2025-06-04 00:15:00,weekly,lag_192,0.005254399497061968
day_ahead_price,xgb_oof_train,valley,segment_model,2025-06-04 00:15:00,weekly,lag_672,0.00758336903527379
day_ahead_price,xgb_oof_train,valley,segment_model,2025-06-04 00:15:00,weekly,roll_mean_4,0.17739231884479523
day_ahead_price,xgb_oof_train,valley,segment_model,2025-06-04 00:15:00,weekly,roll_mean_16,0.0032967294100672007
day_ahead_price,xgb_oof_train,valley,segment_model,2025-06-04 00:15:00,weekly,roll_mean_96,0.007766382303088903
day_ahead_price,xgb_oof_train,valley,segment_model,2025-06-04 00:15:00,weekly,roll_mean_672,0.006740818731486797
day_ahead_price,xgb_oof_train,valley,segment_model,2025-06-04 00:15:00,weekly,roll_std_96,0.0017195367254316807
day_ahead_price,xgb_oof_train,valley,segment_model,2025-06-04 00:15:00,weekly,diff_1,0.01322507206350565
day_ahead_price,xgb_oof_train,valley,segment_model,2025-06-04 00:15:00,weekly,diff_96,0.0015880751889199018
day_ahead_price,xgb_oof_train,valley,segment_model,2025-06-04 00:15:00,weekly,hour,0.008163688704371452
day_ahead_price,xgb_oof_train,valley,segment_model,2025-06-04 00:15:00,weekly,minute,0.006333467550575733
day_ahead_price,xgb_oof_train,valley,segment_model,2025-06-04 00:15:00,weekly,dayofweek,0.001370017882436514
day_ahead_price,xgb_oof_train,valley,segment_model,2025-06-04 00:15:00,weekly,slot96,0.0057174344547092915
day_ahead_price,xgb_oof_train,valley,segment_model,2025-06-04 00:15:00,weekly,sin_slot96,0.005873779766261578
day_ahead_price,xgb_oof_train,valley,segment_model,2025-06-04 00:15:00,weekly,cos_slot96,0.005663907155394554
day_ahead_price,xgb_oof_train,valley,segment_model,2025-06-04 00:15:00,weekly,is_holiday,0.0
day_ahead_price,xgb_oof_train,valley,segment_model,2025-06-04 00:15:00,weekly,is_workday,0.0
day_ahead_price,xgb_oof_train,valley,segment_model,2025-06-04 00:15:00,weekly,is_weekend,0.0
day_ahead_price,xgb_oof_train,valley,segment_model,2025-06-04 00:15:00,weekly,is_makeup_workday,0.0
day_ahead_price,xgb_oof_train,valley,segment_model,2025-06-04 00:15:00,weekly,before_holiday_1d,0.0
day_ahead_price,xgb_oof_train,valley,segment_model,2025-06-04 00:15:00,weekly,after_holiday_1d,0.0
day_ahead_price,xgb_oof_train,valley,segment_model,2025-06-04 00:15:00,weekly,holiday_name_Dragon Boat Festival,0.0
day_ahead_price,xgb_oof_train,valley,segment_model,2025-06-04 00:15:00,weekly,holiday_name_Labour Day,0.0
day_ahead_price,xgb_oof_train,valley,segment_model,2025-06-04 00:15:00,weekly,holiday_name_Mid-autumn Festival,0.0
day_ahead_price,xgb_oof_train,valley,segment_model,2025-06-04 00:15:00,weekly,holiday_name_National Day,0.0
day_ahead_price,xgb_oof_train,valley,segment_model,2025-06-04 00:15:00,weekly,holiday_name_New Year's Day,0.0018981564790010452
day_ahead_price,xgb_oof_train,valley,segment_model,2025-06-04 00:15:00,weekly,holiday_name_None,0.0003131315461359918
day_ahead_price,xgb_oof_train,valley,segment_model,2025-06-04 00:15:00,weekly,holiday_name_Spring Festival,0.0022178490180522203
day_ahead_price,xgb_oof_train,valley,segment_model,2025-06-04 00:15:00,weekly,holiday_name_Tomb-sweeping Day,0.0
day_ahead_price,xgb_oof_train,flat,segment_model,2025-06-04 00:15:00,weekly,lag_1,0.46254822611808777
day_ahead_price,xgb_oof_train,flat,segment_model,2025-06-04 00:15:00,weekly,lag_2,0.07519746571779251
day_ahead_price,xgb_oof_train,flat,segment_model,2025-06-04 00:15:00,weekly,lag_4,0.014031881466507912
day_ahead_price,xgb_oof_train,flat,segment_model,2025-06-04 00:15:00,weekly,lag_96,0.01450346875935793
day_ahead_price,xgb_oof_train,flat,segment_model,2025-06-04 00:15:00,weekly,lag_192,0.008950494229793549
day_ahead_price,xgb_oof_train,flat,segment_model,2025-06-04 00:15:00,weekly,lag_672,0.01649319753050804
day_ahead_price,xgb_oof_train,flat,segment_model,2025-06-04 00:15:00,weekly,roll_mean_4,0.09840402007102966
day_ahead_price,xgb_oof_train,flat,segment_model,2025-06-04 00:15:00,weekly,roll_mean_16,0.00841926783323288
day_ahead_price,xgb_oof_train,flat,segment_model,2025-06-04 00:15:00,weekly,roll_mean_96,0.010915442369878292
day_ahead_price,xgb_oof_train,flat,segment_model,2025-06-04 00:15:00,weekly,roll_mean_672,0.005164081696420908
day_ahead_price,xgb_oof_train,flat,segment_model,2025-06-04 00:15:00,weekly,roll_std_96,0.008429775014519691
day_ahead_price,xgb_oof_train,flat,segment_model,2025-06-04 00:15:00,weekly,diff_1,0.037100400775671005
day_ahead_price,xgb_oof_train,flat,segment_model,2025-06-04 00:15:00,weekly,diff_96,0.023386843502521515
day_ahead_price,xgb_oof_train,flat,segment_model,2025-06-04 00:15:00,weekly,hour,0.03336159884929657
day_ahead_price,xgb_oof_train,flat,segment_model,2025-06-04 00:15:00,weekly,minute,0.029775599017739296
day_ahead_price,xgb_oof_train,flat,segment_model,2025-06-04 00:15:00,weekly,dayofweek,0.016041826456785202
day_ahead_price,xgb_oof_train,flat,segment_model,2025-06-04 00:15:00,weekly,slot96,0.023925095796585083
day_ahead_price,xgb_oof_train,flat,segment_model,2025-06-04 00:15:00,weekly,sin_slot96,0.0869562029838562
day_ahead_price,xgb_oof_train,flat,segment_model,2025-06-04 00:15:00,weekly,cos_slot96,0.006124734878540039
day_ahead_price,xgb_oof_train,flat,segment_model,2025-06-04 00:15:00,weekly,is_holiday,0.0
day_ahead_price,xgb_oof_train,flat,segment_model,2025-06-04 00:15:00,weekly,is_workday,0.0
day_ahead_price,xgb_oof_train,flat,segment_model,2025-06-04 00:15:00,weekly,is_weekend,0.0
day_ahead_price,xgb_oof_train,flat,segment_model,2025-06-04 00:15:00,weekly,is_makeup_workday,0.0
day_ahead_price,xgb_oof_train,flat,segment_model,2025-06-04 00:15:00,weekly,before_holiday_1d,0.002482872921973467
day_ahead_price,xgb_oof_train,flat,segment_model,2025-06-04 00:15:00,weekly,after_holiday_1d,0.0177875105291605
day_ahead_price,xgb_oof_train,flat,segment_model,2025-06-04 00:15:00,weekly,holiday_name_Dragon Boat Festival,0.0
day_ahead_price,xgb_oof_train,flat,segment_model,2025-06-04 00:15:00,weekly,holiday_name_Labour Day,0.0
day_ahead_price,xgb_oof_train,flat,segment_model,2025-06-04 00:15:00,weekly,holiday_name_Mid-autumn Festival,0.0
day_ahead_price,xgb_oof_train,flat,segment_model,2025-06-04 00:15:00,weekly,holiday_name_National Day,0.0
day_ahead_price,xgb_oof_train,flat,segment_model,2025-06-04 00:15:00,weekly,holiday_name_New Year's Day,0.0
day_ahead_price,xgb_oof_train,flat,segment_model,2025-06-04 00:15:00,weekly,holiday_name_None,0.0
day_ahead_price,xgb_oof_train,flat,segment_model,2025-06-04 00:15:00,weekly,holiday_name_Spring Festival,0.0
day_ahead_price,xgb_oof_train,flat,segment_model,2025-06-04 00:15:00,weekly,holiday_name_Tomb-sweeping Day,0.0
day_ahead_price,xgb_oof_train,peak,segment_model,2025-06-04 00:15:00,weekly,lag_1,0.5477498769760132
day_ahead_price,xgb_oof_train,peak,segment_model,2025-06-04 00:15:00,weekly,lag_2,0.03547879680991173
day_ahead_price,xgb_oof_train,peak,segment_model,2025-06-04 00:15:00,weekly,lag_4,0.006563430652022362
day_ahead_price,xgb_oof_train,peak,segment_model,2025-06-04 00:15:00,weekly,lag_96,0.022028768435120583
day_ahead_price,xgb_oof_train,peak,segment_model,2025-06-04 00:15:00,weekly,lag_192,0.003898590337485075
day_ahead_price,xgb_oof_train,peak,segment_model,2025-06-04 00:15:00,weekly,lag_672,0.005055169574916363
day_ahead_price,xgb_oof_train,peak,segment_model,2025-06-04 00:15:00,weekly,roll_mean_4,0.2804335653781891
day_ahead_price,xgb_oof_train,peak,segment_model,2025-06-04 00:15:00,weekly,roll_mean_16,0.008860897272825241
day_ahead_price,xgb_oof_train,peak,segment_model,2025-06-04 00:15:00,weekly,roll_mean_96,0.00452957209199667
day_ahead_price,xgb_oof_train,peak,segment_model,2025-06-04 00:15:00,weekly,roll_mean_672,0.005383141338825226
day_ahead_price,xgb_oof_train,peak,segment_model,2025-06-04 00:15:00,weekly,roll_std_96,0.007919627241790295
day_ahead_price,xgb_oof_train,peak,segment_model,2025-06-04 00:15:00,weekly,diff_1,0.012601201422512531
day_ahead_price,xgb_oof_train,peak,segment_model,2025-06-04 00:15:00,weekly,diff_96,0.007074113469570875
day_ahead_price,xgb_oof_train,peak,segment_model,2025-06-04 00:15:00,weekly,hour,0.0075036631897091866
day_ahead_price,xgb_oof_train,peak,segment_model,2025-06-04 00:15:00,weekly,minute,0.005229497794061899
day_ahead_price,xgb_oof_train,peak,segment_model,2025-06-04 00:15:00,weekly,dayofweek,0.005145009141415358
day_ahead_price,xgb_oof_train,peak,segment_model,2025-06-04 00:15:00,weekly,slot96,0.007345720659941435
day_ahead_price,xgb_oof_train,peak,segment_model,2025-06-04 00:15:00,weekly,sin_slot96,0.004657905548810959
day_ahead_price,xgb_oof_train,peak,segment_model,2025-06-04 00:15:00,weekly,cos_slot96,0.009585168212652206
day_ahead_price,xgb_oof_train,peak,segment_model,2025-06-04 00:15:00,weekly,is_holiday,0.0
day_ahead_price,xgb_oof_train,peak,segment_model,2025-06-04 00:15:00,weekly,is_workday,0.0
day_ahead_price,xgb_oof_train,peak,segment_model,2025-06-04 00:15:00,weekly,is_weekend,0.0
day_ahead_price,xgb_oof_train,peak,segment_model,2025-06-04 00:15:00,weekly,is_makeup_workday,0.0
day_ahead_price,xgb_oof_train,peak,segment_model,2025-06-04 00:15:00,weekly,before_holiday_1d,0.0
day_ahead_price,xgb_oof_train,peak,segment_model,2025-06-04 00:15:00,weekly,after_holiday_1d,0.008292291313409805
day_ahead_price,xgb_oof_train,peak,segment_model,2025-06-04 00:15:00,weekly,holiday_name_Dragon Boat Festival,0.0
day_ahead_price,xgb_oof_train,peak,segment_model,2025-06-04 00:15:00,weekly,holiday_name_Labour Day,0.0
day_ahead_price,xgb_oof_train,peak,segment_model,2025-06-04 00:15:00,weekly,holiday_name_Mid-autumn Festival,0.0
day_ahead_price,xgb_oof_train,peak,segment_model,2025-06-04 00:15:00,weekly,holiday_name_National Day,0.0
day_ahead_price,xgb_oof_train,peak,segment_model,2025-06-04 00:15:00,weekly,holiday_name_New Year's Day,0.0
day_ahead_price,xgb_oof_train,peak,segment_model,2025-06-04 00:15:00,weekly,holiday_name_None,0.0
day_ahead_price,xgb_oof_train,peak,segment_model,2025-06-04 00:15:00,weekly,holiday_name_Spring Festival,0.004663961008191109
day_ahead_price,xgb_oof_train,peak,segment_model,2025-06-04 00:15:00,weekly,holiday_name_Tomb-sweeping Day,0.0
day_ahead_price,xgb_oof_train,global,global_model,2025-06-11 00:15:00,weekly,lag_1,0.47749924659729004
day_ahead_price,xgb_oof_train,global,global_model,2025-06-11 00:15:00,weekly,lag_2,0.030928153544664383
day_ahead_price,xgb_oof_train,global,global_model,2025-06-11 00:15:00,weekly,lag_4,0.006219143979251385
day_ahead_price,xgb_oof_train,global,global_model,2025-06-11 00:15:00,weekly,lag_96,0.007844586856663227
day_ahead_price,xgb_oof_train,global,global_model,2025-06-11 00:15:00,weekly,lag_192,0.0028144794050604105
day_ahead_price,xgb_oof_train,global,global_model,2025-06-11 00:15:00,weekly,lag_672,0.01672753319144249
day_ahead_price,xgb_oof_train,global,global_model,2025-06-11 00:15:00,weekly,roll_mean_4,0.337392657995224
day_ahead_price,xgb_oof_train,global,global_model,2025-06-11 00:15:00,weekly,roll_mean_16,0.002552083693444729
day_ahead_price,xgb_oof_train,global,global_model,2025-06-11 00:15:00,weekly,roll_mean_96,0.0034860214218497276
day_ahead_price,xgb_oof_train,global,global_model,2025-06-11 00:15:00,weekly,roll_mean_672,0.003234029747545719
day_ahead_price,xgb_oof_train,global,global_model,2025-06-11 00:15:00,weekly,roll_std_96,0.006793200504034758
day_ahead_price,xgb_oof_train,global,global_model,2025-06-11 00:15:00,weekly,diff_1,0.012001155875623226
day_ahead_price,xgb_oof_train,global,global_model,2025-06-11 00:15:00,weekly,diff_96,0.013773801736533642
day_ahead_price,xgb_oof_train,global,global_model,2025-06-11 00:15:00,weekly,hour,0.003667286364361644
day_ahead_price,xgb_oof_train,global,global_model,2025-06-11 00:15:00,weekly,minute,0.013026159256696701
day_ahead_price,xgb_oof_train,global,global_model,2025-06-11 00:15:00,weekly,dayofweek,0.004317814949899912
day_ahead_price,xgb_oof_train,global,global_model,2025-06-11 00:15:00,weekly,slot96,0.024770047515630722
day_ahead_price,xgb_oof_train,global,global_model,2025-06-11 00:15:00,weekly,sin_slot96,0.025359313935041428
day_ahead_price,xgb_oof_train,global,global_model,2025-06-11 00:15:00,weekly,cos_slot96,0.006331142969429493
day_ahead_price,xgb_oof_train,global,global_model,2025-06-11 00:15:00,weekly,is_holiday,0.0
day_ahead_price,xgb_oof_train,global,global_model,2025-06-11 00:15:00,weekly,is_workday,0.0
day_ahead_price,xgb_oof_train,global,global_model,2025-06-11 00:15:00,weekly,is_weekend,0.0
day_ahead_price,xgb_oof_train,global,global_model,2025-06-11 00:15:00,weekly,is_makeup_workday,0.0
day_ahead_price,xgb_oof_train,global,global_model,2025-06-11 00:15:00,weekly,before_holiday_1d,0.0012622098438441753
day_ahead_price,xgb_oof_train,global,global_model,2025-06-11 00:15:00,weekly,after_holiday_1d,0.0
day_ahead_price,xgb_oof_train,global,global_model,2025-06-11 00:15:00,weekly,holiday_name_Dragon Boat Festival,0.0
day_ahead_price,xgb_oof_train,global,global_model,2025-06-11 00:15:00,weekly,holiday_name_Labour Day,0.0
day_ahead_price,xgb_oof_train,global,global_model,2025-06-11 00:15:00,weekly,holiday_name_Mid-autumn Festival,0.0
day_ahead_price,xgb_oof_train,global,global_model,2025-06-11 00:15:00,weekly,holiday_name_National Day,0.0
day_ahead_price,xgb_oof_train,global,global_model,2025-06-11 00:15:00,weekly,holiday_name_New Year's Day,0.0
day_ahead_price,xgb_oof_train,global,global_model,2025-06-11 00:15:00,weekly,holiday_name_None,0.0
day_ahead_price,xgb_oof_train,global,global_model,2025-06-11 00:15:00,weekly,holiday_name_Spring Festival,0.0
day_ahead_price,xgb_oof_train,global,global_model,2025-06-11 00:15:00,weekly,holiday_name_Tomb-sweeping Day,0.0
day_ahead_price,xgb_oof_train,valley,segment_model,2025-06-11 00:15:00,weekly,lag_1,0.5133307576179504
day_ahead_price,xgb_oof_train,valley,segment_model,2025-06-11 00:15:00,weekly,lag_2,0.18075674772262573
day_ahead_price,xgb_oof_train,valley,segment_model,2025-06-11 00:15:00,weekly,lag_4,0.002853733254596591
day_ahead_price,xgb_oof_train,valley,segment_model,2025-06-11 00:15:00,weekly,lag_96,0.007040607742965221
day_ahead_price,xgb_oof_train,valley,segment_model,2025-06-11 00:15:00,weekly,lag_192,0.0036531684454530478
day_ahead_price,xgb_oof_train,valley,segment_model,2025-06-11 00:15:00,weekly,lag_672,0.0050901067443192005
day_ahead_price,xgb_oof_train,valley,segment_model,2025-06-11 00:15:00,weekly,roll_mean_4,0.19622023403644562
day_ahead_price,xgb_oof_train,valley,segment_model,2025-06-11 00:15:00,weekly,roll_mean_16,0.00529822101816535
day_ahead_price,xgb_oof_train,valley,segment_model,2025-06-11 00:15:00,weekly,roll_mean_96,0.006302386987954378
day_ahead_price,xgb_oof_train,valley,segment_model,2025-06-11 00:15:00,weekly,roll_mean_672,0.004772164858877659
day_ahead_price,xgb_oof_train,valley,segment_model,2025-06-11 00:15:00,weekly,roll_std_96,0.004921051673591137
day_ahead_price,xgb_oof_train,valley,segment_model,2025-06-11 00:15:00,weekly,diff_1,0.015407231636345387
day_ahead_price,xgb_oof_train,valley,segment_model,2025-06-11 00:15:00,weekly,diff_96,0.0020123084541410208
day_ahead_price,xgb_oof_train,valley,segment_model,2025-06-11 00:15:00,weekly,hour,0.010086270049214363
day_ahead_price,xgb_oof_train,valley,segment_model,2025-06-11 00:15:00,weekly,minute,0.010369976982474327
day_ahead_price,xgb_oof_train,valley,segment_model,2025-06-11 00:15:00,weekly,dayofweek,0.0032612087670713663
day_ahead_price,xgb_oof_train,valley,segment_model,2025-06-11 00:15:00,weekly,slot96,0.00638898741453886
day_ahead_price,xgb_oof_train,valley,segment_model,2025-06-11 00:15:00,weekly,sin_slot96,0.007297488395124674
day_ahead_price,xgb_oof_train,valley,segment_model,2025-06-11 00:15:00,weekly,cos_slot96,0.008659723214805126
day_ahead_price,xgb_oof_train,valley,segment_model,2025-06-11 00:15:00,weekly,is_holiday,0.0
day_ahead_price,xgb_oof_train,valley,segment_model,2025-06-11 00:15:00,weekly,is_workday,0.0
day_ahead_price,xgb_oof_train,valley,segment_model,2025-06-11 00:15:00,weekly,is_weekend,0.0
day_ahead_price,xgb_oof_train,valley,segment_model,2025-06-11 00:15:00,weekly,is_makeup_workday,0.0
day_ahead_price,xgb_oof_train,valley,segment_model,2025-06-11 00:15:00,weekly,before_holiday_1d,0.0
day_ahead_price,xgb_oof_train,valley,segment_model,2025-06-11 00:15:00,weekly,after_holiday_1d,0.0
day_ahead_price,xgb_oof_train,valley,segment_model,2025-06-11 00:15:00,weekly,holiday_name_Dragon Boat Festival,0.0
day_ahead_price,xgb_oof_train,valley,segment_model,2025-06-11 00:15:00,weekly,holiday_name_Labour Day,0.0
day_ahead_price,xgb_oof_train,valley,segment_model,2025-06-11 00:15:00,weekly,holiday_name_Mid-autumn Festival,0.0
day_ahead_price,xgb_oof_train,valley,segment_model,2025-06-11 00:15:00,weekly,holiday_name_National Day,0.0
day_ahead_price,xgb_oof_train,valley,segment_model,2025-06-11 00:15:00,weekly,holiday_name_New Year's Day,0.0016759195132181048
day_ahead_price,xgb_oof_train,valley,segment_model,2025-06-11 00:15:00,weekly,holiday_name_None,0.0014971275813877583
day_ahead_price,xgb_oof_train,valley,segment_model,2025-06-11 00:15:00,weekly,holiday_name_Spring Festival,0.002449094783514738
day_ahead_price,xgb_oof_train,valley,segment_model,2025-06-11 00:15:00,weekly,holiday_name_Tomb-sweeping Day,0.0006554562714882195
day_ahead_price,xgb_oof_train,flat,segment_model,2025-06-11 00:15:00,weekly,lag_1,0.44028031826019287
day_ahead_price,xgb_oof_train,flat,segment_model,2025-06-11 00:15:00,weekly,lag_2,0.05643356218934059
day_ahead_price,xgb_oof_train,flat,segment_model,2025-06-11 00:15:00,weekly,lag_4,0.012316510081291199
day_ahead_price,xgb_oof_train,flat,segment_model,2025-06-11 00:15:00,weekly,lag_96,0.013644929975271225
day_ahead_price,xgb_oof_train,flat,segment_model,2025-06-11 00:15:00,weekly,lag_192,0.00824251864105463
day_ahead_price,xgb_oof_train,flat,segment_model,2025-06-11 00:15:00,weekly,lag_672,0.02003583312034607
day_ahead_price,xgb_oof_train,flat,segment_model,2025-06-11 00:15:00,weekly,roll_mean_4,0.16029411554336548
day_ahead_price,xgb_oof_train,flat,segment_model,2025-06-11 00:15:00,weekly,roll_mean_16,0.00681626982986927
day_ahead_price,xgb_oof_train,flat,segment_model,2025-06-11 00:15:00,weekly,roll_mean_96,0.012388757430016994
day_ahead_price,xgb_oof_train,flat,segment_model,2025-06-11 00:15:00,weekly,roll_mean_672,0.009113701991736889
day_ahead_price,xgb_oof_train,flat,segment_model,2025-06-11 00:15:00,weekly,roll_std_96,0.011299618519842625
day_ahead_price,xgb_oof_train,flat,segment_model,2025-06-11 00:15:00,weekly,diff_1,0.03276677802205086
day_ahead_price,xgb_oof_train,flat,segment_model,2025-06-11 00:15:00,weekly,diff_96,0.020441876724362373
day_ahead_price,xgb_oof_train,flat,segment_model,2025-06-11 00:15:00,weekly,hour,0.00511631416156888
day_ahead_price,xgb_oof_train,flat,segment_model,2025-06-11 00:15:00,weekly,minute,0.03125195950269699
day_ahead_price,xgb_oof_train,flat,segment_model,2025-06-11 00:15:00,weekly,dayofweek,0.009084873832762241
day_ahead_price,xgb_oof_train,flat,segment_model,2025-06-11 00:15:00,weekly,slot96,0.04836408793926239
day_ahead_price,xgb_oof_train,flat,segment_model,2025-06-11 00:15:00,weekly,sin_slot96,0.08233800530433655
day_ahead_price,xgb_oof_train,flat,segment_model,2025-06-11 00:15:00,weekly,cos_slot96,0.00643879035487771
day_ahead_price,xgb_oof_train,flat,segment_model,2025-06-11 00:15:00,weekly,is_holiday,0.0
day_ahead_price,xgb_oof_train,flat,segment_model,2025-06-11 00:15:00,weekly,is_workday,0.0
day_ahead_price,xgb_oof_train,flat,segment_model,2025-06-11 00:15:00,weekly,is_weekend,0.0
day_ahead_price,xgb_oof_train,flat,segment_model,2025-06-11 00:15:00,weekly,is_makeup_workday,0.0005129648488946259
day_ahead_price,xgb_oof_train,flat,segment_model,2025-06-11 00:15:00,weekly,before_holiday_1d,0.009589147754013538
day_ahead_price,xgb_oof_train,flat,segment_model,2025-06-11 00:15:00,weekly,after_holiday_1d,0.0032290888484567404
day_ahead_price,xgb_oof_train,flat,segment_model,2025-06-11 00:15:00,weekly,holiday_name_Dragon Boat Festival,0.0
day_ahead_price,xgb_oof_train,flat,segment_model,2025-06-11 00:15:00,weekly,holiday_name_Labour Day,0.0
day_ahead_price,xgb_oof_train,flat,segment_model,2025-06-11 00:15:00,weekly,holiday_name_Mid-autumn Festival,0.0
day_ahead_price,xgb_oof_train,flat,segment_model,2025-06-11 00:15:00,weekly,holiday_name_National Day,0.0
day_ahead_price,xgb_oof_train,flat,segment_model,2025-06-11 00:15:00,weekly,holiday_name_New Year's Day,0.0
day_ahead_price,xgb_oof_train,flat,segment_model,2025-06-11 00:15:00,weekly,holiday_name_None,0.0
day_ahead_price,xgb_oof_train,flat,segment_model,2025-06-11 00:15:00,weekly,holiday_name_Spring Festival,0.0
day_ahead_price,xgb_oof_train,flat,segment_model,2025-06-11 00:15:00,weekly,holiday_name_Tomb-sweeping Day,0.0
day_ahead_price,xgb_oof_train,peak,segment_model,2025-06-11 00:15:00,weekly,lag_1,0.5203385949134827
day_ahead_price,xgb_oof_train,peak,segment_model,2025-06-11 00:15:00,weekly,lag_2,0.04261180758476257
day_ahead_price,xgb_oof_train,peak,segment_model,2025-06-11 00:15:00,weekly,lag_4,0.007489941548556089
day_ahead_price,xgb_oof_train,peak,segment_model,2025-06-11 00:15:00,weekly,lag_96,0.019238384440541267
day_ahead_price,xgb_oof_train,peak,segment_model,2025-06-11 00:15:00,weekly,lag_192,0.0031751058995723724
day_ahead_price,xgb_oof_train,peak,segment_model,2025-06-11 00:15:00,weekly,lag_672,0.003961813636124134
day_ahead_price,xgb_oof_train,peak,segment_model,2025-06-11 00:15:00,weekly,roll_mean_4,0.3066886067390442
day_ahead_price,xgb_oof_train,peak,segment_model,2025-06-11 00:15:00,weekly,roll_mean_16,0.010939914733171463
day_ahead_price,xgb_oof_train,peak,segment_model,2025-06-11 00:15:00,weekly,roll_mean_96,0.005558214150369167
day_ahead_price,xgb_oof_train,peak,segment_model,2025-06-11 00:15:00,weekly,roll_mean_672,0.003570943372324109
day_ahead_price,xgb_oof_train,peak,segment_model,2025-06-11 00:15:00,weekly,roll_std_96,0.006744143087416887
day_ahead_price,xgb_oof_train,peak,segment_model,2025-06-11 00:15:00,weekly,diff_1,0.012883913703262806
day_ahead_price,xgb_oof_train,peak,segment_model,2025-06-11 00:15:00,weekly,diff_96,0.008484653197228909
day_ahead_price,xgb_oof_train,peak,segment_model,2025-06-11 00:15:00,weekly,hour,0.007784928195178509
day_ahead_price,xgb_oof_train,peak,segment_model,2025-06-11 00:15:00,weekly,minute,0.004530228208750486
day_ahead_price,xgb_oof_train,peak,segment_model,2025-06-11 00:15:00,weekly,dayofweek,0.0046297525987029076
day_ahead_price,xgb_oof_train,peak,segment_model,2025-06-11 00:15:00,weekly,slot96,0.005544539541006088
day_ahead_price,xgb_oof_train,peak,segment_model,2025-06-11 00:15:00,weekly,sin_slot96,0.0051849037408828735
day_ahead_price,xgb_oof_train,peak,segment_model,2025-06-11 00:15:00,weekly,cos_slot96,0.006555294618010521
day_ahead_price,xgb_oof_train,peak,segment_model,2025-06-11 00:15:00,weekly,is_holiday,0.0
day_ahead_price,xgb_oof_train,peak,segment_model,2025-06-11 00:15:00,weekly,is_workday,0.0
day_ahead_price,xgb_oof_train,peak,segment_model,2025-06-11 00:15:00,weekly,is_weekend,0.0
day_ahead_price,xgb_oof_train,peak,segment_model,2025-06-11 00:15:00,weekly,is_makeup_workday,0.0
day_ahead_price,xgb_oof_train,peak,segment_model,2025-06-11 00:15:00,weekly,before_holiday_1d,0.00037889217492192984
day_ahead_price,xgb_oof_train,peak,segment_model,2025-06-11 00:15:00,weekly,after_holiday_1d,0.009396315552294254
day_ahead_price,xgb_oof_train,peak,segment_model,2025-06-11 00:15:00,weekly,holiday_name_Dragon Boat Festival,0.0
day_ahead_price,xgb_oof_train,peak,segment_model,2025-06-11 00:15:00,weekly,holiday_name_Labour Day,0.0
day_ahead_price,xgb_oof_train,peak,segment_model,2025-06-11 00:15:00,weekly,holiday_name_Mid-autumn Festival,0.0
day_ahead_price,xgb_oof_train,peak,segment_model,2025-06-11 00:15:00,weekly,holiday_name_National Day,0.0
day_ahead_price,xgb_oof_train,peak,segment_model,2025-06-11 00:15:00,weekly,holiday_name_New Year's Day,0.0
day_ahead_price,xgb_oof_train,peak,segment_model,2025-06-11 00:15:00,weekly,holiday_name_None,0.0
day_ahead_price,xgb_oof_train,peak,segment_model,2025-06-11 00:15:00,weekly,holiday_name_Spring Festival,0.004309209529310465
day_ahead_price,xgb_oof_train,peak,segment_model,2025-06-11 00:15:00,weekly,holiday_name_Tomb-sweeping Day,0.0
day_ahead_price,xgb_oof_train,global,global_model,2025-06-18 00:15:00,weekly,lag_1,0.4986547529697418
day_ahead_price,xgb_oof_train,global,global_model,2025-06-18 00:15:00,weekly,lag_2,0.03376460820436478
day_ahead_price,xgb_oof_train,global,global_model,2025-06-18 00:15:00,weekly,lag_4,0.0044278851710259914
day_ahead_price,xgb_oof_train,global,global_model,2025-06-18 00:15:00,weekly,lag_96,0.008253556676208973
day_ahead_price,xgb_oof_train,global,global_model,2025-06-18 00:15:00,weekly,lag_192,0.0025772310327738523
day_ahead_price,xgb_oof_train,global,global_model,2025-06-18 00:15:00,weekly,lag_672,0.014045268297195435
day_ahead_price,xgb_oof_train,global,global_model,2025-06-18 00:15:00,weekly,roll_mean_4,0.3053760826587677
day_ahead_price,xgb_oof_train,global,global_model,2025-06-18 00:15:00,weekly,roll_mean_16,0.0025673238560557365
day_ahead_price,xgb_oof_train,global,global_model,2025-06-18 00:15:00,weekly,roll_mean_96,0.004461400210857391
day_ahead_price,xgb_oof_train,global,global_model,2025-06-18 00:15:00,weekly,roll_mean_672,0.003788406727835536
day_ahead_price,xgb_oof_train,global,global_model,2025-06-18 00:15:00,weekly,roll_std_96,0.005171045660972595
day_ahead_price,xgb_oof_train,global,global_model,2025-06-18 00:15:00,weekly,diff_1,0.010817211121320724
day_ahead_price,xgb_oof_train,global,global_model,2025-06-18 00:15:00,weekly,diff_96,0.018049178645014763
day_ahead_price,xgb_oof_train,global,global_model,2025-06-18 00:15:00,weekly,hour,0.004840004723519087
day_ahead_price,xgb_oof_train,global,global_model,2025-06-18 00:15:00,weekly,minute,0.0027136944700032473
day_ahead_price,xgb_oof_train,global,global_model,2025-06-18 00:15:00,weekly,dayofweek,0.014643780887126923
day_ahead_price,xgb_oof_train,global,global_model,2025-06-18 00:15:00,weekly,slot96,0.027635177597403526
day_ahead_price,xgb_oof_train,global,global_model,2025-06-18 00:15:00,weekly,sin_slot96,0.024164751172065735
day_ahead_price,xgb_oof_train,global,global_model,2025-06-18 00:15:00,weekly,cos_slot96,0.006097524426877499
day_ahead_price,xgb_oof_train,global,global_model,2025-06-18 00:15:00,weekly,is_holiday,0.0
day_ahead_price,xgb_oof_train,global,global_model,2025-06-18 00:15:00,weekly,is_workday,0.0
day_ahead_price,xgb_oof_train,global,global_model,2025-06-18 00:15:00,weekly,is_weekend,0.0
day_ahead_price,xgb_oof_train,global,global_model,2025-06-18 00:15:00,weekly,is_makeup_workday,0.0
day_ahead_price,xgb_oof_train,global,global_model,2025-06-18 00:15:00,weekly,before_holiday_1d,0.0033957762643694878
day_ahead_price,xgb_oof_train,global,global_model,2025-06-18 00:15:00,weekly,after_holiday_1d,0.004555458668619394
day_ahead_price,xgb_oof_train,global,global_model,2025-06-18 00:15:00,weekly,holiday_name_Dragon Boat Festival,0.0
day_ahead_price,xgb_oof_train,global,global_model,2025-06-18 00:15:00,weekly,holiday_name_Labour Day,0.0
day_ahead_price,xgb_oof_train,global,global_model,2025-06-18 00:15:00,weekly,holiday_name_Mid-autumn Festival,0.0
day_ahead_price,xgb_oof_train,global,global_model,2025-06-18 00:15:00,weekly,holiday_name_National Day,0.0
day_ahead_price,xgb_oof_train,global,global_model,2025-06-18 00:15:00,weekly,holiday_name_New Year's Day,0.0
day_ahead_price,xgb_oof_train,global,global_model,2025-06-18 00:15:00,weekly,holiday_name_None,0.0
day_ahead_price,xgb_oof_train,global,global_model,2025-06-18 00:15:00,weekly,holiday_name_Spring Festival,0.0
day_ahead_price,xgb_oof_train,global,global_model,2025-06-18 00:15:00,weekly,holiday_name_Tomb-sweeping Day,0.0
day_ahead_price,xgb_oof_train,valley,segment_model,2025-06-18 00:15:00,weekly,lag_1,0.5446346998214722
day_ahead_price,xgb_oof_train,valley,segment_model,2025-06-18 00:15:00,weekly,lag_2,0.1691977083683014
day_ahead_price,xgb_oof_train,valley,segment_model,2025-06-18 00:15:00,weekly,lag_4,0.0030871217604726553
day_ahead_price,xgb_oof_train,valley,segment_model,2025-06-18 00:15:00,weekly,lag_96,0.0071363369934260845
day_ahead_price,xgb_oof_train,valley,segment_model,2025-06-18 00:15:00,weekly,lag_192,0.003421325469389558
day_ahead_price,xgb_oof_train,valley,segment_model,2025-06-18 00:15:00,weekly,lag_672,0.0061313253827393055
day_ahead_price,xgb_oof_train,valley,segment_model,2025-06-18 00:15:00,weekly,roll_mean_4,0.19270287454128265
day_ahead_price,xgb_oof_train,valley,segment_model,2025-06-18 00:15:00,weekly,roll_mean_16,0.005107971373945475
day_ahead_price,xgb_oof_train,valley,segment_model,2025-06-18 00:15:00,weekly,roll_mean_96,0.007143447641283274
day_ahead_price,xgb_oof_train,valley,segment_model,2025-06-18 00:15:00,weekly,roll_mean_672,0.005478803068399429
day_ahead_price,xgb_oof_train,valley,segment_model,2025-06-18 00:15:00,weekly,roll_std_96,0.004096779972314835
day_ahead_price,xgb_oof_train,valley,segment_model,2025-06-18 00:15:00,weekly,diff_1,0.013422138057649136
day_ahead_price,xgb_oof_train,valley,segment_model,2025-06-18 00:15:00,weekly,diff_96,0.0026235205586999655
day_ahead_price,xgb_oof_train,valley,segment_model,2025-06-18 00:15:00,weekly,hour,0.008015789091587067
day_ahead_price,xgb_oof_train,valley,segment_model,2025-06-18 00:15:00,weekly,minute,0.006194213405251503
day_ahead_price,xgb_oof_train,valley,segment_model,2025-06-18 00:15:00,weekly,dayofweek,0.0017441812669858336
day_ahead_price,xgb_oof_train,valley,segment_model,2025-06-18 00:15:00,weekly,slot96,0.006723659113049507
day_ahead_price,xgb_oof_train,valley,segment_model,2025-06-18 00:15:00,weekly,sin_slot96,0.0057910652831196785
day_ahead_price,xgb_oof_train,valley,segment_model,2025-06-18 00:15:00,weekly,cos_slot96,0.003996062558144331
day_ahead_price,xgb_oof_train,valley,segment_model,2025-06-18 00:15:00,weekly,is_holiday,0.0
day_ahead_price,xgb_oof_train,valley,segment_model,2025-06-18 00:15:00,weekly,is_workday,0.0
day_ahead_price,xgb_oof_train,valley,segment_model,2025-06-18 00:15:00,weekly,is_weekend,0.0
day_ahead_price,xgb_oof_train,valley,segment_model,2025-06-18 00:15:00,weekly,is_makeup_workday,0.0
day_ahead_price,xgb_oof_train,valley,segment_model,2025-06-18 00:15:00,weekly,before_holiday_1d,0.0
day_ahead_price,xgb_oof_train,valley,segment_model,2025-06-18 00:15:00,weekly,after_holiday_1d,0.0
day_ahead_price,xgb_oof_train,valley,segment_model,2025-06-18 00:15:00,weekly,holiday_name_Dragon Boat Festival,0.0
day_ahead_price,xgb_oof_train,valley,segment_model,2025-06-18 00:15:00,weekly,holiday_name_Labour Day,0.0
day_ahead_price,xgb_oof_train,valley,segment_model,2025-06-18 00:15:00,weekly,holiday_name_Mid-autumn Festival,0.0
day_ahead_price,xgb_oof_train,valley,segment_model,2025-06-18 00:15:00,weekly,holiday_name_National Day,0.0
day_ahead_price,xgb_oof_train,valley,segment_model,2025-06-18 00:15:00,weekly,holiday_name_New Year's Day,0.002014250960201025
day_ahead_price,xgb_oof_train,valley,segment_model,2025-06-18 00:15:00,weekly,holiday_name_None,0.0013367197243496776
day_ahead_price,xgb_oof_train,valley,segment_model,2025-06-18 00:15:00,weekly,holiday_name_Spring Festival,0.0
day_ahead_price,xgb_oof_train,valley,segment_model,2025-06-18 00:15:00,weekly,holiday_name_Tomb-sweeping Day,0.0
day_ahead_price,xgb_oof_train,flat,segment_model,2025-06-18 00:15:00,weekly,lag_1,0.45786774158477783
day_ahead_price,xgb_oof_train,flat,segment_model,2025-06-18 00:15:00,weekly,lag_2,0.035301223397254944
day_ahead_price,xgb_oof_train,flat,segment_model,2025-06-18 00:15:00,weekly,lag_4,0.009706116281449795
day_ahead_price,xgb_oof_train,flat,segment_model,2025-06-18 00:15:00,weekly,lag_96,0.012772723101079464
day_ahead_price,xgb_oof_train,flat,segment_model,2025-06-18 00:15:00,weekly,lag_192,0.008580759167671204
day_ahead_price,xgb_oof_train,flat,segment_model,2025-06-18 00:15:00,weekly,lag_672,0.022850945591926575
day_ahead_price,xgb_oof_train,flat,segment_model,2025-06-18 00:15:00,weekly,roll_mean_4,0.1541631519794464
day_ahead_price,xgb_oof_train,flat,segment_model,2025-06-18 00:15:00,weekly,roll_mean_16,0.006192956119775772
day_ahead_price,xgb_oof_train,flat,segment_model,2025-06-18 00:15:00,weekly,roll_mean_96,0.012558476999402046
day_ahead_price,xgb_oof_train,flat,segment_model,2025-06-18 00:15:00,weekly,roll_mean_672,0.007529173046350479
day_ahead_price,xgb_oof_train,flat,segment_model,2025-06-18 00:15:00,weekly,roll_std_96,0.01168524008244276
day_ahead_price,xgb_oof_train,flat,segment_model,2025-06-18 00:15:00,weekly,diff_1,0.034695763140916824
day_ahead_price,xgb_oof_train,flat,segment_model,2025-06-18 00:15:00,weekly,diff_96,0.01877993531525135
day_ahead_price,xgb_oof_train,flat,segment_model,2025-06-18 00:15:00,weekly,hour,0.007389908190816641
day_ahead_price,xgb_oof_train,flat,segment_model,2025-06-18 00:15:00,weekly,minute,0.026400376111268997
day_ahead_price,xgb_oof_train,flat,segment_model,2025-06-18 00:15:00,weekly,dayofweek,0.02324971742928028
day_ahead_price,xgb_oof_train,flat,segment_model,2025-06-18 00:15:00,weekly,slot96,0.038922179490327835
day_ahead_price,xgb_oof_train,flat,segment_model,2025-06-18 00:15:00,weekly,sin_slot96,0.08027509599924088
day_ahead_price,xgb_oof_train,flat,segment_model,2025-06-18 00:15:00,weekly,cos_slot96,0.007237887009978294
day_ahead_price,xgb_oof_train,flat,segment_model,2025-06-18 00:15:00,weekly,is_holiday,0.0
day_ahead_price,xgb_oof_train,flat,segment_model,2025-06-18 00:15:00,weekly,is_workday,0.0
day_ahead_price,xgb_oof_train,flat,segment_model,2025-06-18 00:15:00,weekly,is_weekend,0.0
day_ahead_price,xgb_oof_train,flat,segment_model,2025-06-18 00:15:00,weekly,is_makeup_workday,0.0006435585673898458
day_ahead_price,xgb_oof_train,flat,segment_model,2025-06-18 00:15:00,weekly,before_holiday_1d,0.006432743743062019
day_ahead_price,xgb_oof_train,flat,segment_model,2025-06-18 00:15:00,weekly,after_holiday_1d,0.016764335334300995
day_ahead_price,xgb_oof_train,flat,segment_model,2025-06-18 00:15:00,weekly,holiday_name_Dragon Boat Festival,0.0
day_ahead_price,xgb_oof_train,flat,segment_model,2025-06-18 00:15:00,weekly,holiday_name_Labour Day,0.0
day_ahead_price,xgb_oof_train,flat,segment_model,2025-06-18 00:15:00,weekly,holiday_name_Mid-autumn Festival,0.0
day_ahead_price,xgb_oof_train,flat,segment_model,2025-06-18 00:15:00,weekly,holiday_name_National Day,0.0
day_ahead_price,xgb_oof_train,flat,segment_model,2025-06-18 00:15:00,weekly,holiday_name_New Year's Day,0.0
day_ahead_price,xgb_oof_train,flat,segment_model,2025-06-18 00:15:00,weekly,holiday_name_None,0.0
day_ahead_price,xgb_oof_train,flat,segment_model,2025-06-18 00:15:00,weekly,holiday_name_Spring Festival,0.0
day_ahead_price,xgb_oof_train,flat,segment_model,2025-06-18 00:15:00,weekly,holiday_name_Tomb-sweeping Day,0.0
day_ahead_price,xgb_oof_train,peak,segment_model,2025-06-18 00:15:00,weekly,lag_1,0.5386814475059509
day_ahead_price,xgb_oof_train,peak,segment_model,2025-06-18 00:15:00,weekly,lag_2,0.04045969992876053
day_ahead_price,xgb_oof_train,peak,segment_model,2025-06-18 00:15:00,weekly,lag_4,0.007582634687423706
day_ahead_price,xgb_oof_train,peak,segment_model,2025-06-18 00:15:00,weekly,lag_96,0.020470915362238884
day_ahead_price,xgb_oof_train,peak,segment_model,2025-06-18 00:15:00,weekly,lag_192,0.0031160288490355015
day_ahead_price,xgb_oof_train,peak,segment_model,2025-06-18 00:15:00,weekly,lag_672,0.005489550996571779
day_ahead_price,xgb_oof_train,peak,segment_model,2025-06-18 00:15:00,weekly,roll_mean_4,0.28091520071029663
day_ahead_price,xgb_oof_train,peak,segment_model,2025-06-18 00:15:00,weekly,roll_mean_16,0.013653977774083614
day_ahead_price,xgb_oof_train,peak,segment_model,2025-06-18 00:15:00,weekly,roll_mean_96,0.003937418106943369
day_ahead_price,xgb_oof_train,peak,segment_model,2025-06-18 00:15:00,weekly,roll_mean_672,0.004988653585314751
day_ahead_price,xgb_oof_train,peak,segment_model,2025-06-18 00:15:00,weekly,roll_std_96,0.007584665901958942
day_ahead_price,xgb_oof_train,peak,segment_model,2025-06-18 00:15:00,weekly,diff_1,0.014283377677202225
day_ahead_price,xgb_oof_train,peak,segment_model,2025-06-18 00:15:00,weekly,diff_96,0.007006859872490168
day_ahead_price,xgb_oof_train,peak,segment_model,2025-06-18 00:15:00,weekly,hour,0.006841348949819803
day_ahead_price,xgb_oof_train,peak,segment_model,2025-06-18 00:15:00,weekly,minute,0.004131220281124115
day_ahead_price,xgb_oof_train,peak,segment_model,2025-06-18 00:15:00,weekly,dayofweek,0.005631989799439907
day_ahead_price,xgb_oof_train,peak,segment_model,2025-06-18 00:15:00,weekly,slot96,0.007321762386709452
day_ahead_price,xgb_oof_train,peak,segment_model,2025-06-18 00:15:00,weekly,sin_slot96,0.00649938965216279
day_ahead_price,xgb_oof_train,peak,segment_model,2025-06-18 00:15:00,weekly,cos_slot96,0.0058455392718315125
day_ahead_price,xgb_oof_train,peak,segment_model,2025-06-18 00:15:00,weekly,is_holiday,0.0
day_ahead_price,xgb_oof_train,peak,segment_model,2025-06-18 00:15:00,weekly,is_workday,0.0
day_ahead_price,xgb_oof_train,peak,segment_model,2025-06-18 00:15:00,weekly,is_weekend,0.0
day_ahead_price,xgb_oof_train,peak,segment_model,2025-06-18 00:15:00,weekly,is_makeup_workday,0.0
day_ahead_price,xgb_oof_train,peak,segment_model,2025-06-18 00:15:00,weekly,before_holiday_1d,0.0
day_ahead_price,xgb_oof_train,peak,segment_model,2025-06-18 00:15:00,weekly,after_holiday_1d,0.011598235927522182
day_ahead_price,xgb_oof_train,peak,segment_model,2025-06-18 00:15:00,weekly,holiday_name_Dragon Boat Festival,0.0
day_ahead_price,xgb_oof_train,peak,segment_model,2025-06-18 00:15:00,weekly,holiday_name_Labour Day,0.0
day_ahead_price,xgb_oof_train,peak,segment_model,2025-06-18 00:15:00,weekly,holiday_name_Mid-autumn Festival,0.0
day_ahead_price,xgb_oof_train,peak,segment_model,2025-06-18 00:15:00,weekly,holiday_name_National Day,0.0
day_ahead_price,xgb_oof_train,peak,segment_model,2025-06-18 00:15:00,weekly,holiday_name_New Year's Day,0.0
day_ahead_price,xgb_oof_train,peak,segment_model,2025-06-18 00:15:00,weekly,holiday_name_None,0.0
day_ahead_price,xgb_oof_train,peak,segment_model,2025-06-18 00:15:00,weekly,holiday_name_Spring Festival,0.003960106521844864
day_ahead_price,xgb_oof_train,peak,segment_model,2025-06-18 00:15:00,weekly,holiday_name_Tomb-sweeping Day,0.0
day_ahead_price,xgb_oof_train,global,global_model,2025-06-25 00:15:00,weekly,lag_1,0.4929375648498535
day_ahead_price,xgb_oof_train,global,global_model,2025-06-25 00:15:00,weekly,lag_2,0.03153888136148453
day_ahead_price,xgb_oof_train,global,global_model,2025-06-25 00:15:00,weekly,lag_4,0.005071415100246668
day_ahead_price,xgb_oof_train,global,global_model,2025-06-25 00:15:00,weekly,lag_96,0.008001395501196384
day_ahead_price,xgb_oof_train,global,global_model,2025-06-25 00:15:00,weekly,lag_192,0.001924559473991394
day_ahead_price,xgb_oof_train,global,global_model,2025-06-25 00:15:00,weekly,lag_672,0.010679875500500202
day_ahead_price,xgb_oof_train,global,global_model,2025-06-25 00:15:00,weekly,roll_mean_4,0.32916468381881714
day_ahead_price,xgb_oof_train,global,global_model,2025-06-25 00:15:00,weekly,roll_mean_16,0.00394097063690424
day_ahead_price,xgb_oof_train,global,global_model,2025-06-25 00:15:00,weekly,roll_mean_96,0.0028882797341793776
day_ahead_price,xgb_oof_train,global,global_model,2025-06-25 00:15:00,weekly,roll_mean_672,0.007130477111786604
day_ahead_price,xgb_oof_train,global,global_model,2025-06-25 00:15:00,weekly,roll_std_96,0.0037484969943761826
day_ahead_price,xgb_oof_train,global,global_model,2025-06-25 00:15:00,weekly,diff_1,0.011839768849313259
day_ahead_price,xgb_oof_train,global,global_model,2025-06-25 00:15:00,weekly,diff_96,0.013404659926891327
day_ahead_price,xgb_oof_train,global,global_model,2025-06-25 00:15:00,weekly,hour,0.0033488390035927296
day_ahead_price,xgb_oof_train,global,global_model,2025-06-25 00:15:00,weekly,minute,0.00315694697201252
day_ahead_price,xgb_oof_train,global,global_model,2025-06-25 00:15:00,weekly,dayofweek,0.0009330514585599303
day_ahead_price,xgb_oof_train,global,global_model,2025-06-25 00:15:00,weekly,slot96,0.03063923679292202
day_ahead_price,xgb_oof_train,global,global_model,2025-06-25 00:15:00,weekly,sin_slot96,0.02225620672106743
day_ahead_price,xgb_oof_train,global,global_model,2025-06-25 00:15:00,weekly,cos_slot96,0.005793917458504438
day_ahead_price,xgb_oof_train,global,global_model,2025-06-25 00:15:00,weekly,is_holiday,0.003017342183738947
day_ahead_price,xgb_oof_train,global,global_model,2025-06-25 00:15:00,weekly,is_workday,0.0
day_ahead_price,xgb_oof_train,global,global_model,2025-06-25 00:15:00,weekly,is_weekend,0.0
day_ahead_price,xgb_oof_train,global,global_model,2025-06-25 00:15:00,weekly,is_makeup_workday,0.0
day_ahead_price,xgb_oof_train,global,global_model,2025-06-25 00:15:00,weekly,before_holiday_1d,0.0051530455239117146
day_ahead_price,xgb_oof_train,global,global_model,2025-06-25 00:15:00,weekly,after_holiday_1d,0.003430355805903673
day_ahead_price,xgb_oof_train,global,global_model,2025-06-25 00:15:00,weekly,holiday_name_Dragon Boat Festival,0.0
day_ahead_price,xgb_oof_train,global,global_model,2025-06-25 00:15:00,weekly,holiday_name_Labour Day,0.0
day_ahead_price,xgb_oof_train,global,global_model,2025-06-25 00:15:00,weekly,holiday_name_Mid-autumn Festival,0.0
day_ahead_price,xgb_oof_train,global,global_model,2025-06-25 00:15:00,weekly,holiday_name_National Day,0.0
day_ahead_price,xgb_oof_train,global,global_model,2025-06-25 00:15:00,weekly,holiday_name_New Year's Day,0.0
day_ahead_price,xgb_oof_train,global,global_model,2025-06-25 00:15:00,weekly,holiday_name_None,0.0
day_ahead_price,xgb_oof_train,global,global_model,2025-06-25 00:15:00,weekly,holiday_name_Spring Festival,0.0
day_ahead_price,xgb_oof_train,global,global_model,2025-06-25 00:15:00,weekly,holiday_name_Tomb-sweeping Day,0.0
day_ahead_price,xgb_oof_train,valley,segment_model,2025-06-25 00:15:00,weekly,lag_1,0.4949813485145569
day_ahead_price,xgb_oof_train,valley,segment_model,2025-06-25 00:15:00,weekly,lag_2,0.15440231561660767
day_ahead_price,xgb_oof_train,valley,segment_model,2025-06-25 00:15:00,weekly,lag_4,0.003199244849383831
day_ahead_price,xgb_oof_train,valley,segment_model,2025-06-25 00:15:00,weekly,lag_96,0.006480585318058729
day_ahead_price,xgb_oof_train,valley,segment_model,2025-06-25 00:15:00,weekly,lag_192,0.0028107971884310246
day_ahead_price,xgb_oof_train,valley,segment_model,2025-06-25 00:15:00,weekly,lag_672,0.0049314494244754314
day_ahead_price,xgb_oof_train,valley,segment_model,2025-06-25 00:15:00,weekly,roll_mean_4,0.25730761885643005
day_ahead_price,xgb_oof_train,valley,segment_model,2025-06-25 00:15:00,weekly,roll_mean_16,0.0034891250543296337
day_ahead_price,xgb_oof_train,valley,segment_model,2025-06-25 00:15:00,weekly,roll_mean_96,0.0067192018032073975
day_ahead_price,xgb_oof_train,valley,segment_model,2025-06-25 00:15:00,weekly,roll_mean_672,0.00549180805683136
day_ahead_price,xgb_oof_train,valley,segment_model,2025-06-25 00:15:00,weekly,roll_std_96,0.010825924575328827
day_ahead_price,xgb_oof_train,valley,segment_model,2025-06-25 00:15:00,weekly,diff_1,0.014617064036428928
day_ahead_price,xgb_oof_train,valley,segment_model,2025-06-25 00:15:00,weekly,diff_96,0.0035674460232257843
day_ahead_price,xgb_oof_train,valley,segment_model,2025-06-25 00:15:00,weekly,hour,0.0030508621130138636
day_ahead_price,xgb_oof_train,valley,segment_model,2025-06-25 00:15:00,weekly,minute,0.003384053474292159
day_ahead_price,xgb_oof_train,valley,segment_model,2025-06-25 00:15:00,weekly,dayofweek,0.002341605257242918
day_ahead_price,xgb_oof_train,valley,segment_model,2025-06-25 00:15:00,weekly,slot96,0.005143511574715376
day_ahead_price,xgb_oof_train,valley,segment_model,2025-06-25 00:15:00,weekly,sin_slot96,0.004068678244948387
day_ahead_price,xgb_oof_train,valley,segment_model,2025-06-25 00:15:00,weekly,cos_slot96,0.006881239823997021
day_ahead_price,xgb_oof_train,valley,segment_model,2025-06-25 00:15:00,weekly,is_holiday,0.0
day_ahead_price,xgb_oof_train,valley,segment_model,2025-06-25 00:15:00,weekly,is_workday,0.0
day_ahead_price,xgb_oof_train,valley,segment_model,2025-06-25 00:15:00,weekly,is_weekend,0.0
day_ahead_price,xgb_oof_train,valley,segment_model,2025-06-25 00:15:00,weekly,is_makeup_workday,0.0
day_ahead_price,xgb_oof_train,valley,segment_model,2025-06-25 00:15:00,weekly,before_holiday_1d,0.0
day_ahead_price,xgb_oof_train,valley,segment_model,2025-06-25 00:15:00,weekly,after_holiday_1d,0.0024708136916160583
day_ahead_price,xgb_oof_train,valley,segment_model,2025-06-25 00:15:00,weekly,holiday_name_Dragon Boat Festival,0.000536245119292289
day_ahead_price,xgb_oof_train,valley,segment_model,2025-06-25 00:15:00,weekly,holiday_name_Labour Day,0.0
day_ahead_price,xgb_oof_train,valley,segment_model,2025-06-25 00:15:00,weekly,holiday_name_Mid-autumn Festival,0.0
day_ahead_price,xgb_oof_train,valley,segment_model,2025-06-25 00:15:00,weekly,holiday_name_National Day,0.0
day_ahead_price,xgb_oof_train,valley,segment_model,2025-06-25 00:15:00,weekly,holiday_name_New Year's Day,0.0020446288399398327
day_ahead_price,xgb_oof_train,valley,segment_model,2025-06-25 00:15:00,weekly,holiday_name_None,0.001254391623660922
day_ahead_price,xgb_oof_train,valley,segment_model,2025-06-25 00:15:00,weekly,holiday_name_Spring Festival,0.0
day_ahead_price,xgb_oof_train,valley,segment_model,2025-06-25 00:15:00,weekly,holiday_name_Tomb-sweeping Day,0.0
day_ahead_price,xgb_oof_train,flat,segment_model,2025-06-25 00:15:00,weekly,lag_1,0.4514032304286957
day_ahead_price,xgb_oof_train,flat,segment_model,2025-06-25 00:15:00,weekly,lag_2,0.03154119476675987
day_ahead_price,xgb_oof_train,flat,segment_model,2025-06-25 00:15:00,weekly,lag_4,0.007045380771160126
day_ahead_price,xgb_oof_train,flat,segment_model,2025-06-25 00:15:00,weekly,lag_96,0.01370661985129118
day_ahead_price,xgb_oof_train,flat,segment_model,2025-06-25 00:15:00,weekly,lag_192,0.005873317830264568
day_ahead_price,xgb_oof_train,flat,segment_model,2025-06-25 00:15:00,weekly,lag_672,0.020007047802209854
day_ahead_price,xgb_oof_train,flat,segment_model,2025-06-25 00:15:00,weekly,roll_mean_4,0.21348129212856293
day_ahead_price,xgb_oof_train,flat,segment_model,2025-06-25 00:15:00,weekly,roll_mean_16,0.007073816377669573
day_ahead_price,xgb_oof_train,flat,segment_model,2025-06-25 00:15:00,weekly,roll_mean_96,0.011298879981040955
day_ahead_price,xgb_oof_train,flat,segment_model,2025-06-25 00:15:00,weekly,roll_mean_672,0.006142966914921999
day_ahead_price,xgb_oof_train,flat,segment_model,2025-06-25 00:15:00,weekly,roll_std_96,0.010146521963179111
day_ahead_price,xgb_oof_train,flat,segment_model,2025-06-25 00:15:00,weekly,diff_1,0.03631255030632019
day_ahead_price,xgb_oof_train,flat,segment_model,2025-06-25 00:15:00,weekly,diff_96,0.018150562420487404
day_ahead_price,xgb_oof_train,flat,segment_model,2025-06-25 00:15:00,weekly,hour,0.00519484281539917
day_ahead_price,xgb_oof_train,flat,segment_model,2025-06-25 00:15:00,weekly,minute,0.022601734846830368
day_ahead_price,xgb_oof_train,flat,segment_model,2025-06-25 00:15:00,weekly,dayofweek,0.0035280848387628794
day_ahead_price,xgb_oof_train,flat,segment_model,2025-06-25 00:15:00,weekly,slot96,0.036440249532461166
day_ahead_price,xgb_oof_train,flat,segment_model,2025-06-25 00:15:00,weekly,sin_slot96,0.07139591127634048
day_ahead_price,xgb_oof_train,flat,segment_model,2025-06-25 00:15:00,weekly,cos_slot96,0.006676941644400358
day_ahead_price,xgb_oof_train,flat,segment_model,2025-06-25 00:15:00,weekly,is_holiday,0.0
day_ahead_price,xgb_oof_train,flat,segment_model,2025-06-25 00:15:00,weekly,is_workday,0.0
day_ahead_price,xgb_oof_train,flat,segment_model,2025-06-25 00:15:00,weekly,is_weekend,0.0
day_ahead_price,xgb_oof_train,flat,segment_model,2025-06-25 00:15:00,weekly,is_makeup_workday,0.0
day_ahead_price,xgb_oof_train,flat,segment_model,2025-06-25 00:15:00,weekly,before_holiday_1d,0.00830408651381731
day_ahead_price,xgb_oof_train,flat,segment_model,2025-06-25 00:15:00,weekly,after_holiday_1d,0.013674798421561718
day_ahead_price,xgb_oof_train,flat,segment_model,2025-06-25 00:15:00,weekly,holiday_name_Dragon Boat Festival,0.0
day_ahead_price,xgb_oof_train,flat,segment_model,2025-06-25 00:15:00,weekly,holiday_name_Labour Day,0.0
day_ahead_price,xgb_oof_train,flat,segment_model,2025-06-25 00:15:00,weekly,holiday_name_Mid-autumn Festival,0.0
day_ahead_price,xgb_oof_train,flat,segment_model,2025-06-25 00:15:00,weekly,holiday_name_National Day,0.0
day_ahead_price,xgb_oof_train,flat,segment_model,2025-06-25 00:15:00,weekly,holiday_name_New Year's Day,0.0
day_ahead_price,xgb_oof_train,flat,segment_model,2025-06-25 00:15:00,weekly,holiday_name_None,0.0
day_ahead_price,xgb_oof_train,flat,segment_model,2025-06-25 00:15:00,weekly,holiday_name_Spring Festival,0.0
day_ahead_price,xgb_oof_train,flat,segment_model,2025-06-25 00:15:00,weekly,holiday_name_Tomb-sweeping Day,0.0
day_ahead_price,xgb_oof_train,peak,segment_model,2025-06-25 00:15:00,weekly,lag_1,0.5208867192268372
day_ahead_price,xgb_oof_train,peak,segment_model,2025-06-25 00:15:00,weekly,lag_2,0.03904426470398903
day_ahead_price,xgb_oof_train,peak,segment_model,2025-06-25 00:15:00,weekly,lag_4,0.005875015631318092
day_ahead_price,xgb_oof_train,peak,segment_model,2025-06-25 00:15:00,weekly,lag_96,0.015108052641153336
day_ahead_price,xgb_oof_train,peak,segment_model,2025-06-25 00:15:00,weekly,lag_192,0.0031471685506403446
day_ahead_price,xgb_oof_train,peak,segment_model,2025-06-25 00:15:00,weekly,lag_672,0.004885634407401085
day_ahead_price,xgb_oof_train,peak,segment_model,2025-06-25 00:15:00,weekly,roll_mean_4,0.3183843791484833
day_ahead_price,xgb_oof_train,peak,segment_model,2025-06-25 00:15:00,weekly,roll_mean_16,0.014938050881028175
day_ahead_price,xgb_oof_train,peak,segment_model,2025-06-25 00:15:00,weekly,roll_mean_96,0.0038268088828772306
day_ahead_price,xgb_oof_train,peak,segment_model,2025-06-25 00:15:00,weekly,roll_mean_672,0.00457675289362669
day_ahead_price,xgb_oof_train,peak,segment_model,2025-06-25 00:15:00,weekly,roll_std_96,0.0050756242126226425
day_ahead_price,xgb_oof_train,peak,segment_model,2025-06-25 00:15:00,weekly,diff_1,0.009358090348541737
day_ahead_price,xgb_oof_train,peak,segment_model,2025-06-25 00:15:00,weekly,diff_96,0.009536984376609325
day_ahead_price,xgb_oof_train,peak,segment_model,2025-06-25 00:15:00,weekly,hour,0.006842465605586767
day_ahead_price,xgb_oof_train,peak,segment_model,2025-06-25 00:15:00,weekly,minute,0.0029854357708245516
day_ahead_price,xgb_oof_train,peak,segment_model,2025-06-25 00:15:00,weekly,dayofweek,0.006166671868413687
day_ahead_price,xgb_oof_train,peak,segment_model,2025-06-25 00:15:00,weekly,slot96,0.0060428231954574585
day_ahead_price,xgb_oof_train,peak,segment_model,2025-06-25 00:15:00,weekly,sin_slot96,0.005350545048713684
day_ahead_price,xgb_oof_train,peak,segment_model,2025-06-25 00:15:00,weekly,cos_slot96,0.005287106614559889
day_ahead_price,xgb_oof_train,peak,segment_model,2025-06-25 00:15:00,weekly,is_holiday,0.0
day_ahead_price,xgb_oof_train,peak,segment_model,2025-06-25 00:15:00,weekly,is_workday,0.0
day_ahead_price,xgb_oof_train,peak,segment_model,2025-06-25 00:15:00,weekly,is_weekend,0.0
day_ahead_price,xgb_oof_train,peak,segment_model,2025-06-25 00:15:00,weekly,is_makeup_workday,0.0
day_ahead_price,xgb_oof_train,peak,segment_model,2025-06-25 00:15:00,weekly,before_holiday_1d,0.0
day_ahead_price,xgb_oof_train,peak,segment_model,2025-06-25 00:15:00,weekly,after_holiday_1d,0.008860446512699127
day_ahead_price,xgb_oof_train,peak,segment_model,2025-06-25 00:15:00,weekly,holiday_name_Dragon Boat Festival,0.0
day_ahead_price,xgb_oof_train,peak,segment_model,2025-06-25 00:15:00,weekly,holiday_name_Labour Day,0.0
day_ahead_price,xgb_oof_train,peak,segment_model,2025-06-25 00:15:00,weekly,holiday_name_Mid-autumn Festival,0.0
day_ahead_price,xgb_oof_train,peak,segment_model,2025-06-25 00:15:00,weekly,holiday_name_National Day,0.0
day_ahead_price,xgb_oof_train,peak,segment_model,2025-06-25 00:15:00,weekly,holiday_name_New Year's Day,0.0
day_ahead_price,xgb_oof_train,peak,segment_model,2025-06-25 00:15:00,weekly,holiday_name_None,0.0
day_ahead_price,xgb_oof_train,peak,segment_model,2025-06-25 00:15:00,weekly,holiday_name_Spring Festival,0.0038208835758268833
day_ahead_price,xgb_oof_train,peak,segment_model,2025-06-25 00:15:00,weekly,holiday_name_Tomb-sweeping Day,0.0
day_ahead_price,xgb_oof_train,global,global_model,2025-07-02 00:15:00,weekly,lag_1,0.47938933968544006
day_ahead_price,xgb_oof_train,global,global_model,2025-07-02 00:15:00,weekly,lag_2,0.028880706056952477
day_ahead_price,xgb_oof_train,global,global_model,2025-07-02 00:15:00,weekly,lag_4,0.0038561539258807898
day_ahead_price,xgb_oof_train,global,global_model,2025-07-02 00:15:00,weekly,lag_96,0.013202880509197712
day_ahead_price,xgb_oof_train,global,global_model,2025-07-02 00:15:00,weekly,lag_192,0.005644811782985926
day_ahead_price,xgb_oof_train,global,global_model,2025-07-02 00:15:00,weekly,lag_672,0.006972732488065958
day_ahead_price,xgb_oof_train,global,global_model,2025-07-02 00:15:00,weekly,roll_mean_4,0.32767748832702637
day_ahead_price,xgb_oof_train,global,global_model,2025-07-02 00:15:00,weekly,roll_mean_16,0.005140761844813824
day_ahead_price,xgb_oof_train,global,global_model,2025-07-02 00:15:00,weekly,roll_mean_96,0.0031505469232797623
day_ahead_price,xgb_oof_train,global,global_model,2025-07-02 00:15:00,weekly,roll_mean_672,0.0013417074223980308
day_ahead_price,xgb_oof_train,global,global_model,2025-07-02 00:15:00,weekly,roll_std_96,0.004263651091605425
day_ahead_price,xgb_oof_train,global,global_model,2025-07-02 00:15:00,weekly,diff_1,0.010605604387819767
day_ahead_price,xgb_oof_train,global,global_model,2025-07-02 00:15:00,weekly,diff_96,0.01829875446856022
day_ahead_price,xgb_oof_train,global,global_model,2025-07-02 00:15:00,weekly,hour,0.0027377367950975895
day_ahead_price,xgb_oof_train,global,global_model,2025-07-02 00:15:00,weekly,minute,0.011096044443547726
day_ahead_price,xgb_oof_train,global,global_model,2025-07-02 00:15:00,weekly,dayofweek,0.001186965499073267
day_ahead_price,xgb_oof_train,global,global_model,2025-07-02 00:15:00,weekly,slot96,0.03036230430006981
day_ahead_price,xgb_oof_train,global,global_model,2025-07-02 00:15:00,weekly,sin_slot96,0.020302316173911095
day_ahead_price,xgb_oof_train,global,global_model,2025-07-02 00:15:00,weekly,cos_slot96,0.005615201313048601
day_ahead_price,xgb_oof_train,global,global_model,2025-07-02 00:15:00,weekly,is_holiday,0.0
day_ahead_price,xgb_oof_train,global,global_model,2025-07-02 00:15:00,weekly,is_workday,0.0
day_ahead_price,xgb_oof_train,global,global_model,2025-07-02 00:15:00,weekly,is_weekend,0.0
day_ahead_price,xgb_oof_train,global,global_model,2025-07-02 00:15:00,weekly,is_makeup_workday,0.0
day_ahead_price,xgb_oof_train,global,global_model,2025-07-02 00:15:00,weekly,before_holiday_1d,0.0005979754496365786
day_ahead_price,xgb_oof_train,global,global_model,2025-07-02 00:15:00,weekly,after_holiday_1d,0.019676318392157555
day_ahead_price,xgb_oof_train,global,global_model,2025-07-02 00:15:00,weekly,holiday_name_Dragon Boat Festival,0.0
day_ahead_price,xgb_oof_train,global,global_model,2025-07-02 00:15:00,weekly,holiday_name_Labour Day,0.0
day_ahead_price,xgb_oof_train,global,global_model,2025-07-02 00:15:00,weekly,holiday_name_Mid-autumn Festival,0.0
day_ahead_price,xgb_oof_train,global,global_model,2025-07-02 00:15:00,weekly,holiday_name_National Day,0.0
day_ahead_price,xgb_oof_train,global,global_model,2025-07-02 00:15:00,weekly,holiday_name_New Year's Day,0.0
day_ahead_price,xgb_oof_train,global,global_model,2025-07-02 00:15:00,weekly,holiday_name_None,0.0
day_ahead_price,xgb_oof_train,global,global_model,2025-07-02 00:15:00,weekly,holiday_name_Spring Festival,0.0
day_ahead_price,xgb_oof_train,global,global_model,2025-07-02 00:15:00,weekly,holiday_name_Tomb-sweeping Day,0.0
day_ahead_price,xgb_oof_train,valley,segment_model,2025-07-02 00:15:00,weekly,lag_1,0.5117122530937195
day_ahead_price,xgb_oof_train,valley,segment_model,2025-07-02 00:15:00,weekly,lag_2,0.140406996011734
day_ahead_price,xgb_oof_train,valley,segment_model,2025-07-02 00:15:00,weekly,lag_4,0.003180281026288867
day_ahead_price,xgb_oof_train,valley,segment_model,2025-07-02 00:15:00,weekly,lag_96,0.006087867543101311
day_ahead_price,xgb_oof_train,valley,segment_model,2025-07-02 00:15:00,weekly,lag_192,0.0035095117054879665
day_ahead_price,xgb_oof_train,valley,segment_model,2025-07-02 00:15:00,weekly,lag_672,0.0061693643219769
day_ahead_price,xgb_oof_train,valley,segment_model,2025-07-02 00:15:00,weekly,roll_mean_4,0.2580200135707855
day_ahead_price,xgb_oof_train,valley,segment_model,2025-07-02 00:15:00,weekly,roll_mean_16,0.004662948194891214
day_ahead_price,xgb_oof_train,valley,segment_model,2025-07-02 00:15:00,weekly,roll_mean_96,0.006353259086608887
day_ahead_price,xgb_oof_train,valley,segment_model,2025-07-02 00:15:00,weekly,roll_mean_672,0.005535618402063847
day_ahead_price,xgb_oof_train,valley,segment_model,2025-07-02 00:15:00,weekly,roll_std_96,0.011649681255221367
day_ahead_price,xgb_oof_train,valley,segment_model,2025-07-02 00:15:00,weekly,diff_1,0.013287888839840889
day_ahead_price,xgb_oof_train,valley,segment_model,2025-07-02 00:15:00,weekly,diff_96,0.0039482214488089085
day_ahead_price,xgb_oof_train,valley,segment_model,2025-07-02 00:15:00,weekly,hour,0.005489325150847435
day_ahead_price,xgb_oof_train,valley,segment_model,2025-07-02 00:15:00,weekly,minute,0.0037369620986282825
day_ahead_price,xgb_oof_train,valley,segment_model,2025-07-02 00:15:00,weekly,dayofweek,0.0002511091879568994
day_ahead_price,xgb_oof_train,valley,segment_model,2025-07-02 00:15:00,weekly,slot96,0.005883629433810711
day_ahead_price,xgb_oof_train,valley,segment_model,2025-07-02 00:15:00,weekly,sin_slot96,0.004292111378163099
day_ahead_price,xgb_oof_train,valley,segment_model,2025-07-02 00:15:00,weekly,cos_slot96,0.003881594631820917
day_ahead_price,xgb_oof_train,valley,segment_model,2025-07-02 00:15:00,weekly,is_holiday,0.0
day_ahead_price,xgb_oof_train,valley,segment_model,2025-07-02 00:15:00,weekly,is_workday,0.0
day_ahead_price,xgb_oof_train,valley,segment_model,2025-07-02 00:15:00,weekly,is_weekend,0.0
day_ahead_price,xgb_oof_train,valley,segment_model,2025-07-02 00:15:00,weekly,is_makeup_workday,0.0
day_ahead_price,xgb_oof_train,valley,segment_model,2025-07-02 00:15:00,weekly,before_holiday_1d,0.0
day_ahead_price,xgb_oof_train,valley,segment_model,2025-07-02 00:15:00,weekly,after_holiday_1d,0.0
day_ahead_price,xgb_oof_train,valley,segment_model,2025-07-02 00:15:00,weekly,holiday_name_Dragon Boat Festival,0.0
day_ahead_price,xgb_oof_train,valley,segment_model,2025-07-02 00:15:00,weekly,holiday_name_Labour Day,0.0
day_ahead_price,xgb_oof_train,valley,segment_model,2025-07-02 00:15:00,weekly,holiday_name_Mid-autumn Festival,0.0
day_ahead_price,xgb_oof_train,valley,segment_model,2025-07-02 00:15:00,weekly,holiday_name_National Day,0.0
day_ahead_price,xgb_oof_train,valley,segment_model,2025-07-02 00:15:00,weekly,holiday_name_New Year's Day,0.0017086867010220885
day_ahead_price,xgb_oof_train,valley,segment_model,2025-07-02 00:15:00,weekly,holiday_name_None,0.00023272754333447665
day_ahead_price,xgb_oof_train,valley,segment_model,2025-07-02 00:15:00,weekly,holiday_name_Spring Festival,0.0
day_ahead_price,xgb_oof_train,valley,segment_model,2025-07-02 00:15:00,weekly,holiday_name_Tomb-sweeping Day,0.0
day_ahead_price,xgb_oof_train,flat,segment_model,2025-07-02 00:15:00,weekly,lag_1,0.437688946723938
day_ahead_price,xgb_oof_train,flat,segment_model,2025-07-02 00:15:00,weekly,lag_2,0.09516959637403488
day_ahead_price,xgb_oof_train,flat,segment_model,2025-07-02 00:15:00,weekly,lag_4,0.006512844003736973
day_ahead_price,xgb_oof_train,flat,segment_model,2025-07-02 00:15:00,weekly,lag_96,0.015237243846058846
day_ahead_price,xgb_oof_train,flat,segment_model,2025-07-02 00:15:00,weekly,lag_192,0.011096538044512272
day_ahead_price,xgb_oof_train,flat,segment_model,2025-07-02 00:15:00,weekly,lag_672,0.016842804849147797
day_ahead_price,xgb_oof_train,flat,segment_model,2025-07-02 00:15:00,weekly,roll_mean_4,0.11526336520910263
day_ahead_price,xgb_oof_train,flat,segment_model,2025-07-02 00:15:00,weekly,roll_mean_16,0.01217718981206417
day_ahead_price,xgb_oof_train,flat,segment_model,2025-07-02 00:15:00,weekly,roll_mean_96,0.01134562585502863
day_ahead_price,xgb_oof_train,flat,segment_model,2025-07-02 00:15:00,weekly,roll_mean_672,0.0060375649482011795
day_ahead_price,xgb_oof_train,flat,segment_model,2025-07-02 00:15:00,weekly,roll_std_96,0.012095794081687927
day_ahead_price,xgb_oof_train,flat,segment_model,2025-07-02 00:15:00,weekly,diff_1,0.03255094960331917
day_ahead_price,xgb_oof_train,flat,segment_model,2025-07-02 00:15:00,weekly,diff_96,0.02463587559759617
day_ahead_price,xgb_oof_train,flat,segment_model,2025-07-02 00:15:00,weekly,hour,0.009320287965238094
day_ahead_price,xgb_oof_train,flat,segment_model,2025-07-02 00:15:00,weekly,minute,0.023022446781396866
day_ahead_price,xgb_oof_train,flat,segment_model,2025-07-02 00:15:00,weekly,dayofweek,0.0066473111510276794
day_ahead_price,xgb_oof_train,flat,segment_model,2025-07-02 00:15:00,weekly,slot96,0.039216507226228714
day_ahead_price,xgb_oof_train,flat,segment_model,2025-07-02 00:15:00,weekly,sin_slot96,0.08335641771554947
day_ahead_price,xgb_oof_train,flat,segment_model,2025-07-02 00:15:00,weekly,cos_slot96,0.006711998023092747
day_ahead_price,xgb_oof_train,flat,segment_model,2025-07-02 00:15:00,weekly,is_holiday,0.004245263058692217
day_ahead_price,xgb_oof_train,flat,segment_model,2025-07-02 00:15:00,weekly,is_workday,0.0
day_ahead_price,xgb_oof_train,flat,segment_model,2025-07-02 00:15:00,weekly,is_weekend,0.01375534851104021
day_ahead_price,xgb_oof_train,flat,segment_model,2025-07-02 00:15:00,weekly,is_makeup_workday,0.0002777920162770897
day_ahead_price,xgb_oof_train,flat,segment_model,2025-07-02 00:15:00,weekly,before_holiday_1d,0.009873269125819206
day_ahead_price,xgb_oof_train,flat,segment_model,2025-07-02 00:15:00,weekly,after_holiday_1d,0.006919064559042454
day_ahead_price,xgb_oof_train,flat,segment_model,2025-07-02 00:15:00,weekly,holiday_name_Dragon Boat Festival,0.0
day_ahead_price,xgb_oof_train,flat,segment_model,2025-07-02 00:15:00,weekly,holiday_name_Labour Day,0.0
day_ahead_price,xgb_oof_train,flat,segment_model,2025-07-02 00:15:00,weekly,holiday_name_Mid-autumn Festival,0.0
day_ahead_price,xgb_oof_train,flat,segment_model,2025-07-02 00:15:00,weekly,holiday_name_National Day,0.0
day_ahead_price,xgb_oof_train,flat,segment_model,2025-07-02 00:15:00,weekly,holiday_name_New Year's Day,0.0
day_ahead_price,xgb_oof_train,flat,segment_model,2025-07-02 00:15:00,weekly,holiday_name_None,0.0
day_ahead_price,xgb_oof_train,flat,segment_model,2025-07-02 00:15:00,weekly,holiday_name_Spring Festival,0.0
day_ahead_price,xgb_oof_train,flat,segment_model,2025-07-02 00:15:00,weekly,holiday_name_Tomb-sweeping Day,0.0
day_ahead_price,xgb_oof_train,peak,segment_model,2025-07-02 00:15:00,weekly,lag_1,0.5113284587860107
day_ahead_price,xgb_oof_train,peak,segment_model,2025-07-02 00:15:00,weekly,lag_2,0.024238696321845055
day_ahead_price,xgb_oof_train,peak,segment_model,2025-07-02 00:15:00,weekly,lag_4,0.006340383552014828
day_ahead_price,xgb_oof_train,peak,segment_model,2025-07-02 00:15:00,weekly,lag_96,0.021610066294670105
day_ahead_price,xgb_oof_train,peak,segment_model,2025-07-02 00:15:00,weekly,lag_192,0.0041123866103589535
day_ahead_price,xgb_oof_train,peak,segment_model,2025-07-02 00:15:00,weekly,lag_672,0.0056638456881046295
day_ahead_price,xgb_oof_train,peak,segment_model,2025-07-02 00:15:00,weekly,roll_mean_4,0.3316757380962372
day_ahead_price,xgb_oof_train,peak,segment_model,2025-07-02 00:15:00,weekly,roll_mean_16,0.005427100695669651
day_ahead_price,xgb_oof_train,peak,segment_model,2025-07-02 00:15:00,weekly,roll_mean_96,0.007187284994870424
day_ahead_price,xgb_oof_train,peak,segment_model,2025-07-02 00:15:00,weekly,roll_mean_672,0.00542379729449749
day_ahead_price,xgb_oof_train,peak,segment_model,2025-07-02 00:15:00,weekly,roll_std_96,0.005798795726150274
day_ahead_price,xgb_oof_train,peak,segment_model,2025-07-02 00:15:00,weekly,diff_1,0.011547152884304523
day_ahead_price,xgb_oof_train,peak,segment_model,2025-07-02 00:15:00,weekly,diff_96,0.009905276820063591
day_ahead_price,xgb_oof_train,peak,segment_model,2025-07-02 00:15:00,weekly,hour,0.011642556637525558
day_ahead_price,xgb_oof_train,peak,segment_model,2025-07-02 00:15:00,weekly,minute,0.0005846586427651346
day_ahead_price,xgb_oof_train,peak,segment_model,2025-07-02 00:15:00,weekly,dayofweek,0.004954607225954533
day_ahead_price,xgb_oof_train,peak,segment_model,2025-07-02 00:15:00,weekly,slot96,0.005742300301790237
day_ahead_price,xgb_oof_train,peak,segment_model,2025-07-02 00:15:00,weekly,sin_slot96,0.014493298716843128
day_ahead_price,xgb_oof_train,peak,segment_model,2025-07-02 00:15:00,weekly,cos_slot96,0.004955843091011047
day_ahead_price,xgb_oof_train,peak,segment_model,2025-07-02 00:15:00,weekly,is_holiday,0.0
day_ahead_price,xgb_oof_train,peak,segment_model,2025-07-02 00:15:00,weekly,is_workday,0.0
day_ahead_price,xgb_oof_train,peak,segment_model,2025-07-02 00:15:00,weekly,is_weekend,0.0
day_ahead_price,xgb_oof_train,peak,segment_model,2025-07-02 00:15:00,weekly,is_makeup_workday,0.0
day_ahead_price,xgb_oof_train,peak,segment_model,2025-07-02 00:15:00,weekly,before_holiday_1d,0.0007659655530005693
day_ahead_price,xgb_oof_train,peak,segment_model,2025-07-02 00:15:00,weekly,after_holiday_1d,0.001956447958946228
day_ahead_price,xgb_oof_train,peak,segment_model,2025-07-02 00:15:00,weekly,holiday_name_Dragon Boat Festival,0.0
day_ahead_price,xgb_oof_train,peak,segment_model,2025-07-02 00:15:00,weekly,holiday_name_Labour Day,0.0
day_ahead_price,xgb_oof_train,peak,segment_model,2025-07-02 00:15:00,weekly,holiday_name_Mid-autumn Festival,0.0
day_ahead_price,xgb_oof_train,peak,segment_model,2025-07-02 00:15:00,weekly,holiday_name_National Day,0.0
day_ahead_price,xgb_oof_train,peak,segment_model,2025-07-02 00:15:00,weekly,holiday_name_New Year's Day,0.0
day_ahead_price,xgb_oof_train,peak,segment_model,2025-07-02 00:15:00,weekly,holiday_name_None,0.0008156035910360515
day_ahead_price,xgb_oof_train,peak,segment_model,2025-07-02 00:15:00,weekly,holiday_name_Spring Festival,0.0038298023864626884
day_ahead_price,xgb_oof_train,peak,segment_model,2025-07-02 00:15:00,weekly,holiday_name_Tomb-sweeping Day,0.0
day_ahead_price,xgb_oof_train,global,global_model,2025-07-09 00:15:00,weekly,lag_1,0.4666541814804077
day_ahead_price,xgb_oof_train,global,global_model,2025-07-09 00:15:00,weekly,lag_2,0.021309610456228256
day_ahead_price,xgb_oof_train,global,global_model,2025-07-09 00:15:00,weekly,lag_4,0.005963441915810108
day_ahead_price,xgb_oof_train,global,global_model,2025-07-09 00:15:00,weekly,lag_96,0.017475830391049385
day_ahead_price,xgb_oof_train,global,global_model,2025-07-09 00:15:00,weekly,lag_192,0.007607756648212671
day_ahead_price,xgb_oof_train,global,global_model,2025-07-09 00:15:00,weekly,lag_672,0.015184084884822369
day_ahead_price,xgb_oof_train,global,global_model,2025-07-09 00:15:00,weekly,roll_mean_4,0.3403751850128174
day_ahead_price,xgb_oof_train,global,global_model,2025-07-09 00:15:00,weekly,roll_mean_16,0.00664979824796319
day_ahead_price,xgb_oof_train,global,global_model,2025-07-09 00:15:00,weekly,roll_mean_96,0.004702820908278227
day_ahead_price,xgb_oof_train,global,global_model,2025-07-09 00:15:00,weekly,roll_mean_672,0.0041280160658061504
day_ahead_price,xgb_oof_train,global,global_model,2025-07-09 00:15:00,weekly,roll_std_96,0.003860685508698225
day_ahead_price,xgb_oof_train,global,global_model,2025-07-09 00:15:00,weekly,diff_1,0.009847775101661682
day_ahead_price,xgb_oof_train,global,global_model,2025-07-09 00:15:00,weekly,diff_96,0.013379255309700966
day_ahead_price,xgb_oof_train,global,global_model,2025-07-09 00:15:00,weekly,hour,0.002641164232045412
day_ahead_price,xgb_oof_train,global,global_model,2025-07-09 00:15:00,weekly,minute,0.0048014516942203045
day_ahead_price,xgb_oof_train,global,global_model,2025-07-09 00:15:00,weekly,dayofweek,0.005019730888307095
day_ahead_price,xgb_oof_train,global,global_model,2025-07-09 00:15:00,weekly,slot96,0.026725774630904198
day_ahead_price,xgb_oof_train,global,global_model,2025-07-09 00:15:00,weekly,sin_slot96,0.01760278083384037
day_ahead_price,xgb_oof_train,global,global_model,2025-07-09 00:15:00,weekly,cos_slot96,0.0056383502669632435
day_ahead_price,xgb_oof_train,global,global_model,2025-07-09 00:15:00,weekly,is_holiday,0.0
day_ahead_price,xgb_oof_train,global,global_model,2025-07-09 00:15:00,weekly,is_workday,0.0
day_ahead_price,xgb_oof_train,global,global_model,2025-07-09 00:15:00,weekly,is_weekend,0.0
day_ahead_price,xgb_oof_train,global,global_model,2025-07-09 00:15:00,weekly,is_makeup_workday,0.0
day_ahead_price,xgb_oof_train,global,global_model,2025-07-09 00:15:00,weekly,before_holiday_1d,0.0123053640127182
day_ahead_price,xgb_oof_train,global,global_model,2025-07-09 00:15:00,weekly,after_holiday_1d,0.008127004839479923
day_ahead_price,xgb_oof_train,global,global_model,2025-07-09 00:15:00,weekly,holiday_name_Dragon Boat Festival,0.0
day_ahead_price,xgb_oof_train,global,global_model,2025-07-09 00:15:00,weekly,holiday_name_Labour Day,0.0
day_ahead_price,xgb_oof_train,global,global_model,2025-07-09 00:15:00,weekly,holiday_name_Mid-autumn Festival,0.0
day_ahead_price,xgb_oof_train,global,global_model,2025-07-09 00:15:00,weekly,holiday_name_National Day,0.0
day_ahead_price,xgb_oof_train,global,global_model,2025-07-09 00:15:00,weekly,holiday_name_New Year's Day,0.0
day_ahead_price,xgb_oof_train,global,global_model,2025-07-09 00:15:00,weekly,holiday_name_None,0.0
day_ahead_price,xgb_oof_train,global,global_model,2025-07-09 00:15:00,weekly,holiday_name_Spring Festival,0.0
day_ahead_price,xgb_oof_train,global,global_model,2025-07-09 00:15:00,weekly,holiday_name_Tomb-sweeping Day,0.0
day_ahead_price,xgb_oof_train,valley,segment_model,2025-07-09 00:15:00,weekly,lag_1,0.5072157382965088
day_ahead_price,xgb_oof_train,valley,segment_model,2025-07-09 00:15:00,weekly,lag_2,0.16897878050804138
day_ahead_price,xgb_oof_train,valley,segment_model,2025-07-09 00:15:00,weekly,lag_4,0.004094461444765329
day_ahead_price,xgb_oof_train,valley,segment_model,2025-07-09 00:15:00,weekly,lag_96,0.0055133574642241
day_ahead_price,xgb_oof_train,valley,segment_model,2025-07-09 00:15:00,weekly,lag_192,0.004749495070427656
day_ahead_price,xgb_oof_train,valley,segment_model,2025-07-09 00:15:00,weekly,lag_672,0.007682849653065205
day_ahead_price,xgb_oof_train,valley,segment_model,2025-07-09 00:15:00,weekly,roll_mean_4,0.2136206328868866
day_ahead_price,xgb_oof_train,valley,segment_model,2025-07-09 00:15:00,weekly,roll_mean_16,0.0027172791305929422
day_ahead_price,xgb_oof_train,valley,segment_model,2025-07-09 00:15:00,weekly,roll_mean_96,0.007224739994853735
day_ahead_price,xgb_oof_train,valley,segment_model,2025-07-09 00:15:00,weekly,roll_mean_672,0.007059942930936813
day_ahead_price,xgb_oof_train,valley,segment_model,2025-07-09 00:15:00,weekly,roll_std_96,0.011181983165442944
day_ahead_price,xgb_oof_train,valley,segment_model,2025-07-09 00:15:00,weekly,diff_1,0.013835764490067959
day_ahead_price,xgb_oof_train,valley,segment_model,2025-07-09 00:15:00,weekly,diff_96,0.0038347067311406136
day_ahead_price,xgb_oof_train,valley,segment_model,2025-07-09 00:15:00,weekly,hour,0.004712446592748165
day_ahead_price,xgb_oof_train,valley,segment_model,2025-07-09 00:15:00,weekly,minute,0.005238818004727364
day_ahead_price,xgb_oof_train,valley,segment_model,2025-07-09 00:15:00,weekly,dayofweek,0.003034574445337057
day_ahead_price,xgb_oof_train,valley,segment_model,2025-07-09 00:15:00,weekly,slot96,0.006769966334104538
day_ahead_price,xgb_oof_train,valley,segment_model,2025-07-09 00:15:00,weekly,sin_slot96,0.0044863722287118435
day_ahead_price,xgb_oof_train,valley,segment_model,2025-07-09 00:15:00,weekly,cos_slot96,0.004779087845236063
day_ahead_price,xgb_oof_train,valley,segment_model,2025-07-09 00:15:00,weekly,is_holiday,0.0
day_ahead_price,xgb_oof_train,valley,segment_model,2025-07-09 00:15:00,weekly,is_workday,0.0
day_ahead_price,xgb_oof_train,valley,segment_model,2025-07-09 00:15:00,weekly,is_weekend,0.0
day_ahead_price,xgb_oof_train,valley,segment_model,2025-07-09 00:15:00,weekly,is_makeup_workday,0.0
day_ahead_price,xgb_oof_train,valley,segment_model,2025-07-09 00:15:00,weekly,before_holiday_1d,0.0
day_ahead_price,xgb_oof_train,valley,segment_model,2025-07-09 00:15:00,weekly,after_holiday_1d,0.005547789391130209
day_ahead_price,xgb_oof_train,valley,segment_model,2025-07-09 00:15:00,weekly,holiday_name_Dragon Boat Festival,0.0
day_ahead_price,xgb_oof_train,valley,segment_model,2025-07-09 00:15:00,weekly,holiday_name_Labour Day,0.0
day_ahead_price,xgb_oof_train,valley,segment_model,2025-07-09 00:15:00,weekly,holiday_name_Mid-autumn Festival,0.0
day_ahead_price,xgb_oof_train,valley,segment_model,2025-07-09 00:15:00,weekly,holiday_name_National Day,0.0
day_ahead_price,xgb_oof_train,valley,segment_model,2025-07-09 00:15:00,weekly,holiday_name_New Year's Day,0.0023933821357786655
day_ahead_price,xgb_oof_train,valley,segment_model,2025-07-09 00:15:00,weekly,holiday_name_None,0.002248569158837199
day_ahead_price,xgb_oof_train,valley,segment_model,2025-07-09 00:15:00,weekly,holiday_name_Spring Festival,0.003079224145039916
day_ahead_price,xgb_oof_train,valley,segment_model,2025-07-09 00:15:00,weekly,holiday_name_Tomb-sweeping Day,0.0
day_ahead_price,xgb_oof_train,flat,segment_model,2025-07-09 00:15:00,weekly,lag_1,0.47681930661201477
day_ahead_price,xgb_oof_train,flat,segment_model,2025-07-09 00:15:00,weekly,lag_2,0.06863454729318619
day_ahead_price,xgb_oof_train,flat,segment_model,2025-07-09 00:15:00,weekly,lag_4,0.008158139884471893
day_ahead_price,xgb_oof_train,flat,segment_model,2025-07-09 00:15:00,weekly,lag_96,0.015579098835587502
day_ahead_price,xgb_oof_train,flat,segment_model,2025-07-09 00:15:00,weekly,lag_192,0.009613720700144768
day_ahead_price,xgb_oof_train,flat,segment_model,2025-07-09 00:15:00,weekly,lag_672,0.006624402943998575
day_ahead_price,xgb_oof_train,flat,segment_model,2025-07-09 00:15:00,weekly,roll_mean_4,0.1276448518037796
day_ahead_price,xgb_oof_train,flat,segment_model,2025-07-09 00:15:00,weekly,roll_mean_16,0.011006901040673256
day_ahead_price,xgb_oof_train,flat,segment_model,2025-07-09 00:15:00,weekly,roll_mean_96,0.008144887164235115
day_ahead_price,xgb_oof_train,flat,segment_model,2025-07-09 00:15:00,weekly,roll_mean_672,0.00706168357282877
day_ahead_price,xgb_oof_train,flat,segment_model,2025-07-09 00:15:00,weekly,roll_std_96,0.011885167099535465
day_ahead_price,xgb_oof_train,flat,segment_model,2025-07-09 00:15:00,weekly,diff_1,0.033185988664627075
day_ahead_price,xgb_oof_train,flat,segment_model,2025-07-09 00:15:00,weekly,diff_96,0.021534720435738564
day_ahead_price,xgb_oof_train,flat,segment_model,2025-07-09 00:15:00,weekly,hour,0.005898461677134037
day_ahead_price,xgb_oof_train,flat,segment_model,2025-07-09 00:15:00,weekly,minute,0.024625012651085854
day_ahead_price,xgb_oof_train,flat,segment_model,2025-07-09 00:15:00,weekly,dayofweek,0.005256681703031063
day_ahead_price,xgb_oof_train,flat,segment_model,2025-07-09 00:15:00,weekly,slot96,0.04294152557849884
day_ahead_price,xgb_oof_train,flat,segment_model,2025-07-09 00:15:00,weekly,sin_slot96,0.07600156962871552
day_ahead_price,xgb_oof_train,flat,segment_model,2025-07-09 00:15:00,weekly,cos_slot96,0.0067772031761705875
day_ahead_price,xgb_oof_train,flat,segment_model,2025-07-09 00:15:00,weekly,is_holiday,0.0
day_ahead_price,xgb_oof_train,flat,segment_model,2025-07-09 00:15:00,weekly,is_workday,0.0
day_ahead_price,xgb_oof_train,flat,segment_model,2025-07-09 00:15:00,weekly,is_weekend,0.0
day_ahead_price,xgb_oof_train,flat,segment_model,2025-07-09 00:15:00,weekly,is_makeup_workday,0.0
day_ahead_price,xgb_oof_train,flat,segment_model,2025-07-09 00:15:00,weekly,before_holiday_1d,0.014193898998200893
day_ahead_price,xgb_oof_train,flat,segment_model,2025-07-09 00:15:00,weekly,after_holiday_1d,0.01841231808066368
day_ahead_price,xgb_oof_train,flat,segment_model,2025-07-09 00:15:00,weekly,holiday_name_Dragon Boat Festival,0.0
day_ahead_price,xgb_oof_train,flat,segment_model,2025-07-09 00:15:00,weekly,holiday_name_Labour Day,0.0
day_ahead_price,xgb_oof_train,flat,segment_model,2025-07-09 00:15:00,weekly,holiday_name_Mid-autumn Festival,0.0
day_ahead_price,xgb_oof_train,flat,segment_model,2025-07-09 00:15:00,weekly,holiday_name_National Day,0.0
day_ahead_price,xgb_oof_train,flat,segment_model,2025-07-09 00:15:00,weekly,holiday_name_New Year's Day,0.0
day_ahead_price,xgb_oof_train,flat,segment_model,2025-07-09 00:15:00,weekly,holiday_name_None,0.0
day_ahead_price,xgb_oof_train,flat,segment_model,2025-07-09 00:15:00,weekly,holiday_name_Spring Festival,0.0
day_ahead_price,xgb_oof_train,flat,segment_model,2025-07-09 00:15:00,weekly,holiday_name_Tomb-sweeping Day,0.0
day_ahead_price,xgb_oof_train,peak,segment_model,2025-07-09 00:15:00,weekly,lag_1,0.5351250767707825
day_ahead_price,xgb_oof_train,peak,segment_model,2025-07-09 00:15:00,weekly,lag_2,0.014297801069915295
day_ahead_price,xgb_oof_train,peak,segment_model,2025-07-09 00:15:00,weekly,lag_4,0.005899516399949789
day_ahead_price,xgb_oof_train,peak,segment_model,2025-07-09 00:15:00,weekly,lag_96,0.020657846704125404
day_ahead_price,xgb_oof_train,peak,segment_model,2025-07-09 00:15:00,weekly,lag_192,0.00581316975876689
day_ahead_price,xgb_oof_train,peak,segment_model,2025-07-09 00:15:00,weekly,lag_672,0.006875696592032909
day_ahead_price,xgb_oof_train,peak,segment_model,2025-07-09 00:15:00,weekly,roll_mean_4,0.29535555839538574
day_ahead_price,xgb_oof_train,peak,segment_model,2025-07-09 00:15:00,weekly,roll_mean_16,0.004747082944959402
day_ahead_price,xgb_oof_train,peak,segment_model,2025-07-09 00:15:00,weekly,roll_mean_96,0.004689161665737629
day_ahead_price,xgb_oof_train,peak,segment_model,2025-07-09 00:15:00,weekly,roll_mean_672,0.0071092345751821995
day_ahead_price,xgb_oof_train,peak,segment_model,2025-07-09 00:15:00,weekly,roll_std_96,0.006243448238819838
day_ahead_price,xgb_oof_train,peak,segment_model,2025-07-09 00:15:00,weekly,diff_1,0.01734181120991707
day_ahead_price,xgb_oof_train,peak,segment_model,2025-07-09 00:15:00,weekly,diff_96,0.010894134640693665
day_ahead_price,xgb_oof_train,peak,segment_model,2025-07-09 00:15:00,weekly,hour,0.008175532333552837
day_ahead_price,xgb_oof_train,peak,segment_model,2025-07-09 00:15:00,weekly,minute,0.0016272751381620765
day_ahead_price,xgb_oof_train,peak,segment_model,2025-07-09 00:15:00,weekly,dayofweek,0.00575231621041894
day_ahead_price,xgb_oof_train,peak,segment_model,2025-07-09 00:15:00,weekly,slot96,0.00716035719960928
day_ahead_price,xgb_oof_train,peak,segment_model,2025-07-09 00:15:00,weekly,sin_slot96,0.030155867338180542
day_ahead_price,xgb_oof_train,peak,segment_model,2025-07-09 00:15:00,weekly,cos_slot96,0.006434090435504913
day_ahead_price,xgb_oof_train,peak,segment_model,2025-07-09 00:15:00,weekly,is_holiday,0.0
day_ahead_price,xgb_oof_train,peak,segment_model,2025-07-09 00:15:00,weekly,is_workday,0.0
day_ahead_price,xgb_oof_train,peak,segment_model,2025-07-09 00:15:00,weekly,is_weekend,0.0
day_ahead_price,xgb_oof_train,peak,segment_model,2025-07-09 00:15:00,weekly,is_makeup_workday,0.0
day_ahead_price,xgb_oof_train,peak,segment_model,2025-07-09 00:15:00,weekly,before_holiday_1d,0.0008438571821898222
day_ahead_price,xgb_oof_train,peak,segment_model,2025-07-09 00:15:00,weekly,after_holiday_1d,0.0
day_ahead_price,xgb_oof_train,peak,segment_model,2025-07-09 00:15:00,weekly,holiday_name_Dragon Boat Festival,0.0
day_ahead_price,xgb_oof_train,peak,segment_model,2025-07-09 00:15:00,weekly,holiday_name_Labour Day,0.0
day_ahead_price,xgb_oof_train,peak,segment_model,2025-07-09 00:15:00,weekly,holiday_name_Mid-autumn Festival,0.0
day_ahead_price,xgb_oof_train,peak,segment_model,2025-07-09 00:15:00,weekly,holiday_name_National Day,0.0
day_ahead_price,xgb_oof_train,peak,segment_model,2025-07-09 00:15:00,weekly,holiday_name_New Year's Day,0.0
day_ahead_price,xgb_oof_train,peak,segment_model,2025-07-09 00:15:00,weekly,holiday_name_None,0.0010402200277894735
day_ahead_price,xgb_oof_train,peak,segment_model,2025-07-09 00:15:00,weekly,holiday_name_Spring Festival,0.0035719419829547405
day_ahead_price,xgb_oof_train,peak,segment_model,2025-07-09 00:15:00,weekly,holiday_name_Tomb-sweeping Day,0.00018907802586909384
day_ahead_price,xgb_oof_train,global,global_model,2025-07-16 00:15:00,weekly,lag_1,0.48154646158218384
day_ahead_price,xgb_oof_train,global,global_model,2025-07-16 00:15:00,weekly,lag_2,0.010365918278694153
day_ahead_price,xgb_oof_train,global,global_model,2025-07-16 00:15:00,weekly,lag_4,0.004497474990785122
day_ahead_price,xgb_oof_train,global,global_model,2025-07-16 00:15:00,weekly,lag_96,0.02029518038034439
day_ahead_price,xgb_oof_train,global,global_model,2025-07-16 00:15:00,weekly,lag_192,0.009930319152772427
day_ahead_price,xgb_oof_train,global,global_model,2025-07-16 00:15:00,weekly,lag_672,0.011416302062571049
day_ahead_price,xgb_oof_train,global,global_model,2025-07-16 00:15:00,weekly,roll_mean_4,0.33155661821365356
day_ahead_price,xgb_oof_train,global,global_model,2025-07-16 00:15:00,weekly,roll_mean_16,0.011377028189599514
day_ahead_price,xgb_oof_train,global,global_model,2025-07-16 00:15:00,weekly,roll_mean_96,0.006421237252652645
day_ahead_price,xgb_oof_train,global,global_model,2025-07-16 00:15:00,weekly,roll_mean_672,0.008126290515065193
day_ahead_price,xgb_oof_train,global,global_model,2025-07-16 00:15:00,weekly,roll_std_96,0.010169479995965958
day_ahead_price,xgb_oof_train,global,global_model,2025-07-16 00:15:00,weekly,diff_1,0.010095400735735893
day_ahead_price,xgb_oof_train,global,global_model,2025-07-16 00:15:00,weekly,diff_96,0.009184920229017735
day_ahead_price,xgb_oof_train,global,global_model,2025-07-16 00:15:00,weekly,hour,0.00507373409345746
day_ahead_price,xgb_oof_train,global,global_model,2025-07-16 00:15:00,weekly,minute,0.0061959391459822655
day_ahead_price,xgb_oof_train,global,global_model,2025-07-16 00:15:00,weekly,dayofweek,0.010252843610942364
day_ahead_price,xgb_oof_train,global,global_model,2025-07-16 00:15:00,weekly,slot96,0.024248657748103142
day_ahead_price,xgb_oof_train,global,global_model,2025-07-16 00:15:00,weekly,sin_slot96,0.016028745099902153
day_ahead_price,xgb_oof_train,global,global_model,2025-07-16 00:15:00,weekly,cos_slot96,0.004922746680676937
day_ahead_price,xgb_oof_train,global,global_model,2025-07-16 00:15:00,weekly,is_holiday,0.0
day_ahead_price,xgb_oof_train,global,global_model,2025-07-16 00:15:00,weekly,is_workday,0.0
day_ahead_price,xgb_oof_train,global,global_model,2025-07-16 00:15:00,weekly,is_weekend,0.0
day_ahead_price,xgb_oof_train,global,global_model,2025-07-16 00:15:00,weekly,is_makeup_workday,0.0
day_ahead_price,xgb_oof_train,global,global_model,2025-07-16 00:15:00,weekly,before_holiday_1d,0.008294673636555672
day_ahead_price,xgb_oof_train,global,global_model,2025-07-16 00:15:00,weekly,after_holiday_1d,0.0
day_ahead_price,xgb_oof_train,global,global_model,2025-07-16 00:15:00,weekly,holiday_name_Dragon Boat Festival,0.0
day_ahead_price,xgb_oof_train,global,global_model,2025-07-16 00:15:00,weekly,holiday_name_Labour Day,0.0
day_ahead_price,xgb_oof_train,global,global_model,2025-07-16 00:15:00,weekly,holiday_name_Mid-autumn Festival,0.0
day_ahead_price,xgb_oof_train,global,global_model,2025-07-16 00:15:00,weekly,holiday_name_National Day,0.0
day_ahead_price,xgb_oof_train,global,global_model,2025-07-16 00:15:00,weekly,holiday_name_New Year's Day,0.0
day_ahead_price,xgb_oof_train,global,global_model,2025-07-16 00:15:00,weekly,holiday_name_None,0.0
day_ahead_price,xgb_oof_train,global,global_model,2025-07-16 00:15:00,weekly,holiday_name_Spring Festival,0.0
day_ahead_price,xgb_oof_train,global,global_model,2025-07-16 00:15:00,weekly,holiday_name_Tomb-sweeping Day,0.0
day_ahead_price,xgb_oof_train,valley,segment_model,2025-07-16 00:15:00,weekly,lag_1,0.5028204917907715
day_ahead_price,xgb_oof_train,valley,segment_model,2025-07-16 00:15:00,weekly,lag_2,0.12445767968893051
day_ahead_price,xgb_oof_train,valley,segment_model,2025-07-16 00:15:00,weekly,lag_4,0.0029038276989012957
day_ahead_price,xgb_oof_train,valley,segment_model,2025-07-16 00:15:00,weekly,lag_96,0.00568871945142746
day_ahead_price,xgb_oof_train,valley,segment_model,2025-07-16 00:15:00,weekly,lag_192,0.0030420315451920033
day_ahead_price,xgb_oof_train,valley,segment_model,2025-07-16 00:15:00,weekly,lag_672,0.00474616838619113
day_ahead_price,xgb_oof_train,valley,segment_model,2025-07-16 00:15:00,weekly,roll_mean_4,0.2772778272628784
day_ahead_price,xgb_oof_train,valley,segment_model,2025-07-16 00:15:00,weekly,roll_mean_16,0.0023499734234064817
day_ahead_price,xgb_oof_train,valley,segment_model,2025-07-16 00:15:00,weekly,roll_mean_96,0.004022303037345409
day_ahead_price,xgb_oof_train,valley,segment_model,2025-07-16 00:15:00,weekly,roll_mean_672,0.0063738529570400715
day_ahead_price,xgb_oof_train,valley,segment_model,2025-07-16 00:15:00,weekly,roll_std_96,0.012825283221900463
day_ahead_price,xgb_oof_train,valley,segment_model,2025-07-16 00:15:00,weekly,diff_1,0.014265098609030247
day_ahead_price,xgb_oof_train,valley,segment_model,2025-07-16 00:15:00,weekly,diff_96,0.003569735214114189
day_ahead_price,xgb_oof_train,valley,segment_model,2025-07-16 00:15:00,weekly,hour,0.004688333719968796
day_ahead_price,xgb_oof_train,valley,segment_model,2025-07-16 00:15:00,weekly,minute,0.006532165687531233
day_ahead_price,xgb_oof_train,valley,segment_model,2025-07-16 00:15:00,weekly,dayofweek,0.005012169014662504
day_ahead_price,xgb_oof_train,valley,segment_model,2025-07-16 00:15:00,weekly,slot96,0.005365810357034206
day_ahead_price,xgb_oof_train,valley,segment_model,2025-07-16 00:15:00,weekly,sin_slot96,0.004820804577320814
day_ahead_price,xgb_oof_train,valley,segment_model,2025-07-16 00:15:00,weekly,cos_slot96,0.003136234823614359
day_ahead_price,xgb_oof_train,valley,segment_model,2025-07-16 00:15:00,weekly,is_holiday,0.00232694111764431
day_ahead_price,xgb_oof_train,valley,segment_model,2025-07-16 00:15:00,weekly,is_workday,0.0
day_ahead_price,xgb_oof_train,valley,segment_model,2025-07-16 00:15:00,weekly,is_weekend,0.0
day_ahead_price,xgb_oof_train,valley,segment_model,2025-07-16 00:15:00,weekly,is_makeup_workday,0.0
day_ahead_price,xgb_oof_train,valley,segment_model,2025-07-16 00:15:00,weekly,before_holiday_1d,0.0
day_ahead_price,xgb_oof_train,valley,segment_model,2025-07-16 00:15:00,weekly,after_holiday_1d,0.0
day_ahead_price,xgb_oof_train,valley,segment_model,2025-07-16 00:15:00,weekly,holiday_name_Dragon Boat Festival,0.0
day_ahead_price,xgb_oof_train,valley,segment_model,2025-07-16 00:15:00,weekly,holiday_name_Labour Day,0.0
day_ahead_price,xgb_oof_train,valley,segment_model,2025-07-16 00:15:00,weekly,holiday_name_Mid-autumn Festival,0.0
day_ahead_price,xgb_oof_train,valley,segment_model,2025-07-16 00:15:00,weekly,holiday_name_National Day,0.0
day_ahead_price,xgb_oof_train,valley,segment_model,2025-07-16 00:15:00,weekly,holiday_name_New Year's Day,0.0020166230387985706
day_ahead_price,xgb_oof_train,valley,segment_model,2025-07-16 00:15:00,weekly,holiday_name_None,0.001757972757332027
day_ahead_price,xgb_oof_train,valley,segment_model,2025-07-16 00:15:00,weekly,holiday_name_Spring Festival,0.0
day_ahead_price,xgb_oof_train,valley,segment_model,2025-07-16 00:15:00,weekly,holiday_name_Tomb-sweeping Day,0.0
day_ahead_price,xgb_oof_train,flat,segment_model,2025-07-16 00:15:00,weekly,lag_1,0.45685991644859314
day_ahead_price,xgb_oof_train,flat,segment_model,2025-07-16 00:15:00,weekly,lag_2,0.06929841637611389
day_ahead_price,xgb_oof_train,flat,segment_model,2025-07-16 00:15:00,weekly,lag_4,0.00923596229404211
day_ahead_price,xgb_oof_train,flat,segment_model,2025-07-16 00:15:00,weekly,lag_96,0.015833640471100807
day_ahead_price,xgb_oof_train,flat,segment_model,2025-07-16 00:15:00,weekly,lag_192,0.006011513061821461
day_ahead_price,xgb_oof_train,flat,segment_model,2025-07-16 00:15:00,weekly,lag_672,0.009380429051816463
day_ahead_price,xgb_oof_train,flat,segment_model,2025-07-16 00:15:00,weekly,roll_mean_4,0.13805414736270905
day_ahead_price,xgb_oof_train,flat,segment_model,2025-07-16 00:15:00,weekly,roll_mean_16,0.011710606515407562
day_ahead_price,xgb_oof_train,flat,segment_model,2025-07-16 00:15:00,weekly,roll_mean_96,0.010836680419743061
day_ahead_price,xgb_oof_train,flat,segment_model,2025-07-16 00:15:00,weekly,roll_mean_672,0.009106860496103764
day_ahead_price,xgb_oof_train,flat,segment_model,2025-07-16 00:15:00,weekly,roll_std_96,0.013178376480937004
day_ahead_price,xgb_oof_train,flat,segment_model,2025-07-16 00:15:00,weekly,diff_1,0.031545527279376984
day_ahead_price,xgb_oof_train,flat,segment_model,2025-07-16 00:15:00,weekly,diff_96,0.022646185010671616
day_ahead_price,xgb_oof_train,flat,segment_model,2025-07-16 00:15:00,weekly,hour,0.009946544654667377
day_ahead_price,xgb_oof_train,flat,segment_model,2025-07-16 00:15:00,weekly,minute,0.02088228426873684
day_ahead_price,xgb_oof_train,flat,segment_model,2025-07-16 00:15:00,weekly,dayofweek,0.008872391656041145
day_ahead_price,xgb_oof_train,flat,segment_model,2025-07-16 00:15:00,weekly,slot96,0.03562592342495918
day_ahead_price,xgb_oof_train,flat,segment_model,2025-07-16 00:15:00,weekly,sin_slot96,0.07975546270608902
day_ahead_price,xgb_oof_train,flat,segment_model,2025-07-16 00:15:00,weekly,cos_slot96,0.006564790848642588
day_ahead_price,xgb_oof_train,flat,segment_model,2025-07-16 00:15:00,weekly,is_holiday,0.0054062847048044205
day_ahead_price,xgb_oof_train,flat,segment_model,2025-07-16 00:15:00,weekly,is_workday,0.0
day_ahead_price,xgb_oof_train,flat,segment_model,2025-07-16 00:15:00,weekly,is_weekend,0.0
day_ahead_price,xgb_oof_train,flat,segment_model,2025-07-16 00:15:00,weekly,is_makeup_workday,0.0005538613186217844
day_ahead_price,xgb_oof_train,flat,segment_model,2025-07-16 00:15:00,weekly,before_holiday_1d,0.01105465553700924
day_ahead_price,xgb_oof_train,flat,segment_model,2025-07-16 00:15:00,weekly,after_holiday_1d,0.01763947494328022
day_ahead_price,xgb_oof_train,flat,segment_model,2025-07-16 00:15:00,weekly,holiday_name_Dragon Boat Festival,0.0
day_ahead_price,xgb_oof_train,flat,segment_model,2025-07-16 00:15:00,weekly,holiday_name_Labour Day,0.0
day_ahead_price,xgb_oof_train,flat,segment_model,2025-07-16 00:15:00,weekly,holiday_name_Mid-autumn Festival,0.0
day_ahead_price,xgb_oof_train,flat,segment_model,2025-07-16 00:15:00,weekly,holiday_name_National Day,0.0
day_ahead_price,xgb_oof_train,flat,segment_model,2025-07-16 00:15:00,weekly,holiday_name_New Year's Day,0.0
day_ahead_price,xgb_oof_train,flat,segment_model,2025-07-16 00:15:00,weekly,holiday_name_None,0.0
day_ahead_price,xgb_oof_train,flat,segment_model,2025-07-16 00:15:00,weekly,holiday_name_Spring Festival,0.0
day_ahead_price,xgb_oof_train,flat,segment_model,2025-07-16 00:15:00,weekly,holiday_name_Tomb-sweeping Day,0.0
day_ahead_price,xgb_oof_train,peak,segment_model,2025-07-16 00:15:00,weekly,lag_1,0.5217605829238892
day_ahead_price,xgb_oof_train,peak,segment_model,2025-07-16 00:15:00,weekly,lag_2,0.0169089175760746
day_ahead_price,xgb_oof_train,peak,segment_model,2025-07-16 00:15:00,weekly,lag_4,0.0064942906610667706
day_ahead_price,xgb_oof_train,peak,segment_model,2025-07-16 00:15:00,weekly,lag_96,0.022636165842413902
day_ahead_price,xgb_oof_train,peak,segment_model,2025-07-16 00:15:00,weekly,lag_192,0.004915099591016769
day_ahead_price,xgb_oof_train,peak,segment_model,2025-07-16 00:15:00,weekly,lag_672,0.006687435321509838
day_ahead_price,xgb_oof_train,peak,segment_model,2025-07-16 00:15:00,weekly,roll_mean_4,0.3089144229888916
day_ahead_price,xgb_oof_train,peak,segment_model,2025-07-16 00:15:00,weekly,roll_mean_16,0.008583899587392807
day_ahead_price,xgb_oof_train,peak,segment_model,2025-07-16 00:15:00,weekly,roll_mean_96,0.007329119369387627
day_ahead_price,xgb_oof_train,peak,segment_model,2025-07-16 00:15:00,weekly,roll_mean_672,0.005023543257266283
day_ahead_price,xgb_oof_train,peak,segment_model,2025-07-16 00:15:00,weekly,roll_std_96,0.005182722583413124
day_ahead_price,xgb_oof_train,peak,segment_model,2025-07-16 00:15:00,weekly,diff_1,0.015558511950075626
day_ahead_price,xgb_oof_train,peak,segment_model,2025-07-16 00:15:00,weekly,diff_96,0.008466203697025776
day_ahead_price,xgb_oof_train,peak,segment_model,2025-07-16 00:15:00,weekly,hour,0.0077905007638037205
day_ahead_price,xgb_oof_train,peak,segment_model,2025-07-16 00:15:00,weekly,minute,0.0030088003259152174
day_ahead_price,xgb_oof_train,peak,segment_model,2025-07-16 00:15:00,weekly,dayofweek,0.003812377341091633
day_ahead_price,xgb_oof_train,peak,segment_model,2025-07-16 00:15:00,weekly,slot96,0.0077368030324578285
day_ahead_price,xgb_oof_train,peak,segment_model,2025-07-16 00:15:00,weekly,sin_slot96,0.028879601508378983
day_ahead_price,xgb_oof_train,peak,segment_model,2025-07-16 00:15:00,weekly,cos_slot96,0.0058916909620165825
day_ahead_price,xgb_oof_train,peak,segment_model,2025-07-16 00:15:00,weekly,is_holiday,0.0
day_ahead_price,xgb_oof_train,peak,segment_model,2025-07-16 00:15:00,weekly,is_workday,0.0
day_ahead_price,xgb_oof_train,peak,segment_model,2025-07-16 00:15:00,weekly,is_weekend,0.0
day_ahead_price,xgb_oof_train,peak,segment_model,2025-07-16 00:15:00,weekly,is_makeup_workday,0.0
day_ahead_price,xgb_oof_train,peak,segment_model,2025-07-16 00:15:00,weekly,before_holiday_1d,0.0
day_ahead_price,xgb_oof_train,peak,segment_model,2025-07-16 00:15:00,weekly,after_holiday_1d,0.0039813825860619545
day_ahead_price,xgb_oof_train,peak,segment_model,2025-07-16 00:15:00,weekly,holiday_name_Dragon Boat Festival,0.0
day_ahead_price,xgb_oof_train,peak,segment_model,2025-07-16 00:15:00,weekly,holiday_name_Labour Day,0.0
day_ahead_price,xgb_oof_train,peak,segment_model,2025-07-16 00:15:00,weekly,holiday_name_Mid-autumn Festival,0.0
day_ahead_price,xgb_oof_train,peak,segment_model,2025-07-16 00:15:00,weekly,holiday_name_National Day,0.0
day_ahead_price,xgb_oof_train,peak,segment_model,2025-07-16 00:15:00,weekly,holiday_name_New Year's Day,0.0
day_ahead_price,xgb_oof_train,peak,segment_model,2025-07-16 00:15:00,weekly,holiday_name_None,0.00043792842188850045
day_ahead_price,xgb_oof_train,peak,segment_model,2025-07-16 00:15:00,weekly,holiday_name_Spring Festival,0.0
day_ahead_price,xgb_oof_train,peak,segment_model,2025-07-16 00:15:00,weekly,holiday_name_Tomb-sweeping Day,0.0
day_ahead_price,xgb_oof_train,global,global_model,2025-07-23 00:15:00,weekly,lag_1,0.46853622794151306
day_ahead_price,xgb_oof_train,global,global_model,2025-07-23 00:15:00,weekly,lag_2,0.010088619776070118
day_ahead_price,xgb_oof_train,global,global_model,2025-07-23 00:15:00,weekly,lag_4,0.004089819733053446
day_ahead_price,xgb_oof_train,global,global_model,2025-07-23 00:15:00,weekly,lag_96,0.015657886862754822
day_ahead_price,xgb_oof_train,global,global_model,2025-07-23 00:15:00,weekly,lag_192,0.008391161449253559
day_ahead_price,xgb_oof_train,global,global_model,2025-07-23 00:15:00,weekly,lag_672,0.014268562197685242
day_ahead_price,xgb_oof_train,global,global_model,2025-07-23 00:15:00,weekly,roll_mean_4,0.33151358366012573
day_ahead_price,xgb_oof_train,global,global_model,2025-07-23 00:15:00,weekly,roll_mean_16,0.008110083639621735
day_ahead_price,xgb_oof_train,global,global_model,2025-07-23 00:15:00,weekly,roll_mean_96,0.005927139427512884
day_ahead_price,xgb_oof_train,global,global_model,2025-07-23 00:15:00,weekly,roll_mean_672,0.007217574864625931
day_ahead_price,xgb_oof_train,global,global_model,2025-07-23 00:15:00,weekly,roll_std_96,0.006253106519579887
day_ahead_price,xgb_oof_train,global,global_model,2025-07-23 00:15:00,weekly,diff_1,0.009624381549656391
day_ahead_price,xgb_oof_train,global,global_model,2025-07-23 00:15:00,weekly,diff_96,0.022420734167099
day_ahead_price,xgb_oof_train,global,global_model,2025-07-23 00:15:00,weekly,hour,0.003199916332960129
day_ahead_price,xgb_oof_train,global,global_model,2025-07-23 00:15:00,weekly,minute,0.015045193955302238
day_ahead_price,xgb_oof_train,global,global_model,2025-07-23 00:15:00,weekly,dayofweek,0.003871409222483635
day_ahead_price,xgb_oof_train,global,global_model,2025-07-23 00:15:00,weekly,slot96,0.019045963883399963
day_ahead_price,xgb_oof_train,global,global_model,2025-07-23 00:15:00,weekly,sin_slot96,0.015964260324835777
day_ahead_price,xgb_oof_train,global,global_model,2025-07-23 00:15:00,weekly,cos_slot96,0.005748920142650604
day_ahead_price,xgb_oof_train,global,global_model,2025-07-23 00:15:00,weekly,is_holiday,0.0
day_ahead_price,xgb_oof_train,global,global_model,2025-07-23 00:15:00,weekly,is_workday,0.0
day_ahead_price,xgb_oof_train,global,global_model,2025-07-23 00:15:00,weekly,is_weekend,0.0
day_ahead_price,xgb_oof_train,global,global_model,2025-07-23 00:15:00,weekly,is_makeup_workday,0.0
day_ahead_price,xgb_oof_train,global,global_model,2025-07-23 00:15:00,weekly,before_holiday_1d,0.005457285325974226
day_ahead_price,xgb_oof_train,global,global_model,2025-07-23 00:15:00,weekly,after_holiday_1d,0.017418362200260162
day_ahead_price,xgb_oof_train,global,global_model,2025-07-23 00:15:00,weekly,holiday_name_Dragon Boat Festival,0.0
day_ahead_price,xgb_oof_train,global,global_model,2025-07-23 00:15:00,weekly,holiday_name_Labour Day,0.0
day_ahead_price,xgb_oof_train,global,global_model,2025-07-23 00:15:00,weekly,holiday_name_Mid-autumn Festival,0.0
day_ahead_price,xgb_oof_train,global,global_model,2025-07-23 00:15:00,weekly,holiday_name_National Day,0.0
day_ahead_price,xgb_oof_train,global,global_model,2025-07-23 00:15:00,weekly,holiday_name_New Year's Day,0.0
day_ahead_price,xgb_oof_train,global,global_model,2025-07-23 00:15:00,weekly,holiday_name_None,0.0
day_ahead_price,xgb_oof_train,global,global_model,2025-07-23 00:15:00,weekly,holiday_name_Spring Festival,0.0021497677080333233
day_ahead_price,xgb_oof_train,global,global_model,2025-07-23 00:15:00,weekly,holiday_name_Tomb-sweeping Day,0.0
day_ahead_price,xgb_oof_train,valley,segment_model,2025-07-23 00:15:00,weekly,lag_1,0.529369592666626
day_ahead_price,xgb_oof_train,valley,segment_model,2025-07-23 00:15:00,weekly,lag_2,0.11837617307901382
day_ahead_price,xgb_oof_train,valley,segment_model,2025-07-23 00:15:00,weekly,lag_4,0.0029984773136675358
day_ahead_price,xgb_oof_train,valley,segment_model,2025-07-23 00:15:00,weekly,lag_96,0.006290210876613855
day_ahead_price,xgb_oof_train,valley,segment_model,2025-07-23 00:15:00,weekly,lag_192,0.003710406366735697
day_ahead_price,xgb_oof_train,valley,segment_model,2025-07-23 00:15:00,weekly,lag_672,0.0054718065075576305
day_ahead_price,xgb_oof_train,valley,segment_model,2025-07-23 00:15:00,weekly,roll_mean_4,0.2558136582374573
day_ahead_price,xgb_oof_train,valley,segment_model,2025-07-23 00:15:00,weekly,roll_mean_16,0.003549000481143594
day_ahead_price,xgb_oof_train,valley,segment_model,2025-07-23 00:15:00,weekly,roll_mean_96,0.005683004856109619
day_ahead_price,xgb_oof_train,valley,segment_model,2025-07-23 00:15:00,weekly,roll_mean_672,0.006096281111240387
day_ahead_price,xgb_oof_train,valley,segment_model,2025-07-23 00:15:00,weekly,roll_std_96,0.012877652421593666
day_ahead_price,xgb_oof_train,valley,segment_model,2025-07-23 00:15:00,weekly,diff_1,0.01374122966080904
day_ahead_price,xgb_oof_train,valley,segment_model,2025-07-23 00:15:00,weekly,diff_96,0.003222676692530513
day_ahead_price,xgb_oof_train,valley,segment_model,2025-07-23 00:15:00,weekly,hour,0.004280346445739269
day_ahead_price,xgb_oof_train,valley,segment_model,2025-07-23 00:15:00,weekly,minute,0.004801310133188963
day_ahead_price,xgb_oof_train,valley,segment_model,2025-07-23 00:15:00,weekly,dayofweek,0.0020302664488554
day_ahead_price,xgb_oof_train,valley,segment_model,2025-07-23 00:15:00,weekly,slot96,0.006537103559821844
day_ahead_price,xgb_oof_train,valley,segment_model,2025-07-23 00:15:00,weekly,sin_slot96,0.005819087848067284
day_ahead_price,xgb_oof_train,valley,segment_model,2025-07-23 00:15:00,weekly,cos_slot96,0.0015249523567035794
day_ahead_price,xgb_oof_train,valley,segment_model,2025-07-23 00:15:00,weekly,is_holiday,0.004681355319917202
day_ahead_price,xgb_oof_train,valley,segment_model,2025-07-23 00:15:00,weekly,is_workday,0.0
day_ahead_price,xgb_oof_train,valley,segment_model,2025-07-23 00:15:00,weekly,is_weekend,0.0
day_ahead_price,xgb_oof_train,valley,segment_model,2025-07-23 00:15:00,weekly,is_makeup_workday,0.0
day_ahead_price,xgb_oof_train,valley,segment_model,2025-07-23 00:15:00,weekly,before_holiday_1d,0.0
day_ahead_price,xgb_oof_train,valley,segment_model,2025-07-23 00:15:00,weekly,after_holiday_1d,0.0
day_ahead_price,xgb_oof_train,valley,segment_model,2025-07-23 00:15:00,weekly,holiday_name_Dragon Boat Festival,0.0
day_ahead_price,xgb_oof_train,valley,segment_model,2025-07-23 00:15:00,weekly,holiday_name_Labour Day,0.0
day_ahead_price,xgb_oof_train,valley,segment_model,2025-07-23 00:15:00,weekly,holiday_name_Mid-autumn Festival,0.0
day_ahead_price,xgb_oof_train,valley,segment_model,2025-07-23 00:15:00,weekly,holiday_name_National Day,0.0
day_ahead_price,xgb_oof_train,valley,segment_model,2025-07-23 00:15:00,weekly,holiday_name_New Year's Day,0.0021919405553489923
day_ahead_price,xgb_oof_train,valley,segment_model,2025-07-23 00:15:00,weekly,holiday_name_None,0.0009335195063613355
day_ahead_price,xgb_oof_train,valley,segment_model,2025-07-23 00:15:00,weekly,holiday_name_Spring Festival,0.0
day_ahead_price,xgb_oof_train,valley,segment_model,2025-07-23 00:15:00,weekly,holiday_name_Tomb-sweeping Day,0.0
day_ahead_price,xgb_oof_train,flat,segment_model,2025-07-23 00:15:00,weekly,lag_1,0.4636751711368561
day_ahead_price,xgb_oof_train,flat,segment_model,2025-07-23 00:15:00,weekly,lag_2,0.07698444277048111
day_ahead_price,xgb_oof_train,flat,segment_model,2025-07-23 00:15:00,weekly,lag_4,0.0082998713478446
day_ahead_price,xgb_oof_train,flat,segment_model,2025-07-23 00:15:00,weekly,lag_96,0.01602746732532978
day_ahead_price,xgb_oof_train,flat,segment_model,2025-07-23 00:15:00,weekly,lag_192,0.013646635226905346
day_ahead_price,xgb_oof_train,flat,segment_model,2025-07-23 00:15:00,weekly,lag_672,0.00836840271949768
day_ahead_price,xgb_oof_train,flat,segment_model,2025-07-23 00:15:00,weekly,roll_mean_4,0.13292314112186432
day_ahead_price,xgb_oof_train,flat,segment_model,2025-07-23 00:15:00,weekly,roll_mean_16,0.010497497394680977
day_ahead_price,xgb_oof_train,flat,segment_model,2025-07-23 00:15:00,weekly,roll_mean_96,0.009666353464126587
day_ahead_price,xgb_oof_train,flat,segment_model,2025-07-23 00:15:00,weekly,roll_mean_672,0.004966124426573515
day_ahead_price,xgb_oof_train,flat,segment_model,2025-07-23 00:15:00,weekly,roll_std_96,0.007623570505529642
day_ahead_price,xgb_oof_train,flat,segment_model,2025-07-23 00:15:00,weekly,diff_1,0.031083140522241592
day_ahead_price,xgb_oof_train,flat,segment_model,2025-07-23 00:15:00,weekly,diff_96,0.0322708897292614
day_ahead_price,xgb_oof_train,flat,segment_model,2025-07-23 00:15:00,weekly,hour,0.00460411049425602
day_ahead_price,xgb_oof_train,flat,segment_model,2025-07-23 00:15:00,weekly,minute,0.021571746096014977
day_ahead_price,xgb_oof_train,flat,segment_model,2025-07-23 00:15:00,weekly,dayofweek,0.005380595568567514
day_ahead_price,xgb_oof_train,flat,segment_model,2025-07-23 00:15:00,weekly,slot96,0.0455562099814415
day_ahead_price,xgb_oof_train,flat,segment_model,2025-07-23 00:15:00,weekly,sin_slot96,0.09007631242275238
day_ahead_price,xgb_oof_train,flat,segment_model,2025-07-23 00:15:00,weekly,cos_slot96,0.00777461240068078
day_ahead_price,xgb_oof_train,flat,segment_model,2025-07-23 00:15:00,weekly,is_holiday,0.0
day_ahead_price,xgb_oof_train,flat,segment_model,2025-07-23 00:15:00,weekly,is_workday,0.0
day_ahead_price,xgb_oof_train,flat,segment_model,2025-07-23 00:15:00,weekly,is_weekend,0.0
day_ahead_price,xgb_oof_train,flat,segment_model,2025-07-23 00:15:00,weekly,is_makeup_workday,0.0014167891349643469
day_ahead_price,xgb_oof_train,flat,segment_model,2025-07-23 00:15:00,weekly,before_holiday_1d,0.0
day_ahead_price,xgb_oof_train,flat,segment_model,2025-07-23 00:15:00,weekly,after_holiday_1d,0.0075868647545576096
day_ahead_price,xgb_oof_train,flat,segment_model,2025-07-23 00:15:00,weekly,holiday_name_Dragon Boat Festival,0.0
day_ahead_price,xgb_oof_train,flat,segment_model,2025-07-23 00:15:00,weekly,holiday_name_Labour Day,0.0
day_ahead_price,xgb_oof_train,flat,segment_model,2025-07-23 00:15:00,weekly,holiday_name_Mid-autumn Festival,0.0
day_ahead_price,xgb_oof_train,flat,segment_model,2025-07-23 00:15:00,weekly,holiday_name_National Day,0.0
day_ahead_price,xgb_oof_train,flat,segment_model,2025-07-23 00:15:00,weekly,holiday_name_New Year's Day,0.0
day_ahead_price,xgb_oof_train,flat,segment_model,2025-07-23 00:15:00,weekly,holiday_name_None,0.0
day_ahead_price,xgb_oof_train,flat,segment_model,2025-07-23 00:15:00,weekly,holiday_name_Spring Festival,0.0
day_ahead_price,xgb_oof_train,flat,segment_model,2025-07-23 00:15:00,weekly,holiday_name_Tomb-sweeping Day,0.0
day_ahead_price,xgb_oof_train,peak,segment_model,2025-07-23 00:15:00,weekly,lag_1,0.520871102809906
day_ahead_price,xgb_oof_train,peak,segment_model,2025-07-23 00:15:00,weekly,lag_2,0.0068938531912863255
day_ahead_price,xgb_oof_train,peak,segment_model,2025-07-23 00:15:00,weekly,lag_4,0.006329103838652372
day_ahead_price,xgb_oof_train,peak,segment_model,2025-07-23 00:15:00,weekly,lag_96,0.013337799347937107
day_ahead_price,xgb_oof_train,peak,segment_model,2025-07-23 00:15:00,weekly,lag_192,0.007873598486185074
day_ahead_price,xgb_oof_train,peak,segment_model,2025-07-23 00:15:00,weekly,lag_672,0.007903696037828922
day_ahead_price,xgb_oof_train,peak,segment_model,2025-07-23 00:15:00,weekly,roll_mean_4,0.3242591619491577
day_ahead_price,xgb_oof_train,peak,segment_model,2025-07-23 00:15:00,weekly,roll_mean_16,0.0027778150979429483
day_ahead_price,xgb_oof_train,peak,segment_model,2025-07-23 00:15:00,weekly,roll_mean_96,0.01412121020257473
day_ahead_price,xgb_oof_train,peak,segment_model,2025-07-23 00:15:00,weekly,roll_mean_672,0.005483207292854786
day_ahead_price,xgb_oof_train,peak,segment_model,2025-07-23 00:15:00,weekly,roll_std_96,0.00649789534509182
day_ahead_price,xgb_oof_train,peak,segment_model,2025-07-23 00:15:00,weekly,diff_1,0.013689979910850525
day_ahead_price,xgb_oof_train,peak,segment_model,2025-07-23 00:15:00,weekly,diff_96,0.007921362295746803
day_ahead_price,xgb_oof_train,peak,segment_model,2025-07-23 00:15:00,weekly,hour,0.008500766940414906
day_ahead_price,xgb_oof_train,peak,segment_model,2025-07-23 00:15:00,weekly,minute,0.0028260943945497274
day_ahead_price,xgb_oof_train,peak,segment_model,2025-07-23 00:15:00,weekly,dayofweek,0.005453184247016907
day_ahead_price,xgb_oof_train,peak,segment_model,2025-07-23 00:15:00,weekly,slot96,0.0066933478228747845
day_ahead_price,xgb_oof_train,peak,segment_model,2025-07-23 00:15:00,weekly,sin_slot96,0.025243699550628662
day_ahead_price,xgb_oof_train,peak,segment_model,2025-07-23 00:15:00,weekly,cos_slot96,0.004614395089447498
day_ahead_price,xgb_oof_train,peak,segment_model,2025-07-23 00:15:00,weekly,is_holiday,0.0
day_ahead_price,xgb_oof_train,peak,segment_model,2025-07-23 00:15:00,weekly,is_workday,0.0
day_ahead_price,xgb_oof_train,peak,segment_model,2025-07-23 00:15:00,weekly,is_weekend,0.0
day_ahead_price,xgb_oof_train,peak,segment_model,2025-07-23 00:15:00,weekly,is_makeup_workday,0.0
day_ahead_price,xgb_oof_train,peak,segment_model,2025-07-23 00:15:00,weekly,before_holiday_1d,0.0007318167481571436
day_ahead_price,xgb_oof_train,peak,segment_model,2025-07-23 00:15:00,weekly,after_holiday_1d,0.004186056088656187
day_ahead_price,xgb_oof_train,peak,segment_model,2025-07-23 00:15:00,weekly,holiday_name_Dragon Boat Festival,0.0
day_ahead_price,xgb_oof_train,peak,segment_model,2025-07-23 00:15:00,weekly,holiday_name_Labour Day,0.0
day_ahead_price,xgb_oof_train,peak,segment_model,2025-07-23 00:15:00,weekly,holiday_name_Mid-autumn Festival,0.0
day_ahead_price,xgb_oof_train,peak,segment_model,2025-07-23 00:15:00,weekly,holiday_name_National Day,0.0
day_ahead_price,xgb_oof_train,peak,segment_model,2025-07-23 00:15:00,weekly,holiday_name_New Year's Day,0.0
day_ahead_price,xgb_oof_train,peak,segment_model,2025-07-23 00:15:00,weekly,holiday_name_None,0.0
day_ahead_price,xgb_oof_train,peak,segment_model,2025-07-23 00:15:00,weekly,holiday_name_Spring Festival,0.0037908866070210934
day_ahead_price,xgb_oof_train,peak,segment_model,2025-07-23 00:15:00,weekly,holiday_name_Tomb-sweeping Day,0.0
day_ahead_price,xgb_oof_train,global,global_model,2025-07-30 00:15:00,weekly,lag_1,0.4882989227771759
day_ahead_price,xgb_oof_train,global,global_model,2025-07-30 00:15:00,weekly,lag_2,0.012870347127318382
day_ahead_price,xgb_oof_train,global,global_model,2025-07-30 00:15:00,weekly,lag_4,0.0062817540019750595
day_ahead_price,xgb_oof_train,global,global_model,2025-07-30 00:15:00,weekly,lag_96,0.013775321654975414
day_ahead_price,xgb_oof_train,global,global_model,2025-07-30 00:15:00,weekly,lag_192,0.00960825476795435
day_ahead_price,xgb_oof_train,global,global_model,2025-07-30 00:15:00,weekly,lag_672,0.01255431305617094
day_ahead_price,xgb_oof_train,global,global_model,2025-07-30 00:15:00,weekly,roll_mean_4,0.3070440888404846
day_ahead_price,xgb_oof_train,global,global_model,2025-07-30 00:15:00,weekly,roll_mean_16,0.011266937479376793
day_ahead_price,xgb_oof_train,global,global_model,2025-07-30 00:15:00,weekly,roll_mean_96,0.006284008733928204
day_ahead_price,xgb_oof_train,global,global_model,2025-07-30 00:15:00,weekly,roll_mean_672,0.0042443424463272095
day_ahead_price,xgb_oof_train,global,global_model,2025-07-30 00:15:00,weekly,roll_std_96,0.005321034230291843
day_ahead_price,xgb_oof_train,global,global_model,2025-07-30 00:15:00,weekly,diff_1,0.011837827041745186
day_ahead_price,xgb_oof_train,global,global_model,2025-07-30 00:15:00,weekly,diff_96,0.022626373916864395
day_ahead_price,xgb_oof_train,global,global_model,2025-07-30 00:15:00,weekly,hour,0.005848766770213842
day_ahead_price,xgb_oof_train,global,global_model,2025-07-30 00:15:00,weekly,minute,0.014855260960757732
day_ahead_price,xgb_oof_train,global,global_model,2025-07-30 00:15:00,weekly,dayofweek,0.008406680077314377
day_ahead_price,xgb_oof_train,global,global_model,2025-07-30 00:15:00,weekly,slot96,0.026968583464622498
day_ahead_price,xgb_oof_train,global,global_model,2025-07-30 00:15:00,weekly,sin_slot96,0.017701463773846626
day_ahead_price,xgb_oof_train,global,global_model,2025-07-30 00:15:00,weekly,cos_slot96,0.005241381470113993
day_ahead_price,xgb_oof_train,global,global_model,2025-07-30 00:15:00,weekly,is_holiday,0.0
day_ahead_price,xgb_oof_train,global,global_model,2025-07-30 00:15:00,weekly,is_workday,0.0
day_ahead_price,xgb_oof_train,global,global_model,2025-07-30 00:15:00,weekly,is_weekend,0.0
day_ahead_price,xgb_oof_train,global,global_model,2025-07-30 00:15:00,weekly,is_makeup_workday,0.0
day_ahead_price,xgb_oof_train,global,global_model,2025-07-30 00:15:00,weekly,before_holiday_1d,0.00896428246051073
day_ahead_price,xgb_oof_train,global,global_model,2025-07-30 00:15:00,weekly,after_holiday_1d,0.0
day_ahead_price,xgb_oof_train,global,global_model,2025-07-30 00:15:00,weekly,holiday_name_Dragon Boat Festival,0.0
day_ahead_price,xgb_oof_train,global,global_model,2025-07-30 00:15:00,weekly,holiday_name_Labour Day,0.0
day_ahead_price,xgb_oof_train,global,global_model,2025-07-30 00:15:00,weekly,holiday_name_Mid-autumn Festival,0.0
day_ahead_price,xgb_oof_train,global,global_model,2025-07-30 00:15:00,weekly,holiday_name_National Day,0.0
day_ahead_price,xgb_oof_train,global,global_model,2025-07-30 00:15:00,weekly,holiday_name_New Year's Day,0.0
day_ahead_price,xgb_oof_train,global,global_model,2025-07-30 00:15:00,weekly,holiday_name_None,0.0
day_ahead_price,xgb_oof_train,global,global_model,2025-07-30 00:15:00,weekly,holiday_name_Spring Festival,0.0
day_ahead_price,xgb_oof_train,global,global_model,2025-07-30 00:15:00,weekly,holiday_name_Tomb-sweeping Day,0.0
day_ahead_price,xgb_oof_train,valley,segment_model,2025-07-30 00:15:00,weekly,lag_1,0.5089378952980042
day_ahead_price,xgb_oof_train,valley,segment_model,2025-07-30 00:15:00,weekly,lag_2,0.13645559549331665
day_ahead_price,xgb_oof_train,valley,segment_model,2025-07-30 00:15:00,weekly,lag_4,0.0027599597815424204
day_ahead_price,xgb_oof_train,valley,segment_model,2025-07-30 00:15:00,weekly,lag_96,0.0051607429049909115
day_ahead_price,xgb_oof_train,valley,segment_model,2025-07-30 00:15:00,weekly,lag_192,0.0051320940256118774
day_ahead_price,xgb_oof_train,valley,segment_model,2025-07-30 00:15:00,weekly,lag_672,0.008011681959033012
day_ahead_price,xgb_oof_train,valley,segment_model,2025-07-30 00:15:00,weekly,roll_mean_4,0.2443954050540924
day_ahead_price,xgb_oof_train,valley,segment_model,2025-07-30 00:15:00,weekly,roll_mean_16,0.003692827420309186
day_ahead_price,xgb_oof_train,valley,segment_model,2025-07-30 00:15:00,weekly,roll_mean_96,0.004388072993606329
day_ahead_price,xgb_oof_train,valley,segment_model,2025-07-30 00:15:00,weekly,roll_mean_672,0.005984380841255188
day_ahead_price,xgb_oof_train,valley,segment_model,2025-07-30 00:15:00,weekly,roll_std_96,0.012566819787025452
day_ahead_price,xgb_oof_train,valley,segment_model,2025-07-30 00:15:00,weekly,diff_1,0.014990192838013172
day_ahead_price,xgb_oof_train,valley,segment_model,2025-07-30 00:15:00,weekly,diff_96,0.003106334013864398
day_ahead_price,xgb_oof_train,valley,segment_model,2025-07-30 00:15:00,weekly,hour,0.003498632926493883
day_ahead_price,xgb_oof_train,valley,segment_model,2025-07-30 00:15:00,weekly,minute,0.006308439187705517
day_ahead_price,xgb_oof_train,valley,segment_model,2025-07-30 00:15:00,weekly,dayofweek,0.003036403562873602
day_ahead_price,xgb_oof_train,valley,segment_model,2025-07-30 00:15:00,weekly,slot96,0.006038612220436335
day_ahead_price,xgb_oof_train,valley,segment_model,2025-07-30 00:15:00,weekly,sin_slot96,0.004231593105942011
day_ahead_price,xgb_oof_train,valley,segment_model,2025-07-30 00:15:00,weekly,cos_slot96,0.008042379282414913
day_ahead_price,xgb_oof_train,valley,segment_model,2025-07-30 00:15:00,weekly,is_holiday,0.0
day_ahead_price,xgb_oof_train,valley,segment_model,2025-07-30 00:15:00,weekly,is_workday,0.0
day_ahead_price,xgb_oof_train,valley,segment_model,2025-07-30 00:15:00,weekly,is_weekend,0.0
day_ahead_price,xgb_oof_train,valley,segment_model,2025-07-30 00:15:00,weekly,is_makeup_workday,0.0
day_ahead_price,xgb_oof_train,valley,segment_model,2025-07-30 00:15:00,weekly,before_holiday_1d,0.005847504828125238
day_ahead_price,xgb_oof_train,valley,segment_model,2025-07-30 00:15:00,weekly,after_holiday_1d,0.0018591841217130423
day_ahead_price,xgb_oof_train,valley,segment_model,2025-07-30 00:15:00,weekly,holiday_name_Dragon Boat Festival,0.0
day_ahead_price,xgb_oof_train,valley,segment_model,2025-07-30 00:15:00,weekly,holiday_name_Labour Day,0.0
day_ahead_price,xgb_oof_train,valley,segment_model,2025-07-30 00:15:00,weekly,holiday_name_Mid-autumn Festival,0.0
day_ahead_price,xgb_oof_train,valley,segment_model,2025-07-30 00:15:00,weekly,holiday_name_National Day,0.0
day_ahead_price,xgb_oof_train,valley,segment_model,2025-07-30 00:15:00,weekly,holiday_name_New Year's Day,0.0023111419286578894
day_ahead_price,xgb_oof_train,valley,segment_model,2025-07-30 00:15:00,weekly,holiday_name_None,0.001367388293147087
day_ahead_price,xgb_oof_train,valley,segment_model,2025-07-30 00:15:00,weekly,holiday_name_Spring Festival,0.00187673419713974
day_ahead_price,xgb_oof_train,valley,segment_model,2025-07-30 00:15:00,weekly,holiday_name_Tomb-sweeping Day,0.0
day_ahead_price,xgb_oof_train,flat,segment_model,2025-07-30 00:15:00,weekly,lag_1,0.4701527953147888
day_ahead_price,xgb_oof_train,flat,segment_model,2025-07-30 00:15:00,weekly,lag_2,0.05213930830359459
day_ahead_price,xgb_oof_train,flat,segment_model,2025-07-30 00:15:00,weekly,lag_4,0.009698071517050266
day_ahead_price,xgb_oof_train,flat,segment_model,2025-07-30 00:15:00,weekly,lag_96,0.012391800992190838
day_ahead_price,xgb_oof_train,flat,segment_model,2025-07-30 00:15:00,weekly,lag_192,0.0119927441701293
day_ahead_price,xgb_oof_train,flat,segment_model,2025-07-30 00:15:00,weekly,lag_672,0.014762550592422485
day_ahead_price,xgb_oof_train,flat,segment_model,2025-07-30 00:15:00,weekly,roll_mean_4,0.14174099266529083
day_ahead_price,xgb_oof_train,flat,segment_model,2025-07-30 00:15:00,weekly,roll_mean_16,0.011397146619856358
day_ahead_price,xgb_oof_train,flat,segment_model,2025-07-30 00:15:00,weekly,roll_mean_96,0.010374018922448158
day_ahead_price,xgb_oof_train,flat,segment_model,2025-07-30 00:15:00,weekly,roll_mean_672,0.00895168911665678
day_ahead_price,xgb_oof_train,flat,segment_model,2025-07-30 00:15:00,weekly,roll_std_96,0.005571063607931137
day_ahead_price,xgb_oof_train,flat,segment_model,2025-07-30 00:15:00,weekly,diff_1,0.029197566211223602
day_ahead_price,xgb_oof_train,flat,segment_model,2025-07-30 00:15:00,weekly,diff_96,0.019955137744545937
day_ahead_price,xgb_oof_train,flat,segment_model,2025-07-30 00:15:00,weekly,hour,0.009665816091001034
day_ahead_price,xgb_oof_train,flat,segment_model,2025-07-30 00:15:00,weekly,minute,0.023925310000777245
day_ahead_price,xgb_oof_train,flat,segment_model,2025-07-30 00:15:00,weekly,dayofweek,0.008189186453819275
day_ahead_price,xgb_oof_train,flat,segment_model,2025-07-30 00:15:00,weekly,slot96,0.04434938728809357
day_ahead_price,xgb_oof_train,flat,segment_model,2025-07-30 00:15:00,weekly,sin_slot96,0.08054842799901962
day_ahead_price,xgb_oof_train,flat,segment_model,2025-07-30 00:15:00,weekly,cos_slot96,0.006615093909204006
day_ahead_price,xgb_oof_train,flat,segment_model,2025-07-30 00:15:00,weekly,is_holiday,0.0
day_ahead_price,xgb_oof_train,flat,segment_model,2025-07-30 00:15:00,weekly,is_workday,0.0
day_ahead_price,xgb_oof_train,flat,segment_model,2025-07-30 00:15:00,weekly,is_weekend,0.0
day_ahead_price,xgb_oof_train,flat,segment_model,2025-07-30 00:15:00,weekly,is_makeup_workday,0.0002688919485080987
day_ahead_price,xgb_oof_train,flat,segment_model,2025-07-30 00:15:00,weekly,before_holiday_1d,0.0056558940559625626
day_ahead_price,xgb_oof_train,flat,segment_model,2025-07-30 00:15:00,weekly,after_holiday_1d,0.022457081824541092
day_ahead_price,xgb_oof_train,flat,segment_model,2025-07-30 00:15:00,weekly,holiday_name_Dragon Boat Festival,0.0
day_ahead_price,xgb_oof_train,flat,segment_model,2025-07-30 00:15:00,weekly,holiday_name_Labour Day,0.0
day_ahead_price,xgb_oof_train,flat,segment_model,2025-07-30 00:15:00,weekly,holiday_name_Mid-autumn Festival,0.0
day_ahead_price,xgb_oof_train,flat,segment_model,2025-07-30 00:15:00,weekly,holiday_name_National Day,0.0
day_ahead_price,xgb_oof_train,flat,segment_model,2025-07-30 00:15:00,weekly,holiday_name_New Year's Day,0.0
day_ahead_price,xgb_oof_train,flat,segment_model,2025-07-30 00:15:00,weekly,holiday_name_None,0.0
day_ahead_price,xgb_oof_train,flat,segment_model,2025-07-30 00:15:00,weekly,holiday_name_Spring Festival,0.0
day_ahead_price,xgb_oof_train,flat,segment_model,2025-07-30 00:15:00,weekly,holiday_name_Tomb-sweeping Day,0.0
day_ahead_price,xgb_oof_train,peak,segment_model,2025-07-30 00:15:00,weekly,lag_1,0.2505718767642975
day_ahead_price,xgb_oof_train,peak,segment_model,2025-07-30 00:15:00,weekly,lag_2,0.015596931800246239
day_ahead_price,xgb_oof_train,peak,segment_model,2025-07-30 00:15:00,weekly,lag_4,0.005520494654774666
day_ahead_price,xgb_oof_train,peak,segment_model,2025-07-30 00:15:00,weekly,lag_96,0.0071356878615915775
day_ahead_price,xgb_oof_train,peak,segment_model,2025-07-30 00:15:00,weekly,lag_192,0.006272797007113695
day_ahead_price,xgb_oof_train,peak,segment_model,2025-07-30 00:15:00,weekly,lag_672,0.004193808883428574
day_ahead_price,xgb_oof_train,peak,segment_model,2025-07-30 00:15:00,weekly,roll_mean_4,0.6204650402069092
day_ahead_price,xgb_oof_train,peak,segment_model,2025-07-30 00:15:00,weekly,roll_mean_16,0.005292490124702454
day_ahead_price,xgb_oof_train,peak,segment_model,2025-07-30 00:15:00,weekly,roll_mean_96,0.010490469634532928
day_ahead_price,xgb_oof_train,peak,segment_model,2025-07-30 00:15:00,weekly,roll_mean_672,0.005137294996529818
day_ahead_price,xgb_oof_train,peak,segment_model,2025-07-30 00:15:00,weekly,roll_std_96,0.00264172931201756
day_ahead_price,xgb_oof_train,peak,segment_model,2025-07-30 00:15:00,weekly,diff_1,0.012876519002020359
day_ahead_price,xgb_oof_train,peak,segment_model,2025-07-30 00:15:00,weekly,diff_96,0.005252685397863388
day_ahead_price,xgb_oof_train,peak,segment_model,2025-07-30 00:15:00,weekly,hour,0.006683744955807924
day_ahead_price,xgb_oof_train,peak,segment_model,2025-07-30 00:15:00,weekly,minute,0.003162653185427189
day_ahead_price,xgb_oof_train,peak,segment_model,2025-07-30 00:15:00,weekly,dayofweek,0.005096506327390671
day_ahead_price,xgb_oof_train,peak,segment_model,2025-07-30 00:15:00,weekly,slot96,0.004035366699099541
day_ahead_price,xgb_oof_train,peak,segment_model,2025-07-30 00:15:00,weekly,sin_slot96,0.019968507811427116
day_ahead_price,xgb_oof_train,peak,segment_model,2025-07-30 00:15:00,weekly,cos_slot96,0.004425888881087303
day_ahead_price,xgb_oof_train,peak,segment_model,2025-07-30 00:15:00,weekly,is_holiday,0.00048106961185112596
day_ahead_price,xgb_oof_train,peak,segment_model,2025-07-30 00:15:00,weekly,is_workday,0.0
day_ahead_price,xgb_oof_train,peak,segment_model,2025-07-30 00:15:00,weekly,is_weekend,0.0004218107496853918
day_ahead_price,xgb_oof_train,peak,segment_model,2025-07-30 00:15:00,weekly,is_makeup_workday,0.0
day_ahead_price,xgb_oof_train,peak,segment_model,2025-07-30 00:15:00,weekly,before_holiday_1d,0.00040813154191710055
day_ahead_price,xgb_oof_train,peak,segment_model,2025-07-30 00:15:00,weekly,after_holiday_1d,0.0011904672719538212
day_ahead_price,xgb_oof_train,peak,segment_model,2025-07-30 00:15:00,weekly,holiday_name_Dragon Boat Festival,0.0
day_ahead_price,xgb_oof_train,peak,segment_model,2025-07-30 00:15:00,weekly,holiday_name_Labour Day,0.0
day_ahead_price,xgb_oof_train,peak,segment_model,2025-07-30 00:15:00,weekly,holiday_name_Mid-autumn Festival,0.0
day_ahead_price,xgb_oof_train,peak,segment_model,2025-07-30 00:15:00,weekly,holiday_name_National Day,0.0
day_ahead_price,xgb_oof_train,peak,segment_model,2025-07-30 00:15:00,weekly,holiday_name_New Year's Day,0.0
day_ahead_price,xgb_oof_train,peak,segment_model,2025-07-30 00:15:00,weekly,holiday_name_None,0.0
day_ahead_price,xgb_oof_train,peak,segment_model,2025-07-30 00:15:00,weekly,holiday_name_Spring Festival,0.002678035758435726
day_ahead_price,xgb_oof_train,peak,segment_model,2025-07-30 00:15:00,weekly,holiday_name_Tomb-sweeping Day,0.0
day_ahead_price,xgb_oof_train,global,global_model,2025-08-06 00:15:00,weekly,lag_1,0.4856812357902527
day_ahead_price,xgb_oof_train,global,global_model,2025-08-06 00:15:00,weekly,lag_2,0.011613568291068077
day_ahead_price,xgb_oof_train,global,global_model,2025-08-06 00:15:00,weekly,lag_4,0.00587497977539897
day_ahead_price,xgb_oof_train,global,global_model,2025-08-06 00:15:00,weekly,lag_96,0.014668862335383892
day_ahead_price,xgb_oof_train,global,global_model,2025-08-06 00:15:00,weekly,lag_192,0.01344626396894455
day_ahead_price,xgb_oof_train,global,global_model,2025-08-06 00:15:00,weekly,lag_672,0.014080358669161797
day_ahead_price,xgb_oof_train,global,global_model,2025-08-06 00:15:00,weekly,roll_mean_4,0.3273126184940338
day_ahead_price,xgb_oof_train,global,global_model,2025-08-06 00:15:00,weekly,roll_mean_16,0.009464684873819351
day_ahead_price,xgb_oof_train,global,global_model,2025-08-06 00:15:00,weekly,roll_mean_96,0.005206290166825056
day_ahead_price,xgb_oof_train,global,global_model,2025-08-06 00:15:00,weekly,roll_mean_672,0.006188542582094669
day_ahead_price,xgb_oof_train,global,global_model,2025-08-06 00:15:00,weekly,roll_std_96,0.006245983764529228
day_ahead_price,xgb_oof_train,global,global_model,2025-08-06 00:15:00,weekly,diff_1,0.012430907227098942
day_ahead_price,xgb_oof_train,global,global_model,2025-08-06 00:15:00,weekly,diff_96,0.017144184559583664
day_ahead_price,xgb_oof_train,global,global_model,2025-08-06 00:15:00,weekly,hour,0.00505573907867074
day_ahead_price,xgb_oof_train,global,global_model,2025-08-06 00:15:00,weekly,minute,0.005274317692965269
day_ahead_price,xgb_oof_train,global,global_model,2025-08-06 00:15:00,weekly,dayofweek,0.010540400631725788
day_ahead_price,xgb_oof_train,global,global_model,2025-08-06 00:15:00,weekly,slot96,0.020697254687547684
day_ahead_price,xgb_oof_train,global,global_model,2025-08-06 00:15:00,weekly,sin_slot96,0.014361822046339512
day_ahead_price,xgb_oof_train,global,global_model,2025-08-06 00:15:00,weekly,cos_slot96,0.005379362963140011
day_ahead_price,xgb_oof_train,global,global_model,2025-08-06 00:15:00,weekly,is_holiday,0.0
day_ahead_price,xgb_oof_train,global,global_model,2025-08-06 00:15:00,weekly,is_workday,0.0
day_ahead_price,xgb_oof_train,global,global_model,2025-08-06 00:15:00,weekly,is_weekend,0.0
day_ahead_price,xgb_oof_train,global,global_model,2025-08-06 00:15:00,weekly,is_makeup_workday,0.0
day_ahead_price,xgb_oof_train,global,global_model,2025-08-06 00:15:00,weekly,before_holiday_1d,0.009332671761512756
day_ahead_price,xgb_oof_train,global,global_model,2025-08-06 00:15:00,weekly,after_holiday_1d,0.0
day_ahead_price,xgb_oof_train,global,global_model,2025-08-06 00:15:00,weekly,holiday_name_Dragon Boat Festival,0.0
day_ahead_price,xgb_oof_train,global,global_model,2025-08-06 00:15:00,weekly,holiday_name_Labour Day,0.0
day_ahead_price,xgb_oof_train,global,global_model,2025-08-06 00:15:00,weekly,holiday_name_Mid-autumn Festival,0.0
day_ahead_price,xgb_oof_train,global,global_model,2025-08-06 00:15:00,weekly,holiday_name_National Day,0.0
day_ahead_price,xgb_oof_train,global,global_model,2025-08-06 00:15:00,weekly,holiday_name_New Year's Day,0.0
day_ahead_price,xgb_oof_train,global,global_model,2025-08-06 00:15:00,weekly,holiday_name_None,0.0
day_ahead_price,xgb_oof_train,global,global_model,2025-08-06 00:15:00,weekly,holiday_name_Spring Festival,0.0
day_ahead_price,xgb_oof_train,global,global_model,2025-08-06 00:15:00,weekly,holiday_name_Tomb-sweeping Day,0.0
day_ahead_price,xgb_oof_train,valley,segment_model,2025-08-06 00:15:00,weekly,lag_1,0.5038796663284302
day_ahead_price,xgb_oof_train,valley,segment_model,2025-08-06 00:15:00,weekly,lag_2,0.12055408954620361
day_ahead_price,xgb_oof_train,valley,segment_model,2025-08-06 00:15:00,weekly,lag_4,0.0030898971017450094
day_ahead_price,xgb_oof_train,valley,segment_model,2025-08-06 00:15:00,weekly,lag_96,0.006358284503221512
day_ahead_price,xgb_oof_train,valley,segment_model,2025-08-06 00:15:00,weekly,lag_192,0.0029919829685240984
day_ahead_price,xgb_oof_train,valley,segment_model,2025-08-06 00:15:00,weekly,lag_672,0.00761841144412756
day_ahead_price,xgb_oof_train,valley,segment_model,2025-08-06 00:15:00,weekly,roll_mean_4,0.27510106563568115
day_ahead_price,xgb_oof_train,valley,segment_model,2025-08-06 00:15:00,weekly,roll_mean_16,0.004207351244986057
day_ahead_price,xgb_oof_train,valley,segment_model,2025-08-06 00:15:00,weekly,roll_mean_96,0.004602462984621525
day_ahead_price,xgb_oof_train,valley,segment_model,2025-08-06 00:15:00,weekly,roll_mean_672,0.005520336329936981
day_ahead_price,xgb_oof_train,valley,segment_model,2025-08-06 00:15:00,weekly,roll_std_96,0.012299939058721066
day_ahead_price,xgb_oof_train,valley,segment_model,2025-08-06 00:15:00,weekly,diff_1,0.011226136237382889
day_ahead_price,xgb_oof_train,valley,segment_model,2025-08-06 00:15:00,weekly,diff_96,0.003912298008799553
day_ahead_price,xgb_oof_train,valley,segment_model,2025-08-06 00:15:00,weekly,hour,0.004259856883436441
day_ahead_price,xgb_oof_train,valley,segment_model,2025-08-06 00:15:00,weekly,minute,0.006702096201479435
day_ahead_price,xgb_oof_train,valley,segment_model,2025-08-06 00:15:00,weekly,dayofweek,0.0017261530738323927
day_ahead_price,xgb_oof_train,valley,segment_model,2025-08-06 00:15:00,weekly,slot96,0.006153704132884741
day_ahead_price,xgb_oof_train,valley,segment_model,2025-08-06 00:15:00,weekly,sin_slot96,0.006012085825204849
day_ahead_price,xgb_oof_train,valley,segment_model,2025-08-06 00:15:00,weekly,cos_slot96,0.003836072748526931
day_ahead_price,xgb_oof_train,valley,segment_model,2025-08-06 00:15:00,weekly,is_holiday,0.004492949694395065
day_ahead_price,xgb_oof_train,valley,segment_model,2025-08-06 00:15:00,weekly,is_workday,0.0
day_ahead_price,xgb_oof_train,valley,segment_model,2025-08-06 00:15:00,weekly,is_weekend,0.0
day_ahead_price,xgb_oof_train,valley,segment_model,2025-08-06 00:15:00,weekly,is_makeup_workday,0.0
day_ahead_price,xgb_oof_train,valley,segment_model,2025-08-06 00:15:00,weekly,before_holiday_1d,0.0
day_ahead_price,xgb_oof_train,valley,segment_model,2025-08-06 00:15:00,weekly,after_holiday_1d,0.0
day_ahead_price,xgb_oof_train,valley,segment_model,2025-08-06 00:15:00,weekly,holiday_name_Dragon Boat Festival,0.0
day_ahead_price,xgb_oof_train,valley,segment_model,2025-08-06 00:15:00,weekly,holiday_name_Labour Day,0.0
day_ahead_price,xgb_oof_train,valley,segment_model,2025-08-06 00:15:00,weekly,holiday_name_Mid-autumn Festival,0.0
day_ahead_price,xgb_oof_train,valley,segment_model,2025-08-06 00:15:00,weekly,holiday_name_National Day,0.0
day_ahead_price,xgb_oof_train,valley,segment_model,2025-08-06 00:15:00,weekly,holiday_name_New Year's Day,0.0022921329364180565
day_ahead_price,xgb_oof_train,valley,segment_model,2025-08-06 00:15:00,weekly,holiday_name_None,0.0009733329643495381
day_ahead_price,xgb_oof_train,valley,segment_model,2025-08-06 00:15:00,weekly,holiday_name_Spring Festival,0.002189707476645708
day_ahead_price,xgb_oof_train,valley,segment_model,2025-08-06 00:15:00,weekly,holiday_name_Tomb-sweeping Day,0.0
day_ahead_price,xgb_oof_train,flat,segment_model,2025-08-06 00:15:00,weekly,lag_1,0.4708787202835083
day_ahead_price,xgb_oof_train,flat,segment_model,2025-08-06 00:15:00,weekly,lag_2,0.09887043386697769
day_ahead_price,xgb_oof_train,flat,segment_model,2025-08-06 00:15:00,weekly,lag_4,0.009238447062671185
day_ahead_price,xgb_oof_train,flat,segment_model,2025-08-06 00:15:00,weekly,lag_96,0.01222197711467743
day_ahead_price,xgb_oof_train,flat,segment_model,2025-08-06 00:15:00,weekly,lag_192,0.012713906355202198
day_ahead_price,xgb_oof_train,flat,segment_model,2025-08-06 00:15:00,weekly,lag_672,0.014466732740402222
day_ahead_price,xgb_oof_train,flat,segment_model,2025-08-06 00:15:00,weekly,roll_mean_4,0.0894690454006195
day_ahead_price,xgb_oof_train,flat,segment_model,2025-08-06 00:15:00,weekly,roll_mean_16,0.011616702191531658
day_ahead_price,xgb_oof_train,flat,segment_model,2025-08-06 00:15:00,weekly,roll_mean_96,0.01129141729325056
day_ahead_price,xgb_oof_train,flat,segment_model,2025-08-06 00:15:00,weekly,roll_mean_672,0.0072996546514332294
day_ahead_price,xgb_oof_train,flat,segment_model,2025-08-06 00:15:00,weekly,roll_std_96,0.0076185413636267185
day_ahead_price,xgb_oof_train,flat,segment_model,2025-08-06 00:15:00,weekly,diff_1,0.03180256858468056
day_ahead_price,xgb_oof_train,flat,segment_model,2025-08-06 00:15:00,weekly,diff_96,0.02309822477400303
day_ahead_price,xgb_oof_train,flat,segment_model,2025-08-06 00:15:00,weekly,hour,0.02050749771296978
day_ahead_price,xgb_oof_train,flat,segment_model,2025-08-06 00:15:00,weekly,minute,0.029950564727187157
day_ahead_price,xgb_oof_train,flat,segment_model,2025-08-06 00:15:00,weekly,dayofweek,0.003633810905739665
day_ahead_price,xgb_oof_train,flat,segment_model,2025-08-06 00:15:00,weekly,slot96,0.04443982243537903
day_ahead_price,xgb_oof_train,flat,segment_model,2025-08-06 00:15:00,weekly,sin_slot96,0.07667408138513565
day_ahead_price,xgb_oof_train,flat,segment_model,2025-08-06 00:15:00,weekly,cos_slot96,0.006952027324587107
day_ahead_price,xgb_oof_train,flat,segment_model,2025-08-06 00:15:00,weekly,is_holiday,0.0
day_ahead_price,xgb_oof_train,flat,segment_model,2025-08-06 00:15:00,weekly,is_workday,0.0
day_ahead_price,xgb_oof_train,flat,segment_model,2025-08-06 00:15:00,weekly,is_weekend,0.0
day_ahead_price,xgb_oof_train,flat,segment_model,2025-08-06 00:15:00,weekly,is_makeup_workday,0.00013706996105611324
day_ahead_price,xgb_oof_train,flat,segment_model,2025-08-06 00:15:00,weekly,before_holiday_1d,0.0
day_ahead_price,xgb_oof_train,flat,segment_model,2025-08-06 00:15:00,weekly,after_holiday_1d,0.01711881533265114
day_ahead_price,xgb_oof_train,flat,segment_model,2025-08-06 00:15:00,weekly,holiday_name_Dragon Boat Festival,0.0
day_ahead_price,xgb_oof_train,flat,segment_model,2025-08-06 00:15:00,weekly,holiday_name_Labour Day,0.0
day_ahead_price,xgb_oof_train,flat,segment_model,2025-08-06 00:15:00,weekly,holiday_name_Mid-autumn Festival,0.0
day_ahead_price,xgb_oof_train,flat,segment_model,2025-08-06 00:15:00,weekly,holiday_name_National Day,0.0
day_ahead_price,xgb_oof_train,flat,segment_model,2025-08-06 00:15:00,weekly,holiday_name_New Year's Day,0.0
day_ahead_price,xgb_oof_train,flat,segment_model,2025-08-06 00:15:00,weekly,holiday_name_None,0.0
day_ahead_price,xgb_oof_train,flat,segment_model,2025-08-06 00:15:00,weekly,holiday_name_Spring Festival,0.0
day_ahead_price,xgb_oof_train,flat,segment_model,2025-08-06 00:15:00,weekly,holiday_name_Tomb-sweeping Day,0.0
day_ahead_price,xgb_oof_train,peak,segment_model,2025-08-06 00:15:00,weekly,lag_1,0.21053814888000488
day_ahead_price,xgb_oof_train,peak,segment_model,2025-08-06 00:15:00,weekly,lag_2,0.013700311072170734
day_ahead_price,xgb_oof_train,peak,segment_model,2025-08-06 00:15:00,weekly,lag_4,0.004073173273354769
day_ahead_price,xgb_oof_train,peak,segment_model,2025-08-06 00:15:00,weekly,lag_96,0.006031505297869444
day_ahead_price,xgb_oof_train,peak,segment_model,2025-08-06 00:15:00,weekly,lag_192,0.004612951073795557
day_ahead_price,xgb_oof_train,peak,segment_model,2025-08-06 00:15:00,weekly,lag_672,0.004002251662313938
day_ahead_price,xgb_oof_train,peak,segment_model,2025-08-06 00:15:00,weekly,roll_mean_4,0.6741801500320435
day_ahead_price,xgb_oof_train,peak,segment_model,2025-08-06 00:15:00,weekly,roll_mean_16,0.007108684163540602
day_ahead_price,xgb_oof_train,peak,segment_model,2025-08-06 00:15:00,weekly,roll_mean_96,0.01036656741052866
day_ahead_price,xgb_oof_train,peak,segment_model,2025-08-06 00:15:00,weekly,roll_mean_672,0.004695224575698376
day_ahead_price,xgb_oof_train,peak,segment_model,2025-08-06 00:15:00,weekly,roll_std_96,0.004935805220156908
day_ahead_price,xgb_oof_train,peak,segment_model,2025-08-06 00:15:00,weekly,diff_1,0.010149946436285973
day_ahead_price,xgb_oof_train,peak,segment_model,2025-08-06 00:15:00,weekly,diff_96,0.003313529770821333
day_ahead_price,xgb_oof_train,peak,segment_model,2025-08-06 00:15:00,weekly,hour,0.005886873695999384
day_ahead_price,xgb_oof_train,peak,segment_model,2025-08-06 00:15:00,weekly,minute,0.0015120741445571184
day_ahead_price,xgb_oof_train,peak,segment_model,2025-08-06 00:15:00,weekly,dayofweek,0.0020350944250822067
day_ahead_price,xgb_oof_train,peak,segment_model,2025-08-06 00:15:00,weekly,slot96,0.004534982610493898
day_ahead_price,xgb_oof_train,peak,segment_model,2025-08-06 00:15:00,weekly,sin_slot96,0.017458943650126457
day_ahead_price,xgb_oof_train,peak,segment_model,2025-08-06 00:15:00,weekly,cos_slot96,0.003509467002004385
day_ahead_price,xgb_oof_train,peak,segment_model,2025-08-06 00:15:00,weekly,is_holiday,0.004684654530137777
day_ahead_price,xgb_oof_train,peak,segment_model,2025-08-06 00:15:00,weekly,is_workday,0.0
day_ahead_price,xgb_oof_train,peak,segment_model,2025-08-06 00:15:00,weekly,is_weekend,0.0
day_ahead_price,xgb_oof_train,peak,segment_model,2025-08-06 00:15:00,weekly,is_makeup_workday,0.0
day_ahead_price,xgb_oof_train,peak,segment_model,2025-08-06 00:15:00,weekly,before_holiday_1d,0.0003071649989578873
day_ahead_price,xgb_oof_train,peak,segment_model,2025-08-06 00:15:00,weekly,after_holiday_1d,0.0023624978493899107
day_ahead_price,xgb_oof_train,peak,segment_model,2025-08-06 00:15:00,weekly,holiday_name_Dragon Boat Festival,0.0
day_ahead_price,xgb_oof_train,peak,segment_model,2025-08-06 00:15:00,weekly,holiday_name_Labour Day,0.0
day_ahead_price,xgb_oof_train,peak,segment_model,2025-08-06 00:15:00,weekly,holiday_name_Mid-autumn Festival,0.0
day_ahead_price,xgb_oof_train,peak,segment_model,2025-08-06 00:15:00,weekly,holiday_name_National Day,0.0
day_ahead_price,xgb_oof_train,peak,segment_model,2025-08-06 00:15:00,weekly,holiday_name_New Year's Day,0.0
day_ahead_price,xgb_oof_train,peak,segment_model,2025-08-06 00:15:00,weekly,holiday_name_None,0.0
day_ahead_price,xgb_oof_train,peak,segment_model,2025-08-06 00:15:00,weekly,holiday_name_Spring Festival,0.0
day_ahead_price,xgb_oof_train,peak,segment_model,2025-08-06 00:15:00,weekly,holiday_name_Tomb-sweeping Day,0.0
day_ahead_price,xgb_oof_train,global,global_model,2025-08-13 00:15:00,weekly,lag_1,0.5134260058403015
day_ahead_price,xgb_oof_train,global,global_model,2025-08-13 00:15:00,weekly,lag_2,0.011019074358046055
day_ahead_price,xgb_oof_train,global,global_model,2025-08-13 00:15:00,weekly,lag_4,0.006059913896024227
day_ahead_price,xgb_oof_train,global,global_model,2025-08-13 00:15:00,weekly,lag_96,0.017503034323453903
day_ahead_price,xgb_oof_train,global,global_model,2025-08-13 00:15:00,weekly,lag_192,0.011831439100205898
day_ahead_price,xgb_oof_train,global,global_model,2025-08-13 00:15:00,weekly,lag_672,0.015190305188298225
day_ahead_price,xgb_oof_train,global,global_model,2025-08-13 00:15:00,weekly,roll_mean_4,0.28603553771972656
day_ahead_price,xgb_oof_train,global,global_model,2025-08-13 00:15:00,weekly,roll_mean_16,0.007944845594465733
day_ahead_price,xgb_oof_train,global,global_model,2025-08-13 00:15:00,weekly,roll_mean_96,0.00618652394041419
day_ahead_price,xgb_oof_train,global,global_model,2025-08-13 00:15:00,weekly,roll_mean_672,0.008467039093375206
day_ahead_price,xgb_oof_train,global,global_model,2025-08-13 00:15:00,weekly,roll_std_96,0.005572015419602394
day_ahead_price,xgb_oof_train,global,global_model,2025-08-13 00:15:00,weekly,diff_1,0.012022522278130054
day_ahead_price,xgb_oof_train,global,global_model,2025-08-13 00:15:00,weekly,diff_96,0.019473755732178688
day_ahead_price,xgb_oof_train,global,global_model,2025-08-13 00:15:00,weekly,hour,0.004967306274920702
day_ahead_price,xgb_oof_train,global,global_model,2025-08-13 00:15:00,weekly,minute,0.009036782197654247
day_ahead_price,xgb_oof_train,global,global_model,2025-08-13 00:15:00,weekly,dayofweek,0.011608322151005268
day_ahead_price,xgb_oof_train,global,global_model,2025-08-13 00:15:00,weekly,slot96,0.019436733797192574
day_ahead_price,xgb_oof_train,global,global_model,2025-08-13 00:15:00,weekly,sin_slot96,0.015615690499544144
day_ahead_price,xgb_oof_train,global,global_model,2025-08-13 00:15:00,weekly,cos_slot96,0.005167292896658182
day_ahead_price,xgb_oof_train,global,global_model,2025-08-13 00:15:00,weekly,is_holiday,0.0
day_ahead_price,xgb_oof_train,global,global_model,2025-08-13 00:15:00,weekly,is_workday,0.0
day_ahead_price,xgb_oof_train,global,global_model,2025-08-13 00:15:00,weekly,is_weekend,0.0
day_ahead_price,xgb_oof_train,global,global_model,2025-08-13 00:15:00,weekly,is_makeup_workday,0.0
day_ahead_price,xgb_oof_train,global,global_model,2025-08-13 00:15:00,weekly,before_holiday_1d,0.008172760717570782
day_ahead_price,xgb_oof_train,global,global_model,2025-08-13 00:15:00,weekly,after_holiday_1d,0.0
day_ahead_price,xgb_oof_train,global,global_model,2025-08-13 00:15:00,weekly,holiday_name_Dragon Boat Festival,0.0
day_ahead_price,xgb_oof_train,global,global_model,2025-08-13 00:15:00,weekly,holiday_name_Labour Day,0.0
day_ahead_price,xgb_oof_train,global,global_model,2025-08-13 00:15:00,weekly,holiday_name_Mid-autumn Festival,0.0
day_ahead_price,xgb_oof_train,global,global_model,2025-08-13 00:15:00,weekly,holiday_name_National Day,0.0
day_ahead_price,xgb_oof_train,global,global_model,2025-08-13 00:15:00,weekly,holiday_name_New Year's Day,0.0
day_ahead_price,xgb_oof_train,global,global_model,2025-08-13 00:15:00,weekly,holiday_name_None,0.0052631208673119545
day_ahead_price,xgb_oof_train,global,global_model,2025-08-13 00:15:00,weekly,holiday_name_Spring Festival,0.0
day_ahead_price,xgb_oof_train,global,global_model,2025-08-13 00:15:00,weekly,holiday_name_Tomb-sweeping Day,0.0
day_ahead_price,xgb_oof_train,valley,segment_model,2025-08-13 00:15:00,weekly,lag_1,0.5281370282173157
day_ahead_price,xgb_oof_train,valley,segment_model,2025-08-13 00:15:00,weekly,lag_2,0.13209369778633118
day_ahead_price,xgb_oof_train,valley,segment_model,2025-08-13 00:15:00,weekly,lag_4,0.0031418323051184416
day_ahead_price,xgb_oof_train,valley,segment_model,2025-08-13 00:15:00,weekly,lag_96,0.006304732523858547
day_ahead_price,xgb_oof_train,valley,segment_model,2025-08-13 00:15:00,weekly,lag_192,0.004644159693270922
day_ahead_price,xgb_oof_train,valley,segment_model,2025-08-13 00:15:00,weekly,lag_672,0.005478838458657265
day_ahead_price,xgb_oof_train,valley,segment_model,2025-08-13 00:15:00,weekly,roll_mean_4,0.24089013040065765
day_ahead_price,xgb_oof_train,valley,segment_model,2025-08-13 00:15:00,weekly,roll_mean_16,0.0031937062740325928
day_ahead_price,xgb_oof_train,valley,segment_model,2025-08-13 00:15:00,weekly,roll_mean_96,0.004149266518652439
day_ahead_price,xgb_oof_train,valley,segment_model,2025-08-13 00:15:00,weekly,roll_mean_672,0.005749584175646305
day_ahead_price,xgb_oof_train,valley,segment_model,2025-08-13 00:15:00,weekly,roll_std_96,0.011515121906995773
day_ahead_price,xgb_oof_train,valley,segment_model,2025-08-13 00:15:00,weekly,diff_1,0.01236031949520111
day_ahead_price,xgb_oof_train,valley,segment_model,2025-08-13 00:15:00,weekly,diff_96,0.0043293144553899765
day_ahead_price,xgb_oof_train,valley,segment_model,2025-08-13 00:15:00,weekly,hour,0.005436582025140524
day_ahead_price,xgb_oof_train,valley,segment_model,2025-08-13 00:15:00,weekly,minute,0.00663871830329299
day_ahead_price,xgb_oof_train,valley,segment_model,2025-08-13 00:15:00,weekly,dayofweek,0.0021611163392663
day_ahead_price,xgb_oof_train,valley,segment_model,2025-08-13 00:15:00,weekly,slot96,0.005815891083329916
day_ahead_price,xgb_oof_train,valley,segment_model,2025-08-13 00:15:00,weekly,sin_slot96,0.0047915298491716385
day_ahead_price,xgb_oof_train,valley,segment_model,2025-08-13 00:15:00,weekly,cos_slot96,0.004571238067001104
day_ahead_price,xgb_oof_train,valley,segment_model,2025-08-13 00:15:00,weekly,is_holiday,0.0
day_ahead_price,xgb_oof_train,valley,segment_model,2025-08-13 00:15:00,weekly,is_workday,0.0
day_ahead_price,xgb_oof_train,valley,segment_model,2025-08-13 00:15:00,weekly,is_weekend,0.0
day_ahead_price,xgb_oof_train,valley,segment_model,2025-08-13 00:15:00,weekly,is_makeup_workday,0.0033972831442952156
day_ahead_price,xgb_oof_train,valley,segment_model,2025-08-13 00:15:00,weekly,before_holiday_1d,0.0
day_ahead_price,xgb_oof_train,valley,segment_model,2025-08-13 00:15:00,weekly,after_holiday_1d,0.0
day_ahead_price,xgb_oof_train,valley,segment_model,2025-08-13 00:15:00,weekly,holiday_name_Dragon Boat Festival,0.0
day_ahead_price,xgb_oof_train,valley,segment_model,2025-08-13 00:15:00,weekly,holiday_name_Labour Day,0.0
day_ahead_price,xgb_oof_train,valley,segment_model,2025-08-13 00:15:00,weekly,holiday_name_Mid-autumn Festival,0.0
day_ahead_price,xgb_oof_train,valley,segment_model,2025-08-13 00:15:00,weekly,holiday_name_National Day,0.0
day_ahead_price,xgb_oof_train,valley,segment_model,2025-08-13 00:15:00,weekly,holiday_name_New Year's Day,0.002049377653747797
day_ahead_price,xgb_oof_train,valley,segment_model,2025-08-13 00:15:00,weekly,holiday_name_None,0.0008440872188657522
day_ahead_price,xgb_oof_train,valley,segment_model,2025-08-13 00:15:00,weekly,holiday_name_Spring Festival,0.0023064909037202597
day_ahead_price,xgb_oof_train,valley,segment_model,2025-08-13 00:15:00,weekly,holiday_name_Tomb-sweeping Day,0.0
day_ahead_price,xgb_oof_train,flat,segment_model,2025-08-13 00:15:00,weekly,lag_1,0.4892144203186035
day_ahead_price,xgb_oof_train,flat,segment_model,2025-08-13 00:15:00,weekly,lag_2,0.05324385687708855
day_ahead_price,xgb_oof_train,flat,segment_model,2025-08-13 00:15:00,weekly,lag_4,0.008510719984769821
day_ahead_price,xgb_oof_train,flat,segment_model,2025-08-13 00:15:00,weekly,lag_96,0.017589254304766655
day_ahead_price,xgb_oof_train,flat,segment_model,2025-08-13 00:15:00,weekly,lag_192,0.016546811908483505
day_ahead_price,xgb_oof_train,flat,segment_model,2025-08-13 00:15:00,weekly,lag_672,0.012103641405701637
day_ahead_price,xgb_oof_train,flat,segment_model,2025-08-13 00:15:00,weekly,roll_mean_4,0.146792933344841
day_ahead_price,xgb_oof_train,flat,segment_model,2025-08-13 00:15:00,weekly,roll_mean_16,0.012760681100189686
day_ahead_price,xgb_oof_train,flat,segment_model,2025-08-13 00:15:00,weekly,roll_mean_96,0.00994967669248581
day_ahead_price,xgb_oof_train,flat,segment_model,2025-08-13 00:15:00,weekly,roll_mean_672,0.005868101958185434
day_ahead_price,xgb_oof_train,flat,segment_model,2025-08-13 00:15:00,weekly,roll_std_96,0.008249727077782154
day_ahead_price,xgb_oof_train,flat,segment_model,2025-08-13 00:15:00,weekly,diff_1,0.025074530392885208
day_ahead_price,xgb_oof_train,flat,segment_model,2025-08-13 00:15:00,weekly,diff_96,0.020216822624206543
day_ahead_price,xgb_oof_train,flat,segment_model,2025-08-13 00:15:00,weekly,hour,0.010391740128397942
day_ahead_price,xgb_oof_train,flat,segment_model,2025-08-13 00:15:00,weekly,minute,0.025569988414645195
day_ahead_price,xgb_oof_train,flat,segment_model,2025-08-13 00:15:00,weekly,dayofweek,0.00681716063991189
day_ahead_price,xgb_oof_train,flat,segment_model,2025-08-13 00:15:00,weekly,slot96,0.030640283599495888
day_ahead_price,xgb_oof_train,flat,segment_model,2025-08-13 00:15:00,weekly,sin_slot96,0.0786682739853859
day_ahead_price,xgb_oof_train,flat,segment_model,2025-08-13 00:15:00,weekly,cos_slot96,0.006274520885199308
day_ahead_price,xgb_oof_train,flat,segment_model,2025-08-13 00:15:00,weekly,is_holiday,0.0
day_ahead_price,xgb_oof_train,flat,segment_model,2025-08-13 00:15:00,weekly,is_workday,0.0
day_ahead_price,xgb_oof_train,flat,segment_model,2025-08-13 00:15:00,weekly,is_weekend,0.0
day_ahead_price,xgb_oof_train,flat,segment_model,2025-08-13 00:15:00,weekly,is_makeup_workday,0.0
day_ahead_price,xgb_oof_train,flat,segment_model,2025-08-13 00:15:00,weekly,before_holiday_1d,0.0
day_ahead_price,xgb_oof_train,flat,segment_model,2025-08-13 00:15:00,weekly,after_holiday_1d,0.0155168566852808
day_ahead_price,xgb_oof_train,flat,segment_model,2025-08-13 00:15:00,weekly,holiday_name_Dragon Boat Festival,0.0
day_ahead_price,xgb_oof_train,flat,segment_model,2025-08-13 00:15:00,weekly,holiday_name_Labour Day,0.0
day_ahead_price,xgb_oof_train,flat,segment_model,2025-08-13 00:15:00,weekly,holiday_name_Mid-autumn Festival,0.0
day_ahead_price,xgb_oof_train,flat,segment_model,2025-08-13 00:15:00,weekly,holiday_name_National Day,0.0
day_ahead_price,xgb_oof_train,flat,segment_model,2025-08-13 00:15:00,weekly,holiday_name_New Year's Day,0.0
day_ahead_price,xgb_oof_train,flat,segment_model,2025-08-13 00:15:00,weekly,holiday_name_None,0.0
day_ahead_price,xgb_oof_train,flat,segment_model,2025-08-13 00:15:00,weekly,holiday_name_Spring Festival,0.0
day_ahead_price,xgb_oof_train,flat,segment_model,2025-08-13 00:15:00,weekly,holiday_name_Tomb-sweeping Day,0.0
day_ahead_price,xgb_oof_train,peak,segment_model,2025-08-13 00:15:00,weekly,lag_1,0.29961350560188293
day_ahead_price,xgb_oof_train,peak,segment_model,2025-08-13 00:15:00,weekly,lag_2,0.015873443335294724
day_ahead_price,xgb_oof_train,peak,segment_model,2025-08-13 00:15:00,weekly,lag_4,0.00545501196756959
day_ahead_price,xgb_oof_train,peak,segment_model,2025-08-13 00:15:00,weekly,lag_96,0.008080689236521721
day_ahead_price,xgb_oof_train,peak,segment_model,2025-08-13 00:15:00,weekly,lag_192,0.00583233218640089
day_ahead_price,xgb_oof_train,peak,segment_model,2025-08-13 00:15:00,weekly,lag_672,0.005718152970075607
day_ahead_price,xgb_oof_train,peak,segment_model,2025-08-13 00:15:00,weekly,roll_mean_4,0.5519382953643799
day_ahead_price,xgb_oof_train,peak,segment_model,2025-08-13 00:15:00,weekly,roll_mean_16,0.009962525218725204
day_ahead_price,xgb_oof_train,peak,segment_model,2025-08-13 00:15:00,weekly,roll_mean_96,0.012423020787537098
day_ahead_price,xgb_oof_train,peak,segment_model,2025-08-13 00:15:00,weekly,roll_mean_672,0.005095392931252718
day_ahead_price,xgb_oof_train,peak,segment_model,2025-08-13 00:15:00,weekly,roll_std_96,0.00432937266305089
day_ahead_price,xgb_oof_train,peak,segment_model,2025-08-13 00:15:00,weekly,diff_1,0.015711603686213493
day_ahead_price,xgb_oof_train,peak,segment_model,2025-08-13 00:15:00,weekly,diff_96,0.003980779554694891
day_ahead_price,xgb_oof_train,peak,segment_model,2025-08-13 00:15:00,weekly,hour,0.005849622655659914
day_ahead_price,xgb_oof_train,peak,segment_model,2025-08-13 00:15:00,weekly,minute,0.002899409271776676
day_ahead_price,xgb_oof_train,peak,segment_model,2025-08-13 00:15:00,weekly,dayofweek,0.004286805633455515
day_ahead_price,xgb_oof_train,peak,segment_model,2025-08-13 00:15:00,weekly,slot96,0.006362583488225937
day_ahead_price,xgb_oof_train,peak,segment_model,2025-08-13 00:15:00,weekly,sin_slot96,0.023541448637843132
day_ahead_price,xgb_oof_train,peak,segment_model,2025-08-13 00:15:00,weekly,cos_slot96,0.0034718939568847418
day_ahead_price,xgb_oof_train,peak,segment_model,2025-08-13 00:15:00,weekly,is_holiday,0.009127264842391014
day_ahead_price,xgb_oof_train,peak,segment_model,2025-08-13 00:15:00,weekly,is_workday,0.0
day_ahead_price,xgb_oof_train,peak,segment_model,2025-08-13 00:15:00,weekly,is_weekend,0.0
day_ahead_price,xgb_oof_train,peak,segment_model,2025-08-13 00:15:00,weekly,is_makeup_workday,0.0
day_ahead_price,xgb_oof_train,peak,segment_model,2025-08-13 00:15:00,weekly,before_holiday_1d,0.0004468400729820132
day_ahead_price,xgb_oof_train,peak,segment_model,2025-08-13 00:15:00,weekly,after_holiday_1d,0.0
day_ahead_price,xgb_oof_train,peak,segment_model,2025-08-13 00:15:00,weekly,holiday_name_Dragon Boat Festival,0.0
day_ahead_price,xgb_oof_train,peak,segment_model,2025-08-13 00:15:00,weekly,holiday_name_Labour Day,0.0
day_ahead_price,xgb_oof_train,peak,segment_model,2025-08-13 00:15:00,weekly,holiday_name_Mid-autumn Festival,0.0
day_ahead_price,xgb_oof_train,peak,segment_model,2025-08-13 00:15:00,weekly,holiday_name_National Day,0.0
day_ahead_price,xgb_oof_train,peak,segment_model,2025-08-13 00:15:00,weekly,holiday_name_New Year's Day,0.0
day_ahead_price,xgb_oof_train,peak,segment_model,2025-08-13 00:15:00,weekly,holiday_name_None,0.0
day_ahead_price,xgb_oof_train,peak,segment_model,2025-08-13 00:15:00,weekly,holiday_name_Spring Festival,0.0
day_ahead_price,xgb_oof_train,peak,segment_model,2025-08-13 00:15:00,weekly,holiday_name_Tomb-sweeping Day,0.0
day_ahead_price,xgb_oof_train,global,global_model,2025-08-20 00:15:00,weekly,lag_1,0.5177186131477356
day_ahead_price,xgb_oof_train,global,global_model,2025-08-20 00:15:00,weekly,lag_2,0.009053218178451061
day_ahead_price,xgb_oof_train,global,global_model,2025-08-20 00:15:00,weekly,lag_4,0.007411173544824123
day_ahead_price,xgb_oof_train,global,global_model,2025-08-20 00:15:00,weekly,lag_96,0.01454988680779934
day_ahead_price,xgb_oof_train,global,global_model,2025-08-20 00:15:00,weekly,lag_192,0.011194019578397274
day_ahead_price,xgb_oof_train,global,global_model,2025-08-20 00:15:00,weekly,lag_672,0.015010012313723564
day_ahead_price,xgb_oof_train,global,global_model,2025-08-20 00:15:00,weekly,roll_mean_4,0.2982710301876068
day_ahead_price,xgb_oof_train,global,global_model,2025-08-20 00:15:00,weekly,roll_mean_16,0.010636641643941402
day_ahead_price,xgb_oof_train,global,global_model,2025-08-20 00:15:00,weekly,roll_mean_96,0.007042934186756611
day_ahead_price,xgb_oof_train,global,global_model,2025-08-20 00:15:00,weekly,roll_mean_672,0.005710512865334749
day_ahead_price,xgb_oof_train,global,global_model,2025-08-20 00:15:00,weekly,roll_std_96,0.005376484710723162
day_ahead_price,xgb_oof_train,global,global_model,2025-08-20 00:15:00,weekly,diff_1,0.011844293214380741
day_ahead_price,xgb_oof_train,global,global_model,2025-08-20 00:15:00,weekly,diff_96,0.01670701429247856
day_ahead_price,xgb_oof_train,global,global_model,2025-08-20 00:15:00,weekly,hour,0.007412692531943321
day_ahead_price,xgb_oof_train,global,global_model,2025-08-20 00:15:00,weekly,minute,0.003260726807639003
day_ahead_price,xgb_oof_train,global,global_model,2025-08-20 00:15:00,weekly,dayofweek,0.009773774072527885
day_ahead_price,xgb_oof_train,global,global_model,2025-08-20 00:15:00,weekly,slot96,0.019521040841937065
day_ahead_price,xgb_oof_train,global,global_model,2025-08-20 00:15:00,weekly,sin_slot96,0.015691448003053665
day_ahead_price,xgb_oof_train,global,global_model,2025-08-20 00:15:00,weekly,cos_slot96,0.005759392865002155
day_ahead_price,xgb_oof_train,global,global_model,2025-08-20 00:15:00,weekly,is_holiday,0.0013996403431519866
day_ahead_price,xgb_oof_train,global,global_model,2025-08-20 00:15:00,weekly,is_workday,0.0
day_ahead_price,xgb_oof_train,global,global_model,2025-08-20 00:15:00,weekly,is_weekend,0.0
day_ahead_price,xgb_oof_train,global,global_model,2025-08-20 00:15:00,weekly,is_makeup_workday,0.0
day_ahead_price,xgb_oof_train,global,global_model,2025-08-20 00:15:00,weekly,before_holiday_1d,0.006655463483184576
day_ahead_price,xgb_oof_train,global,global_model,2025-08-20 00:15:00,weekly,after_holiday_1d,0.0
day_ahead_price,xgb_oof_train,global,global_model,2025-08-20 00:15:00,weekly,holiday_name_Dragon Boat Festival,0.0
day_ahead_price,xgb_oof_train,global,global_model,2025-08-20 00:15:00,weekly,holiday_name_Labour Day,0.0
day_ahead_price,xgb_oof_train,global,global_model,2025-08-20 00:15:00,weekly,holiday_name_Mid-autumn Festival,0.0
day_ahead_price,xgb_oof_train,global,global_model,2025-08-20 00:15:00,weekly,holiday_name_National Day,0.0
day_ahead_price,xgb_oof_train,global,global_model,2025-08-20 00:15:00,weekly,holiday_name_New Year's Day,0.0
day_ahead_price,xgb_oof_train,global,global_model,2025-08-20 00:15:00,weekly,holiday_name_None,0.0
day_ahead_price,xgb_oof_train,global,global_model,2025-08-20 00:15:00,weekly,holiday_name_Spring Festival,0.0
day_ahead_price,xgb_oof_train,global,global_model,2025-08-20 00:15:00,weekly,holiday_name_Tomb-sweeping Day,0.0
day_ahead_price,xgb_oof_train,valley,segment_model,2025-08-20 00:15:00,weekly,lag_1,0.5339373350143433
day_ahead_price,xgb_oof_train,valley,segment_model,2025-08-20 00:15:00,weekly,lag_2,0.13502882421016693
day_ahead_price,xgb_oof_train,valley,segment_model,2025-08-20 00:15:00,weekly,lag_4,0.004159812815487385
day_ahead_price,xgb_oof_train,valley,segment_model,2025-08-20 00:15:00,weekly,lag_96,0.006371045019477606
day_ahead_price,xgb_oof_train,valley,segment_model,2025-08-20 00:15:00,weekly,lag_192,0.0031436707358807325
day_ahead_price,xgb_oof_train,valley,segment_model,2025-08-20 00:15:00,weekly,lag_672,0.0052077737636864185
day_ahead_price,xgb_oof_train,valley,segment_model,2025-08-20 00:15:00,weekly,roll_mean_4,0.2200162410736084
day_ahead_price,xgb_oof_train,valley,segment_model,2025-08-20 00:15:00,weekly,roll_mean_16,0.002480576280504465
day_ahead_price,xgb_oof_train,valley,segment_model,2025-08-20 00:15:00,weekly,roll_mean_96,0.0040697804652154446
day_ahead_price,xgb_oof_train,valley,segment_model,2025-08-20 00:15:00,weekly,roll_mean_672,0.006074466276913881
day_ahead_price,xgb_oof_train,valley,segment_model,2025-08-20 00:15:00,weekly,roll_std_96,0.013553082011640072
day_ahead_price,xgb_oof_train,valley,segment_model,2025-08-20 00:15:00,weekly,diff_1,0.013744218274950981
day_ahead_price,xgb_oof_train,valley,segment_model,2025-08-20 00:15:00,weekly,diff_96,0.0041258144192397594
day_ahead_price,xgb_oof_train,valley,segment_model,2025-08-20 00:15:00,weekly,hour,0.0047623151913285255
day_ahead_price,xgb_oof_train,valley,segment_model,2025-08-20 00:15:00,weekly,minute,0.005314620211720467
day_ahead_price,xgb_oof_train,valley,segment_model,2025-08-20 00:15:00,weekly,dayofweek,0.004723969381302595
day_ahead_price,xgb_oof_train,valley,segment_model,2025-08-20 00:15:00,weekly,slot96,0.006900188513100147
day_ahead_price,xgb_oof_train,valley,segment_model,2025-08-20 00:15:00,weekly,sin_slot96,0.004840765614062548
day_ahead_price,xgb_oof_train,valley,segment_model,2025-08-20 00:15:00,weekly,cos_slot96,0.00540191400796175
day_ahead_price,xgb_oof_train,valley,segment_model,2025-08-20 00:15:00,weekly,is_holiday,0.0
day_ahead_price,xgb_oof_train,valley,segment_model,2025-08-20 00:15:00,weekly,is_workday,0.0
day_ahead_price,xgb_oof_train,valley,segment_model,2025-08-20 00:15:00,weekly,is_weekend,0.0
day_ahead_price,xgb_oof_train,valley,segment_model,2025-08-20 00:15:00,weekly,is_makeup_workday,0.003065468743443489
day_ahead_price,xgb_oof_train,valley,segment_model,2025-08-20 00:15:00,weekly,before_holiday_1d,0.00801339652389288
day_ahead_price,xgb_oof_train,valley,segment_model,2025-08-20 00:15:00,weekly,after_holiday_1d,0.0
day_ahead_price,xgb_oof_train,valley,segment_model,2025-08-20 00:15:00,weekly,holiday_name_Dragon Boat Festival,0.0
day_ahead_price,xgb_oof_train,valley,segment_model,2025-08-20 00:15:00,weekly,holiday_name_Labour Day,0.0
day_ahead_price,xgb_oof_train,valley,segment_model,2025-08-20 00:15:00,weekly,holiday_name_Mid-autumn Festival,0.0
day_ahead_price,xgb_oof_train,valley,segment_model,2025-08-20 00:15:00,weekly,holiday_name_National Day,0.0
day_ahead_price,xgb_oof_train,valley,segment_model,2025-08-20 00:15:00,weekly,holiday_name_New Year's Day,0.0018850925844162703
day_ahead_price,xgb_oof_train,valley,segment_model,2025-08-20 00:15:00,weekly,holiday_name_None,0.0008931255433708429
day_ahead_price,xgb_oof_train,valley,segment_model,2025-08-20 00:15:00,weekly,holiday_name_Spring Festival,0.0022865021601319313
day_ahead_price,xgb_oof_train,valley,segment_model,2025-08-20 00:15:00,weekly,holiday_name_Tomb-sweeping Day,0.0
day_ahead_price,xgb_oof_train,flat,segment_model,2025-08-20 00:15:00,weekly,lag_1,0.4821828603744507
day_ahead_price,xgb_oof_train,flat,segment_model,2025-08-20 00:15:00,weekly,lag_2,0.02235966920852661
day_ahead_price,xgb_oof_train,flat,segment_model,2025-08-20 00:15:00,weekly,lag_4,0.00924760103225708
day_ahead_price,xgb_oof_train,flat,segment_model,2025-08-20 00:15:00,weekly,lag_96,0.015379215590655804
day_ahead_price,xgb_oof_train,flat,segment_model,2025-08-20 00:15:00,weekly,lag_192,0.007978580892086029
day_ahead_price,xgb_oof_train,flat,segment_model,2025-08-20 00:15:00,weekly,lag_672,0.01043452974408865
day_ahead_price,xgb_oof_train,flat,segment_model,2025-08-20 00:15:00,weekly,roll_mean_4,0.19204822182655334
day_ahead_price,xgb_oof_train,flat,segment_model,2025-08-20 00:15:00,weekly,roll_mean_16,0.012623602524399757
day_ahead_price,xgb_oof_train,flat,segment_model,2025-08-20 00:15:00,weekly,roll_mean_96,0.011249306611716747
day_ahead_price,xgb_oof_train,flat,segment_model,2025-08-20 00:15:00,weekly,roll_mean_672,0.007837065495550632
day_ahead_price,xgb_oof_train,flat,segment_model,2025-08-20 00:15:00,weekly,roll_std_96,0.008093860931694508
day_ahead_price,xgb_oof_train,flat,segment_model,2025-08-20 00:15:00,weekly,diff_1,0.02714681252837181
day_ahead_price,xgb_oof_train,flat,segment_model,2025-08-20 00:15:00,weekly,diff_96,0.02132517099380493
day_ahead_price,xgb_oof_train,flat,segment_model,2025-08-20 00:15:00,weekly,hour,0.017239172011613846
day_ahead_price,xgb_oof_train,flat,segment_model,2025-08-20 00:15:00,weekly,minute,0.0259647648781538
day_ahead_price,xgb_oof_train,flat,segment_model,2025-08-20 00:15:00,weekly,dayofweek,0.004918386228382587
day_ahead_price,xgb_oof_train,flat,segment_model,2025-08-20 00:15:00,weekly,slot96,0.032462310045957565
day_ahead_price,xgb_oof_train,flat,segment_model,2025-08-20 00:15:00,weekly,sin_slot96,0.06935088336467743
day_ahead_price,xgb_oof_train,flat,segment_model,2025-08-20 00:15:00,weekly,cos_slot96,0.006181648932397366
day_ahead_price,xgb_oof_train,flat,segment_model,2025-08-20 00:15:00,weekly,is_holiday,0.0
day_ahead_price,xgb_oof_train,flat,segment_model,2025-08-20 00:15:00,weekly,is_workday,0.0
day_ahead_price,xgb_oof_train,flat,segment_model,2025-08-20 00:15:00,weekly,is_weekend,0.0
day_ahead_price,xgb_oof_train,flat,segment_model,2025-08-20 00:15:00,weekly,is_makeup_workday,0.0001951394515344873
day_ahead_price,xgb_oof_train,flat,segment_model,2025-08-20 00:15:00,weekly,before_holiday_1d,0.0009969829116016626
day_ahead_price,xgb_oof_train,flat,segment_model,2025-08-20 00:15:00,weekly,after_holiday_1d,0.014784193597733974
day_ahead_price,xgb_oof_train,flat,segment_model,2025-08-20 00:15:00,weekly,holiday_name_Dragon Boat Festival,0.0
day_ahead_price,xgb_oof_train,flat,segment_model,2025-08-20 00:15:00,weekly,holiday_name_Labour Day,0.0
day_ahead_price,xgb_oof_train,flat,segment_model,2025-08-20 00:15:00,weekly,holiday_name_Mid-autumn Festival,0.0
day_ahead_price,xgb_oof_train,flat,segment_model,2025-08-20 00:15:00,weekly,holiday_name_National Day,0.0
day_ahead_price,xgb_oof_train,flat,segment_model,2025-08-20 00:15:00,weekly,holiday_name_New Year's Day,0.0
day_ahead_price,xgb_oof_train,flat,segment_model,2025-08-20 00:15:00,weekly,holiday_name_None,0.0
day_ahead_price,xgb_oof_train,flat,segment_model,2025-08-20 00:15:00,weekly,holiday_name_Spring Festival,0.0
day_ahead_price,xgb_oof_train,flat,segment_model,2025-08-20 00:15:00,weekly,holiday_name_Tomb-sweeping Day,0.0
day_ahead_price,xgb_oof_train,peak,segment_model,2025-08-20 00:15:00,weekly,lag_1,0.27297183871269226
day_ahead_price,xgb_oof_train,peak,segment_model,2025-08-20 00:15:00,weekly,lag_2,0.01195727288722992
day_ahead_price,xgb_oof_train,peak,segment_model,2025-08-20 00:15:00,weekly,lag_4,0.005361340474337339
day_ahead_price,xgb_oof_train,peak,segment_model,2025-08-20 00:15:00,weekly,lag_96,0.008604269474744797
day_ahead_price,xgb_oof_train,peak,segment_model,2025-08-20 00:15:00,weekly,lag_192,0.004081765655428171
day_ahead_price,xgb_oof_train,peak,segment_model,2025-08-20 00:15:00,weekly,lag_672,0.003543887287378311
day_ahead_price,xgb_oof_train,peak,segment_model,2025-08-20 00:15:00,weekly,roll_mean_4,0.5943212509155273
day_ahead_price,xgb_oof_train,peak,segment_model,2025-08-20 00:15:00,weekly,roll_mean_16,0.005089832004159689
day_ahead_price,xgb_oof_train,peak,segment_model,2025-08-20 00:15:00,weekly,roll_mean_96,0.01280855480581522
day_ahead_price,xgb_oof_train,peak,segment_model,2025-08-20 00:15:00,weekly,roll_mean_672,0.00470572616904974
day_ahead_price,xgb_oof_train,peak,segment_model,2025-08-20 00:15:00,weekly,roll_std_96,0.004765158519148827
day_ahead_price,xgb_oof_train,peak,segment_model,2025-08-20 00:15:00,weekly,diff_1,0.013388993218541145
day_ahead_price,xgb_oof_train,peak,segment_model,2025-08-20 00:15:00,weekly,diff_96,0.005612615030258894
day_ahead_price,xgb_oof_train,peak,segment_model,2025-08-20 00:15:00,weekly,hour,0.006620793137699366
day_ahead_price,xgb_oof_train,peak,segment_model,2025-08-20 00:15:00,weekly,minute,0.002883411478251219
day_ahead_price,xgb_oof_train,peak,segment_model,2025-08-20 00:15:00,weekly,dayofweek,0.005710274446755648
day_ahead_price,xgb_oof_train,peak,segment_model,2025-08-20 00:15:00,weekly,slot96,0.004995121154934168
day_ahead_price,xgb_oof_train,peak,segment_model,2025-08-20 00:15:00,weekly,sin_slot96,0.023009993135929108
day_ahead_price,xgb_oof_train,peak,segment_model,2025-08-20 00:15:00,weekly,cos_slot96,0.0030966412741690874
day_ahead_price,xgb_oof_train,peak,segment_model,2025-08-20 00:15:00,weekly,is_holiday,0.0
day_ahead_price,xgb_oof_train,peak,segment_model,2025-08-20 00:15:00,weekly,is_workday,0.0
day_ahead_price,xgb_oof_train,peak,segment_model,2025-08-20 00:15:00,weekly,is_weekend,0.0
day_ahead_price,xgb_oof_train,peak,segment_model,2025-08-20 00:15:00,weekly,is_makeup_workday,0.0
day_ahead_price,xgb_oof_train,peak,segment_model,2025-08-20 00:15:00,weekly,before_holiday_1d,0.0016440334729850292
day_ahead_price,xgb_oof_train,peak,segment_model,2025-08-20 00:15:00,weekly,after_holiday_1d,0.0013208955060690641
day_ahead_price,xgb_oof_train,peak,segment_model,2025-08-20 00:15:00,weekly,holiday_name_Dragon Boat Festival,0.0
day_ahead_price,xgb_oof_train,peak,segment_model,2025-08-20 00:15:00,weekly,holiday_name_Labour Day,0.0
day_ahead_price,xgb_oof_train,peak,segment_model,2025-08-20 00:15:00,weekly,holiday_name_Mid-autumn Festival,0.0
day_ahead_price,xgb_oof_train,peak,segment_model,2025-08-20 00:15:00,weekly,holiday_name_National Day,0.0
day_ahead_price,xgb_oof_train,peak,segment_model,2025-08-20 00:15:00,weekly,holiday_name_New Year's Day,0.0
day_ahead_price,xgb_oof_train,peak,segment_model,2025-08-20 00:15:00,weekly,holiday_name_None,0.0003813926305156201
day_ahead_price,xgb_oof_train,peak,segment_model,2025-08-20 00:15:00,weekly,holiday_name_Spring Festival,0.003124974202364683
day_ahead_price,xgb_oof_train,peak,segment_model,2025-08-20 00:15:00,weekly,holiday_name_Tomb-sweeping Day,0.0
day_ahead_price,xgb_oof_train,global,global_model,2025-08-27 00:15:00,weekly,lag_1,0.5239298343658447
day_ahead_price,xgb_oof_train,global,global_model,2025-08-27 00:15:00,weekly,lag_2,0.009782754816114902
day_ahead_price,xgb_oof_train,global,global_model,2025-08-27 00:15:00,weekly,lag_4,0.005898678675293922
day_ahead_price,xgb_oof_train,global,global_model,2025-08-27 00:15:00,weekly,lag_96,0.015309641137719154
day_ahead_price,xgb_oof_train,global,global_model,2025-08-27 00:15:00,weekly,lag_192,0.012182008475065231
day_ahead_price,xgb_oof_train,global,global_model,2025-08-27 00:15:00,weekly,lag_672,0.014455096796154976
day_ahead_price,xgb_oof_train,global,global_model,2025-08-27 00:15:00,weekly,roll_mean_4,0.2843022346496582
day_ahead_price,xgb_oof_train,global,global_model,2025-08-27 00:15:00,weekly,roll_mean_16,0.012041300535202026
day_ahead_price,xgb_oof_train,global,global_model,2025-08-27 00:15:00,weekly,roll_mean_96,0.00637052720412612
day_ahead_price,xgb_oof_train,global,global_model,2025-08-27 00:15:00,weekly,roll_mean_672,0.006009383592754602
day_ahead_price,xgb_oof_train,global,global_model,2025-08-27 00:15:00,weekly,roll_std_96,0.0056686089374125
day_ahead_price,xgb_oof_train,global,global_model,2025-08-27 00:15:00,weekly,diff_1,0.010336116887629032
day_ahead_price,xgb_oof_train,global,global_model,2025-08-27 00:15:00,weekly,diff_96,0.020757706835865974
day_ahead_price,xgb_oof_train,global,global_model,2025-08-27 00:15:00,weekly,hour,0.007674062624573708
day_ahead_price,xgb_oof_train,global,global_model,2025-08-27 00:15:00,weekly,minute,0.001324372598901391
day_ahead_price,xgb_oof_train,global,global_model,2025-08-27 00:15:00,weekly,dayofweek,0.014757106080651283
day_ahead_price,xgb_oof_train,global,global_model,2025-08-27 00:15:00,weekly,slot96,0.017815448343753815
day_ahead_price,xgb_oof_train,global,global_model,2025-08-27 00:15:00,weekly,sin_slot96,0.015307425521314144
day_ahead_price,xgb_oof_train,global,global_model,2025-08-27 00:15:00,weekly,cos_slot96,0.005977093707770109
day_ahead_price,xgb_oof_train,global,global_model,2025-08-27 00:15:00,weekly,is_holiday,0.0
day_ahead_price,xgb_oof_train,global,global_model,2025-08-27 00:15:00,weekly,is_workday,0.0
day_ahead_price,xgb_oof_train,global,global_model,2025-08-27 00:15:00,weekly,is_weekend,0.0
day_ahead_price,xgb_oof_train,global,global_model,2025-08-27 00:15:00,weekly,is_makeup_workday,0.0
day_ahead_price,xgb_oof_train,global,global_model,2025-08-27 00:15:00,weekly,before_holiday_1d,0.007685916963964701
day_ahead_price,xgb_oof_train,global,global_model,2025-08-27 00:15:00,weekly,after_holiday_1d,0.0024146628566086292
day_ahead_price,xgb_oof_train,global,global_model,2025-08-27 00:15:00,weekly,holiday_name_Dragon Boat Festival,0.0
day_ahead_price,xgb_oof_train,global,global_model,2025-08-27 00:15:00,weekly,holiday_name_Labour Day,0.0
day_ahead_price,xgb_oof_train,global,global_model,2025-08-27 00:15:00,weekly,holiday_name_Mid-autumn Festival,0.0
day_ahead_price,xgb_oof_train,global,global_model,2025-08-27 00:15:00,weekly,holiday_name_National Day,0.0
day_ahead_price,xgb_oof_train,global,global_model,2025-08-27 00:15:00,weekly,holiday_name_New Year's Day,0.0
day_ahead_price,xgb_oof_train,global,global_model,2025-08-27 00:15:00,weekly,holiday_name_None,0.0
day_ahead_price,xgb_oof_train,global,global_model,2025-08-27 00:15:00,weekly,holiday_name_Spring Festival,0.0
day_ahead_price,xgb_oof_train,global,global_model,2025-08-27 00:15:00,weekly,holiday_name_Tomb-sweeping Day,0.0
day_ahead_price,xgb_oof_train,valley,segment_model,2025-08-27 00:15:00,weekly,lag_1,0.5418278574943542
day_ahead_price,xgb_oof_train,valley,segment_model,2025-08-27 00:15:00,weekly,lag_2,0.12365248054265976
day_ahead_price,xgb_oof_train,valley,segment_model,2025-08-27 00:15:00,weekly,lag_4,0.0036780950613319874
day_ahead_price,xgb_oof_train,valley,segment_model,2025-08-27 00:15:00,weekly,lag_96,0.005926103796809912
day_ahead_price,xgb_oof_train,valley,segment_model,2025-08-27 00:15:00,weekly,lag_192,0.005486607551574707
day_ahead_price,xgb_oof_train,valley,segment_model,2025-08-27 00:15:00,weekly,lag_672,0.0037820327561348677
day_ahead_price,xgb_oof_train,valley,segment_model,2025-08-27 00:15:00,weekly,roll_mean_4,0.23336146771907806
day_ahead_price,xgb_oof_train,valley,segment_model,2025-08-27 00:15:00,weekly,roll_mean_16,0.0041731554083526134
day_ahead_price,xgb_oof_train,valley,segment_model,2025-08-27 00:15:00,weekly,roll_mean_96,0.004144552629441023
day_ahead_price,xgb_oof_train,valley,segment_model,2025-08-27 00:15:00,weekly,roll_mean_672,0.005859431345015764
day_ahead_price,xgb_oof_train,valley,segment_model,2025-08-27 00:15:00,weekly,roll_std_96,0.01236945390701294
day_ahead_price,xgb_oof_train,valley,segment_model,2025-08-27 00:15:00,weekly,diff_1,0.01391445379704237
day_ahead_price,xgb_oof_train,valley,segment_model,2025-08-27 00:15:00,weekly,diff_96,0.004465301986783743
day_ahead_price,xgb_oof_train,valley,segment_model,2025-08-27 00:15:00,weekly,hour,0.0037739130202680826
day_ahead_price,xgb_oof_train,valley,segment_model,2025-08-27 00:15:00,weekly,minute,0.006829118821769953
day_ahead_price,xgb_oof_train,valley,segment_model,2025-08-27 00:15:00,weekly,dayofweek,0.003547572297975421
day_ahead_price,xgb_oof_train,valley,segment_model,2025-08-27 00:15:00,weekly,slot96,0.007198011502623558
day_ahead_price,xgb_oof_train,valley,segment_model,2025-08-27 00:15:00,weekly,sin_slot96,0.0044977120123803616
day_ahead_price,xgb_oof_train,valley,segment_model,2025-08-27 00:15:00,weekly,cos_slot96,0.006413486786186695
day_ahead_price,xgb_oof_train,valley,segment_model,2025-08-27 00:15:00,weekly,is_holiday,0.0
day_ahead_price,xgb_oof_train,valley,segment_model,2025-08-27 00:15:00,weekly,is_workday,0.0
day_ahead_price,xgb_oof_train,valley,segment_model,2025-08-27 00:15:00,weekly,is_weekend,0.0
day_ahead_price,xgb_oof_train,valley,segment_model,2025-08-27 00:15:00,weekly,is_makeup_workday,0.0
day_ahead_price,xgb_oof_train,valley,segment_model,2025-08-27 00:15:00,weekly,before_holiday_1d,0.0
day_ahead_price,xgb_oof_train,valley,segment_model,2025-08-27 00:15:00,weekly,after_holiday_1d,0.0
day_ahead_price,xgb_oof_train,valley,segment_model,2025-08-27 00:15:00,weekly,holiday_name_Dragon Boat Festival,0.0
day_ahead_price,xgb_oof_train,valley,segment_model,2025-08-27 00:15:00,weekly,holiday_name_Labour Day,0.0
day_ahead_price,xgb_oof_train,valley,segment_model,2025-08-27 00:15:00,weekly,holiday_name_Mid-autumn Festival,0.0
day_ahead_price,xgb_oof_train,valley,segment_model,2025-08-27 00:15:00,weekly,holiday_name_National Day,0.0
day_ahead_price,xgb_oof_train,valley,segment_model,2025-08-27 00:15:00,weekly,holiday_name_New Year's Day,0.002222481882199645
day_ahead_price,xgb_oof_train,valley,segment_model,2025-08-27 00:15:00,weekly,holiday_name_None,0.000596598896663636
day_ahead_price,xgb_oof_train,valley,segment_model,2025-08-27 00:15:00,weekly,holiday_name_Spring Festival,0.002280173357576132
day_ahead_price,xgb_oof_train,valley,segment_model,2025-08-27 00:15:00,weekly,holiday_name_Tomb-sweeping Day,0.0
day_ahead_price,xgb_oof_train,flat,segment_model,2025-08-27 00:15:00,weekly,lag_1,0.4650713801383972
day_ahead_price,xgb_oof_train,flat,segment_model,2025-08-27 00:15:00,weekly,lag_2,0.06146811693906784
day_ahead_price,xgb_oof_train,flat,segment_model,2025-08-27 00:15:00,weekly,lag_4,0.0074982107616961
day_ahead_price,xgb_oof_train,flat,segment_model,2025-08-27 00:15:00,weekly,lag_96,0.013850957155227661
day_ahead_price,xgb_oof_train,flat,segment_model,2025-08-27 00:15:00,weekly,lag_192,0.011516539379954338
day_ahead_price,xgb_oof_train,flat,segment_model,2025-08-27 00:15:00,weekly,lag_672,0.010870221070945263
day_ahead_price,xgb_oof_train,flat,segment_model,2025-08-27 00:15:00,weekly,roll_mean_4,0.13919810950756073
day_ahead_price,xgb_oof_train,flat,segment_model,2025-08-27 00:15:00,weekly,roll_mean_16,0.012785074301064014
day_ahead_price,xgb_oof_train,flat,segment_model,2025-08-27 00:15:00,weekly,roll_mean_96,0.008637212216854095
day_ahead_price,xgb_oof_train,flat,segment_model,2025-08-27 00:15:00,weekly,roll_mean_672,0.007965592667460442
day_ahead_price,xgb_oof_train,flat,segment_model,2025-08-27 00:15:00,weekly,roll_std_96,0.010618435218930244
day_ahead_price,xgb_oof_train,flat,segment_model,2025-08-27 00:15:00,weekly,diff_1,0.02655201591551304
day_ahead_price,xgb_oof_train,flat,segment_model,2025-08-27 00:15:00,weekly,diff_96,0.02642916329205036
day_ahead_price,xgb_oof_train,flat,segment_model,2025-08-27 00:15:00,weekly,hour,0.027100156992673874
day_ahead_price,xgb_oof_train,flat,segment_model,2025-08-27 00:15:00,weekly,minute,0.023382367566227913
day_ahead_price,xgb_oof_train,flat,segment_model,2025-08-27 00:15:00,weekly,dayofweek,0.0033007392194122076
day_ahead_price,xgb_oof_train,flat,segment_model,2025-08-27 00:15:00,weekly,slot96,0.03654474765062332
day_ahead_price,xgb_oof_train,flat,segment_model,2025-08-27 00:15:00,weekly,sin_slot96,0.07225870341062546
day_ahead_price,xgb_oof_train,flat,segment_model,2025-08-27 00:15:00,weekly,cos_slot96,0.0056921872310340405
day_ahead_price,xgb_oof_train,flat,segment_model,2025-08-27 00:15:00,weekly,is_holiday,0.0
day_ahead_price,xgb_oof_train,flat,segment_model,2025-08-27 00:15:00,weekly,is_workday,0.0
day_ahead_price,xgb_oof_train,flat,segment_model,2025-08-27 00:15:00,weekly,is_weekend,0.0
day_ahead_price,xgb_oof_train,flat,segment_model,2025-08-27 00:15:00,weekly,is_makeup_workday,0.0
day_ahead_price,xgb_oof_train,flat,segment_model,2025-08-27 00:15:00,weekly,before_holiday_1d,0.013007340021431446
day_ahead_price,xgb_oof_train,flat,segment_model,2025-08-27 00:15:00,weekly,after_holiday_1d,0.016252676025032997
day_ahead_price,xgb_oof_train,flat,segment_model,2025-08-27 00:15:00,weekly,holiday_name_Dragon Boat Festival,0.0
day_ahead_price,xgb_oof_train,flat,segment_model,2025-08-27 00:15:00,weekly,holiday_name_Labour Day,0.0
day_ahead_price,xgb_oof_train,flat,segment_model,2025-08-27 00:15:00,weekly,holiday_name_Mid-autumn Festival,0.0
day_ahead_price,xgb_oof_train,flat,segment_model,2025-08-27 00:15:00,weekly,holiday_name_National Day,0.0
day_ahead_price,xgb_oof_train,flat,segment_model,2025-08-27 00:15:00,weekly,holiday_name_New Year's Day,0.0
day_ahead_price,xgb_oof_train,flat,segment_model,2025-08-27 00:15:00,weekly,holiday_name_None,0.0
day_ahead_price,xgb_oof_train,flat,segment_model,2025-08-27 00:15:00,weekly,holiday_name_Spring Festival,0.0
day_ahead_price,xgb_oof_train,flat,segment_model,2025-08-27 00:15:00,weekly,holiday_name_Tomb-sweeping Day,0.0
day_ahead_price,xgb_oof_train,peak,segment_model,2025-08-27 00:15:00,weekly,lag_1,0.2582833468914032
day_ahead_price,xgb_oof_train,peak,segment_model,2025-08-27 00:15:00,weekly,lag_2,0.010615422390401363
day_ahead_price,xgb_oof_train,peak,segment_model,2025-08-27 00:15:00,weekly,lag_4,0.004659285303205252
day_ahead_price,xgb_oof_train,peak,segment_model,2025-08-27 00:15:00,weekly,lag_96,0.006754470057785511
day_ahead_price,xgb_oof_train,peak,segment_model,2025-08-27 00:15:00,weekly,lag_192,0.003608411643654108
day_ahead_price,xgb_oof_train,peak,segment_model,2025-08-27 00:15:00,weekly,lag_672,0.004356045741587877
day_ahead_price,xgb_oof_train,peak,segment_model,2025-08-27 00:15:00,weekly,roll_mean_4,0.6093909740447998
day_ahead_price,xgb_oof_train,peak,segment_model,2025-08-27 00:15:00,weekly,roll_mean_16,0.006740576587617397
day_ahead_price,xgb_oof_train,peak,segment_model,2025-08-27 00:15:00,weekly,roll_mean_96,0.011358079500496387
day_ahead_price,xgb_oof_train,peak,segment_model,2025-08-27 00:15:00,weekly,roll_mean_672,0.005200331564992666
day_ahead_price,xgb_oof_train,peak,segment_model,2025-08-27 00:15:00,weekly,roll_std_96,0.005184705834835768
day_ahead_price,xgb_oof_train,peak,segment_model,2025-08-27 00:15:00,weekly,diff_1,0.012547067366540432
day_ahead_price,xgb_oof_train,peak,segment_model,2025-08-27 00:15:00,weekly,diff_96,0.004606639966368675
day_ahead_price,xgb_oof_train,peak,segment_model,2025-08-27 00:15:00,weekly,hour,0.006053219083696604
day_ahead_price,xgb_oof_train,peak,segment_model,2025-08-27 00:15:00,weekly,minute,0.0026918326038867235
day_ahead_price,xgb_oof_train,peak,segment_model,2025-08-27 00:15:00,weekly,dayofweek,0.004512699320912361
day_ahead_price,xgb_oof_train,peak,segment_model,2025-08-27 00:15:00,weekly,slot96,0.00678575923666358
day_ahead_price,xgb_oof_train,peak,segment_model,2025-08-27 00:15:00,weekly,sin_slot96,0.020707879215478897
day_ahead_price,xgb_oof_train,peak,segment_model,2025-08-27 00:15:00,weekly,cos_slot96,0.0036212331615388393
day_ahead_price,xgb_oof_train,peak,segment_model,2025-08-27 00:15:00,weekly,is_holiday,0.0
day_ahead_price,xgb_oof_train,peak,segment_model,2025-08-27 00:15:00,weekly,is_workday,0.010521572083234787
day_ahead_price,xgb_oof_train,peak,segment_model,2025-08-27 00:15:00,weekly,is_weekend,0.0
day_ahead_price,xgb_oof_train,peak,segment_model,2025-08-27 00:15:00,weekly,is_makeup_workday,0.0
day_ahead_price,xgb_oof_train,peak,segment_model,2025-08-27 00:15:00,weekly,before_holiday_1d,0.00041306650382466614
day_ahead_price,xgb_oof_train,peak,segment_model,2025-08-27 00:15:00,weekly,after_holiday_1d,0.0013874407159164548
day_ahead_price,xgb_oof_train,peak,segment_model,2025-08-27 00:15:00,weekly,holiday_name_Dragon Boat Festival,0.0
day_ahead_price,xgb_oof_train,peak,segment_model,2025-08-27 00:15:00,weekly,holiday_name_Labour Day,0.0
day_ahead_price,xgb_oof_train,peak,segment_model,2025-08-27 00:15:00,weekly,holiday_name_Mid-autumn Festival,0.0
day_ahead_price,xgb_oof_train,peak,segment_model,2025-08-27 00:15:00,weekly,holiday_name_National Day,0.0
day_ahead_price,xgb_oof_train,peak,segment_model,2025-08-27 00:15:00,weekly,holiday_name_New Year's Day,0.0
day_ahead_price,xgb_oof_train,peak,segment_model,2025-08-27 00:15:00,weekly,holiday_name_None,0.0
day_ahead_price,xgb_oof_train,peak,segment_model,2025-08-27 00:15:00,weekly,holiday_name_Spring Festival,0.0
day_ahead_price,xgb_oof_train,peak,segment_model,2025-08-27 00:15:00,weekly,holiday_name_Tomb-sweeping Day,0.0
day_ahead_price,xgb_oof_train,global,global_model,2025-09-03 00:15:00,weekly,lag_1,0.5311589241027832
day_ahead_price,xgb_oof_train,global,global_model,2025-09-03 00:15:00,weekly,lag_2,0.009420551359653473
day_ahead_price,xgb_oof_train,global,global_model,2025-09-03 00:15:00,weekly,lag_4,0.006902828812599182
day_ahead_price,xgb_oof_train,global,global_model,2025-09-03 00:15:00,weekly,lag_96,0.014251512475311756
day_ahead_price,xgb_oof_train,global,global_model,2025-09-03 00:15:00,weekly,lag_192,0.012235647067427635
day_ahead_price,xgb_oof_train,global,global_model,2025-09-03 00:15:00,weekly,lag_672,0.014385931193828583
day_ahead_price,xgb_oof_train,global,global_model,2025-09-03 00:15:00,weekly,roll_mean_4,0.2842169404029846
day_ahead_price,xgb_oof_train,global,global_model,2025-09-03 00:15:00,weekly,roll_mean_16,0.00926855206489563
day_ahead_price,xgb_oof_train,global,global_model,2025-09-03 00:15:00,weekly,roll_mean_96,0.007032719906419516
day_ahead_price,xgb_oof_train,global,global_model,2025-09-03 00:15:00,weekly,roll_mean_672,0.003728729672729969
day_ahead_price,xgb_oof_train,global,global_model,2025-09-03 00:15:00,weekly,roll_std_96,0.007877372205257416
day_ahead_price,xgb_oof_train,global,global_model,2025-09-03 00:15:00,weekly,diff_1,0.011863614432513714
day_ahead_price,xgb_oof_train,global,global_model,2025-09-03 00:15:00,weekly,diff_96,0.01865503191947937
day_ahead_price,xgb_oof_train,global,global_model,2025-09-03 00:15:00,weekly,hour,0.004936295561492443
day_ahead_price,xgb_oof_train,global,global_model,2025-09-03 00:15:00,weekly,minute,0.008715354837477207
day_ahead_price,xgb_oof_train,global,global_model,2025-09-03 00:15:00,weekly,dayofweek,0.0031387396156787872
day_ahead_price,xgb_oof_train,global,global_model,2025-09-03 00:15:00,weekly,slot96,0.022012513130903244
day_ahead_price,xgb_oof_train,global,global_model,2025-09-03 00:15:00,weekly,sin_slot96,0.018124978989362717
day_ahead_price,xgb_oof_train,global,global_model,2025-09-03 00:15:00,weekly,cos_slot96,0.0059301587752997875
day_ahead_price,xgb_oof_train,global,global_model,2025-09-03 00:15:00,weekly,is_holiday,0.0
day_ahead_price,xgb_oof_train,global,global_model,2025-09-03 00:15:00,weekly,is_workday,0.0
day_ahead_price,xgb_oof_train,global,global_model,2025-09-03 00:15:00,weekly,is_weekend,0.0
day_ahead_price,xgb_oof_train,global,global_model,2025-09-03 00:15:00,weekly,is_makeup_workday,0.0
day_ahead_price,xgb_oof_train,global,global_model,2025-09-03 00:15:00,weekly,before_holiday_1d,0.006143603473901749
day_ahead_price,xgb_oof_train,global,global_model,2025-09-03 00:15:00,weekly,after_holiday_1d,0.0
day_ahead_price,xgb_oof_train,global,global_model,2025-09-03 00:15:00,weekly,holiday_name_Dragon Boat Festival,0.0
day_ahead_price,xgb_oof_train,global,global_model,2025-09-03 00:15:00,weekly,holiday_name_Labour Day,0.0
day_ahead_price,xgb_oof_train,global,global_model,2025-09-03 00:15:00,weekly,holiday_name_Mid-autumn Festival,0.0
day_ahead_price,xgb_oof_train,global,global_model,2025-09-03 00:15:00,weekly,holiday_name_National Day,0.0
day_ahead_price,xgb_oof_train,global,global_model,2025-09-03 00:15:00,weekly,holiday_name_New Year's Day,0.0
day_ahead_price,xgb_oof_train,global,global_model,2025-09-03 00:15:00,weekly,holiday_name_None,0.0
day_ahead_price,xgb_oof_train,global,global_model,2025-09-03 00:15:00,weekly,holiday_name_Spring Festival,0.0
day_ahead_price,xgb_oof_train,global,global_model,2025-09-03 00:15:00,weekly,holiday_name_Tomb-sweeping Day,0.0
day_ahead_price,xgb_oof_train,valley,segment_model,2025-09-03 00:15:00,weekly,lag_1,0.4989776611328125
day_ahead_price,xgb_oof_train,valley,segment_model,2025-09-03 00:15:00,weekly,lag_2,0.11557693034410477
day_ahead_price,xgb_oof_train,valley,segment_model,2025-09-03 00:15:00,weekly,lag_4,0.002983254846185446
day_ahead_price,xgb_oof_train,valley,segment_model,2025-09-03 00:15:00,weekly,lag_96,0.0062626986764371395
day_ahead_price,xgb_oof_train,valley,segment_model,2025-09-03 00:15:00,weekly,lag_192,0.003941668197512627
day_ahead_price,xgb_oof_train,valley,segment_model,2025-09-03 00:15:00,weekly,lag_672,0.004428718239068985
day_ahead_price,xgb_oof_train,valley,segment_model,2025-09-03 00:15:00,weekly,roll_mean_4,0.28056371212005615
day_ahead_price,xgb_oof_train,valley,segment_model,2025-09-03 00:15:00,weekly,roll_mean_16,0.004088008310645819
day_ahead_price,xgb_oof_train,valley,segment_model,2025-09-03 00:15:00,weekly,roll_mean_96,0.003741233143955469
day_ahead_price,xgb_oof_train,valley,segment_model,2025-09-03 00:15:00,weekly,roll_mean_672,0.004788093734532595
day_ahead_price,xgb_oof_train,valley,segment_model,2025-09-03 00:15:00,weekly,roll_std_96,0.01329108513891697
day_ahead_price,xgb_oof_train,valley,segment_model,2025-09-03 00:15:00,weekly,diff_1,0.013542604632675648
day_ahead_price,xgb_oof_train,valley,segment_model,2025-09-03 00:15:00,weekly,diff_96,0.003365271957591176
day_ahead_price,xgb_oof_train,valley,segment_model,2025-09-03 00:15:00,weekly,hour,0.004444512072950602
day_ahead_price,xgb_oof_train,valley,segment_model,2025-09-03 00:15:00,weekly,minute,0.015620727092027664
day_ahead_price,xgb_oof_train,valley,segment_model,2025-09-03 00:15:00,weekly,dayofweek,0.0014903360279276967
day_ahead_price,xgb_oof_train,valley,segment_model,2025-09-03 00:15:00,weekly,slot96,0.006671232171356678
day_ahead_price,xgb_oof_train,valley,segment_model,2025-09-03 00:15:00,weekly,sin_slot96,0.0051458836533129215
day_ahead_price,xgb_oof_train,valley,segment_model,2025-09-03 00:15:00,weekly,cos_slot96,0.00231090746819973
day_ahead_price,xgb_oof_train,valley,segment_model,2025-09-03 00:15:00,weekly,is_holiday,0.0034667716827243567
day_ahead_price,xgb_oof_train,valley,segment_model,2025-09-03 00:15:00,weekly,is_workday,0.0
day_ahead_price,xgb_oof_train,valley,segment_model,2025-09-03 00:15:00,weekly,is_weekend,0.0
day_ahead_price,xgb_oof_train,valley,segment_model,2025-09-03 00:15:00,weekly,is_makeup_workday,0.0
day_ahead_price,xgb_oof_train,valley,segment_model,2025-09-03 00:15:00,weekly,before_holiday_1d,0.0
day_ahead_price,xgb_oof_train,valley,segment_model,2025-09-03 00:15:00,weekly,after_holiday_1d,0.0
day_ahead_price,xgb_oof_train,valley,segment_model,2025-09-03 00:15:00,weekly,holiday_name_Dragon Boat Festival,0.0
day_ahead_price,xgb_oof_train,valley,segment_model,2025-09-03 00:15:00,weekly,holiday_name_Labour Day,0.0
day_ahead_price,xgb_oof_train,valley,segment_model,2025-09-03 00:15:00,weekly,holiday_name_Mid-autumn Festival,0.0
day_ahead_price,xgb_oof_train,valley,segment_model,2025-09-03 00:15:00,weekly,holiday_name_National Day,0.0
day_ahead_price,xgb_oof_train,valley,segment_model,2025-09-03 00:15:00,weekly,holiday_name_New Year's Day,0.0019599334336817265
day_ahead_price,xgb_oof_train,valley,segment_model,2025-09-03 00:15:00,weekly,holiday_name_None,0.0010909559205174446
day_ahead_price,xgb_oof_train,valley,segment_model,2025-09-03 00:15:00,weekly,holiday_name_Spring Festival,0.0022478243336081505
day_ahead_price,xgb_oof_train,valley,segment_model,2025-09-03 00:15:00,weekly,holiday_name_Tomb-sweeping Day,0.0
day_ahead_price,xgb_oof_train,flat,segment_model,2025-09-03 00:15:00,weekly,lag_1,0.4887736737728119
day_ahead_price,xgb_oof_train,flat,segment_model,2025-09-03 00:15:00,weekly,lag_2,0.043679378926754
day_ahead_price,xgb_oof_train,flat,segment_model,2025-09-03 00:15:00,weekly,lag_4,0.008499604649841785
day_ahead_price,xgb_oof_train,flat,segment_model,2025-09-03 00:15:00,weekly,lag_96,0.015554799698293209
day_ahead_price,xgb_oof_train,flat,segment_model,2025-09-03 00:15:00,weekly,lag_192,0.010320136323571205
day_ahead_price,xgb_oof_train,flat,segment_model,2025-09-03 00:15:00,weekly,lag_672,0.011285531334578991
day_ahead_price,xgb_oof_train,flat,segment_model,2025-09-03 00:15:00,weekly,roll_mean_4,0.14911948144435883
day_ahead_price,xgb_oof_train,flat,segment_model,2025-09-03 00:15:00,weekly,roll_mean_16,0.010684863664209843
day_ahead_price,xgb_oof_train,flat,segment_model,2025-09-03 00:15:00,weekly,roll_mean_96,0.013808186165988445
day_ahead_price,xgb_oof_train,flat,segment_model,2025-09-03 00:15:00,weekly,roll_mean_672,0.011223135516047478
day_ahead_price,xgb_oof_train,flat,segment_model,2025-09-03 00:15:00,weekly,roll_std_96,0.008906315080821514
day_ahead_price,xgb_oof_train,flat,segment_model,2025-09-03 00:15:00,weekly,diff_1,0.030814742669463158
day_ahead_price,xgb_oof_train,flat,segment_model,2025-09-03 00:15:00,weekly,diff_96,0.019889041781425476
day_ahead_price,xgb_oof_train,flat,segment_model,2025-09-03 00:15:00,weekly,hour,0.023600934073328972
day_ahead_price,xgb_oof_train,flat,segment_model,2025-09-03 00:15:00,weekly,minute,0.026608452200889587
day_ahead_price,xgb_oof_train,flat,segment_model,2025-09-03 00:15:00,weekly,dayofweek,0.0026958759408444166
day_ahead_price,xgb_oof_train,flat,segment_model,2025-09-03 00:15:00,weekly,slot96,0.03993738070130348
day_ahead_price,xgb_oof_train,flat,segment_model,2025-09-03 00:15:00,weekly,sin_slot96,0.06664922088384628
day_ahead_price,xgb_oof_train,flat,segment_model,2025-09-03 00:15:00,weekly,cos_slot96,0.005482384003698826
day_ahead_price,xgb_oof_train,flat,segment_model,2025-09-03 00:15:00,weekly,is_holiday,0.0008115461096167564
day_ahead_price,xgb_oof_train,flat,segment_model,2025-09-03 00:15:00,weekly,is_workday,0.0
day_ahead_price,xgb_oof_train,flat,segment_model,2025-09-03 00:15:00,weekly,is_weekend,0.0
day_ahead_price,xgb_oof_train,flat,segment_model,2025-09-03 00:15:00,weekly,is_makeup_workday,0.0005060489638708532
day_ahead_price,xgb_oof_train,flat,segment_model,2025-09-03 00:15:00,weekly,before_holiday_1d,0.011149337515234947
day_ahead_price,xgb_oof_train,flat,segment_model,2025-09-03 00:15:00,weekly,after_holiday_1d,0.0
day_ahead_price,xgb_oof_train,flat,segment_model,2025-09-03 00:15:00,weekly,holiday_name_Dragon Boat Festival,0.0
day_ahead_price,xgb_oof_train,flat,segment_model,2025-09-03 00:15:00,weekly,holiday_name_Labour Day,0.0
day_ahead_price,xgb_oof_train,flat,segment_model,2025-09-03 00:15:00,weekly,holiday_name_Mid-autumn Festival,0.0
day_ahead_price,xgb_oof_train,flat,segment_model,2025-09-03 00:15:00,weekly,holiday_name_National Day,0.0
day_ahead_price,xgb_oof_train,flat,segment_model,2025-09-03 00:15:00,weekly,holiday_name_New Year's Day,0.0
day_ahead_price,xgb_oof_train,flat,segment_model,2025-09-03 00:15:00,weekly,holiday_name_None,0.0
day_ahead_price,xgb_oof_train,flat,segment_model,2025-09-03 00:15:00,weekly,holiday_name_Spring Festival,0.0
day_ahead_price,xgb_oof_train,flat,segment_model,2025-09-03 00:15:00,weekly,holiday_name_Tomb-sweeping Day,0.0
day_ahead_price,xgb_oof_train,peak,segment_model,2025-09-03 00:15:00,weekly,lag_1,0.27530595660209656
day_ahead_price,xgb_oof_train,peak,segment_model,2025-09-03 00:15:00,weekly,lag_2,0.010781246237456799
day_ahead_price,xgb_oof_train,peak,segment_model,2025-09-03 00:15:00,weekly,lag_4,0.005095081403851509
day_ahead_price,xgb_oof_train,peak,segment_model,2025-09-03 00:15:00,weekly,lag_96,0.008259402588009834
day_ahead_price,xgb_oof_train,peak,segment_model,2025-09-03 00:15:00,weekly,lag_192,0.005127036012709141
day_ahead_price,xgb_oof_train,peak,segment_model,2025-09-03 00:15:00,weekly,lag_672,0.0037809396162629128
day_ahead_price,xgb_oof_train,peak,segment_model,2025-09-03 00:15:00,weekly,roll_mean_4,0.5907578468322754
day_ahead_price,xgb_oof_train,peak,segment_model,2025-09-03 00:15:00,weekly,roll_mean_16,0.0061047859489917755
day_ahead_price,xgb_oof_train,peak,segment_model,2025-09-03 00:15:00,weekly,roll_mean_96,0.012152783572673798
day_ahead_price,xgb_oof_train,peak,segment_model,2025-09-03 00:15:00,weekly,roll_mean_672,0.004770417232066393
day_ahead_price,xgb_oof_train,peak,segment_model,2025-09-03 00:15:00,weekly,roll_std_96,0.006602122914046049
day_ahead_price,xgb_oof_train,peak,segment_model,2025-09-03 00:15:00,weekly,diff_1,0.013047805055975914
day_ahead_price,xgb_oof_train,peak,segment_model,2025-09-03 00:15:00,weekly,diff_96,0.007903221063315868
day_ahead_price,xgb_oof_train,peak,segment_model,2025-09-03 00:15:00,weekly,hour,0.007886436767876148
day_ahead_price,xgb_oof_train,peak,segment_model,2025-09-03 00:15:00,weekly,minute,0.0032291205134242773
day_ahead_price,xgb_oof_train,peak,segment_model,2025-09-03 00:15:00,weekly,dayofweek,0.004176724702119827
day_ahead_price,xgb_oof_train,peak,segment_model,2025-09-03 00:15:00,weekly,slot96,0.005133700091391802
day_ahead_price,xgb_oof_train,peak,segment_model,2025-09-03 00:15:00,weekly,sin_slot96,0.021699540317058563
day_ahead_price,xgb_oof_train,peak,segment_model,2025-09-03 00:15:00,weekly,cos_slot96,0.003751189913600683
day_ahead_price,xgb_oof_train,peak,segment_model,2025-09-03 00:15:00,weekly,is_holiday,0.0
day_ahead_price,xgb_oof_train,peak,segment_model,2025-09-03 00:15:00,weekly,is_workday,0.0
day_ahead_price,xgb_oof_train,peak,segment_model,2025-09-03 00:15:00,weekly,is_weekend,0.0
day_ahead_price,xgb_oof_train,peak,segment_model,2025-09-03 00:15:00,weekly,is_makeup_workday,0.0
day_ahead_price,xgb_oof_train,peak,segment_model,2025-09-03 00:15:00,weekly,before_holiday_1d,0.00043444594484753907
day_ahead_price,xgb_oof_train,peak,segment_model,2025-09-03 00:15:00,weekly,after_holiday_1d,0.0009249398135580122
day_ahead_price,xgb_oof_train,peak,segment_model,2025-09-03 00:15:00,weekly,holiday_name_Dragon Boat Festival,0.0
day_ahead_price,xgb_oof_train,peak,segment_model,2025-09-03 00:15:00,weekly,holiday_name_Labour Day,0.0
day_ahead_price,xgb_oof_train,peak,segment_model,2025-09-03 00:15:00,weekly,holiday_name_Mid-autumn Festival,0.0
day_ahead_price,xgb_oof_train,peak,segment_model,2025-09-03 00:15:00,weekly,holiday_name_National Day,0.0
day_ahead_price,xgb_oof_train,peak,segment_model,2025-09-03 00:15:00,weekly,holiday_name_New Year's Day,0.0
day_ahead_price,xgb_oof_train,peak,segment_model,2025-09-03 00:15:00,weekly,holiday_name_None,0.0002809680881910026
day_ahead_price,xgb_oof_train,peak,segment_model,2025-09-03 00:15:00,weekly,holiday_name_Spring Festival,0.0027943348977714777
day_ahead_price,xgb_oof_train,peak,segment_model,2025-09-03 00:15:00,weekly,holiday_name_Tomb-sweeping Day,0.0
day_ahead_price,xgb_oof_train,global,global_model,2025-09-10 00:15:00,weekly,lag_1,0.5177974700927734
day_ahead_price,xgb_oof_train,global,global_model,2025-09-10 00:15:00,weekly,lag_2,0.010462255217134953
day_ahead_price,xgb_oof_train,global,global_model,2025-09-10 00:15:00,weekly,lag_4,0.006936661899089813
day_ahead_price,xgb_oof_train,global,global_model,2025-09-10 00:15:00,weekly,lag_96,0.016358396038413048
day_ahead_price,xgb_oof_train,global,global_model,2025-09-10 00:15:00,weekly,lag_192,0.015604953281581402
day_ahead_price,xgb_oof_train,global,global_model,2025-09-10 00:15:00,weekly,lag_672,0.013453622348606586
day_ahead_price,xgb_oof_train,global,global_model,2025-09-10 00:15:00,weekly,roll_mean_4,0.2856777310371399
day_ahead_price,xgb_oof_train,global,global_model,2025-09-10 00:15:00,weekly,roll_mean_16,0.012009848840534687
day_ahead_price,xgb_oof_train,global,global_model,2025-09-10 00:15:00,weekly,roll_mean_96,0.006816440727561712
day_ahead_price,xgb_oof_train,global,global_model,2025-09-10 00:15:00,weekly,roll_mean_672,0.00442317221313715
day_ahead_price,xgb_oof_train,global,global_model,2025-09-10 00:15:00,weekly,roll_std_96,0.005258598830550909
day_ahead_price,xgb_oof_train,global,global_model,2025-09-10 00:15:00,weekly,diff_1,0.01181432232260704
day_ahead_price,xgb_oof_train,global,global_model,2025-09-10 00:15:00,weekly,diff_96,0.01130678877234459
day_ahead_price,xgb_oof_train,global,global_model,2025-09-10 00:15:00,weekly,hour,0.006606359500437975
day_ahead_price,xgb_oof_train,global,global_model,2025-09-10 00:15:00,weekly,minute,0.010249685496091843
day_ahead_price,xgb_oof_train,global,global_model,2025-09-10 00:15:00,weekly,dayofweek,0.00970810279250145
day_ahead_price,xgb_oof_train,global,global_model,2025-09-10 00:15:00,weekly,slot96,0.01907888799905777
day_ahead_price,xgb_oof_train,global,global_model,2025-09-10 00:15:00,weekly,sin_slot96,0.017574122175574303
day_ahead_price,xgb_oof_train,global,global_model,2025-09-10 00:15:00,weekly,cos_slot96,0.0062488350085914135
day_ahead_price,xgb_oof_train,global,global_model,2025-09-10 00:15:00,weekly,is_holiday,0.0
day_ahead_price,xgb_oof_train,global,global_model,2025-09-10 00:15:00,weekly,is_workday,0.0
day_ahead_price,xgb_oof_train,global,global_model,2025-09-10 00:15:00,weekly,is_weekend,0.0
day_ahead_price,xgb_oof_train,global,global_model,2025-09-10 00:15:00,weekly,is_makeup_workday,0.0
day_ahead_price,xgb_oof_train,global,global_model,2025-09-10 00:15:00,weekly,before_holiday_1d,0.0021696118637919426
day_ahead_price,xgb_oof_train,global,global_model,2025-09-10 00:15:00,weekly,after_holiday_1d,0.010444116778671741
day_ahead_price,xgb_oof_train,global,global_model,2025-09-10 00:15:00,weekly,holiday_name_Dragon Boat Festival,0.0
day_ahead_price,xgb_oof_train,global,global_model,2025-09-10 00:15:00,weekly,holiday_name_Labour Day,0.0
day_ahead_price,xgb_oof_train,global,global_model,2025-09-10 00:15:00,weekly,holiday_name_Mid-autumn Festival,0.0
day_ahead_price,xgb_oof_train,global,global_model,2025-09-10 00:15:00,weekly,holiday_name_National Day,0.0
day_ahead_price,xgb_oof_train,global,global_model,2025-09-10 00:15:00,weekly,holiday_name_New Year's Day,0.0
day_ahead_price,xgb_oof_train,global,global_model,2025-09-10 00:15:00,weekly,holiday_name_None,0.0
day_ahead_price,xgb_oof_train,global,global_model,2025-09-10 00:15:00,weekly,holiday_name_Spring Festival,0.0
day_ahead_price,xgb_oof_train,global,global_model,2025-09-10 00:15:00,weekly,holiday_name_Tomb-sweeping Day,0.0
day_ahead_price,xgb_oof_train,valley,segment_model,2025-09-10 00:15:00,weekly,lag_1,0.5108076333999634
day_ahead_price,xgb_oof_train,valley,segment_model,2025-09-10 00:15:00,weekly,lag_2,0.12487023323774338
day_ahead_price,xgb_oof_train,valley,segment_model,2025-09-10 00:15:00,weekly,lag_4,0.004172193352133036
day_ahead_price,xgb_oof_train,valley,segment_model,2025-09-10 00:15:00,weekly,lag_96,0.0049204397946596146
day_ahead_price,xgb_oof_train,valley,segment_model,2025-09-10 00:15:00,weekly,lag_192,0.0026960673276335
day_ahead_price,xgb_oof_train,valley,segment_model,2025-09-10 00:15:00,weekly,lag_672,0.00774317467585206
day_ahead_price,xgb_oof_train,valley,segment_model,2025-09-10 00:15:00,weekly,roll_mean_4,0.2510446012020111
day_ahead_price,xgb_oof_train,valley,segment_model,2025-09-10 00:15:00,weekly,roll_mean_16,0.004518629517406225
day_ahead_price,xgb_oof_train,valley,segment_model,2025-09-10 00:15:00,weekly,roll_mean_96,0.004212161060422659
day_ahead_price,xgb_oof_train,valley,segment_model,2025-09-10 00:15:00,weekly,roll_mean_672,0.005731027573347092
day_ahead_price,xgb_oof_train,valley,segment_model,2025-09-10 00:15:00,weekly,roll_std_96,0.012524222955107689
day_ahead_price,xgb_oof_train,valley,segment_model,2025-09-10 00:15:00,weekly,diff_1,0.012692208401858807
day_ahead_price,xgb_oof_train,valley,segment_model,2025-09-10 00:15:00,weekly,diff_96,0.006706056650727987
day_ahead_price,xgb_oof_train,valley,segment_model,2025-09-10 00:15:00,weekly,hour,0.004963096231222153
day_ahead_price,xgb_oof_train,valley,segment_model,2025-09-10 00:15:00,weekly,minute,0.01275619212538004
day_ahead_price,xgb_oof_train,valley,segment_model,2025-09-10 00:15:00,weekly,dayofweek,0.005383315961807966
day_ahead_price,xgb_oof_train,valley,segment_model,2025-09-10 00:15:00,weekly,slot96,0.007122009061276913
day_ahead_price,xgb_oof_train,valley,segment_model,2025-09-10 00:15:00,weekly,sin_slot96,0.005413875915110111
day_ahead_price,xgb_oof_train,valley,segment_model,2025-09-10 00:15:00,weekly,cos_slot96,0.005822299513965845
day_ahead_price,xgb_oof_train,valley,segment_model,2025-09-10 00:15:00,weekly,is_holiday,0.003315397072583437
day_ahead_price,xgb_oof_train,valley,segment_model,2025-09-10 00:15:00,weekly,is_workday,0.0
day_ahead_price,xgb_oof_train,valley,segment_model,2025-09-10 00:15:00,weekly,is_weekend,0.0
day_ahead_price,xgb_oof_train,valley,segment_model,2025-09-10 00:15:00,weekly,is_makeup_workday,0.0
day_ahead_price,xgb_oof_train,valley,segment_model,2025-09-10 00:15:00,weekly,before_holiday_1d,0.0
day_ahead_price,xgb_oof_train,valley,segment_model,2025-09-10 00:15:00,weekly,after_holiday_1d,0.0
day_ahead_price,xgb_oof_train,valley,segment_model,2025-09-10 00:15:00,weekly,holiday_name_Dragon Boat Festival,0.0
day_ahead_price,xgb_oof_train,valley,segment_model,2025-09-10 00:15:00,weekly,holiday_name_Labour Day,0.0
day_ahead_price,xgb_oof_train,valley,segment_model,2025-09-10 00:15:00,weekly,holiday_name_Mid-autumn Festival,0.0
day_ahead_price,xgb_oof_train,valley,segment_model,2025-09-10 00:15:00,weekly,holiday_name_National Day,0.0
day_ahead_price,xgb_oof_train,valley,segment_model,2025-09-10 00:15:00,weekly,holiday_name_New Year's Day,0.0
day_ahead_price,xgb_oof_train,valley,segment_model,2025-09-10 00:15:00,weekly,holiday_name_None,0.0006960181053727865
day_ahead_price,xgb_oof_train,valley,segment_model,2025-09-10 00:15:00,weekly,holiday_name_Spring Festival,0.0018891858635470271
day_ahead_price,xgb_oof_train,valley,segment_model,2025-09-10 00:15:00,weekly,holiday_name_Tomb-sweeping Day,0.0
day_ahead_price,xgb_oof_train,flat,segment_model,2025-09-10 00:15:00,weekly,lag_1,0.49143147468566895
day_ahead_price,xgb_oof_train,flat,segment_model,2025-09-10 00:15:00,weekly,lag_2,0.055342499166727066
day_ahead_price,xgb_oof_train,flat,segment_model,2025-09-10 00:15:00,weekly,lag_4,0.007604112848639488
day_ahead_price,xgb_oof_train,flat,segment_model,2025-09-10 00:15:00,weekly,lag_96,0.014765900559723377
day_ahead_price,xgb_oof_train,flat,segment_model,2025-09-10 00:15:00,weekly,lag_192,0.012644796632230282
day_ahead_price,xgb_oof_train,flat,segment_model,2025-09-10 00:15:00,weekly,lag_672,0.012623535469174385
day_ahead_price,xgb_oof_train,flat,segment_model,2025-09-10 00:15:00,weekly,roll_mean_4,0.1488330364227295
day_ahead_price,xgb_oof_train,flat,segment_model,2025-09-10 00:15:00,weekly,roll_mean_16,0.013006074354052544
day_ahead_price,xgb_oof_train,flat,segment_model,2025-09-10 00:15:00,weekly,roll_mean_96,0.008664077147841454
day_ahead_price,xgb_oof_train,flat,segment_model,2025-09-10 00:15:00,weekly,roll_mean_672,0.009148906916379929
day_ahead_price,xgb_oof_train,flat,segment_model,2025-09-10 00:15:00,weekly,roll_std_96,0.008121018297970295
day_ahead_price,xgb_oof_train,flat,segment_model,2025-09-10 00:15:00,weekly,diff_1,0.028170375153422356
day_ahead_price,xgb_oof_train,flat,segment_model,2025-09-10 00:15:00,weekly,diff_96,0.021393775939941406
day_ahead_price,xgb_oof_train,flat,segment_model,2025-09-10 00:15:00,weekly,hour,0.016419902443885803
day_ahead_price,xgb_oof_train,flat,segment_model,2025-09-10 00:15:00,weekly,minute,0.02570069581270218
day_ahead_price,xgb_oof_train,flat,segment_model,2025-09-10 00:15:00,weekly,dayofweek,0.004025548230856657
day_ahead_price,xgb_oof_train,flat,segment_model,2025-09-10 00:15:00,weekly,slot96,0.028270114213228226
day_ahead_price,xgb_oof_train,flat,segment_model,2025-09-10 00:15:00,weekly,sin_slot96,0.06965235620737076
day_ahead_price,xgb_oof_train,flat,segment_model,2025-09-10 00:15:00,weekly,cos_slot96,0.005556853022426367
day_ahead_price,xgb_oof_train,flat,segment_model,2025-09-10 00:15:00,weekly,is_holiday,0.0004118150391150266
day_ahead_price,xgb_oof_train,flat,segment_model,2025-09-10 00:15:00,weekly,is_workday,0.0
day_ahead_price,xgb_oof_train,flat,segment_model,2025-09-10 00:15:00,weekly,is_weekend,0.0
day_ahead_price,xgb_oof_train,flat,segment_model,2025-09-10 00:15:00,weekly,is_makeup_workday,0.00013573425530921668
day_ahead_price,xgb_oof_train,flat,segment_model,2025-09-10 00:15:00,weekly,before_holiday_1d,0.013445325195789337
day_ahead_price,xgb_oof_train,flat,segment_model,2025-09-10 00:15:00,weekly,after_holiday_1d,0.004632119555026293
day_ahead_price,xgb_oof_train,flat,segment_model,2025-09-10 00:15:00,weekly,holiday_name_Dragon Boat Festival,0.0
day_ahead_price,xgb_oof_train,flat,segment_model,2025-09-10 00:15:00,weekly,holiday_name_Labour Day,0.0
day_ahead_price,xgb_oof_train,flat,segment_model,2025-09-10 00:15:00,weekly,holiday_name_Mid-autumn Festival,0.0
day_ahead_price,xgb_oof_train,flat,segment_model,2025-09-10 00:15:00,weekly,holiday_name_National Day,0.0
day_ahead_price,xgb_oof_train,flat,segment_model,2025-09-10 00:15:00,weekly,holiday_name_New Year's Day,0.0
day_ahead_price,xgb_oof_train,flat,segment_model,2025-09-10 00:15:00,weekly,holiday_name_None,0.0
day_ahead_price,xgb_oof_train,flat,segment_model,2025-09-10 00:15:00,weekly,holiday_name_Spring Festival,0.0
day_ahead_price,xgb_oof_train,flat,segment_model,2025-09-10 00:15:00,weekly,holiday_name_Tomb-sweeping Day,0.0
day_ahead_price,xgb_oof_train,peak,segment_model,2025-09-10 00:15:00,weekly,lag_1,0.2583964169025421
day_ahead_price,xgb_oof_train,peak,segment_model,2025-09-10 00:15:00,weekly,lag_2,0.009378820657730103
day_ahead_price,xgb_oof_train,peak,segment_model,2025-09-10 00:15:00,weekly,lag_4,0.00841865036636591
day_ahead_price,xgb_oof_train,peak,segment_model,2025-09-10 00:15:00,weekly,lag_96,0.007943857461214066
day_ahead_price,xgb_oof_train,peak,segment_model,2025-09-10 00:15:00,weekly,lag_192,0.005077139940112829
day_ahead_price,xgb_oof_train,peak,segment_model,2025-09-10 00:15:00,weekly,lag_672,0.006676696706563234
day_ahead_price,xgb_oof_train,peak,segment_model,2025-09-10 00:15:00,weekly,roll_mean_4,0.5905112028121948
day_ahead_price,xgb_oof_train,peak,segment_model,2025-09-10 00:15:00,weekly,roll_mean_16,0.004887263290584087
day_ahead_price,xgb_oof_train,peak,segment_model,2025-09-10 00:15:00,weekly,roll_mean_96,0.0115476930513978
day_ahead_price,xgb_oof_train,peak,segment_model,2025-09-10 00:15:00,weekly,roll_mean_672,0.005569593980908394
day_ahead_price,xgb_oof_train,peak,segment_model,2025-09-10 00:15:00,weekly,roll_std_96,0.004149427637457848
day_ahead_price,xgb_oof_train,peak,segment_model,2025-09-10 00:15:00,weekly,diff_1,0.012996959500014782
day_ahead_price,xgb_oof_train,peak,segment_model,2025-09-10 00:15:00,weekly,diff_96,0.004574732854962349
day_ahead_price,xgb_oof_train,peak,segment_model,2025-09-10 00:15:00,weekly,hour,0.010323034599423409
day_ahead_price,xgb_oof_train,peak,segment_model,2025-09-10 00:15:00,weekly,minute,0.002532165264710784
day_ahead_price,xgb_oof_train,peak,segment_model,2025-09-10 00:15:00,weekly,dayofweek,0.004386312793940306
day_ahead_price,xgb_oof_train,peak,segment_model,2025-09-10 00:15:00,weekly,slot96,0.006307689007371664
day_ahead_price,xgb_oof_train,peak,segment_model,2025-09-10 00:15:00,weekly,sin_slot96,0.021397100761532784
day_ahead_price,xgb_oof_train,peak,segment_model,2025-09-10 00:15:00,weekly,cos_slot96,0.0036843670532107353
day_ahead_price,xgb_oof_train,peak,segment_model,2025-09-10 00:15:00,weekly,is_holiday,0.009227492846548557
day_ahead_price,xgb_oof_train,peak,segment_model,2025-09-10 00:15:00,weekly,is_workday,0.008033878169953823
day_ahead_price,xgb_oof_train,peak,segment_model,2025-09-10 00:15:00,weekly,is_weekend,0.0006272162427194417
day_ahead_price,xgb_oof_train,peak,segment_model,2025-09-10 00:15:00,weekly,is_makeup_workday,0.0
day_ahead_price,xgb_oof_train,peak,segment_model,2025-09-10 00:15:00,weekly,before_holiday_1d,0.0003710725868586451
day_ahead_price,xgb_oof_train,peak,segment_model,2025-09-10 00:15:00,weekly,after_holiday_1d,0.0011112227803096175
day_ahead_price,xgb_oof_train,peak,segment_model,2025-09-10 00:15:00,weekly,holiday_name_Dragon Boat Festival,0.0
day_ahead_price,xgb_oof_train,peak,segment_model,2025-09-10 00:15:00,weekly,holiday_name_Labour Day,0.0
day_ahead_price,xgb_oof_train,peak,segment_model,2025-09-10 00:15:00,weekly,holiday_name_Mid-autumn Festival,0.0
day_ahead_price,xgb_oof_train,peak,segment_model,2025-09-10 00:15:00,weekly,holiday_name_National Day,0.0
day_ahead_price,xgb_oof_train,peak,segment_model,2025-09-10 00:15:00,weekly,holiday_name_New Year's Day,0.0
day_ahead_price,xgb_oof_train,peak,segment_model,2025-09-10 00:15:00,weekly,holiday_name_None,0.0
day_ahead_price,xgb_oof_train,peak,segment_model,2025-09-10 00:15:00,weekly,holiday_name_Spring Festival,0.0018700282089412212
day_ahead_price,xgb_oof_train,peak,segment_model,2025-09-10 00:15:00,weekly,holiday_name_Tomb-sweeping Day,0.0
day_ahead_price,xgb_oof_train,global,global_model,2025-09-17 00:15:00,weekly,lag_1,0.4985255002975464
day_ahead_price,xgb_oof_train,global,global_model,2025-09-17 00:15:00,weekly,lag_2,0.010579653084278107
day_ahead_price,xgb_oof_train,global,global_model,2025-09-17 00:15:00,weekly,lag_4,0.006420130375772715
day_ahead_price,xgb_oof_train,global,global_model,2025-09-17 00:15:00,weekly,lag_96,0.017280692234635353
day_ahead_price,xgb_oof_train,global,global_model,2025-09-17 00:15:00,weekly,lag_192,0.01358247920870781
day_ahead_price,xgb_oof_train,global,global_model,2025-09-17 00:15:00,weekly,lag_672,0.014424610882997513
day_ahead_price,xgb_oof_train,global,global_model,2025-09-17 00:15:00,weekly,roll_mean_4,0.319051057100296
day_ahead_price,xgb_oof_train,global,global_model,2025-09-17 00:15:00,weekly,roll_mean_16,0.00890059769153595
day_ahead_price,xgb_oof_train,global,global_model,2025-09-17 00:15:00,weekly,roll_mean_96,0.006073325406759977
day_ahead_price,xgb_oof_train,global,global_model,2025-09-17 00:15:00,weekly,roll_mean_672,0.008363904431462288
day_ahead_price,xgb_oof_train,global,global_model,2025-09-17 00:15:00,weekly,roll_std_96,0.006517784669995308
day_ahead_price,xgb_oof_train,global,global_model,2025-09-17 00:15:00,weekly,diff_1,0.012844815850257874
day_ahead_price,xgb_oof_train,global,global_model,2025-09-17 00:15:00,weekly,diff_96,0.012973031029105186
day_ahead_price,xgb_oof_train,global,global_model,2025-09-17 00:15:00,weekly,hour,0.004205412231385708
day_ahead_price,xgb_oof_train,global,global_model,2025-09-17 00:15:00,weekly,minute,0.010102158412337303
day_ahead_price,xgb_oof_train,global,global_model,2025-09-17 00:15:00,weekly,dayofweek,0.0036752400919795036
day_ahead_price,xgb_oof_train,global,global_model,2025-09-17 00:15:00,weekly,slot96,0.016973484307527542
day_ahead_price,xgb_oof_train,global,global_model,2025-09-17 00:15:00,weekly,sin_slot96,0.01623048074543476
day_ahead_price,xgb_oof_train,global,global_model,2025-09-17 00:15:00,weekly,cos_slot96,0.007263881154358387
day_ahead_price,xgb_oof_train,global,global_model,2025-09-17 00:15:00,weekly,is_holiday,0.0
day_ahead_price,xgb_oof_train,global,global_model,2025-09-17 00:15:00,weekly,is_workday,0.0
day_ahead_price,xgb_oof_train,global,global_model,2025-09-17 00:15:00,weekly,is_weekend,0.0
day_ahead_price,xgb_oof_train,global,global_model,2025-09-17 00:15:00,weekly,is_makeup_workday,0.0
day_ahead_price,xgb_oof_train,global,global_model,2025-09-17 00:15:00,weekly,before_holiday_1d,0.0060117775574326515
day_ahead_price,xgb_oof_train,global,global_model,2025-09-17 00:15:00,weekly,after_holiday_1d,0.0
day_ahead_price,xgb_oof_train,global,global_model,2025-09-17 00:15:00,weekly,holiday_name_Dragon Boat Festival,0.0
day_ahead_price,xgb_oof_train,global,global_model,2025-09-17 00:15:00,weekly,holiday_name_Labour Day,0.0
day_ahead_price,xgb_oof_train,global,global_model,2025-09-17 00:15:00,weekly,holiday_name_Mid-autumn Festival,0.0
day_ahead_price,xgb_oof_train,global,global_model,2025-09-17 00:15:00,weekly,holiday_name_National Day,0.0
day_ahead_price,xgb_oof_train,global,global_model,2025-09-17 00:15:00,weekly,holiday_name_New Year's Day,0.0
day_ahead_price,xgb_oof_train,global,global_model,2025-09-17 00:15:00,weekly,holiday_name_None,0.0
day_ahead_price,xgb_oof_train,global,global_model,2025-09-17 00:15:00,weekly,holiday_name_Spring Festival,0.0
day_ahead_price,xgb_oof_train,global,global_model,2025-09-17 00:15:00,weekly,holiday_name_Tomb-sweeping Day,0.0
day_ahead_price,xgb_oof_train,valley,segment_model,2025-09-17 00:15:00,weekly,lag_1,0.49959275126457214
day_ahead_price,xgb_oof_train,valley,segment_model,2025-09-17 00:15:00,weekly,lag_2,0.13601285219192505
day_ahead_price,xgb_oof_train,valley,segment_model,2025-09-17 00:15:00,weekly,lag_4,0.004057643003761768
day_ahead_price,xgb_oof_train,valley,segment_model,2025-09-17 00:15:00,weekly,lag_96,0.004129013977944851
day_ahead_price,xgb_oof_train,valley,segment_model,2025-09-17 00:15:00,weekly,lag_192,0.002889523981139064
day_ahead_price,xgb_oof_train,valley,segment_model,2025-09-17 00:15:00,weekly,lag_672,0.009004605934023857
day_ahead_price,xgb_oof_train,valley,segment_model,2025-09-17 00:15:00,weekly,roll_mean_4,0.2544958293437958
day_ahead_price,xgb_oof_train,valley,segment_model,2025-09-17 00:15:00,weekly,roll_mean_16,0.003532261122018099
day_ahead_price,xgb_oof_train,valley,segment_model,2025-09-17 00:15:00,weekly,roll_mean_96,0.0037942787166684866
day_ahead_price,xgb_oof_train,valley,segment_model,2025-09-17 00:15:00,weekly,roll_mean_672,0.0051588802598416805
day_ahead_price,xgb_oof_train,valley,segment_model,2025-09-17 00:15:00,weekly,roll_std_96,0.012002570554614067
day_ahead_price,xgb_oof_train,valley,segment_model,2025-09-17 00:15:00,weekly,diff_1,0.012136107310652733
day_ahead_price,xgb_oof_train,valley,segment_model,2025-09-17 00:15:00,weekly,diff_96,0.006188488099724054
day_ahead_price,xgb_oof_train,valley,segment_model,2025-09-17 00:15:00,weekly,hour,0.004746962338685989
day_ahead_price,xgb_oof_train,valley,segment_model,2025-09-17 00:15:00,weekly,minute,0.01623712293803692
day_ahead_price,xgb_oof_train,valley,segment_model,2025-09-17 00:15:00,weekly,dayofweek,0.006358251441270113
day_ahead_price,xgb_oof_train,valley,segment_model,2025-09-17 00:15:00,weekly,slot96,0.0065054637379944324
day_ahead_price,xgb_oof_train,valley,segment_model,2025-09-17 00:15:00,weekly,sin_slot96,0.006114958319813013
day_ahead_price,xgb_oof_train,valley,segment_model,2025-09-17 00:15:00,weekly,cos_slot96,0.004895706661045551
day_ahead_price,xgb_oof_train,valley,segment_model,2025-09-17 00:15:00,weekly,is_holiday,0.0
day_ahead_price,xgb_oof_train,valley,segment_model,2025-09-17 00:15:00,weekly,is_workday,0.0
day_ahead_price,xgb_oof_train,valley,segment_model,2025-09-17 00:15:00,weekly,is_weekend,0.0
day_ahead_price,xgb_oof_train,valley,segment_model,2025-09-17 00:15:00,weekly,is_makeup_workday,0.0
day_ahead_price,xgb_oof_train,valley,segment_model,2025-09-17 00:15:00,weekly,before_holiday_1d,0.0
day_ahead_price,xgb_oof_train,valley,segment_model,2025-09-17 00:15:00,weekly,after_holiday_1d,0.0004565228009596467
day_ahead_price,xgb_oof_train,valley,segment_model,2025-09-17 00:15:00,weekly,holiday_name_Dragon Boat Festival,0.0
day_ahead_price,xgb_oof_train,valley,segment_model,2025-09-17 00:15:00,weekly,holiday_name_Labour Day,0.0
day_ahead_price,xgb_oof_train,valley,segment_model,2025-09-17 00:15:00,weekly,holiday_name_Mid-autumn Festival,0.0
day_ahead_price,xgb_oof_train,valley,segment_model,2025-09-17 00:15:00,weekly,holiday_name_National Day,0.0
day_ahead_price,xgb_oof_train,valley,segment_model,2025-09-17 00:15:00,weekly,holiday_name_New Year's Day,0.0
day_ahead_price,xgb_oof_train,valley,segment_model,2025-09-17 00:15:00,weekly,holiday_name_None,0.0
day_ahead_price,xgb_oof_train,valley,segment_model,2025-09-17 00:15:00,weekly,holiday_name_Spring Festival,0.0016901210183277726
day_ahead_price,xgb_oof_train,valley,segment_model,2025-09-17 00:15:00,weekly,holiday_name_Tomb-sweeping Day,0.0
day_ahead_price,xgb_oof_train,flat,segment_model,2025-09-17 00:15:00,weekly,lag_1,0.49016326665878296
day_ahead_price,xgb_oof_train,flat,segment_model,2025-09-17 00:15:00,weekly,lag_2,0.02120199240744114
day_ahead_price,xgb_oof_train,flat,segment_model,2025-09-17 00:15:00,weekly,lag_4,0.009796726517379284
day_ahead_price,xgb_oof_train,flat,segment_model,2025-09-17 00:15:00,weekly,lag_96,0.016854535788297653
day_ahead_price,xgb_oof_train,flat,segment_model,2025-09-17 00:15:00,weekly,lag_192,0.011733940802514553
day_ahead_price,xgb_oof_train,flat,segment_model,2025-09-17 00:15:00,weekly,lag_672,0.009805613197386265
day_ahead_price,xgb_oof_train,flat,segment_model,2025-09-17 00:15:00,weekly,roll_mean_4,0.20132605731487274
day_ahead_price,xgb_oof_train,flat,segment_model,2025-09-17 00:15:00,weekly,roll_mean_16,0.011702612973749638
day_ahead_price,xgb_oof_train,flat,segment_model,2025-09-17 00:15:00,weekly,roll_mean_96,0.012008399702608585
day_ahead_price,xgb_oof_train,flat,segment_model,2025-09-17 00:15:00,weekly,roll_mean_672,0.0066715809516608715
day_ahead_price,xgb_oof_train,flat,segment_model,2025-09-17 00:15:00,weekly,roll_std_96,0.00807046890258789
day_ahead_price,xgb_oof_train,flat,segment_model,2025-09-17 00:15:00,weekly,diff_1,0.029642846435308456
day_ahead_price,xgb_oof_train,flat,segment_model,2025-09-17 00:15:00,weekly,diff_96,0.015399431809782982
day_ahead_price,xgb_oof_train,flat,segment_model,2025-09-17 00:15:00,weekly,hour,0.010563754476606846
day_ahead_price,xgb_oof_train,flat,segment_model,2025-09-17 00:15:00,weekly,minute,0.02427714690566063
day_ahead_price,xgb_oof_train,flat,segment_model,2025-09-17 00:15:00,weekly,dayofweek,0.004994300194084644
day_ahead_price,xgb_oof_train,flat,segment_model,2025-09-17 00:15:00,weekly,slot96,0.03399892896413803
day_ahead_price,xgb_oof_train,flat,segment_model,2025-09-17 00:15:00,weekly,sin_slot96,0.07462949305772781
day_ahead_price,xgb_oof_train,flat,segment_model,2025-09-17 00:15:00,weekly,cos_slot96,0.005743108224123716
day_ahead_price,xgb_oof_train,flat,segment_model,2025-09-17 00:15:00,weekly,is_holiday,0.0
day_ahead_price,xgb_oof_train,flat,segment_model,2025-09-17 00:15:00,weekly,is_workday,0.0
day_ahead_price,xgb_oof_train,flat,segment_model,2025-09-17 00:15:00,weekly,is_weekend,0.0
day_ahead_price,xgb_oof_train,flat,segment_model,2025-09-17 00:15:00,weekly,is_makeup_workday,0.0004495938483159989
day_ahead_price,xgb_oof_train,flat,segment_model,2025-09-17 00:15:00,weekly,before_holiday_1d,0.0009661936201155186
day_ahead_price,xgb_oof_train,flat,segment_model,2025-09-17 00:15:00,weekly,after_holiday_1d,0.0
day_ahead_price,xgb_oof_train,flat,segment_model,2025-09-17 00:15:00,weekly,holiday_name_Dragon Boat Festival,0.0
day_ahead_price,xgb_oof_train,flat,segment_model,2025-09-17 00:15:00,weekly,holiday_name_Labour Day,0.0
day_ahead_price,xgb_oof_train,flat,segment_model,2025-09-17 00:15:00,weekly,holiday_name_Mid-autumn Festival,0.0
day_ahead_price,xgb_oof_train,flat,segment_model,2025-09-17 00:15:00,weekly,holiday_name_National Day,0.0
day_ahead_price,xgb_oof_train,flat,segment_model,2025-09-17 00:15:00,weekly,holiday_name_New Year's Day,0.0
day_ahead_price,xgb_oof_train,flat,segment_model,2025-09-17 00:15:00,weekly,holiday_name_None,0.0
day_ahead_price,xgb_oof_train,flat,segment_model,2025-09-17 00:15:00,weekly,holiday_name_Spring Festival,0.0
day_ahead_price,xgb_oof_train,flat,segment_model,2025-09-17 00:15:00,weekly,holiday_name_Tomb-sweeping Day,0.0
day_ahead_price,xgb_oof_train,peak,segment_model,2025-09-17 00:15:00,weekly,lag_1,0.31792792677879333
day_ahead_price,xgb_oof_train,peak,segment_model,2025-09-17 00:15:00,weekly,lag_2,0.011000111699104309
day_ahead_price,xgb_oof_train,peak,segment_model,2025-09-17 00:15:00,weekly,lag_4,0.008918830193579197
day_ahead_price,xgb_oof_train,peak,segment_model,2025-09-17 00:15:00,weekly,lag_96,0.008010298945009708
day_ahead_price,xgb_oof_train,peak,segment_model,2025-09-17 00:15:00,weekly,lag_192,0.00553407846018672
day_ahead_price,xgb_oof_train,peak,segment_model,2025-09-17 00:15:00,weekly,lag_672,0.00644948473200202
day_ahead_price,xgb_oof_train,peak,segment_model,2025-09-17 00:15:00,weekly,roll_mean_4,0.5174433588981628
day_ahead_price,xgb_oof_train,peak,segment_model,2025-09-17 00:15:00,weekly,roll_mean_16,0.0065354048274457455
day_ahead_price,xgb_oof_train,peak,segment_model,2025-09-17 00:15:00,weekly,roll_mean_96,0.01613898202776909
day_ahead_price,xgb_oof_train,peak,segment_model,2025-09-17 00:15:00,weekly,roll_mean_672,0.005072284489870071
day_ahead_price,xgb_oof_train,peak,segment_model,2025-09-17 00:15:00,weekly,roll_std_96,0.005608477164059877
day_ahead_price,xgb_oof_train,peak,segment_model,2025-09-17 00:15:00,weekly,diff_1,0.011812536977231503
day_ahead_price,xgb_oof_train,peak,segment_model,2025-09-17 00:15:00,weekly,diff_96,0.008225793950259686
day_ahead_price,xgb_oof_train,peak,segment_model,2025-09-17 00:15:00,weekly,hour,0.009557324461638927
day_ahead_price,xgb_oof_train,peak,segment_model,2025-09-17 00:15:00,weekly,minute,0.002436394104734063
day_ahead_price,xgb_oof_train,peak,segment_model,2025-09-17 00:15:00,weekly,dayofweek,0.007712177466601133
day_ahead_price,xgb_oof_train,peak,segment_model,2025-09-17 00:15:00,weekly,slot96,0.007567720953375101
day_ahead_price,xgb_oof_train,peak,segment_model,2025-09-17 00:15:00,weekly,sin_slot96,0.03495950251817703
day_ahead_price,xgb_oof_train,peak,segment_model,2025-09-17 00:15:00,weekly,cos_slot96,0.0031157447956502438
day_ahead_price,xgb_oof_train,peak,segment_model,2025-09-17 00:15:00,weekly,is_holiday,0.0
day_ahead_price,xgb_oof_train,peak,segment_model,2025-09-17 00:15:00,weekly,is_workday,0.0
day_ahead_price,xgb_oof_train,peak,segment_model,2025-09-17 00:15:00,weekly,is_weekend,0.0
day_ahead_price,xgb_oof_train,peak,segment_model,2025-09-17 00:15:00,weekly,is_makeup_workday,0.0
day_ahead_price,xgb_oof_train,peak,segment_model,2025-09-17 00:15:00,weekly,before_holiday_1d,0.0004215786757413298
day_ahead_price,xgb_oof_train,peak,segment_model,2025-09-17 00:15:00,weekly,after_holiday_1d,0.0026462185196578503
day_ahead_price,xgb_oof_train,peak,segment_model,2025-09-17 00:15:00,weekly,holiday_name_Dragon Boat Festival,0.0
day_ahead_price,xgb_oof_train,peak,segment_model,2025-09-17 00:15:00,weekly,holiday_name_Labour Day,0.0
day_ahead_price,xgb_oof_train,peak,segment_model,2025-09-17 00:15:00,weekly,holiday_name_Mid-autumn Festival,0.0
day_ahead_price,xgb_oof_train,peak,segment_model,2025-09-17 00:15:00,weekly,holiday_name_National Day,0.0
day_ahead_price,xgb_oof_train,peak,segment_model,2025-09-17 00:15:00,weekly,holiday_name_New Year's Day,0.0
day_ahead_price,xgb_oof_train,peak,segment_model,2025-09-17 00:15:00,weekly,holiday_name_None,0.0
day_ahead_price,xgb_oof_train,peak,segment_model,2025-09-17 00:15:00,weekly,holiday_name_Spring Festival,0.0029058048967272043
day_ahead_price,xgb_oof_train,peak,segment_model,2025-09-17 00:15:00,weekly,holiday_name_Tomb-sweeping Day,0.0
day_ahead_price,xgb_oof_train,global,global_model,2025-09-24 00:15:00,weekly,lag_1,0.5255928635597229
day_ahead_price,xgb_oof_train,global,global_model,2025-09-24 00:15:00,weekly,lag_2,0.01161168422549963
day_ahead_price,xgb_oof_train,global,global_model,2025-09-24 00:15:00,weekly,lag_4,0.007077038288116455
day_ahead_price,xgb_oof_train,global,global_model,2025-09-24 00:15:00,weekly,lag_96,0.018475715070962906
day_ahead_price,xgb_oof_train,global,global_model,2025-09-24 00:15:00,weekly,lag_192,0.012446370907127857
day_ahead_price,xgb_oof_train,global,global_model,2025-09-24 00:15:00,weekly,lag_672,0.012609513476490974
day_ahead_price,xgb_oof_train,global,global_model,2025-09-24 00:15:00,weekly,roll_mean_4,0.2887539565563202
day_ahead_price,xgb_oof_train,global,global_model,2025-09-24 00:15:00,weekly,roll_mean_16,0.010116673074662685
day_ahead_price,xgb_oof_train,global,global_model,2025-09-24 00:15:00,weekly,roll_mean_96,0.007577096112072468
day_ahead_price,xgb_oof_train,global,global_model,2025-09-24 00:15:00,weekly,roll_mean_672,0.00776438694447279
day_ahead_price,xgb_oof_train,global,global_model,2025-09-24 00:15:00,weekly,roll_std_96,0.006480433512479067
day_ahead_price,xgb_oof_train,global,global_model,2025-09-24 00:15:00,weekly,diff_1,0.014202193357050419
day_ahead_price,xgb_oof_train,global,global_model,2025-09-24 00:15:00,weekly,diff_96,0.015006381087005138
day_ahead_price,xgb_oof_train,global,global_model,2025-09-24 00:15:00,weekly,hour,0.006422299426048994
day_ahead_price,xgb_oof_train,global,global_model,2025-09-24 00:15:00,weekly,minute,0.003996302839368582
day_ahead_price,xgb_oof_train,global,global_model,2025-09-24 00:15:00,weekly,dayofweek,0.004288931377232075
day_ahead_price,xgb_oof_train,global,global_model,2025-09-24 00:15:00,weekly,slot96,0.017551232129335403
day_ahead_price,xgb_oof_train,global,global_model,2025-09-24 00:15:00,weekly,sin_slot96,0.015656445175409317
day_ahead_price,xgb_oof_train,global,global_model,2025-09-24 00:15:00,weekly,cos_slot96,0.0066621266305446625
day_ahead_price,xgb_oof_train,global,global_model,2025-09-24 00:15:00,weekly,is_holiday,0.0020271162502467632
day_ahead_price,xgb_oof_train,global,global_model,2025-09-24 00:15:00,weekly,is_workday,0.0
day_ahead_price,xgb_oof_train,global,global_model,2025-09-24 00:15:00,weekly,is_weekend,0.0
day_ahead_price,xgb_oof_train,global,global_model,2025-09-24 00:15:00,weekly,is_makeup_workday,0.0
day_ahead_price,xgb_oof_train,global,global_model,2025-09-24 00:15:00,weekly,before_holiday_1d,0.005681181326508522
day_ahead_price,xgb_oof_train,global,global_model,2025-09-24 00:15:00,weekly,after_holiday_1d,0.0
day_ahead_price,xgb_oof_train,global,global_model,2025-09-24 00:15:00,weekly,holiday_name_Dragon Boat Festival,0.0
day_ahead_price,xgb_oof_train,global,global_model,2025-09-24 00:15:00,weekly,holiday_name_Labour Day,0.0
day_ahead_price,xgb_oof_train,global,global_model,2025-09-24 00:15:00,weekly,holiday_name_Mid-autumn Festival,0.0
day_ahead_price,xgb_oof_train,global,global_model,2025-09-24 00:15:00,weekly,holiday_name_National Day,0.0
day_ahead_price,xgb_oof_train,global,global_model,2025-09-24 00:15:00,weekly,holiday_name_New Year's Day,0.0
day_ahead_price,xgb_oof_train,global,global_model,2025-09-24 00:15:00,weekly,holiday_name_None,0.0
day_ahead_price,xgb_oof_train,global,global_model,2025-09-24 00:15:00,weekly,holiday_name_Spring Festival,0.0
day_ahead_price,xgb_oof_train,global,global_model,2025-09-24 00:15:00,weekly,holiday_name_Tomb-sweeping Day,0.0
day_ahead_price,xgb_oof_train,valley,segment_model,2025-09-24 00:15:00,weekly,lag_1,0.4927665591239929
day_ahead_price,xgb_oof_train,valley,segment_model,2025-09-24 00:15:00,weekly,lag_2,0.13233187794685364
day_ahead_price,xgb_oof_train,valley,segment_model,2025-09-24 00:15:00,weekly,lag_4,0.004536150489002466
day_ahead_price,xgb_oof_train,valley,segment_model,2025-09-24 00:15:00,weekly,lag_96,0.006115127820521593
day_ahead_price,xgb_oof_train,valley,segment_model,2025-09-24 00:15:00,weekly,lag_192,0.002438367111608386
day_ahead_price,xgb_oof_train,valley,segment_model,2025-09-24 00:15:00,weekly,lag_672,0.004927423782646656
day_ahead_price,xgb_oof_train,valley,segment_model,2025-09-24 00:15:00,weekly,roll_mean_4,0.26611557602882385
day_ahead_price,xgb_oof_train,valley,segment_model,2025-09-24 00:15:00,weekly,roll_mean_16,0.002273084595799446
day_ahead_price,xgb_oof_train,valley,segment_model,2025-09-24 00:15:00,weekly,roll_mean_96,0.0040339878760278225
day_ahead_price,xgb_oof_train,valley,segment_model,2025-09-24 00:15:00,weekly,roll_mean_672,0.004744125530123711
day_ahead_price,xgb_oof_train,valley,segment_model,2025-09-24 00:15:00,weekly,roll_std_96,0.0101442476734519
day_ahead_price,xgb_oof_train,valley,segment_model,2025-09-24 00:15:00,weekly,diff_1,0.013298429548740387
day_ahead_price,xgb_oof_train,valley,segment_model,2025-09-24 00:15:00,weekly,diff_96,0.005863024387508631
day_ahead_price,xgb_oof_train,valley,segment_model,2025-09-24 00:15:00,weekly,hour,0.004881849512457848
day_ahead_price,xgb_oof_train,valley,segment_model,2025-09-24 00:15:00,weekly,minute,0.01515269000083208
day_ahead_price,xgb_oof_train,valley,segment_model,2025-09-24 00:15:00,weekly,dayofweek,0.008180109784007072
day_ahead_price,xgb_oof_train,valley,segment_model,2025-09-24 00:15:00,weekly,slot96,0.007055187132209539
day_ahead_price,xgb_oof_train,valley,segment_model,2025-09-24 00:15:00,weekly,sin_slot96,0.0055050235241651535
day_ahead_price,xgb_oof_train,valley,segment_model,2025-09-24 00:15:00,weekly,cos_slot96,0.006570778787136078
day_ahead_price,xgb_oof_train,valley,segment_model,2025-09-24 00:15:00,weekly,is_holiday,0.0
day_ahead_price,xgb_oof_train,valley,segment_model,2025-09-24 00:15:00,weekly,is_workday,0.0
day_ahead_price,xgb_oof_train,valley,segment_model,2025-09-24 00:15:00,weekly,is_weekend,0.0
day_ahead_price,xgb_oof_train,valley,segment_model,2025-09-24 00:15:00,weekly,is_makeup_workday,0.0
day_ahead_price,xgb_oof_train,valley,segment_model,2025-09-24 00:15:00,weekly,before_holiday_1d,0.001036041066981852
day_ahead_price,xgb_oof_train,valley,segment_model,2025-09-24 00:15:00,weekly,after_holiday_1d,0.0
day_ahead_price,xgb_oof_train,valley,segment_model,2025-09-24 00:15:00,weekly,holiday_name_Dragon Boat Festival,0.0
day_ahead_price,xgb_oof_train,valley,segment_model,2025-09-24 00:15:00,weekly,holiday_name_Labour Day,0.0
day_ahead_price,xgb_oof_train,valley,segment_model,2025-09-24 00:15:00,weekly,holiday_name_Mid-autumn Festival,0.0
day_ahead_price,xgb_oof_train,valley,segment_model,2025-09-24 00:15:00,weekly,holiday_name_National Day,0.0
day_ahead_price,xgb_oof_train,valley,segment_model,2025-09-24 00:15:00,weekly,holiday_name_New Year's Day,0.0020304189529269934
day_ahead_price,xgb_oof_train,valley,segment_model,2025-09-24 00:15:00,weekly,holiday_name_None,0.0
day_ahead_price,xgb_oof_train,valley,segment_model,2025-09-24 00:15:00,weekly,holiday_name_Spring Festival,0.0
day_ahead_price,xgb_oof_train,valley,segment_model,2025-09-24 00:15:00,weekly,holiday_name_Tomb-sweeping Day,0.0
day_ahead_price,xgb_oof_train,flat,segment_model,2025-09-24 00:15:00,weekly,lag_1,0.48190680146217346
day_ahead_price,xgb_oof_train,flat,segment_model,2025-09-24 00:15:00,weekly,lag_2,0.04814009368419647
day_ahead_price,xgb_oof_train,flat,segment_model,2025-09-24 00:15:00,weekly,lag_4,0.00945268664509058
day_ahead_price,xgb_oof_train,flat,segment_model,2025-09-24 00:15:00,weekly,lag_96,0.017565790563821793
day_ahead_price,xgb_oof_train,flat,segment_model,2025-09-24 00:15:00,weekly,lag_192,0.012796991504728794
day_ahead_price,xgb_oof_train,flat,segment_model,2025-09-24 00:15:00,weekly,lag_672,0.01527384016662836
day_ahead_price,xgb_oof_train,flat,segment_model,2025-09-24 00:15:00,weekly,roll_mean_4,0.1452264040708542
day_ahead_price,xgb_oof_train,flat,segment_model,2025-09-24 00:15:00,weekly,roll_mean_16,0.012135946191847324
day_ahead_price,xgb_oof_train,flat,segment_model,2025-09-24 00:15:00,weekly,roll_mean_96,0.009755667299032211
day_ahead_price,xgb_oof_train,flat,segment_model,2025-09-24 00:15:00,weekly,roll_mean_672,0.007870336063206196
day_ahead_price,xgb_oof_train,flat,segment_model,2025-09-24 00:15:00,weekly,roll_std_96,0.006900776643306017
day_ahead_price,xgb_oof_train,flat,segment_model,2025-09-24 00:15:00,weekly,diff_1,0.02665903978049755
day_ahead_price,xgb_oof_train,flat,segment_model,2025-09-24 00:15:00,weekly,diff_96,0.01692448928952217
day_ahead_price,xgb_oof_train,flat,segment_model,2025-09-24 00:15:00,weekly,hour,0.020694438368082047
day_ahead_price,xgb_oof_train,flat,segment_model,2025-09-24 00:15:00,weekly,minute,0.03038639761507511
day_ahead_price,xgb_oof_train,flat,segment_model,2025-09-24 00:15:00,weekly,dayofweek,0.005365484394133091
day_ahead_price,xgb_oof_train,flat,segment_model,2025-09-24 00:15:00,weekly,slot96,0.037859730422496796
day_ahead_price,xgb_oof_train,flat,segment_model,2025-09-24 00:15:00,weekly,sin_slot96,0.06948487460613251
day_ahead_price,xgb_oof_train,flat,segment_model,2025-09-24 00:15:00,weekly,cos_slot96,0.005210717208683491
day_ahead_price,xgb_oof_train,flat,segment_model,2025-09-24 00:15:00,weekly,is_holiday,0.0
day_ahead_price,xgb_oof_train,flat,segment_model,2025-09-24 00:15:00,weekly,is_workday,0.0
day_ahead_price,xgb_oof_train,flat,segment_model,2025-09-24 00:15:00,weekly,is_weekend,0.0
day_ahead_price,xgb_oof_train,flat,segment_model,2025-09-24 00:15:00,weekly,is_makeup_workday,0.0
day_ahead_price,xgb_oof_train,flat,segment_model,2025-09-24 00:15:00,weekly,before_holiday_1d,0.009461904875934124
day_ahead_price,xgb_oof_train,flat,segment_model,2025-09-24 00:15:00,weekly,after_holiday_1d,0.010927562601864338
day_ahead_price,xgb_oof_train,flat,segment_model,2025-09-24 00:15:00,weekly,holiday_name_Dragon Boat Festival,0.0
day_ahead_price,xgb_oof_train,flat,segment_model,2025-09-24 00:15:00,weekly,holiday_name_Labour Day,0.0
day_ahead_price,xgb_oof_train,flat,segment_model,2025-09-24 00:15:00,weekly,holiday_name_Mid-autumn Festival,0.0
day_ahead_price,xgb_oof_train,flat,segment_model,2025-09-24 00:15:00,weekly,holiday_name_National Day,0.0
day_ahead_price,xgb_oof_train,flat,segment_model,2025-09-24 00:15:00,weekly,holiday_name_New Year's Day,0.0
day_ahead_price,xgb_oof_train,flat,segment_model,2025-09-24 00:15:00,weekly,holiday_name_None,0.0
day_ahead_price,xgb_oof_train,flat,segment_model,2025-09-24 00:15:00,weekly,holiday_name_Spring Festival,0.0
day_ahead_price,xgb_oof_train,flat,segment_model,2025-09-24 00:15:00,weekly,holiday_name_Tomb-sweeping Day,0.0
day_ahead_price,xgb_oof_train,peak,segment_model,2025-09-24 00:15:00,weekly,lag_1,0.2963407337665558
day_ahead_price,xgb_oof_train,peak,segment_model,2025-09-24 00:15:00,weekly,lag_2,0.00922730378806591
day_ahead_price,xgb_oof_train,peak,segment_model,2025-09-24 00:15:00,weekly,lag_4,0.006308337207883596
day_ahead_price,xgb_oof_train,peak,segment_model,2025-09-24 00:15:00,weekly,lag_96,0.007194806355983019
day_ahead_price,xgb_oof_train,peak,segment_model,2025-09-24 00:15:00,weekly,lag_192,0.00602965522557497
day_ahead_price,xgb_oof_train,peak,segment_model,2025-09-24 00:15:00,weekly,lag_672,0.004438742063939571
day_ahead_price,xgb_oof_train,peak,segment_model,2025-09-24 00:15:00,weekly,roll_mean_4,0.5349724292755127
day_ahead_price,xgb_oof_train,peak,segment_model,2025-09-24 00:15:00,weekly,roll_mean_16,0.005483208689838648
day_ahead_price,xgb_oof_train,peak,segment_model,2025-09-24 00:15:00,weekly,roll_mean_96,0.0159424040466547
day_ahead_price,xgb_oof_train,peak,segment_model,2025-09-24 00:15:00,weekly,roll_mean_672,0.007156436797231436
day_ahead_price,xgb_oof_train,peak,segment_model,2025-09-24 00:15:00,weekly,roll_std_96,0.005238616839051247
day_ahead_price,xgb_oof_train,peak,segment_model,2025-09-24 00:15:00,weekly,diff_1,0.011905684135854244
day_ahead_price,xgb_oof_train,peak,segment_model,2025-09-24 00:15:00,weekly,diff_96,0.0059846872463822365
day_ahead_price,xgb_oof_train,peak,segment_model,2025-09-24 00:15:00,weekly,hour,0.01394378487020731
day_ahead_price,xgb_oof_train,peak,segment_model,2025-09-24 00:15:00,weekly,minute,0.004169025924056768
day_ahead_price,xgb_oof_train,peak,segment_model,2025-09-24 00:15:00,weekly,dayofweek,0.005448928568512201
day_ahead_price,xgb_oof_train,peak,segment_model,2025-09-24 00:15:00,weekly,slot96,0.0076305498369038105
day_ahead_price,xgb_oof_train,peak,segment_model,2025-09-24 00:15:00,weekly,sin_slot96,0.033652618527412415
day_ahead_price,xgb_oof_train,peak,segment_model,2025-09-24 00:15:00,weekly,cos_slot96,0.00352960336022079
day_ahead_price,xgb_oof_train,peak,segment_model,2025-09-24 00:15:00,weekly,is_holiday,0.007180768996477127
day_ahead_price,xgb_oof_train,peak,segment_model,2025-09-24 00:15:00,weekly,is_workday,0.006336736027151346
day_ahead_price,xgb_oof_train,peak,segment_model,2025-09-24 00:15:00,weekly,is_weekend,0.0
day_ahead_price,xgb_oof_train,peak,segment_model,2025-09-24 00:15:00,weekly,is_makeup_workday,0.0
day_ahead_price,xgb_oof_train,peak,segment_model,2025-09-24 00:15:00,weekly,before_holiday_1d,0.00047458946937695146
day_ahead_price,xgb_oof_train,peak,segment_model,2025-09-24 00:15:00,weekly,after_holiday_1d,0.001410351600497961
day_ahead_price,xgb_oof_train,peak,segment_model,2025-09-24 00:15:00,weekly,holiday_name_Dragon Boat Festival,0.0
day_ahead_price,xgb_oof_train,peak,segment_model,2025-09-24 00:15:00,weekly,holiday_name_Labour Day,0.0
day_ahead_price,xgb_oof_train,peak,segment_model,2025-09-24 00:15:00,weekly,holiday_name_Mid-autumn Festival,0.0
day_ahead_price,xgb_oof_train,peak,segment_model,2025-09-24 00:15:00,weekly,holiday_name_National Day,0.0
day_ahead_price,xgb_oof_train,peak,segment_model,2025-09-24 00:15:00,weekly,holiday_name_New Year's Day,0.0
day_ahead_price,xgb_oof_train,peak,segment_model,2025-09-24 00:15:00,weekly,holiday_name_None,0.0
day_ahead_price,xgb_oof_train,peak,segment_model,2025-09-24 00:15:00,weekly,holiday_name_Spring Festival,0.0
day_ahead_price,xgb_oof_train,peak,segment_model,2025-09-24 00:15:00,weekly,holiday_name_Tomb-sweeping Day,0.0
day_ahead_price,xgb_oof_train,global,global_model,2025-10-01 00:15:00,weekly,lag_1,0.5331442356109619
day_ahead_price,xgb_oof_train,global,global_model,2025-10-01 00:15:00,weekly,lag_2,0.0096573606133461
day_ahead_price,xgb_oof_train,global,global_model,2025-10-01 00:15:00,weekly,lag_4,0.007641458883881569
day_ahead_price,xgb_oof_train,global,global_model,2025-10-01 00:15:00,weekly,lag_96,0.01956895925104618
day_ahead_price,xgb_oof_train,global,global_model,2025-10-01 00:15:00,weekly,lag_192,0.009988625533878803
day_ahead_price,xgb_oof_train,global,global_model,2025-10-01 00:15:00,weekly,lag_672,0.015549683012068272
day_ahead_price,xgb_oof_train,global,global_model,2025-10-01 00:15:00,weekly,roll_mean_4,0.2666304111480713
day_ahead_price,xgb_oof_train,global,global_model,2025-10-01 00:15:00,weekly,roll_mean_16,0.010258905589580536
day_ahead_price,xgb_oof_train,global,global_model,2025-10-01 00:15:00,weekly,roll_mean_96,0.007342170923948288
day_ahead_price,xgb_oof_train,global,global_model,2025-10-01 00:15:00,weekly,roll_mean_672,0.005096635315567255
day_ahead_price,xgb_oof_train,global,global_model,2025-10-01 00:15:00,weekly,roll_std_96,0.010017083026468754
day_ahead_price,xgb_oof_train,global,global_model,2025-10-01 00:15:00,weekly,diff_1,0.012011593207716942
day_ahead_price,xgb_oof_train,global,global_model,2025-10-01 00:15:00,weekly,diff_96,0.013669077306985855
day_ahead_price,xgb_oof_train,global,global_model,2025-10-01 00:15:00,weekly,hour,0.008469506166875362
day_ahead_price,xgb_oof_train,global,global_model,2025-10-01 00:15:00,weekly,minute,0.014116077683866024
day_ahead_price,xgb_oof_train,global,global_model,2025-10-01 00:15:00,weekly,dayofweek,0.00676204776391387
day_ahead_price,xgb_oof_train,global,global_model,2025-10-01 00:15:00,weekly,slot96,0.012426921166479588
day_ahead_price,xgb_oof_train,global,global_model,2025-10-01 00:15:00,weekly,sin_slot96,0.01624925807118416
day_ahead_price,xgb_oof_train,global,global_model,2025-10-01 00:15:00,weekly,cos_slot96,0.007181788794696331
day_ahead_price,xgb_oof_train,global,global_model,2025-10-01 00:15:00,weekly,is_holiday,0.0
day_ahead_price,xgb_oof_train,global,global_model,2025-10-01 00:15:00,weekly,is_workday,0.0
day_ahead_price,xgb_oof_train,global,global_model,2025-10-01 00:15:00,weekly,is_weekend,0.0
day_ahead_price,xgb_oof_train,global,global_model,2025-10-01 00:15:00,weekly,is_makeup_workday,0.0
day_ahead_price,xgb_oof_train,global,global_model,2025-10-01 00:15:00,weekly,before_holiday_1d,0.010212596505880356
day_ahead_price,xgb_oof_train,global,global_model,2025-10-01 00:15:00,weekly,after_holiday_1d,0.0
day_ahead_price,xgb_oof_train,global,global_model,2025-10-01 00:15:00,weekly,holiday_name_Dragon Boat Festival,0.0
day_ahead_price,xgb_oof_train,global,global_model,2025-10-01 00:15:00,weekly,holiday_name_Labour Day,0.0
day_ahead_price,xgb_oof_train,global,global_model,2025-10-01 00:15:00,weekly,holiday_name_Mid-autumn Festival,0.0
day_ahead_price,xgb_oof_train,global,global_model,2025-10-01 00:15:00,weekly,holiday_name_National Day,0.0
day_ahead_price,xgb_oof_train,global,global_model,2025-10-01 00:15:00,weekly,holiday_name_New Year's Day,0.0
day_ahead_price,xgb_oof_train,global,global_model,2025-10-01 00:15:00,weekly,holiday_name_None,0.004005603026598692
day_ahead_price,xgb_oof_train,global,global_model,2025-10-01 00:15:00,weekly,holiday_name_Spring Festival,0.0
day_ahead_price,xgb_oof_train,global,global_model,2025-10-01 00:15:00,weekly,holiday_name_Tomb-sweeping Day,0.0
day_ahead_price,xgb_oof_train,valley,segment_model,2025-10-01 00:15:00,weekly,lag_1,0.5248746275901794
day_ahead_price,xgb_oof_train,valley,segment_model,2025-10-01 00:15:00,weekly,lag_2,0.1000761166214943
day_ahead_price,xgb_oof_train,valley,segment_model,2025-10-01 00:15:00,weekly,lag_4,0.0036904376465827227
day_ahead_price,xgb_oof_train,valley,segment_model,2025-10-01 00:15:00,weekly,lag_96,0.00566068897023797
day_ahead_price,xgb_oof_train,valley,segment_model,2025-10-01 00:15:00,weekly,lag_192,0.0025377359706908464
day_ahead_price,xgb_oof_train,valley,segment_model,2025-10-01 00:15:00,weekly,lag_672,0.006331780459731817
day_ahead_price,xgb_oof_train,valley,segment_model,2025-10-01 00:15:00,weekly,roll_mean_4,0.23441201448440552
day_ahead_price,xgb_oof_train,valley,segment_model,2025-10-01 00:15:00,weekly,roll_mean_16,0.004817890003323555
day_ahead_price,xgb_oof_train,valley,segment_model,2025-10-01 00:15:00,weekly,roll_mean_96,0.004662525840103626
day_ahead_price,xgb_oof_train,valley,segment_model,2025-10-01 00:15:00,weekly,roll_mean_672,0.0052147782407701015
day_ahead_price,xgb_oof_train,valley,segment_model,2025-10-01 00:15:00,weekly,roll_std_96,0.028948385268449783
day_ahead_price,xgb_oof_train,valley,segment_model,2025-10-01 00:15:00,weekly,diff_1,0.014783849939703941
day_ahead_price,xgb_oof_train,valley,segment_model,2025-10-01 00:15:00,weekly,diff_96,0.007146115880459547
day_ahead_price,xgb_oof_train,valley,segment_model,2025-10-01 00:15:00,weekly,hour,0.00501273013651371
day_ahead_price,xgb_oof_train,valley,segment_model,2025-10-01 00:15:00,weekly,minute,0.01913384720683098
day_ahead_price,xgb_oof_train,valley,segment_model,2025-10-01 00:15:00,weekly,dayofweek,0.005555628798902035
day_ahead_price,xgb_oof_train,valley,segment_model,2025-10-01 00:15:00,weekly,slot96,0.007716719061136246
day_ahead_price,xgb_oof_train,valley,segment_model,2025-10-01 00:15:00,weekly,sin_slot96,0.0066570802591741085
day_ahead_price,xgb_oof_train,valley,segment_model,2025-10-01 00:15:00,weekly,cos_slot96,0.003977189771831036
day_ahead_price,xgb_oof_train,valley,segment_model,2025-10-01 00:15:00,weekly,is_holiday,0.0018873830558732152
day_ahead_price,xgb_oof_train,valley,segment_model,2025-10-01 00:15:00,weekly,is_workday,0.0
day_ahead_price,xgb_oof_train,valley,segment_model,2025-10-01 00:15:00,weekly,is_weekend,0.0
day_ahead_price,xgb_oof_train,valley,segment_model,2025-10-01 00:15:00,weekly,is_makeup_workday,0.005020130891352892
day_ahead_price,xgb_oof_train,valley,segment_model,2025-10-01 00:15:00,weekly,before_holiday_1d,0.0
day_ahead_price,xgb_oof_train,valley,segment_model,2025-10-01 00:15:00,weekly,after_holiday_1d,0.0
day_ahead_price,xgb_oof_train,valley,segment_model,2025-10-01 00:15:00,weekly,holiday_name_Dragon Boat Festival,0.0
day_ahead_price,xgb_oof_train,valley,segment_model,2025-10-01 00:15:00,weekly,holiday_name_Labour Day,0.0
day_ahead_price,xgb_oof_train,valley,segment_model,2025-10-01 00:15:00,weekly,holiday_name_Mid-autumn Festival,0.0
day_ahead_price,xgb_oof_train,valley,segment_model,2025-10-01 00:15:00,weekly,holiday_name_National Day,0.0
day_ahead_price,xgb_oof_train,valley,segment_model,2025-10-01 00:15:00,weekly,holiday_name_New Year's Day,0.0
day_ahead_price,xgb_oof_train,valley,segment_model,2025-10-01 00:15:00,weekly,holiday_name_None,0.0
day_ahead_price,xgb_oof_train,valley,segment_model,2025-10-01 00:15:00,weekly,holiday_name_Spring Festival,0.0018824461149051785
day_ahead_price,xgb_oof_train,valley,segment_model,2025-10-01 00:15:00,weekly,holiday_name_Tomb-sweeping Day,0.0
day_ahead_price,xgb_oof_train,flat,segment_model,2025-10-01 00:15:00,weekly,lag_1,0.4985714852809906
day_ahead_price,xgb_oof_train,flat,segment_model,2025-10-01 00:15:00,weekly,lag_2,0.0456353984773159
day_ahead_price,xgb_oof_train,flat,segment_model,2025-10-01 00:15:00,weekly,lag_4,0.00784394983202219
day_ahead_price,xgb_oof_train,flat,segment_model,2025-10-01 00:15:00,weekly,lag_96,0.018104402348399162
day_ahead_price,xgb_oof_train,flat,segment_model,2025-10-01 00:15:00,weekly,lag_192,0.010968846268951893
day_ahead_price,xgb_oof_train,flat,segment_model,2025-10-01 00:15:00,weekly,lag_672,0.014392044395208359
day_ahead_price,xgb_oof_train,flat,segment_model,2025-10-01 00:15:00,weekly,roll_mean_4,0.16365419328212738
day_ahead_price,xgb_oof_train,flat,segment_model,2025-10-01 00:15:00,weekly,roll_mean_16,0.012937327846884727
day_ahead_price,xgb_oof_train,flat,segment_model,2025-10-01 00:15:00,weekly,roll_mean_96,0.009389801882207394
day_ahead_price,xgb_oof_train,flat,segment_model,2025-10-01 00:15:00,weekly,roll_mean_672,0.00441912654787302
day_ahead_price,xgb_oof_train,flat,segment_model,2025-10-01 00:15:00,weekly,roll_std_96,0.007985292933881283
day_ahead_price,xgb_oof_train,flat,segment_model,2025-10-01 00:15:00,weekly,diff_1,0.026891473680734634
day_ahead_price,xgb_oof_train,flat,segment_model,2025-10-01 00:15:00,weekly,diff_96,0.014169037342071533
day_ahead_price,xgb_oof_train,flat,segment_model,2025-10-01 00:15:00,weekly,hour,0.019327839836478233
day_ahead_price,xgb_oof_train,flat,segment_model,2025-10-01 00:15:00,weekly,minute,0.0291050523519516
day_ahead_price,xgb_oof_train,flat,segment_model,2025-10-01 00:15:00,weekly,dayofweek,0.006341479253023863
day_ahead_price,xgb_oof_train,flat,segment_model,2025-10-01 00:15:00,weekly,slot96,0.03442922607064247
day_ahead_price,xgb_oof_train,flat,segment_model,2025-10-01 00:15:00,weekly,sin_slot96,0.05978292226791382
day_ahead_price,xgb_oof_train,flat,segment_model,2025-10-01 00:15:00,weekly,cos_slot96,0.0048750280402600765
day_ahead_price,xgb_oof_train,flat,segment_model,2025-10-01 00:15:00,weekly,is_holiday,0.002850112272426486
day_ahead_price,xgb_oof_train,flat,segment_model,2025-10-01 00:15:00,weekly,is_workday,0.0
day_ahead_price,xgb_oof_train,flat,segment_model,2025-10-01 00:15:00,weekly,is_weekend,0.0
day_ahead_price,xgb_oof_train,flat,segment_model,2025-10-01 00:15:00,weekly,is_makeup_workday,0.0005142507725395262
day_ahead_price,xgb_oof_train,flat,segment_model,2025-10-01 00:15:00,weekly,before_holiday_1d,0.007811723742634058
day_ahead_price,xgb_oof_train,flat,segment_model,2025-10-01 00:15:00,weekly,after_holiday_1d,0.0
day_ahead_price,xgb_oof_train,flat,segment_model,2025-10-01 00:15:00,weekly,holiday_name_Dragon Boat Festival,0.0
day_ahead_price,xgb_oof_train,flat,segment_model,2025-10-01 00:15:00,weekly,holiday_name_Labour Day,0.0
day_ahead_price,xgb_oof_train,flat,segment_model,2025-10-01 00:15:00,weekly,holiday_name_Mid-autumn Festival,0.0
day_ahead_price,xgb_oof_train,flat,segment_model,2025-10-01 00:15:00,weekly,holiday_name_National Day,0.0
day_ahead_price,xgb_oof_train,flat,segment_model,2025-10-01 00:15:00,weekly,holiday_name_New Year's Day,0.0
day_ahead_price,xgb_oof_train,flat,segment_model,2025-10-01 00:15:00,weekly,holiday_name_None,0.0
day_ahead_price,xgb_oof_train,flat,segment_model,2025-10-01 00:15:00,weekly,holiday_name_Spring Festival,0.0
day_ahead_price,xgb_oof_train,flat,segment_model,2025-10-01 00:15:00,weekly,holiday_name_Tomb-sweeping Day,0.0
day_ahead_price,xgb_oof_train,peak,segment_model,2025-10-01 00:15:00,weekly,lag_1,0.24063393473625183
day_ahead_price,xgb_oof_train,peak,segment_model,2025-10-01 00:15:00,weekly,lag_2,0.01077017467468977
day_ahead_price,xgb_oof_train,peak,segment_model,2025-10-01 00:15:00,weekly,lag_4,0.005837596952915192
day_ahead_price,xgb_oof_train,peak,segment_model,2025-10-01 00:15:00,weekly,lag_96,0.007791150826960802
day_ahead_price,xgb_oof_train,peak,segment_model,2025-10-01 00:15:00,weekly,lag_192,0.0052789621986448765
day_ahead_price,xgb_oof_train,peak,segment_model,2025-10-01 00:15:00,weekly,lag_672,0.004675961099565029
day_ahead_price,xgb_oof_train,peak,segment_model,2025-10-01 00:15:00,weekly,roll_mean_4,0.6089736223220825
day_ahead_price,xgb_oof_train,peak,segment_model,2025-10-01 00:15:00,weekly,roll_mean_16,0.004831658210605383
day_ahead_price,xgb_oof_train,peak,segment_model,2025-10-01 00:15:00,weekly,roll_mean_96,0.01188273262232542
day_ahead_price,xgb_oof_train,peak,segment_model,2025-10-01 00:15:00,weekly,roll_mean_672,0.0060699451714754105
day_ahead_price,xgb_oof_train,peak,segment_model,2025-10-01 00:15:00,weekly,roll_std_96,0.0041545662097632885
day_ahead_price,xgb_oof_train,peak,segment_model,2025-10-01 00:15:00,weekly,diff_1,0.010154122486710548
day_ahead_price,xgb_oof_train,peak,segment_model,2025-10-01 00:15:00,weekly,diff_96,0.005879580043256283
day_ahead_price,xgb_oof_train,peak,segment_model,2025-10-01 00:15:00,weekly,hour,0.005422255955636501
day_ahead_price,xgb_oof_train,peak,segment_model,2025-10-01 00:15:00,weekly,minute,0.0026830427814275026
day_ahead_price,xgb_oof_train,peak,segment_model,2025-10-01 00:15:00,weekly,dayofweek,0.004724779166281223
day_ahead_price,xgb_oof_train,peak,segment_model,2025-10-01 00:15:00,weekly,slot96,0.008616128005087376
day_ahead_price,xgb_oof_train,peak,segment_model,2025-10-01 00:15:00,weekly,sin_slot96,0.034600961953401566
day_ahead_price,xgb_oof_train,peak,segment_model,2025-10-01 00:15:00,weekly,cos_slot96,0.004038017243146896
day_ahead_price,xgb_oof_train,peak,segment_model,2025-10-01 00:15:00,weekly,is_holiday,0.009423146024346352
day_ahead_price,xgb_oof_train,peak,segment_model,2025-10-01 00:15:00,weekly,is_workday,0.0
day_ahead_price,xgb_oof_train,peak,segment_model,2025-10-01 00:15:00,weekly,is_weekend,0.0
day_ahead_price,xgb_oof_train,peak,segment_model,2025-10-01 00:15:00,weekly,is_makeup_workday,0.0
day_ahead_price,xgb_oof_train,peak,segment_model,2025-10-01 00:15:00,weekly,before_holiday_1d,0.00041859407792799175
day_ahead_price,xgb_oof_train,peak,segment_model,2025-10-01 00:15:00,weekly,after_holiday_1d,0.0009463508613407612
day_ahead_price,xgb_oof_train,peak,segment_model,2025-10-01 00:15:00,weekly,holiday_name_Dragon Boat Festival,0.0
day_ahead_price,xgb_oof_train,peak,segment_model,2025-10-01 00:15:00,weekly,holiday_name_Labour Day,0.0
day_ahead_price,xgb_oof_train,peak,segment_model,2025-10-01 00:15:00,weekly,holiday_name_Mid-autumn Festival,0.0
day_ahead_price,xgb_oof_train,peak,segment_model,2025-10-01 00:15:00,weekly,holiday_name_National Day,0.0
day_ahead_price,xgb_oof_train,peak,segment_model,2025-10-01 00:15:00,weekly,holiday_name_New Year's Day,0.0
day_ahead_price,xgb_oof_train,peak,segment_model,2025-10-01 00:15:00,weekly,holiday_name_None,0.0
day_ahead_price,xgb_oof_train,peak,segment_model,2025-10-01 00:15:00,weekly,holiday_name_Spring Festival,0.002192653017118573
day_ahead_price,xgb_oof_train,peak,segment_model,2025-10-01 00:15:00,weekly,holiday_name_Tomb-sweeping Day,0.0
day_ahead_price,xgb_oof_train,global,global_model,2025-10-08 00:15:00,weekly,lag_1,0.5557979345321655
day_ahead_price,xgb_oof_train,global,global_model,2025-10-08 00:15:00,weekly,lag_2,0.00965588167309761
day_ahead_price,xgb_oof_train,global,global_model,2025-10-08 00:15:00,weekly,lag_4,0.008258312940597534
day_ahead_price,xgb_oof_train,global,global_model,2025-10-08 00:15:00,weekly,lag_96,0.02185012958943844
day_ahead_price,xgb_oof_train,global,global_model,2025-10-08 00:15:00,weekly,lag_192,0.010592547245323658
day_ahead_price,xgb_oof_train,global,global_model,2025-10-08 00:15:00,weekly,lag_672,0.015888642519712448
day_ahead_price,xgb_oof_train,global,global_model,2025-10-08 00:15:00,weekly,roll_mean_4,0.2512105703353882
day_ahead_price,xgb_oof_train,global,global_model,2025-10-08 00:15:00,weekly,roll_mean_16,0.009011980146169662
day_ahead_price,xgb_oof_train,global,global_model,2025-10-08 00:15:00,weekly,roll_mean_96,0.007563500199466944
day_ahead_price,xgb_oof_train,global,global_model,2025-10-08 00:15:00,weekly,roll_mean_672,0.0055855498649179935
day_ahead_price,xgb_oof_train,global,global_model,2025-10-08 00:15:00,weekly,roll_std_96,0.008649646304547787
day_ahead_price,xgb_oof_train,global,global_model,2025-10-08 00:15:00,weekly,diff_1,0.014090877957642078
day_ahead_price,xgb_oof_train,global,global_model,2025-10-08 00:15:00,weekly,diff_96,0.012391860596835613
day_ahead_price,xgb_oof_train,global,global_model,2025-10-08 00:15:00,weekly,hour,0.0042566643096506596
day_ahead_price,xgb_oof_train,global,global_model,2025-10-08 00:15:00,weekly,minute,0.015116777271032333
day_ahead_price,xgb_oof_train,global,global_model,2025-10-08 00:15:00,weekly,dayofweek,0.0025425301864743233
day_ahead_price,xgb_oof_train,global,global_model,2025-10-08 00:15:00,weekly,slot96,0.01507189217954874
day_ahead_price,xgb_oof_train,global,global_model,2025-10-08 00:15:00,weekly,sin_slot96,0.016621185466647148
day_ahead_price,xgb_oof_train,global,global_model,2025-10-08 00:15:00,weekly,cos_slot96,0.005543302744626999
day_ahead_price,xgb_oof_train,global,global_model,2025-10-08 00:15:00,weekly,is_holiday,0.0005141483852639794
day_ahead_price,xgb_oof_train,global,global_model,2025-10-08 00:15:00,weekly,is_workday,0.0
day_ahead_price,xgb_oof_train,global,global_model,2025-10-08 00:15:00,weekly,is_weekend,0.0
day_ahead_price,xgb_oof_train,global,global_model,2025-10-08 00:15:00,weekly,is_makeup_workday,0.0
day_ahead_price,xgb_oof_train,global,global_model,2025-10-08 00:15:00,weekly,before_holiday_1d,0.005953622981905937
day_ahead_price,xgb_oof_train,global,global_model,2025-10-08 00:15:00,weekly,after_holiday_1d,0.0002606869675219059
day_ahead_price,xgb_oof_train,global,global_model,2025-10-08 00:15:00,weekly,holiday_name_Dragon Boat Festival,0.0
day_ahead_price,xgb_oof_train,global,global_model,2025-10-08 00:15:00,weekly,holiday_name_Labour Day,0.0
day_ahead_price,xgb_oof_train,global,global_model,2025-10-08 00:15:00,weekly,holiday_name_Mid-autumn Festival,0.0
day_ahead_price,xgb_oof_train,global,global_model,2025-10-08 00:15:00,weekly,holiday_name_National Day,0.0035717717837542295
day_ahead_price,xgb_oof_train,global,global_model,2025-10-08 00:15:00,weekly,holiday_name_New Year's Day,0.0
day_ahead_price,xgb_oof_train,global,global_model,2025-10-08 00:15:00,weekly,holiday_name_None,0.0
day_ahead_price,xgb_oof_train,global,global_model,2025-10-08 00:15:00,weekly,holiday_name_Spring Festival,0.0
day_ahead_price,xgb_oof_train,global,global_model,2025-10-08 00:15:00,weekly,holiday_name_Tomb-sweeping Day,0.0
day_ahead_price,xgb_oof_train,valley,segment_model,2025-10-08 00:15:00,weekly,lag_1,0.5254541039466858
day_ahead_price,xgb_oof_train,valley,segment_model,2025-10-08 00:15:00,weekly,lag_2,0.10651987791061401
day_ahead_price,xgb_oof_train,valley,segment_model,2025-10-08 00:15:00,weekly,lag_4,0.003879568772390485
day_ahead_price,xgb_oof_train,valley,segment_model,2025-10-08 00:15:00,weekly,lag_96,0.006335902493447065
day_ahead_price,xgb_oof_train,valley,segment_model,2025-10-08 00:15:00,weekly,lag_192,0.0023735722061246634
day_ahead_price,xgb_oof_train,valley,segment_model,2025-10-08 00:15:00,weekly,lag_672,0.005066302139312029
day_ahead_price,xgb_oof_train,valley,segment_model,2025-10-08 00:15:00,weekly,roll_mean_4,0.22835944592952728
day_ahead_price,xgb_oof_train,valley,segment_model,2025-10-08 00:15:00,weekly,roll_mean_16,0.0047248057089746
day_ahead_price,xgb_oof_train,valley,segment_model,2025-10-08 00:15:00,weekly,roll_mean_96,0.003934616222977638
day_ahead_price,xgb_oof_train,valley,segment_model,2025-10-08 00:15:00,weekly,roll_mean_672,0.005041096825152636
day_ahead_price,xgb_oof_train,valley,segment_model,2025-10-08 00:15:00,weekly,roll_std_96,0.0249626487493515
day_ahead_price,xgb_oof_train,valley,segment_model,2025-10-08 00:15:00,weekly,diff_1,0.013397173956036568
day_ahead_price,xgb_oof_train,valley,segment_model,2025-10-08 00:15:00,weekly,diff_96,0.006008805241435766
day_ahead_price,xgb_oof_train,valley,segment_model,2025-10-08 00:15:00,weekly,hour,0.004258257336914539
day_ahead_price,xgb_oof_train,valley,segment_model,2025-10-08 00:15:00,weekly,minute,0.02296842262148857
day_ahead_price,xgb_oof_train,valley,segment_model,2025-10-08 00:15:00,weekly,dayofweek,0.006768477614969015
day_ahead_price,xgb_oof_train,valley,segment_model,2025-10-08 00:15:00,weekly,slot96,0.007778341881930828
day_ahead_price,xgb_oof_train,valley,segment_model,2025-10-08 00:15:00,weekly,sin_slot96,0.005263893865048885
day_ahead_price,xgb_oof_train,valley,segment_model,2025-10-08 00:15:00,weekly,cos_slot96,0.005671139806509018
day_ahead_price,xgb_oof_train,valley,segment_model,2025-10-08 00:15:00,weekly,is_holiday,0.0037941730115562677
day_ahead_price,xgb_oof_train,valley,segment_model,2025-10-08 00:15:00,weekly,is_workday,0.0007067529368214309
day_ahead_price,xgb_oof_train,valley,segment_model,2025-10-08 00:15:00,weekly,is_weekend,0.0
day_ahead_price,xgb_oof_train,valley,segment_model,2025-10-08 00:15:00,weekly,is_makeup_workday,0.0
day_ahead_price,xgb_oof_train,valley,segment_model,2025-10-08 00:15:00,weekly,before_holiday_1d,0.0
day_ahead_price,xgb_oof_train,valley,segment_model,2025-10-08 00:15:00,weekly,after_holiday_1d,0.0
day_ahead_price,xgb_oof_train,valley,segment_model,2025-10-08 00:15:00,weekly,holiday_name_Dragon Boat Festival,0.0
day_ahead_price,xgb_oof_train,valley,segment_model,2025-10-08 00:15:00,weekly,holiday_name_Labour Day,0.0
day_ahead_price,xgb_oof_train,valley,segment_model,2025-10-08 00:15:00,weekly,holiday_name_Mid-autumn Festival,0.0
day_ahead_price,xgb_oof_train,valley,segment_model,2025-10-08 00:15:00,weekly,holiday_name_National Day,0.0023187980987131596
day_ahead_price,xgb_oof_train,valley,segment_model,2025-10-08 00:15:00,weekly,holiday_name_New Year's Day,0.002415240043774247
day_ahead_price,xgb_oof_train,valley,segment_model,2025-10-08 00:15:00,weekly,holiday_name_None,0.0
day_ahead_price,xgb_oof_train,valley,segment_model,2025-10-08 00:15:00,weekly,holiday_name_Spring Festival,0.001998548163101077
day_ahead_price,xgb_oof_train,valley,segment_model,2025-10-08 00:15:00,weekly,holiday_name_Tomb-sweeping Day,0.0
day_ahead_price,xgb_oof_train,flat,segment_model,2025-10-08 00:15:00,weekly,lag_1,0.4844040274620056
day_ahead_price,xgb_oof_train,flat,segment_model,2025-10-08 00:15:00,weekly,lag_2,0.020275738090276718
day_ahead_price,xgb_oof_train,flat,segment_model,2025-10-08 00:15:00,weekly,lag_4,0.008448006585240364
day_ahead_price,xgb_oof_train,flat,segment_model,2025-10-08 00:15:00,weekly,lag_96,0.018145576119422913
day_ahead_price,xgb_oof_train,flat,segment_model,2025-10-08 00:15:00,weekly,lag_192,0.012727612629532814
day_ahead_price,xgb_oof_train,flat,segment_model,2025-10-08 00:15:00,weekly,lag_672,0.013097338378429413
day_ahead_price,xgb_oof_train,flat,segment_model,2025-10-08 00:15:00,weekly,roll_mean_4,0.1873842179775238
day_ahead_price,xgb_oof_train,flat,segment_model,2025-10-08 00:15:00,weekly,roll_mean_16,0.010779816657304764
day_ahead_price,xgb_oof_train,flat,segment_model,2025-10-08 00:15:00,weekly,roll_mean_96,0.010256398469209671
day_ahead_price,xgb_oof_train,flat,segment_model,2025-10-08 00:15:00,weekly,roll_mean_672,0.005964153446257114
day_ahead_price,xgb_oof_train,flat,segment_model,2025-10-08 00:15:00,weekly,roll_std_96,0.011823924258351326
day_ahead_price,xgb_oof_train,flat,segment_model,2025-10-08 00:15:00,weekly,diff_1,0.025697020813822746
day_ahead_price,xgb_oof_train,flat,segment_model,2025-10-08 00:15:00,weekly,diff_96,0.02079414576292038
day_ahead_price,xgb_oof_train,flat,segment_model,2025-10-08 00:15:00,weekly,hour,0.0130283422768116
day_ahead_price,xgb_oof_train,flat,segment_model,2025-10-08 00:15:00,weekly,minute,0.027465324848890305
day_ahead_price,xgb_oof_train,flat,segment_model,2025-10-08 00:15:00,weekly,dayofweek,0.005468136630952358
day_ahead_price,xgb_oof_train,flat,segment_model,2025-10-08 00:15:00,weekly,slot96,0.029729904606938362
day_ahead_price,xgb_oof_train,flat,segment_model,2025-10-08 00:15:00,weekly,sin_slot96,0.06559685617685318
day_ahead_price,xgb_oof_train,flat,segment_model,2025-10-08 00:15:00,weekly,cos_slot96,0.00528361089527607
day_ahead_price,xgb_oof_train,flat,segment_model,2025-10-08 00:15:00,weekly,is_holiday,0.0015693344175815582
day_ahead_price,xgb_oof_train,flat,segment_model,2025-10-08 00:15:00,weekly,is_workday,0.0
day_ahead_price,xgb_oof_train,flat,segment_model,2025-10-08 00:15:00,weekly,is_weekend,0.0
day_ahead_price,xgb_oof_train,flat,segment_model,2025-10-08 00:15:00,weekly,is_makeup_workday,0.00039539605495519936
day_ahead_price,xgb_oof_train,flat,segment_model,2025-10-08 00:15:00,weekly,before_holiday_1d,0.006899239495396614
day_ahead_price,xgb_oof_train,flat,segment_model,2025-10-08 00:15:00,weekly,after_holiday_1d,0.014762907288968563
day_ahead_price,xgb_oof_train,flat,segment_model,2025-10-08 00:15:00,weekly,holiday_name_Dragon Boat Festival,0.0
day_ahead_price,xgb_oof_train,flat,segment_model,2025-10-08 00:15:00,weekly,holiday_name_Labour Day,0.0
day_ahead_price,xgb_oof_train,flat,segment_model,2025-10-08 00:15:00,weekly,holiday_name_Mid-autumn Festival,2.9748475753876846e-06
day_ahead_price,xgb_oof_train,flat,segment_model,2025-10-08 00:15:00,weekly,holiday_name_National Day,0.0
day_ahead_price,xgb_oof_train,flat,segment_model,2025-10-08 00:15:00,weekly,holiday_name_New Year's Day,0.0
day_ahead_price,xgb_oof_train,flat,segment_model,2025-10-08 00:15:00,weekly,holiday_name_None,0.0
day_ahead_price,xgb_oof_train,flat,segment_model,2025-10-08 00:15:00,weekly,holiday_name_Spring Festival,0.0
day_ahead_price,xgb_oof_train,flat,segment_model,2025-10-08 00:15:00,weekly,holiday_name_Tomb-sweeping Day,0.0
day_ahead_price,xgb_oof_train,peak,segment_model,2025-10-08 00:15:00,weekly,lag_1,0.2367715835571289
day_ahead_price,xgb_oof_train,peak,segment_model,2025-10-08 00:15:00,weekly,lag_2,0.010091540403664112
day_ahead_price,xgb_oof_train,peak,segment_model,2025-10-08 00:15:00,weekly,lag_4,0.006614354904741049
day_ahead_price,xgb_oof_train,peak,segment_model,2025-10-08 00:15:00,weekly,lag_96,0.006303827278316021
day_ahead_price,xgb_oof_train,peak,segment_model,2025-10-08 00:15:00,weekly,lag_192,0.006440368946641684
day_ahead_price,xgb_oof_train,peak,segment_model,2025-10-08 00:15:00,weekly,lag_672,0.004882194101810455
day_ahead_price,xgb_oof_train,peak,segment_model,2025-10-08 00:15:00,weekly,roll_mean_4,0.6136976480484009
day_ahead_price,xgb_oof_train,peak,segment_model,2025-10-08 00:15:00,weekly,roll_mean_16,0.010196062736213207
day_ahead_price,xgb_oof_train,peak,segment_model,2025-10-08 00:15:00,weekly,roll_mean_96,0.011394143104553223
day_ahead_price,xgb_oof_train,peak,segment_model,2025-10-08 00:15:00,weekly,roll_mean_672,0.0037321560084819794
day_ahead_price,xgb_oof_train,peak,segment_model,2025-10-08 00:15:00,weekly,roll_std_96,0.0037413088139146566
day_ahead_price,xgb_oof_train,peak,segment_model,2025-10-08 00:15:00,weekly,diff_1,0.009321323595941067
day_ahead_price,xgb_oof_train,peak,segment_model,2025-10-08 00:15:00,weekly,diff_96,0.003990223631262779
day_ahead_price,xgb_oof_train,peak,segment_model,2025-10-08 00:15:00,weekly,hour,0.005644166376441717
day_ahead_price,xgb_oof_train,peak,segment_model,2025-10-08 00:15:00,weekly,minute,0.0012591929407790303
day_ahead_price,xgb_oof_train,peak,segment_model,2025-10-08 00:15:00,weekly,dayofweek,0.004018507432192564
day_ahead_price,xgb_oof_train,peak,segment_model,2025-10-08 00:15:00,weekly,slot96,0.0067717041820287704
day_ahead_price,xgb_oof_train,peak,segment_model,2025-10-08 00:15:00,weekly,sin_slot96,0.03917877748608589
day_ahead_price,xgb_oof_train,peak,segment_model,2025-10-08 00:15:00,weekly,cos_slot96,0.0033990174997597933
day_ahead_price,xgb_oof_train,peak,segment_model,2025-10-08 00:15:00,weekly,is_holiday,0.008922439068555832
day_ahead_price,xgb_oof_train,peak,segment_model,2025-10-08 00:15:00,weekly,is_workday,0.0
day_ahead_price,xgb_oof_train,peak,segment_model,2025-10-08 00:15:00,weekly,is_weekend,0.0
day_ahead_price,xgb_oof_train,peak,segment_model,2025-10-08 00:15:00,weekly,is_makeup_workday,0.0
day_ahead_price,xgb_oof_train,peak,segment_model,2025-10-08 00:15:00,weekly,before_holiday_1d,0.0
day_ahead_price,xgb_oof_train,peak,segment_model,2025-10-08 00:15:00,weekly,after_holiday_1d,0.0003617804904934019
day_ahead_price,xgb_oof_train,peak,segment_model,2025-10-08 00:15:00,weekly,holiday_name_Dragon Boat Festival,0.0
day_ahead_price,xgb_oof_train,peak,segment_model,2025-10-08 00:15:00,weekly,holiday_name_Labour Day,0.0
day_ahead_price,xgb_oof_train,peak,segment_model,2025-10-08 00:15:00,weekly,holiday_name_Mid-autumn Festival,0.0
day_ahead_price,xgb_oof_train,peak,segment_model,2025-10-08 00:15:00,weekly,holiday_name_National Day,0.0013147997669875622
day_ahead_price,xgb_oof_train,peak,segment_model,2025-10-08 00:15:00,weekly,holiday_name_New Year's Day,0.0
day_ahead_price,xgb_oof_train,peak,segment_model,2025-10-08 00:15:00,weekly,holiday_name_None,0.0
day_ahead_price,xgb_oof_train,peak,segment_model,2025-10-08 00:15:00,weekly,holiday_name_Spring Festival,0.00195289496332407
day_ahead_price,xgb_oof_train,peak,segment_model,2025-10-08 00:15:00,weekly,holiday_name_Tomb-sweeping Day,0.0
day_ahead_price,xgb_oof_train,global,global_model,2025-10-15 00:15:00,weekly,lag_1,0.5414524674415588
day_ahead_price,xgb_oof_train,global,global_model,2025-10-15 00:15:00,weekly,lag_2,0.009021901525557041
day_ahead_price,xgb_oof_train,global,global_model,2025-10-15 00:15:00,weekly,lag_4,0.007863674312829971
day_ahead_price,xgb_oof_train,global,global_model,2025-10-15 00:15:00,weekly,lag_96,0.019933152943849564
day_ahead_price,xgb_oof_train,global,global_model,2025-10-15 00:15:00,weekly,lag_192,0.012983650900423527
day_ahead_price,xgb_oof_train,global,global_model,2025-10-15 00:15:00,weekly,lag_672,0.012545683421194553
day_ahead_price,xgb_oof_train,global,global_model,2025-10-15 00:15:00,weekly,roll_mean_4,0.26004260778427124
day_ahead_price,xgb_oof_train,global,global_model,2025-10-15 00:15:00,weekly,roll_mean_16,0.008481243625283241
day_ahead_price,xgb_oof_train,global,global_model,2025-10-15 00:15:00,weekly,roll_mean_96,0.009992812760174274
day_ahead_price,xgb_oof_train,global,global_model,2025-10-15 00:15:00,weekly,roll_mean_672,0.008789011277258396
day_ahead_price,xgb_oof_train,global,global_model,2025-10-15 00:15:00,weekly,roll_std_96,0.010555863380432129
day_ahead_price,xgb_oof_train,global,global_model,2025-10-15 00:15:00,weekly,diff_1,0.013595189899206161
day_ahead_price,xgb_oof_train,global,global_model,2025-10-15 00:15:00,weekly,diff_96,0.0130905881524086
day_ahead_price,xgb_oof_train,global,global_model,2025-10-15 00:15:00,weekly,hour,0.005301601253449917
day_ahead_price,xgb_oof_train,global,global_model,2025-10-15 00:15:00,weekly,minute,0.010694710537791252
day_ahead_price,xgb_oof_train,global,global_model,2025-10-15 00:15:00,weekly,dayofweek,0.006508610211312771
day_ahead_price,xgb_oof_train,global,global_model,2025-10-15 00:15:00,weekly,slot96,0.00941318366676569
day_ahead_price,xgb_oof_train,global,global_model,2025-10-15 00:15:00,weekly,sin_slot96,0.014164591208100319
day_ahead_price,xgb_oof_train,global,global_model,2025-10-15 00:15:00,weekly,cos_slot96,0.009029279462993145
day_ahead_price,xgb_oof_train,global,global_model,2025-10-15 00:15:00,weekly,is_holiday,0.0
day_ahead_price,xgb_oof_train,global,global_model,2025-10-15 00:15:00,weekly,is_workday,0.0
day_ahead_price,xgb_oof_train,global,global_model,2025-10-15 00:15:00,weekly,is_weekend,0.0
day_ahead_price,xgb_oof_train,global,global_model,2025-10-15 00:15:00,weekly,is_makeup_workday,0.0
day_ahead_price,xgb_oof_train,global,global_model,2025-10-15 00:15:00,weekly,before_holiday_1d,0.007648743223398924
day_ahead_price,xgb_oof_train,global,global_model,2025-10-15 00:15:00,weekly,after_holiday_1d,0.0
day_ahead_price,xgb_oof_train,global,global_model,2025-10-15 00:15:00,weekly,holiday_name_Dragon Boat Festival,0.0
day_ahead_price,xgb_oof_train,global,global_model,2025-10-15 00:15:00,weekly,holiday_name_Labour Day,0.0
day_ahead_price,xgb_oof_train,global,global_model,2025-10-15 00:15:00,weekly,holiday_name_Mid-autumn Festival,0.0
day_ahead_price,xgb_oof_train,global,global_model,2025-10-15 00:15:00,weekly,holiday_name_National Day,0.005229637958109379
day_ahead_price,xgb_oof_train,global,global_model,2025-10-15 00:15:00,weekly,holiday_name_New Year's Day,0.0
day_ahead_price,xgb_oof_train,global,global_model,2025-10-15 00:15:00,weekly,holiday_name_None,0.003661745460703969
day_ahead_price,xgb_oof_train,global,global_model,2025-10-15 00:15:00,weekly,holiday_name_Spring Festival,0.0
day_ahead_price,xgb_oof_train,global,global_model,2025-10-15 00:15:00,weekly,holiday_name_Tomb-sweeping Day,0.0
day_ahead_price,xgb_oof_train,valley,segment_model,2025-10-15 00:15:00,weekly,lag_1,0.5393526554107666
day_ahead_price,xgb_oof_train,valley,segment_model,2025-10-15 00:15:00,weekly,lag_2,0.07764124125242233
day_ahead_price,xgb_oof_train,valley,segment_model,2025-10-15 00:15:00,weekly,lag_4,0.005780588369816542
day_ahead_price,xgb_oof_train,valley,segment_model,2025-10-15 00:15:00,weekly,lag_96,0.012400684878230095
day_ahead_price,xgb_oof_train,valley,segment_model,2025-10-15 00:15:00,weekly,lag_192,0.004967339802533388
day_ahead_price,xgb_oof_train,valley,segment_model,2025-10-15 00:15:00,weekly,lag_672,0.004237518645823002
day_ahead_price,xgb_oof_train,valley,segment_model,2025-10-15 00:15:00,weekly,roll_mean_4,0.21336522698402405
day_ahead_price,xgb_oof_train,valley,segment_model,2025-10-15 00:15:00,weekly,roll_mean_16,0.009650086052715778
day_ahead_price,xgb_oof_train,valley,segment_model,2025-10-15 00:15:00,weekly,roll_mean_96,0.0035252682864665985
day_ahead_price,xgb_oof_train,valley,segment_model,2025-10-15 00:15:00,weekly,roll_mean_672,0.01214857492595911
day_ahead_price,xgb_oof_train,valley,segment_model,2025-10-15 00:15:00,weekly,roll_std_96,0.028531484305858612
day_ahead_price,xgb_oof_train,valley,segment_model,2025-10-15 00:15:00,weekly,diff_1,0.016270237043499947
day_ahead_price,xgb_oof_train,valley,segment_model,2025-10-15 00:15:00,weekly,diff_96,0.0065266890451312065
day_ahead_price,xgb_oof_train,valley,segment_model,2025-10-15 00:15:00,weekly,hour,0.0022955730091780424
day_ahead_price,xgb_oof_train,valley,segment_model,2025-10-15 00:15:00,weekly,minute,0.012834588997066021
day_ahead_price,xgb_oof_train,valley,segment_model,2025-10-15 00:15:00,weekly,dayofweek,0.0
day_ahead_price,xgb_oof_train,valley,segment_model,2025-10-15 00:15:00,weekly,slot96,0.00781561154872179
day_ahead_price,xgb_oof_train,valley,segment_model,2025-10-15 00:15:00,weekly,sin_slot96,0.021044308319687843
day_ahead_price,xgb_oof_train,valley,segment_model,2025-10-15 00:15:00,weekly,cos_slot96,0.004603232257068157
day_ahead_price,xgb_oof_train,valley,segment_model,2025-10-15 00:15:00,weekly,is_holiday,0.0033842131961137056
day_ahead_price,xgb_oof_train,valley,segment_model,2025-10-15 00:15:00,weekly,is_workday,0.0
day_ahead_price,xgb_oof_train,valley,segment_model,2025-10-15 00:15:00,weekly,is_weekend,0.0
day_ahead_price,xgb_oof_train,valley,segment_model,2025-10-15 00:15:00,weekly,is_makeup_workday,0.005348086357116699
day_ahead_price,xgb_oof_train,valley,segment_model,2025-10-15 00:15:00,weekly,before_holiday_1d,0.0
day_ahead_price,xgb_oof_train,valley,segment_model,2025-10-15 00:15:00,weekly,after_holiday_1d,0.001851197681389749
day_ahead_price,xgb_oof_train,valley,segment_model,2025-10-15 00:15:00,weekly,holiday_name_Dragon Boat Festival,0.0
day_ahead_price,xgb_oof_train,valley,segment_model,2025-10-15 00:15:00,weekly,holiday_name_Labour Day,0.0
day_ahead_price,xgb_oof_train,valley,segment_model,2025-10-15 00:15:00,weekly,holiday_name_Mid-autumn Festival,0.0
day_ahead_price,xgb_oof_train,valley,segment_model,2025-10-15 00:15:00,weekly,holiday_name_National Day,0.006425594445317984
day_ahead_price,xgb_oof_train,valley,segment_model,2025-10-15 00:15:00,weekly,holiday_name_New Year's Day,0.0
day_ahead_price,xgb_oof_train,valley,segment_model,2025-10-15 00:15:00,weekly,holiday_name_None,0.0
day_ahead_price,xgb_oof_train,valley,segment_model,2025-10-15 00:15:00,weekly,holiday_name_Spring Festival,0.0
day_ahead_price,xgb_oof_train,valley,segment_model,2025-10-15 00:15:00,weekly,holiday_name_Tomb-sweeping Day,0.0
day_ahead_price,xgb_oof_train,flat,segment_model,2025-10-15 00:15:00,weekly,lag_1,0.51500004529953
day_ahead_price,xgb_oof_train,flat,segment_model,2025-10-15 00:15:00,weekly,lag_2,0.02317802608013153
day_ahead_price,xgb_oof_train,flat,segment_model,2025-10-15 00:15:00,weekly,lag_4,0.008519511669874191
day_ahead_price,xgb_oof_train,flat,segment_model,2025-10-15 00:15:00,weekly,lag_96,0.024352367967367172
day_ahead_price,xgb_oof_train,flat,segment_model,2025-10-15 00:15:00,weekly,lag_192,0.009940636344254017
day_ahead_price,xgb_oof_train,flat,segment_model,2025-10-15 00:15:00,weekly,lag_672,0.015328338369727135
day_ahead_price,xgb_oof_train,flat,segment_model,2025-10-15 00:15:00,weekly,roll_mean_4,0.17341633141040802
day_ahead_price,xgb_oof_train,flat,segment_model,2025-10-15 00:15:00,weekly,roll_mean_16,0.015539056621491909
day_ahead_price,xgb_oof_train,flat,segment_model,2025-10-15 00:15:00,weekly,roll_mean_96,0.010139032267034054
day_ahead_price,xgb_oof_train,flat,segment_model,2025-10-15 00:15:00,weekly,roll_mean_672,0.008943133056163788
day_ahead_price,xgb_oof_train,flat,segment_model,2025-10-15 00:15:00,weekly,roll_std_96,0.008004390634596348
day_ahead_price,xgb_oof_train,flat,segment_model,2025-10-15 00:15:00,weekly,diff_1,0.02214863896369934
day_ahead_price,xgb_oof_train,flat,segment_model,2025-10-15 00:15:00,weekly,diff_96,0.017638089135289192
day_ahead_price,xgb_oof_train,flat,segment_model,2025-10-15 00:15:00,weekly,hour,0.01572738215327263
day_ahead_price,xgb_oof_train,flat,segment_model,2025-10-15 00:15:00,weekly,minute,0.02500428631901741
day_ahead_price,xgb_oof_train,flat,segment_model,2025-10-15 00:15:00,weekly,dayofweek,0.0060658701695501804
day_ahead_price,xgb_oof_train,flat,segment_model,2025-10-15 00:15:00,weekly,slot96,0.017878884449601173
day_ahead_price,xgb_oof_train,flat,segment_model,2025-10-15 00:15:00,weekly,sin_slot96,0.059032268822193146
day_ahead_price,xgb_oof_train,flat,segment_model,2025-10-15 00:15:00,weekly,cos_slot96,0.005224855151027441
day_ahead_price,xgb_oof_train,flat,segment_model,2025-10-15 00:15:00,weekly,is_holiday,0.006223983131349087
day_ahead_price,xgb_oof_train,flat,segment_model,2025-10-15 00:15:00,weekly,is_workday,0.002904383698478341
day_ahead_price,xgb_oof_train,flat,segment_model,2025-10-15 00:15:00,weekly,is_weekend,0.0
day_ahead_price,xgb_oof_train,flat,segment_model,2025-10-15 00:15:00,weekly,is_makeup_workday,0.0007882083300501108
day_ahead_price,xgb_oof_train,flat,segment_model,2025-10-15 00:15:00,weekly,before_holiday_1d,0.006922590546309948
day_ahead_price,xgb_oof_train,flat,segment_model,2025-10-15 00:15:00,weekly,after_holiday_1d,0.0
day_ahead_price,xgb_oof_train,flat,segment_model,2025-10-15 00:15:00,weekly,holiday_name_Dragon Boat Festival,0.0
day_ahead_price,xgb_oof_train,flat,segment_model,2025-10-15 00:15:00,weekly,holiday_name_Labour Day,0.0
day_ahead_price,xgb_oof_train,flat,segment_model,2025-10-15 00:15:00,weekly,holiday_name_Mid-autumn Festival,0.00014734316209796816
day_ahead_price,xgb_oof_train,flat,segment_model,2025-10-15 00:15:00,weekly,holiday_name_National Day,0.0019322338048368692
day_ahead_price,xgb_oof_train,flat,segment_model,2025-10-15 00:15:00,weekly,holiday_name_New Year's Day,0.0
day_ahead_price,xgb_oof_train,flat,segment_model,2025-10-15 00:15:00,weekly,holiday_name_None,0.0
day_ahead_price,xgb_oof_train,flat,segment_model,2025-10-15 00:15:00,weekly,holiday_name_Spring Festival,0.0
day_ahead_price,xgb_oof_train,flat,segment_model,2025-10-15 00:15:00,weekly,holiday_name_Tomb-sweeping Day,0.0
day_ahead_price,xgb_oof_train,peak,segment_model,2025-10-15 00:15:00,weekly,lag_1,0.20488382875919342
day_ahead_price,xgb_oof_train,peak,segment_model,2025-10-15 00:15:00,weekly,lag_2,0.007447588723152876
day_ahead_price,xgb_oof_train,peak,segment_model,2025-10-15 00:15:00,weekly,lag_4,0.00631785299628973
day_ahead_price,xgb_oof_train,peak,segment_model,2025-10-15 00:15:00,weekly,lag_96,0.004792314022779465
day_ahead_price,xgb_oof_train,peak,segment_model,2025-10-15 00:15:00,weekly,lag_192,0.018152844160795212
day_ahead_price,xgb_oof_train,peak,segment_model,2025-10-15 00:15:00,weekly,lag_672,0.0046500638127326965
day_ahead_price,xgb_oof_train,peak,segment_model,2025-10-15 00:15:00,weekly,roll_mean_4,0.6374533176422119
day_ahead_price,xgb_oof_train,peak,segment_model,2025-10-15 00:15:00,weekly,roll_mean_16,0.008230064064264297
day_ahead_price,xgb_oof_train,peak,segment_model,2025-10-15 00:15:00,weekly,roll_mean_96,0.010718544013798237
day_ahead_price,xgb_oof_train,peak,segment_model,2025-10-15 00:15:00,weekly,roll_mean_672,0.0025010707322508097
day_ahead_price,xgb_oof_train,peak,segment_model,2025-10-15 00:15:00,weekly,roll_std_96,0.0025922360364347696
day_ahead_price,xgb_oof_train,peak,segment_model,2025-10-15 00:15:00,weekly,diff_1,0.009064669720828533
day_ahead_price,xgb_oof_train,peak,segment_model,2025-10-15 00:15:00,weekly,diff_96,0.003668863093480468
day_ahead_price,xgb_oof_train,peak,segment_model,2025-10-15 00:15:00,weekly,hour,0.003903048811480403
day_ahead_price,xgb_oof_train,peak,segment_model,2025-10-15 00:15:00,weekly,minute,0.0020338082686066628
day_ahead_price,xgb_oof_train,peak,segment_model,2025-10-15 00:15:00,weekly,dayofweek,0.0032667971681803465
day_ahead_price,xgb_oof_train,peak,segment_model,2025-10-15 00:15:00,weekly,slot96,0.010359402745962143
day_ahead_price,xgb_oof_train,peak,segment_model,2025-10-15 00:15:00,weekly,sin_slot96,0.026314571499824524
day_ahead_price,xgb_oof_train,peak,segment_model,2025-10-15 00:15:00,weekly,cos_slot96,0.003596822964027524
day_ahead_price,xgb_oof_train,peak,segment_model,2025-10-15 00:15:00,weekly,is_holiday,0.004170572385191917
day_ahead_price,xgb_oof_train,peak,segment_model,2025-10-15 00:15:00,weekly,is_workday,0.0
day_ahead_price,xgb_oof_train,peak,segment_model,2025-10-15 00:15:00,weekly,is_weekend,0.0
day_ahead_price,xgb_oof_train,peak,segment_model,2025-10-15 00:15:00,weekly,is_makeup_workday,0.0
day_ahead_price,xgb_oof_train,peak,segment_model,2025-10-15 00:15:00,weekly,before_holiday_1d,0.0
day_ahead_price,xgb_oof_train,peak,segment_model,2025-10-15 00:15:00,weekly,after_holiday_1d,0.0017806554678827524
day_ahead_price,xgb_oof_train,peak,segment_model,2025-10-15 00:15:00,weekly,holiday_name_Dragon Boat Festival,0.0
day_ahead_price,xgb_oof_train,peak,segment_model,2025-10-15 00:15:00,weekly,holiday_name_Labour Day,0.0
day_ahead_price,xgb_oof_train,peak,segment_model,2025-10-15 00:15:00,weekly,holiday_name_Mid-autumn Festival,0.0
day_ahead_price,xgb_oof_train,peak,segment_model,2025-10-15 00:15:00,weekly,holiday_name_National Day,0.024101106449961662
day_ahead_price,xgb_oof_train,peak,segment_model,2025-10-15 00:15:00,weekly,holiday_name_New Year's Day,0.0
day_ahead_price,xgb_oof_train,peak,segment_model,2025-10-15 00:15:00,weekly,holiday_name_None,0.0
day_ahead_price,xgb_oof_train,peak,segment_model,2025-10-15 00:15:00,weekly,holiday_name_Spring Festival,0.0
day_ahead_price,xgb_oof_train,peak,segment_model,2025-10-15 00:15:00,weekly,holiday_name_Tomb-sweeping Day,0.0
day_ahead_price,xgb_oof_train,global,global_model,2025-10-22 00:15:00,weekly,lag_1,0.5604788064956665
day_ahead_price,xgb_oof_train,global,global_model,2025-10-22 00:15:00,weekly,lag_2,0.011068171821534634
day_ahead_price,xgb_oof_train,global,global_model,2025-10-22 00:15:00,weekly,lag_4,0.005275827366858721
day_ahead_price,xgb_oof_train,global,global_model,2025-10-22 00:15:00,weekly,lag_96,0.018621869385242462
day_ahead_price,xgb_oof_train,global,global_model,2025-10-22 00:15:00,weekly,lag_192,0.010957135818898678
day_ahead_price,xgb_oof_train,global,global_model,2025-10-22 00:15:00,weekly,lag_672,0.013088887557387352
day_ahead_price,xgb_oof_train,global,global_model,2025-10-22 00:15:00,weekly,roll_mean_4,0.26038363575935364
day_ahead_price,xgb_oof_train,global,global_model,2025-10-22 00:15:00,weekly,roll_mean_16,0.00676141120493412
day_ahead_price,xgb_oof_train,global,global_model,2025-10-22 00:15:00,weekly,roll_mean_96,0.008427327498793602
day_ahead_price,xgb_oof_train,global,global_model,2025-10-22 00:15:00,weekly,roll_mean_672,0.009893813170492649
day_ahead_price,xgb_oof_train,global,global_model,2025-10-22 00:15:00,weekly,roll_std_96,0.008212915621697903
day_ahead_price,xgb_oof_train,global,global_model,2025-10-22 00:15:00,weekly,diff_1,0.013554774224758148
day_ahead_price,xgb_oof_train,global,global_model,2025-10-22 00:15:00,weekly,diff_96,0.012284557335078716
day_ahead_price,xgb_oof_train,global,global_model,2025-10-22 00:15:00,weekly,hour,0.004504046868532896
day_ahead_price,xgb_oof_train,global,global_model,2025-10-22 00:15:00,weekly,minute,0.00870409607887268
day_ahead_price,xgb_oof_train,global,global_model,2025-10-22 00:15:00,weekly,dayofweek,0.0029698780272156
day_ahead_price,xgb_oof_train,global,global_model,2025-10-22 00:15:00,weekly,slot96,0.012891098856925964
day_ahead_price,xgb_oof_train,global,global_model,2025-10-22 00:15:00,weekly,sin_slot96,0.012811052612960339
day_ahead_price,xgb_oof_train,global,global_model,2025-10-22 00:15:00,weekly,cos_slot96,0.013084852136671543
day_ahead_price,xgb_oof_train,global,global_model,2025-10-22 00:15:00,weekly,is_holiday,0.0
day_ahead_price,xgb_oof_train,global,global_model,2025-10-22 00:15:00,weekly,is_workday,0.0
day_ahead_price,xgb_oof_train,global,global_model,2025-10-22 00:15:00,weekly,is_weekend,0.0
day_ahead_price,xgb_oof_train,global,global_model,2025-10-22 00:15:00,weekly,is_makeup_workday,0.0
day_ahead_price,xgb_oof_train,global,global_model,2025-10-22 00:15:00,weekly,before_holiday_1d,0.0
day_ahead_price,xgb_oof_train,global,global_model,2025-10-22 00:15:00,weekly,after_holiday_1d,0.0
day_ahead_price,xgb_oof_train,global,global_model,2025-10-22 00:15:00,weekly,holiday_name_Dragon Boat Festival,0.0
day_ahead_price,xgb_oof_train,global,global_model,2025-10-22 00:15:00,weekly,holiday_name_Labour Day,0.0
day_ahead_price,xgb_oof_train,global,global_model,2025-10-22 00:15:00,weekly,holiday_name_Mid-autumn Festival,0.0
day_ahead_price,xgb_oof_train,global,global_model,2025-10-22 00:15:00,weekly,holiday_name_National Day,0.006025842856615782
day_ahead_price,xgb_oof_train,global,global_model,2025-10-22 00:15:00,weekly,holiday_name_New Year's Day,0.0
day_ahead_price,xgb_oof_train,global,global_model,2025-10-22 00:15:00,weekly,holiday_name_None,0.0
day_ahead_price,xgb_oof_train,global,global_model,2025-10-22 00:15:00,weekly,holiday_name_Spring Festival,0.0
day_ahead_price,xgb_oof_train,global,global_model,2025-10-22 00:15:00,weekly,holiday_name_Tomb-sweeping Day,0.0
day_ahead_price,xgb_oof_train,valley,segment_model,2025-10-22 00:15:00,weekly,lag_1,0.5078993439674377
day_ahead_price,xgb_oof_train,valley,segment_model,2025-10-22 00:15:00,weekly,lag_2,0.033908672630786896
day_ahead_price,xgb_oof_train,valley,segment_model,2025-10-22 00:15:00,weekly,lag_4,0.0035781434271484613
day_ahead_price,xgb_oof_train,valley,segment_model,2025-10-22 00:15:00,weekly,lag_96,0.010686362162232399
day_ahead_price,xgb_oof_train,valley,segment_model,2025-10-22 00:15:00,weekly,lag_192,0.006693921517580748
day_ahead_price,xgb_oof_train,valley,segment_model,2025-10-22 00:15:00,weekly,lag_672,0.015137234702706337
day_ahead_price,xgb_oof_train,valley,segment_model,2025-10-22 00:15:00,weekly,roll_mean_4,0.2771821618080139
day_ahead_price,xgb_oof_train,valley,segment_model,2025-10-22 00:15:00,weekly,roll_mean_16,0.011207910254597664
day_ahead_price,xgb_oof_train,valley,segment_model,2025-10-22 00:15:00,weekly,roll_mean_96,0.007178114261478186
day_ahead_price,xgb_oof_train,valley,segment_model,2025-10-22 00:15:00,weekly,roll_mean_672,0.007113962434232235
day_ahead_price,xgb_oof_train,valley,segment_model,2025-10-22 00:15:00,weekly,roll_std_96,0.021832356229424477
day_ahead_price,xgb_oof_train,valley,segment_model,2025-10-22 00:15:00,weekly,diff_1,0.013946577906608582
day_ahead_price,xgb_oof_train,valley,segment_model,2025-10-22 00:15:00,weekly,diff_96,0.006896189413964748
day_ahead_price,xgb_oof_train,valley,segment_model,2025-10-22 00:15:00,weekly,hour,0.005598831456154585
day_ahead_price,xgb_oof_train,valley,segment_model,2025-10-22 00:15:00,weekly,minute,0.020608574151992798
day_ahead_price,xgb_oof_train,valley,segment_model,2025-10-22 00:15:00,weekly,dayofweek,0.01603682152926922
day_ahead_price,xgb_oof_train,valley,segment_model,2025-10-22 00:15:00,weekly,slot96,0.009910955093801022
day_ahead_price,xgb_oof_train,valley,segment_model,2025-10-22 00:15:00,weekly,sin_slot96,0.005788319278508425
day_ahead_price,xgb_oof_train,valley,segment_model,2025-10-22 00:15:00,weekly,cos_slot96,0.014552501030266285
day_ahead_price,xgb_oof_train,valley,segment_model,2025-10-22 00:15:00,weekly,is_holiday,0.0
day_ahead_price,xgb_oof_train,valley,segment_model,2025-10-22 00:15:00,weekly,is_workday,0.0
day_ahead_price,xgb_oof_train,valley,segment_model,2025-10-22 00:15:00,weekly,is_weekend,0.0
day_ahead_price,xgb_oof_train,valley,segment_model,2025-10-22 00:15:00,weekly,is_makeup_workday,0.0
day_ahead_price,xgb_oof_train,valley,segment_model,2025-10-22 00:15:00,weekly,before_holiday_1d,0.001450922223739326
day_ahead_price,xgb_oof_train,valley,segment_model,2025-10-22 00:15:00,weekly,after_holiday_1d,0.0027921029832214117
day_ahead_price,xgb_oof_train,valley,segment_model,2025-10-22 00:15:00,weekly,holiday_name_Dragon Boat Festival,0.0
day_ahead_price,xgb_oof_train,valley,segment_model,2025-10-22 00:15:00,weekly,holiday_name_Labour Day,0.0
day_ahead_price,xgb_oof_train,valley,segment_model,2025-10-22 00:15:00,weekly,holiday_name_Mid-autumn Festival,0.0
day_ahead_price,xgb_oof_train,valley,segment_model,2025-10-22 00:15:00,weekly,holiday_name_National Day,0.0
day_ahead_price,xgb_oof_train,valley,segment_model,2025-10-22 00:15:00,weekly,holiday_name_New Year's Day,0.0
day_ahead_price,xgb_oof_train,valley,segment_model,2025-10-22 00:15:00,weekly,holiday_name_None,0.0
day_ahead_price,xgb_oof_train,valley,segment_model,2025-10-22 00:15:00,weekly,holiday_name_Spring Festival,0.0
day_ahead_price,xgb_oof_train,valley,segment_model,2025-10-22 00:15:00,weekly,holiday_name_Tomb-sweeping Day,0.0
day_ahead_price,xgb_oof_train,flat,segment_model,2025-10-22 00:15:00,weekly,lag_1,0.5083922743797302
day_ahead_price,xgb_oof_train,flat,segment_model,2025-10-22 00:15:00,weekly,lag_2,0.02273794263601303
day_ahead_price,xgb_oof_train,flat,segment_model,2025-10-22 00:15:00,weekly,lag_4,0.007422564085572958
day_ahead_price,xgb_oof_train,flat,segment_model,2025-10-22 00:15:00,weekly,lag_96,0.024684015661478043
day_ahead_price,xgb_oof_train,flat,segment_model,2025-10-22 00:15:00,weekly,lag_192,0.01017159316688776
day_ahead_price,xgb_oof_train,flat,segment_model,2025-10-22 00:15:00,weekly,lag_672,0.009840188547968864
day_ahead_price,xgb_oof_train,flat,segment_model,2025-10-22 00:15:00,weekly,roll_mean_4,0.18812517821788788
day_ahead_price,xgb_oof_train,flat,segment_model,2025-10-22 00:15:00,weekly,roll_mean_16,0.01131350640207529
day_ahead_price,xgb_oof_train,flat,segment_model,2025-10-22 00:15:00,weekly,roll_mean_96,0.012074364349246025
day_ahead_price,xgb_oof_train,flat,segment_model,2025-10-22 00:15:00,weekly,roll_mean_672,0.007074983790516853
day_ahead_price,xgb_oof_train,flat,segment_model,2025-10-22 00:15:00,weekly,roll_std_96,0.008892379701137543
day_ahead_price,xgb_oof_train,flat,segment_model,2025-10-22 00:15:00,weekly,diff_1,0.014026382006704807
day_ahead_price,xgb_oof_train,flat,segment_model,2025-10-22 00:15:00,weekly,diff_96,0.012679259292781353
day_ahead_price,xgb_oof_train,flat,segment_model,2025-10-22 00:15:00,weekly,hour,0.011198453605175018
day_ahead_price,xgb_oof_train,flat,segment_model,2025-10-22 00:15:00,weekly,minute,0.028305180370807648
day_ahead_price,xgb_oof_train,flat,segment_model,2025-10-22 00:15:00,weekly,dayofweek,0.010813554748892784
day_ahead_price,xgb_oof_train,flat,segment_model,2025-10-22 00:15:00,weekly,slot96,0.012870531529188156
day_ahead_price,xgb_oof_train,flat,segment_model,2025-10-22 00:15:00,weekly,sin_slot96,0.05874861404299736
day_ahead_price,xgb_oof_train,flat,segment_model,2025-10-22 00:15:00,weekly,cos_slot96,0.005808324087411165
day_ahead_price,xgb_oof_train,flat,segment_model,2025-10-22 00:15:00,weekly,is_holiday,0.008939757011830807
day_ahead_price,xgb_oof_train,flat,segment_model,2025-10-22 00:15:00,weekly,is_workday,0.0
day_ahead_price,xgb_oof_train,flat,segment_model,2025-10-22 00:15:00,weekly,is_weekend,0.0
day_ahead_price,xgb_oof_train,flat,segment_model,2025-10-22 00:15:00,weekly,is_makeup_workday,0.0008680670289322734
day_ahead_price,xgb_oof_train,flat,segment_model,2025-10-22 00:15:00,weekly,before_holiday_1d,0.011841264553368092
day_ahead_price,xgb_oof_train,flat,segment_model,2025-10-22 00:15:00,weekly,after_holiday_1d,0.013128970749676228
day_ahead_price,xgb_oof_train,flat,segment_model,2025-10-22 00:15:00,weekly,holiday_name_Dragon Boat Festival,0.0
day_ahead_price,xgb_oof_train,flat,segment_model,2025-10-22 00:15:00,weekly,holiday_name_Labour Day,0.0
day_ahead_price,xgb_oof_train,flat,segment_model,2025-10-22 00:15:00,weekly,holiday_name_Mid-autumn Festival,4.251249993103556e-05
day_ahead_price,xgb_oof_train,flat,segment_model,2025-10-22 00:15:00,weekly,holiday_name_National Day,0.0
day_ahead_price,xgb_oof_train,flat,segment_model,2025-10-22 00:15:00,weekly,holiday_name_New Year's Day,0.0
day_ahead_price,xgb_oof_train,flat,segment_model,2025-10-22 00:15:00,weekly,holiday_name_None,0.0
day_ahead_price,xgb_oof_train,flat,segment_model,2025-10-22 00:15:00,weekly,holiday_name_Spring Festival,0.0
day_ahead_price,xgb_oof_train,flat,segment_model,2025-10-22 00:15:00,weekly,holiday_name_Tomb-sweeping Day,0.0
day_ahead_price,xgb_oof_train,peak,segment_model,2025-10-22 00:15:00,weekly,lag_1,0.36099958419799805
day_ahead_price,xgb_oof_train,peak,segment_model,2025-10-22 00:15:00,weekly,lag_2,0.011559627018868923
day_ahead_price,xgb_oof_train,peak,segment_model,2025-10-22 00:15:00,weekly,lag_4,0.010069379583001137
day_ahead_price,xgb_oof_train,peak,segment_model,2025-10-22 00:15:00,weekly,lag_96,0.010897963307797909
day_ahead_price,xgb_oof_train,peak,segment_model,2025-10-22 00:15:00,weekly,lag_192,0.01919219270348549
day_ahead_price,xgb_oof_train,peak,segment_model,2025-10-22 00:15:00,weekly,lag_672,0.006392636336386204
day_ahead_price,xgb_oof_train,peak,segment_model,2025-10-22 00:15:00,weekly,roll_mean_4,0.40458253026008606
day_ahead_price,xgb_oof_train,peak,segment_model,2025-10-22 00:15:00,weekly,roll_mean_16,0.02340644784271717
day_ahead_price,xgb_oof_train,peak,segment_model,2025-10-22 00:15:00,weekly,roll_mean_96,0.013132895343005657
day_ahead_price,xgb_oof_train,peak,segment_model,2025-10-22 00:15:00,weekly,roll_mean_672,0.007577933371067047
day_ahead_price,xgb_oof_train,peak,segment_model,2025-10-22 00:15:00,weekly,roll_std_96,0.007880094461143017
day_ahead_price,xgb_oof_train,peak,segment_model,2025-10-22 00:15:00,weekly,diff_1,0.012411444447934628
day_ahead_price,xgb_oof_train,peak,segment_model,2025-10-22 00:15:00,weekly,diff_96,0.007131222635507584
day_ahead_price,xgb_oof_train,peak,segment_model,2025-10-22 00:15:00,weekly,hour,0.00709926662966609
day_ahead_price,xgb_oof_train,peak,segment_model,2025-10-22 00:15:00,weekly,minute,0.0050883907824754715
day_ahead_price,xgb_oof_train,peak,segment_model,2025-10-22 00:15:00,weekly,dayofweek,0.00487135723233223
day_ahead_price,xgb_oof_train,peak,segment_model,2025-10-22 00:15:00,weekly,slot96,0.011381872929632664
day_ahead_price,xgb_oof_train,peak,segment_model,2025-10-22 00:15:00,weekly,sin_slot96,0.02593410573899746
day_ahead_price,xgb_oof_train,peak,segment_model,2025-10-22 00:15:00,weekly,cos_slot96,0.005599022842943668
day_ahead_price,xgb_oof_train,peak,segment_model,2025-10-22 00:15:00,weekly,is_holiday,0.006601429544389248
day_ahead_price,xgb_oof_train,peak,segment_model,2025-10-22 00:15:00,weekly,is_workday,0.0
day_ahead_price,xgb_oof_train,peak,segment_model,2025-10-22 00:15:00,weekly,is_weekend,0.0
day_ahead_price,xgb_oof_train,peak,segment_model,2025-10-22 00:15:00,weekly,is_makeup_workday,0.0
day_ahead_price,xgb_oof_train,peak,segment_model,2025-10-22 00:15:00,weekly,before_holiday_1d,0.0
day_ahead_price,xgb_oof_train,peak,segment_model,2025-10-22 00:15:00,weekly,after_holiday_1d,0.0
day_ahead_price,xgb_oof_train,peak,segment_model,2025-10-22 00:15:00,weekly,holiday_name_Dragon Boat Festival,0.0
day_ahead_price,xgb_oof_train,peak,segment_model,2025-10-22 00:15:00,weekly,holiday_name_Labour Day,0.0
day_ahead_price,xgb_oof_train,peak,segment_model,2025-10-22 00:15:00,weekly,holiday_name_Mid-autumn Festival,0.0
day_ahead_price,xgb_oof_train,peak,segment_model,2025-10-22 00:15:00,weekly,holiday_name_National Day,0.035186197608709335
day_ahead_price,xgb_oof_train,peak,segment_model,2025-10-22 00:15:00,weekly,holiday_name_New Year's Day,0.0
day_ahead_price,xgb_oof_train,peak,segment_model,2025-10-22 00:15:00,weekly,holiday_name_None,0.0
day_ahead_price,xgb_oof_train,peak,segment_model,2025-10-22 00:15:00,weekly,holiday_name_Spring Festival,0.0030043725855648518
day_ahead_price,xgb_oof_train,peak,segment_model,2025-10-22 00:15:00,weekly,holiday_name_Tomb-sweeping Day,0.0
day_ahead_price,xgb_oof_train,global,global_model,2025-10-29 00:15:00,weekly,lag_1,0.5836536288261414
day_ahead_price,xgb_oof_train,global,global_model,2025-10-29 00:15:00,weekly,lag_2,0.012125164270401001
day_ahead_price,xgb_oof_train,global,global_model,2025-10-29 00:15:00,weekly,lag_4,0.009458817541599274
day_ahead_price,xgb_oof_train,global,global_model,2025-10-29 00:15:00,weekly,lag_96,0.021537287160754204
day_ahead_price,xgb_oof_train,global,global_model,2025-10-29 00:15:00,weekly,lag_192,0.01128982100635767
day_ahead_price,xgb_oof_train,global,global_model,2025-10-29 00:15:00,weekly,lag_672,0.010234461165964603
day_ahead_price,xgb_oof_train,global,global_model,2025-10-29 00:15:00,weekly,roll_mean_4,0.22889702022075653
day_ahead_price,xgb_oof_train,global,global_model,2025-10-29 00:15:00,weekly,roll_mean_16,0.007529785856604576
day_ahead_price,xgb_oof_train,global,global_model,2025-10-29 00:15:00,weekly,roll_mean_96,0.007430691737681627
day_ahead_price,xgb_oof_train,global,global_model,2025-10-29 00:15:00,weekly,roll_mean_672,0.008516303263604641
day_ahead_price,xgb_oof_train,global,global_model,2025-10-29 00:15:00,weekly,roll_std_96,0.008868291974067688
day_ahead_price,xgb_oof_train,global,global_model,2025-10-29 00:15:00,weekly,diff_1,0.014193479903042316
day_ahead_price,xgb_oof_train,global,global_model,2025-10-29 00:15:00,weekly,diff_96,0.012395632453262806
day_ahead_price,xgb_oof_train,global,global_model,2025-10-29 00:15:00,weekly,hour,0.003561869263648987
day_ahead_price,xgb_oof_train,global,global_model,2025-10-29 00:15:00,weekly,minute,0.010122125968337059
day_ahead_price,xgb_oof_train,global,global_model,2025-10-29 00:15:00,weekly,dayofweek,0.005428079050034285
day_ahead_price,xgb_oof_train,global,global_model,2025-10-29 00:15:00,weekly,slot96,0.014355523511767387
day_ahead_price,xgb_oof_train,global,global_model,2025-10-29 00:15:00,weekly,sin_slot96,0.013366177678108215
day_ahead_price,xgb_oof_train,global,global_model,2025-10-29 00:15:00,weekly,cos_slot96,0.011837795376777649
day_ahead_price,xgb_oof_train,global,global_model,2025-10-29 00:15:00,weekly,is_holiday,0.0
day_ahead_price,xgb_oof_train,global,global_model,2025-10-29 00:15:00,weekly,is_workday,0.0
day_ahead_price,xgb_oof_train,global,global_model,2025-10-29 00:15:00,weekly,is_weekend,0.0
day_ahead_price,xgb_oof_train,global,global_model,2025-10-29 00:15:00,weekly,is_makeup_workday,0.0
day_ahead_price,xgb_oof_train,global,global_model,2025-10-29 00:15:00,weekly,before_holiday_1d,0.0
day_ahead_price,xgb_oof_train,global,global_model,2025-10-29 00:15:00,weekly,after_holiday_1d,0.0
day_ahead_price,xgb_oof_train,global,global_model,2025-10-29 00:15:00,weekly,holiday_name_Dragon Boat Festival,0.0
day_ahead_price,xgb_oof_train,global,global_model,2025-10-29 00:15:00,weekly,holiday_name_Labour Day,0.0
day_ahead_price,xgb_oof_train,global,global_model,2025-10-29 00:15:00,weekly,holiday_name_Mid-autumn Festival,0.0
day_ahead_price,xgb_oof_train,global,global_model,2025-10-29 00:15:00,weekly,holiday_name_National Day,0.005198068451136351
day_ahead_price,xgb_oof_train,global,global_model,2025-10-29 00:15:00,weekly,holiday_name_New Year's Day,0.0
day_ahead_price,xgb_oof_train,global,global_model,2025-10-29 00:15:00,weekly,holiday_name_None,0.0
day_ahead_price,xgb_oof_train,global,global_model,2025-10-29 00:15:00,weekly,holiday_name_Spring Festival,0.0
day_ahead_price,xgb_oof_train,global,global_model,2025-10-29 00:15:00,weekly,holiday_name_Tomb-sweeping Day,0.0
day_ahead_price,xgb_oof_train,valley,segment_model,2025-10-29 00:15:00,weekly,lag_1,0.46061450242996216
day_ahead_price,xgb_oof_train,valley,segment_model,2025-10-29 00:15:00,weekly,lag_2,0.011854216456413269
day_ahead_price,xgb_oof_train,valley,segment_model,2025-10-29 00:15:00,weekly,lag_4,0.0032924371771514416
day_ahead_price,xgb_oof_train,valley,segment_model,2025-10-29 00:15:00,weekly,lag_96,0.009991686791181564
day_ahead_price,xgb_oof_train,valley,segment_model,2025-10-29 00:15:00,weekly,lag_192,0.00823954027146101
day_ahead_price,xgb_oof_train,valley,segment_model,2025-10-29 00:15:00,weekly,lag_672,0.023901307955384254
day_ahead_price,xgb_oof_train,valley,segment_model,2025-10-29 00:15:00,weekly,roll_mean_4,0.31556323170661926
day_ahead_price,xgb_oof_train,valley,segment_model,2025-10-29 00:15:00,weekly,roll_mean_16,0.010502815246582031
day_ahead_price,xgb_oof_train,valley,segment_model,2025-10-29 00:15:00,weekly,roll_mean_96,0.007729804143309593
day_ahead_price,xgb_oof_train,valley,segment_model,2025-10-29 00:15:00,weekly,roll_mean_672,0.008468358777463436
day_ahead_price,xgb_oof_train,valley,segment_model,2025-10-29 00:15:00,weekly,roll_std_96,0.020011549815535545
day_ahead_price,xgb_oof_train,valley,segment_model,2025-10-29 00:15:00,weekly,diff_1,0.01322146225720644
day_ahead_price,xgb_oof_train,valley,segment_model,2025-10-29 00:15:00,weekly,diff_96,0.007698461879044771
day_ahead_price,xgb_oof_train,valley,segment_model,2025-10-29 00:15:00,weekly,hour,0.003918524365872145
day_ahead_price,xgb_oof_train,valley,segment_model,2025-10-29 00:15:00,weekly,minute,0.01874234341084957
day_ahead_price,xgb_oof_train,valley,segment_model,2025-10-29 00:15:00,weekly,dayofweek,0.014757594093680382
day_ahead_price,xgb_oof_train,valley,segment_model,2025-10-29 00:15:00,weekly,slot96,0.012900389730930328
day_ahead_price,xgb_oof_train,valley,segment_model,2025-10-29 00:15:00,weekly,sin_slot96,0.005014071241021156
day_ahead_price,xgb_oof_train,valley,segment_model,2025-10-29 00:15:00,weekly,cos_slot96,0.035895731300115585
day_ahead_price,xgb_oof_train,valley,segment_model,2025-10-29 00:15:00,weekly,is_holiday,0.0
day_ahead_price,xgb_oof_train,valley,segment_model,2025-10-29 00:15:00,weekly,is_workday,0.0
day_ahead_price,xgb_oof_train,valley,segment_model,2025-10-29 00:15:00,weekly,is_weekend,0.0
day_ahead_price,xgb_oof_train,valley,segment_model,2025-10-29 00:15:00,weekly,is_makeup_workday,0.003597349626943469
day_ahead_price,xgb_oof_train,valley,segment_model,2025-10-29 00:15:00,weekly,before_holiday_1d,0.0006327597657218575
day_ahead_price,xgb_oof_train,valley,segment_model,2025-10-29 00:15:00,weekly,after_holiday_1d,0.003451855154708028
day_ahead_price,xgb_oof_train,valley,segment_model,2025-10-29 00:15:00,weekly,holiday_name_Dragon Boat Festival,0.0
day_ahead_price,xgb_oof_train,valley,segment_model,2025-10-29 00:15:00,weekly,holiday_name_Labour Day,0.0
day_ahead_price,xgb_oof_train,valley,segment_model,2025-10-29 00:15:00,weekly,holiday_name_Mid-autumn Festival,0.0
day_ahead_price,xgb_oof_train,valley,segment_model,2025-10-29 00:15:00,weekly,holiday_name_National Day,0.0
day_ahead_price,xgb_oof_train,valley,segment_model,2025-10-29 00:15:00,weekly,holiday_name_New Year's Day,0.0
day_ahead_price,xgb_oof_train,valley,segment_model,2025-10-29 00:15:00,weekly,holiday_name_None,0.0
day_ahead_price,xgb_oof_train,valley,segment_model,2025-10-29 00:15:00,weekly,holiday_name_Spring Festival,0.0
day_ahead_price,xgb_oof_train,valley,segment_model,2025-10-29 00:15:00,weekly,holiday_name_Tomb-sweeping Day,0.0
day_ahead_price,xgb_oof_train,flat,segment_model,2025-10-29 00:15:00,weekly,lag_1,0.5162489414215088
day_ahead_price,xgb_oof_train,flat,segment_model,2025-10-29 00:15:00,weekly,lag_2,0.05417769402265549
day_ahead_price,xgb_oof_train,flat,segment_model,2025-10-29 00:15:00,weekly,lag_4,0.008231479674577713
day_ahead_price,xgb_oof_train,flat,segment_model,2025-10-29 00:15:00,weekly,lag_96,0.026581211015582085
day_ahead_price,xgb_oof_train,flat,segment_model,2025-10-29 00:15:00,weekly,lag_192,0.006625067442655563
day_ahead_price,xgb_oof_train,flat,segment_model,2025-10-29 00:15:00,weekly,lag_672,0.01509514544159174
day_ahead_price,xgb_oof_train,flat,segment_model,2025-10-29 00:15:00,weekly,roll_mean_4,0.14635330438613892
day_ahead_price,xgb_oof_train,flat,segment_model,2025-10-29 00:15:00,weekly,roll_mean_16,0.0088620251044631
day_ahead_price,xgb_oof_train,flat,segment_model,2025-10-29 00:15:00,weekly,roll_mean_96,0.010038526728749275
day_ahead_price,xgb_oof_train,flat,segment_model,2025-10-29 00:15:00,weekly,roll_mean_672,0.008753539063036442
day_ahead_price,xgb_oof_train,flat,segment_model,2025-10-29 00:15:00,weekly,roll_std_96,0.006897091865539551
day_ahead_price,xgb_oof_train,flat,segment_model,2025-10-29 00:15:00,weekly,diff_1,0.015431978739798069
day_ahead_price,xgb_oof_train,flat,segment_model,2025-10-29 00:15:00,weekly,diff_96,0.013104479759931564
day_ahead_price,xgb_oof_train,flat,segment_model,2025-10-29 00:15:00,weekly,hour,0.006687457207590342
day_ahead_price,xgb_oof_train,flat,segment_model,2025-10-29 00:15:00,weekly,minute,0.02511558309197426
day_ahead_price,xgb_oof_train,flat,segment_model,2025-10-29 00:15:00,weekly,dayofweek,0.0007870972040109336
day_ahead_price,xgb_oof_train,flat,segment_model,2025-10-29 00:15:00,weekly,slot96,0.014496803283691406
day_ahead_price,xgb_oof_train,flat,segment_model,2025-10-29 00:15:00,weekly,sin_slot96,0.058782897889614105
day_ahead_price,xgb_oof_train,flat,segment_model,2025-10-29 00:15:00,weekly,cos_slot96,0.006290437653660774
day_ahead_price,xgb_oof_train,flat,segment_model,2025-10-29 00:15:00,weekly,is_holiday,0.013665545731782913
day_ahead_price,xgb_oof_train,flat,segment_model,2025-10-29 00:15:00,weekly,is_workday,0.002973246155306697
day_ahead_price,xgb_oof_train,flat,segment_model,2025-10-29 00:15:00,weekly,is_weekend,0.0
day_ahead_price,xgb_oof_train,flat,segment_model,2025-10-29 00:15:00,weekly,is_makeup_workday,0.0009150562691502273
day_ahead_price,xgb_oof_train,flat,segment_model,2025-10-29 00:15:00,weekly,before_holiday_1d,0.01166169997304678
day_ahead_price,xgb_oof_train,flat,segment_model,2025-10-29 00:15:00,weekly,after_holiday_1d,0.02122047170996666
day_ahead_price,xgb_oof_train,flat,segment_model,2025-10-29 00:15:00,weekly,holiday_name_Dragon Boat Festival,0.0
day_ahead_price,xgb_oof_train,flat,segment_model,2025-10-29 00:15:00,weekly,holiday_name_Labour Day,0.0
day_ahead_price,xgb_oof_train,flat,segment_model,2025-10-29 00:15:00,weekly,holiday_name_Mid-autumn Festival,5.820231308462098e-05
day_ahead_price,xgb_oof_train,flat,segment_model,2025-10-29 00:15:00,weekly,holiday_name_National Day,0.0009450106881558895
day_ahead_price,xgb_oof_train,flat,segment_model,2025-10-29 00:15:00,weekly,holiday_name_New Year's Day,0.0
day_ahead_price,xgb_oof_train,flat,segment_model,2025-10-29 00:15:00,weekly,holiday_name_None,0.0
day_ahead_price,xgb_oof_train,flat,segment_model,2025-10-29 00:15:00,weekly,holiday_name_Spring Festival,0.0
day_ahead_price,xgb_oof_train,flat,segment_model,2025-10-29 00:15:00,weekly,holiday_name_Tomb-sweeping Day,0.0
day_ahead_price,xgb_oof_train,peak,segment_model,2025-10-29 00:15:00,weekly,lag_1,0.3475503921508789
day_ahead_price,xgb_oof_train,peak,segment_model,2025-10-29 00:15:00,weekly,lag_2,0.013048895634710789
day_ahead_price,xgb_oof_train,peak,segment_model,2025-10-29 00:15:00,weekly,lag_4,0.010348794050514698
day_ahead_price,xgb_oof_train,peak,segment_model,2025-10-29 00:15:00,weekly,lag_96,0.012075269594788551
day_ahead_price,xgb_oof_train,peak,segment_model,2025-10-29 00:15:00,weekly,lag_192,0.01751602441072464
day_ahead_price,xgb_oof_train,peak,segment_model,2025-10-29 00:15:00,weekly,lag_672,0.0095402542501688
day_ahead_price,xgb_oof_train,peak,segment_model,2025-10-29 00:15:00,weekly,roll_mean_4,0.4372410476207733
day_ahead_price,xgb_oof_train,peak,segment_model,2025-10-29 00:15:00,weekly,roll_mean_16,0.01903211884200573
day_ahead_price,xgb_oof_train,peak,segment_model,2025-10-29 00:15:00,weekly,roll_mean_96,0.010191152803599834
day_ahead_price,xgb_oof_train,peak,segment_model,2025-10-29 00:15:00,weekly,roll_mean_672,0.004585327580571175
day_ahead_price,xgb_oof_train,peak,segment_model,2025-10-29 00:15:00,weekly,roll_std_96,0.006310496013611555
day_ahead_price,xgb_oof_train,peak,segment_model,2025-10-29 00:15:00,weekly,diff_1,0.013072672300040722
day_ahead_price,xgb_oof_train,peak,segment_model,2025-10-29 00:15:00,weekly,diff_96,0.006873603910207748
day_ahead_price,xgb_oof_train,peak,segment_model,2025-10-29 00:15:00,weekly,hour,0.008862577378749847
day_ahead_price,xgb_oof_train,peak,segment_model,2025-10-29 00:15:00,weekly,minute,0.0038082662504166365
day_ahead_price,xgb_oof_train,peak,segment_model,2025-10-29 00:15:00,weekly,dayofweek,0.0031940436456352472
day_ahead_price,xgb_oof_train,peak,segment_model,2025-10-29 00:15:00,weekly,slot96,0.01130396407097578
day_ahead_price,xgb_oof_train,peak,segment_model,2025-10-29 00:15:00,weekly,sin_slot96,0.02260555699467659
day_ahead_price,xgb_oof_train,peak,segment_model,2025-10-29 00:15:00,weekly,cos_slot96,0.004003782756626606
day_ahead_price,xgb_oof_train,peak,segment_model,2025-10-29 00:15:00,weekly,is_holiday,0.005802433006465435
day_ahead_price,xgb_oof_train,peak,segment_model,2025-10-29 00:15:00,weekly,is_workday,0.007144687231630087
day_ahead_price,xgb_oof_train,peak,segment_model,2025-10-29 00:15:00,weekly,is_weekend,0.0
day_ahead_price,xgb_oof_train,peak,segment_model,2025-10-29 00:15:00,weekly,is_makeup_workday,0.0
day_ahead_price,xgb_oof_train,peak,segment_model,2025-10-29 00:15:00,weekly,before_holiday_1d,0.001400377950631082
day_ahead_price,xgb_oof_train,peak,segment_model,2025-10-29 00:15:00,weekly,after_holiday_1d,0.002261837013065815
day_ahead_price,xgb_oof_train,peak,segment_model,2025-10-29 00:15:00,weekly,holiday_name_Dragon Boat Festival,0.0
day_ahead_price,xgb_oof_train,peak,segment_model,2025-10-29 00:15:00,weekly,holiday_name_Labour Day,0.0
day_ahead_price,xgb_oof_train,peak,segment_model,2025-10-29 00:15:00,weekly,holiday_name_Mid-autumn Festival,0.0
day_ahead_price,xgb_oof_train,peak,segment_model,2025-10-29 00:15:00,weekly,holiday_name_National Day,0.022226331755518913
day_ahead_price,xgb_oof_train,peak,segment_model,2025-10-29 00:15:00,weekly,holiday_name_New Year's Day,0.0
day_ahead_price,xgb_oof_train,peak,segment_model,2025-10-29 00:15:00,weekly,holiday_name_None,0.0
day_ahead_price,xgb_oof_train,peak,segment_model,2025-10-29 00:15:00,weekly,holiday_name_Spring Festival,0.0
day_ahead_price,xgb_oof_train,peak,segment_model,2025-10-29 00:15:00,weekly,holiday_name_Tomb-sweeping Day,0.0
day_ahead_price,xgb_oof_train,global,global_model,2025-11-05 00:15:00,weekly,lag_1,0.5681430101394653
day_ahead_price,xgb_oof_train,global,global_model,2025-11-05 00:15:00,weekly,lag_2,0.011724905110895634
day_ahead_price,xgb_oof_train,global,global_model,2025-11-05 00:15:00,weekly,lag_4,0.007954156957566738
day_ahead_price,xgb_oof_train,global,global_model,2025-11-05 00:15:00,weekly,lag_96,0.022020190954208374
day_ahead_price,xgb_oof_train,global,global_model,2025-11-05 00:15:00,weekly,lag_192,0.008608438074588776
day_ahead_price,xgb_oof_train,global,global_model,2025-11-05 00:15:00,weekly,lag_672,0.01127707865089178
day_ahead_price,xgb_oof_train,global,global_model,2025-11-05 00:15:00,weekly,roll_mean_4,0.23689517378807068
day_ahead_price,xgb_oof_train,global,global_model,2025-11-05 00:15:00,weekly,roll_mean_16,0.006818268448114395
day_ahead_price,xgb_oof_train,global,global_model,2025-11-05 00:15:00,weekly,roll_mean_96,0.007394781801849604
day_ahead_price,xgb_oof_train,global,global_model,2025-11-05 00:15:00,weekly,roll_mean_672,0.007729753851890564
day_ahead_price,xgb_oof_train,global,global_model,2025-11-05 00:15:00,weekly,roll_std_96,0.009016353636980057
day_ahead_price,xgb_oof_train,global,global_model,2025-11-05 00:15:00,weekly,diff_1,0.014833702705800533
day_ahead_price,xgb_oof_train,global,global_model,2025-11-05 00:15:00,weekly,diff_96,0.0131407231092453
day_ahead_price,xgb_oof_train,global,global_model,2025-11-05 00:15:00,weekly,hour,0.004302572458982468
day_ahead_price,xgb_oof_train,global,global_model,2025-11-05 00:15:00,weekly,minute,0.010890258476138115
day_ahead_price,xgb_oof_train,global,global_model,2025-11-05 00:15:00,weekly,dayofweek,0.007210179232060909
day_ahead_price,xgb_oof_train,global,global_model,2025-11-05 00:15:00,weekly,slot96,0.01419201772660017
day_ahead_price,xgb_oof_train,global,global_model,2025-11-05 00:15:00,weekly,sin_slot96,0.012735254131257534
day_ahead_price,xgb_oof_train,global,global_model,2025-11-05 00:15:00,weekly,cos_slot96,0.013877113349735737
day_ahead_price,xgb_oof_train,global,global_model,2025-11-05 00:15:00,weekly,is_holiday,0.0
day_ahead_price,xgb_oof_train,global,global_model,2025-11-05 00:15:00,weekly,is_workday,0.0
day_ahead_price,xgb_oof_train,global,global_model,2025-11-05 00:15:00,weekly,is_weekend,0.0
day_ahead_price,xgb_oof_train,global,global_model,2025-11-05 00:15:00,weekly,is_makeup_workday,0.0
day_ahead_price,xgb_oof_train,global,global_model,2025-11-05 00:15:00,weekly,before_holiday_1d,0.006086344830691814
day_ahead_price,xgb_oof_train,global,global_model,2025-11-05 00:15:00,weekly,after_holiday_1d,0.0
day_ahead_price,xgb_oof_train,global,global_model,2025-11-05 00:15:00,weekly,holiday_name_Dragon Boat Festival,0.0
day_ahead_price,xgb_oof_train,global,global_model,2025-11-05 00:15:00,weekly,holiday_name_Labour Day,0.0
day_ahead_price,xgb_oof_train,global,global_model,2025-11-05 00:15:00,weekly,holiday_name_Mid-autumn Festival,0.0
day_ahead_price,xgb_oof_train,global,global_model,2025-11-05 00:15:00,weekly,holiday_name_National Day,0.005149712320417166
day_ahead_price,xgb_oof_train,global,global_model,2025-11-05 00:15:00,weekly,holiday_name_New Year's Day,0.0
day_ahead_price,xgb_oof_train,global,global_model,2025-11-05 00:15:00,weekly,holiday_name_None,0.0
day_ahead_price,xgb_oof_train,global,global_model,2025-11-05 00:15:00,weekly,holiday_name_Spring Festival,0.0
day_ahead_price,xgb_oof_train,global,global_model,2025-11-05 00:15:00,weekly,holiday_name_Tomb-sweeping Day,0.0
day_ahead_price,xgb_oof_train,valley,segment_model,2025-11-05 00:15:00,weekly,lag_1,0.4974032938480377
day_ahead_price,xgb_oof_train,valley,segment_model,2025-11-05 00:15:00,weekly,lag_2,0.0348973348736763
day_ahead_price,xgb_oof_train,valley,segment_model,2025-11-05 00:15:00,weekly,lag_4,0.00500964280217886
day_ahead_price,xgb_oof_train,valley,segment_model,2025-11-05 00:15:00,weekly,lag_96,0.012558097951114178
day_ahead_price,xgb_oof_train,valley,segment_model,2025-11-05 00:15:00,weekly,lag_192,0.012141048908233643
day_ahead_price,xgb_oof_train,valley,segment_model,2025-11-05 00:15:00,weekly,lag_672,0.018885919824242592
day_ahead_price,xgb_oof_train,valley,segment_model,2025-11-05 00:15:00,weekly,roll_mean_4,0.2834698557853699
day_ahead_price,xgb_oof_train,valley,segment_model,2025-11-05 00:15:00,weekly,roll_mean_16,0.010225486010313034
day_ahead_price,xgb_oof_train,valley,segment_model,2025-11-05 00:15:00,weekly,roll_mean_96,0.006139890290796757
day_ahead_price,xgb_oof_train,valley,segment_model,2025-11-05 00:15:00,weekly,roll_mean_672,0.008564377203583717
day_ahead_price,xgb_oof_train,valley,segment_model,2025-11-05 00:15:00,weekly,roll_std_96,0.01769919879734516
day_ahead_price,xgb_oof_train,valley,segment_model,2025-11-05 00:15:00,weekly,diff_1,0.015047543682157993
day_ahead_price,xgb_oof_train,valley,segment_model,2025-11-05 00:15:00,weekly,diff_96,0.008535529486835003
day_ahead_price,xgb_oof_train,valley,segment_model,2025-11-05 00:15:00,weekly,hour,0.006004094146192074
day_ahead_price,xgb_oof_train,valley,segment_model,2025-11-05 00:15:00,weekly,minute,0.017537720501422882
day_ahead_price,xgb_oof_train,valley,segment_model,2025-11-05 00:15:00,weekly,dayofweek,0.00557442381978035
day_ahead_price,xgb_oof_train,valley,segment_model,2025-11-05 00:15:00,weekly,slot96,0.012811829335987568
day_ahead_price,xgb_oof_train,valley,segment_model,2025-11-05 00:15:00,weekly,sin_slot96,0.00873824954032898
day_ahead_price,xgb_oof_train,valley,segment_model,2025-11-05 00:15:00,weekly,cos_slot96,0.009749948978424072
day_ahead_price,xgb_oof_train,valley,segment_model,2025-11-05 00:15:00,weekly,is_holiday,0.0036900597624480724
day_ahead_price,xgb_oof_train,valley,segment_model,2025-11-05 00:15:00,weekly,is_workday,0.0
day_ahead_price,xgb_oof_train,valley,segment_model,2025-11-05 00:15:00,weekly,is_weekend,0.0
day_ahead_price,xgb_oof_train,valley,segment_model,2025-11-05 00:15:00,weekly,is_makeup_workday,0.0
day_ahead_price,xgb_oof_train,valley,segment_model,2025-11-05 00:15:00,weekly,before_holiday_1d,0.0006869129720143974
day_ahead_price,xgb_oof_train,valley,segment_model,2025-11-05 00:15:00,weekly,after_holiday_1d,0.0
day_ahead_price,xgb_oof_train,valley,segment_model,2025-11-05 00:15:00,weekly,holiday_name_Dragon Boat Festival,0.0
day_ahead_price,xgb_oof_train,valley,segment_model,2025-11-05 00:15:00,weekly,holiday_name_Labour Day,0.0
day_ahead_price,xgb_oof_train,valley,segment_model,2025-11-05 00:15:00,weekly,holiday_name_Mid-autumn Festival,0.0
day_ahead_price,xgb_oof_train,valley,segment_model,2025-11-05 00:15:00,weekly,holiday_name_National Day,0.0
day_ahead_price,xgb_oof_train,valley,segment_model,2025-11-05 00:15:00,weekly,holiday_name_New Year's Day,0.0
day_ahead_price,xgb_oof_train,valley,segment_model,2025-11-05 00:15:00,weekly,holiday_name_None,0.004629562608897686
day_ahead_price,xgb_oof_train,valley,segment_model,2025-11-05 00:15:00,weekly,holiday_name_Spring Festival,0.0
day_ahead_price,xgb_oof_train,valley,segment_model,2025-11-05 00:15:00,weekly,holiday_name_Tomb-sweeping Day,0.0
day_ahead_price,xgb_oof_train,flat,segment_model,2025-11-05 00:15:00,weekly,lag_1,0.5344473719596863
day_ahead_price,xgb_oof_train,flat,segment_model,2025-11-05 00:15:00,weekly,lag_2,0.023162083700299263
day_ahead_price,xgb_oof_train,flat,segment_model,2025-11-05 00:15:00,weekly,lag_4,0.009267699904739857
day_ahead_price,xgb_oof_train,flat,segment_model,2025-11-05 00:15:00,weekly,lag_96,0.027357187122106552
day_ahead_price,xgb_oof_train,flat,segment_model,2025-11-05 00:15:00,weekly,lag_192,0.007781021762639284
day_ahead_price,xgb_oof_train,flat,segment_model,2025-11-05 00:15:00,weekly,lag_672,0.015600987710058689
day_ahead_price,xgb_oof_train,flat,segment_model,2025-11-05 00:15:00,weekly,roll_mean_4,0.16934797167778015
day_ahead_price,xgb_oof_train,flat,segment_model,2025-11-05 00:15:00,weekly,roll_mean_16,0.009379555471241474
day_ahead_price,xgb_oof_train,flat,segment_model,2025-11-05 00:15:00,weekly,roll_mean_96,0.010491927154362202
day_ahead_price,xgb_oof_train,flat,segment_model,2025-11-05 00:15:00,weekly,roll_mean_672,0.009621242061257362
day_ahead_price,xgb_oof_train,flat,segment_model,2025-11-05 00:15:00,weekly,roll_std_96,0.007672429084777832
day_ahead_price,xgb_oof_train,flat,segment_model,2025-11-05 00:15:00,weekly,diff_1,0.016340794041752815
day_ahead_price,xgb_oof_train,flat,segment_model,2025-11-05 00:15:00,weekly,diff_96,0.013034753501415253
day_ahead_price,xgb_oof_train,flat,segment_model,2025-11-05 00:15:00,weekly,hour,0.01097542978823185
day_ahead_price,xgb_oof_train,flat,segment_model,2025-11-05 00:15:00,weekly,minute,0.02363436669111252
day_ahead_price,xgb_oof_train,flat,segment_model,2025-11-05 00:15:00,weekly,dayofweek,0.00964808277785778
day_ahead_price,xgb_oof_train,flat,segment_model,2025-11-05 00:15:00,weekly,slot96,0.011335896328091621
day_ahead_price,xgb_oof_train,flat,segment_model,2025-11-05 00:15:00,weekly,sin_slot96,0.05553295463323593
day_ahead_price,xgb_oof_train,flat,segment_model,2025-11-05 00:15:00,weekly,cos_slot96,0.007413075305521488
day_ahead_price,xgb_oof_train,flat,segment_model,2025-11-05 00:15:00,weekly,is_holiday,0.012773272581398487
day_ahead_price,xgb_oof_train,flat,segment_model,2025-11-05 00:15:00,weekly,is_workday,0.0
day_ahead_price,xgb_oof_train,flat,segment_model,2025-11-05 00:15:00,weekly,is_weekend,0.0
day_ahead_price,xgb_oof_train,flat,segment_model,2025-11-05 00:15:00,weekly,is_makeup_workday,0.0005188704817555845
day_ahead_price,xgb_oof_train,flat,segment_model,2025-11-05 00:15:00,weekly,before_holiday_1d,0.012343169189989567
day_ahead_price,xgb_oof_train,flat,segment_model,2025-11-05 00:15:00,weekly,after_holiday_1d,0.0
day_ahead_price,xgb_oof_train,flat,segment_model,2025-11-05 00:15:00,weekly,holiday_name_Dragon Boat Festival,0.0
day_ahead_price,xgb_oof_train,flat,segment_model,2025-11-05 00:15:00,weekly,holiday_name_Labour Day,0.0
day_ahead_price,xgb_oof_train,flat,segment_model,2025-11-05 00:15:00,weekly,holiday_name_Mid-autumn Festival,1.4750989066669717e-05
day_ahead_price,xgb_oof_train,flat,segment_model,2025-11-05 00:15:00,weekly,holiday_name_National Day,0.002305034315213561
day_ahead_price,xgb_oof_train,flat,segment_model,2025-11-05 00:15:00,weekly,holiday_name_New Year's Day,0.0
day_ahead_price,xgb_oof_train,flat,segment_model,2025-11-05 00:15:00,weekly,holiday_name_None,0.0
day_ahead_price,xgb_oof_train,flat,segment_model,2025-11-05 00:15:00,weekly,holiday_name_Spring Festival,0.0
day_ahead_price,xgb_oof_train,flat,segment_model,2025-11-05 00:15:00,weekly,holiday_name_Tomb-sweeping Day,0.0
day_ahead_price,xgb_oof_train,peak,segment_model,2025-11-05 00:15:00,weekly,lag_1,0.39588892459869385
day_ahead_price,xgb_oof_train,peak,segment_model,2025-11-05 00:15:00,weekly,lag_2,0.014599280431866646
day_ahead_price,xgb_oof_train,peak,segment_model,2025-11-05 00:15:00,weekly,lag_4,0.010582580231130123
day_ahead_price,xgb_oof_train,peak,segment_model,2025-11-05 00:15:00,weekly,lag_96,0.013261616230010986
day_ahead_price,xgb_oof_train,peak,segment_model,2025-11-05 00:15:00,weekly,lag_192,0.01112278550863266
day_ahead_price,xgb_oof_train,peak,segment_model,2025-11-05 00:15:00,weekly,lag_672,0.00942495372146368
day_ahead_price,xgb_oof_train,peak,segment_model,2025-11-05 00:15:00,weekly,roll_mean_4,0.3826032280921936
day_ahead_price,xgb_oof_train,peak,segment_model,2025-11-05 00:15:00,weekly,roll_mean_16,0.023638179525732994
day_ahead_price,xgb_oof_train,peak,segment_model,2025-11-05 00:15:00,weekly,roll_mean_96,0.015509013086557388
day_ahead_price,xgb_oof_train,peak,segment_model,2025-11-05 00:15:00,weekly,roll_mean_672,0.004885257221758366
day_ahead_price,xgb_oof_train,peak,segment_model,2025-11-05 00:15:00,weekly,roll_std_96,0.0070553491823375225
day_ahead_price,xgb_oof_train,peak,segment_model,2025-11-05 00:15:00,weekly,diff_1,0.013851575553417206
day_ahead_price,xgb_oof_train,peak,segment_model,2025-11-05 00:15:00,weekly,diff_96,0.007994279265403748
day_ahead_price,xgb_oof_train,peak,segment_model,2025-11-05 00:15:00,weekly,hour,0.008427027612924576
day_ahead_price,xgb_oof_train,peak,segment_model,2025-11-05 00:15:00,weekly,minute,0.005827124696224928
day_ahead_price,xgb_oof_train,peak,segment_model,2025-11-05 00:15:00,weekly,dayofweek,0.004878008272498846
day_ahead_price,xgb_oof_train,peak,segment_model,2025-11-05 00:15:00,weekly,slot96,0.012575463391840458
day_ahead_price,xgb_oof_train,peak,segment_model,2025-11-05 00:15:00,weekly,sin_slot96,0.028560521081089973
day_ahead_price,xgb_oof_train,peak,segment_model,2025-11-05 00:15:00,weekly,cos_slot96,0.002400920493528247
day_ahead_price,xgb_oof_train,peak,segment_model,2025-11-05 00:15:00,weekly,is_holiday,0.004912111442536116
day_ahead_price,xgb_oof_train,peak,segment_model,2025-11-05 00:15:00,weekly,is_workday,0.0
day_ahead_price,xgb_oof_train,peak,segment_model,2025-11-05 00:15:00,weekly,is_weekend,0.0
day_ahead_price,xgb_oof_train,peak,segment_model,2025-11-05 00:15:00,weekly,is_makeup_workday,0.0
day_ahead_price,xgb_oof_train,peak,segment_model,2025-11-05 00:15:00,weekly,before_holiday_1d,0.0
day_ahead_price,xgb_oof_train,peak,segment_model,2025-11-05 00:15:00,weekly,after_holiday_1d,0.0
day_ahead_price,xgb_oof_train,peak,segment_model,2025-11-05 00:15:00,weekly,holiday_name_Dragon Boat Festival,0.0
day_ahead_price,xgb_oof_train,peak,segment_model,2025-11-05 00:15:00,weekly,holiday_name_Labour Day,0.0
day_ahead_price,xgb_oof_train,peak,segment_model,2025-11-05 00:15:00,weekly,holiday_name_Mid-autumn Festival,0.0
day_ahead_price,xgb_oof_train,peak,segment_model,2025-11-05 00:15:00,weekly,holiday_name_National Day,0.022001920267939568
day_ahead_price,xgb_oof_train,peak,segment_model,2025-11-05 00:15:00,weekly,holiday_name_New Year's Day,0.0
day_ahead_price,xgb_oof_train,peak,segment_model,2025-11-05 00:15:00,weekly,holiday_name_None,0.0
day_ahead_price,xgb_oof_train,peak,segment_model,2025-11-05 00:15:00,weekly,holiday_name_Spring Festival,0.0
day_ahead_price,xgb_oof_train,peak,segment_model,2025-11-05 00:15:00,weekly,holiday_name_Tomb-sweeping Day,0.0
day_ahead_price,xgb_oof_train,global,global_model,2025-11-12 00:15:00,weekly,lag_1,0.558364748954773
day_ahead_price,xgb_oof_train,global,global_model,2025-11-12 00:15:00,weekly,lag_2,0.01228265929967165
day_ahead_price,xgb_oof_train,global,global_model,2025-11-12 00:15:00,weekly,lag_4,0.006725355051457882
day_ahead_price,xgb_oof_train,global,global_model,2025-11-12 00:15:00,weekly,lag_96,0.018581021577119827
day_ahead_price,xgb_oof_train,global,global_model,2025-11-12 00:15:00,weekly,lag_192,0.006490037776529789
day_ahead_price,xgb_oof_train,global,global_model,2025-11-12 00:15:00,weekly,lag_672,0.009157193824648857
day_ahead_price,xgb_oof_train,global,global_model,2025-11-12 00:15:00,weekly,roll_mean_4,0.2514546811580658
day_ahead_price,xgb_oof_train,global,global_model,2025-11-12 00:15:00,weekly,roll_mean_16,0.008107799105346203
day_ahead_price,xgb_oof_train,global,global_model,2025-11-12 00:15:00,weekly,roll_mean_96,0.005983083974570036
day_ahead_price,xgb_oof_train,global,global_model,2025-11-12 00:15:00,weekly,roll_mean_672,0.007897295989096165
day_ahead_price,xgb_oof_train,global,global_model,2025-11-12 00:15:00,weekly,roll_std_96,0.00828931201249361
day_ahead_price,xgb_oof_train,global,global_model,2025-11-12 00:15:00,weekly,diff_1,0.012122727930545807
day_ahead_price,xgb_oof_train,global,global_model,2025-11-12 00:15:00,weekly,diff_96,0.01123726088553667
day_ahead_price,xgb_oof_train,global,global_model,2025-11-12 00:15:00,weekly,hour,0.0028634497430175543
day_ahead_price,xgb_oof_train,global,global_model,2025-11-12 00:15:00,weekly,minute,0.011591702699661255
day_ahead_price,xgb_oof_train,global,global_model,2025-11-12 00:15:00,weekly,dayofweek,0.005151879042387009
day_ahead_price,xgb_oof_train,global,global_model,2025-11-12 00:15:00,weekly,slot96,0.012329714372754097
day_ahead_price,xgb_oof_train,global,global_model,2025-11-12 00:15:00,weekly,sin_slot96,0.014614849351346493
day_ahead_price,xgb_oof_train,global,global_model,2025-11-12 00:15:00,weekly,cos_slot96,0.011048511601984501
day_ahead_price,xgb_oof_train,global,global_model,2025-11-12 00:15:00,weekly,is_holiday,0.013764354400336742
day_ahead_price,xgb_oof_train,global,global_model,2025-11-12 00:15:00,weekly,is_workday,0.005981083959341049
day_ahead_price,xgb_oof_train,global,global_model,2025-11-12 00:15:00,weekly,is_weekend,0.0
day_ahead_price,xgb_oof_train,global,global_model,2025-11-12 00:15:00,weekly,is_makeup_workday,0.0
day_ahead_price,xgb_oof_train,global,global_model,2025-11-12 00:15:00,weekly,before_holiday_1d,0.0021264844108372927
day_ahead_price,xgb_oof_train,global,global_model,2025-11-12 00:15:00,weekly,after_holiday_1d,0.0
day_ahead_price,xgb_oof_train,global,global_model,2025-11-12 00:15:00,weekly,holiday_name_Dragon Boat Festival,0.0
day_ahead_price,xgb_oof_train,global,global_model,2025-11-12 00:15:00,weekly,holiday_name_Labour Day,0.0
day_ahead_price,xgb_oof_train,global,global_model,2025-11-12 00:15:00,weekly,holiday_name_Mid-autumn Festival,0.0
day_ahead_price,xgb_oof_train,global,global_model,2025-11-12 00:15:00,weekly,holiday_name_National Day,0.0038348797243088484
day_ahead_price,xgb_oof_train,global,global_model,2025-11-12 00:15:00,weekly,holiday_name_New Year's Day,0.0
day_ahead_price,xgb_oof_train,global,global_model,2025-11-12 00:15:00,weekly,holiday_name_None,0.0
day_ahead_price,xgb_oof_train,global,global_model,2025-11-12 00:15:00,weekly,holiday_name_Spring Festival,0.0
day_ahead_price,xgb_oof_train,global,global_model,2025-11-12 00:15:00,weekly,holiday_name_Tomb-sweeping Day,0.0
day_ahead_price,xgb_oof_train,valley,segment_model,2025-11-12 00:15:00,weekly,lag_1,0.4994322955608368
day_ahead_price,xgb_oof_train,valley,segment_model,2025-11-12 00:15:00,weekly,lag_2,0.03615764155983925
day_ahead_price,xgb_oof_train,valley,segment_model,2025-11-12 00:15:00,weekly,lag_4,0.004795611370354891
day_ahead_price,xgb_oof_train,valley,segment_model,2025-11-12 00:15:00,weekly,lag_96,0.010715160518884659
day_ahead_price,xgb_oof_train,valley,segment_model,2025-11-12 00:15:00,weekly,lag_192,0.012137426994740963
day_ahead_price,xgb_oof_train,valley,segment_model,2025-11-12 00:15:00,weekly,lag_672,0.018431300297379494
day_ahead_price,xgb_oof_train,valley,segment_model,2025-11-12 00:15:00,weekly,roll_mean_4,0.27040934562683105
day_ahead_price,xgb_oof_train,valley,segment_model,2025-11-12 00:15:00,weekly,roll_mean_16,0.011767554096877575
day_ahead_price,xgb_oof_train,valley,segment_model,2025-11-12 00:15:00,weekly,roll_mean_96,0.006303921341896057
day_ahead_price,xgb_oof_train,valley,segment_model,2025-11-12 00:15:00,weekly,roll_mean_672,0.007977770641446114
day_ahead_price,xgb_oof_train,valley,segment_model,2025-11-12 00:15:00,weekly,roll_std_96,0.020000876858830452
day_ahead_price,xgb_oof_train,valley,segment_model,2025-11-12 00:15:00,weekly,diff_1,0.013833851553499699
day_ahead_price,xgb_oof_train,valley,segment_model,2025-11-12 00:15:00,weekly,diff_96,0.006495018023997545
day_ahead_price,xgb_oof_train,valley,segment_model,2025-11-12 00:15:00,weekly,hour,0.02357439324259758
day_ahead_price,xgb_oof_train,valley,segment_model,2025-11-12 00:15:00,weekly,minute,0.017281748354434967
day_ahead_price,xgb_oof_train,valley,segment_model,2025-11-12 00:15:00,weekly,dayofweek,0.013199158012866974
day_ahead_price,xgb_oof_train,valley,segment_model,2025-11-12 00:15:00,weekly,slot96,0.013667350634932518
day_ahead_price,xgb_oof_train,valley,segment_model,2025-11-12 00:15:00,weekly,sin_slot96,0.004349176771938801
day_ahead_price,xgb_oof_train,valley,segment_model,2025-11-12 00:15:00,weekly,cos_slot96,0.004652181640267372
day_ahead_price,xgb_oof_train,valley,segment_model,2025-11-12 00:15:00,weekly,is_holiday,0.002208818681538105
day_ahead_price,xgb_oof_train,valley,segment_model,2025-11-12 00:15:00,weekly,is_workday,0.0
day_ahead_price,xgb_oof_train,valley,segment_model,2025-11-12 00:15:00,weekly,is_weekend,0.0
day_ahead_price,xgb_oof_train,valley,segment_model,2025-11-12 00:15:00,weekly,is_makeup_workday,0.0
day_ahead_price,xgb_oof_train,valley,segment_model,2025-11-12 00:15:00,weekly,before_holiday_1d,0.002609379356727004
day_ahead_price,xgb_oof_train,valley,segment_model,2025-11-12 00:15:00,weekly,after_holiday_1d,0.0
day_ahead_price,xgb_oof_train,valley,segment_model,2025-11-12 00:15:00,weekly,holiday_name_Dragon Boat Festival,0.0
day_ahead_price,xgb_oof_train,valley,segment_model,2025-11-12 00:15:00,weekly,holiday_name_Labour Day,0.0
day_ahead_price,xgb_oof_train,valley,segment_model,2025-11-12 00:15:00,weekly,holiday_name_Mid-autumn Festival,0.0
day_ahead_price,xgb_oof_train,valley,segment_model,2025-11-12 00:15:00,weekly,holiday_name_National Day,0.0
day_ahead_price,xgb_oof_train,valley,segment_model,2025-11-12 00:15:00,weekly,holiday_name_New Year's Day,0.0
day_ahead_price,xgb_oof_train,valley,segment_model,2025-11-12 00:15:00,weekly,holiday_name_None,0.0
day_ahead_price,xgb_oof_train,valley,segment_model,2025-11-12 00:15:00,weekly,holiday_name_Spring Festival,0.0
day_ahead_price,xgb_oof_train,valley,segment_model,2025-11-12 00:15:00,weekly,holiday_name_Tomb-sweeping Day,0.0
day_ahead_price,xgb_oof_train,flat,segment_model,2025-11-12 00:15:00,weekly,lag_1,0.5460038185119629
day_ahead_price,xgb_oof_train,flat,segment_model,2025-11-12 00:15:00,weekly,lag_2,0.022473299875855446
day_ahead_price,xgb_oof_train,flat,segment_model,2025-11-12 00:15:00,weekly,lag_4,0.006618700455874205
day_ahead_price,xgb_oof_train,flat,segment_model,2025-11-12 00:15:00,weekly,lag_96,0.02784677781164646
day_ahead_price,xgb_oof_train,flat,segment_model,2025-11-12 00:15:00,weekly,lag_192,0.007876742631196976
day_ahead_price,xgb_oof_train,flat,segment_model,2025-11-12 00:15:00,weekly,lag_672,0.013938643038272858
day_ahead_price,xgb_oof_train,flat,segment_model,2025-11-12 00:15:00,weekly,roll_mean_4,0.1605992466211319
day_ahead_price,xgb_oof_train,flat,segment_model,2025-11-12 00:15:00,weekly,roll_mean_16,0.012463977560400963
day_ahead_price,xgb_oof_train,flat,segment_model,2025-11-12 00:15:00,weekly,roll_mean_96,0.008748004212975502
day_ahead_price,xgb_oof_train,flat,segment_model,2025-11-12 00:15:00,weekly,roll_mean_672,0.007358753588050604
day_ahead_price,xgb_oof_train,flat,segment_model,2025-11-12 00:15:00,weekly,roll_std_96,0.00689969165250659
day_ahead_price,xgb_oof_train,flat,segment_model,2025-11-12 00:15:00,weekly,diff_1,0.017451057210564613
day_ahead_price,xgb_oof_train,flat,segment_model,2025-11-12 00:15:00,weekly,diff_96,0.014150402508676052
day_ahead_price,xgb_oof_train,flat,segment_model,2025-11-12 00:15:00,weekly,hour,0.01956532895565033
day_ahead_price,xgb_oof_train,flat,segment_model,2025-11-12 00:15:00,weekly,minute,0.02482779696583748
day_ahead_price,xgb_oof_train,flat,segment_model,2025-11-12 00:15:00,weekly,dayofweek,0.008640354499220848
day_ahead_price,xgb_oof_train,flat,segment_model,2025-11-12 00:15:00,weekly,slot96,0.011549276299774647
day_ahead_price,xgb_oof_train,flat,segment_model,2025-11-12 00:15:00,weekly,sin_slot96,0.060144636780023575
day_ahead_price,xgb_oof_train,flat,segment_model,2025-11-12 00:15:00,weekly,cos_slot96,0.007709540892392397
day_ahead_price,xgb_oof_train,flat,segment_model,2025-11-12 00:15:00,weekly,is_holiday,0.003589870873838663
day_ahead_price,xgb_oof_train,flat,segment_model,2025-11-12 00:15:00,weekly,is_workday,0.0
day_ahead_price,xgb_oof_train,flat,segment_model,2025-11-12 00:15:00,weekly,is_weekend,0.0
day_ahead_price,xgb_oof_train,flat,segment_model,2025-11-12 00:15:00,weekly,is_makeup_workday,0.0007041023345664144
day_ahead_price,xgb_oof_train,flat,segment_model,2025-11-12 00:15:00,weekly,before_holiday_1d,0.008530656807124615
day_ahead_price,xgb_oof_train,flat,segment_model,2025-11-12 00:15:00,weekly,after_holiday_1d,0.0
day_ahead_price,xgb_oof_train,flat,segment_model,2025-11-12 00:15:00,weekly,holiday_name_Dragon Boat Festival,0.0
day_ahead_price,xgb_oof_train,flat,segment_model,2025-11-12 00:15:00,weekly,holiday_name_Labour Day,0.0
day_ahead_price,xgb_oof_train,flat,segment_model,2025-11-12 00:15:00,weekly,holiday_name_Mid-autumn Festival,1.568765401316341e-05
day_ahead_price,xgb_oof_train,flat,segment_model,2025-11-12 00:15:00,weekly,holiday_name_National Day,0.0022936712484806776
day_ahead_price,xgb_oof_train,flat,segment_model,2025-11-12 00:15:00,weekly,holiday_name_New Year's Day,0.0
day_ahead_price,xgb_oof_train,flat,segment_model,2025-11-12 00:15:00,weekly,holiday_name_None,0.0
day_ahead_price,xgb_oof_train,flat,segment_model,2025-11-12 00:15:00,weekly,holiday_name_Spring Festival,0.0
day_ahead_price,xgb_oof_train,flat,segment_model,2025-11-12 00:15:00,weekly,holiday_name_Tomb-sweeping Day,0.0
day_ahead_price,xgb_oof_train,peak,segment_model,2025-11-12 00:15:00,weekly,lag_1,0.34695324301719666
day_ahead_price,xgb_oof_train,peak,segment_model,2025-11-12 00:15:00,weekly,lag_2,0.014161736704409122
day_ahead_price,xgb_oof_train,peak,segment_model,2025-11-12 00:15:00,weekly,lag_4,0.00784385483711958
day_ahead_price,xgb_oof_train,peak,segment_model,2025-11-12 00:15:00,weekly,lag_96,0.01197296753525734
day_ahead_price,xgb_oof_train,peak,segment_model,2025-11-12 00:15:00,weekly,lag_192,0.01966886781156063
day_ahead_price,xgb_oof_train,peak,segment_model,2025-11-12 00:15:00,weekly,lag_672,0.00862785056233406
day_ahead_price,xgb_oof_train,peak,segment_model,2025-11-12 00:15:00,weekly,roll_mean_4,0.42477941513061523
day_ahead_price,xgb_oof_train,peak,segment_model,2025-11-12 00:15:00,weekly,roll_mean_16,0.03118095174431801
day_ahead_price,xgb_oof_train,peak,segment_model,2025-11-12 00:15:00,weekly,roll_mean_96,0.009140603244304657
day_ahead_price,xgb_oof_train,peak,segment_model,2025-11-12 00:15:00,weekly,roll_mean_672,0.005200451239943504
day_ahead_price,xgb_oof_train,peak,segment_model,2025-11-12 00:15:00,weekly,roll_std_96,0.006487686652690172
day_ahead_price,xgb_oof_train,peak,segment_model,2025-11-12 00:15:00,weekly,diff_1,0.012717220932245255
day_ahead_price,xgb_oof_train,peak,segment_model,2025-11-12 00:15:00,weekly,diff_96,0.008556639775633812
day_ahead_price,xgb_oof_train,peak,segment_model,2025-11-12 00:15:00,weekly,hour,0.008789818733930588
day_ahead_price,xgb_oof_train,peak,segment_model,2025-11-12 00:15:00,weekly,minute,0.005800085142254829
day_ahead_price,xgb_oof_train,peak,segment_model,2025-11-12 00:15:00,weekly,dayofweek,0.006123181898146868
day_ahead_price,xgb_oof_train,peak,segment_model,2025-11-12 00:15:00,weekly,slot96,0.008989842608571053
day_ahead_price,xgb_oof_train,peak,segment_model,2025-11-12 00:15:00,weekly,sin_slot96,0.02321597933769226
day_ahead_price,xgb_oof_train,peak,segment_model,2025-11-12 00:15:00,weekly,cos_slot96,0.004685502499341965
day_ahead_price,xgb_oof_train,peak,segment_model,2025-11-12 00:15:00,weekly,is_holiday,0.006392145995050669
day_ahead_price,xgb_oof_train,peak,segment_model,2025-11-12 00:15:00,weekly,is_workday,0.0030421423725783825
day_ahead_price,xgb_oof_train,peak,segment_model,2025-11-12 00:15:00,weekly,is_weekend,0.0
day_ahead_price,xgb_oof_train,peak,segment_model,2025-11-12 00:15:00,weekly,is_makeup_workday,0.0
day_ahead_price,xgb_oof_train,peak,segment_model,2025-11-12 00:15:00,weekly,before_holiday_1d,0.0008537573739886284
day_ahead_price,xgb_oof_train,peak,segment_model,2025-11-12 00:15:00,weekly,after_holiday_1d,0.0
day_ahead_price,xgb_oof_train,peak,segment_model,2025-11-12 00:15:00,weekly,holiday_name_Dragon Boat Festival,0.0
day_ahead_price,xgb_oof_train,peak,segment_model,2025-11-12 00:15:00,weekly,holiday_name_Labour Day,0.0
day_ahead_price,xgb_oof_train,peak,segment_model,2025-11-12 00:15:00,weekly,holiday_name_Mid-autumn Festival,0.0
day_ahead_price,xgb_oof_train,peak,segment_model,2025-11-12 00:15:00,weekly,holiday_name_National Day,0.024816201999783516
day_ahead_price,xgb_oof_train,peak,segment_model,2025-11-12 00:15:00,weekly,holiday_name_New Year's Day,0.0
day_ahead_price,xgb_oof_train,peak,segment_model,2025-11-12 00:15:00,weekly,holiday_name_None,0.0
day_ahead_price,xgb_oof_train,peak,segment_model,2025-11-12 00:15:00,weekly,holiday_name_Spring Festival,0.0
day_ahead_price,xgb_oof_train,peak,segment_model,2025-11-12 00:15:00,weekly,holiday_name_Tomb-sweeping Day,0.0
day_ahead_price,xgb_oof_train,global,global_model,2025-11-19 00:15:00,weekly,lag_1,0.5635489225387573
day_ahead_price,xgb_oof_train,global,global_model,2025-11-19 00:15:00,weekly,lag_2,0.01178977731615305
day_ahead_price,xgb_oof_train,global,global_model,2025-11-19 00:15:00,weekly,lag_4,0.00637397775426507
day_ahead_price,xgb_oof_train,global,global_model,2025-11-19 00:15:00,weekly,lag_96,0.018471725285053253
day_ahead_price,xgb_oof_train,global,global_model,2025-11-19 00:15:00,weekly,lag_192,0.00928367581218481
day_ahead_price,xgb_oof_train,global,global_model,2025-11-19 00:15:00,weekly,lag_672,0.012563819997012615
day_ahead_price,xgb_oof_train,global,global_model,2025-11-19 00:15:00,weekly,roll_mean_4,0.25392189621925354
day_ahead_price,xgb_oof_train,global,global_model,2025-11-19 00:15:00,weekly,roll_mean_16,0.007281842175871134
day_ahead_price,xgb_oof_train,global,global_model,2025-11-19 00:15:00,weekly,roll_mean_96,0.008346942253410816
day_ahead_price,xgb_oof_train,global,global_model,2025-11-19 00:15:00,weekly,roll_mean_672,0.008736317977309227
day_ahead_price,xgb_oof_train,global,global_model,2025-11-19 00:15:00,weekly,roll_std_96,0.007643223740160465
day_ahead_price,xgb_oof_train,global,global_model,2025-11-19 00:15:00,weekly,diff_1,0.012704789638519287
day_ahead_price,xgb_oof_train,global,global_model,2025-11-19 00:15:00,weekly,diff_96,0.012517474591732025
day_ahead_price,xgb_oof_train,global,global_model,2025-11-19 00:15:00,weekly,hour,0.004236363340169191
day_ahead_price,xgb_oof_train,global,global_model,2025-11-19 00:15:00,weekly,minute,0.009197809733450413
day_ahead_price,xgb_oof_train,global,global_model,2025-11-19 00:15:00,weekly,dayofweek,0.009869614616036415
day_ahead_price,xgb_oof_train,global,global_model,2025-11-19 00:15:00,weekly,slot96,0.013580492697656155
day_ahead_price,xgb_oof_train,global,global_model,2025-11-19 00:15:00,weekly,sin_slot96,0.013988271355628967
day_ahead_price,xgb_oof_train,global,global_model,2025-11-19 00:15:00,weekly,cos_slot96,0.011970252729952335
day_ahead_price,xgb_oof_train,global,global_model,2025-11-19 00:15:00,weekly,is_holiday,0.0
day_ahead_price,xgb_oof_train,global,global_model,2025-11-19 00:15:00,weekly,is_workday,0.0
day_ahead_price,xgb_oof_train,global,global_model,2025-11-19 00:15:00,weekly,is_weekend,0.0
day_ahead_price,xgb_oof_train,global,global_model,2025-11-19 00:15:00,weekly,is_makeup_workday,0.0
day_ahead_price,xgb_oof_train,global,global_model,2025-11-19 00:15:00,weekly,before_holiday_1d,0.0
day_ahead_price,xgb_oof_train,global,global_model,2025-11-19 00:15:00,weekly,after_holiday_1d,0.0
day_ahead_price,xgb_oof_train,global,global_model,2025-11-19 00:15:00,weekly,holiday_name_Dragon Boat Festival,0.0
day_ahead_price,xgb_oof_train,global,global_model,2025-11-19 00:15:00,weekly,holiday_name_Labour Day,0.0
day_ahead_price,xgb_oof_train,global,global_model,2025-11-19 00:15:00,weekly,holiday_name_Mid-autumn Festival,0.0
day_ahead_price,xgb_oof_train,global,global_model,2025-11-19 00:15:00,weekly,holiday_name_National Day,0.003972786944359541
day_ahead_price,xgb_oof_train,global,global_model,2025-11-19 00:15:00,weekly,holiday_name_New Year's Day,0.0
day_ahead_price,xgb_oof_train,global,global_model,2025-11-19 00:15:00,weekly,holiday_name_None,0.0
day_ahead_price,xgb_oof_train,global,global_model,2025-11-19 00:15:00,weekly,holiday_name_Spring Festival,0.0
day_ahead_price,xgb_oof_train,global,global_model,2025-11-19 00:15:00,weekly,holiday_name_Tomb-sweeping Day,0.0
day_ahead_price,xgb_oof_train,valley,segment_model,2025-11-19 00:15:00,weekly,lag_1,0.5065229535102844
day_ahead_price,xgb_oof_train,valley,segment_model,2025-11-19 00:15:00,weekly,lag_2,0.043868616223335266
day_ahead_price,xgb_oof_train,valley,segment_model,2025-11-19 00:15:00,weekly,lag_4,0.006496670190244913
day_ahead_price,xgb_oof_train,valley,segment_model,2025-11-19 00:15:00,weekly,lag_96,0.010178464464843273
day_ahead_price,xgb_oof_train,valley,segment_model,2025-11-19 00:15:00,weekly,lag_192,0.011930154636502266
day_ahead_price,xgb_oof_train,valley,segment_model,2025-11-19 00:15:00,weekly,lag_672,0.02114039845764637
day_ahead_price,xgb_oof_train,valley,segment_model,2025-11-19 00:15:00,weekly,roll_mean_4,0.259286105632782
day_ahead_price,xgb_oof_train,valley,segment_model,2025-11-19 00:15:00,weekly,roll_mean_16,0.00954387430101633
day_ahead_price,xgb_oof_train,valley,segment_model,2025-11-19 00:15:00,weekly,roll_mean_96,0.007359402719885111
day_ahead_price,xgb_oof_train,valley,segment_model,2025-11-19 00:15:00,weekly,roll_mean_672,0.007087263744324446
day_ahead_price,xgb_oof_train,valley,segment_model,2025-11-19 00:15:00,weekly,roll_std_96,0.019032016396522522
day_ahead_price,xgb_oof_train,valley,segment_model,2025-11-19 00:15:00,weekly,diff_1,0.012439168058335781
day_ahead_price,xgb_oof_train,valley,segment_model,2025-11-19 00:15:00,weekly,diff_96,0.007565800100564957
day_ahead_price,xgb_oof_train,valley,segment_model,2025-11-19 00:15:00,weekly,hour,0.020179957151412964
day_ahead_price,xgb_oof_train,valley,segment_model,2025-11-19 00:15:00,weekly,minute,0.018780041486024857
day_ahead_price,xgb_oof_train,valley,segment_model,2025-11-19 00:15:00,weekly,dayofweek,0.016703592613339424
day_ahead_price,xgb_oof_train,valley,segment_model,2025-11-19 00:15:00,weekly,slot96,0.012358224019408226
day_ahead_price,xgb_oof_train,valley,segment_model,2025-11-19 00:15:00,weekly,sin_slot96,0.005324210971593857
day_ahead_price,xgb_oof_train,valley,segment_model,2025-11-19 00:15:00,weekly,cos_slot96,0.0
day_ahead_price,xgb_oof_train,valley,segment_model,2025-11-19 00:15:00,weekly,is_holiday,0.0034624377731233835
day_ahead_price,xgb_oof_train,valley,segment_model,2025-11-19 00:15:00,weekly,is_workday,0.0
day_ahead_price,xgb_oof_train,valley,segment_model,2025-11-19 00:15:00,weekly,is_weekend,0.0
day_ahead_price,xgb_oof_train,valley,segment_model,2025-11-19 00:15:00,weekly,is_makeup_workday,0.0
day_ahead_price,xgb_oof_train,valley,segment_model,2025-11-19 00:15:00,weekly,before_holiday_1d,0.0007406077929772437
day_ahead_price,xgb_oof_train,valley,segment_model,2025-11-19 00:15:00,weekly,after_holiday_1d,0.0
day_ahead_price,xgb_oof_train,valley,segment_model,2025-11-19 00:15:00,weekly,holiday_name_Dragon Boat Festival,0.0
day_ahead_price,xgb_oof_train,valley,segment_model,2025-11-19 00:15:00,weekly,holiday_name_Labour Day,0.0
day_ahead_price,xgb_oof_train,valley,segment_model,2025-11-19 00:15:00,weekly,holiday_name_Mid-autumn Festival,0.0
day_ahead_price,xgb_oof_train,valley,segment_model,2025-11-19 00:15:00,weekly,holiday_name_National Day,0.0
day_ahead_price,xgb_oof_train,valley,segment_model,2025-11-19 00:15:00,weekly,holiday_name_New Year's Day,0.0
day_ahead_price,xgb_oof_train,valley,segment_model,2025-11-19 00:15:00,weekly,holiday_name_None,0.0
day_ahead_price,xgb_oof_train,valley,segment_model,2025-11-19 00:15:00,weekly,holiday_name_Spring Festival,0.0
day_ahead_price,xgb_oof_train,valley,segment_model,2025-11-19 00:15:00,weekly,holiday_name_Tomb-sweeping Day,0.0
day_ahead_price,xgb_oof_train,flat,segment_model,2025-11-19 00:15:00,weekly,lag_1,0.5188830494880676
day_ahead_price,xgb_oof_train,flat,segment_model,2025-11-19 00:15:00,weekly,lag_2,0.04559744894504547
day_ahead_price,xgb_oof_train,flat,segment_model,2025-11-19 00:15:00,weekly,lag_4,0.007344589568674564
day_ahead_price,xgb_oof_train,flat,segment_model,2025-11-19 00:15:00,weekly,lag_96,0.02472226694226265
day_ahead_price,xgb_oof_train,flat,segment_model,2025-11-19 00:15:00,weekly,lag_192,0.007349650375545025
day_ahead_price,xgb_oof_train,flat,segment_model,2025-11-19 00:15:00,weekly,lag_672,0.013615496456623077
day_ahead_price,xgb_oof_train,flat,segment_model,2025-11-19 00:15:00,weekly,roll_mean_4,0.15489424765110016
day_ahead_price,xgb_oof_train,flat,segment_model,2025-11-19 00:15:00,weekly,roll_mean_16,0.010152575559914112
day_ahead_price,xgb_oof_train,flat,segment_model,2025-11-19 00:15:00,weekly,roll_mean_96,0.011657183058559895
day_ahead_price,xgb_oof_train,flat,segment_model,2025-11-19 00:15:00,weekly,roll_mean_672,0.009491120465099812
day_ahead_price,xgb_oof_train,flat,segment_model,2025-11-19 00:15:00,weekly,roll_std_96,0.006354359909892082
day_ahead_price,xgb_oof_train,flat,segment_model,2025-11-19 00:15:00,weekly,diff_1,0.017345542088150978
day_ahead_price,xgb_oof_train,flat,segment_model,2025-11-19 00:15:00,weekly,diff_96,0.011596761643886566
day_ahead_price,xgb_oof_train,flat,segment_model,2025-11-19 00:15:00,weekly,hour,0.015208899043500423
day_ahead_price,xgb_oof_train,flat,segment_model,2025-11-19 00:15:00,weekly,minute,0.02339821495115757
day_ahead_price,xgb_oof_train,flat,segment_model,2025-11-19 00:15:00,weekly,dayofweek,0.012037189677357674
day_ahead_price,xgb_oof_train,flat,segment_model,2025-11-19 00:15:00,weekly,slot96,0.015073073096573353
day_ahead_price,xgb_oof_train,flat,segment_model,2025-11-19 00:15:00,weekly,sin_slot96,0.052169885486364365
day_ahead_price,xgb_oof_train,flat,segment_model,2025-11-19 00:15:00,weekly,cos_slot96,0.006714475806802511
day_ahead_price,xgb_oof_train,flat,segment_model,2025-11-19 00:15:00,weekly,is_holiday,0.008108003064990044
day_ahead_price,xgb_oof_train,flat,segment_model,2025-11-19 00:15:00,weekly,is_workday,0.008998461067676544
day_ahead_price,xgb_oof_train,flat,segment_model,2025-11-19 00:15:00,weekly,is_weekend,0.0
day_ahead_price,xgb_oof_train,flat,segment_model,2025-11-19 00:15:00,weekly,is_makeup_workday,0.0006287622381933033
day_ahead_price,xgb_oof_train,flat,segment_model,2025-11-19 00:15:00,weekly,before_holiday_1d,0.009036100469529629
day_ahead_price,xgb_oof_train,flat,segment_model,2025-11-19 00:15:00,weekly,after_holiday_1d,0.007843579165637493
day_ahead_price,xgb_oof_train,flat,segment_model,2025-11-19 00:15:00,weekly,holiday_name_Dragon Boat Festival,0.0
day_ahead_price,xgb_oof_train,flat,segment_model,2025-11-19 00:15:00,weekly,holiday_name_Labour Day,0.0
day_ahead_price,xgb_oof_train,flat,segment_model,2025-11-19 00:15:00,weekly,holiday_name_Mid-autumn Festival,0.0
day_ahead_price,xgb_oof_train,flat,segment_model,2025-11-19 00:15:00,weekly,holiday_name_National Day,0.0017790853744372725
day_ahead_price,xgb_oof_train,flat,segment_model,2025-11-19 00:15:00,weekly,holiday_name_New Year's Day,0.0
day_ahead_price,xgb_oof_train,flat,segment_model,2025-11-19 00:15:00,weekly,holiday_name_None,0.0
day_ahead_price,xgb_oof_train,flat,segment_model,2025-11-19 00:15:00,weekly,holiday_name_Spring Festival,0.0
day_ahead_price,xgb_oof_train,flat,segment_model,2025-11-19 00:15:00,weekly,holiday_name_Tomb-sweeping Day,0.0
day_ahead_price,xgb_oof_train,peak,segment_model,2025-11-19 00:15:00,weekly,lag_1,0.3753853738307953
day_ahead_price,xgb_oof_train,peak,segment_model,2025-11-19 00:15:00,weekly,lag_2,0.01332132425159216
day_ahead_price,xgb_oof_train,peak,segment_model,2025-11-19 00:15:00,weekly,lag_4,0.008330770768225193
day_ahead_price,xgb_oof_train,peak,segment_model,2025-11-19 00:15:00,weekly,lag_96,0.012093214318156242
day_ahead_price,xgb_oof_train,peak,segment_model,2025-11-19 00:15:00,weekly,lag_192,0.01946287415921688
day_ahead_price,xgb_oof_train,peak,segment_model,2025-11-19 00:15:00,weekly,lag_672,0.008062202483415604
day_ahead_price,xgb_oof_train,peak,segment_model,2025-11-19 00:15:00,weekly,roll_mean_4,0.39020395278930664
day_ahead_price,xgb_oof_train,peak,segment_model,2025-11-19 00:15:00,weekly,roll_mean_16,0.03982260450720787
day_ahead_price,xgb_oof_train,peak,segment_model,2025-11-19 00:15:00,weekly,roll_mean_96,0.01054726168513298
day_ahead_price,xgb_oof_train,peak,segment_model,2025-11-19 00:15:00,weekly,roll_mean_672,0.005299778655171394
day_ahead_price,xgb_oof_train,peak,segment_model,2025-11-19 00:15:00,weekly,roll_std_96,0.007019284181296825
day_ahead_price,xgb_oof_train,peak,segment_model,2025-11-19 00:15:00,weekly,diff_1,0.012586397118866444
day_ahead_price,xgb_oof_train,peak,segment_model,2025-11-19 00:15:00,weekly,diff_96,0.008770128712058067
day_ahead_price,xgb_oof_train,peak,segment_model,2025-11-19 00:15:00,weekly,hour,0.008319065906107426
day_ahead_price,xgb_oof_train,peak,segment_model,2025-11-19 00:15:00,weekly,minute,0.003850142704322934
day_ahead_price,xgb_oof_train,peak,segment_model,2025-11-19 00:15:00,weekly,dayofweek,0.0028377713169902563
day_ahead_price,xgb_oof_train,peak,segment_model,2025-11-19 00:15:00,weekly,slot96,0.011185151524841785
day_ahead_price,xgb_oof_train,peak,segment_model,2025-11-19 00:15:00,weekly,sin_slot96,0.02509152702987194
day_ahead_price,xgb_oof_train,peak,segment_model,2025-11-19 00:15:00,weekly,cos_slot96,0.004657885525375605
day_ahead_price,xgb_oof_train,peak,segment_model,2025-11-19 00:15:00,weekly,is_holiday,0.004663454368710518
day_ahead_price,xgb_oof_train,peak,segment_model,2025-11-19 00:15:00,weekly,is_workday,0.00515720946714282
day_ahead_price,xgb_oof_train,peak,segment_model,2025-11-19 00:15:00,weekly,is_weekend,0.0
day_ahead_price,xgb_oof_train,peak,segment_model,2025-11-19 00:15:00,weekly,is_makeup_workday,0.0
day_ahead_price,xgb_oof_train,peak,segment_model,2025-11-19 00:15:00,weekly,before_holiday_1d,0.0
day_ahead_price,xgb_oof_train,peak,segment_model,2025-11-19 00:15:00,weekly,after_holiday_1d,0.0
day_ahead_price,xgb_oof_train,peak,segment_model,2025-11-19 00:15:00,weekly,holiday_name_Dragon Boat Festival,0.0
day_ahead_price,xgb_oof_train,peak,segment_model,2025-11-19 00:15:00,weekly,holiday_name_Labour Day,0.0
day_ahead_price,xgb_oof_train,peak,segment_model,2025-11-19 00:15:00,weekly,holiday_name_Mid-autumn Festival,0.0
day_ahead_price,xgb_oof_train,peak,segment_model,2025-11-19 00:15:00,weekly,holiday_name_National Day,0.02333257719874382
day_ahead_price,xgb_oof_train,peak,segment_model,2025-11-19 00:15:00,weekly,holiday_name_New Year's Day,0.0
day_ahead_price,xgb_oof_train,peak,segment_model,2025-11-19 00:15:00,weekly,holiday_name_None,0.0
day_ahead_price,xgb_oof_train,peak,segment_model,2025-11-19 00:15:00,weekly,holiday_name_Spring Festival,0.0
day_ahead_price,xgb_oof_train,peak,segment_model,2025-11-19 00:15:00,weekly,holiday_name_Tomb-sweeping Day,0.0
day_ahead_price,xgb_oof_train,global,global_model,2025-11-26 00:15:00,weekly,lag_1,0.5633114576339722
day_ahead_price,xgb_oof_train,global,global_model,2025-11-26 00:15:00,weekly,lag_2,0.012884070165455341
day_ahead_price,xgb_oof_train,global,global_model,2025-11-26 00:15:00,weekly,lag_4,0.007394632790237665
day_ahead_price,xgb_oof_train,global,global_model,2025-11-26 00:15:00,weekly,lag_96,0.0165293850004673
day_ahead_price,xgb_oof_train,global,global_model,2025-11-26 00:15:00,weekly,lag_192,0.008816178888082504
day_ahead_price,xgb_oof_train,global,global_model,2025-11-26 00:15:00,weekly,lag_672,0.013987742364406586
day_ahead_price,xgb_oof_train,global,global_model,2025-11-26 00:15:00,weekly,roll_mean_4,0.24965918064117432
day_ahead_price,xgb_oof_train,global,global_model,2025-11-26 00:15:00,weekly,roll_mean_16,0.006573343183845282
day_ahead_price,xgb_oof_train,global,global_model,2025-11-26 00:15:00,weekly,roll_mean_96,0.00941693875938654
day_ahead_price,xgb_oof_train,global,global_model,2025-11-26 00:15:00,weekly,roll_mean_672,0.012478644959628582
day_ahead_price,xgb_oof_train,global,global_model,2025-11-26 00:15:00,weekly,roll_std_96,0.007333568297326565
day_ahead_price,xgb_oof_train,global,global_model,2025-11-26 00:15:00,weekly,diff_1,0.010913431644439697
day_ahead_price,xgb_oof_train,global,global_model,2025-11-26 00:15:00,weekly,diff_96,0.01068637054413557
day_ahead_price,xgb_oof_train,global,global_model,2025-11-26 00:15:00,weekly,hour,0.003847841639071703
day_ahead_price,xgb_oof_train,global,global_model,2025-11-26 00:15:00,weekly,minute,0.01143628265708685
day_ahead_price,xgb_oof_train,global,global_model,2025-11-26 00:15:00,weekly,dayofweek,0.011450965888798237
day_ahead_price,xgb_oof_train,global,global_model,2025-11-26 00:15:00,weekly,slot96,0.014973433688282967
day_ahead_price,xgb_oof_train,global,global_model,2025-11-26 00:15:00,weekly,sin_slot96,0.012196075171232224
day_ahead_price,xgb_oof_train,global,global_model,2025-11-26 00:15:00,weekly,cos_slot96,0.010528610087931156
day_ahead_price,xgb_oof_train,global,global_model,2025-11-26 00:15:00,weekly,is_holiday,0.0
day_ahead_price,xgb_oof_train,global,global_model,2025-11-26 00:15:00,weekly,is_workday,0.0
day_ahead_price,xgb_oof_train,global,global_model,2025-11-26 00:15:00,weekly,is_weekend,0.0
day_ahead_price,xgb_oof_train,global,global_model,2025-11-26 00:15:00,weekly,is_makeup_workday,0.0
day_ahead_price,xgb_oof_train,global,global_model,2025-11-26 00:15:00,weekly,before_holiday_1d,0.001519576064310968
day_ahead_price,xgb_oof_train,global,global_model,2025-11-26 00:15:00,weekly,after_holiday_1d,0.0
day_ahead_price,xgb_oof_train,global,global_model,2025-11-26 00:15:00,weekly,holiday_name_Dragon Boat Festival,0.0
day_ahead_price,xgb_oof_train,global,global_model,2025-11-26 00:15:00,weekly,holiday_name_Labour Day,0.0
day_ahead_price,xgb_oof_train,global,global_model,2025-11-26 00:15:00,weekly,holiday_name_Mid-autumn Festival,0.0
day_ahead_price,xgb_oof_train,global,global_model,2025-11-26 00:15:00,weekly,holiday_name_National Day,0.004062228370457888
day_ahead_price,xgb_oof_train,global,global_model,2025-11-26 00:15:00,weekly,holiday_name_New Year's Day,0.0
day_ahead_price,xgb_oof_train,global,global_model,2025-11-26 00:15:00,weekly,holiday_name_None,0.0
day_ahead_price,xgb_oof_train,global,global_model,2025-11-26 00:15:00,weekly,holiday_name_Spring Festival,0.0
day_ahead_price,xgb_oof_train,global,global_model,2025-11-26 00:15:00,weekly,holiday_name_Tomb-sweeping Day,0.0
day_ahead_price,xgb_oof_train,valley,segment_model,2025-11-26 00:15:00,weekly,lag_1,0.5161563158035278
day_ahead_price,xgb_oof_train,valley,segment_model,2025-11-26 00:15:00,weekly,lag_2,0.04292324185371399
day_ahead_price,xgb_oof_train,valley,segment_model,2025-11-26 00:15:00,weekly,lag_4,0.006527397315949202
day_ahead_price,xgb_oof_train,valley,segment_model,2025-11-26 00:15:00,weekly,lag_96,0.011195959523320198
day_ahead_price,xgb_oof_train,valley,segment_model,2025-11-26 00:15:00,weekly,lag_192,0.01232362911105156
day_ahead_price,xgb_oof_train,valley,segment_model,2025-11-26 00:15:00,weekly,lag_672,0.019116608425974846
day_ahead_price,xgb_oof_train,valley,segment_model,2025-11-26 00:15:00,weekly,roll_mean_4,0.23024940490722656
day_ahead_price,xgb_oof_train,valley,segment_model,2025-11-26 00:15:00,weekly,roll_mean_16,0.009772945195436478
day_ahead_price,xgb_oof_train,valley,segment_model,2025-11-26 00:15:00,weekly,roll_mean_96,0.0071118795312941074
day_ahead_price,xgb_oof_train,valley,segment_model,2025-11-26 00:15:00,weekly,roll_mean_672,0.008294268511235714
day_ahead_price,xgb_oof_train,valley,segment_model,2025-11-26 00:15:00,weekly,roll_std_96,0.017208943143486977
day_ahead_price,xgb_oof_train,valley,segment_model,2025-11-26 00:15:00,weekly,diff_1,0.013743502087891102
day_ahead_price,xgb_oof_train,valley,segment_model,2025-11-26 00:15:00,weekly,diff_96,0.008676530793309212
day_ahead_price,xgb_oof_train,valley,segment_model,2025-11-26 00:15:00,weekly,hour,0.02749018743634224
day_ahead_price,xgb_oof_train,valley,segment_model,2025-11-26 00:15:00,weekly,minute,0.01686541549861431
day_ahead_price,xgb_oof_train,valley,segment_model,2025-11-26 00:15:00,weekly,dayofweek,0.00991705060005188
day_ahead_price,xgb_oof_train,valley,segment_model,2025-11-26 00:15:00,weekly,slot96,0.017112532630562782
day_ahead_price,xgb_oof_train,valley,segment_model,2025-11-26 00:15:00,weekly,sin_slot96,0.008645575493574142
day_ahead_price,xgb_oof_train,valley,segment_model,2025-11-26 00:15:00,weekly,cos_slot96,0.004144448321312666
day_ahead_price,xgb_oof_train,valley,segment_model,2025-11-26 00:15:00,weekly,is_holiday,0.0
day_ahead_price,xgb_oof_train,valley,segment_model,2025-11-26 00:15:00,weekly,is_workday,0.0
day_ahead_price,xgb_oof_train,valley,segment_model,2025-11-26 00:15:00,weekly,is_weekend,0.0
day_ahead_price,xgb_oof_train,valley,segment_model,2025-11-26 00:15:00,weekly,is_makeup_workday,0.0
day_ahead_price,xgb_oof_train,valley,segment_model,2025-11-26 00:15:00,weekly,before_holiday_1d,0.008556392043828964
day_ahead_price,xgb_oof_train,valley,segment_model,2025-11-26 00:15:00,weekly,after_holiday_1d,0.0
day_ahead_price,xgb_oof_train,valley,segment_model,2025-11-26 00:15:00,weekly,holiday_name_Dragon Boat Festival,0.0
day_ahead_price,xgb_oof_train,valley,segment_model,2025-11-26 00:15:00,weekly,holiday_name_Labour Day,0.0
day_ahead_price,xgb_oof_train,valley,segment_model,2025-11-26 00:15:00,weekly,holiday_name_Mid-autumn Festival,0.0
day_ahead_price,xgb_oof_train,valley,segment_model,2025-11-26 00:15:00,weekly,holiday_name_National Day,0.0
day_ahead_price,xgb_oof_train,valley,segment_model,2025-11-26 00:15:00,weekly,holiday_name_New Year's Day,0.0
day_ahead_price,xgb_oof_train,valley,segment_model,2025-11-26 00:15:00,weekly,holiday_name_None,0.00396773312240839
day_ahead_price,xgb_oof_train,valley,segment_model,2025-11-26 00:15:00,weekly,holiday_name_Spring Festival,0.0
day_ahead_price,xgb_oof_train,valley,segment_model,2025-11-26 00:15:00,weekly,holiday_name_Tomb-sweeping Day,0.0
day_ahead_price,xgb_oof_train,flat,segment_model,2025-11-26 00:15:00,weekly,lag_1,0.5411781668663025
day_ahead_price,xgb_oof_train,flat,segment_model,2025-11-26 00:15:00,weekly,lag_2,0.019211262464523315
day_ahead_price,xgb_oof_train,flat,segment_model,2025-11-26 00:15:00,weekly,lag_4,0.007175755221396685
day_ahead_price,xgb_oof_train,flat,segment_model,2025-11-26 00:15:00,weekly,lag_96,0.025390660390257835
day_ahead_price,xgb_oof_train,flat,segment_model,2025-11-26 00:15:00,weekly,lag_192,0.006386162247508764
day_ahead_price,xgb_oof_train,flat,segment_model,2025-11-26 00:15:00,weekly,lag_672,0.015571045689284801
day_ahead_price,xgb_oof_train,flat,segment_model,2025-11-26 00:15:00,weekly,roll_mean_4,0.19165508449077606
day_ahead_price,xgb_oof_train,flat,segment_model,2025-11-26 00:15:00,weekly,roll_mean_16,0.010281129740178585
day_ahead_price,xgb_oof_train,flat,segment_model,2025-11-26 00:15:00,weekly,roll_mean_96,0.009686857461929321
day_ahead_price,xgb_oof_train,flat,segment_model,2025-11-26 00:15:00,weekly,roll_mean_672,0.010886510834097862
day_ahead_price,xgb_oof_train,flat,segment_model,2025-11-26 00:15:00,weekly,roll_std_96,0.007253064773976803
day_ahead_price,xgb_oof_train,flat,segment_model,2025-11-26 00:15:00,weekly,diff_1,0.016167649999260902
day_ahead_price,xgb_oof_train,flat,segment_model,2025-11-26 00:15:00,weekly,diff_96,0.013519096188247204
day_ahead_price,xgb_oof_train,flat,segment_model,2025-11-26 00:15:00,weekly,hour,0.011494231410324574
day_ahead_price,xgb_oof_train,flat,segment_model,2025-11-26 00:15:00,weekly,minute,0.023849185556173325
day_ahead_price,xgb_oof_train,flat,segment_model,2025-11-26 00:15:00,weekly,dayofweek,0.0069158123806118965
day_ahead_price,xgb_oof_train,flat,segment_model,2025-11-26 00:15:00,weekly,slot96,0.008431450463831425
day_ahead_price,xgb_oof_train,flat,segment_model,2025-11-26 00:15:00,weekly,sin_slot96,0.050995755940675735
day_ahead_price,xgb_oof_train,flat,segment_model,2025-11-26 00:15:00,weekly,cos_slot96,0.006850610952824354
day_ahead_price,xgb_oof_train,flat,segment_model,2025-11-26 00:15:00,weekly,is_holiday,0.00731402775272727
day_ahead_price,xgb_oof_train,flat,segment_model,2025-11-26 00:15:00,weekly,is_workday,0.0
day_ahead_price,xgb_oof_train,flat,segment_model,2025-11-26 00:15:00,weekly,is_weekend,0.0
day_ahead_price,xgb_oof_train,flat,segment_model,2025-11-26 00:15:00,weekly,is_makeup_workday,0.0006426680483855307
day_ahead_price,xgb_oof_train,flat,segment_model,2025-11-26 00:15:00,weekly,before_holiday_1d,0.009143771603703499
day_ahead_price,xgb_oof_train,flat,segment_model,2025-11-26 00:15:00,weekly,after_holiday_1d,0.0
day_ahead_price,xgb_oof_train,flat,segment_model,2025-11-26 00:15:00,weekly,holiday_name_Dragon Boat Festival,0.0
day_ahead_price,xgb_oof_train,flat,segment_model,2025-11-26 00:15:00,weekly,holiday_name_Labour Day,0.0
day_ahead_price,xgb_oof_train,flat,segment_model,2025-11-26 00:15:00,weekly,holiday_name_Mid-autumn Festival,0.0
day_ahead_price,xgb_oof_train,flat,segment_model,2025-11-26 00:15:00,weekly,holiday_name_National Day,0.0
day_ahead_price,xgb_oof_train,flat,segment_model,2025-11-26 00:15:00,weekly,holiday_name_New Year's Day,0.0
day_ahead_price,xgb_oof_train,flat,segment_model,2025-11-26 00:15:00,weekly,holiday_name_None,0.0
day_ahead_price,xgb_oof_train,flat,segment_model,2025-11-26 00:15:00,weekly,holiday_name_Spring Festival,0.0
day_ahead_price,xgb_oof_train,flat,segment_model,2025-11-26 00:15:00,weekly,holiday_name_Tomb-sweeping Day,0.0
day_ahead_price,xgb_oof_train,peak,segment_model,2025-11-26 00:15:00,weekly,lag_1,0.4174916446208954
day_ahead_price,xgb_oof_train,peak,segment_model,2025-11-26 00:15:00,weekly,lag_2,0.014808920212090015
day_ahead_price,xgb_oof_train,peak,segment_model,2025-11-26 00:15:00,weekly,lag_4,0.00862071942538023
day_ahead_price,xgb_oof_train,peak,segment_model,2025-11-26 00:15:00,weekly,lag_96,0.011125936172902584
day_ahead_price,xgb_oof_train,peak,segment_model,2025-11-26 00:15:00,weekly,lag_192,0.020025741308927536
day_ahead_price,xgb_oof_train,peak,segment_model,2025-11-26 00:15:00,weekly,lag_672,0.008417961187660694
day_ahead_price,xgb_oof_train,peak,segment_model,2025-11-26 00:15:00,weekly,roll_mean_4,0.3234577476978302
day_ahead_price,xgb_oof_train,peak,segment_model,2025-11-26 00:15:00,weekly,roll_mean_16,0.049064185470342636
day_ahead_price,xgb_oof_train,peak,segment_model,2025-11-26 00:15:00,weekly,roll_mean_96,0.010279389098286629
day_ahead_price,xgb_oof_train,peak,segment_model,2025-11-26 00:15:00,weekly,roll_mean_672,0.003936438355594873
day_ahead_price,xgb_oof_train,peak,segment_model,2025-11-26 00:15:00,weekly,roll_std_96,0.007906215265393257
day_ahead_price,xgb_oof_train,peak,segment_model,2025-11-26 00:15:00,weekly,diff_1,0.013899064622819424
day_ahead_price,xgb_oof_train,peak,segment_model,2025-11-26 00:15:00,weekly,diff_96,0.007826610468327999
day_ahead_price,xgb_oof_train,peak,segment_model,2025-11-26 00:15:00,weekly,hour,0.01200579572468996
day_ahead_price,xgb_oof_train,peak,segment_model,2025-11-26 00:15:00,weekly,minute,0.005028828512877226
day_ahead_price,xgb_oof_train,peak,segment_model,2025-11-26 00:15:00,weekly,dayofweek,0.002009737305343151
day_ahead_price,xgb_oof_train,peak,segment_model,2025-11-26 00:15:00,weekly,slot96,0.013546932488679886
day_ahead_price,xgb_oof_train,peak,segment_model,2025-11-26 00:15:00,weekly,sin_slot96,0.022055624052882195
day_ahead_price,xgb_oof_train,peak,segment_model,2025-11-26 00:15:00,weekly,cos_slot96,0.004378753714263439
day_ahead_price,xgb_oof_train,peak,segment_model,2025-11-26 00:15:00,weekly,is_holiday,0.0074205598793923855
day_ahead_price,xgb_oof_train,peak,segment_model,2025-11-26 00:15:00,weekly,is_workday,0.0022683681454509497
day_ahead_price,xgb_oof_train,peak,segment_model,2025-11-26 00:15:00,weekly,is_weekend,0.0
day_ahead_price,xgb_oof_train,peak,segment_model,2025-11-26 00:15:00,weekly,is_makeup_workday,0.0
day_ahead_price,xgb_oof_train,peak,segment_model,2025-11-26 00:15:00,weekly,before_holiday_1d,0.00014427553105633706
day_ahead_price,xgb_oof_train,peak,segment_model,2025-11-26 00:15:00,weekly,after_holiday_1d,0.002918785670772195
day_ahead_price,xgb_oof_train,peak,segment_model,2025-11-26 00:15:00,weekly,holiday_name_Dragon Boat Festival,0.0
day_ahead_price,xgb_oof_train,peak,segment_model,2025-11-26 00:15:00,weekly,holiday_name_Labour Day,0.0
day_ahead_price,xgb_oof_train,peak,segment_model,2025-11-26 00:15:00,weekly,holiday_name_Mid-autumn Festival,0.0
day_ahead_price,xgb_oof_train,peak,segment_model,2025-11-26 00:15:00,weekly,holiday_name_National Day,0.031361836940050125
day_ahead_price,xgb_oof_train,peak,segment_model,2025-11-26 00:15:00,weekly,holiday_name_New Year's Day,0.0
day_ahead_price,xgb_oof_train,peak,segment_model,2025-11-26 00:15:00,weekly,holiday_name_None,0.0
day_ahead_price,xgb_oof_train,peak,segment_model,2025-11-26 00:15:00,weekly,holiday_name_Spring Festival,0.0
day_ahead_price,xgb_oof_train,peak,segment_model,2025-11-26 00:15:00,weekly,holiday_name_Tomb-sweeping Day,0.0
day_ahead_price,xgb_oof_train,global,global_model,2025-12-03 00:15:00,weekly,lag_1,0.5746164321899414
day_ahead_price,xgb_oof_train,global,global_model,2025-12-03 00:15:00,weekly,lag_2,0.012336899526417255
day_ahead_price,xgb_oof_train,global,global_model,2025-12-03 00:15:00,weekly,lag_4,0.005829440429806709
day_ahead_price,xgb_oof_train,global,global_model,2025-12-03 00:15:00,weekly,lag_96,0.014933797530829906
day_ahead_price,xgb_oof_train,global,global_model,2025-12-03 00:15:00,weekly,lag_192,0.009063689969480038
day_ahead_price,xgb_oof_train,global,global_model,2025-12-03 00:15:00,weekly,lag_672,0.016138557344675064
day_ahead_price,xgb_oof_train,global,global_model,2025-12-03 00:15:00,weekly,roll_mean_4,0.24447520077228546
day_ahead_price,xgb_oof_train,global,global_model,2025-12-03 00:15:00,weekly,roll_mean_16,0.007111845072358847
day_ahead_price,xgb_oof_train,global,global_model,2025-12-03 00:15:00,weekly,roll_mean_96,0.007746430113911629
day_ahead_price,xgb_oof_train,global,global_model,2025-12-03 00:15:00,weekly,roll_mean_672,0.007238476537168026
day_ahead_price,xgb_oof_train,global,global_model,2025-12-03 00:15:00,weekly,roll_std_96,0.0076432013884186745
day_ahead_price,xgb_oof_train,global,global_model,2025-12-03 00:15:00,weekly,diff_1,0.01096075214445591
day_ahead_price,xgb_oof_train,global,global_model,2025-12-03 00:15:00,weekly,diff_96,0.01045012753456831
day_ahead_price,xgb_oof_train,global,global_model,2025-12-03 00:15:00,weekly,hour,0.004778683185577393
day_ahead_price,xgb_oof_train,global,global_model,2025-12-03 00:15:00,weekly,minute,0.016319798305630684
day_ahead_price,xgb_oof_train,global,global_model,2025-12-03 00:15:00,weekly,dayofweek,0.006836526561528444
day_ahead_price,xgb_oof_train,global,global_model,2025-12-03 00:15:00,weekly,slot96,0.011151201091706753
day_ahead_price,xgb_oof_train,global,global_model,2025-12-03 00:15:00,weekly,sin_slot96,0.012198350392282009
day_ahead_price,xgb_oof_train,global,global_model,2025-12-03 00:15:00,weekly,cos_slot96,0.013148746453225613
day_ahead_price,xgb_oof_train,global,global_model,2025-12-03 00:15:00,weekly,is_holiday,0.0
day_ahead_price,xgb_oof_train,global,global_model,2025-12-03 00:15:00,weekly,is_workday,0.0
day_ahead_price,xgb_oof_train,global,global_model,2025-12-03 00:15:00,weekly,is_weekend,0.0
day_ahead_price,xgb_oof_train,global,global_model,2025-12-03 00:15:00,weekly,is_makeup_workday,0.0
day_ahead_price,xgb_oof_train,global,global_model,2025-12-03 00:15:00,weekly,before_holiday_1d,0.0014098879182711244
day_ahead_price,xgb_oof_train,global,global_model,2025-12-03 00:15:00,weekly,after_holiday_1d,0.0
day_ahead_price,xgb_oof_train,global,global_model,2025-12-03 00:15:00,weekly,holiday_name_Dragon Boat Festival,0.0
day_ahead_price,xgb_oof_train,global,global_model,2025-12-03 00:15:00,weekly,holiday_name_Labour Day,0.0
day_ahead_price,xgb_oof_train,global,global_model,2025-12-03 00:15:00,weekly,holiday_name_Mid-autumn Festival,0.0
day_ahead_price,xgb_oof_train,global,global_model,2025-12-03 00:15:00,weekly,holiday_name_National Day,0.0056119137443602085
day_ahead_price,xgb_oof_train,global,global_model,2025-12-03 00:15:00,weekly,holiday_name_New Year's Day,0.0
day_ahead_price,xgb_oof_train,global,global_model,2025-12-03 00:15:00,weekly,holiday_name_None,0.0
day_ahead_price,xgb_oof_train,global,global_model,2025-12-03 00:15:00,weekly,holiday_name_Spring Festival,0.0
day_ahead_price,xgb_oof_train,global,global_model,2025-12-03 00:15:00,weekly,holiday_name_Tomb-sweeping Day,0.0
day_ahead_price,xgb_oof_train,valley,segment_model,2025-12-03 00:15:00,weekly,lag_1,0.5079234838485718
day_ahead_price,xgb_oof_train,valley,segment_model,2025-12-03 00:15:00,weekly,lag_2,0.04361630603671074
day_ahead_price,xgb_oof_train,valley,segment_model,2025-12-03 00:15:00,weekly,lag_4,0.008427112363278866
day_ahead_price,xgb_oof_train,valley,segment_model,2025-12-03 00:15:00,weekly,lag_96,0.01241169311106205
day_ahead_price,xgb_oof_train,valley,segment_model,2025-12-03 00:15:00,weekly,lag_192,0.012231246568262577
day_ahead_price,xgb_oof_train,valley,segment_model,2025-12-03 00:15:00,weekly,lag_672,0.016736099496483803
day_ahead_price,xgb_oof_train,valley,segment_model,2025-12-03 00:15:00,weekly,roll_mean_4,0.25298231840133667
day_ahead_price,xgb_oof_train,valley,segment_model,2025-12-03 00:15:00,weekly,roll_mean_16,0.00894815381616354
day_ahead_price,xgb_oof_train,valley,segment_model,2025-12-03 00:15:00,weekly,roll_mean_96,0.0070600006729364395
day_ahead_price,xgb_oof_train,valley,segment_model,2025-12-03 00:15:00,weekly,roll_mean_672,0.008641389198601246
day_ahead_price,xgb_oof_train,valley,segment_model,2025-12-03 00:15:00,weekly,roll_std_96,0.013836397789418697
day_ahead_price,xgb_oof_train,valley,segment_model,2025-12-03 00:15:00,weekly,diff_1,0.015917282551527023
day_ahead_price,xgb_oof_train,valley,segment_model,2025-12-03 00:15:00,weekly,diff_96,0.007337547373026609
day_ahead_price,xgb_oof_train,valley,segment_model,2025-12-03 00:15:00,weekly,hour,0.009734759107232094
day_ahead_price,xgb_oof_train,valley,segment_model,2025-12-03 00:15:00,weekly,minute,0.015532169491052628
day_ahead_price,xgb_oof_train,valley,segment_model,2025-12-03 00:15:00,weekly,dayofweek,0.009507298469543457
day_ahead_price,xgb_oof_train,valley,segment_model,2025-12-03 00:15:00,weekly,slot96,0.017691463232040405
day_ahead_price,xgb_oof_train,valley,segment_model,2025-12-03 00:15:00,weekly,sin_slot96,0.009002046659588814
day_ahead_price,xgb_oof_train,valley,segment_model,2025-12-03 00:15:00,weekly,cos_slot96,0.008561210706830025
day_ahead_price,xgb_oof_train,valley,segment_model,2025-12-03 00:15:00,weekly,is_holiday,0.0
day_ahead_price,xgb_oof_train,valley,segment_model,2025-12-03 00:15:00,weekly,is_workday,0.0
day_ahead_price,xgb_oof_train,valley,segment_model,2025-12-03 00:15:00,weekly,is_weekend,0.0
day_ahead_price,xgb_oof_train,valley,segment_model,2025-12-03 00:15:00,weekly,is_makeup_workday,0.0
day_ahead_price,xgb_oof_train,valley,segment_model,2025-12-03 00:15:00,weekly,before_holiday_1d,0.005074610468000174
day_ahead_price,xgb_oof_train,valley,segment_model,2025-12-03 00:15:00,weekly,after_holiday_1d,0.0018158514285460114
day_ahead_price,xgb_oof_train,valley,segment_model,2025-12-03 00:15:00,weekly,holiday_name_Dragon Boat Festival,0.0
day_ahead_price,xgb_oof_train,valley,segment_model,2025-12-03 00:15:00,weekly,holiday_name_Labour Day,0.0
day_ahead_price,xgb_oof_train,valley,segment_model,2025-12-03 00:15:00,weekly,holiday_name_Mid-autumn Festival,0.0
day_ahead_price,xgb_oof_train,valley,segment_model,2025-12-03 00:15:00,weekly,holiday_name_National Day,0.0032974223140627146
day_ahead_price,xgb_oof_train,valley,segment_model,2025-12-03 00:15:00,weekly,holiday_name_New Year's Day,0.0
day_ahead_price,xgb_oof_train,valley,segment_model,2025-12-03 00:15:00,weekly,holiday_name_None,0.003714099060744047
day_ahead_price,xgb_oof_train,valley,segment_model,2025-12-03 00:15:00,weekly,holiday_name_Spring Festival,0.0
day_ahead_price,xgb_oof_train,valley,segment_model,2025-12-03 00:15:00,weekly,holiday_name_Tomb-sweeping Day,0.0
day_ahead_price,xgb_oof_train,flat,segment_model,2025-12-03 00:15:00,weekly,lag_1,0.5326067805290222
day_ahead_price,xgb_oof_train,flat,segment_model,2025-12-03 00:15:00,weekly,lag_2,0.02294054999947548
day_ahead_price,xgb_oof_train,flat,segment_model,2025-12-03 00:15:00,weekly,lag_4,0.00773406820371747
day_ahead_price,xgb_oof_train,flat,segment_model,2025-12-03 00:15:00,weekly,lag_96,0.025596873834729195
day_ahead_price,xgb_oof_train,flat,segment_model,2025-12-03 00:15:00,weekly,lag_192,0.006182470358908176
day_ahead_price,xgb_oof_train,flat,segment_model,2025-12-03 00:15:00,weekly,lag_672,0.017871376127004623
day_ahead_price,xgb_oof_train,flat,segment_model,2025-12-03 00:15:00,weekly,roll_mean_4,0.18359841406345367
day_ahead_price,xgb_oof_train,flat,segment_model,2025-12-03 00:15:00,weekly,roll_mean_16,0.012300632894039154
day_ahead_price,xgb_oof_train,flat,segment_model,2025-12-03 00:15:00,weekly,roll_mean_96,0.011059590615332127
day_ahead_price,xgb_oof_train,flat,segment_model,2025-12-03 00:15:00,weekly,roll_mean_672,0.011839118786156178
day_ahead_price,xgb_oof_train,flat,segment_model,2025-12-03 00:15:00,weekly,roll_std_96,0.005479442421346903
day_ahead_price,xgb_oof_train,flat,segment_model,2025-12-03 00:15:00,weekly,diff_1,0.017822008579969406
day_ahead_price,xgb_oof_train,flat,segment_model,2025-12-03 00:15:00,weekly,diff_96,0.009705639444291592
day_ahead_price,xgb_oof_train,flat,segment_model,2025-12-03 00:15:00,weekly,hour,0.012961640022695065
day_ahead_price,xgb_oof_train,flat,segment_model,2025-12-03 00:15:00,weekly,minute,0.025735890492796898
day_ahead_price,xgb_oof_train,flat,segment_model,2025-12-03 00:15:00,weekly,dayofweek,0.011269647628068924
day_ahead_price,xgb_oof_train,flat,segment_model,2025-12-03 00:15:00,weekly,slot96,0.009301121346652508
day_ahead_price,xgb_oof_train,flat,segment_model,2025-12-03 00:15:00,weekly,sin_slot96,0.046931952238082886
day_ahead_price,xgb_oof_train,flat,segment_model,2025-12-03 00:15:00,weekly,cos_slot96,0.0066391522996127605
day_ahead_price,xgb_oof_train,flat,segment_model,2025-12-03 00:15:00,weekly,is_holiday,0.014192949049174786
day_ahead_price,xgb_oof_train,flat,segment_model,2025-12-03 00:15:00,weekly,is_workday,0.0
day_ahead_price,xgb_oof_train,flat,segment_model,2025-12-03 00:15:00,weekly,is_weekend,0.0
day_ahead_price,xgb_oof_train,flat,segment_model,2025-12-03 00:15:00,weekly,is_makeup_workday,0.0015659021446481347
day_ahead_price,xgb_oof_train,flat,segment_model,2025-12-03 00:15:00,weekly,before_holiday_1d,0.00633796164765954
day_ahead_price,xgb_oof_train,flat,segment_model,2025-12-03 00:15:00,weekly,after_holiday_1d,0.0
day_ahead_price,xgb_oof_train,flat,segment_model,2025-12-03 00:15:00,weekly,holiday_name_Dragon Boat Festival,0.0
day_ahead_price,xgb_oof_train,flat,segment_model,2025-12-03 00:15:00,weekly,holiday_name_Labour Day,0.0
day_ahead_price,xgb_oof_train,flat,segment_model,2025-12-03 00:15:00,weekly,holiday_name_Mid-autumn Festival,0.00014273937267716974
day_ahead_price,xgb_oof_train,flat,segment_model,2025-12-03 00:15:00,weekly,holiday_name_National Day,0.0001841582852648571
day_ahead_price,xgb_oof_train,flat,segment_model,2025-12-03 00:15:00,weekly,holiday_name_New Year's Day,0.0
day_ahead_price,xgb_oof_train,flat,segment_model,2025-12-03 00:15:00,weekly,holiday_name_None,0.0
day_ahead_price,xgb_oof_train,flat,segment_model,2025-12-03 00:15:00,weekly,holiday_name_Spring Festival,0.0
day_ahead_price,xgb_oof_train,flat,segment_model,2025-12-03 00:15:00,weekly,holiday_name_Tomb-sweeping Day,0.0
day_ahead_price,xgb_oof_train,peak,segment_model,2025-12-03 00:15:00,weekly,lag_1,0.33954519033432007
day_ahead_price,xgb_oof_train,peak,segment_model,2025-12-03 00:15:00,weekly,lag_2,0.0128482636064291
day_ahead_price,xgb_oof_train,peak,segment_model,2025-12-03 00:15:00,weekly,lag_4,0.00799101684242487
day_ahead_price,xgb_oof_train,peak,segment_model,2025-12-03 00:15:00,weekly,lag_96,0.011404677294194698
day_ahead_price,xgb_oof_train,peak,segment_model,2025-12-03 00:15:00,weekly,lag_192,0.021803900599479675
day_ahead_price,xgb_oof_train,peak,segment_model,2025-12-03 00:15:00,weekly,lag_672,0.006609801203012466
day_ahead_price,xgb_oof_train,peak,segment_model,2025-12-03 00:15:00,weekly,roll_mean_4,0.4237365126609802
day_ahead_price,xgb_oof_train,peak,segment_model,2025-12-03 00:15:00,weekly,roll_mean_16,0.020864877849817276
day_ahead_price,xgb_oof_train,peak,segment_model,2025-12-03 00:15:00,weekly,roll_mean_96,0.011879446916282177
day_ahead_price,xgb_oof_train,peak,segment_model,2025-12-03 00:15:00,weekly,roll_mean_672,0.005076504312455654
day_ahead_price,xgb_oof_train,peak,segment_model,2025-12-03 00:15:00,weekly,roll_std_96,0.0042837695218622684
day_ahead_price,xgb_oof_train,peak,segment_model,2025-12-03 00:15:00,weekly,diff_1,0.013631337322294712
day_ahead_price,xgb_oof_train,peak,segment_model,2025-12-03 00:15:00,weekly,diff_96,0.009013466536998749
day_ahead_price,xgb_oof_train,peak,segment_model,2025-12-03 00:15:00,weekly,hour,0.009640957228839397
day_ahead_price,xgb_oof_train,peak,segment_model,2025-12-03 00:15:00,weekly,minute,0.003822069615125656
day_ahead_price,xgb_oof_train,peak,segment_model,2025-12-03 00:15:00,weekly,dayofweek,0.007991869002580643
day_ahead_price,xgb_oof_train,peak,segment_model,2025-12-03 00:15:00,weekly,slot96,0.010782074183225632
day_ahead_price,xgb_oof_train,peak,segment_model,2025-12-03 00:15:00,weekly,sin_slot96,0.020033571869134903
day_ahead_price,xgb_oof_train,peak,segment_model,2025-12-03 00:15:00,weekly,cos_slot96,0.00532675301656127
day_ahead_price,xgb_oof_train,peak,segment_model,2025-12-03 00:15:00,weekly,is_holiday,0.007112645544111729
day_ahead_price,xgb_oof_train,peak,segment_model,2025-12-03 00:15:00,weekly,is_workday,0.0
day_ahead_price,xgb_oof_train,peak,segment_model,2025-12-03 00:15:00,weekly,is_weekend,0.0005380311631597579
day_ahead_price,xgb_oof_train,peak,segment_model,2025-12-03 00:15:00,weekly,is_makeup_workday,0.002540272893384099
day_ahead_price,xgb_oof_train,peak,segment_model,2025-12-03 00:15:00,weekly,before_holiday_1d,5.639330265694298e-05
day_ahead_price,xgb_oof_train,peak,segment_model,2025-12-03 00:15:00,weekly,after_holiday_1d,0.019429432228207588
day_ahead_price,xgb_oof_train,peak,segment_model,2025-12-03 00:15:00,weekly,holiday_name_Dragon Boat Festival,0.0
day_ahead_price,xgb_oof_train,peak,segment_model,2025-12-03 00:15:00,weekly,holiday_name_Labour Day,0.0
day_ahead_price,xgb_oof_train,peak,segment_model,2025-12-03 00:15:00,weekly,holiday_name_Mid-autumn Festival,0.0
day_ahead_price,xgb_oof_train,peak,segment_model,2025-12-03 00:15:00,weekly,holiday_name_National Day,0.024037161841988564
day_ahead_price,xgb_oof_train,peak,segment_model,2025-12-03 00:15:00,weekly,holiday_name_New Year's Day,0.0
day_ahead_price,xgb_oof_train,peak,segment_model,2025-12-03 00:15:00,weekly,holiday_name_None,0.0
day_ahead_price,xgb_oof_train,peak,segment_model,2025-12-03 00:15:00,weekly,holiday_name_Spring Festival,0.0
day_ahead_price,xgb_oof_train,peak,segment_model,2025-12-03 00:15:00,weekly,holiday_name_Tomb-sweeping Day,0.0
day_ahead_price,xgb_oof_train,global,global_model,2025-12-10 00:15:00,weekly,lag_1,0.56796795129776
day_ahead_price,xgb_oof_train,global,global_model,2025-12-10 00:15:00,weekly,lag_2,0.012113915756344795
day_ahead_price,xgb_oof_train,global,global_model,2025-12-10 00:15:00,weekly,lag_4,0.00486051244661212
day_ahead_price,xgb_oof_train,global,global_model,2025-12-10 00:15:00,weekly,lag_96,0.016473764553666115
day_ahead_price,xgb_oof_train,global,global_model,2025-12-10 00:15:00,weekly,lag_192,0.009181283414363861
day_ahead_price,xgb_oof_train,global,global_model,2025-12-10 00:15:00,weekly,lag_672,0.009906629100441933
day_ahead_price,xgb_oof_train,global,global_model,2025-12-10 00:15:00,weekly,roll_mean_4,0.23278489708900452
day_ahead_price,xgb_oof_train,global,global_model,2025-12-10 00:15:00,weekly,roll_mean_16,0.005014390219002962
day_ahead_price,xgb_oof_train,global,global_model,2025-12-10 00:15:00,weekly,roll_mean_96,0.008173937909305096
day_ahead_price,xgb_oof_train,global,global_model,2025-12-10 00:15:00,weekly,roll_mean_672,0.006532325409352779
day_ahead_price,xgb_oof_train,global,global_model,2025-12-10 00:15:00,weekly,roll_std_96,0.00759485550224781
day_ahead_price,xgb_oof_train,global,global_model,2025-12-10 00:15:00,weekly,diff_1,0.011606662534177303
day_ahead_price,xgb_oof_train,global,global_model,2025-12-10 00:15:00,weekly,diff_96,0.011439098976552486
day_ahead_price,xgb_oof_train,global,global_model,2025-12-10 00:15:00,weekly,hour,0.004160144366323948
day_ahead_price,xgb_oof_train,global,global_model,2025-12-10 00:15:00,weekly,minute,0.021405914798378944
day_ahead_price,xgb_oof_train,global,global_model,2025-12-10 00:15:00,weekly,dayofweek,0.0073621999472379684
day_ahead_price,xgb_oof_train,global,global_model,2025-12-10 00:15:00,weekly,slot96,0.014302235096693039
day_ahead_price,xgb_oof_train,global,global_model,2025-12-10 00:15:00,weekly,sin_slot96,0.014088492840528488
day_ahead_price,xgb_oof_train,global,global_model,2025-12-10 00:15:00,weekly,cos_slot96,0.011395713314414024
day_ahead_price,xgb_oof_train,global,global_model,2025-12-10 00:15:00,weekly,is_holiday,0.014501146972179413
day_ahead_price,xgb_oof_train,global,global_model,2025-12-10 00:15:00,weekly,is_workday,0.0
day_ahead_price,xgb_oof_train,global,global_model,2025-12-10 00:15:00,weekly,is_weekend,0.0
day_ahead_price,xgb_oof_train,global,global_model,2025-12-10 00:15:00,weekly,is_makeup_workday,0.0
day_ahead_price,xgb_oof_train,global,global_model,2025-12-10 00:15:00,weekly,before_holiday_1d,0.002955374773591757
day_ahead_price,xgb_oof_train,global,global_model,2025-12-10 00:15:00,weekly,after_holiday_1d,0.0
day_ahead_price,xgb_oof_train,global,global_model,2025-12-10 00:15:00,weekly,holiday_name_Dragon Boat Festival,0.0
day_ahead_price,xgb_oof_train,global,global_model,2025-12-10 00:15:00,weekly,holiday_name_Labour Day,0.0
day_ahead_price,xgb_oof_train,global,global_model,2025-12-10 00:15:00,weekly,holiday_name_Mid-autumn Festival,0.0
day_ahead_price,xgb_oof_train,global,global_model,2025-12-10 00:15:00,weekly,holiday_name_National Day,0.006178596988320351
day_ahead_price,xgb_oof_train,global,global_model,2025-12-10 00:15:00,weekly,holiday_name_New Year's Day,0.0
day_ahead_price,xgb_oof_train,global,global_model,2025-12-10 00:15:00,weekly,holiday_name_None,0.0
day_ahead_price,xgb_oof_train,global,global_model,2025-12-10 00:15:00,weekly,holiday_name_Spring Festival,0.0
day_ahead_price,xgb_oof_train,global,global_model,2025-12-10 00:15:00,weekly,holiday_name_Tomb-sweeping Day,0.0
day_ahead_price,xgb_oof_train,valley,segment_model,2025-12-10 00:15:00,weekly,lag_1,0.48126640915870667
day_ahead_price,xgb_oof_train,valley,segment_model,2025-12-10 00:15:00,weekly,lag_2,0.05470928177237511
day_ahead_price,xgb_oof_train,valley,segment_model,2025-12-10 00:15:00,weekly,lag_4,0.006108671892434359
day_ahead_price,xgb_oof_train,valley,segment_model,2025-12-10 00:15:00,weekly,lag_96,0.012239549309015274
day_ahead_price,xgb_oof_train,valley,segment_model,2025-12-10 00:15:00,weekly,lag_192,0.01188634242862463
day_ahead_price,xgb_oof_train,valley,segment_model,2025-12-10 00:15:00,weekly,lag_672,0.016878144815564156
day_ahead_price,xgb_oof_train,valley,segment_model,2025-12-10 00:15:00,weekly,roll_mean_4,0.263139933347702
day_ahead_price,xgb_oof_train,valley,segment_model,2025-12-10 00:15:00,weekly,roll_mean_16,0.009747072122991085
day_ahead_price,xgb_oof_train,valley,segment_model,2025-12-10 00:15:00,weekly,roll_mean_96,0.007100211922079325
day_ahead_price,xgb_oof_train,valley,segment_model,2025-12-10 00:15:00,weekly,roll_mean_672,0.010151786729693413
day_ahead_price,xgb_oof_train,valley,segment_model,2025-12-10 00:15:00,weekly,roll_std_96,0.015793174505233765
day_ahead_price,xgb_oof_train,valley,segment_model,2025-12-10 00:15:00,weekly,diff_1,0.015412509441375732
day_ahead_price,xgb_oof_train,valley,segment_model,2025-12-10 00:15:00,weekly,diff_96,0.006423343438655138
day_ahead_price,xgb_oof_train,valley,segment_model,2025-12-10 00:15:00,weekly,hour,0.008512569591403008
day_ahead_price,xgb_oof_train,valley,segment_model,2025-12-10 00:15:00,weekly,minute,0.014769166707992554
day_ahead_price,xgb_oof_train,valley,segment_model,2025-12-10 00:15:00,weekly,dayofweek,0.013408524915575981
day_ahead_price,xgb_oof_train,valley,segment_model,2025-12-10 00:15:00,weekly,slot96,0.013557890430092812
day_ahead_price,xgb_oof_train,valley,segment_model,2025-12-10 00:15:00,weekly,sin_slot96,0.014790075831115246
day_ahead_price,xgb_oof_train,valley,segment_model,2025-12-10 00:15:00,weekly,cos_slot96,0.0
day_ahead_price,xgb_oof_train,valley,segment_model,2025-12-10 00:15:00,weekly,is_holiday,0.0016173981130123138
day_ahead_price,xgb_oof_train,valley,segment_model,2025-12-10 00:15:00,weekly,is_workday,0.0
day_ahead_price,xgb_oof_train,valley,segment_model,2025-12-10 00:15:00,weekly,is_weekend,0.0
day_ahead_price,xgb_oof_train,valley,segment_model,2025-12-10 00:15:00,weekly,is_makeup_workday,0.005440445616841316
day_ahead_price,xgb_oof_train,valley,segment_model,2025-12-10 00:15:00,weekly,before_holiday_1d,0.008916531689465046
day_ahead_price,xgb_oof_train,valley,segment_model,2025-12-10 00:15:00,weekly,after_holiday_1d,0.0
day_ahead_price,xgb_oof_train,valley,segment_model,2025-12-10 00:15:00,weekly,holiday_name_Dragon Boat Festival,0.0
day_ahead_price,xgb_oof_train,valley,segment_model,2025-12-10 00:15:00,weekly,holiday_name_Labour Day,0.0
day_ahead_price,xgb_oof_train,valley,segment_model,2025-12-10 00:15:00,weekly,holiday_name_Mid-autumn Festival,0.0
day_ahead_price,xgb_oof_train,valley,segment_model,2025-12-10 00:15:00,weekly,holiday_name_National Day,0.004036777187138796
day_ahead_price,xgb_oof_train,valley,segment_model,2025-12-10 00:15:00,weekly,holiday_name_New Year's Day,0.0
day_ahead_price,xgb_oof_train,valley,segment_model,2025-12-10 00:15:00,weekly,holiday_name_None,0.004094202071428299
day_ahead_price,xgb_oof_train,valley,segment_model,2025-12-10 00:15:00,weekly,holiday_name_Spring Festival,0.0
day_ahead_price,xgb_oof_train,valley,segment_model,2025-12-10 00:15:00,weekly,holiday_name_Tomb-sweeping Day,0.0
day_ahead_price,xgb_oof_train,flat,segment_model,2025-12-10 00:15:00,weekly,lag_1,0.525082528591156
day_ahead_price,xgb_oof_train,flat,segment_model,2025-12-10 00:15:00,weekly,lag_2,0.04458991438150406
day_ahead_price,xgb_oof_train,flat,segment_model,2025-12-10 00:15:00,weekly,lag_4,0.00805462896823883
day_ahead_price,xgb_oof_train,flat,segment_model,2025-12-10 00:15:00,weekly,lag_96,0.026301324367523193
day_ahead_price,xgb_oof_train,flat,segment_model,2025-12-10 00:15:00,weekly,lag_192,0.005679387133568525
day_ahead_price,xgb_oof_train,flat,segment_model,2025-12-10 00:15:00,weekly,lag_672,0.014536000788211823
day_ahead_price,xgb_oof_train,flat,segment_model,2025-12-10 00:15:00,weekly,roll_mean_4,0.17989271879196167
day_ahead_price,xgb_oof_train,flat,segment_model,2025-12-10 00:15:00,weekly,roll_mean_16,0.011746607720851898
day_ahead_price,xgb_oof_train,flat,segment_model,2025-12-10 00:15:00,weekly,roll_mean_96,0.008529085665941238
day_ahead_price,xgb_oof_train,flat,segment_model,2025-12-10 00:15:00,weekly,roll_mean_672,0.01128693763166666
day_ahead_price,xgb_oof_train,flat,segment_model,2025-12-10 00:15:00,weekly,roll_std_96,0.006034359335899353
day_ahead_price,xgb_oof_train,flat,segment_model,2025-12-10 00:15:00,weekly,diff_1,0.017886808142066002
day_ahead_price,xgb_oof_train,flat,segment_model,2025-12-10 00:15:00,weekly,diff_96,0.011758912354707718
day_ahead_price,xgb_oof_train,flat,segment_model,2025-12-10 00:15:00,weekly,hour,0.008455214090645313
day_ahead_price,xgb_oof_train,flat,segment_model,2025-12-10 00:15:00,weekly,minute,0.023777354508638382
day_ahead_price,xgb_oof_train,flat,segment_model,2025-12-10 00:15:00,weekly,dayofweek,0.007520268205553293
day_ahead_price,xgb_oof_train,flat,segment_model,2025-12-10 00:15:00,weekly,slot96,0.012461652047932148
day_ahead_price,xgb_oof_train,flat,segment_model,2025-12-10 00:15:00,weekly,sin_slot96,0.04677179828286171
day_ahead_price,xgb_oof_train,flat,segment_model,2025-12-10 00:15:00,weekly,cos_slot96,0.006825270131230354
day_ahead_price,xgb_oof_train,flat,segment_model,2025-12-10 00:15:00,weekly,is_holiday,0.01398804597556591
day_ahead_price,xgb_oof_train,flat,segment_model,2025-12-10 00:15:00,weekly,is_workday,0.0
day_ahead_price,xgb_oof_train,flat,segment_model,2025-12-10 00:15:00,weekly,is_weekend,0.0
day_ahead_price,xgb_oof_train,flat,segment_model,2025-12-10 00:15:00,weekly,is_makeup_workday,0.0
day_ahead_price,xgb_oof_train,flat,segment_model,2025-12-10 00:15:00,weekly,before_holiday_1d,0.008641064167022705
day_ahead_price,xgb_oof_train,flat,segment_model,2025-12-10 00:15:00,weekly,after_holiday_1d,0.0
day_ahead_price,xgb_oof_train,flat,segment_model,2025-12-10 00:15:00,weekly,holiday_name_Dragon Boat Festival,0.0
day_ahead_price,xgb_oof_train,flat,segment_model,2025-12-10 00:15:00,weekly,holiday_name_Labour Day,0.0
day_ahead_price,xgb_oof_train,flat,segment_model,2025-12-10 00:15:00,weekly,holiday_name_Mid-autumn Festival,0.0
day_ahead_price,xgb_oof_train,flat,segment_model,2025-12-10 00:15:00,weekly,holiday_name_National Day,0.00018010423809755594
day_ahead_price,xgb_oof_train,flat,segment_model,2025-12-10 00:15:00,weekly,holiday_name_New Year's Day,0.0
day_ahead_price,xgb_oof_train,flat,segment_model,2025-12-10 00:15:00,weekly,holiday_name_None,0.0
day_ahead_price,xgb_oof_train,flat,segment_model,2025-12-10 00:15:00,weekly,holiday_name_Spring Festival,0.0
day_ahead_price,xgb_oof_train,flat,segment_model,2025-12-10 00:15:00,weekly,holiday_name_Tomb-sweeping Day,0.0
day_ahead_price,xgb_oof_train,peak,segment_model,2025-12-10 00:15:00,weekly,lag_1,0.3416341543197632
day_ahead_price,xgb_oof_train,peak,segment_model,2025-12-10 00:15:00,weekly,lag_2,0.014607274904847145
day_ahead_price,xgb_oof_train,peak,segment_model,2025-12-10 00:15:00,weekly,lag_4,0.005898936651647091
day_ahead_price,xgb_oof_train,peak,segment_model,2025-12-10 00:15:00,weekly,lag_96,0.013511104509234428
day_ahead_price,xgb_oof_train,peak,segment_model,2025-12-10 00:15:00,weekly,lag_192,0.018754703924059868
day_ahead_price,xgb_oof_train,peak,segment_model,2025-12-10 00:15:00,weekly,lag_672,0.006750936154276133
day_ahead_price,xgb_oof_train,peak,segment_model,2025-12-10 00:15:00,weekly,roll_mean_4,0.425654798746109
day_ahead_price,xgb_oof_train,peak,segment_model,2025-12-10 00:15:00,weekly,roll_mean_16,0.016226863488554955
day_ahead_price,xgb_oof_train,peak,segment_model,2025-12-10 00:15:00,weekly,roll_mean_96,0.011535238474607468
day_ahead_price,xgb_oof_train,peak,segment_model,2025-12-10 00:15:00,weekly,roll_mean_672,0.00493965856730938
day_ahead_price,xgb_oof_train,peak,segment_model,2025-12-10 00:15:00,weekly,roll_std_96,0.006095262244343758
day_ahead_price,xgb_oof_train,peak,segment_model,2025-12-10 00:15:00,weekly,diff_1,0.011819957755506039
day_ahead_price,xgb_oof_train,peak,segment_model,2025-12-10 00:15:00,weekly,diff_96,0.007690927013754845
day_ahead_price,xgb_oof_train,peak,segment_model,2025-12-10 00:15:00,weekly,hour,0.012296529486775398
day_ahead_price,xgb_oof_train,peak,segment_model,2025-12-10 00:15:00,weekly,minute,0.0035358252935111523
day_ahead_price,xgb_oof_train,peak,segment_model,2025-12-10 00:15:00,weekly,dayofweek,0.009753362275660038
day_ahead_price,xgb_oof_train,peak,segment_model,2025-12-10 00:15:00,weekly,slot96,0.0122483866289258
day_ahead_price,xgb_oof_train,peak,segment_model,2025-12-10 00:15:00,weekly,sin_slot96,0.017290599644184113
day_ahead_price,xgb_oof_train,peak,segment_model,2025-12-10 00:15:00,weekly,cos_slot96,0.004653907380998135
day_ahead_price,xgb_oof_train,peak,segment_model,2025-12-10 00:15:00,weekly,is_holiday,0.0
day_ahead_price,xgb_oof_train,peak,segment_model,2025-12-10 00:15:00,weekly,is_workday,0.0
day_ahead_price,xgb_oof_train,peak,segment_model,2025-12-10 00:15:00,weekly,is_weekend,0.0022204448468983173
day_ahead_price,xgb_oof_train,peak,segment_model,2025-12-10 00:15:00,weekly,is_makeup_workday,0.0
day_ahead_price,xgb_oof_train,peak,segment_model,2025-12-10 00:15:00,weekly,before_holiday_1d,0.003480010898783803
day_ahead_price,xgb_oof_train,peak,segment_model,2025-12-10 00:15:00,weekly,after_holiday_1d,0.01851346530020237
day_ahead_price,xgb_oof_train,peak,segment_model,2025-12-10 00:15:00,weekly,holiday_name_Dragon Boat Festival,0.0
day_ahead_price,xgb_oof_train,peak,segment_model,2025-12-10 00:15:00,weekly,holiday_name_Labour Day,0.0
day_ahead_price,xgb_oof_train,peak,segment_model,2025-12-10 00:15:00,weekly,holiday_name_Mid-autumn Festival,0.0
day_ahead_price,xgb_oof_train,peak,segment_model,2025-12-10 00:15:00,weekly,holiday_name_National Day,0.03088761679828167
day_ahead_price,xgb_oof_train,peak,segment_model,2025-12-10 00:15:00,weekly,holiday_name_New Year's Day,0.0
day_ahead_price,xgb_oof_train,peak,segment_model,2025-12-10 00:15:00,weekly,holiday_name_None,0.0
day_ahead_price,xgb_oof_train,peak,segment_model,2025-12-10 00:15:00,weekly,holiday_name_Spring Festival,0.0
day_ahead_price,xgb_oof_train,peak,segment_model,2025-12-10 00:15:00,weekly,holiday_name_Tomb-sweeping Day,0.0
day_ahead_price,xgb_oof_train,global,global_model,2025-12-17 00:15:00,weekly,lag_1,0.569139301776886
day_ahead_price,xgb_oof_train,global,global_model,2025-12-17 00:15:00,weekly,lag_2,0.01200493611395359
day_ahead_price,xgb_oof_train,global,global_model,2025-12-17 00:15:00,weekly,lag_4,0.005308969411998987
day_ahead_price,xgb_oof_train,global,global_model,2025-12-17 00:15:00,weekly,lag_96,0.016589395701885223
day_ahead_price,xgb_oof_train,global,global_model,2025-12-17 00:15:00,weekly,lag_192,0.009936715476214886
day_ahead_price,xgb_oof_train,global,global_model,2025-12-17 00:15:00,weekly,lag_672,0.011804243549704552
day_ahead_price,xgb_oof_train,global,global_model,2025-12-17 00:15:00,weekly,roll_mean_4,0.25844627618789673
day_ahead_price,xgb_oof_train,global,global_model,2025-12-17 00:15:00,weekly,roll_mean_16,0.0057015190832316875
day_ahead_price,xgb_oof_train,global,global_model,2025-12-17 00:15:00,weekly,roll_mean_96,0.006537494249641895
day_ahead_price,xgb_oof_train,global,global_model,2025-12-17 00:15:00,weekly,roll_mean_672,0.008279773406684399
day_ahead_price,xgb_oof_train,global,global_model,2025-12-17 00:15:00,weekly,roll_std_96,0.008794259279966354
day_ahead_price,xgb_oof_train,global,global_model,2025-12-17 00:15:00,weekly,diff_1,0.011839316226541996
day_ahead_price,xgb_oof_train,global,global_model,2025-12-17 00:15:00,weekly,diff_96,0.013468585908412933
day_ahead_price,xgb_oof_train,global,global_model,2025-12-17 00:15:00,weekly,hour,0.006030707620084286
day_ahead_price,xgb_oof_train,global,global_model,2025-12-17 00:15:00,weekly,minute,0.009703380055725574
day_ahead_price,xgb_oof_train,global,global_model,2025-12-17 00:15:00,weekly,dayofweek,0.005378843285143375
day_ahead_price,xgb_oof_train,global,global_model,2025-12-17 00:15:00,weekly,slot96,0.009419365786015987
day_ahead_price,xgb_oof_train,global,global_model,2025-12-17 00:15:00,weekly,sin_slot96,0.013045275583863258
day_ahead_price,xgb_oof_train,global,global_model,2025-12-17 00:15:00,weekly,cos_slot96,0.010229743085801601
day_ahead_price,xgb_oof_train,global,global_model,2025-12-17 00:15:00,weekly,is_holiday,0.0
day_ahead_price,xgb_oof_train,global,global_model,2025-12-17 00:15:00,weekly,is_workday,0.0
day_ahead_price,xgb_oof_train,global,global_model,2025-12-17 00:15:00,weekly,is_weekend,0.0
day_ahead_price,xgb_oof_train,global,global_model,2025-12-17 00:15:00,weekly,is_makeup_workday,0.0
day_ahead_price,xgb_oof_train,global,global_model,2025-12-17 00:15:00,weekly,before_holiday_1d,0.00150484184268862
day_ahead_price,xgb_oof_train,global,global_model,2025-12-17 00:15:00,weekly,after_holiday_1d,0.0
day_ahead_price,xgb_oof_train,global,global_model,2025-12-17 00:15:00,weekly,holiday_name_Dragon Boat Festival,0.0
day_ahead_price,xgb_oof_train,global,global_model,2025-12-17 00:15:00,weekly,holiday_name_Labour Day,0.0
day_ahead_price,xgb_oof_train,global,global_model,2025-12-17 00:15:00,weekly,holiday_name_Mid-autumn Festival,0.0
day_ahead_price,xgb_oof_train,global,global_model,2025-12-17 00:15:00,weekly,holiday_name_National Day,0.006837133783847094
day_ahead_price,xgb_oof_train,global,global_model,2025-12-17 00:15:00,weekly,holiday_name_New Year's Day,0.0
day_ahead_price,xgb_oof_train,global,global_model,2025-12-17 00:15:00,weekly,holiday_name_None,0.0
day_ahead_price,xgb_oof_train,global,global_model,2025-12-17 00:15:00,weekly,holiday_name_Spring Festival,0.0
day_ahead_price,xgb_oof_train,global,global_model,2025-12-17 00:15:00,weekly,holiday_name_Tomb-sweeping Day,0.0
day_ahead_price,xgb_oof_train,valley,segment_model,2025-12-17 00:15:00,weekly,lag_1,0.4787801504135132
day_ahead_price,xgb_oof_train,valley,segment_model,2025-12-17 00:15:00,weekly,lag_2,0.045622568577528
day_ahead_price,xgb_oof_train,valley,segment_model,2025-12-17 00:15:00,weekly,lag_4,0.006042704451829195
day_ahead_price,xgb_oof_train,valley,segment_model,2025-12-17 00:15:00,weekly,lag_96,0.01160287857055664
day_ahead_price,xgb_oof_train,valley,segment_model,2025-12-17 00:15:00,weekly,lag_192,0.01307870913296938
day_ahead_price,xgb_oof_train,valley,segment_model,2025-12-17 00:15:00,weekly,lag_672,0.01986253820359707
day_ahead_price,xgb_oof_train,valley,segment_model,2025-12-17 00:15:00,weekly,roll_mean_4,0.2710779905319214
day_ahead_price,xgb_oof_train,valley,segment_model,2025-12-17 00:15:00,weekly,roll_mean_16,0.009892660193145275
day_ahead_price,xgb_oof_train,valley,segment_model,2025-12-17 00:15:00,weekly,roll_mean_96,0.005537631455808878
day_ahead_price,xgb_oof_train,valley,segment_model,2025-12-17 00:15:00,weekly,roll_mean_672,0.007594634313136339
day_ahead_price,xgb_oof_train,valley,segment_model,2025-12-17 00:15:00,weekly,roll_std_96,0.01571710780262947
day_ahead_price,xgb_oof_train,valley,segment_model,2025-12-17 00:15:00,weekly,diff_1,0.01423636730760336
day_ahead_price,xgb_oof_train,valley,segment_model,2025-12-17 00:15:00,weekly,diff_96,0.008336154744029045
day_ahead_price,xgb_oof_train,valley,segment_model,2025-12-17 00:15:00,weekly,hour,0.009788676165044308
day_ahead_price,xgb_oof_train,valley,segment_model,2025-12-17 00:15:00,weekly,minute,0.019527554512023926
day_ahead_price,xgb_oof_train,valley,segment_model,2025-12-17 00:15:00,weekly,dayofweek,0.013830790296196938
day_ahead_price,xgb_oof_train,valley,segment_model,2025-12-17 00:15:00,weekly,slot96,0.016994375735521317
day_ahead_price,xgb_oof_train,valley,segment_model,2025-12-17 00:15:00,weekly,sin_slot96,0.010470776818692684
day_ahead_price,xgb_oof_train,valley,segment_model,2025-12-17 00:15:00,weekly,cos_slot96,0.009276836179196835
day_ahead_price,xgb_oof_train,valley,segment_model,2025-12-17 00:15:00,weekly,is_holiday,0.001144252484664321
day_ahead_price,xgb_oof_train,valley,segment_model,2025-12-17 00:15:00,weekly,is_workday,0.0
day_ahead_price,xgb_oof_train,valley,segment_model,2025-12-17 00:15:00,weekly,is_weekend,0.0
day_ahead_price,xgb_oof_train,valley,segment_model,2025-12-17 00:15:00,weekly,is_makeup_workday,0.0
day_ahead_price,xgb_oof_train,valley,segment_model,2025-12-17 00:15:00,weekly,before_holiday_1d,0.0
day_ahead_price,xgb_oof_train,valley,segment_model,2025-12-17 00:15:00,weekly,after_holiday_1d,0.004018534440547228
day_ahead_price,xgb_oof_train,valley,segment_model,2025-12-17 00:15:00,weekly,holiday_name_Dragon Boat Festival,0.0
day_ahead_price,xgb_oof_train,valley,segment_model,2025-12-17 00:15:00,weekly,holiday_name_Labour Day,0.0
day_ahead_price,xgb_oof_train,valley,segment_model,2025-12-17 00:15:00,weekly,holiday_name_Mid-autumn Festival,0.0
day_ahead_price,xgb_oof_train,valley,segment_model,2025-12-17 00:15:00,weekly,holiday_name_National Day,0.0029291908722370863
day_ahead_price,xgb_oof_train,valley,segment_model,2025-12-17 00:15:00,weekly,holiday_name_New Year's Day,0.0
day_ahead_price,xgb_oof_train,valley,segment_model,2025-12-17 00:15:00,weekly,holiday_name_None,0.004636906087398529
day_ahead_price,xgb_oof_train,valley,segment_model,2025-12-17 00:15:00,weekly,holiday_name_Spring Festival,0.0
day_ahead_price,xgb_oof_train,valley,segment_model,2025-12-17 00:15:00,weekly,holiday_name_Tomb-sweeping Day,0.0
day_ahead_price,xgb_oof_train,flat,segment_model,2025-12-17 00:15:00,weekly,lag_1,0.5242675542831421
day_ahead_price,xgb_oof_train,flat,segment_model,2025-12-17 00:15:00,weekly,lag_2,0.04247848317027092
day_ahead_price,xgb_oof_train,flat,segment_model,2025-12-17 00:15:00,weekly,lag_4,0.0077718934044241905
day_ahead_price,xgb_oof_train,flat,segment_model,2025-12-17 00:15:00,weekly,lag_96,0.025883203372359276
day_ahead_price,xgb_oof_train,flat,segment_model,2025-12-17 00:15:00,weekly,lag_192,0.005723790265619755
day_ahead_price,xgb_oof_train,flat,segment_model,2025-12-17 00:15:00,weekly,lag_672,0.012327870354056358
day_ahead_price,xgb_oof_train,flat,segment_model,2025-12-17 00:15:00,weekly,roll_mean_4,0.16585448384284973
day_ahead_price,xgb_oof_train,flat,segment_model,2025-12-17 00:15:00,weekly,roll_mean_16,0.012591894716024399
day_ahead_price,xgb_oof_train,flat,segment_model,2025-12-17 00:15:00,weekly,roll_mean_96,0.010851623490452766
day_ahead_price,xgb_oof_train,flat,segment_model,2025-12-17 00:15:00,weekly,roll_mean_672,0.008114195428788662
day_ahead_price,xgb_oof_train,flat,segment_model,2025-12-17 00:15:00,weekly,roll_std_96,0.005703748669475317
day_ahead_price,xgb_oof_train,flat,segment_model,2025-12-17 00:15:00,weekly,diff_1,0.01773921400308609
day_ahead_price,xgb_oof_train,flat,segment_model,2025-12-17 00:15:00,weekly,diff_96,0.01228502206504345
day_ahead_price,xgb_oof_train,flat,segment_model,2025-12-17 00:15:00,weekly,hour,0.012521755881607533
day_ahead_price,xgb_oof_train,flat,segment_model,2025-12-17 00:15:00,weekly,minute,0.02376333624124527
day_ahead_price,xgb_oof_train,flat,segment_model,2025-12-17 00:15:00,weekly,dayofweek,0.009569797664880753
day_ahead_price,xgb_oof_train,flat,segment_model,2025-12-17 00:15:00,weekly,slot96,0.01830669678747654
day_ahead_price,xgb_oof_train,flat,segment_model,2025-12-17 00:15:00,weekly,sin_slot96,0.0458054319024086
day_ahead_price,xgb_oof_train,flat,segment_model,2025-12-17 00:15:00,weekly,cos_slot96,0.007395637687295675
day_ahead_price,xgb_oof_train,flat,segment_model,2025-12-17 00:15:00,weekly,is_holiday,0.01704471744596958
day_ahead_price,xgb_oof_train,flat,segment_model,2025-12-17 00:15:00,weekly,is_workday,0.0
day_ahead_price,xgb_oof_train,flat,segment_model,2025-12-17 00:15:00,weekly,is_weekend,0.0
day_ahead_price,xgb_oof_train,flat,segment_model,2025-12-17 00:15:00,weekly,is_makeup_workday,0.0
day_ahead_price,xgb_oof_train,flat,segment_model,2025-12-17 00:15:00,weekly,before_holiday_1d,0.013903525657951832
day_ahead_price,xgb_oof_train,flat,segment_model,2025-12-17 00:15:00,weekly,after_holiday_1d,0.0
day_ahead_price,xgb_oof_train,flat,segment_model,2025-12-17 00:15:00,weekly,holiday_name_Dragon Boat Festival,0.0
day_ahead_price,xgb_oof_train,flat,segment_model,2025-12-17 00:15:00,weekly,holiday_name_Labour Day,0.0
day_ahead_price,xgb_oof_train,flat,segment_model,2025-12-17 00:15:00,weekly,holiday_name_Mid-autumn Festival,0.0
day_ahead_price,xgb_oof_train,flat,segment_model,2025-12-17 00:15:00,weekly,holiday_name_National Day,9.603779471945018e-05
day_ahead_price,xgb_oof_train,flat,segment_model,2025-12-17 00:15:00,weekly,holiday_name_New Year's Day,0.0
day_ahead_price,xgb_oof_train,flat,segment_model,2025-12-17 00:15:00,weekly,holiday_name_None,0.0
day_ahead_price,xgb_oof_train,flat,segment_model,2025-12-17 00:15:00,weekly,holiday_name_Spring Festival,0.0
day_ahead_price,xgb_oof_train,flat,segment_model,2025-12-17 00:15:00,weekly,holiday_name_Tomb-sweeping Day,0.0
day_ahead_price,xgb_oof_train,peak,segment_model,2025-12-17 00:15:00,weekly,lag_1,0.35059210658073425
day_ahead_price,xgb_oof_train,peak,segment_model,2025-12-17 00:15:00,weekly,lag_2,0.013895426876842976
day_ahead_price,xgb_oof_train,peak,segment_model,2025-12-17 00:15:00,weekly,lag_4,0.008930754847824574
day_ahead_price,xgb_oof_train,peak,segment_model,2025-12-17 00:15:00,weekly,lag_96,0.012684409506618977
day_ahead_price,xgb_oof_train,peak,segment_model,2025-12-17 00:15:00,weekly,lag_192,0.017508497461676598
day_ahead_price,xgb_oof_train,peak,segment_model,2025-12-17 00:15:00,weekly,lag_672,0.007513951975852251
day_ahead_price,xgb_oof_train,peak,segment_model,2025-12-17 00:15:00,weekly,roll_mean_4,0.4232451319694519
day_ahead_price,xgb_oof_train,peak,segment_model,2025-12-17 00:15:00,weekly,roll_mean_16,0.019201429560780525
day_ahead_price,xgb_oof_train,peak,segment_model,2025-12-17 00:15:00,weekly,roll_mean_96,0.007941380143165588
day_ahead_price,xgb_oof_train,peak,segment_model,2025-12-17 00:15:00,weekly,roll_mean_672,0.010938777588307858
day_ahead_price,xgb_oof_train,peak,segment_model,2025-12-17 00:15:00,weekly,roll_std_96,0.005355395842343569
day_ahead_price,xgb_oof_train,peak,segment_model,2025-12-17 00:15:00,weekly,diff_1,0.011163522489368916
day_ahead_price,xgb_oof_train,peak,segment_model,2025-12-17 00:15:00,weekly,diff_96,0.008345947600901127
day_ahead_price,xgb_oof_train,peak,segment_model,2025-12-17 00:15:00,weekly,hour,0.010107048787176609
day_ahead_price,xgb_oof_train,peak,segment_model,2025-12-17 00:15:00,weekly,minute,0.004546981304883957
day_ahead_price,xgb_oof_train,peak,segment_model,2025-12-17 00:15:00,weekly,dayofweek,0.004833392798900604
day_ahead_price,xgb_oof_train,peak,segment_model,2025-12-17 00:15:00,weekly,slot96,0.012603572569787502
day_ahead_price,xgb_oof_train,peak,segment_model,2025-12-17 00:15:00,weekly,sin_slot96,0.01672852225601673
day_ahead_price,xgb_oof_train,peak,segment_model,2025-12-17 00:15:00,weekly,cos_slot96,0.004733756650239229
day_ahead_price,xgb_oof_train,peak,segment_model,2025-12-17 00:15:00,weekly,is_holiday,0.0
day_ahead_price,xgb_oof_train,peak,segment_model,2025-12-17 00:15:00,weekly,is_workday,0.0
day_ahead_price,xgb_oof_train,peak,segment_model,2025-12-17 00:15:00,weekly,is_weekend,0.0
day_ahead_price,xgb_oof_train,peak,segment_model,2025-12-17 00:15:00,weekly,is_makeup_workday,0.0
day_ahead_price,xgb_oof_train,peak,segment_model,2025-12-17 00:15:00,weekly,before_holiday_1d,0.0033238467294722795
day_ahead_price,xgb_oof_train,peak,segment_model,2025-12-17 00:15:00,weekly,after_holiday_1d,0.019519681110978127
day_ahead_price,xgb_oof_train,peak,segment_model,2025-12-17 00:15:00,weekly,holiday_name_Dragon Boat Festival,0.0
day_ahead_price,xgb_oof_train,peak,segment_model,2025-12-17 00:15:00,weekly,holiday_name_Labour Day,0.0
day_ahead_price,xgb_oof_train,peak,segment_model,2025-12-17 00:15:00,weekly,holiday_name_Mid-autumn Festival,0.0
day_ahead_price,xgb_oof_train,peak,segment_model,2025-12-17 00:15:00,weekly,holiday_name_National Day,0.026286432519555092
day_ahead_price,xgb_oof_train,peak,segment_model,2025-12-17 00:15:00,weekly,holiday_name_New Year's Day,0.0
day_ahead_price,xgb_oof_train,peak,segment_model,2025-12-17 00:15:00,weekly,holiday_name_None,0.0
day_ahead_price,xgb_oof_train,peak,segment_model,2025-12-17 00:15:00,weekly,holiday_name_Spring Festival,0.0
day_ahead_price,xgb_oof_train,peak,segment_model,2025-12-17 00:15:00,weekly,holiday_name_Tomb-sweeping Day,0.0
day_ahead_price,xgb_oof_train,global,global_model,2025-12-24 00:15:00,weekly,lag_1,0.5510534644126892
day_ahead_price,xgb_oof_train,global,global_model,2025-12-24 00:15:00,weekly,lag_2,0.012148004025220871
day_ahead_price,xgb_oof_train,global,global_model,2025-12-24 00:15:00,weekly,lag_4,0.005358473863452673
day_ahead_price,xgb_oof_train,global,global_model,2025-12-24 00:15:00,weekly,lag_96,0.01699615642428398
day_ahead_price,xgb_oof_train,global,global_model,2025-12-24 00:15:00,weekly,lag_192,0.007593117654323578
day_ahead_price,xgb_oof_train,global,global_model,2025-12-24 00:15:00,weekly,lag_672,0.014668380841612816
day_ahead_price,xgb_oof_train,global,global_model,2025-12-24 00:15:00,weekly,roll_mean_4,0.26767945289611816
day_ahead_price,xgb_oof_train,global,global_model,2025-12-24 00:15:00,weekly,roll_mean_16,0.006736949551850557
day_ahead_price,xgb_oof_train,global,global_model,2025-12-24 00:15:00,weekly,roll_mean_96,0.006840223912149668
day_ahead_price,xgb_oof_train,global,global_model,2025-12-24 00:15:00,weekly,roll_mean_672,0.005560020450502634
day_ahead_price,xgb_oof_train,global,global_model,2025-12-24 00:15:00,weekly,roll_std_96,0.007899445481598377
day_ahead_price,xgb_oof_train,global,global_model,2025-12-24 00:15:00,weekly,diff_1,0.01233869232237339
day_ahead_price,xgb_oof_train,global,global_model,2025-12-24 00:15:00,weekly,diff_96,0.009109161794185638
day_ahead_price,xgb_oof_train,global,global_model,2025-12-24 00:15:00,weekly,hour,0.003767347661778331
day_ahead_price,xgb_oof_train,global,global_model,2025-12-24 00:15:00,weekly,minute,0.016246534883975983
day_ahead_price,xgb_oof_train,global,global_model,2025-12-24 00:15:00,weekly,dayofweek,0.0022963371593505144
day_ahead_price,xgb_oof_train,global,global_model,2025-12-24 00:15:00,weekly,slot96,0.009214146994054317
day_ahead_price,xgb_oof_train,global,global_model,2025-12-24 00:15:00,weekly,sin_slot96,0.010907545685768127
day_ahead_price,xgb_oof_train,global,global_model,2025-12-24 00:15:00,weekly,cos_slot96,0.01065089087933302
day_ahead_price,xgb_oof_train,global,global_model,2025-12-24 00:15:00,weekly,is_holiday,0.012494505383074284
day_ahead_price,xgb_oof_train,global,global_model,2025-12-24 00:15:00,weekly,is_workday,0.0
day_ahead_price,xgb_oof_train,global,global_model,2025-12-24 00:15:00,weekly,is_weekend,0.0
day_ahead_price,xgb_oof_train,global,global_model,2025-12-24 00:15:00,weekly,is_makeup_workday,0.0
day_ahead_price,xgb_oof_train,global,global_model,2025-12-24 00:15:00,weekly,before_holiday_1d,0.0
day_ahead_price,xgb_oof_train,global,global_model,2025-12-24 00:15:00,weekly,after_holiday_1d,0.0
day_ahead_price,xgb_oof_train,global,global_model,2025-12-24 00:15:00,weekly,holiday_name_Dragon Boat Festival,0.0
day_ahead_price,xgb_oof_train,global,global_model,2025-12-24 00:15:00,weekly,holiday_name_Labour Day,0.0
day_ahead_price,xgb_oof_train,global,global_model,2025-12-24 00:15:00,weekly,holiday_name_Mid-autumn Festival,0.0
day_ahead_price,xgb_oof_train,global,global_model,2025-12-24 00:15:00,weekly,holiday_name_National Day,0.006943152751773596
day_ahead_price,xgb_oof_train,global,global_model,2025-12-24 00:15:00,weekly,holiday_name_New Year's Day,0.0
day_ahead_price,xgb_oof_train,global,global_model,2025-12-24 00:15:00,weekly,holiday_name_None,0.003498001955449581
day_ahead_price,xgb_oof_train,global,global_model,2025-12-24 00:15:00,weekly,holiday_name_Spring Festival,0.0
day_ahead_price,xgb_oof_train,global,global_model,2025-12-24 00:15:00,weekly,holiday_name_Tomb-sweeping Day,0.0
day_ahead_price,xgb_oof_train,valley,segment_model,2025-12-24 00:15:00,weekly,lag_1,0.5034324526786804
day_ahead_price,xgb_oof_train,valley,segment_model,2025-12-24 00:15:00,weekly,lag_2,0.043461162596940994
day_ahead_price,xgb_oof_train,valley,segment_model,2025-12-24 00:15:00,weekly,lag_4,0.007604469545185566
day_ahead_price,xgb_oof_train,valley,segment_model,2025-12-24 00:15:00,weekly,lag_96,0.014332201331853867
day_ahead_price,xgb_oof_train,valley,segment_model,2025-12-24 00:15:00,weekly,lag_192,0.013353667221963406
day_ahead_price,xgb_oof_train,valley,segment_model,2025-12-24 00:15:00,weekly,lag_672,0.015384997241199017
day_ahead_price,xgb_oof_train,valley,segment_model,2025-12-24 00:15:00,weekly,roll_mean_4,0.2418334037065506
day_ahead_price,xgb_oof_train,valley,segment_model,2025-12-24 00:15:00,weekly,roll_mean_16,0.010533749125897884
day_ahead_price,xgb_oof_train,valley,segment_model,2025-12-24 00:15:00,weekly,roll_mean_96,0.005940587725490332
day_ahead_price,xgb_oof_train,valley,segment_model,2025-12-24 00:15:00,weekly,roll_mean_672,0.006788777653127909
day_ahead_price,xgb_oof_train,valley,segment_model,2025-12-24 00:15:00,weekly,roll_std_96,0.018615255132317543
day_ahead_price,xgb_oof_train,valley,segment_model,2025-12-24 00:15:00,weekly,diff_1,0.014513254165649414
day_ahead_price,xgb_oof_train,valley,segment_model,2025-12-24 00:15:00,weekly,diff_96,0.0074703507125377655
day_ahead_price,xgb_oof_train,valley,segment_model,2025-12-24 00:15:00,weekly,hour,0.005740925669670105
day_ahead_price,xgb_oof_train,valley,segment_model,2025-12-24 00:15:00,weekly,minute,0.0148778622969985
day_ahead_price,xgb_oof_train,valley,segment_model,2025-12-24 00:15:00,weekly,dayofweek,0.009741531684994698
day_ahead_price,xgb_oof_train,valley,segment_model,2025-12-24 00:15:00,weekly,slot96,0.01516204234212637
day_ahead_price,xgb_oof_train,valley,segment_model,2025-12-24 00:15:00,weekly,sin_slot96,0.00891386903822422
day_ahead_price,xgb_oof_train,valley,segment_model,2025-12-24 00:15:00,weekly,cos_slot96,0.0066373576410114765
day_ahead_price,xgb_oof_train,valley,segment_model,2025-12-24 00:15:00,weekly,is_holiday,0.0
day_ahead_price,xgb_oof_train,valley,segment_model,2025-12-24 00:15:00,weekly,is_workday,0.0
day_ahead_price,xgb_oof_train,valley,segment_model,2025-12-24 00:15:00,weekly,is_weekend,0.0
day_ahead_price,xgb_oof_train,valley,segment_model,2025-12-24 00:15:00,weekly,is_makeup_workday,0.0
day_ahead_price,xgb_oof_train,valley,segment_model,2025-12-24 00:15:00,weekly,before_holiday_1d,0.02176698110997677
day_ahead_price,xgb_oof_train,valley,segment_model,2025-12-24 00:15:00,weekly,after_holiday_1d,0.0038270149379968643
day_ahead_price,xgb_oof_train,valley,segment_model,2025-12-24 00:15:00,weekly,holiday_name_Dragon Boat Festival,0.0
day_ahead_price,xgb_oof_train,valley,segment_model,2025-12-24 00:15:00,weekly,holiday_name_Labour Day,0.0
day_ahead_price,xgb_oof_train,valley,segment_model,2025-12-24 00:15:00,weekly,holiday_name_Mid-autumn Festival,0.0
day_ahead_price,xgb_oof_train,valley,segment_model,2025-12-24 00:15:00,weekly,holiday_name_National Day,0.0029908018186688423
day_ahead_price,xgb_oof_train,valley,segment_model,2025-12-24 00:15:00,weekly,holiday_name_New Year's Day,0.0
day_ahead_price,xgb_oof_train,valley,segment_model,2025-12-24 00:15:00,weekly,holiday_name_None,0.007077299058437347
day_ahead_price,xgb_oof_train,valley,segment_model,2025-12-24 00:15:00,weekly,holiday_name_Spring Festival,0.0
day_ahead_price,xgb_oof_train,valley,segment_model,2025-12-24 00:15:00,weekly,holiday_name_Tomb-sweeping Day,0.0
day_ahead_price,xgb_oof_train,flat,segment_model,2025-12-24 00:15:00,weekly,lag_1,0.5205506086349487
day_ahead_price,xgb_oof_train,flat,segment_model,2025-12-24 00:15:00,weekly,lag_2,0.01873956061899662
day_ahead_price,xgb_oof_train,flat,segment_model,2025-12-24 00:15:00,weekly,lag_4,0.006979917176067829
day_ahead_price,xgb_oof_train,flat,segment_model,2025-12-24 00:15:00,weekly,lag_96,0.028891868889331818
day_ahead_price,xgb_oof_train,flat,segment_model,2025-12-24 00:15:00,weekly,lag_192,0.00673113064840436
day_ahead_price,xgb_oof_train,flat,segment_model,2025-12-24 00:15:00,weekly,lag_672,0.012176290154457092
day_ahead_price,xgb_oof_train,flat,segment_model,2025-12-24 00:15:00,weekly,roll_mean_4,0.19579695165157318
day_ahead_price,xgb_oof_train,flat,segment_model,2025-12-24 00:15:00,weekly,roll_mean_16,0.012539583258330822
day_ahead_price,xgb_oof_train,flat,segment_model,2025-12-24 00:15:00,weekly,roll_mean_96,0.010200699791312218
day_ahead_price,xgb_oof_train,flat,segment_model,2025-12-24 00:15:00,weekly,roll_mean_672,0.009664678014814854
day_ahead_price,xgb_oof_train,flat,segment_model,2025-12-24 00:15:00,weekly,roll_std_96,0.006028234492987394
day_ahead_price,xgb_oof_train,flat,segment_model,2025-12-24 00:15:00,weekly,diff_1,0.018055953085422516
day_ahead_price,xgb_oof_train,flat,segment_model,2025-12-24 00:15:00,weekly,diff_96,0.012845217250287533
day_ahead_price,xgb_oof_train,flat,segment_model,2025-12-24 00:15:00,weekly,hour,0.013599888421595097
day_ahead_price,xgb_oof_train,flat,segment_model,2025-12-24 00:15:00,weekly,minute,0.022436123341321945
day_ahead_price,xgb_oof_train,flat,segment_model,2025-12-24 00:15:00,weekly,dayofweek,0.015268118120729923
day_ahead_price,xgb_oof_train,flat,segment_model,2025-12-24 00:15:00,weekly,slot96,0.01341155543923378
day_ahead_price,xgb_oof_train,flat,segment_model,2025-12-24 00:15:00,weekly,sin_slot96,0.039868228137493134
day_ahead_price,xgb_oof_train,flat,segment_model,2025-12-24 00:15:00,weekly,cos_slot96,0.007322487886995077
day_ahead_price,xgb_oof_train,flat,segment_model,2025-12-24 00:15:00,weekly,is_holiday,0.01785752736032009
day_ahead_price,xgb_oof_train,flat,segment_model,2025-12-24 00:15:00,weekly,is_workday,0.002315327525138855
day_ahead_price,xgb_oof_train,flat,segment_model,2025-12-24 00:15:00,weekly,is_weekend,0.0
day_ahead_price,xgb_oof_train,flat,segment_model,2025-12-24 00:15:00,weekly,is_makeup_workday,0.0014719318132847548
day_ahead_price,xgb_oof_train,flat,segment_model,2025-12-24 00:15:00,weekly,before_holiday_1d,0.006814845371991396
day_ahead_price,xgb_oof_train,flat,segment_model,2025-12-24 00:15:00,weekly,after_holiday_1d,0.0
day_ahead_price,xgb_oof_train,flat,segment_model,2025-12-24 00:15:00,weekly,holiday_name_Dragon Boat Festival,0.0
day_ahead_price,xgb_oof_train,flat,segment_model,2025-12-24 00:15:00,weekly,holiday_name_Labour Day,0.0
day_ahead_price,xgb_oof_train,flat,segment_model,2025-12-24 00:15:00,weekly,holiday_name_Mid-autumn Festival,7.503657980123535e-05
day_ahead_price,xgb_oof_train,flat,segment_model,2025-12-24 00:15:00,weekly,holiday_name_National Day,0.00035826957901008427
day_ahead_price,xgb_oof_train,flat,segment_model,2025-12-24 00:15:00,weekly,holiday_name_New Year's Day,0.0
day_ahead_price,xgb_oof_train,flat,segment_model,2025-12-24 00:15:00,weekly,holiday_name_None,0.0
day_ahead_price,xgb_oof_train,flat,segment_model,2025-12-24 00:15:00,weekly,holiday_name_Spring Festival,0.0
day_ahead_price,xgb_oof_train,flat,segment_model,2025-12-24 00:15:00,weekly,holiday_name_Tomb-sweeping Day,0.0
day_ahead_price,xgb_oof_train,peak,segment_model,2025-12-24 00:15:00,weekly,lag_1,0.42820605635643005
day_ahead_price,xgb_oof_train,peak,segment_model,2025-12-24 00:15:00,weekly,lag_2,0.015014689415693283
day_ahead_price,xgb_oof_train,peak,segment_model,2025-12-24 00:15:00,weekly,lag_4,0.010578020475804806
day_ahead_price,xgb_oof_train,peak,segment_model,2025-12-24 00:15:00,weekly,lag_96,0.012817499227821827
day_ahead_price,xgb_oof_train,peak,segment_model,2025-12-24 00:15:00,weekly,lag_192,0.013060095719993114
day_ahead_price,xgb_oof_train,peak,segment_model,2025-12-24 00:15:00,weekly,lag_672,0.00812872126698494
day_ahead_price,xgb_oof_train,peak,segment_model,2025-12-24 00:15:00,weekly,roll_mean_4,0.3677965998649597
day_ahead_price,xgb_oof_train,peak,segment_model,2025-12-24 00:15:00,weekly,roll_mean_16,0.009999262169003487
day_ahead_price,xgb_oof_train,peak,segment_model,2025-12-24 00:15:00,weekly,roll_mean_96,0.017182862386107445
day_ahead_price,xgb_oof_train,peak,segment_model,2025-12-24 00:15:00,weekly,roll_mean_672,0.005434588994830847
day_ahead_price,xgb_oof_train,peak,segment_model,2025-12-24 00:15:00,weekly,roll_std_96,0.006225272547453642
day_ahead_price,xgb_oof_train,peak,segment_model,2025-12-24 00:15:00,weekly,diff_1,0.01406286470592022
day_ahead_price,xgb_oof_train,peak,segment_model,2025-12-24 00:15:00,weekly,diff_96,0.01157249417155981
day_ahead_price,xgb_oof_train,peak,segment_model,2025-12-24 00:15:00,weekly,hour,0.01099368929862976
day_ahead_price,xgb_oof_train,peak,segment_model,2025-12-24 00:15:00,weekly,minute,0.007019018288701773
day_ahead_price,xgb_oof_train,peak,segment_model,2025-12-24 00:15:00,weekly,dayofweek,0.008185571990907192
day_ahead_price,xgb_oof_train,peak,segment_model,2025-12-24 00:15:00,weekly,slot96,0.013130947947502136
day_ahead_price,xgb_oof_train,peak,segment_model,2025-12-24 00:15:00,weekly,sin_slot96,0.0229092538356781
day_ahead_price,xgb_oof_train,peak,segment_model,2025-12-24 00:15:00,weekly,cos_slot96,0.007192282471805811
day_ahead_price,xgb_oof_train,peak,segment_model,2025-12-24 00:15:00,weekly,is_holiday,0.0
day_ahead_price,xgb_oof_train,peak,segment_model,2025-12-24 00:15:00,weekly,is_workday,0.0
day_ahead_price,xgb_oof_train,peak,segment_model,2025-12-24 00:15:00,weekly,is_weekend,0.0
day_ahead_price,xgb_oof_train,peak,segment_model,2025-12-24 00:15:00,weekly,is_makeup_workday,0.0
day_ahead_price,xgb_oof_train,peak,segment_model,2025-12-24 00:15:00,weekly,before_holiday_1d,0.0
day_ahead_price,xgb_oof_train,peak,segment_model,2025-12-24 00:15:00,weekly,after_holiday_1d,0.0
day_ahead_price,xgb_oof_train,peak,segment_model,2025-12-24 00:15:00,weekly,holiday_name_Dragon Boat Festival,0.0
day_ahead_price,xgb_oof_train,peak,segment_model,2025-12-24 00:15:00,weekly,holiday_name_Labour Day,0.0
day_ahead_price,xgb_oof_train,peak,segment_model,2025-12-24 00:15:00,weekly,holiday_name_Mid-autumn Festival,0.0
day_ahead_price,xgb_oof_train,peak,segment_model,2025-12-24 00:15:00,weekly,holiday_name_National Day,0.010490157641470432
day_ahead_price,xgb_oof_train,peak,segment_model,2025-12-24 00:15:00,weekly,holiday_name_New Year's Day,0.0
day_ahead_price,xgb_oof_train,peak,segment_model,2025-12-24 00:15:00,weekly,holiday_name_None,0.0
day_ahead_price,xgb_oof_train,peak,segment_model,2025-12-24 00:15:00,weekly,holiday_name_Spring Festival,0.0
day_ahead_price,xgb_oof_train,peak,segment_model,2025-12-24 00:15:00,weekly,holiday_name_Tomb-sweeping Day,0.0
day_ahead_price,xgb_oof_train,global,global_model,2025-12-31 00:15:00,weekly,lag_1,0.5810025930404663
day_ahead_price,xgb_oof_train,global,global_model,2025-12-31 00:15:00,weekly,lag_2,0.011152461171150208
day_ahead_price,xgb_oof_train,global,global_model,2025-12-31 00:15:00,weekly,lag_4,0.005276676267385483
day_ahead_price,xgb_oof_train,global,global_model,2025-12-31 00:15:00,weekly,lag_96,0.016766123473644257
day_ahead_price,xgb_oof_train,global,global_model,2025-12-31 00:15:00,weekly,lag_192,0.009211067110300064
day_ahead_price,xgb_oof_train,global,global_model,2025-12-31 00:15:00,weekly,lag_672,0.013754822313785553
day_ahead_price,xgb_oof_train,global,global_model,2025-12-31 00:15:00,weekly,roll_mean_4,0.24464024603366852
day_ahead_price,xgb_oof_train,global,global_model,2025-12-31 00:15:00,weekly,roll_mean_16,0.007145705167204142
day_ahead_price,xgb_oof_train,global,global_model,2025-12-31 00:15:00,weekly,roll_mean_96,0.007211460266262293
day_ahead_price,xgb_oof_train,global,global_model,2025-12-31 00:15:00,weekly,roll_mean_672,0.00499274767935276
day_ahead_price,xgb_oof_train,global,global_model,2025-12-31 00:15:00,weekly,roll_std_96,0.007376795168966055
day_ahead_price,xgb_oof_train,global,global_model,2025-12-31 00:15:00,weekly,diff_1,0.01260415744036436
day_ahead_price,xgb_oof_train,global,global_model,2025-12-31 00:15:00,weekly,diff_96,0.009294336661696434
day_ahead_price,xgb_oof_train,global,global_model,2025-12-31 00:15:00,weekly,hour,0.0030920186545699835
day_ahead_price,xgb_oof_train,global,global_model,2025-12-31 00:15:00,weekly,minute,0.008551070466637611
day_ahead_price,xgb_oof_train,global,global_model,2025-12-31 00:15:00,weekly,dayofweek,0.006560807581990957
day_ahead_price,xgb_oof_train,global,global_model,2025-12-31 00:15:00,weekly,slot96,0.00912387203425169
day_ahead_price,xgb_oof_train,global,global_model,2025-12-31 00:15:00,weekly,sin_slot96,0.012998186983168125
day_ahead_price,xgb_oof_train,global,global_model,2025-12-31 00:15:00,weekly,cos_slot96,0.010413624346256256
day_ahead_price,xgb_oof_train,global,global_model,2025-12-31 00:15:00,weekly,is_holiday,0.01074175350368023
day_ahead_price,xgb_oof_train,global,global_model,2025-12-31 00:15:00,weekly,is_workday,0.0
day_ahead_price,xgb_oof_train,global,global_model,2025-12-31 00:15:00,weekly,is_weekend,0.0
day_ahead_price,xgb_oof_train,global,global_model,2025-12-31 00:15:00,weekly,is_makeup_workday,0.0
day_ahead_price,xgb_oof_train,global,global_model,2025-12-31 00:15:00,weekly,before_holiday_1d,0.0
day_ahead_price,xgb_oof_train,global,global_model,2025-12-31 00:15:00,weekly,after_holiday_1d,0.0
day_ahead_price,xgb_oof_train,global,global_model,2025-12-31 00:15:00,weekly,holiday_name_Dragon Boat Festival,0.0
day_ahead_price,xgb_oof_train,global,global_model,2025-12-31 00:15:00,weekly,holiday_name_Labour Day,0.0
day_ahead_price,xgb_oof_train,global,global_model,2025-12-31 00:15:00,weekly,holiday_name_Mid-autumn Festival,0.0
day_ahead_price,xgb_oof_train,global,global_model,2025-12-31 00:15:00,weekly,holiday_name_National Day,0.008089500479400158
day_ahead_price,xgb_oof_train,global,global_model,2025-12-31 00:15:00,weekly,holiday_name_New Year's Day,0.0
day_ahead_price,xgb_oof_train,global,global_model,2025-12-31 00:15:00,weekly,holiday_name_None,0.0
day_ahead_price,xgb_oof_train,global,global_model,2025-12-31 00:15:00,weekly,holiday_name_Spring Festival,0.0
day_ahead_price,xgb_oof_train,global,global_model,2025-12-31 00:15:00,weekly,holiday_name_Tomb-sweeping Day,0.0
day_ahead_price,xgb_oof_train,valley,segment_model,2025-12-31 00:15:00,weekly,lag_1,0.47847995162010193
day_ahead_price,xgb_oof_train,valley,segment_model,2025-12-31 00:15:00,weekly,lag_2,0.04302402585744858
day_ahead_price,xgb_oof_train,valley,segment_model,2025-12-31 00:15:00,weekly,lag_4,0.007101654540747404
day_ahead_price,xgb_oof_train,valley,segment_model,2025-12-31 00:15:00,weekly,lag_96,0.015175236389040947
day_ahead_price,xgb_oof_train,valley,segment_model,2025-12-31 00:15:00,weekly,lag_192,0.010925889015197754
day_ahead_price,xgb_oof_train,valley,segment_model,2025-12-31 00:15:00,weekly,lag_672,0.013886140659451485
day_ahead_price,xgb_oof_train,valley,segment_model,2025-12-31 00:15:00,weekly,roll_mean_4,0.28827768564224243
day_ahead_price,xgb_oof_train,valley,segment_model,2025-12-31 00:15:00,weekly,roll_mean_16,0.011120526120066643
day_ahead_price,xgb_oof_train,valley,segment_model,2025-12-31 00:15:00,weekly,roll_mean_96,0.005030340049415827
day_ahead_price,xgb_oof_train,valley,segment_model,2025-12-31 00:15:00,weekly,roll_mean_672,0.007052622269839048
day_ahead_price,xgb_oof_train,valley,segment_model,2025-12-31 00:15:00,weekly,roll_std_96,0.01508354116231203
day_ahead_price,xgb_oof_train,valley,segment_model,2025-12-31 00:15:00,weekly,diff_1,0.014744593761861324
day_ahead_price,xgb_oof_train,valley,segment_model,2025-12-31 00:15:00,weekly,diff_96,0.00836486928164959
day_ahead_price,xgb_oof_train,valley,segment_model,2025-12-31 00:15:00,weekly,hour,0.008736591786146164
day_ahead_price,xgb_oof_train,valley,segment_model,2025-12-31 00:15:00,weekly,minute,0.011071638204157352
day_ahead_price,xgb_oof_train,valley,segment_model,2025-12-31 00:15:00,weekly,dayofweek,0.004603251814842224
day_ahead_price,xgb_oof_train,valley,segment_model,2025-12-31 00:15:00,weekly,slot96,0.014568934217095375
day_ahead_price,xgb_oof_train,valley,segment_model,2025-12-31 00:15:00,weekly,sin_slot96,0.009869554080069065
day_ahead_price,xgb_oof_train,valley,segment_model,2025-12-31 00:15:00,weekly,cos_slot96,0.005727456882596016
day_ahead_price,xgb_oof_train,valley,segment_model,2025-12-31 00:15:00,weekly,is_holiday,0.003955460619181395
day_ahead_price,xgb_oof_train,valley,segment_model,2025-12-31 00:15:00,weekly,is_workday,0.002395656891167164
day_ahead_price,xgb_oof_train,valley,segment_model,2025-12-31 00:15:00,weekly,is_weekend,0.0
day_ahead_price,xgb_oof_train,valley,segment_model,2025-12-31 00:15:00,weekly,is_makeup_workday,0.0
day_ahead_price,xgb_oof_train,valley,segment_model,2025-12-31 00:15:00,weekly,before_holiday_1d,0.011206402443349361
day_ahead_price,xgb_oof_train,valley,segment_model,2025-12-31 00:15:00,weekly,after_holiday_1d,0.003483857261016965
day_ahead_price,xgb_oof_train,valley,segment_model,2025-12-31 00:15:00,weekly,holiday_name_Dragon Boat Festival,0.0
day_ahead_price,xgb_oof_train,valley,segment_model,2025-12-31 00:15:00,weekly,holiday_name_Labour Day,0.0
day_ahead_price,xgb_oof_train,valley,segment_model,2025-12-31 00:15:00,weekly,holiday_name_Mid-autumn Festival,0.0
day_ahead_price,xgb_oof_train,valley,segment_model,2025-12-31 00:15:00,weekly,holiday_name_National Day,0.002226949203759432
day_ahead_price,xgb_oof_train,valley,segment_model,2025-12-31 00:15:00,weekly,holiday_name_New Year's Day,0.0
day_ahead_price,xgb_oof_train,valley,segment_model,2025-12-31 00:15:00,weekly,holiday_name_None,0.003887192578986287
day_ahead_price,xgb_oof_train,valley,segment_model,2025-12-31 00:15:00,weekly,holiday_name_Spring Festival,0.0
day_ahead_price,xgb_oof_train,valley,segment_model,2025-12-31 00:15:00,weekly,holiday_name_Tomb-sweeping Day,0.0
day_ahead_price,xgb_oof_train,flat,segment_model,2025-12-31 00:15:00,weekly,lag_1,0.5240042209625244
day_ahead_price,xgb_oof_train,flat,segment_model,2025-12-31 00:15:00,weekly,lag_2,0.02082134038209915
day_ahead_price,xgb_oof_train,flat,segment_model,2025-12-31 00:15:00,weekly,lag_4,0.006617709528654814
day_ahead_price,xgb_oof_train,flat,segment_model,2025-12-31 00:15:00,weekly,lag_96,0.026858380064368248
day_ahead_price,xgb_oof_train,flat,segment_model,2025-12-31 00:15:00,weekly,lag_192,0.007167770527303219
day_ahead_price,xgb_oof_train,flat,segment_model,2025-12-31 00:15:00,weekly,lag_672,0.013463985174894333
day_ahead_price,xgb_oof_train,flat,segment_model,2025-12-31 00:15:00,weekly,roll_mean_4,0.2093958854675293
day_ahead_price,xgb_oof_train,flat,segment_model,2025-12-31 00:15:00,weekly,roll_mean_16,0.012369570322334766
day_ahead_price,xgb_oof_train,flat,segment_model,2025-12-31 00:15:00,weekly,roll_mean_96,0.010693510994315147
day_ahead_price,xgb_oof_train,flat,segment_model,2025-12-31 00:15:00,weekly,roll_mean_672,0.008591748774051666
day_ahead_price,xgb_oof_train,flat,segment_model,2025-12-31 00:15:00,weekly,roll_std_96,0.005836800206452608
day_ahead_price,xgb_oof_train,flat,segment_model,2025-12-31 00:15:00,weekly,diff_1,0.014459413476288319
day_ahead_price,xgb_oof_train,flat,segment_model,2025-12-31 00:15:00,weekly,diff_96,0.012883128598332405
day_ahead_price,xgb_oof_train,flat,segment_model,2025-12-31 00:15:00,weekly,hour,0.013134435750544071
day_ahead_price,xgb_oof_train,flat,segment_model,2025-12-31 00:15:00,weekly,minute,0.02110949531197548
day_ahead_price,xgb_oof_train,flat,segment_model,2025-12-31 00:15:00,weekly,dayofweek,0.013997150585055351
day_ahead_price,xgb_oof_train,flat,segment_model,2025-12-31 00:15:00,weekly,slot96,0.014763569459319115
day_ahead_price,xgb_oof_train,flat,segment_model,2025-12-31 00:15:00,weekly,sin_slot96,0.044642940163612366
day_ahead_price,xgb_oof_train,flat,segment_model,2025-12-31 00:15:00,weekly,cos_slot96,0.007807592395693064
day_ahead_price,xgb_oof_train,flat,segment_model,2025-12-31 00:15:00,weekly,is_holiday,0.011096654459834099
day_ahead_price,xgb_oof_train,flat,segment_model,2025-12-31 00:15:00,weekly,is_workday,0.0
day_ahead_price,xgb_oof_train,flat,segment_model,2025-12-31 00:15:00,weekly,is_weekend,0.0
day_ahead_price,xgb_oof_train,flat,segment_model,2025-12-31 00:15:00,weekly,is_makeup_workday,0.0
day_ahead_price,xgb_oof_train,flat,segment_model,2025-12-31 00:15:00,weekly,before_holiday_1d,0.0
day_ahead_price,xgb_oof_train,flat,segment_model,2025-12-31 00:15:00,weekly,after_holiday_1d,0.0
day_ahead_price,xgb_oof_train,flat,segment_model,2025-12-31 00:15:00,weekly,holiday_name_Dragon Boat Festival,0.0
day_ahead_price,xgb_oof_train,flat,segment_model,2025-12-31 00:15:00,weekly,holiday_name_Labour Day,0.0
day_ahead_price,xgb_oof_train,flat,segment_model,2025-12-31 00:15:00,weekly,holiday_name_Mid-autumn Festival,0.0
day_ahead_price,xgb_oof_train,flat,segment_model,2025-12-31 00:15:00,weekly,holiday_name_National Day,0.0002846553979907185
day_ahead_price,xgb_oof_train,flat,segment_model,2025-12-31 00:15:00,weekly,holiday_name_New Year's Day,0.0
day_ahead_price,xgb_oof_train,flat,segment_model,2025-12-31 00:15:00,weekly,holiday_name_None,0.0
day_ahead_price,xgb_oof_train,flat,segment_model,2025-12-31 00:15:00,weekly,holiday_name_Spring Festival,0.0
day_ahead_price,xgb_oof_train,flat,segment_model,2025-12-31 00:15:00,weekly,holiday_name_Tomb-sweeping Day,0.0
day_ahead_price,xgb_oof_train,peak,segment_model,2025-12-31 00:15:00,weekly,lag_1,0.38231679797172546
day_ahead_price,xgb_oof_train,peak,segment_model,2025-12-31 00:15:00,weekly,lag_2,0.01466886792331934
day_ahead_price,xgb_oof_train,peak,segment_model,2025-12-31 00:15:00,weekly,lag_4,0.010098396800458431
day_ahead_price,xgb_oof_train,peak,segment_model,2025-12-31 00:15:00,weekly,lag_96,0.012261727824807167
day_ahead_price,xgb_oof_train,peak,segment_model,2025-12-31 00:15:00,weekly,lag_192,0.024000080302357674
day_ahead_price,xgb_oof_train,peak,segment_model,2025-12-31 00:15:00,weekly,lag_672,0.00845261663198471
day_ahead_price,xgb_oof_train,peak,segment_model,2025-12-31 00:15:00,weekly,roll_mean_4,0.37603241205215454
day_ahead_price,xgb_oof_train,peak,segment_model,2025-12-31 00:15:00,weekly,roll_mean_16,0.01433576550334692
day_ahead_price,xgb_oof_train,peak,segment_model,2025-12-31 00:15:00,weekly,roll_mean_96,0.013477648608386517
day_ahead_price,xgb_oof_train,peak,segment_model,2025-12-31 00:15:00,weekly,roll_mean_672,0.004717623814940453
day_ahead_price,xgb_oof_train,peak,segment_model,2025-12-31 00:15:00,weekly,roll_std_96,0.006005686707794666
day_ahead_price,xgb_oof_train,peak,segment_model,2025-12-31 00:15:00,weekly,diff_1,0.012488299049437046
day_ahead_price,xgb_oof_train,peak,segment_model,2025-12-31 00:15:00,weekly,diff_96,0.009321668185293674
day_ahead_price,xgb_oof_train,peak,segment_model,2025-12-31 00:15:00,weekly,hour,0.011895584873855114
day_ahead_price,xgb_oof_train,peak,segment_model,2025-12-31 00:15:00,weekly,minute,0.006495291832834482
day_ahead_price,xgb_oof_train,peak,segment_model,2025-12-31 00:15:00,weekly,dayofweek,0.005108355078846216
day_ahead_price,xgb_oof_train,peak,segment_model,2025-12-31 00:15:00,weekly,slot96,0.011364818550646305
day_ahead_price,xgb_oof_train,peak,segment_model,2025-12-31 00:15:00,weekly,sin_slot96,0.023584263399243355
day_ahead_price,xgb_oof_train,peak,segment_model,2025-12-31 00:15:00,weekly,cos_slot96,0.006436379160732031
day_ahead_price,xgb_oof_train,peak,segment_model,2025-12-31 00:15:00,weekly,is_holiday,0.010794129222631454
day_ahead_price,xgb_oof_train,peak,segment_model,2025-12-31 00:15:00,weekly,is_workday,0.0
day_ahead_price,xgb_oof_train,peak,segment_model,2025-12-31 00:15:00,weekly,is_weekend,0.0
day_ahead_price,xgb_oof_train,peak,segment_model,2025-12-31 00:15:00,weekly,is_makeup_workday,0.0
day_ahead_price,xgb_oof_train,peak,segment_model,2025-12-31 00:15:00,weekly,before_holiday_1d,0.0
day_ahead_price,xgb_oof_train,peak,segment_model,2025-12-31 00:15:00,weekly,after_holiday_1d,0.0
day_ahead_price,xgb_oof_train,peak,segment_model,2025-12-31 00:15:00,weekly,holiday_name_Dragon Boat Festival,0.0
day_ahead_price,xgb_oof_train,peak,segment_model,2025-12-31 00:15:00,weekly,holiday_name_Labour Day,0.0
day_ahead_price,xgb_oof_train,peak,segment_model,2025-12-31 00:15:00,weekly,holiday_name_Mid-autumn Festival,0.0
day_ahead_price,xgb_oof_train,peak,segment_model,2025-12-31 00:15:00,weekly,holiday_name_National Day,0.0325360931456089
day_ahead_price,xgb_oof_train,peak,segment_model,2025-12-31 00:15:00,weekly,holiday_name_New Year's Day,0.0
day_ahead_price,xgb_oof_train,peak,segment_model,2025-12-31 00:15:00,weekly,holiday_name_None,0.0036074798554182053
day_ahead_price,xgb_oof_train,peak,segment_model,2025-12-31 00:15:00,weekly,holiday_name_Spring Festival,0.0
day_ahead_price,xgb_oof_train,peak,segment_model,2025-12-31 00:15:00,weekly,holiday_name_Tomb-sweeping Day,0.0
