target,scheme,segment,model_scope,retrain_time,event_type,feature,importance
spread_day_ahead_price,xgb_only_spread,all,global_model,2026-01-02,daily_retrain,lag_1,0.026749854907393456
spread_day_ahead_price,xgb_only_spread,all,global_model,2026-01-02,daily_retrain,lag_7,0.017602471634745598
spread_day_ahead_price,xgb_only_spread,all,global_model,2026-01-02,daily_retrain,lag_14,0.018029846251010895
spread_day_ahead_price,xgb_only_spread,all,global_model,2026-01-02,daily_retrain,lag_28,0.014725558459758759
spread_day_ahead_price,xgb_only_spread,all,global_model,2026-01-02,daily_retrain,roll_mean_3,0.017816493287682533
spread_day_ahead_price,xgb_only_spread,all,global_model,2026-01-02,daily_retrain,roll_mean_7,0.03149905800819397
spread_day_ahead_price,xgb_only_spread,all,global_model,2026-01-02,daily_retrain,roll_mean_14,0.026899734511971474
spread_day_ahead_price,xgb_only_spread,all,global_model,2026-01-02,daily_retrain,roll_std_7,0.01615000329911709
spread_day_ahead_price,xgb_only_spread,all,global_model,2026-01-02,daily_retrain,diff_1,0.0
spread_day_ahead_price,xgb_only_spread,all,global_model,2026-01-02,daily_retrain,diff_7,0.03488832712173462
spread_day_ahead_price,xgb_only_spread,all,global_model,2026-01-02,daily_retrain,dayofweek,0.018247919157147408
spread_day_ahead_price,xgb_only_spread,all,global_model,2026-01-02,daily_retrain,is_weekend,0.0
spread_day_ahead_price,xgb_only_spread,all,global_model,2026-01-02,daily_retrain,month,0.014605487696826458
spread_day_ahead_price,xgb_only_spread,all,global_model,2026-01-02,daily_retrain,is_holiday,0.4093892574310303
spread_day_ahead_price,xgb_only_spread,all,global_model,2026-01-02,daily_retrain,is_workday,0.3151217997074127
spread_day_ahead_price,xgb_only_spread,all,global_model,2026-01-02,daily_retrain,is_makeup_workday,0.0
spread_day_ahead_price,xgb_only_spread,all,global_model,2026-01-02,daily_retrain,before_holiday_1d,0.017998896539211273
spread_day_ahead_price,xgb_only_spread,all,global_model,2026-01-02,daily_retrain,after_holiday_1d,0.020275311544537544
spread_day_ahead_price,xgb_only_spread,all,global_model,2026-01-05,daily_retrain,lag_1,0.02755080536007881
spread_day_ahead_price,xgb_only_spread,all,global_model,2026-01-05,daily_retrain,lag_7,0.015672694891691208
spread_day_ahead_price,xgb_only_spread,all,global_model,2026-01-05,daily_retrain,lag_14,0.0197931956499815
spread_day_ahead_price,xgb_only_spread,all,global_model,2026-01-05,daily_retrain,lag_28,0.014995998702943325
spread_day_ahead_price,xgb_only_spread,all,global_model,2026-01-05,daily_retrain,roll_mean_3,0.02047155797481537
spread_day_ahead_price,xgb_only_spread,all,global_model,2026-01-05,daily_retrain,roll_mean_7,0.03433298319578171
spread_day_ahead_price,xgb_only_spread,all,global_model,2026-01-05,daily_retrain,roll_mean_14,0.02738286182284355
spread_day_ahead_price,xgb_only_spread,all,global_model,2026-01-05,daily_retrain,roll_std_7,0.017206495627760887
spread_day_ahead_price,xgb_only_spread,all,global_model,2026-01-05,daily_retrain,diff_1,0.0
spread_day_ahead_price,xgb_only_spread,all,global_model,2026-01-05,daily_retrain,diff_7,0.037786319851875305
spread_day_ahead_price,xgb_only_spread,all,global_model,2026-01-05,daily_retrain,dayofweek,0.03998104855418205
spread_day_ahead_price,xgb_only_spread,all,global_model,2026-01-05,daily_retrain,is_weekend,0.0
spread_day_ahead_price,xgb_only_spread,all,global_model,2026-01-05,daily_retrain,month,0.016075247898697853
spread_day_ahead_price,xgb_only_spread,all,global_model,2026-01-05,daily_retrain,is_holiday,0.3818008303642273
spread_day_ahead_price,xgb_only_spread,all,global_model,2026-01-05,daily_retrain,is_workday,0.2917346656322479
spread_day_ahead_price,xgb_only_spread,all,global_model,2026-01-05,daily_retrain,is_makeup_workday,0.0
spread_day_ahead_price,xgb_only_spread,all,global_model,2026-01-05,daily_retrain,before_holiday_1d,0.02421550825238228
spread_day_ahead_price,xgb_only_spread,all,global_model,2026-01-05,daily_retrain,after_holiday_1d,0.030999833717942238
spread_day_ahead_price,chronos_xgb_residual_spread_xgb_part,all,global_model,2026-01-02,daily_retrain,lag_1,0.036516644060611725
spread_day_ahead_price,chronos_xgb_residual_spread_xgb_part,all,global_model,2026-01-02,daily_retrain,lag_7,0.0389254167675972
spread_day_ahead_price,chronos_xgb_residual_spread_xgb_part,all,global_model,2026-01-02,daily_retrain,lag_14,0.06101032719016075
spread_day_ahead_price,chronos_xgb_residual_spread_xgb_part,all,global_model,2026-01-02,daily_retrain,lag_28,0.045821234583854675
spread_day_ahead_price,chronos_xgb_residual_spread_xgb_part,all,global_model,2026-01-02,daily_retrain,roll_mean_3,0.056375883519649506
spread_day_ahead_price,chronos_xgb_residual_spread_xgb_part,all,global_model,2026-01-02,daily_retrain,roll_mean_7,0.07244980335235596
spread_day_ahead_price,chronos_xgb_residual_spread_xgb_part,all,global_model,2026-01-02,daily_retrain,roll_mean_14,0.07053191214799881
spread_day_ahead_price,chronos_xgb_residual_spread_xgb_part,all,global_model,2026-01-02,daily_retrain,roll_std_7,0.05905396491289139
spread_day_ahead_price,chronos_xgb_residual_spread_xgb_part,all,global_model,2026-01-02,daily_retrain,diff_1,0.0
spread_day_ahead_price,chronos_xgb_residual_spread_xgb_part,all,global_model,2026-01-02,daily_retrain,diff_7,0.06660764664411545
spread_day_ahead_price,chronos_xgb_residual_spread_xgb_part,all,global_model,2026-01-02,daily_retrain,dayofweek,0.08195359259843826
spread_day_ahead_price,chronos_xgb_residual_spread_xgb_part,all,global_model,2026-01-02,daily_retrain,is_weekend,0.0
spread_day_ahead_price,chronos_xgb_residual_spread_xgb_part,all,global_model,2026-01-02,daily_retrain,month,0.06815535575151443
spread_day_ahead_price,chronos_xgb_residual_spread_xgb_part,all,global_model,2026-01-02,daily_retrain,is_holiday,0.12718512117862701
spread_day_ahead_price,chronos_xgb_residual_spread_xgb_part,all,global_model,2026-01-02,daily_retrain,is_workday,0.10450118035078049
spread_day_ahead_price,chronos_xgb_residual_spread_xgb_part,all,global_model,2026-01-02,daily_retrain,is_makeup_workday,0.0
spread_day_ahead_price,chronos_xgb_residual_spread_xgb_part,all,global_model,2026-01-02,daily_retrain,before_holiday_1d,0.04102451726794243
spread_day_ahead_price,chronos_xgb_residual_spread_xgb_part,all,global_model,2026-01-02,daily_retrain,after_holiday_1d,0.06988740712404251
spread_day_ahead_price,chronos_xgb_residual_spread_xgb_part,all,global_model,2026-01-05,daily_retrain,lag_1,0.03030785731971264
spread_day_ahead_price,chronos_xgb_residual_spread_xgb_part,all,global_model,2026-01-05,daily_retrain,lag_7,0.030998816713690758
spread_day_ahead_price,chronos_xgb_residual_spread_xgb_part,all,global_model,2026-01-05,daily_retrain,lag_14,0.04368608072400093
spread_day_ahead_price,chronos_xgb_residual_spread_xgb_part,all,global_model,2026-01-05,daily_retrain,lag_28,0.03644026070833206
spread_day_ahead_price,chronos_xgb_residual_spread_xgb_part,all,global_model,2026-01-05,daily_retrain,roll_mean_3,0.04472694918513298
spread_day_ahead_price,chronos_xgb_residual_spread_xgb_part,all,global_model,2026-01-05,daily_retrain,roll_mean_7,0.05982660874724388
spread_day_ahead_price,chronos_xgb_residual_spread_xgb_part,all,global_model,2026-01-05,daily_retrain,roll_mean_14,0.052200041711330414
spread_day_ahead_price,chronos_xgb_residual_spread_xgb_part,all,global_model,2026-01-05,daily_retrain,roll_std_7,0.04247549921274185
spread_day_ahead_price,chronos_xgb_residual_spread_xgb_part,all,global_model,2026-01-05,daily_retrain,diff_1,0.0
spread_day_ahead_price,chronos_xgb_residual_spread_xgb_part,all,global_model,2026-01-05,daily_retrain,diff_7,0.07074210792779922
spread_day_ahead_price,chronos_xgb_residual_spread_xgb_part,all,global_model,2026-01-05,daily_retrain,dayofweek,0.05998842418193817
spread_day_ahead_price,chronos_xgb_residual_spread_xgb_part,all,global_model,2026-01-05,daily_retrain,is_weekend,0.1910090446472168
spread_day_ahead_price,chronos_xgb_residual_spread_xgb_part,all,global_model,2026-01-05,daily_retrain,month,0.04628545045852661
spread_day_ahead_price,chronos_xgb_residual_spread_xgb_part,all,global_model,2026-01-05,daily_retrain,is_holiday,0.08884768933057785
spread_day_ahead_price,chronos_xgb_residual_spread_xgb_part,all,global_model,2026-01-05,daily_retrain,is_workday,0.07173129916191101
spread_day_ahead_price,chronos_xgb_residual_spread_xgb_part,all,global_model,2026-01-05,daily_retrain,is_makeup_workday,0.03048996441066265
spread_day_ahead_price,chronos_xgb_residual_spread_xgb_part,all,global_model,2026-01-05,daily_retrain,before_holiday_1d,0.03193800896406174
spread_day_ahead_price,chronos_xgb_residual_spread_xgb_part,all,global_model,2026-01-05,daily_retrain,after_holiday_1d,0.06830589473247528
spread_day_ahead_price,xgb_oof_train_spread,all,global_model,2025-01-31,daily_retrain,lag_1,0.01896236464381218
spread_day_ahead_price,xgb_oof_train_spread,all,global_model,2025-01-31,daily_retrain,lag_7,0.03856191039085388
spread_day_ahead_price,xgb_oof_train_spread,all,global_model,2025-01-31,daily_retrain,lag_14,0.10899027436971664
spread_day_ahead_price,xgb_oof_train_spread,all,global_model,2025-01-31,daily_retrain,lag_28,0.0
spread_day_ahead_price,xgb_oof_train_spread,all,global_model,2025-01-31,daily_retrain,roll_mean_3,0.04037148132920265
spread_day_ahead_price,xgb_oof_train_spread,all,global_model,2025-01-31,daily_retrain,roll_mean_7,0.07752364873886108
spread_day_ahead_price,xgb_oof_train_spread,all,global_model,2025-01-31,daily_retrain,roll_mean_14,0.15403670072555542
spread_day_ahead_price,xgb_oof_train_spread,all,global_model,2025-01-31,daily_retrain,roll_std_7,0.11799943447113037
spread_day_ahead_price,xgb_oof_train_spread,all,global_model,2025-01-31,daily_retrain,diff_1,0.0
spread_day_ahead_price,xgb_oof_train_spread,all,global_model,2025-01-31,daily_retrain,diff_7,0.13555730879306793
spread_day_ahead_price,xgb_oof_train_spread,all,global_model,2025-01-31,daily_retrain,dayofweek,0.05129652097821236
spread_day_ahead_price,xgb_oof_train_spread,all,global_model,2025-01-31,daily_retrain,is_weekend,0.0
spread_day_ahead_price,xgb_oof_train_spread,all,global_model,2025-01-31,daily_retrain,month,0.0
spread_day_ahead_price,xgb_oof_train_spread,all,global_model,2025-01-31,daily_retrain,is_holiday,0.20718294382095337
spread_day_ahead_price,xgb_oof_train_spread,all,global_model,2025-01-31,daily_retrain,is_workday,0.0068955267779529095
spread_day_ahead_price,xgb_oof_train_spread,all,global_model,2025-01-31,daily_retrain,is_makeup_workday,0.0
spread_day_ahead_price,xgb_oof_train_spread,all,global_model,2025-01-31,daily_retrain,before_holiday_1d,0.03632513806223869
spread_day_ahead_price,xgb_oof_train_spread,all,global_model,2025-01-31,daily_retrain,after_holiday_1d,0.0062967389822006226
spread_day_ahead_price,xgb_oof_train_spread,all,global_model,2025-02-03,daily_retrain,lag_1,0.01826312579214573
spread_day_ahead_price,xgb_oof_train_spread,all,global_model,2025-02-03,daily_retrain,lag_7,0.031537462025880814
spread_day_ahead_price,xgb_oof_train_spread,all,global_model,2025-02-03,daily_retrain,lag_14,0.10438051074743271
spread_day_ahead_price,xgb_oof_train_spread,all,global_model,2025-02-03,daily_retrain,lag_28,0.01803705282509327
spread_day_ahead_price,xgb_oof_train_spread,all,global_model,2025-02-03,daily_retrain,roll_mean_3,0.03855056315660477
spread_day_ahead_price,xgb_oof_train_spread,all,global_model,2025-02-03,daily_retrain,roll_mean_7,0.06890410929918289
spread_day_ahead_price,xgb_oof_train_spread,all,global_model,2025-02-03,daily_retrain,roll_mean_14,0.1403997242450714
spread_day_ahead_price,xgb_oof_train_spread,all,global_model,2025-02-03,daily_retrain,roll_std_7,0.10265552997589111
spread_day_ahead_price,xgb_oof_train_spread,all,global_model,2025-02-03,daily_retrain,diff_1,0.0
spread_day_ahead_price,xgb_oof_train_spread,all,global_model,2025-02-03,daily_retrain,diff_7,0.10624034702777863
spread_day_ahead_price,xgb_oof_train_spread,all,global_model,2025-02-03,daily_retrain,dayofweek,0.050475068390369415
spread_day_ahead_price,xgb_oof_train_spread,all,global_model,2025-02-03,daily_retrain,is_weekend,0.0
spread_day_ahead_price,xgb_oof_train_spread,all,global_model,2025-02-03,daily_retrain,month,0.0
spread_day_ahead_price,xgb_oof_train_spread,all,global_model,2025-02-03,daily_retrain,is_holiday,0.22659222781658173
spread_day_ahead_price,xgb_oof_train_spread,all,global_model,2025-02-03,daily_retrain,is_workday,0.0
spread_day_ahead_price,xgb_oof_train_spread,all,global_model,2025-02-03,daily_retrain,is_makeup_workday,0.0
spread_day_ahead_price,xgb_oof_train_spread,all,global_model,2025-02-03,daily_retrain,before_holiday_1d,0.03367840126156807
spread_day_ahead_price,xgb_oof_train_spread,all,global_model,2025-02-03,daily_retrain,after_holiday_1d,0.06028592213988304
spread_day_ahead_price,xgb_oof_train_spread,all,global_model,2025-02-06,daily_retrain,lag_1,0.01684560254216194
spread_day_ahead_price,xgb_oof_train_spread,all,global_model,2025-02-06,daily_retrain,lag_7,0.02097727544605732
spread_day_ahead_price,xgb_oof_train_spread,all,global_model,2025-02-06,daily_retrain,lag_14,0.05102941021323204
spread_day_ahead_price,xgb_oof_train_spread,all,global_model,2025-02-06,daily_retrain,lag_28,0.07086263597011566
spread_day_ahead_price,xgb_oof_train_spread,all,global_model,2025-02-06,daily_retrain,roll_mean_3,0.024052754044532776
spread_day_ahead_price,xgb_oof_train_spread,all,global_model,2025-02-06,daily_retrain,roll_mean_7,0.10702862590551376
spread_day_ahead_price,xgb_oof_train_spread,all,global_model,2025-02-06,daily_retrain,roll_mean_14,0.1864088475704193
spread_day_ahead_price,xgb_oof_train_spread,all,global_model,2025-02-06,daily_retrain,roll_std_7,0.12762339413166046
spread_day_ahead_price,xgb_oof_train_spread,all,global_model,2025-02-06,daily_retrain,diff_1,0.0
spread_day_ahead_price,xgb_oof_train_spread,all,global_model,2025-02-06,daily_retrain,diff_7,0.06323760747909546
spread_day_ahead_price,xgb_oof_train_spread,all,global_model,2025-02-06,daily_retrain,dayofweek,0.09902959316968918
spread_day_ahead_price,xgb_oof_train_spread,all,global_model,2025-02-06,daily_retrain,is_weekend,0.0
spread_day_ahead_price,xgb_oof_train_spread,all,global_model,2025-02-06,daily_retrain,month,0.0
spread_day_ahead_price,xgb_oof_train_spread,all,global_model,2025-02-06,daily_retrain,is_holiday,0.17193594574928284
spread_day_ahead_price,xgb_oof_train_spread,all,global_model,2025-02-06,daily_retrain,is_workday,0.0
spread_day_ahead_price,xgb_oof_train_spread,all,global_model,2025-02-06,daily_retrain,is_makeup_workday,0.0
spread_day_ahead_price,xgb_oof_train_spread,all,global_model,2025-02-06,daily_retrain,before_holiday_1d,0.010640159249305725
spread_day_ahead_price,xgb_oof_train_spread,all,global_model,2025-02-06,daily_retrain,after_holiday_1d,0.05032813176512718
spread_day_ahead_price,xgb_oof_train_spread,all,global_model,2025-02-10,daily_retrain,lag_1,0.02845219522714615
spread_day_ahead_price,xgb_oof_train_spread,all,global_model,2025-02-10,daily_retrain,lag_7,0.01870032399892807
spread_day_ahead_price,xgb_oof_train_spread,all,global_model,2025-02-10,daily_retrain,lag_14,0.03414221107959747
spread_day_ahead_price,xgb_oof_train_spread,all,global_model,2025-02-10,daily_retrain,lag_28,0.04477858915925026
spread_day_ahead_price,xgb_oof_train_spread,all,global_model,2025-02-10,daily_retrain,roll_mean_3,0.1045667827129364
spread_day_ahead_price,xgb_oof_train_spread,all,global_model,2025-02-10,daily_retrain,roll_mean_7,0.05662835016846657
spread_day_ahead_price,xgb_oof_train_spread,all,global_model,2025-02-10,daily_retrain,roll_mean_14,0.0886920690536499
spread_day_ahead_price,xgb_oof_train_spread,all,global_model,2025-02-10,daily_retrain,roll_std_7,0.0695347860455513
spread_day_ahead_price,xgb_oof_train_spread,all,global_model,2025-02-10,daily_retrain,diff_1,0.0
spread_day_ahead_price,xgb_oof_train_spread,all,global_model,2025-02-10,daily_retrain,diff_7,0.0557195246219635
spread_day_ahead_price,xgb_oof_train_spread,all,global_model,2025-02-10,daily_retrain,dayofweek,0.06299804151058197
spread_day_ahead_price,xgb_oof_train_spread,all,global_model,2025-02-10,daily_retrain,is_weekend,0.0
spread_day_ahead_price,xgb_oof_train_spread,all,global_model,2025-02-10,daily_retrain,month,0.16672416031360626
spread_day_ahead_price,xgb_oof_train_spread,all,global_model,2025-02-10,daily_retrain,is_holiday,0.23730690777301788
spread_day_ahead_price,xgb_oof_train_spread,all,global_model,2025-02-10,daily_retrain,is_workday,0.0
spread_day_ahead_price,xgb_oof_train_spread,all,global_model,2025-02-10,daily_retrain,is_makeup_workday,0.0
spread_day_ahead_price,xgb_oof_train_spread,all,global_model,2025-02-10,daily_retrain,before_holiday_1d,0.017402831465005875
spread_day_ahead_price,xgb_oof_train_spread,all,global_model,2025-02-10,daily_retrain,after_holiday_1d,0.01435326598584652
spread_day_ahead_price,xgb_oof_train_spread,all,global_model,2025-02-13,daily_retrain,lag_1,0.0419326014816761
spread_day_ahead_price,xgb_oof_train_spread,all,global_model,2025-02-13,daily_retrain,lag_7,0.03315768018364906
spread_day_ahead_price,xgb_oof_train_spread,all,global_model,2025-02-13,daily_retrain,lag_14,0.05537104234099388
spread_day_ahead_price,xgb_oof_train_spread,all,global_model,2025-02-13,daily_retrain,lag_28,0.0948285460472107
spread_day_ahead_price,xgb_oof_train_spread,all,global_model,2025-02-13,daily_retrain,roll_mean_3,0.0378287173807621
spread_day_ahead_price,xgb_oof_train_spread,all,global_model,2025-02-13,daily_retrain,roll_mean_7,0.07168634980916977
spread_day_ahead_price,xgb_oof_train_spread,all,global_model,2025-02-13,daily_retrain,roll_mean_14,0.11938302218914032
spread_day_ahead_price,xgb_oof_train_spread,all,global_model,2025-02-13,daily_retrain,roll_std_7,0.050770994275808334
spread_day_ahead_price,xgb_oof_train_spread,all,global_model,2025-02-13,daily_retrain,diff_1,0.0
spread_day_ahead_price,xgb_oof_train_spread,all,global_model,2025-02-13,daily_retrain,diff_7,0.07824365794658661
spread_day_ahead_price,xgb_oof_train_spread,all,global_model,2025-02-13,daily_retrain,dayofweek,0.0705580860376358
spread_day_ahead_price,xgb_oof_train_spread,all,global_model,2025-02-13,daily_retrain,is_weekend,0.0
spread_day_ahead_price,xgb_oof_train_spread,all,global_model,2025-02-13,daily_retrain,month,0.16340312361717224
spread_day_ahead_price,xgb_oof_train_spread,all,global_model,2025-02-13,daily_retrain,is_holiday,0.17109350860118866
spread_day_ahead_price,xgb_oof_train_spread,all,global_model,2025-02-13,daily_retrain,is_workday,0.0
spread_day_ahead_price,xgb_oof_train_spread,all,global_model,2025-02-13,daily_retrain,is_makeup_workday,0.0
spread_day_ahead_price,xgb_oof_train_spread,all,global_model,2025-02-13,daily_retrain,before_holiday_1d,0.011742629110813141
spread_day_ahead_price,xgb_oof_train_spread,all,global_model,2025-02-13,daily_retrain,after_holiday_1d,0.0
spread_day_ahead_price,xgb_oof_train_spread,all,global_model,2025-02-17,daily_retrain,lag_1,0.043752823024988174
spread_day_ahead_price,xgb_oof_train_spread,all,global_model,2025-02-17,daily_retrain,lag_7,0.03626123443245888
spread_day_ahead_price,xgb_oof_train_spread,all,global_model,2025-02-17,daily_retrain,lag_14,0.05512970685958862
spread_day_ahead_price,xgb_oof_train_spread,all,global_model,2025-02-17,daily_retrain,lag_28,0.07676980644464493
spread_day_ahead_price,xgb_oof_train_spread,all,global_model,2025-02-17,daily_retrain,roll_mean_3,0.035334404557943344
spread_day_ahead_price,xgb_oof_train_spread,all,global_model,2025-02-17,daily_retrain,roll_mean_7,0.06941188126802444
spread_day_ahead_price,xgb_oof_train_spread,all,global_model,2025-02-17,daily_retrain,roll_mean_14,0.12048505246639252
spread_day_ahead_price,xgb_oof_train_spread,all,global_model,2025-02-17,daily_retrain,roll_std_7,0.048745304346084595
spread_day_ahead_price,xgb_oof_train_spread,all,global_model,2025-02-17,daily_retrain,diff_1,0.0
spread_day_ahead_price,xgb_oof_train_spread,all,global_model,2025-02-17,daily_retrain,diff_7,0.08589185774326324
spread_day_ahead_price,xgb_oof_train_spread,all,global_model,2025-02-17,daily_retrain,dayofweek,0.0644846260547638
spread_day_ahead_price,xgb_oof_train_spread,all,global_model,2025-02-17,daily_retrain,is_weekend,0.0
spread_day_ahead_price,xgb_oof_train_spread,all,global_model,2025-02-17,daily_retrain,month,0.1702061891555786
spread_day_ahead_price,xgb_oof_train_spread,all,global_model,2025-02-17,daily_retrain,is_holiday,0.17967286705970764
spread_day_ahead_price,xgb_oof_train_spread,all,global_model,2025-02-17,daily_retrain,is_workday,0.0
spread_day_ahead_price,xgb_oof_train_spread,all,global_model,2025-02-17,daily_retrain,is_makeup_workday,0.0
spread_day_ahead_price,xgb_oof_train_spread,all,global_model,2025-02-17,daily_retrain,before_holiday_1d,0.013854202814400196
spread_day_ahead_price,xgb_oof_train_spread,all,global_model,2025-02-17,daily_retrain,after_holiday_1d,0.0
spread_day_ahead_price,xgb_oof_train_spread,all,global_model,2025-02-20,daily_retrain,lag_1,0.04264560341835022
spread_day_ahead_price,xgb_oof_train_spread,all,global_model,2025-02-20,daily_retrain,lag_7,0.03977733477950096
spread_day_ahead_price,xgb_oof_train_spread,all,global_model,2025-02-20,daily_retrain,lag_14,0.07451306283473969
spread_day_ahead_price,xgb_oof_train_spread,all,global_model,2025-02-20,daily_retrain,lag_28,0.06017380207777023
spread_day_ahead_price,xgb_oof_train_spread,all,global_model,2025-02-20,daily_retrain,roll_mean_3,0.05730140209197998
spread_day_ahead_price,xgb_oof_train_spread,all,global_model,2025-02-20,daily_retrain,roll_mean_7,0.056451912969350815
spread_day_ahead_price,xgb_oof_train_spread,all,global_model,2025-02-20,daily_retrain,roll_mean_14,0.10121189802885056
spread_day_ahead_price,xgb_oof_train_spread,all,global_model,2025-02-20,daily_retrain,roll_std_7,0.043536826968193054
spread_day_ahead_price,xgb_oof_train_spread,all,global_model,2025-02-20,daily_retrain,diff_1,0.0
spread_day_ahead_price,xgb_oof_train_spread,all,global_model,2025-02-20,daily_retrain,diff_7,0.10188420861959457
spread_day_ahead_price,xgb_oof_train_spread,all,global_model,2025-02-20,daily_retrain,dayofweek,0.0610894151031971
spread_day_ahead_price,xgb_oof_train_spread,all,global_model,2025-02-20,daily_retrain,is_weekend,0.0
spread_day_ahead_price,xgb_oof_train_spread,all,global_model,2025-02-20,daily_retrain,month,0.19338630139827728
spread_day_ahead_price,xgb_oof_train_spread,all,global_model,2025-02-20,daily_retrain,is_holiday,0.16802822053432465
spread_day_ahead_price,xgb_oof_train_spread,all,global_model,2025-02-20,daily_retrain,is_workday,0.0
spread_day_ahead_price,xgb_oof_train_spread,all,global_model,2025-02-20,daily_retrain,is_makeup_workday,0.0
spread_day_ahead_price,xgb_oof_train_spread,all,global_model,2025-02-20,daily_retrain,before_holiday_1d,0.0
spread_day_ahead_price,xgb_oof_train_spread,all,global_model,2025-02-20,daily_retrain,after_holiday_1d,0.0
spread_day_ahead_price,xgb_oof_train_spread,all,global_model,2025-02-24,daily_retrain,lag_1,0.042254216969013214
spread_day_ahead_price,xgb_oof_train_spread,all,global_model,2025-02-24,daily_retrain,lag_7,0.048816926777362823
spread_day_ahead_price,xgb_oof_train_spread,all,global_model,2025-02-24,daily_retrain,lag_14,0.08631380647420883
spread_day_ahead_price,xgb_oof_train_spread,all,global_model,2025-02-24,daily_retrain,lag_28,0.040358252823352814
spread_day_ahead_price,xgb_oof_train_spread,all,global_model,2025-02-24,daily_retrain,roll_mean_3,0.04179136082530022
spread_day_ahead_price,xgb_oof_train_spread,all,global_model,2025-02-24,daily_retrain,roll_mean_7,0.06706982105970383
spread_day_ahead_price,xgb_oof_train_spread,all,global_model,2025-02-24,daily_retrain,roll_mean_14,0.0664534717798233
spread_day_ahead_price,xgb_oof_train_spread,all,global_model,2025-02-24,daily_retrain,roll_std_7,0.04495095834136009
spread_day_ahead_price,xgb_oof_train_spread,all,global_model,2025-02-24,daily_retrain,diff_1,0.0
spread_day_ahead_price,xgb_oof_train_spread,all,global_model,2025-02-24,daily_retrain,diff_7,0.10279244929552078
spread_day_ahead_price,xgb_oof_train_spread,all,global_model,2025-02-24,daily_retrain,dayofweek,0.07024455070495605
spread_day_ahead_price,xgb_oof_train_spread,all,global_model,2025-02-24,daily_retrain,is_weekend,0.0
spread_day_ahead_price,xgb_oof_train_spread,all,global_model,2025-02-24,daily_retrain,month,0.20220157504081726
spread_day_ahead_price,xgb_oof_train_spread,all,global_model,2025-02-24,daily_retrain,is_holiday,0.1867525428533554
spread_day_ahead_price,xgb_oof_train_spread,all,global_model,2025-02-24,daily_retrain,is_workday,0.0
spread_day_ahead_price,xgb_oof_train_spread,all,global_model,2025-02-24,daily_retrain,is_makeup_workday,0.0
spread_day_ahead_price,xgb_oof_train_spread,all,global_model,2025-02-24,daily_retrain,before_holiday_1d,0.0
spread_day_ahead_price,xgb_oof_train_spread,all,global_model,2025-02-24,daily_retrain,after_holiday_1d,0.0
spread_day_ahead_price,xgb_oof_train_spread,all,global_model,2025-02-27,daily_retrain,lag_1,0.036884624511003494
spread_day_ahead_price,xgb_oof_train_spread,all,global_model,2025-02-27,daily_retrain,lag_7,0.030907288193702698
spread_day_ahead_price,xgb_oof_train_spread,all,global_model,2025-02-27,daily_retrain,lag_14,0.060761675238609314
spread_day_ahead_price,xgb_oof_train_spread,all,global_model,2025-02-27,daily_retrain,lag_28,0.04493536055088043
spread_day_ahead_price,xgb_oof_train_spread,all,global_model,2025-02-27,daily_retrain,roll_mean_3,0.0257406122982502
spread_day_ahead_price,xgb_oof_train_spread,all,global_model,2025-02-27,daily_retrain,roll_mean_7,0.05312453210353851
spread_day_ahead_price,xgb_oof_train_spread,all,global_model,2025-02-27,daily_retrain,roll_mean_14,0.06650281697511673
spread_day_ahead_price,xgb_oof_train_spread,all,global_model,2025-02-27,daily_retrain,roll_std_7,0.056102387607097626
spread_day_ahead_price,xgb_oof_train_spread,all,global_model,2025-02-27,daily_retrain,diff_1,0.0
spread_day_ahead_price,xgb_oof_train_spread,all,global_model,2025-02-27,daily_retrain,diff_7,0.10042145103216171
spread_day_ahead_price,xgb_oof_train_spread,all,global_model,2025-02-27,daily_retrain,dayofweek,0.037090592086315155
spread_day_ahead_price,xgb_oof_train_spread,all,global_model,2025-02-27,daily_retrain,is_weekend,0.0
spread_day_ahead_price,xgb_oof_train_spread,all,global_model,2025-02-27,daily_retrain,month,0.23585538566112518
spread_day_ahead_price,xgb_oof_train_spread,all,global_model,2025-02-27,daily_retrain,is_holiday,0.20877479016780853
spread_day_ahead_price,xgb_oof_train_spread,all,global_model,2025-02-27,daily_retrain,is_workday,0.0
spread_day_ahead_price,xgb_oof_train_spread,all,global_model,2025-02-27,daily_retrain,is_makeup_workday,0.0
spread_day_ahead_price,xgb_oof_train_spread,all,global_model,2025-02-27,daily_retrain,before_holiday_1d,0.029753657057881355
spread_day_ahead_price,xgb_oof_train_spread,all,global_model,2025-02-27,daily_retrain,after_holiday_1d,0.01314482931047678
spread_day_ahead_price,xgb_oof_train_spread,all,global_model,2025-03-03,daily_retrain,lag_1,0.028854459524154663
spread_day_ahead_price,xgb_oof_train_spread,all,global_model,2025-03-03,daily_retrain,lag_7,0.03761662170290947
spread_day_ahead_price,xgb_oof_train_spread,all,global_model,2025-03-03,daily_retrain,lag_14,0.06341605633497238
spread_day_ahead_price,xgb_oof_train_spread,all,global_model,2025-03-03,daily_retrain,lag_28,0.025550786405801773
spread_day_ahead_price,xgb_oof_train_spread,all,global_model,2025-03-03,daily_retrain,roll_mean_3,0.03024970553815365
spread_day_ahead_price,xgb_oof_train_spread,all,global_model,2025-03-03,daily_retrain,roll_mean_7,0.05462173372507095
spread_day_ahead_price,xgb_oof_train_spread,all,global_model,2025-03-03,daily_retrain,roll_mean_14,0.05797598138451576
spread_day_ahead_price,xgb_oof_train_spread,all,global_model,2025-03-03,daily_retrain,roll_std_7,0.0576908253133297
spread_day_ahead_price,xgb_oof_train_spread,all,global_model,2025-03-03,daily_retrain,diff_1,0.0
spread_day_ahead_price,xgb_oof_train_spread,all,global_model,2025-03-03,daily_retrain,diff_7,0.11112958192825317
spread_day_ahead_price,xgb_oof_train_spread,all,global_model,2025-03-03,daily_retrain,dayofweek,0.04022634029388428
spread_day_ahead_price,xgb_oof_train_spread,all,global_model,2025-03-03,daily_retrain,is_weekend,0.0
spread_day_ahead_price,xgb_oof_train_spread,all,global_model,2025-03-03,daily_retrain,month,0.24660587310791016
spread_day_ahead_price,xgb_oof_train_spread,all,global_model,2025-03-03,daily_retrain,is_holiday,0.2028123438358307
spread_day_ahead_price,xgb_oof_train_spread,all,global_model,2025-03-03,daily_retrain,is_workday,0.0
spread_day_ahead_price,xgb_oof_train_spread,all,global_model,2025-03-03,daily_retrain,is_makeup_workday,0.0
spread_day_ahead_price,xgb_oof_train_spread,all,global_model,2025-03-03,daily_retrain,before_holiday_1d,0.030702538788318634
spread_day_ahead_price,xgb_oof_train_spread,all,global_model,2025-03-03,daily_retrain,after_holiday_1d,0.012547105550765991
spread_day_ahead_price,xgb_oof_train_spread,all,global_model,2025-03-06,daily_retrain,lag_1,0.03219016268849373
spread_day_ahead_price,xgb_oof_train_spread,all,global_model,2025-03-06,daily_retrain,lag_7,0.03313076123595238
spread_day_ahead_price,xgb_oof_train_spread,all,global_model,2025-03-06,daily_retrain,lag_14,0.06342992186546326
spread_day_ahead_price,xgb_oof_train_spread,all,global_model,2025-03-06,daily_retrain,lag_28,0.03445032984018326
spread_day_ahead_price,xgb_oof_train_spread,all,global_model,2025-03-06,daily_retrain,roll_mean_3,0.03448352590203285
spread_day_ahead_price,xgb_oof_train_spread,all,global_model,2025-03-06,daily_retrain,roll_mean_7,0.06176573038101196
spread_day_ahead_price,xgb_oof_train_spread,all,global_model,2025-03-06,daily_retrain,roll_mean_14,0.05727259814739227
spread_day_ahead_price,xgb_oof_train_spread,all,global_model,2025-03-06,daily_retrain,roll_std_7,0.06893934309482574
spread_day_ahead_price,xgb_oof_train_spread,all,global_model,2025-03-06,daily_retrain,diff_1,0.0
spread_day_ahead_price,xgb_oof_train_spread,all,global_model,2025-03-06,daily_retrain,diff_7,0.10752628743648529
spread_day_ahead_price,xgb_oof_train_spread,all,global_model,2025-03-06,daily_retrain,dayofweek,0.05058255419135094
spread_day_ahead_price,xgb_oof_train_spread,all,global_model,2025-03-06,daily_retrain,is_weekend,0.0
spread_day_ahead_price,xgb_oof_train_spread,all,global_model,2025-03-06,daily_retrain,month,0.23356477916240692
spread_day_ahead_price,xgb_oof_train_spread,all,global_model,2025-03-06,daily_retrain,is_holiday,0.222664013504982
spread_day_ahead_price,xgb_oof_train_spread,all,global_model,2025-03-06,daily_retrain,is_workday,0.0
spread_day_ahead_price,xgb_oof_train_spread,all,global_model,2025-03-06,daily_retrain,is_makeup_workday,0.0
spread_day_ahead_price,xgb_oof_train_spread,all,global_model,2025-03-06,daily_retrain,before_holiday_1d,0.0
spread_day_ahead_price,xgb_oof_train_spread,all,global_model,2025-03-06,daily_retrain,after_holiday_1d,0.0
spread_day_ahead_price,xgb_oof_train_spread,all,global_model,2025-03-10,daily_retrain,lag_1,0.040457334369421005
spread_day_ahead_price,xgb_oof_train_spread,all,global_model,2025-03-10,daily_retrain,lag_7,0.028025435283780098
spread_day_ahead_price,xgb_oof_train_spread,all,global_model,2025-03-10,daily_retrain,lag_14,0.058716658502817154
spread_day_ahead_price,xgb_oof_train_spread,all,global_model,2025-03-10,daily_retrain,lag_28,0.04484531283378601
spread_day_ahead_price,xgb_oof_train_spread,all,global_model,2025-03-10,daily_retrain,roll_mean_3,0.04590175300836563
spread_day_ahead_price,xgb_oof_train_spread,all,global_model,2025-03-10,daily_retrain,roll_mean_7,0.05607002228498459
spread_day_ahead_price,xgb_oof_train_spread,all,global_model,2025-03-10,daily_retrain,roll_mean_14,0.058633025735616684
spread_day_ahead_price,xgb_oof_train_spread,all,global_model,2025-03-10,daily_retrain,roll_std_7,0.05560682341456413
spread_day_ahead_price,xgb_oof_train_spread,all,global_model,2025-03-10,daily_retrain,diff_1,0.0
spread_day_ahead_price,xgb_oof_train_spread,all,global_model,2025-03-10,daily_retrain,diff_7,0.08343998342752457
spread_day_ahead_price,xgb_oof_train_spread,all,global_model,2025-03-10,daily_retrain,dayofweek,0.04580174759030342
spread_day_ahead_price,xgb_oof_train_spread,all,global_model,2025-03-10,daily_retrain,is_weekend,0.0
spread_day_ahead_price,xgb_oof_train_spread,all,global_model,2025-03-10,daily_retrain,month,0.22111380100250244
spread_day_ahead_price,xgb_oof_train_spread,all,global_model,2025-03-10,daily_retrain,is_holiday,0.20202098786830902
spread_day_ahead_price,xgb_oof_train_spread,all,global_model,2025-03-10,daily_retrain,is_workday,0.0
spread_day_ahead_price,xgb_oof_train_spread,all,global_model,2025-03-10,daily_retrain,is_makeup_workday,0.0
spread_day_ahead_price,xgb_oof_train_spread,all,global_model,2025-03-10,daily_retrain,before_holiday_1d,0.04947686940431595
spread_day_ahead_price,xgb_oof_train_spread,all,global_model,2025-03-10,daily_retrain,after_holiday_1d,0.009890256449580193
spread_day_ahead_price,xgb_oof_train_spread,all,global_model,2025-03-13,daily_retrain,lag_1,0.030202815309166908
spread_day_ahead_price,xgb_oof_train_spread,all,global_model,2025-03-13,daily_retrain,lag_7,0.018417494371533394
spread_day_ahead_price,xgb_oof_train_spread,all,global_model,2025-03-13,daily_retrain,lag_14,0.06576298922300339
spread_day_ahead_price,xgb_oof_train_spread,all,global_model,2025-03-13,daily_retrain,lag_28,0.031394112855196
spread_day_ahead_price,xgb_oof_train_spread,all,global_model,2025-03-13,daily_retrain,roll_mean_3,0.04350093752145767
spread_day_ahead_price,xgb_oof_train_spread,all,global_model,2025-03-13,daily_retrain,roll_mean_7,0.05195660889148712
spread_day_ahead_price,xgb_oof_train_spread,all,global_model,2025-03-13,daily_retrain,roll_mean_14,0.06651008129119873
spread_day_ahead_price,xgb_oof_train_spread,all,global_model,2025-03-13,daily_retrain,roll_std_7,0.05705997347831726
spread_day_ahead_price,xgb_oof_train_spread,all,global_model,2025-03-13,daily_retrain,diff_1,0.0
spread_day_ahead_price,xgb_oof_train_spread,all,global_model,2025-03-13,daily_retrain,diff_7,0.07369885593652725
spread_day_ahead_price,xgb_oof_train_spread,all,global_model,2025-03-13,daily_retrain,dayofweek,0.04175012558698654
spread_day_ahead_price,xgb_oof_train_spread,all,global_model,2025-03-13,daily_retrain,is_weekend,0.0
spread_day_ahead_price,xgb_oof_train_spread,all,global_model,2025-03-13,daily_retrain,month,0.2606906592845917
spread_day_ahead_price,xgb_oof_train_spread,all,global_model,2025-03-13,daily_retrain,is_holiday,0.1996108889579773
spread_day_ahead_price,xgb_oof_train_spread,all,global_model,2025-03-13,daily_retrain,is_workday,0.0
spread_day_ahead_price,xgb_oof_train_spread,all,global_model,2025-03-13,daily_retrain,is_makeup_workday,0.0
spread_day_ahead_price,xgb_oof_train_spread,all,global_model,2025-03-13,daily_retrain,before_holiday_1d,0.014833144843578339
spread_day_ahead_price,xgb_oof_train_spread,all,global_model,2025-03-13,daily_retrain,after_holiday_1d,0.04461134225130081
spread_day_ahead_price,xgb_oof_train_spread,all,global_model,2025-03-17,daily_retrain,lag_1,0.034659553319215775
spread_day_ahead_price,xgb_oof_train_spread,all,global_model,2025-03-17,daily_retrain,lag_7,0.020507220178842545
spread_day_ahead_price,xgb_oof_train_spread,all,global_model,2025-03-17,daily_retrain,lag_14,0.06448795646429062
spread_day_ahead_price,xgb_oof_train_spread,all,global_model,2025-03-17,daily_retrain,lag_28,0.0313727892935276
spread_day_ahead_price,xgb_oof_train_spread,all,global_model,2025-03-17,daily_retrain,roll_mean_3,0.08048933744430542
spread_day_ahead_price,xgb_oof_train_spread,all,global_model,2025-03-17,daily_retrain,roll_mean_7,0.051962945610284805
spread_day_ahead_price,xgb_oof_train_spread,all,global_model,2025-03-17,daily_retrain,roll_mean_14,0.08470971137285233
spread_day_ahead_price,xgb_oof_train_spread,all,global_model,2025-03-17,daily_retrain,roll_std_7,0.06751478463411331
spread_day_ahead_price,xgb_oof_train_spread,all,global_model,2025-03-17,daily_retrain,diff_1,0.0
spread_day_ahead_price,xgb_oof_train_spread,all,global_model,2025-03-17,daily_retrain,diff_7,0.08570025116205215
spread_day_ahead_price,xgb_oof_train_spread,all,global_model,2025-03-17,daily_retrain,dayofweek,0.04664934426546097
spread_day_ahead_price,xgb_oof_train_spread,all,global_model,2025-03-17,daily_retrain,is_weekend,0.0
spread_day_ahead_price,xgb_oof_train_spread,all,global_model,2025-03-17,daily_retrain,month,0.2405720055103302
spread_day_ahead_price,xgb_oof_train_spread,all,global_model,2025-03-17,daily_retrain,is_holiday,0.16752281785011292
spread_day_ahead_price,xgb_oof_train_spread,all,global_model,2025-03-17,daily_retrain,is_workday,0.0
spread_day_ahead_price,xgb_oof_train_spread,all,global_model,2025-03-17,daily_retrain,is_makeup_workday,0.0
spread_day_ahead_price,xgb_oof_train_spread,all,global_model,2025-03-17,daily_retrain,before_holiday_1d,0.023851342499256134
spread_day_ahead_price,xgb_oof_train_spread,all,global_model,2025-03-17,daily_retrain,after_holiday_1d,0.0
spread_day_ahead_price,xgb_oof_train_spread,all,global_model,2025-03-20,daily_retrain,lag_1,0.03158990293741226
spread_day_ahead_price,xgb_oof_train_spread,all,global_model,2025-03-20,daily_retrain,lag_7,0.016066566109657288
spread_day_ahead_price,xgb_oof_train_spread,all,global_model,2025-03-20,daily_retrain,lag_14,0.06308233737945557
spread_day_ahead_price,xgb_oof_train_spread,all,global_model,2025-03-20,daily_retrain,lag_28,0.03610533848404884
spread_day_ahead_price,xgb_oof_train_spread,all,global_model,2025-03-20,daily_retrain,roll_mean_3,0.033585093915462494
spread_day_ahead_price,xgb_oof_train_spread,all,global_model,2025-03-20,daily_retrain,roll_mean_7,0.04646483063697815
spread_day_ahead_price,xgb_oof_train_spread,all,global_model,2025-03-20,daily_retrain,roll_mean_14,0.061552803963422775
spread_day_ahead_price,xgb_oof_train_spread,all,global_model,2025-03-20,daily_retrain,roll_std_7,0.056611668318510056
spread_day_ahead_price,xgb_oof_train_spread,all,global_model,2025-03-20,daily_retrain,diff_1,0.0
spread_day_ahead_price,xgb_oof_train_spread,all,global_model,2025-03-20,daily_retrain,diff_7,0.08118882775306702
spread_day_ahead_price,xgb_oof_train_spread,all,global_model,2025-03-20,daily_retrain,dayofweek,0.046709612011909485
spread_day_ahead_price,xgb_oof_train_spread,all,global_model,2025-03-20,daily_retrain,is_weekend,0.0
spread_day_ahead_price,xgb_oof_train_spread,all,global_model,2025-03-20,daily_retrain,month,0.24071139097213745
spread_day_ahead_price,xgb_oof_train_spread,all,global_model,2025-03-20,daily_retrain,is_holiday,0.2688097357749939
spread_day_ahead_price,xgb_oof_train_spread,all,global_model,2025-03-20,daily_retrain,is_workday,0.0
spread_day_ahead_price,xgb_oof_train_spread,all,global_model,2025-03-20,daily_retrain,is_makeup_workday,0.0
spread_day_ahead_price,xgb_oof_train_spread,all,global_model,2025-03-20,daily_retrain,before_holiday_1d,0.0109575679525733
spread_day_ahead_price,xgb_oof_train_spread,all,global_model,2025-03-20,daily_retrain,after_holiday_1d,0.0065643060952425
spread_day_ahead_price,xgb_oof_train_spread,all,global_model,2025-03-24,daily_retrain,lag_1,0.043728284537792206
spread_day_ahead_price,xgb_oof_train_spread,all,global_model,2025-03-24,daily_retrain,lag_7,0.02233606018126011
spread_day_ahead_price,xgb_oof_train_spread,all,global_model,2025-03-24,daily_retrain,lag_14,0.06520047783851624
spread_day_ahead_price,xgb_oof_train_spread,all,global_model,2025-03-24,daily_retrain,lag_28,0.05816677212715149
spread_day_ahead_price,xgb_oof_train_spread,all,global_model,2025-03-24,daily_retrain,roll_mean_3,0.034224025905132294
spread_day_ahead_price,xgb_oof_train_spread,all,global_model,2025-03-24,daily_retrain,roll_mean_7,0.053281281143426895
spread_day_ahead_price,xgb_oof_train_spread,all,global_model,2025-03-24,daily_retrain,roll_mean_14,0.0599060021340847
spread_day_ahead_price,xgb_oof_train_spread,all,global_model,2025-03-24,daily_retrain,roll_std_7,0.07470078021287918
spread_day_ahead_price,xgb_oof_train_spread,all,global_model,2025-03-24,daily_retrain,diff_1,0.0
spread_day_ahead_price,xgb_oof_train_spread,all,global_model,2025-03-24,daily_retrain,diff_7,0.116854727268219
spread_day_ahead_price,xgb_oof_train_spread,all,global_model,2025-03-24,daily_retrain,dayofweek,0.056977279484272
spread_day_ahead_price,xgb_oof_train_spread,all,global_model,2025-03-24,daily_retrain,is_weekend,0.0
spread_day_ahead_price,xgb_oof_train_spread,all,global_model,2025-03-24,daily_retrain,month,0.20187677443027496
spread_day_ahead_price,xgb_oof_train_spread,all,global_model,2025-03-24,daily_retrain,is_holiday,0.18769364058971405
spread_day_ahead_price,xgb_oof_train_spread,all,global_model,2025-03-24,daily_retrain,is_workday,0.0
spread_day_ahead_price,xgb_oof_train_spread,all,global_model,2025-03-24,daily_retrain,is_makeup_workday,0.0
spread_day_ahead_price,xgb_oof_train_spread,all,global_model,2025-03-24,daily_retrain,before_holiday_1d,0.025053903460502625
spread_day_ahead_price,xgb_oof_train_spread,all,global_model,2025-03-24,daily_retrain,after_holiday_1d,0.0
spread_day_ahead_price,xgb_oof_train_spread,all,global_model,2025-03-27,daily_retrain,lag_1,0.05502019077539444
spread_day_ahead_price,xgb_oof_train_spread,all,global_model,2025-03-27,daily_retrain,lag_7,0.028595371171832085
spread_day_ahead_price,xgb_oof_train_spread,all,global_model,2025-03-27,daily_retrain,lag_14,0.08827085793018341
spread_day_ahead_price,xgb_oof_train_spread,all,global_model,2025-03-27,daily_retrain,lag_28,0.05266265198588371
spread_day_ahead_price,xgb_oof_train_spread,all,global_model,2025-03-27,daily_retrain,roll_mean_3,0.0947989895939827
spread_day_ahead_price,xgb_oof_train_spread,all,global_model,2025-03-27,daily_retrain,roll_mean_7,0.07515843212604523
spread_day_ahead_price,xgb_oof_train_spread,all,global_model,2025-03-27,daily_retrain,roll_mean_14,0.08949997276067734
spread_day_ahead_price,xgb_oof_train_spread,all,global_model,2025-03-27,daily_retrain,roll_std_7,0.10334665328264236
spread_day_ahead_price,xgb_oof_train_spread,all,global_model,2025-03-27,daily_retrain,diff_1,0.0
spread_day_ahead_price,xgb_oof_train_spread,all,global_model,2025-03-27,daily_retrain,diff_7,0.056008778512477875
spread_day_ahead_price,xgb_oof_train_spread,all,global_model,2025-03-27,daily_retrain,dayofweek,0.06335607171058655
spread_day_ahead_price,xgb_oof_train_spread,all,global_model,2025-03-27,daily_retrain,is_weekend,0.0
spread_day_ahead_price,xgb_oof_train_spread,all,global_model,2025-03-27,daily_retrain,month,0.04174540564417839
spread_day_ahead_price,xgb_oof_train_spread,all,global_model,2025-03-27,daily_retrain,is_holiday,0.16370631754398346
spread_day_ahead_price,xgb_oof_train_spread,all,global_model,2025-03-27,daily_retrain,is_workday,0.0
spread_day_ahead_price,xgb_oof_train_spread,all,global_model,2025-03-27,daily_retrain,is_makeup_workday,0.0
spread_day_ahead_price,xgb_oof_train_spread,all,global_model,2025-03-27,daily_retrain,before_holiday_1d,0.021285878494381905
spread_day_ahead_price,xgb_oof_train_spread,all,global_model,2025-03-27,daily_retrain,after_holiday_1d,0.06654438376426697
spread_day_ahead_price,xgb_oof_train_spread,all,global_model,2025-04-01,daily_retrain,lag_1,0.05887217819690704
spread_day_ahead_price,xgb_oof_train_spread,all,global_model,2025-04-01,daily_retrain,lag_7,0.03471732512116432
spread_day_ahead_price,xgb_oof_train_spread,all,global_model,2025-04-01,daily_retrain,lag_14,0.08422497659921646
spread_day_ahead_price,xgb_oof_train_spread,all,global_model,2025-04-01,daily_retrain,lag_28,0.04978169500827789
spread_day_ahead_price,xgb_oof_train_spread,all,global_model,2025-04-01,daily_retrain,roll_mean_3,0.08958225697278976
spread_day_ahead_price,xgb_oof_train_spread,all,global_model,2025-04-01,daily_retrain,roll_mean_7,0.06889015436172485
spread_day_ahead_price,xgb_oof_train_spread,all,global_model,2025-04-01,daily_retrain,roll_mean_14,0.09094352275133133
spread_day_ahead_price,xgb_oof_train_spread,all,global_model,2025-04-01,daily_retrain,roll_std_7,0.092457115650177
spread_day_ahead_price,xgb_oof_train_spread,all,global_model,2025-04-01,daily_retrain,diff_1,0.0
spread_day_ahead_price,xgb_oof_train_spread,all,global_model,2025-04-01,daily_retrain,diff_7,0.06064534932374954
spread_day_ahead_price,xgb_oof_train_spread,all,global_model,2025-04-01,daily_retrain,dayofweek,0.057320937514305115
spread_day_ahead_price,xgb_oof_train_spread,all,global_model,2025-04-01,daily_retrain,is_weekend,0.0
spread_day_ahead_price,xgb_oof_train_spread,all,global_model,2025-04-01,daily_retrain,month,0.043434903025627136
spread_day_ahead_price,xgb_oof_train_spread,all,global_model,2025-04-01,daily_retrain,is_holiday,0.16525503993034363
spread_day_ahead_price,xgb_oof_train_spread,all,global_model,2025-04-01,daily_retrain,is_workday,0.0
spread_day_ahead_price,xgb_oof_train_spread,all,global_model,2025-04-01,daily_retrain,is_makeup_workday,0.0
spread_day_ahead_price,xgb_oof_train_spread,all,global_model,2025-04-01,daily_retrain,before_holiday_1d,0.022087683901190758
spread_day_ahead_price,xgb_oof_train_spread,all,global_model,2025-04-01,daily_retrain,after_holiday_1d,0.08178681135177612
spread_day_ahead_price,xgb_oof_train_spread,all,global_model,2025-04-05,daily_retrain,lag_1,0.06373421847820282
spread_day_ahead_price,xgb_oof_train_spread,all,global_model,2025-04-05,daily_retrain,lag_7,0.039350274950265884
spread_day_ahead_price,xgb_oof_train_spread,all,global_model,2025-04-05,daily_retrain,lag_14,0.07789715379476547
spread_day_ahead_price,xgb_oof_train_spread,all,global_model,2025-04-05,daily_retrain,lag_28,0.044044770300388336
spread_day_ahead_price,xgb_oof_train_spread,all,global_model,2025-04-05,daily_retrain,roll_mean_3,0.07264605164527893
spread_day_ahead_price,xgb_oof_train_spread,all,global_model,2025-04-05,daily_retrain,roll_mean_7,0.0655345767736435
spread_day_ahead_price,xgb_oof_train_spread,all,global_model,2025-04-05,daily_retrain,roll_mean_14,0.11072298139333725
spread_day_ahead_price,xgb_oof_train_spread,all,global_model,2025-04-05,daily_retrain,roll_std_7,0.05868967995047569
spread_day_ahead_price,xgb_oof_train_spread,all,global_model,2025-04-05,daily_retrain,diff_1,0.0
spread_day_ahead_price,xgb_oof_train_spread,all,global_model,2025-04-05,daily_retrain,diff_7,0.05604700371623039
spread_day_ahead_price,xgb_oof_train_spread,all,global_model,2025-04-05,daily_retrain,dayofweek,0.056372448801994324
spread_day_ahead_price,xgb_oof_train_spread,all,global_model,2025-04-05,daily_retrain,is_weekend,0.0
spread_day_ahead_price,xgb_oof_train_spread,all,global_model,2025-04-05,daily_retrain,month,0.022268613800406456
spread_day_ahead_price,xgb_oof_train_spread,all,global_model,2025-04-05,daily_retrain,is_holiday,0.23197239637374878
spread_day_ahead_price,xgb_oof_train_spread,all,global_model,2025-04-05,daily_retrain,is_workday,0.0
spread_day_ahead_price,xgb_oof_train_spread,all,global_model,2025-04-05,daily_retrain,is_makeup_workday,0.0
spread_day_ahead_price,xgb_oof_train_spread,all,global_model,2025-04-05,daily_retrain,before_holiday_1d,0.04460007697343826
spread_day_ahead_price,xgb_oof_train_spread,all,global_model,2025-04-05,daily_retrain,after_holiday_1d,0.05611972510814667
spread_day_ahead_price,xgb_oof_train_spread,all,global_model,2025-04-08,daily_retrain,lag_1,0.055872369557619095
spread_day_ahead_price,xgb_oof_train_spread,all,global_model,2025-04-08,daily_retrain,lag_7,0.032178845256567
spread_day_ahead_price,xgb_oof_train_spread,all,global_model,2025-04-08,daily_retrain,lag_14,0.0840885266661644
spread_day_ahead_price,xgb_oof_train_spread,all,global_model,2025-04-08,daily_retrain,lag_28,0.03973185271024704
spread_day_ahead_price,xgb_oof_train_spread,all,global_model,2025-04-08,daily_retrain,roll_mean_3,0.09111593663692474
spread_day_ahead_price,xgb_oof_train_spread,all,global_model,2025-04-08,daily_retrain,roll_mean_7,0.08317424356937408
spread_day_ahead_price,xgb_oof_train_spread,all,global_model,2025-04-08,daily_retrain,roll_mean_14,0.09198761731386185
spread_day_ahead_price,xgb_oof_train_spread,all,global_model,2025-04-08,daily_retrain,roll_std_7,0.06676404178142548
spread_day_ahead_price,xgb_oof_train_spread,all,global_model,2025-04-08,daily_retrain,diff_1,0.0
spread_day_ahead_price,xgb_oof_train_spread,all,global_model,2025-04-08,daily_retrain,diff_7,0.06059112027287483
spread_day_ahead_price,xgb_oof_train_spread,all,global_model,2025-04-08,daily_retrain,dayofweek,0.0658339187502861
spread_day_ahead_price,xgb_oof_train_spread,all,global_model,2025-04-08,daily_retrain,is_weekend,0.0
spread_day_ahead_price,xgb_oof_train_spread,all,global_model,2025-04-08,daily_retrain,month,0.03280416876077652
spread_day_ahead_price,xgb_oof_train_spread,all,global_model,2025-04-08,daily_retrain,is_holiday,0.14069153368473053
spread_day_ahead_price,xgb_oof_train_spread,all,global_model,2025-04-08,daily_retrain,is_workday,0.0
spread_day_ahead_price,xgb_oof_train_spread,all,global_model,2025-04-08,daily_retrain,is_makeup_workday,0.0
spread_day_ahead_price,xgb_oof_train_spread,all,global_model,2025-04-08,daily_retrain,before_holiday_1d,0.08541571348905563
spread_day_ahead_price,xgb_oof_train_spread,all,global_model,2025-04-08,daily_retrain,after_holiday_1d,0.06975004076957703
spread_day_ahead_price,xgb_oof_train_spread,all,global_model,2025-04-11,daily_retrain,lag_1,0.05593384429812431
spread_day_ahead_price,xgb_oof_train_spread,all,global_model,2025-04-11,daily_retrain,lag_7,0.025151202455163002
spread_day_ahead_price,xgb_oof_train_spread,all,global_model,2025-04-11,daily_retrain,lag_14,0.07460825145244598
spread_day_ahead_price,xgb_oof_train_spread,all,global_model,2025-04-11,daily_retrain,lag_28,0.0292658731341362
spread_day_ahead_price,xgb_oof_train_spread,all,global_model,2025-04-11,daily_retrain,roll_mean_3,0.085281603038311
spread_day_ahead_price,xgb_oof_train_spread,all,global_model,2025-04-11,daily_retrain,roll_mean_7,0.06709524244070053
spread_day_ahead_price,xgb_oof_train_spread,all,global_model,2025-04-11,daily_retrain,roll_mean_14,0.08233116567134857
spread_day_ahead_price,xgb_oof_train_spread,all,global_model,2025-04-11,daily_retrain,roll_std_7,0.05770740285515785
spread_day_ahead_price,xgb_oof_train_spread,all,global_model,2025-04-11,daily_retrain,diff_1,0.0
spread_day_ahead_price,xgb_oof_train_spread,all,global_model,2025-04-11,daily_retrain,diff_7,0.053891535848379135
spread_day_ahead_price,xgb_oof_train_spread,all,global_model,2025-04-11,daily_retrain,dayofweek,0.06606097519397736
spread_day_ahead_price,xgb_oof_train_spread,all,global_model,2025-04-11,daily_retrain,is_weekend,0.0
spread_day_ahead_price,xgb_oof_train_spread,all,global_model,2025-04-11,daily_retrain,month,0.061929695308208466
spread_day_ahead_price,xgb_oof_train_spread,all,global_model,2025-04-11,daily_retrain,is_holiday,0.17295745015144348
spread_day_ahead_price,xgb_oof_train_spread,all,global_model,2025-04-11,daily_retrain,is_workday,0.0
spread_day_ahead_price,xgb_oof_train_spread,all,global_model,2025-04-11,daily_retrain,is_makeup_workday,0.0
spread_day_ahead_price,xgb_oof_train_spread,all,global_model,2025-04-11,daily_retrain,before_holiday_1d,0.10525742918252945
spread_day_ahead_price,xgb_oof_train_spread,all,global_model,2025-04-11,daily_retrain,after_holiday_1d,0.06252831220626831
spread_day_ahead_price,xgb_oof_train_spread,all,global_model,2025-04-14,daily_retrain,lag_1,0.06371960788965225
spread_day_ahead_price,xgb_oof_train_spread,all,global_model,2025-04-14,daily_retrain,lag_7,0.028646377846598625
spread_day_ahead_price,xgb_oof_train_spread,all,global_model,2025-04-14,daily_retrain,lag_14,0.08046932518482208
spread_day_ahead_price,xgb_oof_train_spread,all,global_model,2025-04-14,daily_retrain,lag_28,0.032652635127305984
spread_day_ahead_price,xgb_oof_train_spread,all,global_model,2025-04-14,daily_retrain,roll_mean_3,0.08671575039625168
spread_day_ahead_price,xgb_oof_train_spread,all,global_model,2025-04-14,daily_retrain,roll_mean_7,0.07043366879224777
spread_day_ahead_price,xgb_oof_train_spread,all,global_model,2025-04-14,daily_retrain,roll_mean_14,0.08250535279512405
spread_day_ahead_price,xgb_oof_train_spread,all,global_model,2025-04-14,daily_retrain,roll_std_7,0.06974680721759796
spread_day_ahead_price,xgb_oof_train_spread,all,global_model,2025-04-14,daily_retrain,diff_1,0.0
spread_day_ahead_price,xgb_oof_train_spread,all,global_model,2025-04-14,daily_retrain,diff_7,0.05083400383591652
spread_day_ahead_price,xgb_oof_train_spread,all,global_model,2025-04-14,daily_retrain,dayofweek,0.060999345034360886
spread_day_ahead_price,xgb_oof_train_spread,all,global_model,2025-04-14,daily_retrain,is_weekend,0.0
spread_day_ahead_price,xgb_oof_train_spread,all,global_model,2025-04-14,daily_retrain,month,0.048705022782087326
spread_day_ahead_price,xgb_oof_train_spread,all,global_model,2025-04-14,daily_retrain,is_holiday,0.13057179749011993
spread_day_ahead_price,xgb_oof_train_spread,all,global_model,2025-04-14,daily_retrain,is_workday,0.026184778660535812
spread_day_ahead_price,xgb_oof_train_spread,all,global_model,2025-04-14,daily_retrain,is_makeup_workday,0.0
spread_day_ahead_price,xgb_oof_train_spread,all,global_model,2025-04-14,daily_retrain,before_holiday_1d,0.10803581774234772
spread_day_ahead_price,xgb_oof_train_spread,all,global_model,2025-04-14,daily_retrain,after_holiday_1d,0.05977976322174072
spread_day_ahead_price,xgb_oof_train_spread,all,global_model,2025-04-17,daily_retrain,lag_1,0.06422888487577438
spread_day_ahead_price,xgb_oof_train_spread,all,global_model,2025-04-17,daily_retrain,lag_7,0.029439907521009445
spread_day_ahead_price,xgb_oof_train_spread,all,global_model,2025-04-17,daily_retrain,lag_14,0.08119312673807144
spread_day_ahead_price,xgb_oof_train_spread,all,global_model,2025-04-17,daily_retrain,lag_28,0.034262996166944504
spread_day_ahead_price,xgb_oof_train_spread,all,global_model,2025-04-17,daily_retrain,roll_mean_3,0.09489625692367554
spread_day_ahead_price,xgb_oof_train_spread,all,global_model,2025-04-17,daily_retrain,roll_mean_7,0.0708872601389885
spread_day_ahead_price,xgb_oof_train_spread,all,global_model,2025-04-17,daily_retrain,roll_mean_14,0.08160758763551712
spread_day_ahead_price,xgb_oof_train_spread,all,global_model,2025-04-17,daily_retrain,roll_std_7,0.07323732227087021
spread_day_ahead_price,xgb_oof_train_spread,all,global_model,2025-04-17,daily_retrain,diff_1,0.0
spread_day_ahead_price,xgb_oof_train_spread,all,global_model,2025-04-17,daily_retrain,diff_7,0.04759759455919266
spread_day_ahead_price,xgb_oof_train_spread,all,global_model,2025-04-17,daily_retrain,dayofweek,0.06265290081501007
spread_day_ahead_price,xgb_oof_train_spread,all,global_model,2025-04-17,daily_retrain,is_weekend,0.0
spread_day_ahead_price,xgb_oof_train_spread,all,global_model,2025-04-17,daily_retrain,month,0.04154804348945618
spread_day_ahead_price,xgb_oof_train_spread,all,global_model,2025-04-17,daily_retrain,is_holiday,0.20135748386383057
spread_day_ahead_price,xgb_oof_train_spread,all,global_model,2025-04-17,daily_retrain,is_workday,0.021287139505147934
spread_day_ahead_price,xgb_oof_train_spread,all,global_model,2025-04-17,daily_retrain,is_makeup_workday,0.0
spread_day_ahead_price,xgb_oof_train_spread,all,global_model,2025-04-17,daily_retrain,before_holiday_1d,0.06460320204496384
spread_day_ahead_price,xgb_oof_train_spread,all,global_model,2025-04-17,daily_retrain,after_holiday_1d,0.031200367957353592
spread_day_ahead_price,xgb_oof_train_spread,all,global_model,2025-04-21,daily_retrain,lag_1,0.06843145191669464
spread_day_ahead_price,xgb_oof_train_spread,all,global_model,2025-04-21,daily_retrain,lag_7,0.03416886553168297
spread_day_ahead_price,xgb_oof_train_spread,all,global_model,2025-04-21,daily_retrain,lag_14,0.06380212306976318
spread_day_ahead_price,xgb_oof_train_spread,all,global_model,2025-04-21,daily_retrain,lag_28,0.05033903196454048
spread_day_ahead_price,xgb_oof_train_spread,all,global_model,2025-04-21,daily_retrain,roll_mean_3,0.07993339747190475
spread_day_ahead_price,xgb_oof_train_spread,all,global_model,2025-04-21,daily_retrain,roll_mean_7,0.07223158329725266
spread_day_ahead_price,xgb_oof_train_spread,all,global_model,2025-04-21,daily_retrain,roll_mean_14,0.0774688571691513
spread_day_ahead_price,xgb_oof_train_spread,all,global_model,2025-04-21,daily_retrain,roll_std_7,0.07704740017652512
spread_day_ahead_price,xgb_oof_train_spread,all,global_model,2025-04-21,daily_retrain,diff_1,0.0
spread_day_ahead_price,xgb_oof_train_spread,all,global_model,2025-04-21,daily_retrain,diff_7,0.04933932423591614
spread_day_ahead_price,xgb_oof_train_spread,all,global_model,2025-04-21,daily_retrain,dayofweek,0.06055477261543274
spread_day_ahead_price,xgb_oof_train_spread,all,global_model,2025-04-21,daily_retrain,is_weekend,0.0
spread_day_ahead_price,xgb_oof_train_spread,all,global_model,2025-04-21,daily_retrain,month,0.04159718006849289
spread_day_ahead_price,xgb_oof_train_spread,all,global_model,2025-04-21,daily_retrain,is_holiday,0.21775877475738525
spread_day_ahead_price,xgb_oof_train_spread,all,global_model,2025-04-21,daily_retrain,is_workday,0.028666412457823753
spread_day_ahead_price,xgb_oof_train_spread,all,global_model,2025-04-21,daily_retrain,is_makeup_workday,0.0
spread_day_ahead_price,xgb_oof_train_spread,all,global_model,2025-04-21,daily_retrain,before_holiday_1d,0.06071415916085243
spread_day_ahead_price,xgb_oof_train_spread,all,global_model,2025-04-21,daily_retrain,after_holiday_1d,0.01794661395251751
spread_day_ahead_price,xgb_oof_train_spread,all,global_model,2025-04-24,daily_retrain,lag_1,0.06853782385587692
spread_day_ahead_price,xgb_oof_train_spread,all,global_model,2025-04-24,daily_retrain,lag_7,0.03370632976293564
spread_day_ahead_price,xgb_oof_train_spread,all,global_model,2025-04-24,daily_retrain,lag_14,0.0754241794347763
spread_day_ahead_price,xgb_oof_train_spread,all,global_model,2025-04-24,daily_retrain,lag_28,0.04828362911939621
spread_day_ahead_price,xgb_oof_train_spread,all,global_model,2025-04-24,daily_retrain,roll_mean_3,0.07694359123706818
spread_day_ahead_price,xgb_oof_train_spread,all,global_model,2025-04-24,daily_retrain,roll_mean_7,0.06603585183620453
spread_day_ahead_price,xgb_oof_train_spread,all,global_model,2025-04-24,daily_retrain,roll_mean_14,0.07496390491724014
spread_day_ahead_price,xgb_oof_train_spread,all,global_model,2025-04-24,daily_retrain,roll_std_7,0.06849755346775055
spread_day_ahead_price,xgb_oof_train_spread,all,global_model,2025-04-24,daily_retrain,diff_1,0.0
spread_day_ahead_price,xgb_oof_train_spread,all,global_model,2025-04-24,daily_retrain,diff_7,0.05716739967465401
spread_day_ahead_price,xgb_oof_train_spread,all,global_model,2025-04-24,daily_retrain,dayofweek,0.0657249167561531
spread_day_ahead_price,xgb_oof_train_spread,all,global_model,2025-04-24,daily_retrain,is_weekend,0.0
spread_day_ahead_price,xgb_oof_train_spread,all,global_model,2025-04-24,daily_retrain,month,0.05823468044400215
spread_day_ahead_price,xgb_oof_train_spread,all,global_model,2025-04-24,daily_retrain,is_holiday,0.13372457027435303
spread_day_ahead_price,xgb_oof_train_spread,all,global_model,2025-04-24,daily_retrain,is_workday,0.03168322518467903
spread_day_ahead_price,xgb_oof_train_spread,all,global_model,2025-04-24,daily_retrain,is_makeup_workday,0.0
spread_day_ahead_price,xgb_oof_train_spread,all,global_model,2025-04-24,daily_retrain,before_holiday_1d,0.09187120944261551
spread_day_ahead_price,xgb_oof_train_spread,all,global_model,2025-04-24,daily_retrain,after_holiday_1d,0.04920109361410141
spread_day_ahead_price,xgb_oof_train_spread,all,global_model,2025-04-27,daily_retrain,lag_1,0.07204156368970871
spread_day_ahead_price,xgb_oof_train_spread,all,global_model,2025-04-27,daily_retrain,lag_7,0.03395789489150047
spread_day_ahead_price,xgb_oof_train_spread,all,global_model,2025-04-27,daily_retrain,lag_14,0.07376614958047867
spread_day_ahead_price,xgb_oof_train_spread,all,global_model,2025-04-27,daily_retrain,lag_28,0.05430273711681366
spread_day_ahead_price,xgb_oof_train_spread,all,global_model,2025-04-27,daily_retrain,roll_mean_3,0.09348440170288086
spread_day_ahead_price,xgb_oof_train_spread,all,global_model,2025-04-27,daily_retrain,roll_mean_7,0.0763697624206543
spread_day_ahead_price,xgb_oof_train_spread,all,global_model,2025-04-27,daily_retrain,roll_mean_14,0.08249593526124954
spread_day_ahead_price,xgb_oof_train_spread,all,global_model,2025-04-27,daily_retrain,roll_std_7,0.07534707337617874
spread_day_ahead_price,xgb_oof_train_spread,all,global_model,2025-04-27,daily_retrain,diff_1,0.0
spread_day_ahead_price,xgb_oof_train_spread,all,global_model,2025-04-27,daily_retrain,diff_7,0.047998689115047455
spread_day_ahead_price,xgb_oof_train_spread,all,global_model,2025-04-27,daily_retrain,dayofweek,0.056717388331890106
spread_day_ahead_price,xgb_oof_train_spread,all,global_model,2025-04-27,daily_retrain,is_weekend,0.0
spread_day_ahead_price,xgb_oof_train_spread,all,global_model,2025-04-27,daily_retrain,month,0.06252826750278473
spread_day_ahead_price,xgb_oof_train_spread,all,global_model,2025-04-27,daily_retrain,is_holiday,0.12293320894241333
spread_day_ahead_price,xgb_oof_train_spread,all,global_model,2025-04-27,daily_retrain,is_workday,0.031800318509340286
spread_day_ahead_price,xgb_oof_train_spread,all,global_model,2025-04-27,daily_retrain,is_makeup_workday,0.0
spread_day_ahead_price,xgb_oof_train_spread,all,global_model,2025-04-27,daily_retrain,before_holiday_1d,0.06477503478527069
spread_day_ahead_price,xgb_oof_train_spread,all,global_model,2025-04-27,daily_retrain,after_holiday_1d,0.05148155987262726
spread_day_ahead_price,xgb_oof_train_spread,all,global_model,2025-04-30,daily_retrain,lag_1,0.06894100457429886
spread_day_ahead_price,xgb_oof_train_spread,all,global_model,2025-04-30,daily_retrain,lag_7,0.03651325777173042
spread_day_ahead_price,xgb_oof_train_spread,all,global_model,2025-04-30,daily_retrain,lag_14,0.06898024678230286
spread_day_ahead_price,xgb_oof_train_spread,all,global_model,2025-04-30,daily_retrain,lag_28,0.046892233192920685
spread_day_ahead_price,xgb_oof_train_spread,all,global_model,2025-04-30,daily_retrain,roll_mean_3,0.09841097891330719
spread_day_ahead_price,xgb_oof_train_spread,all,global_model,2025-04-30,daily_retrain,roll_mean_7,0.08120383322238922
spread_day_ahead_price,xgb_oof_train_spread,all,global_model,2025-04-30,daily_retrain,roll_mean_14,0.0827820748090744
spread_day_ahead_price,xgb_oof_train_spread,all,global_model,2025-04-30,daily_retrain,roll_std_7,0.0712912455201149
spread_day_ahead_price,xgb_oof_train_spread,all,global_model,2025-04-30,daily_retrain,diff_1,0.0
spread_day_ahead_price,xgb_oof_train_spread,all,global_model,2025-04-30,daily_retrain,diff_7,0.056915394961833954
spread_day_ahead_price,xgb_oof_train_spread,all,global_model,2025-04-30,daily_retrain,dayofweek,0.06302408128976822
spread_day_ahead_price,xgb_oof_train_spread,all,global_model,2025-04-30,daily_retrain,is_weekend,0.0
spread_day_ahead_price,xgb_oof_train_spread,all,global_model,2025-04-30,daily_retrain,month,0.06175285950303078
spread_day_ahead_price,xgb_oof_train_spread,all,global_model,2025-04-30,daily_retrain,is_holiday,0.13973692059516907
spread_day_ahead_price,xgb_oof_train_spread,all,global_model,2025-04-30,daily_retrain,is_workday,0.022620560601353645
spread_day_ahead_price,xgb_oof_train_spread,all,global_model,2025-04-30,daily_retrain,is_makeup_workday,0.0
spread_day_ahead_price,xgb_oof_train_spread,all,global_model,2025-04-30,daily_retrain,before_holiday_1d,0.06377261132001877
spread_day_ahead_price,xgb_oof_train_spread,all,global_model,2025-04-30,daily_retrain,after_holiday_1d,0.03716263547539711
spread_day_ahead_price,xgb_oof_train_spread,all,global_model,2025-05-06,daily_retrain,lag_1,0.06589245796203613
spread_day_ahead_price,xgb_oof_train_spread,all,global_model,2025-05-06,daily_retrain,lag_7,0.03812956437468529
spread_day_ahead_price,xgb_oof_train_spread,all,global_model,2025-05-06,daily_retrain,lag_14,0.06573926657438278
spread_day_ahead_price,xgb_oof_train_spread,all,global_model,2025-05-06,daily_retrain,lag_28,0.04347709193825722
spread_day_ahead_price,xgb_oof_train_spread,all,global_model,2025-05-06,daily_retrain,roll_mean_3,0.09505251049995422
spread_day_ahead_price,xgb_oof_train_spread,all,global_model,2025-05-06,daily_retrain,roll_mean_7,0.08028789609670639
spread_day_ahead_price,xgb_oof_train_spread,all,global_model,2025-05-06,daily_retrain,roll_mean_14,0.08294479548931122
spread_day_ahead_price,xgb_oof_train_spread,all,global_model,2025-05-06,daily_retrain,roll_std_7,0.06989774107933044
spread_day_ahead_price,xgb_oof_train_spread,all,global_model,2025-05-06,daily_retrain,diff_1,0.0
spread_day_ahead_price,xgb_oof_train_spread,all,global_model,2025-05-06,daily_retrain,diff_7,0.04972022771835327
spread_day_ahead_price,xgb_oof_train_spread,all,global_model,2025-05-06,daily_retrain,dayofweek,0.06490734219551086
spread_day_ahead_price,xgb_oof_train_spread,all,global_model,2025-05-06,daily_retrain,is_weekend,0.0
spread_day_ahead_price,xgb_oof_train_spread,all,global_model,2025-05-06,daily_retrain,month,0.05576961115002632
spread_day_ahead_price,xgb_oof_train_spread,all,global_model,2025-05-06,daily_retrain,is_holiday,0.13818056881427765
spread_day_ahead_price,xgb_oof_train_spread,all,global_model,2025-05-06,daily_retrain,is_workday,0.023050442337989807
spread_day_ahead_price,xgb_oof_train_spread,all,global_model,2025-05-06,daily_retrain,is_makeup_workday,0.0
spread_day_ahead_price,xgb_oof_train_spread,all,global_model,2025-05-06,daily_retrain,before_holiday_1d,0.09036822617053986
spread_day_ahead_price,xgb_oof_train_spread,all,global_model,2025-05-06,daily_retrain,after_holiday_1d,0.03658222034573555
spread_day_ahead_price,xgb_oof_train_spread,all,global_model,2025-05-14,daily_retrain,lag_1,0.07209791988134384
spread_day_ahead_price,xgb_oof_train_spread,all,global_model,2025-05-14,daily_retrain,lag_7,0.03868034854531288
spread_day_ahead_price,xgb_oof_train_spread,all,global_model,2025-05-14,daily_retrain,lag_14,0.06242932006716728
spread_day_ahead_price,xgb_oof_train_spread,all,global_model,2025-05-14,daily_retrain,lag_28,0.04349827766418457
spread_day_ahead_price,xgb_oof_train_spread,all,global_model,2025-05-14,daily_retrain,roll_mean_3,0.09719055145978928
spread_day_ahead_price,xgb_oof_train_spread,all,global_model,2025-05-14,daily_retrain,roll_mean_7,0.08903671056032181
spread_day_ahead_price,xgb_oof_train_spread,all,global_model,2025-05-14,daily_retrain,roll_mean_14,0.0874728262424469
spread_day_ahead_price,xgb_oof_train_spread,all,global_model,2025-05-14,daily_retrain,roll_std_7,0.07660551369190216
spread_day_ahead_price,xgb_oof_train_spread,all,global_model,2025-05-14,daily_retrain,diff_1,0.0
spread_day_ahead_price,xgb_oof_train_spread,all,global_model,2025-05-14,daily_retrain,diff_7,0.04604979231953621
spread_day_ahead_price,xgb_oof_train_spread,all,global_model,2025-05-14,daily_retrain,dayofweek,0.06011467054486275
spread_day_ahead_price,xgb_oof_train_spread,all,global_model,2025-05-14,daily_retrain,is_weekend,0.0
spread_day_ahead_price,xgb_oof_train_spread,all,global_model,2025-05-14,daily_retrain,month,0.07009486854076385
spread_day_ahead_price,xgb_oof_train_spread,all,global_model,2025-05-14,daily_retrain,is_holiday,0.12988755106925964
spread_day_ahead_price,xgb_oof_train_spread,all,global_model,2025-05-14,daily_retrain,is_workday,0.02237127535045147
spread_day_ahead_price,xgb_oof_train_spread,all,global_model,2025-05-14,daily_retrain,is_makeup_workday,0.0
spread_day_ahead_price,xgb_oof_train_spread,all,global_model,2025-05-14,daily_retrain,before_holiday_1d,0.06324656307697296
spread_day_ahead_price,xgb_oof_train_spread,all,global_model,2025-05-14,daily_retrain,after_holiday_1d,0.04122375696897507
spread_day_ahead_price,xgb_oof_train_spread,all,global_model,2025-05-17,daily_retrain,lag_1,0.07334057986736298
spread_day_ahead_price,xgb_oof_train_spread,all,global_model,2025-05-17,daily_retrain,lag_7,0.031193293631076813
spread_day_ahead_price,xgb_oof_train_spread,all,global_model,2025-05-17,daily_retrain,lag_14,0.05731388181447983
spread_day_ahead_price,xgb_oof_train_spread,all,global_model,2025-05-17,daily_retrain,lag_28,0.04766547679901123
spread_day_ahead_price,xgb_oof_train_spread,all,global_model,2025-05-17,daily_retrain,roll_mean_3,0.0930933728814125
spread_day_ahead_price,xgb_oof_train_spread,all,global_model,2025-05-17,daily_retrain,roll_mean_7,0.0827295258641243
spread_day_ahead_price,xgb_oof_train_spread,all,global_model,2025-05-17,daily_retrain,roll_mean_14,0.07614702731370926
spread_day_ahead_price,xgb_oof_train_spread,all,global_model,2025-05-17,daily_retrain,roll_std_7,0.06380897015333176
spread_day_ahead_price,xgb_oof_train_spread,all,global_model,2025-05-17,daily_retrain,diff_1,0.0
spread_day_ahead_price,xgb_oof_train_spread,all,global_model,2025-05-17,daily_retrain,diff_7,0.05296847224235535
spread_day_ahead_price,xgb_oof_train_spread,all,global_model,2025-05-17,daily_retrain,dayofweek,0.06325286626815796
spread_day_ahead_price,xgb_oof_train_spread,all,global_model,2025-05-17,daily_retrain,is_weekend,0.0
spread_day_ahead_price,xgb_oof_train_spread,all,global_model,2025-05-17,daily_retrain,month,0.06999831646680832
spread_day_ahead_price,xgb_oof_train_spread,all,global_model,2025-05-17,daily_retrain,is_holiday,0.09381385147571564
spread_day_ahead_price,xgb_oof_train_spread,all,global_model,2025-05-17,daily_retrain,is_workday,0.02090846560895443
spread_day_ahead_price,xgb_oof_train_spread,all,global_model,2025-05-17,daily_retrain,is_makeup_workday,0.0
spread_day_ahead_price,xgb_oof_train_spread,all,global_model,2025-05-17,daily_retrain,before_holiday_1d,0.10815460979938507
spread_day_ahead_price,xgb_oof_train_spread,all,global_model,2025-05-17,daily_retrain,after_holiday_1d,0.06561139225959778
spread_day_ahead_price,xgb_oof_train_spread,all,global_model,2025-05-20,daily_retrain,lag_1,0.07854320853948593
spread_day_ahead_price,xgb_oof_train_spread,all,global_model,2025-05-20,daily_retrain,lag_7,0.03821270540356636
spread_day_ahead_price,xgb_oof_train_spread,all,global_model,2025-05-20,daily_retrain,lag_14,0.06094968691468239
spread_day_ahead_price,xgb_oof_train_spread,all,global_model,2025-05-20,daily_retrain,lag_28,0.05049515143036842
spread_day_ahead_price,xgb_oof_train_spread,all,global_model,2025-05-20,daily_retrain,roll_mean_3,0.09318505227565765
spread_day_ahead_price,xgb_oof_train_spread,all,global_model,2025-05-20,daily_retrain,roll_mean_7,0.09825471043586731
spread_day_ahead_price,xgb_oof_train_spread,all,global_model,2025-05-20,daily_retrain,roll_mean_14,0.0777185931801796
spread_day_ahead_price,xgb_oof_train_spread,all,global_model,2025-05-20,daily_retrain,roll_std_7,0.08190583437681198
spread_day_ahead_price,xgb_oof_train_spread,all,global_model,2025-05-20,daily_retrain,diff_1,0.0
spread_day_ahead_price,xgb_oof_train_spread,all,global_model,2025-05-20,daily_retrain,diff_7,0.0564035102725029
spread_day_ahead_price,xgb_oof_train_spread,all,global_model,2025-05-20,daily_retrain,dayofweek,0.08557942509651184
spread_day_ahead_price,xgb_oof_train_spread,all,global_model,2025-05-20,daily_retrain,is_weekend,0.0
spread_day_ahead_price,xgb_oof_train_spread,all,global_model,2025-05-20,daily_retrain,month,0.08361276239156723
spread_day_ahead_price,xgb_oof_train_spread,all,global_model,2025-05-20,daily_retrain,is_holiday,0.11376781761646271
spread_day_ahead_price,xgb_oof_train_spread,all,global_model,2025-05-20,daily_retrain,is_workday,0.0
spread_day_ahead_price,xgb_oof_train_spread,all,global_model,2025-05-20,daily_retrain,is_makeup_workday,0.0
spread_day_ahead_price,xgb_oof_train_spread,all,global_model,2025-05-20,daily_retrain,before_holiday_1d,0.08137144148349762
spread_day_ahead_price,xgb_oof_train_spread,all,global_model,2025-05-20,daily_retrain,after_holiday_1d,0.0
spread_day_ahead_price,xgb_oof_train_spread,all,global_model,2025-05-23,daily_retrain,lag_1,0.07323424518108368
spread_day_ahead_price,xgb_oof_train_spread,all,global_model,2025-05-23,daily_retrain,lag_7,0.03891190141439438
spread_day_ahead_price,xgb_oof_train_spread,all,global_model,2025-05-23,daily_retrain,lag_14,0.06457702070474625
spread_day_ahead_price,xgb_oof_train_spread,all,global_model,2025-05-23,daily_retrain,lag_28,0.04520678520202637
spread_day_ahead_price,xgb_oof_train_spread,all,global_model,2025-05-23,daily_retrain,roll_mean_3,0.09368453174829483
spread_day_ahead_price,xgb_oof_train_spread,all,global_model,2025-05-23,daily_retrain,roll_mean_7,0.08155167102813721
spread_day_ahead_price,xgb_oof_train_spread,all,global_model,2025-05-23,daily_retrain,roll_mean_14,0.07369760423898697
spread_day_ahead_price,xgb_oof_train_spread,all,global_model,2025-05-23,daily_retrain,roll_std_7,0.07038336247205734
spread_day_ahead_price,xgb_oof_train_spread,all,global_model,2025-05-23,daily_retrain,diff_1,0.0
spread_day_ahead_price,xgb_oof_train_spread,all,global_model,2025-05-23,daily_retrain,diff_7,0.05046578496694565
spread_day_ahead_price,xgb_oof_train_spread,all,global_model,2025-05-23,daily_retrain,dayofweek,0.07707931101322174
spread_day_ahead_price,xgb_oof_train_spread,all,global_model,2025-05-23,daily_retrain,is_weekend,0.0
spread_day_ahead_price,xgb_oof_train_spread,all,global_model,2025-05-23,daily_retrain,month,0.06703617423772812
spread_day_ahead_price,xgb_oof_train_spread,all,global_model,2025-05-23,daily_retrain,is_holiday,0.10833770036697388
spread_day_ahead_price,xgb_oof_train_spread,all,global_model,2025-05-23,daily_retrain,is_workday,0.02269650623202324
spread_day_ahead_price,xgb_oof_train_spread,all,global_model,2025-05-23,daily_retrain,is_makeup_workday,0.0
spread_day_ahead_price,xgb_oof_train_spread,all,global_model,2025-05-23,daily_retrain,before_holiday_1d,0.11009979993104935
spread_day_ahead_price,xgb_oof_train_spread,all,global_model,2025-05-23,daily_retrain,after_holiday_1d,0.023037536069750786
spread_day_ahead_price,xgb_oof_train_spread,all,global_model,2025-05-26,daily_retrain,lag_1,0.06893220543861389
spread_day_ahead_price,xgb_oof_train_spread,all,global_model,2025-05-26,daily_retrain,lag_7,0.040551044046878815
spread_day_ahead_price,xgb_oof_train_spread,all,global_model,2025-05-26,daily_retrain,lag_14,0.06754641979932785
spread_day_ahead_price,xgb_oof_train_spread,all,global_model,2025-05-26,daily_retrain,lag_28,0.04836774989962578
spread_day_ahead_price,xgb_oof_train_spread,all,global_model,2025-05-26,daily_retrain,roll_mean_3,0.09353917837142944
spread_day_ahead_price,xgb_oof_train_spread,all,global_model,2025-05-26,daily_retrain,roll_mean_7,0.07910117506980896
spread_day_ahead_price,xgb_oof_train_spread,all,global_model,2025-05-26,daily_retrain,roll_mean_14,0.06712360680103302
spread_day_ahead_price,xgb_oof_train_spread,all,global_model,2025-05-26,daily_retrain,roll_std_7,0.07335031777620316
spread_day_ahead_price,xgb_oof_train_spread,all,global_model,2025-05-26,daily_retrain,diff_1,0.0
spread_day_ahead_price,xgb_oof_train_spread,all,global_model,2025-05-26,daily_retrain,diff_7,0.054562974721193314
spread_day_ahead_price,xgb_oof_train_spread,all,global_model,2025-05-26,daily_retrain,dayofweek,0.06248132139444351
spread_day_ahead_price,xgb_oof_train_spread,all,global_model,2025-05-26,daily_retrain,is_weekend,0.0
spread_day_ahead_price,xgb_oof_train_spread,all,global_model,2025-05-26,daily_retrain,month,0.06713265180587769
spread_day_ahead_price,xgb_oof_train_spread,all,global_model,2025-05-26,daily_retrain,is_holiday,0.1110379546880722
spread_day_ahead_price,xgb_oof_train_spread,all,global_model,2025-05-26,daily_retrain,is_workday,0.022378895431756973
spread_day_ahead_price,xgb_oof_train_spread,all,global_model,2025-05-26,daily_retrain,is_makeup_workday,0.0
spread_day_ahead_price,xgb_oof_train_spread,all,global_model,2025-05-26,daily_retrain,before_holiday_1d,0.1116504967212677
spread_day_ahead_price,xgb_oof_train_spread,all,global_model,2025-05-26,daily_retrain,after_holiday_1d,0.03224407508969307
spread_day_ahead_price,xgb_oof_train_spread,all,global_model,2025-05-29,daily_retrain,lag_1,0.0742693692445755
spread_day_ahead_price,xgb_oof_train_spread,all,global_model,2025-05-29,daily_retrain,lag_7,0.029729068279266357
spread_day_ahead_price,xgb_oof_train_spread,all,global_model,2025-05-29,daily_retrain,lag_14,0.06651774793863297
spread_day_ahead_price,xgb_oof_train_spread,all,global_model,2025-05-29,daily_retrain,lag_28,0.04774247109889984
spread_day_ahead_price,xgb_oof_train_spread,all,global_model,2025-05-29,daily_retrain,roll_mean_3,0.09829546511173248
spread_day_ahead_price,xgb_oof_train_spread,all,global_model,2025-05-29,daily_retrain,roll_mean_7,0.07530232518911362
spread_day_ahead_price,xgb_oof_train_spread,all,global_model,2025-05-29,daily_retrain,roll_mean_14,0.05886536091566086
spread_day_ahead_price,xgb_oof_train_spread,all,global_model,2025-05-29,daily_retrain,roll_std_7,0.0758143961429596
spread_day_ahead_price,xgb_oof_train_spread,all,global_model,2025-05-29,daily_retrain,diff_1,0.0
spread_day_ahead_price,xgb_oof_train_spread,all,global_model,2025-05-29,daily_retrain,diff_7,0.05027104914188385
spread_day_ahead_price,xgb_oof_train_spread,all,global_model,2025-05-29,daily_retrain,dayofweek,0.07165028154850006
spread_day_ahead_price,xgb_oof_train_spread,all,global_model,2025-05-29,daily_retrain,is_weekend,0.03448418900370598
spread_day_ahead_price,xgb_oof_train_spread,all,global_model,2025-05-29,daily_retrain,month,0.09140356630086899
spread_day_ahead_price,xgb_oof_train_spread,all,global_model,2025-05-29,daily_retrain,is_holiday,0.1283082365989685
spread_day_ahead_price,xgb_oof_train_spread,all,global_model,2025-05-29,daily_retrain,is_workday,0.02750428579747677
spread_day_ahead_price,xgb_oof_train_spread,all,global_model,2025-05-29,daily_retrain,is_makeup_workday,0.0
spread_day_ahead_price,xgb_oof_train_spread,all,global_model,2025-05-29,daily_retrain,before_holiday_1d,0.0698421373963356
spread_day_ahead_price,xgb_oof_train_spread,all,global_model,2025-05-29,daily_retrain,after_holiday_1d,0.0
spread_day_ahead_price,xgb_oof_train_spread,all,global_model,2025-06-01,daily_retrain,lag_1,0.0728517398238182
spread_day_ahead_price,xgb_oof_train_spread,all,global_model,2025-06-01,daily_retrain,lag_7,0.036716610193252563
spread_day_ahead_price,xgb_oof_train_spread,all,global_model,2025-06-01,daily_retrain,lag_14,0.06731893867254257
spread_day_ahead_price,xgb_oof_train_spread,all,global_model,2025-06-01,daily_retrain,lag_28,0.05027668923139572
spread_day_ahead_price,xgb_oof_train_spread,all,global_model,2025-06-01,daily_retrain,roll_mean_3,0.10133002698421478
spread_day_ahead_price,xgb_oof_train_spread,all,global_model,2025-06-01,daily_retrain,roll_mean_7,0.08215396851301193
spread_day_ahead_price,xgb_oof_train_spread,all,global_model,2025-06-01,daily_retrain,roll_mean_14,0.06577236950397491
spread_day_ahead_price,xgb_oof_train_spread,all,global_model,2025-06-01,daily_retrain,roll_std_7,0.07577266544103622
spread_day_ahead_price,xgb_oof_train_spread,all,global_model,2025-06-01,daily_retrain,diff_1,0.0
spread_day_ahead_price,xgb_oof_train_spread,all,global_model,2025-06-01,daily_retrain,diff_7,0.051475949585437775
spread_day_ahead_price,xgb_oof_train_spread,all,global_model,2025-06-01,daily_retrain,dayofweek,0.06426197290420532
spread_day_ahead_price,xgb_oof_train_spread,all,global_model,2025-06-01,daily_retrain,is_weekend,0.03452250361442566
spread_day_ahead_price,xgb_oof_train_spread,all,global_model,2025-06-01,daily_retrain,month,0.07767187058925629
spread_day_ahead_price,xgb_oof_train_spread,all,global_model,2025-06-01,daily_retrain,is_holiday,0.1303354650735855
spread_day_ahead_price,xgb_oof_train_spread,all,global_model,2025-06-01,daily_retrain,is_workday,0.028309348970651627
spread_day_ahead_price,xgb_oof_train_spread,all,global_model,2025-06-01,daily_retrain,is_makeup_workday,0.0
spread_day_ahead_price,xgb_oof_train_spread,all,global_model,2025-06-01,daily_retrain,before_holiday_1d,0.0612298883497715
spread_day_ahead_price,xgb_oof_train_spread,all,global_model,2025-06-01,daily_retrain,after_holiday_1d,0.0
spread_day_ahead_price,xgb_oof_train_spread,all,global_model,2025-06-04,daily_retrain,lag_1,0.07017825543880463
spread_day_ahead_price,xgb_oof_train_spread,all,global_model,2025-06-04,daily_retrain,lag_7,0.029308374971151352
spread_day_ahead_price,xgb_oof_train_spread,all,global_model,2025-06-04,daily_retrain,lag_14,0.09010471403598785
spread_day_ahead_price,xgb_oof_train_spread,all,global_model,2025-06-04,daily_retrain,lag_28,0.0558459609746933
spread_day_ahead_price,xgb_oof_train_spread,all,global_model,2025-06-04,daily_retrain,roll_mean_3,0.12432568520307541
spread_day_ahead_price,xgb_oof_train_spread,all,global_model,2025-06-04,daily_retrain,roll_mean_7,0.07355158030986786
spread_day_ahead_price,xgb_oof_train_spread,all,global_model,2025-06-04,daily_retrain,roll_mean_14,0.06512615084648132
spread_day_ahead_price,xgb_oof_train_spread,all,global_model,2025-06-04,daily_retrain,roll_std_7,0.07270794361829758
spread_day_ahead_price,xgb_oof_train_spread,all,global_model,2025-06-04,daily_retrain,diff_1,0.0
spread_day_ahead_price,xgb_oof_train_spread,all,global_model,2025-06-04,daily_retrain,diff_7,0.06536968052387238
spread_day_ahead_price,xgb_oof_train_spread,all,global_model,2025-06-04,daily_retrain,dayofweek,0.056894078850746155
spread_day_ahead_price,xgb_oof_train_spread,all,global_model,2025-06-04,daily_retrain,is_weekend,0.0
spread_day_ahead_price,xgb_oof_train_spread,all,global_model,2025-06-04,daily_retrain,month,0.07387709617614746
spread_day_ahead_price,xgb_oof_train_spread,all,global_model,2025-06-04,daily_retrain,is_holiday,0.13635694980621338
spread_day_ahead_price,xgb_oof_train_spread,all,global_model,2025-06-04,daily_retrain,is_workday,0.0
spread_day_ahead_price,xgb_oof_train_spread,all,global_model,2025-06-04,daily_retrain,is_makeup_workday,0.0
spread_day_ahead_price,xgb_oof_train_spread,all,global_model,2025-06-04,daily_retrain,before_holiday_1d,0.027686048299074173
spread_day_ahead_price,xgb_oof_train_spread,all,global_model,2025-06-04,daily_retrain,after_holiday_1d,0.05866748094558716
spread_day_ahead_price,xgb_oof_train_spread,all,global_model,2025-06-07,daily_retrain,lag_1,0.0644824355840683
spread_day_ahead_price,xgb_oof_train_spread,all,global_model,2025-06-07,daily_retrain,lag_7,0.025910833850502968
spread_day_ahead_price,xgb_oof_train_spread,all,global_model,2025-06-07,daily_retrain,lag_14,0.07859070599079132
spread_day_ahead_price,xgb_oof_train_spread,all,global_model,2025-06-07,daily_retrain,lag_28,0.05443859100341797
spread_day_ahead_price,xgb_oof_train_spread,all,global_model,2025-06-07,daily_retrain,roll_mean_3,0.12401267141103745
spread_day_ahead_price,xgb_oof_train_spread,all,global_model,2025-06-07,daily_retrain,roll_mean_7,0.0691370815038681
spread_day_ahead_price,xgb_oof_train_spread,all,global_model,2025-06-07,daily_retrain,roll_mean_14,0.07576852291822433
spread_day_ahead_price,xgb_oof_train_spread,all,global_model,2025-06-07,daily_retrain,roll_std_7,0.07953988015651703
spread_day_ahead_price,xgb_oof_train_spread,all,global_model,2025-06-07,daily_retrain,diff_1,0.0
spread_day_ahead_price,xgb_oof_train_spread,all,global_model,2025-06-07,daily_retrain,diff_7,0.05447099357843399
spread_day_ahead_price,xgb_oof_train_spread,all,global_model,2025-06-07,daily_retrain,dayofweek,0.05616452544927597
spread_day_ahead_price,xgb_oof_train_spread,all,global_model,2025-06-07,daily_retrain,is_weekend,0.0
spread_day_ahead_price,xgb_oof_train_spread,all,global_model,2025-06-07,daily_retrain,month,0.08143202215433121
spread_day_ahead_price,xgb_oof_train_spread,all,global_model,2025-06-07,daily_retrain,is_holiday,0.16477084159851074
spread_day_ahead_price,xgb_oof_train_spread,all,global_model,2025-06-07,daily_retrain,is_workday,0.0
spread_day_ahead_price,xgb_oof_train_spread,all,global_model,2025-06-07,daily_retrain,is_makeup_workday,0.0
spread_day_ahead_price,xgb_oof_train_spread,all,global_model,2025-06-07,daily_retrain,before_holiday_1d,0.019479062408208847
spread_day_ahead_price,xgb_oof_train_spread,all,global_model,2025-06-07,daily_retrain,after_holiday_1d,0.05180186405777931
spread_day_ahead_price,xgb_oof_train_spread,all,global_model,2025-06-10,daily_retrain,lag_1,0.06955816596746445
spread_day_ahead_price,xgb_oof_train_spread,all,global_model,2025-06-10,daily_retrain,lag_7,0.035888973623514175
spread_day_ahead_price,xgb_oof_train_spread,all,global_model,2025-06-10,daily_retrain,lag_14,0.0754164308309555
spread_day_ahead_price,xgb_oof_train_spread,all,global_model,2025-06-10,daily_retrain,lag_28,0.04585307091474533
spread_day_ahead_price,xgb_oof_train_spread,all,global_model,2025-06-10,daily_retrain,roll_mean_3,0.12127228081226349
spread_day_ahead_price,xgb_oof_train_spread,all,global_model,2025-06-10,daily_retrain,roll_mean_7,0.07372990995645523
spread_day_ahead_price,xgb_oof_train_spread,all,global_model,2025-06-10,daily_retrain,roll_mean_14,0.08312371373176575
spread_day_ahead_price,xgb_oof_train_spread,all,global_model,2025-06-10,daily_retrain,roll_std_7,0.07642309367656708
spread_day_ahead_price,xgb_oof_train_spread,all,global_model,2025-06-10,daily_retrain,diff_1,0.0
spread_day_ahead_price,xgb_oof_train_spread,all,global_model,2025-06-10,daily_retrain,diff_7,0.06347347050905228
spread_day_ahead_price,xgb_oof_train_spread,all,global_model,2025-06-10,daily_retrain,dayofweek,0.06392368674278259
spread_day_ahead_price,xgb_oof_train_spread,all,global_model,2025-06-10,daily_retrain,is_weekend,0.0
spread_day_ahead_price,xgb_oof_train_spread,all,global_model,2025-06-10,daily_retrain,month,0.0594533272087574
spread_day_ahead_price,xgb_oof_train_spread,all,global_model,2025-06-10,daily_retrain,is_holiday,0.17383968830108643
spread_day_ahead_price,xgb_oof_train_spread,all,global_model,2025-06-10,daily_retrain,is_workday,0.0
spread_day_ahead_price,xgb_oof_train_spread,all,global_model,2025-06-10,daily_retrain,is_makeup_workday,0.0
spread_day_ahead_price,xgb_oof_train_spread,all,global_model,2025-06-10,daily_retrain,before_holiday_1d,0.0
spread_day_ahead_price,xgb_oof_train_spread,all,global_model,2025-06-10,daily_retrain,after_holiday_1d,0.05804429575800896
spread_day_ahead_price,xgb_oof_train_spread,all,global_model,2025-06-13,daily_retrain,lag_1,0.050729572772979736
spread_day_ahead_price,xgb_oof_train_spread,all,global_model,2025-06-13,daily_retrain,lag_7,0.03248130902647972
spread_day_ahead_price,xgb_oof_train_spread,all,global_model,2025-06-13,daily_retrain,lag_14,0.055860258638858795
spread_day_ahead_price,xgb_oof_train_spread,all,global_model,2025-06-13,daily_retrain,lag_28,0.05056213214993477
spread_day_ahead_price,xgb_oof_train_spread,all,global_model,2025-06-13,daily_retrain,roll_mean_3,0.10008763521909714
spread_day_ahead_price,xgb_oof_train_spread,all,global_model,2025-06-13,daily_retrain,roll_mean_7,0.06820345669984818
spread_day_ahead_price,xgb_oof_train_spread,all,global_model,2025-06-13,daily_retrain,roll_mean_14,0.06059882044792175
spread_day_ahead_price,xgb_oof_train_spread,all,global_model,2025-06-13,daily_retrain,roll_std_7,0.06073296070098877
spread_day_ahead_price,xgb_oof_train_spread,all,global_model,2025-06-13,daily_retrain,diff_1,0.0
spread_day_ahead_price,xgb_oof_train_spread,all,global_model,2025-06-13,daily_retrain,diff_7,0.062060367316007614
spread_day_ahead_price,xgb_oof_train_spread,all,global_model,2025-06-13,daily_retrain,dayofweek,0.049951668828725815
spread_day_ahead_price,xgb_oof_train_spread,all,global_model,2025-06-13,daily_retrain,is_weekend,0.0
spread_day_ahead_price,xgb_oof_train_spread,all,global_model,2025-06-13,daily_retrain,month,0.0599120557308197
spread_day_ahead_price,xgb_oof_train_spread,all,global_model,2025-06-13,daily_retrain,is_holiday,0.14098504185676575
spread_day_ahead_price,xgb_oof_train_spread,all,global_model,2025-06-13,daily_retrain,is_workday,0.1431477665901184
spread_day_ahead_price,xgb_oof_train_spread,all,global_model,2025-06-13,daily_retrain,is_makeup_workday,0.0
spread_day_ahead_price,xgb_oof_train_spread,all,global_model,2025-06-13,daily_retrain,before_holiday_1d,0.0
spread_day_ahead_price,xgb_oof_train_spread,all,global_model,2025-06-13,daily_retrain,after_holiday_1d,0.06468695402145386
spread_day_ahead_price,xgb_oof_train_spread,all,global_model,2025-06-16,daily_retrain,lag_1,0.04853081330657005
spread_day_ahead_price,xgb_oof_train_spread,all,global_model,2025-06-16,daily_retrain,lag_7,0.025631768628954887
spread_day_ahead_price,xgb_oof_train_spread,all,global_model,2025-06-16,daily_retrain,lag_14,0.0542784258723259
spread_day_ahead_price,xgb_oof_train_spread,all,global_model,2025-06-16,daily_retrain,lag_28,0.05186400189995766
spread_day_ahead_price,xgb_oof_train_spread,all,global_model,2025-06-16,daily_retrain,roll_mean_3,0.10511232912540436
spread_day_ahead_price,xgb_oof_train_spread,all,global_model,2025-06-16,daily_retrain,roll_mean_7,0.06706348806619644
spread_day_ahead_price,xgb_oof_train_spread,all,global_model,2025-06-16,daily_retrain,roll_mean_14,0.06214290112257004
spread_day_ahead_price,xgb_oof_train_spread,all,global_model,2025-06-16,daily_retrain,roll_std_7,0.05708308145403862
spread_day_ahead_price,xgb_oof_train_spread,all,global_model,2025-06-16,daily_retrain,diff_1,0.0
spread_day_ahead_price,xgb_oof_train_spread,all,global_model,2025-06-16,daily_retrain,diff_7,0.06696318089962006
spread_day_ahead_price,xgb_oof_train_spread,all,global_model,2025-06-16,daily_retrain,dayofweek,0.051516834646463394
spread_day_ahead_price,xgb_oof_train_spread,all,global_model,2025-06-16,daily_retrain,is_weekend,0.0
spread_day_ahead_price,xgb_oof_train_spread,all,global_model,2025-06-16,daily_retrain,month,0.05806082487106323
spread_day_ahead_price,xgb_oof_train_spread,all,global_model,2025-06-16,daily_retrain,is_holiday,0.1406227946281433
spread_day_ahead_price,xgb_oof_train_spread,all,global_model,2025-06-16,daily_retrain,is_workday,0.13059815764427185
spread_day_ahead_price,xgb_oof_train_spread,all,global_model,2025-06-16,daily_retrain,is_makeup_workday,0.0
spread_day_ahead_price,xgb_oof_train_spread,all,global_model,2025-06-16,daily_retrain,before_holiday_1d,0.03682836517691612
spread_day_ahead_price,xgb_oof_train_spread,all,global_model,2025-06-16,daily_retrain,after_holiday_1d,0.043703075498342514
spread_day_ahead_price,xgb_oof_train_spread,all,global_model,2025-06-19,daily_retrain,lag_1,0.057857491075992584
spread_day_ahead_price,xgb_oof_train_spread,all,global_model,2025-06-19,daily_retrain,lag_7,0.03246534243226051
spread_day_ahead_price,xgb_oof_train_spread,all,global_model,2025-06-19,daily_retrain,lag_14,0.05913190171122551
spread_day_ahead_price,xgb_oof_train_spread,all,global_model,2025-06-19,daily_retrain,lag_28,0.05405229702591896
spread_day_ahead_price,xgb_oof_train_spread,all,global_model,2025-06-19,daily_retrain,roll_mean_3,0.1112828254699707
spread_day_ahead_price,xgb_oof_train_spread,all,global_model,2025-06-19,daily_retrain,roll_mean_7,0.06796571612358093
spread_day_ahead_price,xgb_oof_train_spread,all,global_model,2025-06-19,daily_retrain,roll_mean_14,0.07178869098424911
spread_day_ahead_price,xgb_oof_train_spread,all,global_model,2025-06-19,daily_retrain,roll_std_7,0.06132683902978897
spread_day_ahead_price,xgb_oof_train_spread,all,global_model,2025-06-19,daily_retrain,diff_1,0.0
spread_day_ahead_price,xgb_oof_train_spread,all,global_model,2025-06-19,daily_retrain,diff_7,0.09247781336307526
spread_day_ahead_price,xgb_oof_train_spread,all,global_model,2025-06-19,daily_retrain,dayofweek,0.06308262050151825
spread_day_ahead_price,xgb_oof_train_spread,all,global_model,2025-06-19,daily_retrain,is_weekend,0.0
spread_day_ahead_price,xgb_oof_train_spread,all,global_model,2025-06-19,daily_retrain,month,0.06955057382583618
spread_day_ahead_price,xgb_oof_train_spread,all,global_model,2025-06-19,daily_retrain,is_holiday,0.17034709453582764
spread_day_ahead_price,xgb_oof_train_spread,all,global_model,2025-06-19,daily_retrain,is_workday,0.0
spread_day_ahead_price,xgb_oof_train_spread,all,global_model,2025-06-19,daily_retrain,is_makeup_workday,0.0
spread_day_ahead_price,xgb_oof_train_spread,all,global_model,2025-06-19,daily_retrain,before_holiday_1d,0.036848489195108414
spread_day_ahead_price,xgb_oof_train_spread,all,global_model,2025-06-19,daily_retrain,after_holiday_1d,0.05182233080267906
spread_day_ahead_price,xgb_oof_train_spread,all,global_model,2025-06-22,daily_retrain,lag_1,0.060609545558691025
spread_day_ahead_price,xgb_oof_train_spread,all,global_model,2025-06-22,daily_retrain,lag_7,0.034678950905799866
spread_day_ahead_price,xgb_oof_train_spread,all,global_model,2025-06-22,daily_retrain,lag_14,0.062045902013778687
spread_day_ahead_price,xgb_oof_train_spread,all,global_model,2025-06-22,daily_retrain,lag_28,0.05583661049604416
spread_day_ahead_price,xgb_oof_train_spread,all,global_model,2025-06-22,daily_retrain,roll_mean_3,0.1155267208814621
spread_day_ahead_price,xgb_oof_train_spread,all,global_model,2025-06-22,daily_retrain,roll_mean_7,0.07706540822982788
spread_day_ahead_price,xgb_oof_train_spread,all,global_model,2025-06-22,daily_retrain,roll_mean_14,0.07919500023126602
spread_day_ahead_price,xgb_oof_train_spread,all,global_model,2025-06-22,daily_retrain,roll_std_7,0.06066753342747688
spread_day_ahead_price,xgb_oof_train_spread,all,global_model,2025-06-22,daily_retrain,diff_1,0.0
spread_day_ahead_price,xgb_oof_train_spread,all,global_model,2025-06-22,daily_retrain,diff_7,0.08730538189411163
spread_day_ahead_price,xgb_oof_train_spread,all,global_model,2025-06-22,daily_retrain,dayofweek,0.07188202440738678
spread_day_ahead_price,xgb_oof_train_spread,all,global_model,2025-06-22,daily_retrain,is_weekend,0.0
spread_day_ahead_price,xgb_oof_train_spread,all,global_model,2025-06-22,daily_retrain,month,0.08096953481435776
spread_day_ahead_price,xgb_oof_train_spread,all,global_model,2025-06-22,daily_retrain,is_holiday,0.1690674126148224
spread_day_ahead_price,xgb_oof_train_spread,all,global_model,2025-06-22,daily_retrain,is_workday,0.0
spread_day_ahead_price,xgb_oof_train_spread,all,global_model,2025-06-22,daily_retrain,is_makeup_workday,0.0
spread_day_ahead_price,xgb_oof_train_spread,all,global_model,2025-06-22,daily_retrain,before_holiday_1d,0.0
spread_day_ahead_price,xgb_oof_train_spread,all,global_model,2025-06-22,daily_retrain,after_holiday_1d,0.04514992609620094
spread_day_ahead_price,xgb_oof_train_spread,all,global_model,2025-06-25,daily_retrain,lag_1,0.056866761296987534
spread_day_ahead_price,xgb_oof_train_spread,all,global_model,2025-06-25,daily_retrain,lag_7,0.031177064403891563
spread_day_ahead_price,xgb_oof_train_spread,all,global_model,2025-06-25,daily_retrain,lag_14,0.058601174503564835
spread_day_ahead_price,xgb_oof_train_spread,all,global_model,2025-06-25,daily_retrain,lag_28,0.04883008822798729
spread_day_ahead_price,xgb_oof_train_spread,all,global_model,2025-06-25,daily_retrain,roll_mean_3,0.10022963583469391
spread_day_ahead_price,xgb_oof_train_spread,all,global_model,2025-06-25,daily_retrain,roll_mean_7,0.07425721734762192
spread_day_ahead_price,xgb_oof_train_spread,all,global_model,2025-06-25,daily_retrain,roll_mean_14,0.07647964358329773
spread_day_ahead_price,xgb_oof_train_spread,all,global_model,2025-06-25,daily_retrain,roll_std_7,0.05499083921313286
spread_day_ahead_price,xgb_oof_train_spread,all,global_model,2025-06-25,daily_retrain,diff_1,0.0
spread_day_ahead_price,xgb_oof_train_spread,all,global_model,2025-06-25,daily_retrain,diff_7,0.06356830149888992
spread_day_ahead_price,xgb_oof_train_spread,all,global_model,2025-06-25,daily_retrain,dayofweek,0.078807532787323
spread_day_ahead_price,xgb_oof_train_spread,all,global_model,2025-06-25,daily_retrain,is_weekend,0.0
spread_day_ahead_price,xgb_oof_train_spread,all,global_model,2025-06-25,daily_retrain,month,0.0627657026052475
spread_day_ahead_price,xgb_oof_train_spread,all,global_model,2025-06-25,daily_retrain,is_holiday,0.15993660688400269
spread_day_ahead_price,xgb_oof_train_spread,all,global_model,2025-06-25,daily_retrain,is_workday,0.0
spread_day_ahead_price,xgb_oof_train_spread,all,global_model,2025-06-25,daily_retrain,is_makeup_workday,0.0
spread_day_ahead_price,xgb_oof_train_spread,all,global_model,2025-06-25,daily_retrain,before_holiday_1d,0.06463903188705444
spread_day_ahead_price,xgb_oof_train_spread,all,global_model,2025-06-25,daily_retrain,after_holiday_1d,0.06885038316249847
spread_day_ahead_price,xgb_oof_train_spread,all,global_model,2025-06-28,daily_retrain,lag_1,0.06249874457716942
spread_day_ahead_price,xgb_oof_train_spread,all,global_model,2025-06-28,daily_retrain,lag_7,0.03748529776930809
spread_day_ahead_price,xgb_oof_train_spread,all,global_model,2025-06-28,daily_retrain,lag_14,0.0657343938946724
spread_day_ahead_price,xgb_oof_train_spread,all,global_model,2025-06-28,daily_retrain,lag_28,0.045993003994226456
spread_day_ahead_price,xgb_oof_train_spread,all,global_model,2025-06-28,daily_retrain,roll_mean_3,0.09495015442371368
spread_day_ahead_price,xgb_oof_train_spread,all,global_model,2025-06-28,daily_retrain,roll_mean_7,0.07108006626367569
spread_day_ahead_price,xgb_oof_train_spread,all,global_model,2025-06-28,daily_retrain,roll_mean_14,0.10059777647256851
spread_day_ahead_price,xgb_oof_train_spread,all,global_model,2025-06-28,daily_retrain,roll_std_7,0.0625540018081665
spread_day_ahead_price,xgb_oof_train_spread,all,global_model,2025-06-28,daily_retrain,diff_1,0.0
spread_day_ahead_price,xgb_oof_train_spread,all,global_model,2025-06-28,daily_retrain,diff_7,0.06643903255462646
spread_day_ahead_price,xgb_oof_train_spread,all,global_model,2025-06-28,daily_retrain,dayofweek,0.06793401390314102
spread_day_ahead_price,xgb_oof_train_spread,all,global_model,2025-06-28,daily_retrain,is_weekend,0.0
spread_day_ahead_price,xgb_oof_train_spread,all,global_model,2025-06-28,daily_retrain,month,0.06482073664665222
spread_day_ahead_price,xgb_oof_train_spread,all,global_model,2025-06-28,daily_retrain,is_holiday,0.14735978841781616
spread_day_ahead_price,xgb_oof_train_spread,all,global_model,2025-06-28,daily_retrain,is_workday,0.0
spread_day_ahead_price,xgb_oof_train_spread,all,global_model,2025-06-28,daily_retrain,is_makeup_workday,0.0
spread_day_ahead_price,xgb_oof_train_spread,all,global_model,2025-06-28,daily_retrain,before_holiday_1d,0.03879087418317795
spread_day_ahead_price,xgb_oof_train_spread,all,global_model,2025-06-28,daily_retrain,after_holiday_1d,0.07376210391521454
spread_day_ahead_price,xgb_oof_train_spread,all,global_model,2025-07-01,daily_retrain,lag_1,0.07144874334335327
spread_day_ahead_price,xgb_oof_train_spread,all,global_model,2025-07-01,daily_retrain,lag_7,0.04268967732787132
spread_day_ahead_price,xgb_oof_train_spread,all,global_model,2025-07-01,daily_retrain,lag_14,0.05823899060487747
spread_day_ahead_price,xgb_oof_train_spread,all,global_model,2025-07-01,daily_retrain,lag_28,0.06545381993055344
spread_day_ahead_price,xgb_oof_train_spread,all,global_model,2025-07-01,daily_retrain,roll_mean_3,0.05167641118168831
spread_day_ahead_price,xgb_oof_train_spread,all,global_model,2025-07-01,daily_retrain,roll_mean_7,0.0800568014383316
spread_day_ahead_price,xgb_oof_train_spread,all,global_model,2025-07-01,daily_retrain,roll_mean_14,0.06863829493522644
spread_day_ahead_price,xgb_oof_train_spread,all,global_model,2025-07-01,daily_retrain,roll_std_7,0.07052205502986908
spread_day_ahead_price,xgb_oof_train_spread,all,global_model,2025-07-01,daily_retrain,diff_1,0.0
spread_day_ahead_price,xgb_oof_train_spread,all,global_model,2025-07-01,daily_retrain,diff_7,0.0585547536611557
spread_day_ahead_price,xgb_oof_train_spread,all,global_model,2025-07-01,daily_retrain,dayofweek,0.07458237558603287
spread_day_ahead_price,xgb_oof_train_spread,all,global_model,2025-07-01,daily_retrain,is_weekend,0.0
spread_day_ahead_price,xgb_oof_train_spread,all,global_model,2025-07-01,daily_retrain,month,0.06640175729990005
spread_day_ahead_price,xgb_oof_train_spread,all,global_model,2025-07-01,daily_retrain,is_holiday,0.15532709658145905
spread_day_ahead_price,xgb_oof_train_spread,all,global_model,2025-07-01,daily_retrain,is_workday,0.07535015046596527
spread_day_ahead_price,xgb_oof_train_spread,all,global_model,2025-07-01,daily_retrain,is_makeup_workday,0.0
spread_day_ahead_price,xgb_oof_train_spread,all,global_model,2025-07-01,daily_retrain,before_holiday_1d,0.0022870090324431658
spread_day_ahead_price,xgb_oof_train_spread,all,global_model,2025-07-01,daily_retrain,after_holiday_1d,0.05877211317420006
spread_day_ahead_price,xgb_oof_train_spread,all,global_model,2025-07-04,daily_retrain,lag_1,0.0682225376367569
spread_day_ahead_price,xgb_oof_train_spread,all,global_model,2025-07-04,daily_retrain,lag_7,0.042250242084264755
spread_day_ahead_price,xgb_oof_train_spread,all,global_model,2025-07-04,daily_retrain,lag_14,0.05579546093940735
spread_day_ahead_price,xgb_oof_train_spread,all,global_model,2025-07-04,daily_retrain,lag_28,0.07079575210809708
spread_day_ahead_price,xgb_oof_train_spread,all,global_model,2025-07-04,daily_retrain,roll_mean_3,0.055880725383758545
spread_day_ahead_price,xgb_oof_train_spread,all,global_model,2025-07-04,daily_retrain,roll_mean_7,0.073204405605793
spread_day_ahead_price,xgb_oof_train_spread,all,global_model,2025-07-04,daily_retrain,roll_mean_14,0.06413491070270538
spread_day_ahead_price,xgb_oof_train_spread,all,global_model,2025-07-04,daily_retrain,roll_std_7,0.06223277747631073
spread_day_ahead_price,xgb_oof_train_spread,all,global_model,2025-07-04,daily_retrain,diff_1,0.0
spread_day_ahead_price,xgb_oof_train_spread,all,global_model,2025-07-04,daily_retrain,diff_7,0.04995669424533844
spread_day_ahead_price,xgb_oof_train_spread,all,global_model,2025-07-04,daily_retrain,dayofweek,0.06887611001729965
spread_day_ahead_price,xgb_oof_train_spread,all,global_model,2025-07-04,daily_retrain,is_weekend,0.0
spread_day_ahead_price,xgb_oof_train_spread,all,global_model,2025-07-04,daily_retrain,month,0.05658721551299095
spread_day_ahead_price,xgb_oof_train_spread,all,global_model,2025-07-04,daily_retrain,is_holiday,0.14291442930698395
spread_day_ahead_price,xgb_oof_train_spread,all,global_model,2025-07-04,daily_retrain,is_workday,0.07705125212669373
spread_day_ahead_price,xgb_oof_train_spread,all,global_model,2025-07-04,daily_retrain,is_makeup_workday,0.0
spread_day_ahead_price,xgb_oof_train_spread,all,global_model,2025-07-04,daily_retrain,before_holiday_1d,0.02239849604666233
spread_day_ahead_price,xgb_oof_train_spread,all,global_model,2025-07-04,daily_retrain,after_holiday_1d,0.08969902247190475
spread_day_ahead_price,xgb_oof_train_spread,all,global_model,2025-07-07,daily_retrain,lag_1,0.06577757000923157
spread_day_ahead_price,xgb_oof_train_spread,all,global_model,2025-07-07,daily_retrain,lag_7,0.035740602761507034
spread_day_ahead_price,xgb_oof_train_spread,all,global_model,2025-07-07,daily_retrain,lag_14,0.044448934495449066
spread_day_ahead_price,xgb_oof_train_spread,all,global_model,2025-07-07,daily_retrain,lag_28,0.07331786304712296
spread_day_ahead_price,xgb_oof_train_spread,all,global_model,2025-07-07,daily_retrain,roll_mean_3,0.05179576203227043
spread_day_ahead_price,xgb_oof_train_spread,all,global_model,2025-07-07,daily_retrain,roll_mean_7,0.06094038859009743
spread_day_ahead_price,xgb_oof_train_spread,all,global_model,2025-07-07,daily_retrain,roll_mean_14,0.055949386209249496
spread_day_ahead_price,xgb_oof_train_spread,all,global_model,2025-07-07,daily_retrain,roll_std_7,0.05421731248497963
spread_day_ahead_price,xgb_oof_train_spread,all,global_model,2025-07-07,daily_retrain,diff_1,0.0
spread_day_ahead_price,xgb_oof_train_spread,all,global_model,2025-07-07,daily_retrain,diff_7,0.07571673393249512
spread_day_ahead_price,xgb_oof_train_spread,all,global_model,2025-07-07,daily_retrain,dayofweek,0.05701284855604172
spread_day_ahead_price,xgb_oof_train_spread,all,global_model,2025-07-07,daily_retrain,is_weekend,0.0
spread_day_ahead_price,xgb_oof_train_spread,all,global_model,2025-07-07,daily_retrain,month,0.05403052270412445
spread_day_ahead_price,xgb_oof_train_spread,all,global_model,2025-07-07,daily_retrain,is_holiday,0.1742887794971466
spread_day_ahead_price,xgb_oof_train_spread,all,global_model,2025-07-07,daily_retrain,is_workday,0.08954771608114243
spread_day_ahead_price,xgb_oof_train_spread,all,global_model,2025-07-07,daily_retrain,is_makeup_workday,0.0
spread_day_ahead_price,xgb_oof_train_spread,all,global_model,2025-07-07,daily_retrain,before_holiday_1d,0.02356693707406521
spread_day_ahead_price,xgb_oof_train_spread,all,global_model,2025-07-07,daily_retrain,after_holiday_1d,0.08364872634410858
spread_day_ahead_price,xgb_oof_train_spread,all,global_model,2025-07-10,daily_retrain,lag_1,0.06411288678646088
spread_day_ahead_price,xgb_oof_train_spread,all,global_model,2025-07-10,daily_retrain,lag_7,0.035528313368558884
spread_day_ahead_price,xgb_oof_train_spread,all,global_model,2025-07-10,daily_retrain,lag_14,0.0376642607152462
spread_day_ahead_price,xgb_oof_train_spread,all,global_model,2025-07-10,daily_retrain,lag_28,0.06439883261919022
spread_day_ahead_price,xgb_oof_train_spread,all,global_model,2025-07-10,daily_retrain,roll_mean_3,0.04239601641893387
spread_day_ahead_price,xgb_oof_train_spread,all,global_model,2025-07-10,daily_retrain,roll_mean_7,0.05228588357567787
spread_day_ahead_price,xgb_oof_train_spread,all,global_model,2025-07-10,daily_retrain,roll_mean_14,0.04611893743276596
spread_day_ahead_price,xgb_oof_train_spread,all,global_model,2025-07-10,daily_retrain,roll_std_7,0.054903872311115265
spread_day_ahead_price,xgb_oof_train_spread,all,global_model,2025-07-10,daily_retrain,diff_1,0.0
spread_day_ahead_price,xgb_oof_train_spread,all,global_model,2025-07-10,daily_retrain,diff_7,0.055897850543260574
spread_day_ahead_price,xgb_oof_train_spread,all,global_model,2025-07-10,daily_retrain,dayofweek,0.05360284075140953
spread_day_ahead_price,xgb_oof_train_spread,all,global_model,2025-07-10,daily_retrain,is_weekend,0.0
spread_day_ahead_price,xgb_oof_train_spread,all,global_model,2025-07-10,daily_retrain,month,0.04476622864603996
spread_day_ahead_price,xgb_oof_train_spread,all,global_model,2025-07-10,daily_retrain,is_holiday,0.17617090046405792
spread_day_ahead_price,xgb_oof_train_spread,all,global_model,2025-07-10,daily_retrain,is_workday,0.08390010893344879
spread_day_ahead_price,xgb_oof_train_spread,all,global_model,2025-07-10,daily_retrain,is_makeup_workday,0.0
spread_day_ahead_price,xgb_oof_train_spread,all,global_model,2025-07-10,daily_retrain,before_holiday_1d,0.0814359039068222
spread_day_ahead_price,xgb_oof_train_spread,all,global_model,2025-07-10,daily_retrain,after_holiday_1d,0.10681713372468948
spread_day_ahead_price,xgb_oof_train_spread,all,global_model,2025-07-13,daily_retrain,lag_1,0.06962625682353973
spread_day_ahead_price,xgb_oof_train_spread,all,global_model,2025-07-13,daily_retrain,lag_7,0.04420498013496399
spread_day_ahead_price,xgb_oof_train_spread,all,global_model,2025-07-13,daily_retrain,lag_14,0.04671017825603485
spread_day_ahead_price,xgb_oof_train_spread,all,global_model,2025-07-13,daily_retrain,lag_28,0.07203203439712524
spread_day_ahead_price,xgb_oof_train_spread,all,global_model,2025-07-13,daily_retrain,roll_mean_3,0.052268024533987045
spread_day_ahead_price,xgb_oof_train_spread,all,global_model,2025-07-13,daily_retrain,roll_mean_7,0.057530153542757034
spread_day_ahead_price,xgb_oof_train_spread,all,global_model,2025-07-13,daily_retrain,roll_mean_14,0.050301022827625275
spread_day_ahead_price,xgb_oof_train_spread,all,global_model,2025-07-13,daily_retrain,roll_std_7,0.06631625443696976
spread_day_ahead_price,xgb_oof_train_spread,all,global_model,2025-07-13,daily_retrain,diff_1,0.0
spread_day_ahead_price,xgb_oof_train_spread,all,global_model,2025-07-13,daily_retrain,diff_7,0.08071031421422958
spread_day_ahead_price,xgb_oof_train_spread,all,global_model,2025-07-13,daily_retrain,dayofweek,0.06806959956884384
spread_day_ahead_price,xgb_oof_train_spread,all,global_model,2025-07-13,daily_retrain,is_weekend,0.0
spread_day_ahead_price,xgb_oof_train_spread,all,global_model,2025-07-13,daily_retrain,month,0.048816047608852386
spread_day_ahead_price,xgb_oof_train_spread,all,global_model,2025-07-13,daily_retrain,is_holiday,0.20209360122680664
spread_day_ahead_price,xgb_oof_train_spread,all,global_model,2025-07-13,daily_retrain,is_workday,0.0
spread_day_ahead_price,xgb_oof_train_spread,all,global_model,2025-07-13,daily_retrain,is_makeup_workday,0.0
spread_day_ahead_price,xgb_oof_train_spread,all,global_model,2025-07-13,daily_retrain,before_holiday_1d,0.04884671792387962
spread_day_ahead_price,xgb_oof_train_spread,all,global_model,2025-07-13,daily_retrain,after_holiday_1d,0.09247477352619171
spread_day_ahead_price,xgb_oof_train_spread,all,global_model,2025-07-16,daily_retrain,lag_1,0.0621705986559391
spread_day_ahead_price,xgb_oof_train_spread,all,global_model,2025-07-16,daily_retrain,lag_7,0.03997722640633583
spread_day_ahead_price,xgb_oof_train_spread,all,global_model,2025-07-16,daily_retrain,lag_14,0.038757286965847015
spread_day_ahead_price,xgb_oof_train_spread,all,global_model,2025-07-16,daily_retrain,lag_28,0.06421271711587906
spread_day_ahead_price,xgb_oof_train_spread,all,global_model,2025-07-16,daily_retrain,roll_mean_3,0.05012611299753189
spread_day_ahead_price,xgb_oof_train_spread,all,global_model,2025-07-16,daily_retrain,roll_mean_7,0.053043343126773834
spread_day_ahead_price,xgb_oof_train_spread,all,global_model,2025-07-16,daily_retrain,roll_mean_14,0.04324286803603172
spread_day_ahead_price,xgb_oof_train_spread,all,global_model,2025-07-16,daily_retrain,roll_std_7,0.059017617255449295
spread_day_ahead_price,xgb_oof_train_spread,all,global_model,2025-07-16,daily_retrain,diff_1,0.0
spread_day_ahead_price,xgb_oof_train_spread,all,global_model,2025-07-16,daily_retrain,diff_7,0.08516691625118256
spread_day_ahead_price,xgb_oof_train_spread,all,global_model,2025-07-16,daily_retrain,dayofweek,0.0649821013212204
spread_day_ahead_price,xgb_oof_train_spread,all,global_model,2025-07-16,daily_retrain,is_weekend,0.0
spread_day_ahead_price,xgb_oof_train_spread,all,global_model,2025-07-16,daily_retrain,month,0.053544364869594574
spread_day_ahead_price,xgb_oof_train_spread,all,global_model,2025-07-16,daily_retrain,is_holiday,0.1859092265367508
spread_day_ahead_price,xgb_oof_train_spread,all,global_model,2025-07-16,daily_retrain,is_workday,0.07359778136014938
spread_day_ahead_price,xgb_oof_train_spread,all,global_model,2025-07-16,daily_retrain,is_makeup_workday,0.0
spread_day_ahead_price,xgb_oof_train_spread,all,global_model,2025-07-16,daily_retrain,before_holiday_1d,0.04472166672348976
spread_day_ahead_price,xgb_oof_train_spread,all,global_model,2025-07-16,daily_retrain,after_holiday_1d,0.08153022080659866
spread_day_ahead_price,xgb_oof_train_spread,all,global_model,2025-07-19,daily_retrain,lag_1,0.058868374675512314
spread_day_ahead_price,xgb_oof_train_spread,all,global_model,2025-07-19,daily_retrain,lag_7,0.04035244509577751
spread_day_ahead_price,xgb_oof_train_spread,all,global_model,2025-07-19,daily_retrain,lag_14,0.04666490480303764
spread_day_ahead_price,xgb_oof_train_spread,all,global_model,2025-07-19,daily_retrain,lag_28,0.05232878029346466
spread_day_ahead_price,xgb_oof_train_spread,all,global_model,2025-07-19,daily_retrain,roll_mean_3,0.04611295089125633
spread_day_ahead_price,xgb_oof_train_spread,all,global_model,2025-07-19,daily_retrain,roll_mean_7,0.05941440910100937
spread_day_ahead_price,xgb_oof_train_spread,all,global_model,2025-07-19,daily_retrain,roll_mean_14,0.042688190937042236
spread_day_ahead_price,xgb_oof_train_spread,all,global_model,2025-07-19,daily_retrain,roll_std_7,0.05102440342307091
spread_day_ahead_price,xgb_oof_train_spread,all,global_model,2025-07-19,daily_retrain,diff_1,0.0
spread_day_ahead_price,xgb_oof_train_spread,all,global_model,2025-07-19,daily_retrain,diff_7,0.06148937717080116
spread_day_ahead_price,xgb_oof_train_spread,all,global_model,2025-07-19,daily_retrain,dayofweek,0.06179586425423622
spread_day_ahead_price,xgb_oof_train_spread,all,global_model,2025-07-19,daily_retrain,is_weekend,0.0
spread_day_ahead_price,xgb_oof_train_spread,all,global_model,2025-07-19,daily_retrain,month,0.05244112387299538
spread_day_ahead_price,xgb_oof_train_spread,all,global_model,2025-07-19,daily_retrain,is_holiday,0.1751662790775299
spread_day_ahead_price,xgb_oof_train_spread,all,global_model,2025-07-19,daily_retrain,is_workday,0.11802665144205093
spread_day_ahead_price,xgb_oof_train_spread,all,global_model,2025-07-19,daily_retrain,is_makeup_workday,0.0
spread_day_ahead_price,xgb_oof_train_spread,all,global_model,2025-07-19,daily_retrain,before_holiday_1d,0.07234451174736023
spread_day_ahead_price,xgb_oof_train_spread,all,global_model,2025-07-19,daily_retrain,after_holiday_1d,0.06128174439072609
spread_day_ahead_price,xgb_oof_train_spread,all,global_model,2025-07-22,daily_retrain,lag_1,0.06342174112796783
spread_day_ahead_price,xgb_oof_train_spread,all,global_model,2025-07-22,daily_retrain,lag_7,0.03745175898075104
spread_day_ahead_price,xgb_oof_train_spread,all,global_model,2025-07-22,daily_retrain,lag_14,0.04273663088679314
spread_day_ahead_price,xgb_oof_train_spread,all,global_model,2025-07-22,daily_retrain,lag_28,0.043721575289964676
spread_day_ahead_price,xgb_oof_train_spread,all,global_model,2025-07-22,daily_retrain,roll_mean_3,0.051328275352716446
spread_day_ahead_price,xgb_oof_train_spread,all,global_model,2025-07-22,daily_retrain,roll_mean_7,0.05630556866526604
spread_day_ahead_price,xgb_oof_train_spread,all,global_model,2025-07-22,daily_retrain,roll_mean_14,0.0487048402428627
spread_day_ahead_price,xgb_oof_train_spread,all,global_model,2025-07-22,daily_retrain,roll_std_7,0.03897291421890259
spread_day_ahead_price,xgb_oof_train_spread,all,global_model,2025-07-22,daily_retrain,diff_1,0.0
spread_day_ahead_price,xgb_oof_train_spread,all,global_model,2025-07-22,daily_retrain,diff_7,0.0788835659623146
spread_day_ahead_price,xgb_oof_train_spread,all,global_model,2025-07-22,daily_retrain,dayofweek,0.06780362129211426
spread_day_ahead_price,xgb_oof_train_spread,all,global_model,2025-07-22,daily_retrain,is_weekend,0.0
spread_day_ahead_price,xgb_oof_train_spread,all,global_model,2025-07-22,daily_retrain,month,0.06531772017478943
spread_day_ahead_price,xgb_oof_train_spread,all,global_model,2025-07-22,daily_retrain,is_holiday,0.20728203654289246
spread_day_ahead_price,xgb_oof_train_spread,all,global_model,2025-07-22,daily_retrain,is_workday,0.12316202372312546
spread_day_ahead_price,xgb_oof_train_spread,all,global_model,2025-07-22,daily_retrain,is_makeup_workday,0.0
spread_day_ahead_price,xgb_oof_train_spread,all,global_model,2025-07-22,daily_retrain,before_holiday_1d,0.05183194577693939
spread_day_ahead_price,xgb_oof_train_spread,all,global_model,2025-07-22,daily_retrain,after_holiday_1d,0.023075787350535393
spread_day_ahead_price,xgb_oof_train_spread,all,global_model,2025-07-25,daily_retrain,lag_1,0.05987934023141861
spread_day_ahead_price,xgb_oof_train_spread,all,global_model,2025-07-25,daily_retrain,lag_7,0.041425302624702454
spread_day_ahead_price,xgb_oof_train_spread,all,global_model,2025-07-25,daily_retrain,lag_14,0.046691372990608215
spread_day_ahead_price,xgb_oof_train_spread,all,global_model,2025-07-25,daily_retrain,lag_28,0.04773886129260063
spread_day_ahead_price,xgb_oof_train_spread,all,global_model,2025-07-25,daily_retrain,roll_mean_3,0.04805014654994011
spread_day_ahead_price,xgb_oof_train_spread,all,global_model,2025-07-25,daily_retrain,roll_mean_7,0.0587342269718647
spread_day_ahead_price,xgb_oof_train_spread,all,global_model,2025-07-25,daily_retrain,roll_mean_14,0.050820764154195786
spread_day_ahead_price,xgb_oof_train_spread,all,global_model,2025-07-25,daily_retrain,roll_std_7,0.045912858098745346
spread_day_ahead_price,xgb_oof_train_spread,all,global_model,2025-07-25,daily_retrain,diff_1,0.0
spread_day_ahead_price,xgb_oof_train_spread,all,global_model,2025-07-25,daily_retrain,diff_7,0.08206520974636078
spread_day_ahead_price,xgb_oof_train_spread,all,global_model,2025-07-25,daily_retrain,dayofweek,0.07255924493074417
spread_day_ahead_price,xgb_oof_train_spread,all,global_model,2025-07-25,daily_retrain,is_weekend,0.0
spread_day_ahead_price,xgb_oof_train_spread,all,global_model,2025-07-25,daily_retrain,month,0.046543240547180176
spread_day_ahead_price,xgb_oof_train_spread,all,global_model,2025-07-25,daily_retrain,is_holiday,0.21151039004325867
spread_day_ahead_price,xgb_oof_train_spread,all,global_model,2025-07-25,daily_retrain,is_workday,0.11612289398908615
spread_day_ahead_price,xgb_oof_train_spread,all,global_model,2025-07-25,daily_retrain,is_makeup_workday,0.0
spread_day_ahead_price,xgb_oof_train_spread,all,global_model,2025-07-25,daily_retrain,before_holiday_1d,0.005681431386619806
spread_day_ahead_price,xgb_oof_train_spread,all,global_model,2025-07-25,daily_retrain,after_holiday_1d,0.06626471877098083
spread_day_ahead_price,xgb_oof_train_spread,all,global_model,2025-07-28,daily_retrain,lag_1,0.061142031103372574
spread_day_ahead_price,xgb_oof_train_spread,all,global_model,2025-07-28,daily_retrain,lag_7,0.04182494431734085
spread_day_ahead_price,xgb_oof_train_spread,all,global_model,2025-07-28,daily_retrain,lag_14,0.03539862856268883
spread_day_ahead_price,xgb_oof_train_spread,all,global_model,2025-07-28,daily_retrain,lag_28,0.03954267501831055
spread_day_ahead_price,xgb_oof_train_spread,all,global_model,2025-07-28,daily_retrain,roll_mean_3,0.04487212374806404
spread_day_ahead_price,xgb_oof_train_spread,all,global_model,2025-07-28,daily_retrain,roll_mean_7,0.052585385739803314
spread_day_ahead_price,xgb_oof_train_spread,all,global_model,2025-07-28,daily_retrain,roll_mean_14,0.04363325238227844
spread_day_ahead_price,xgb_oof_train_spread,all,global_model,2025-07-28,daily_retrain,roll_std_7,0.04531596228480339
spread_day_ahead_price,xgb_oof_train_spread,all,global_model,2025-07-28,daily_retrain,diff_1,0.0
spread_day_ahead_price,xgb_oof_train_spread,all,global_model,2025-07-28,daily_retrain,diff_7,0.07321257889270782
spread_day_ahead_price,xgb_oof_train_spread,all,global_model,2025-07-28,daily_retrain,dayofweek,0.06307648122310638
spread_day_ahead_price,xgb_oof_train_spread,all,global_model,2025-07-28,daily_retrain,is_weekend,0.0
spread_day_ahead_price,xgb_oof_train_spread,all,global_model,2025-07-28,daily_retrain,month,0.0468115396797657
spread_day_ahead_price,xgb_oof_train_spread,all,global_model,2025-07-28,daily_retrain,is_holiday,0.21971100568771362
spread_day_ahead_price,xgb_oof_train_spread,all,global_model,2025-07-28,daily_retrain,is_workday,0.10599997639656067
spread_day_ahead_price,xgb_oof_train_spread,all,global_model,2025-07-28,daily_retrain,is_makeup_workday,0.0
spread_day_ahead_price,xgb_oof_train_spread,all,global_model,2025-07-28,daily_retrain,before_holiday_1d,0.07985835522413254
spread_day_ahead_price,xgb_oof_train_spread,all,global_model,2025-07-28,daily_retrain,after_holiday_1d,0.04701508209109306
spread_day_ahead_price,xgb_oof_train_spread,all,global_model,2025-07-31,daily_retrain,lag_1,0.056961338967084885
spread_day_ahead_price,xgb_oof_train_spread,all,global_model,2025-07-31,daily_retrain,lag_7,0.040316253900527954
spread_day_ahead_price,xgb_oof_train_spread,all,global_model,2025-07-31,daily_retrain,lag_14,0.03560527041554451
spread_day_ahead_price,xgb_oof_train_spread,all,global_model,2025-07-31,daily_retrain,lag_28,0.04157054051756859
spread_day_ahead_price,xgb_oof_train_spread,all,global_model,2025-07-31,daily_retrain,roll_mean_3,0.04170405492186546
spread_day_ahead_price,xgb_oof_train_spread,all,global_model,2025-07-31,daily_retrain,roll_mean_7,0.05061502382159233
spread_day_ahead_price,xgb_oof_train_spread,all,global_model,2025-07-31,daily_retrain,roll_mean_14,0.03688467666506767
spread_day_ahead_price,xgb_oof_train_spread,all,global_model,2025-07-31,daily_retrain,roll_std_7,0.04208960384130478
spread_day_ahead_price,xgb_oof_train_spread,all,global_model,2025-07-31,daily_retrain,diff_1,0.0
spread_day_ahead_price,xgb_oof_train_spread,all,global_model,2025-07-31,daily_retrain,diff_7,0.06428036093711853
spread_day_ahead_price,xgb_oof_train_spread,all,global_model,2025-07-31,daily_retrain,dayofweek,0.08055908232927322
spread_day_ahead_price,xgb_oof_train_spread,all,global_model,2025-07-31,daily_retrain,is_weekend,0.0
spread_day_ahead_price,xgb_oof_train_spread,all,global_model,2025-07-31,daily_retrain,month,0.05067852884531021
spread_day_ahead_price,xgb_oof_train_spread,all,global_model,2025-07-31,daily_retrain,is_holiday,0.22178292274475098
spread_day_ahead_price,xgb_oof_train_spread,all,global_model,2025-07-31,daily_retrain,is_workday,0.10243165493011475
spread_day_ahead_price,xgb_oof_train_spread,all,global_model,2025-07-31,daily_retrain,is_makeup_workday,0.0
spread_day_ahead_price,xgb_oof_train_spread,all,global_model,2025-07-31,daily_retrain,before_holiday_1d,0.06680285930633545
spread_day_ahead_price,xgb_oof_train_spread,all,global_model,2025-07-31,daily_retrain,after_holiday_1d,0.06771785765886307
spread_day_ahead_price,xgb_oof_train_spread,all,global_model,2025-08-03,daily_retrain,lag_1,0.05451985448598862
spread_day_ahead_price,xgb_oof_train_spread,all,global_model,2025-08-03,daily_retrain,lag_7,0.04063800349831581
spread_day_ahead_price,xgb_oof_train_spread,all,global_model,2025-08-03,daily_retrain,lag_14,0.03323053941130638
spread_day_ahead_price,xgb_oof_train_spread,all,global_model,2025-08-03,daily_retrain,lag_28,0.04080943763256073
spread_day_ahead_price,xgb_oof_train_spread,all,global_model,2025-08-03,daily_retrain,roll_mean_3,0.042236194014549255
spread_day_ahead_price,xgb_oof_train_spread,all,global_model,2025-08-03,daily_retrain,roll_mean_7,0.047411445528268814
spread_day_ahead_price,xgb_oof_train_spread,all,global_model,2025-08-03,daily_retrain,roll_mean_14,0.040244705975055695
spread_day_ahead_price,xgb_oof_train_spread,all,global_model,2025-08-03,daily_retrain,roll_std_7,0.04029612988233566
spread_day_ahead_price,xgb_oof_train_spread,all,global_model,2025-08-03,daily_retrain,diff_1,0.0
spread_day_ahead_price,xgb_oof_train_spread,all,global_model,2025-08-03,daily_retrain,diff_7,0.07534472644329071
spread_day_ahead_price,xgb_oof_train_spread,all,global_model,2025-08-03,daily_retrain,dayofweek,0.07411880046129227
spread_day_ahead_price,xgb_oof_train_spread,all,global_model,2025-08-03,daily_retrain,is_weekend,0.0
spread_day_ahead_price,xgb_oof_train_spread,all,global_model,2025-08-03,daily_retrain,month,0.04801671579480171
spread_day_ahead_price,xgb_oof_train_spread,all,global_model,2025-08-03,daily_retrain,is_holiday,0.2172781527042389
spread_day_ahead_price,xgb_oof_train_spread,all,global_model,2025-08-03,daily_retrain,is_workday,0.09811820834875107
spread_day_ahead_price,xgb_oof_train_spread,all,global_model,2025-08-03,daily_retrain,is_makeup_workday,0.0
spread_day_ahead_price,xgb_oof_train_spread,all,global_model,2025-08-03,daily_retrain,before_holiday_1d,0.09467604756355286
spread_day_ahead_price,xgb_oof_train_spread,all,global_model,2025-08-03,daily_retrain,after_holiday_1d,0.05306113138794899
spread_day_ahead_price,xgb_oof_train_spread,all,global_model,2025-08-06,daily_retrain,lag_1,0.05327049642801285
spread_day_ahead_price,xgb_oof_train_spread,all,global_model,2025-08-06,daily_retrain,lag_7,0.037606023252010345
spread_day_ahead_price,xgb_oof_train_spread,all,global_model,2025-08-06,daily_retrain,lag_14,0.03252739831805229
spread_day_ahead_price,xgb_oof_train_spread,all,global_model,2025-08-06,daily_retrain,lag_28,0.040933337062597275
spread_day_ahead_price,xgb_oof_train_spread,all,global_model,2025-08-06,daily_retrain,roll_mean_3,0.042136553674936295
spread_day_ahead_price,xgb_oof_train_spread,all,global_model,2025-08-06,daily_retrain,roll_mean_7,0.048736341297626495
spread_day_ahead_price,xgb_oof_train_spread,all,global_model,2025-08-06,daily_retrain,roll_mean_14,0.0430949330329895
spread_day_ahead_price,xgb_oof_train_spread,all,global_model,2025-08-06,daily_retrain,roll_std_7,0.04357462003827095
spread_day_ahead_price,xgb_oof_train_spread,all,global_model,2025-08-06,daily_retrain,diff_1,0.0
spread_day_ahead_price,xgb_oof_train_spread,all,global_model,2025-08-06,daily_retrain,diff_7,0.07165989279747009
spread_day_ahead_price,xgb_oof_train_spread,all,global_model,2025-08-06,daily_retrain,dayofweek,0.06604012846946716
spread_day_ahead_price,xgb_oof_train_spread,all,global_model,2025-08-06,daily_retrain,is_weekend,0.0
spread_day_ahead_price,xgb_oof_train_spread,all,global_model,2025-08-06,daily_retrain,month,0.04580937698483467
spread_day_ahead_price,xgb_oof_train_spread,all,global_model,2025-08-06,daily_retrain,is_holiday,0.24009515345096588
spread_day_ahead_price,xgb_oof_train_spread,all,global_model,2025-08-06,daily_retrain,is_workday,0.09552749991416931
spread_day_ahead_price,xgb_oof_train_spread,all,global_model,2025-08-06,daily_retrain,is_makeup_workday,0.0
spread_day_ahead_price,xgb_oof_train_spread,all,global_model,2025-08-06,daily_retrain,before_holiday_1d,0.09245912730693817
spread_day_ahead_price,xgb_oof_train_spread,all,global_model,2025-08-06,daily_retrain,after_holiday_1d,0.046529073268175125
spread_day_ahead_price,xgb_oof_train_spread,all,global_model,2025-08-09,daily_retrain,lag_1,0.05406447872519493
spread_day_ahead_price,xgb_oof_train_spread,all,global_model,2025-08-09,daily_retrain,lag_7,0.03937115892767906
spread_day_ahead_price,xgb_oof_train_spread,all,global_model,2025-08-09,daily_retrain,lag_14,0.034003134816884995
spread_day_ahead_price,xgb_oof_train_spread,all,global_model,2025-08-09,daily_retrain,lag_28,0.04198949784040451
spread_day_ahead_price,xgb_oof_train_spread,all,global_model,2025-08-09,daily_retrain,roll_mean_3,0.04233803600072861
spread_day_ahead_price,xgb_oof_train_spread,all,global_model,2025-08-09,daily_retrain,roll_mean_7,0.04665662720799446
spread_day_ahead_price,xgb_oof_train_spread,all,global_model,2025-08-09,daily_retrain,roll_mean_14,0.04397187754511833
spread_day_ahead_price,xgb_oof_train_spread,all,global_model,2025-08-09,daily_retrain,roll_std_7,0.04475850239396095
spread_day_ahead_price,xgb_oof_train_spread,all,global_model,2025-08-09,daily_retrain,diff_1,0.0
spread_day_ahead_price,xgb_oof_train_spread,all,global_model,2025-08-09,daily_retrain,diff_7,0.07025473564863205
spread_day_ahead_price,xgb_oof_train_spread,all,global_model,2025-08-09,daily_retrain,dayofweek,0.08318120986223221
spread_day_ahead_price,xgb_oof_train_spread,all,global_model,2025-08-09,daily_retrain,is_weekend,0.0
spread_day_ahead_price,xgb_oof_train_spread,all,global_model,2025-08-09,daily_retrain,month,0.04276164621114731
spread_day_ahead_price,xgb_oof_train_spread,all,global_model,2025-08-09,daily_retrain,is_holiday,0.22149793803691864
spread_day_ahead_price,xgb_oof_train_spread,all,global_model,2025-08-09,daily_retrain,is_workday,0.09951651096343994
spread_day_ahead_price,xgb_oof_train_spread,all,global_model,2025-08-09,daily_retrain,is_makeup_workday,0.0
spread_day_ahead_price,xgb_oof_train_spread,all,global_model,2025-08-09,daily_retrain,before_holiday_1d,0.08895640820264816
spread_day_ahead_price,xgb_oof_train_spread,all,global_model,2025-08-09,daily_retrain,after_holiday_1d,0.046678222715854645
spread_day_ahead_price,xgb_oof_train_spread,all,global_model,2025-08-12,daily_retrain,lag_1,0.057477764785289764
spread_day_ahead_price,xgb_oof_train_spread,all,global_model,2025-08-12,daily_retrain,lag_7,0.03901247680187225
spread_day_ahead_price,xgb_oof_train_spread,all,global_model,2025-08-12,daily_retrain,lag_14,0.03458646684885025
spread_day_ahead_price,xgb_oof_train_spread,all,global_model,2025-08-12,daily_retrain,lag_28,0.04035206139087677
spread_day_ahead_price,xgb_oof_train_spread,all,global_model,2025-08-12,daily_retrain,roll_mean_3,0.04417233169078827
spread_day_ahead_price,xgb_oof_train_spread,all,global_model,2025-08-12,daily_retrain,roll_mean_7,0.04711327329277992
spread_day_ahead_price,xgb_oof_train_spread,all,global_model,2025-08-12,daily_retrain,roll_mean_14,0.0488266684114933
spread_day_ahead_price,xgb_oof_train_spread,all,global_model,2025-08-12,daily_retrain,roll_std_7,0.03991149738430977
spread_day_ahead_price,xgb_oof_train_spread,all,global_model,2025-08-12,daily_retrain,diff_1,0.0
spread_day_ahead_price,xgb_oof_train_spread,all,global_model,2025-08-12,daily_retrain,diff_7,0.07045415788888931
spread_day_ahead_price,xgb_oof_train_spread,all,global_model,2025-08-12,daily_retrain,dayofweek,0.07142481207847595
spread_day_ahead_price,xgb_oof_train_spread,all,global_model,2025-08-12,daily_retrain,is_weekend,0.0
spread_day_ahead_price,xgb_oof_train_spread,all,global_model,2025-08-12,daily_retrain,month,0.039924751967191696
spread_day_ahead_price,xgb_oof_train_spread,all,global_model,2025-08-12,daily_retrain,is_holiday,0.23398374021053314
spread_day_ahead_price,xgb_oof_train_spread,all,global_model,2025-08-12,daily_retrain,is_workday,0.10085630416870117
spread_day_ahead_price,xgb_oof_train_spread,all,global_model,2025-08-12,daily_retrain,is_makeup_workday,0.0
spread_day_ahead_price,xgb_oof_train_spread,all,global_model,2025-08-12,daily_retrain,before_holiday_1d,0.07951124012470245
spread_day_ahead_price,xgb_oof_train_spread,all,global_model,2025-08-12,daily_retrain,after_holiday_1d,0.052392490208148956
spread_day_ahead_price,xgb_oof_train_spread,all,global_model,2025-08-15,daily_retrain,lag_1,0.05918976664543152
spread_day_ahead_price,xgb_oof_train_spread,all,global_model,2025-08-15,daily_retrain,lag_7,0.043448373675346375
spread_day_ahead_price,xgb_oof_train_spread,all,global_model,2025-08-15,daily_retrain,lag_14,0.028071584179997444
spread_day_ahead_price,xgb_oof_train_spread,all,global_model,2025-08-15,daily_retrain,lag_28,0.039563484489917755
spread_day_ahead_price,xgb_oof_train_spread,all,global_model,2025-08-15,daily_retrain,roll_mean_3,0.0427364781498909
spread_day_ahead_price,xgb_oof_train_spread,all,global_model,2025-08-15,daily_retrain,roll_mean_7,0.04956931248307228
spread_day_ahead_price,xgb_oof_train_spread,all,global_model,2025-08-15,daily_retrain,roll_mean_14,0.044111911207437515
spread_day_ahead_price,xgb_oof_train_spread,all,global_model,2025-08-15,daily_retrain,roll_std_7,0.027472546324133873
spread_day_ahead_price,xgb_oof_train_spread,all,global_model,2025-08-15,daily_retrain,diff_1,0.0
spread_day_ahead_price,xgb_oof_train_spread,all,global_model,2025-08-15,daily_retrain,diff_7,0.08086097240447998
spread_day_ahead_price,xgb_oof_train_spread,all,global_model,2025-08-15,daily_retrain,dayofweek,0.05567769706249237
spread_day_ahead_price,xgb_oof_train_spread,all,global_model,2025-08-15,daily_retrain,is_weekend,0.0
spread_day_ahead_price,xgb_oof_train_spread,all,global_model,2025-08-15,daily_retrain,month,0.03230886906385422
spread_day_ahead_price,xgb_oof_train_spread,all,global_model,2025-08-15,daily_retrain,is_holiday,0.20601870119571686
spread_day_ahead_price,xgb_oof_train_spread,all,global_model,2025-08-15,daily_retrain,is_workday,0.09899928420782089
spread_day_ahead_price,xgb_oof_train_spread,all,global_model,2025-08-15,daily_retrain,is_makeup_workday,0.0
spread_day_ahead_price,xgb_oof_train_spread,all,global_model,2025-08-15,daily_retrain,before_holiday_1d,0.14454837143421173
spread_day_ahead_price,xgb_oof_train_spread,all,global_model,2025-08-15,daily_retrain,after_holiday_1d,0.04742267727851868
spread_day_ahead_price,xgb_oof_train_spread,all,global_model,2025-08-18,daily_retrain,lag_1,0.057581838220357895
spread_day_ahead_price,xgb_oof_train_spread,all,global_model,2025-08-18,daily_retrain,lag_7,0.034996479749679565
spread_day_ahead_price,xgb_oof_train_spread,all,global_model,2025-08-18,daily_retrain,lag_14,0.028307069092988968
spread_day_ahead_price,xgb_oof_train_spread,all,global_model,2025-08-18,daily_retrain,lag_28,0.03304082155227661
spread_day_ahead_price,xgb_oof_train_spread,all,global_model,2025-08-18,daily_retrain,roll_mean_3,0.040470100939273834
spread_day_ahead_price,xgb_oof_train_spread,all,global_model,2025-08-18,daily_retrain,roll_mean_7,0.04414105787873268
spread_day_ahead_price,xgb_oof_train_spread,all,global_model,2025-08-18,daily_retrain,roll_mean_14,0.041129983961582184
spread_day_ahead_price,xgb_oof_train_spread,all,global_model,2025-08-18,daily_retrain,roll_std_7,0.036028992384672165
spread_day_ahead_price,xgb_oof_train_spread,all,global_model,2025-08-18,daily_retrain,diff_1,0.0
spread_day_ahead_price,xgb_oof_train_spread,all,global_model,2025-08-18,daily_retrain,diff_7,0.06308609247207642
spread_day_ahead_price,xgb_oof_train_spread,all,global_model,2025-08-18,daily_retrain,dayofweek,0.07876935601234436
spread_day_ahead_price,xgb_oof_train_spread,all,global_model,2025-08-18,daily_retrain,is_weekend,0.0
spread_day_ahead_price,xgb_oof_train_spread,all,global_model,2025-08-18,daily_retrain,month,0.02777862548828125
spread_day_ahead_price,xgb_oof_train_spread,all,global_model,2025-08-18,daily_retrain,is_holiday,0.2322753369808197
spread_day_ahead_price,xgb_oof_train_spread,all,global_model,2025-08-18,daily_retrain,is_workday,0.09483379125595093
spread_day_ahead_price,xgb_oof_train_spread,all,global_model,2025-08-18,daily_retrain,is_makeup_workday,0.0
spread_day_ahead_price,xgb_oof_train_spread,all,global_model,2025-08-18,daily_retrain,before_holiday_1d,0.13588303327560425
spread_day_ahead_price,xgb_oof_train_spread,all,global_model,2025-08-18,daily_retrain,after_holiday_1d,0.051677435636520386
spread_day_ahead_price,xgb_oof_train_spread,all,global_model,2025-08-21,daily_retrain,lag_1,0.05875100567936897
spread_day_ahead_price,xgb_oof_train_spread,all,global_model,2025-08-21,daily_retrain,lag_7,0.030624007806181908
spread_day_ahead_price,xgb_oof_train_spread,all,global_model,2025-08-21,daily_retrain,lag_14,0.03459303826093674
spread_day_ahead_price,xgb_oof_train_spread,all,global_model,2025-08-21,daily_retrain,lag_28,0.03572037070989609
spread_day_ahead_price,xgb_oof_train_spread,all,global_model,2025-08-21,daily_retrain,roll_mean_3,0.046570226550102234
spread_day_ahead_price,xgb_oof_train_spread,all,global_model,2025-08-21,daily_retrain,roll_mean_7,0.045092590153217316
spread_day_ahead_price,xgb_oof_train_spread,all,global_model,2025-08-21,daily_retrain,roll_mean_14,0.04443822801113129
spread_day_ahead_price,xgb_oof_train_spread,all,global_model,2025-08-21,daily_retrain,roll_std_7,0.04005494341254234
spread_day_ahead_price,xgb_oof_train_spread,all,global_model,2025-08-21,daily_retrain,diff_1,0.0
spread_day_ahead_price,xgb_oof_train_spread,all,global_model,2025-08-21,daily_retrain,diff_7,0.06152737885713577
spread_day_ahead_price,xgb_oof_train_spread,all,global_model,2025-08-21,daily_retrain,dayofweek,0.08095326274633408
spread_day_ahead_price,xgb_oof_train_spread,all,global_model,2025-08-21,daily_retrain,is_weekend,0.0
spread_day_ahead_price,xgb_oof_train_spread,all,global_model,2025-08-21,daily_retrain,month,0.03464395925402641
spread_day_ahead_price,xgb_oof_train_spread,all,global_model,2025-08-21,daily_retrain,is_holiday,0.257342666387558
spread_day_ahead_price,xgb_oof_train_spread,all,global_model,2025-08-21,daily_retrain,is_workday,0.09800685197114944
spread_day_ahead_price,xgb_oof_train_spread,all,global_model,2025-08-21,daily_retrain,is_makeup_workday,0.0
spread_day_ahead_price,xgb_oof_train_spread,all,global_model,2025-08-21,daily_retrain,before_holiday_1d,0.08285418152809143
spread_day_ahead_price,xgb_oof_train_spread,all,global_model,2025-08-21,daily_retrain,after_holiday_1d,0.04882732033729553
spread_day_ahead_price,xgb_oof_train_spread,all,global_model,2025-08-24,daily_retrain,lag_1,0.0555436871945858
spread_day_ahead_price,xgb_oof_train_spread,all,global_model,2025-08-24,daily_retrain,lag_7,0.02957732044160366
spread_day_ahead_price,xgb_oof_train_spread,all,global_model,2025-08-24,daily_retrain,lag_14,0.03556136414408684
spread_day_ahead_price,xgb_oof_train_spread,all,global_model,2025-08-24,daily_retrain,lag_28,0.03348894417285919
spread_day_ahead_price,xgb_oof_train_spread,all,global_model,2025-08-24,daily_retrain,roll_mean_3,0.04215344786643982
spread_day_ahead_price,xgb_oof_train_spread,all,global_model,2025-08-24,daily_retrain,roll_mean_7,0.045113302767276764
spread_day_ahead_price,xgb_oof_train_spread,all,global_model,2025-08-24,daily_retrain,roll_mean_14,0.04311244562268257
spread_day_ahead_price,xgb_oof_train_spread,all,global_model,2025-08-24,daily_retrain,roll_std_7,0.037476666271686554
spread_day_ahead_price,xgb_oof_train_spread,all,global_model,2025-08-24,daily_retrain,diff_1,0.0
spread_day_ahead_price,xgb_oof_train_spread,all,global_model,2025-08-24,daily_retrain,diff_7,0.052287038415670395
spread_day_ahead_price,xgb_oof_train_spread,all,global_model,2025-08-24,daily_retrain,dayofweek,0.07089240849018097
spread_day_ahead_price,xgb_oof_train_spread,all,global_model,2025-08-24,daily_retrain,is_weekend,0.0
spread_day_ahead_price,xgb_oof_train_spread,all,global_model,2025-08-24,daily_retrain,month,0.038590267300605774
spread_day_ahead_price,xgb_oof_train_spread,all,global_model,2025-08-24,daily_retrain,is_holiday,0.24165602028369904
spread_day_ahead_price,xgb_oof_train_spread,all,global_model,2025-08-24,daily_retrain,is_workday,0.09377628564834595
spread_day_ahead_price,xgb_oof_train_spread,all,global_model,2025-08-24,daily_retrain,is_makeup_workday,0.0
spread_day_ahead_price,xgb_oof_train_spread,all,global_model,2025-08-24,daily_retrain,before_holiday_1d,0.13009710609912872
spread_day_ahead_price,xgb_oof_train_spread,all,global_model,2025-08-24,daily_retrain,after_holiday_1d,0.05067373067140579
spread_day_ahead_price,xgb_oof_train_spread,all,global_model,2025-08-27,daily_retrain,lag_1,0.057614851742982864
spread_day_ahead_price,xgb_oof_train_spread,all,global_model,2025-08-27,daily_retrain,lag_7,0.022131454199552536
spread_day_ahead_price,xgb_oof_train_spread,all,global_model,2025-08-27,daily_retrain,lag_14,0.029802231118083
spread_day_ahead_price,xgb_oof_train_spread,all,global_model,2025-08-27,daily_retrain,lag_28,0.02814970724284649
spread_day_ahead_price,xgb_oof_train_spread,all,global_model,2025-08-27,daily_retrain,roll_mean_3,0.043407876044511795
spread_day_ahead_price,xgb_oof_train_spread,all,global_model,2025-08-27,daily_retrain,roll_mean_7,0.04623543471097946
spread_day_ahead_price,xgb_oof_train_spread,all,global_model,2025-08-27,daily_retrain,roll_mean_14,0.04427509382367134
spread_day_ahead_price,xgb_oof_train_spread,all,global_model,2025-08-27,daily_retrain,roll_std_7,0.03620057553052902
spread_day_ahead_price,xgb_oof_train_spread,all,global_model,2025-08-27,daily_retrain,diff_1,0.0
spread_day_ahead_price,xgb_oof_train_spread,all,global_model,2025-08-27,daily_retrain,diff_7,0.04611172154545784
spread_day_ahead_price,xgb_oof_train_spread,all,global_model,2025-08-27,daily_retrain,dayofweek,0.07467479258775711
spread_day_ahead_price,xgb_oof_train_spread,all,global_model,2025-08-27,daily_retrain,is_weekend,0.0
spread_day_ahead_price,xgb_oof_train_spread,all,global_model,2025-08-27,daily_retrain,month,0.03807230293750763
spread_day_ahead_price,xgb_oof_train_spread,all,global_model,2025-08-27,daily_retrain,is_holiday,0.25703731179237366
spread_day_ahead_price,xgb_oof_train_spread,all,global_model,2025-08-27,daily_retrain,is_workday,0.09402299672365189
spread_day_ahead_price,xgb_oof_train_spread,all,global_model,2025-08-27,daily_retrain,is_makeup_workday,0.0
spread_day_ahead_price,xgb_oof_train_spread,all,global_model,2025-08-27,daily_retrain,before_holiday_1d,0.12528353929519653
spread_day_ahead_price,xgb_oof_train_spread,all,global_model,2025-08-27,daily_retrain,after_holiday_1d,0.05698004737496376
spread_day_ahead_price,xgb_oof_train_spread,all,global_model,2025-08-30,daily_retrain,lag_1,0.05523274093866348
spread_day_ahead_price,xgb_oof_train_spread,all,global_model,2025-08-30,daily_retrain,lag_7,0.022858453914523125
spread_day_ahead_price,xgb_oof_train_spread,all,global_model,2025-08-30,daily_retrain,lag_14,0.03039689175784588
spread_day_ahead_price,xgb_oof_train_spread,all,global_model,2025-08-30,daily_retrain,lag_28,0.028821995481848717
spread_day_ahead_price,xgb_oof_train_spread,all,global_model,2025-08-30,daily_retrain,roll_mean_3,0.04533202573657036
spread_day_ahead_price,xgb_oof_train_spread,all,global_model,2025-08-30,daily_retrain,roll_mean_7,0.044675473123788834
spread_day_ahead_price,xgb_oof_train_spread,all,global_model,2025-08-30,daily_retrain,roll_mean_14,0.045163337141275406
spread_day_ahead_price,xgb_oof_train_spread,all,global_model,2025-08-30,daily_retrain,roll_std_7,0.035473838448524475
spread_day_ahead_price,xgb_oof_train_spread,all,global_model,2025-08-30,daily_retrain,diff_1,0.0
spread_day_ahead_price,xgb_oof_train_spread,all,global_model,2025-08-30,daily_retrain,diff_7,0.04793260619044304
spread_day_ahead_price,xgb_oof_train_spread,all,global_model,2025-08-30,daily_retrain,dayofweek,0.07297735661268234
spread_day_ahead_price,xgb_oof_train_spread,all,global_model,2025-08-30,daily_retrain,is_weekend,0.0
spread_day_ahead_price,xgb_oof_train_spread,all,global_model,2025-08-30,daily_retrain,month,0.03777759522199631
spread_day_ahead_price,xgb_oof_train_spread,all,global_model,2025-08-30,daily_retrain,is_holiday,0.25276583433151245
spread_day_ahead_price,xgb_oof_train_spread,all,global_model,2025-08-30,daily_retrain,is_workday,0.09813529253005981
spread_day_ahead_price,xgb_oof_train_spread,all,global_model,2025-08-30,daily_retrain,is_makeup_workday,0.0
spread_day_ahead_price,xgb_oof_train_spread,all,global_model,2025-08-30,daily_retrain,before_holiday_1d,0.12709587812423706
spread_day_ahead_price,xgb_oof_train_spread,all,global_model,2025-08-30,daily_retrain,after_holiday_1d,0.055360615253448486
spread_day_ahead_price,xgb_oof_train_spread,all,global_model,2025-09-02,daily_retrain,lag_1,0.060454223304986954
spread_day_ahead_price,xgb_oof_train_spread,all,global_model,2025-09-02,daily_retrain,lag_7,0.024554433301091194
spread_day_ahead_price,xgb_oof_train_spread,all,global_model,2025-09-02,daily_retrain,lag_14,0.03201853111386299
spread_day_ahead_price,xgb_oof_train_spread,all,global_model,2025-09-02,daily_retrain,lag_28,0.030903851613402367
spread_day_ahead_price,xgb_oof_train_spread,all,global_model,2025-09-02,daily_retrain,roll_mean_3,0.04729325324296951
spread_day_ahead_price,xgb_oof_train_spread,all,global_model,2025-09-02,daily_retrain,roll_mean_7,0.04988989979028702
spread_day_ahead_price,xgb_oof_train_spread,all,global_model,2025-09-02,daily_retrain,roll_mean_14,0.04997318983078003
spread_day_ahead_price,xgb_oof_train_spread,all,global_model,2025-09-02,daily_retrain,roll_std_7,0.03839658573269844
spread_day_ahead_price,xgb_oof_train_spread,all,global_model,2025-09-02,daily_retrain,diff_1,0.0
spread_day_ahead_price,xgb_oof_train_spread,all,global_model,2025-09-02,daily_retrain,diff_7,0.05182801932096481
spread_day_ahead_price,xgb_oof_train_spread,all,global_model,2025-09-02,daily_retrain,dayofweek,0.09056654572486877
spread_day_ahead_price,xgb_oof_train_spread,all,global_model,2025-09-02,daily_retrain,is_weekend,0.0
spread_day_ahead_price,xgb_oof_train_spread,all,global_model,2025-09-02,daily_retrain,month,0.03826674818992615
spread_day_ahead_price,xgb_oof_train_spread,all,global_model,2025-09-02,daily_retrain,is_holiday,0.2818255126476288
spread_day_ahead_price,xgb_oof_train_spread,all,global_model,2025-09-02,daily_retrain,is_workday,0.10408832132816315
spread_day_ahead_price,xgb_oof_train_spread,all,global_model,2025-09-02,daily_retrain,is_makeup_workday,0.0
spread_day_ahead_price,xgb_oof_train_spread,all,global_model,2025-09-02,daily_retrain,before_holiday_1d,0.04687352478504181
spread_day_ahead_price,xgb_oof_train_spread,all,global_model,2025-09-02,daily_retrain,after_holiday_1d,0.05306735262274742
spread_day_ahead_price,xgb_oof_train_spread,all,global_model,2025-09-05,daily_retrain,lag_1,0.0562584288418293
spread_day_ahead_price,xgb_oof_train_spread,all,global_model,2025-09-05,daily_retrain,lag_7,0.022580279037356377
spread_day_ahead_price,xgb_oof_train_spread,all,global_model,2025-09-05,daily_retrain,lag_14,0.03216157481074333
spread_day_ahead_price,xgb_oof_train_spread,all,global_model,2025-09-05,daily_retrain,lag_28,0.03243081271648407
spread_day_ahead_price,xgb_oof_train_spread,all,global_model,2025-09-05,daily_retrain,roll_mean_3,0.04417535290122032
spread_day_ahead_price,xgb_oof_train_spread,all,global_model,2025-09-05,daily_retrain,roll_mean_7,0.046178385615348816
spread_day_ahead_price,xgb_oof_train_spread,all,global_model,2025-09-05,daily_retrain,roll_mean_14,0.04685656726360321
spread_day_ahead_price,xgb_oof_train_spread,all,global_model,2025-09-05,daily_retrain,roll_std_7,0.03773307055234909
spread_day_ahead_price,xgb_oof_train_spread,all,global_model,2025-09-05,daily_retrain,diff_1,0.0
spread_day_ahead_price,xgb_oof_train_spread,all,global_model,2025-09-05,daily_retrain,diff_7,0.04727044329047203
spread_day_ahead_price,xgb_oof_train_spread,all,global_model,2025-09-05,daily_retrain,dayofweek,0.08822011947631836
spread_day_ahead_price,xgb_oof_train_spread,all,global_model,2025-09-05,daily_retrain,is_weekend,0.0
spread_day_ahead_price,xgb_oof_train_spread,all,global_model,2025-09-05,daily_retrain,month,0.03716452419757843
spread_day_ahead_price,xgb_oof_train_spread,all,global_model,2025-09-05,daily_retrain,is_holiday,0.27403199672698975
spread_day_ahead_price,xgb_oof_train_spread,all,global_model,2025-09-05,daily_retrain,is_workday,0.098717600107193
spread_day_ahead_price,xgb_oof_train_spread,all,global_model,2025-09-05,daily_retrain,is_makeup_workday,0.0
spread_day_ahead_price,xgb_oof_train_spread,all,global_model,2025-09-05,daily_retrain,before_holiday_1d,0.0842292383313179
spread_day_ahead_price,xgb_oof_train_spread,all,global_model,2025-09-05,daily_retrain,after_holiday_1d,0.05199160426855087
spread_day_ahead_price,xgb_oof_train_spread,all,global_model,2025-09-08,daily_retrain,lag_1,0.04749796539545059
spread_day_ahead_price,xgb_oof_train_spread,all,global_model,2025-09-08,daily_retrain,lag_7,0.017529917880892754
spread_day_ahead_price,xgb_oof_train_spread,all,global_model,2025-09-08,daily_retrain,lag_14,0.02711009420454502
spread_day_ahead_price,xgb_oof_train_spread,all,global_model,2025-09-08,daily_retrain,lag_28,0.027573982253670692
spread_day_ahead_price,xgb_oof_train_spread,all,global_model,2025-09-08,daily_retrain,roll_mean_3,0.024500219151377678
spread_day_ahead_price,xgb_oof_train_spread,all,global_model,2025-09-08,daily_retrain,roll_mean_7,0.03926064074039459
spread_day_ahead_price,xgb_oof_train_spread,all,global_model,2025-09-08,daily_retrain,roll_mean_14,0.035177841782569885
spread_day_ahead_price,xgb_oof_train_spread,all,global_model,2025-09-08,daily_retrain,roll_std_7,0.03548116981983185
spread_day_ahead_price,xgb_oof_train_spread,all,global_model,2025-09-08,daily_retrain,diff_1,0.0
spread_day_ahead_price,xgb_oof_train_spread,all,global_model,2025-09-08,daily_retrain,diff_7,0.0360279306769371
spread_day_ahead_price,xgb_oof_train_spread,all,global_model,2025-09-08,daily_retrain,dayofweek,0.05957520380616188
spread_day_ahead_price,xgb_oof_train_spread,all,global_model,2025-09-08,daily_retrain,is_weekend,0.0
spread_day_ahead_price,xgb_oof_train_spread,all,global_model,2025-09-08,daily_retrain,month,0.026787953451275826
spread_day_ahead_price,xgb_oof_train_spread,all,global_model,2025-09-08,daily_retrain,is_holiday,0.2768057584762573
spread_day_ahead_price,xgb_oof_train_spread,all,global_model,2025-09-08,daily_retrain,is_workday,0.24955858290195465
spread_day_ahead_price,xgb_oof_train_spread,all,global_model,2025-09-08,daily_retrain,is_makeup_workday,0.0
spread_day_ahead_price,xgb_oof_train_spread,all,global_model,2025-09-08,daily_retrain,before_holiday_1d,0.04787089303135872
spread_day_ahead_price,xgb_oof_train_spread,all,global_model,2025-09-08,daily_retrain,after_holiday_1d,0.04924185574054718
spread_day_ahead_price,xgb_oof_train_spread,all,global_model,2025-09-11,daily_retrain,lag_1,0.04587053880095482
spread_day_ahead_price,xgb_oof_train_spread,all,global_model,2025-09-11,daily_retrain,lag_7,0.018741700798273087
spread_day_ahead_price,xgb_oof_train_spread,all,global_model,2025-09-11,daily_retrain,lag_14,0.02478839084506035
spread_day_ahead_price,xgb_oof_train_spread,all,global_model,2025-09-11,daily_retrain,lag_28,0.026352448388934135
spread_day_ahead_price,xgb_oof_train_spread,all,global_model,2025-09-11,daily_retrain,roll_mean_3,0.025798600167036057
spread_day_ahead_price,xgb_oof_train_spread,all,global_model,2025-09-11,daily_retrain,roll_mean_7,0.03779640421271324
spread_day_ahead_price,xgb_oof_train_spread,all,global_model,2025-09-11,daily_retrain,roll_mean_14,0.03602960705757141
spread_day_ahead_price,xgb_oof_train_spread,all,global_model,2025-09-11,daily_retrain,roll_std_7,0.03538858890533447
spread_day_ahead_price,xgb_oof_train_spread,all,global_model,2025-09-11,daily_retrain,diff_1,0.0
spread_day_ahead_price,xgb_oof_train_spread,all,global_model,2025-09-11,daily_retrain,diff_7,0.03575825318694115
spread_day_ahead_price,xgb_oof_train_spread,all,global_model,2025-09-11,daily_retrain,dayofweek,0.057363077998161316
spread_day_ahead_price,xgb_oof_train_spread,all,global_model,2025-09-11,daily_retrain,is_weekend,0.0
spread_day_ahead_price,xgb_oof_train_spread,all,global_model,2025-09-11,daily_retrain,month,0.02570057287812233
spread_day_ahead_price,xgb_oof_train_spread,all,global_model,2025-09-11,daily_retrain,is_holiday,0.2877849042415619
spread_day_ahead_price,xgb_oof_train_spread,all,global_model,2025-09-11,daily_retrain,is_workday,0.2451799362897873
spread_day_ahead_price,xgb_oof_train_spread,all,global_model,2025-09-11,daily_retrain,is_makeup_workday,0.0
spread_day_ahead_price,xgb_oof_train_spread,all,global_model,2025-09-11,daily_retrain,before_holiday_1d,0.04503053426742554
spread_day_ahead_price,xgb_oof_train_spread,all,global_model,2025-09-11,daily_retrain,after_holiday_1d,0.0524163618683815
spread_day_ahead_price,xgb_oof_train_spread,all,global_model,2025-09-14,daily_retrain,lag_1,0.04471880570054054
spread_day_ahead_price,xgb_oof_train_spread,all,global_model,2025-09-14,daily_retrain,lag_7,0.013127096928656101
spread_day_ahead_price,xgb_oof_train_spread,all,global_model,2025-09-14,daily_retrain,lag_14,0.026434574276208878
spread_day_ahead_price,xgb_oof_train_spread,all,global_model,2025-09-14,daily_retrain,lag_28,0.025394560769200325
spread_day_ahead_price,xgb_oof_train_spread,all,global_model,2025-09-14,daily_retrain,roll_mean_3,0.030677374452352524
spread_day_ahead_price,xgb_oof_train_spread,all,global_model,2025-09-14,daily_retrain,roll_mean_7,0.036415617913007736
spread_day_ahead_price,xgb_oof_train_spread,all,global_model,2025-09-14,daily_retrain,roll_mean_14,0.036503128707408905
spread_day_ahead_price,xgb_oof_train_spread,all,global_model,2025-09-14,daily_retrain,roll_std_7,0.03271188959479332
spread_day_ahead_price,xgb_oof_train_spread,all,global_model,2025-09-14,daily_retrain,diff_1,0.0
spread_day_ahead_price,xgb_oof_train_spread,all,global_model,2025-09-14,daily_retrain,diff_7,0.06095224246382713
spread_day_ahead_price,xgb_oof_train_spread,all,global_model,2025-09-14,daily_retrain,dayofweek,0.06787410378456116
spread_day_ahead_price,xgb_oof_train_spread,all,global_model,2025-09-14,daily_retrain,is_weekend,0.0
spread_day_ahead_price,xgb_oof_train_spread,all,global_model,2025-09-14,daily_retrain,month,0.025685658678412437
spread_day_ahead_price,xgb_oof_train_spread,all,global_model,2025-09-14,daily_retrain,is_holiday,0.2126542031764984
spread_day_ahead_price,xgb_oof_train_spread,all,global_model,2025-09-14,daily_retrain,is_workday,0.2573932707309723
spread_day_ahead_price,xgb_oof_train_spread,all,global_model,2025-09-14,daily_retrain,is_makeup_workday,0.0
spread_day_ahead_price,xgb_oof_train_spread,all,global_model,2025-09-14,daily_retrain,before_holiday_1d,0.06826712191104889
spread_day_ahead_price,xgb_oof_train_spread,all,global_model,2025-09-14,daily_retrain,after_holiday_1d,0.061190295964479446
spread_day_ahead_price,xgb_oof_train_spread,all,global_model,2025-09-17,daily_retrain,lag_1,0.038836684077978134
spread_day_ahead_price,xgb_oof_train_spread,all,global_model,2025-09-17,daily_retrain,lag_7,0.013289953581988811
spread_day_ahead_price,xgb_oof_train_spread,all,global_model,2025-09-17,daily_retrain,lag_14,0.02956905961036682
spread_day_ahead_price,xgb_oof_train_spread,all,global_model,2025-09-17,daily_retrain,lag_28,0.02369711548089981
spread_day_ahead_price,xgb_oof_train_spread,all,global_model,2025-09-17,daily_retrain,roll_mean_3,0.031940702348947525
spread_day_ahead_price,xgb_oof_train_spread,all,global_model,2025-09-17,daily_retrain,roll_mean_7,0.03889712318778038
spread_day_ahead_price,xgb_oof_train_spread,all,global_model,2025-09-17,daily_retrain,roll_mean_14,0.033123552799224854
spread_day_ahead_price,xgb_oof_train_spread,all,global_model,2025-09-17,daily_retrain,roll_std_7,0.028726208955049515
spread_day_ahead_price,xgb_oof_train_spread,all,global_model,2025-09-17,daily_retrain,diff_1,0.0
spread_day_ahead_price,xgb_oof_train_spread,all,global_model,2025-09-17,daily_retrain,diff_7,0.04135502502322197
spread_day_ahead_price,xgb_oof_train_spread,all,global_model,2025-09-17,daily_retrain,dayofweek,0.04701784625649452
spread_day_ahead_price,xgb_oof_train_spread,all,global_model,2025-09-17,daily_retrain,is_weekend,0.0
spread_day_ahead_price,xgb_oof_train_spread,all,global_model,2025-09-17,daily_retrain,month,0.02333170920610428
spread_day_ahead_price,xgb_oof_train_spread,all,global_model,2025-09-17,daily_retrain,is_holiday,0.2641204595565796
spread_day_ahead_price,xgb_oof_train_spread,all,global_model,2025-09-17,daily_retrain,is_workday,0.24530252814292908
spread_day_ahead_price,xgb_oof_train_spread,all,global_model,2025-09-17,daily_retrain,is_makeup_workday,0.0
spread_day_ahead_price,xgb_oof_train_spread,all,global_model,2025-09-17,daily_retrain,before_holiday_1d,0.07060077041387558
spread_day_ahead_price,xgb_oof_train_spread,all,global_model,2025-09-17,daily_retrain,after_holiday_1d,0.07019130140542984
spread_day_ahead_price,xgb_oof_train_spread,all,global_model,2025-09-20,daily_retrain,lag_1,0.04404821991920471
spread_day_ahead_price,xgb_oof_train_spread,all,global_model,2025-09-20,daily_retrain,lag_7,0.01426632795482874
spread_day_ahead_price,xgb_oof_train_spread,all,global_model,2025-09-20,daily_retrain,lag_14,0.02435155399143696
spread_day_ahead_price,xgb_oof_train_spread,all,global_model,2025-09-20,daily_retrain,lag_28,0.022369343787431717
spread_day_ahead_price,xgb_oof_train_spread,all,global_model,2025-09-20,daily_retrain,roll_mean_3,0.03513912111520767
spread_day_ahead_price,xgb_oof_train_spread,all,global_model,2025-09-20,daily_retrain,roll_mean_7,0.035109926015138626
spread_day_ahead_price,xgb_oof_train_spread,all,global_model,2025-09-20,daily_retrain,roll_mean_14,0.031738512217998505
spread_day_ahead_price,xgb_oof_train_spread,all,global_model,2025-09-20,daily_retrain,roll_std_7,0.028519758954644203
spread_day_ahead_price,xgb_oof_train_spread,all,global_model,2025-09-20,daily_retrain,diff_1,0.0
spread_day_ahead_price,xgb_oof_train_spread,all,global_model,2025-09-20,daily_retrain,diff_7,0.039479855448007584
spread_day_ahead_price,xgb_oof_train_spread,all,global_model,2025-09-20,daily_retrain,dayofweek,0.05672771483659744
spread_day_ahead_price,xgb_oof_train_spread,all,global_model,2025-09-20,daily_retrain,is_weekend,0.0
spread_day_ahead_price,xgb_oof_train_spread,all,global_model,2025-09-20,daily_retrain,month,0.028012264519929886
spread_day_ahead_price,xgb_oof_train_spread,all,global_model,2025-09-20,daily_retrain,is_holiday,0.25647082924842834
spread_day_ahead_price,xgb_oof_train_spread,all,global_model,2025-09-20,daily_retrain,is_workday,0.2567850947380066
spread_day_ahead_price,xgb_oof_train_spread,all,global_model,2025-09-20,daily_retrain,is_makeup_workday,0.0
spread_day_ahead_price,xgb_oof_train_spread,all,global_model,2025-09-20,daily_retrain,before_holiday_1d,0.06613042950630188
spread_day_ahead_price,xgb_oof_train_spread,all,global_model,2025-09-20,daily_retrain,after_holiday_1d,0.060851067304611206
spread_day_ahead_price,xgb_oof_train_spread,all,global_model,2025-09-23,daily_retrain,lag_1,0.04013177752494812
spread_day_ahead_price,xgb_oof_train_spread,all,global_model,2025-09-23,daily_retrain,lag_7,0.013848617672920227
spread_day_ahead_price,xgb_oof_train_spread,all,global_model,2025-09-23,daily_retrain,lag_14,0.02294159308075905
spread_day_ahead_price,xgb_oof_train_spread,all,global_model,2025-09-23,daily_retrain,lag_28,0.025099486112594604
spread_day_ahead_price,xgb_oof_train_spread,all,global_model,2025-09-23,daily_retrain,roll_mean_3,0.03697552904486656
spread_day_ahead_price,xgb_oof_train_spread,all,global_model,2025-09-23,daily_retrain,roll_mean_7,0.03775135800242424
spread_day_ahead_price,xgb_oof_train_spread,all,global_model,2025-09-23,daily_retrain,roll_mean_14,0.031327515840530396
spread_day_ahead_price,xgb_oof_train_spread,all,global_model,2025-09-23,daily_retrain,roll_std_7,0.03138386458158493
spread_day_ahead_price,xgb_oof_train_spread,all,global_model,2025-09-23,daily_retrain,diff_1,0.0
spread_day_ahead_price,xgb_oof_train_spread,all,global_model,2025-09-23,daily_retrain,diff_7,0.03791854903101921
spread_day_ahead_price,xgb_oof_train_spread,all,global_model,2025-09-23,daily_retrain,dayofweek,0.038174889981746674
spread_day_ahead_price,xgb_oof_train_spread,all,global_model,2025-09-23,daily_retrain,is_weekend,0.0
spread_day_ahead_price,xgb_oof_train_spread,all,global_model,2025-09-23,daily_retrain,month,0.025734852999448776
spread_day_ahead_price,xgb_oof_train_spread,all,global_model,2025-09-23,daily_retrain,is_holiday,0.27323734760284424
spread_day_ahead_price,xgb_oof_train_spread,all,global_model,2025-09-23,daily_retrain,is_workday,0.2507281005382538
spread_day_ahead_price,xgb_oof_train_spread,all,global_model,2025-09-23,daily_retrain,is_makeup_workday,0.0
spread_day_ahead_price,xgb_oof_train_spread,all,global_model,2025-09-23,daily_retrain,before_holiday_1d,0.06394367665052414
spread_day_ahead_price,xgb_oof_train_spread,all,global_model,2025-09-23,daily_retrain,after_holiday_1d,0.07080283015966415
spread_day_ahead_price,xgb_oof_train_spread,all,global_model,2025-09-26,daily_retrain,lag_1,0.03266766667366028
spread_day_ahead_price,xgb_oof_train_spread,all,global_model,2025-09-26,daily_retrain,lag_7,0.014067431911826134
spread_day_ahead_price,xgb_oof_train_spread,all,global_model,2025-09-26,daily_retrain,lag_14,0.02354341745376587
spread_day_ahead_price,xgb_oof_train_spread,all,global_model,2025-09-26,daily_retrain,lag_28,0.02514193207025528
spread_day_ahead_price,xgb_oof_train_spread,all,global_model,2025-09-26,daily_retrain,roll_mean_3,0.028329048305749893
spread_day_ahead_price,xgb_oof_train_spread,all,global_model,2025-09-26,daily_retrain,roll_mean_7,0.03361237049102783
spread_day_ahead_price,xgb_oof_train_spread,all,global_model,2025-09-26,daily_retrain,roll_mean_14,0.03965972736477852
spread_day_ahead_price,xgb_oof_train_spread,all,global_model,2025-09-26,daily_retrain,roll_std_7,0.030389074236154556
spread_day_ahead_price,xgb_oof_train_spread,all,global_model,2025-09-26,daily_retrain,diff_1,0.0
spread_day_ahead_price,xgb_oof_train_spread,all,global_model,2025-09-26,daily_retrain,diff_7,0.035452950745821
spread_day_ahead_price,xgb_oof_train_spread,all,global_model,2025-09-26,daily_retrain,dayofweek,0.053919002413749695
spread_day_ahead_price,xgb_oof_train_spread,all,global_model,2025-09-26,daily_retrain,is_weekend,0.0
spread_day_ahead_price,xgb_oof_train_spread,all,global_model,2025-09-26,daily_retrain,month,0.03456287086009979
spread_day_ahead_price,xgb_oof_train_spread,all,global_model,2025-09-26,daily_retrain,is_holiday,0.2656942903995514
spread_day_ahead_price,xgb_oof_train_spread,all,global_model,2025-09-26,daily_retrain,is_workday,0.23407968878746033
spread_day_ahead_price,xgb_oof_train_spread,all,global_model,2025-09-26,daily_retrain,is_makeup_workday,0.0
spread_day_ahead_price,xgb_oof_train_spread,all,global_model,2025-09-26,daily_retrain,before_holiday_1d,0.08826936036348343
spread_day_ahead_price,xgb_oof_train_spread,all,global_model,2025-09-26,daily_retrain,after_holiday_1d,0.06061113253235817
spread_day_ahead_price,xgb_oof_train_spread,all,global_model,2025-09-29,daily_retrain,lag_1,0.03332473710179329
spread_day_ahead_price,xgb_oof_train_spread,all,global_model,2025-09-29,daily_retrain,lag_7,0.013200828805565834
spread_day_ahead_price,xgb_oof_train_spread,all,global_model,2025-09-29,daily_retrain,lag_14,0.025272177532315254
spread_day_ahead_price,xgb_oof_train_spread,all,global_model,2025-09-29,daily_retrain,lag_28,0.02668210305273533
spread_day_ahead_price,xgb_oof_train_spread,all,global_model,2025-09-29,daily_retrain,roll_mean_3,0.023803245276212692
spread_day_ahead_price,xgb_oof_train_spread,all,global_model,2025-09-29,daily_retrain,roll_mean_7,0.03545643389225006
spread_day_ahead_price,xgb_oof_train_spread,all,global_model,2025-09-29,daily_retrain,roll_mean_14,0.036276593804359436
spread_day_ahead_price,xgb_oof_train_spread,all,global_model,2025-09-29,daily_retrain,roll_std_7,0.030355723574757576
spread_day_ahead_price,xgb_oof_train_spread,all,global_model,2025-09-29,daily_retrain,diff_1,0.0
spread_day_ahead_price,xgb_oof_train_spread,all,global_model,2025-09-29,daily_retrain,diff_7,0.04209282249212265
spread_day_ahead_price,xgb_oof_train_spread,all,global_model,2025-09-29,daily_retrain,dayofweek,0.10697168111801147
spread_day_ahead_price,xgb_oof_train_spread,all,global_model,2025-09-29,daily_retrain,is_weekend,0.0
spread_day_ahead_price,xgb_oof_train_spread,all,global_model,2025-09-29,daily_retrain,month,0.037438664585351944
spread_day_ahead_price,xgb_oof_train_spread,all,global_model,2025-09-29,daily_retrain,is_holiday,0.24701082706451416
spread_day_ahead_price,xgb_oof_train_spread,all,global_model,2025-09-29,daily_retrain,is_workday,0.23367248475551605
spread_day_ahead_price,xgb_oof_train_spread,all,global_model,2025-09-29,daily_retrain,is_makeup_workday,0.0
spread_day_ahead_price,xgb_oof_train_spread,all,global_model,2025-09-29,daily_retrain,before_holiday_1d,0.048119913786649704
spread_day_ahead_price,xgb_oof_train_spread,all,global_model,2025-09-29,daily_retrain,after_holiday_1d,0.06032167747616768
spread_day_ahead_price,xgb_oof_train_spread,all,global_model,2025-10-02,daily_retrain,lag_1,0.03299850597977638
spread_day_ahead_price,xgb_oof_train_spread,all,global_model,2025-10-02,daily_retrain,lag_7,0.020787499845027924
spread_day_ahead_price,xgb_oof_train_spread,all,global_model,2025-10-02,daily_retrain,lag_14,0.026206348091363907
spread_day_ahead_price,xgb_oof_train_spread,all,global_model,2025-10-02,daily_retrain,lag_28,0.020769275724887848
spread_day_ahead_price,xgb_oof_train_spread,all,global_model,2025-10-02,daily_retrain,roll_mean_3,0.031296972185373306
spread_day_ahead_price,xgb_oof_train_spread,all,global_model,2025-10-02,daily_retrain,roll_mean_7,0.042359430342912674
spread_day_ahead_price,xgb_oof_train_spread,all,global_model,2025-10-02,daily_retrain,roll_mean_14,0.03921458125114441
spread_day_ahead_price,xgb_oof_train_spread,all,global_model,2025-10-02,daily_retrain,roll_std_7,0.027495630085468292
spread_day_ahead_price,xgb_oof_train_spread,all,global_model,2025-10-02,daily_retrain,diff_1,0.0
spread_day_ahead_price,xgb_oof_train_spread,all,global_model,2025-10-02,daily_retrain,diff_7,0.03440706431865692
spread_day_ahead_price,xgb_oof_train_spread,all,global_model,2025-10-02,daily_retrain,dayofweek,0.03664887696504593
spread_day_ahead_price,xgb_oof_train_spread,all,global_model,2025-10-02,daily_retrain,is_weekend,0.0
spread_day_ahead_price,xgb_oof_train_spread,all,global_model,2025-10-02,daily_retrain,month,0.03237766772508621
spread_day_ahead_price,xgb_oof_train_spread,all,global_model,2025-10-02,daily_retrain,is_holiday,0.3158763647079468
spread_day_ahead_price,xgb_oof_train_spread,all,global_model,2025-10-02,daily_retrain,is_workday,0.2552505433559418
spread_day_ahead_price,xgb_oof_train_spread,all,global_model,2025-10-02,daily_retrain,is_makeup_workday,0.0
spread_day_ahead_price,xgb_oof_train_spread,all,global_model,2025-10-02,daily_retrain,before_holiday_1d,0.03931902348995209
spread_day_ahead_price,xgb_oof_train_spread,all,global_model,2025-10-02,daily_retrain,after_holiday_1d,0.04499218240380287
spread_day_ahead_price,xgb_oof_train_spread,all,global_model,2025-10-05,daily_retrain,lag_1,0.03479259833693504
spread_day_ahead_price,xgb_oof_train_spread,all,global_model,2025-10-05,daily_retrain,lag_7,0.022406404837965965
spread_day_ahead_price,xgb_oof_train_spread,all,global_model,2025-10-05,daily_retrain,lag_14,0.029350416734814644
spread_day_ahead_price,xgb_oof_train_spread,all,global_model,2025-10-05,daily_retrain,lag_28,0.02070186845958233
spread_day_ahead_price,xgb_oof_train_spread,all,global_model,2025-10-05,daily_retrain,roll_mean_3,0.0288214273750782
spread_day_ahead_price,xgb_oof_train_spread,all,global_model,2025-10-05,daily_retrain,roll_mean_7,0.04336202144622803
spread_day_ahead_price,xgb_oof_train_spread,all,global_model,2025-10-05,daily_retrain,roll_mean_14,0.03529703989624977
spread_day_ahead_price,xgb_oof_train_spread,all,global_model,2025-10-05,daily_retrain,roll_std_7,0.026475533843040466
spread_day_ahead_price,xgb_oof_train_spread,all,global_model,2025-10-05,daily_retrain,diff_1,0.0
spread_day_ahead_price,xgb_oof_train_spread,all,global_model,2025-10-05,daily_retrain,diff_7,0.03328799828886986
spread_day_ahead_price,xgb_oof_train_spread,all,global_model,2025-10-05,daily_retrain,dayofweek,0.021244557574391365
spread_day_ahead_price,xgb_oof_train_spread,all,global_model,2025-10-05,daily_retrain,is_weekend,0.0
spread_day_ahead_price,xgb_oof_train_spread,all,global_model,2025-10-05,daily_retrain,month,0.030881982296705246
spread_day_ahead_price,xgb_oof_train_spread,all,global_model,2025-10-05,daily_retrain,is_holiday,0.3313642740249634
spread_day_ahead_price,xgb_oof_train_spread,all,global_model,2025-10-05,daily_retrain,is_workday,0.26820486783981323
spread_day_ahead_price,xgb_oof_train_spread,all,global_model,2025-10-05,daily_retrain,is_makeup_workday,0.0
spread_day_ahead_price,xgb_oof_train_spread,all,global_model,2025-10-05,daily_retrain,before_holiday_1d,0.0316389836370945
spread_day_ahead_price,xgb_oof_train_spread,all,global_model,2025-10-05,daily_retrain,after_holiday_1d,0.042169950902462006
spread_day_ahead_price,xgb_oof_train_spread,all,global_model,2025-10-08,daily_retrain,lag_1,0.033557843416929245
spread_day_ahead_price,xgb_oof_train_spread,all,global_model,2025-10-08,daily_retrain,lag_7,0.02105310745537281
spread_day_ahead_price,xgb_oof_train_spread,all,global_model,2025-10-08,daily_retrain,lag_14,0.031334877014160156
spread_day_ahead_price,xgb_oof_train_spread,all,global_model,2025-10-08,daily_retrain,lag_28,0.019167833030223846
spread_day_ahead_price,xgb_oof_train_spread,all,global_model,2025-10-08,daily_retrain,roll_mean_3,0.028872810304164886
spread_day_ahead_price,xgb_oof_train_spread,all,global_model,2025-10-08,daily_retrain,roll_mean_7,0.0413515605032444
spread_day_ahead_price,xgb_oof_train_spread,all,global_model,2025-10-08,daily_retrain,roll_mean_14,0.030965719372034073
spread_day_ahead_price,xgb_oof_train_spread,all,global_model,2025-10-08,daily_retrain,roll_std_7,0.025801444426178932
spread_day_ahead_price,xgb_oof_train_spread,all,global_model,2025-10-08,daily_retrain,diff_1,0.0
spread_day_ahead_price,xgb_oof_train_spread,all,global_model,2025-10-08,daily_retrain,diff_7,0.030842753127217293
spread_day_ahead_price,xgb_oof_train_spread,all,global_model,2025-10-08,daily_retrain,dayofweek,0.02192557416856289
spread_day_ahead_price,xgb_oof_train_spread,all,global_model,2025-10-08,daily_retrain,is_weekend,0.0
spread_day_ahead_price,xgb_oof_train_spread,all,global_model,2025-10-08,daily_retrain,month,0.028552163392305374
spread_day_ahead_price,xgb_oof_train_spread,all,global_model,2025-10-08,daily_retrain,is_holiday,0.3432272970676422
spread_day_ahead_price,xgb_oof_train_spread,all,global_model,2025-10-08,daily_retrain,is_workday,0.26027655601501465
spread_day_ahead_price,xgb_oof_train_spread,all,global_model,2025-10-08,daily_retrain,is_makeup_workday,0.0
spread_day_ahead_price,xgb_oof_train_spread,all,global_model,2025-10-08,daily_retrain,before_holiday_1d,0.03189333528280258
spread_day_ahead_price,xgb_oof_train_spread,all,global_model,2025-10-08,daily_retrain,after_holiday_1d,0.05117713660001755
spread_day_ahead_price,xgb_oof_train_spread,all,global_model,2025-10-11,daily_retrain,lag_1,0.03098057582974434
spread_day_ahead_price,xgb_oof_train_spread,all,global_model,2025-10-11,daily_retrain,lag_7,0.01838124729692936
spread_day_ahead_price,xgb_oof_train_spread,all,global_model,2025-10-11,daily_retrain,lag_14,0.03243327885866165
spread_day_ahead_price,xgb_oof_train_spread,all,global_model,2025-10-11,daily_retrain,lag_28,0.019350441172719002
spread_day_ahead_price,xgb_oof_train_spread,all,global_model,2025-10-11,daily_retrain,roll_mean_3,0.028997644782066345
spread_day_ahead_price,xgb_oof_train_spread,all,global_model,2025-10-11,daily_retrain,roll_mean_7,0.04264192655682564
spread_day_ahead_price,xgb_oof_train_spread,all,global_model,2025-10-11,daily_retrain,roll_mean_14,0.029690299183130264
spread_day_ahead_price,xgb_oof_train_spread,all,global_model,2025-10-11,daily_retrain,roll_std_7,0.025495076552033424
spread_day_ahead_price,xgb_oof_train_spread,all,global_model,2025-10-11,daily_retrain,diff_1,0.0
spread_day_ahead_price,xgb_oof_train_spread,all,global_model,2025-10-11,daily_retrain,diff_7,0.02902773581445217
spread_day_ahead_price,xgb_oof_train_spread,all,global_model,2025-10-11,daily_retrain,dayofweek,0.031123505905270576
spread_day_ahead_price,xgb_oof_train_spread,all,global_model,2025-10-11,daily_retrain,is_weekend,0.0
spread_day_ahead_price,xgb_oof_train_spread,all,global_model,2025-10-11,daily_retrain,month,0.02840692177414894
spread_day_ahead_price,xgb_oof_train_spread,all,global_model,2025-10-11,daily_retrain,is_holiday,0.34016433358192444
spread_day_ahead_price,xgb_oof_train_spread,all,global_model,2025-10-11,daily_retrain,is_workday,0.26024773716926575
spread_day_ahead_price,xgb_oof_train_spread,all,global_model,2025-10-11,daily_retrain,is_makeup_workday,0.0
spread_day_ahead_price,xgb_oof_train_spread,all,global_model,2025-10-11,daily_retrain,before_holiday_1d,0.03228205069899559
spread_day_ahead_price,xgb_oof_train_spread,all,global_model,2025-10-11,daily_retrain,after_holiday_1d,0.050777241587638855
spread_day_ahead_price,xgb_oof_train_spread,all,global_model,2025-10-14,daily_retrain,lag_1,0.029111137613654137
spread_day_ahead_price,xgb_oof_train_spread,all,global_model,2025-10-14,daily_retrain,lag_7,0.017230693250894547
spread_day_ahead_price,xgb_oof_train_spread,all,global_model,2025-10-14,daily_retrain,lag_14,0.02906198985874653
spread_day_ahead_price,xgb_oof_train_spread,all,global_model,2025-10-14,daily_retrain,lag_28,0.017031285911798477
spread_day_ahead_price,xgb_oof_train_spread,all,global_model,2025-10-14,daily_retrain,roll_mean_3,0.02950872667133808
spread_day_ahead_price,xgb_oof_train_spread,all,global_model,2025-10-14,daily_retrain,roll_mean_7,0.04029936343431473
spread_day_ahead_price,xgb_oof_train_spread,all,global_model,2025-10-14,daily_retrain,roll_mean_14,0.028581110760569572
spread_day_ahead_price,xgb_oof_train_spread,all,global_model,2025-10-14,daily_retrain,roll_std_7,0.02807791531085968
spread_day_ahead_price,xgb_oof_train_spread,all,global_model,2025-10-14,daily_retrain,diff_1,0.0
spread_day_ahead_price,xgb_oof_train_spread,all,global_model,2025-10-14,daily_retrain,diff_7,0.028296997770667076
spread_day_ahead_price,xgb_oof_train_spread,all,global_model,2025-10-14,daily_retrain,dayofweek,0.03377891331911087
spread_day_ahead_price,xgb_oof_train_spread,all,global_model,2025-10-14,daily_retrain,is_weekend,0.0
spread_day_ahead_price,xgb_oof_train_spread,all,global_model,2025-10-14,daily_retrain,month,0.03137194737792015
spread_day_ahead_price,xgb_oof_train_spread,all,global_model,2025-10-14,daily_retrain,is_holiday,0.34541597962379456
spread_day_ahead_price,xgb_oof_train_spread,all,global_model,2025-10-14,daily_retrain,is_workday,0.2659033536911011
spread_day_ahead_price,xgb_oof_train_spread,all,global_model,2025-10-14,daily_retrain,is_makeup_workday,0.0
spread_day_ahead_price,xgb_oof_train_spread,all,global_model,2025-10-14,daily_retrain,before_holiday_1d,0.025167306885123253
spread_day_ahead_price,xgb_oof_train_spread,all,global_model,2025-10-14,daily_retrain,after_holiday_1d,0.051163285970687866
spread_day_ahead_price,xgb_oof_train_spread,all,global_model,2025-10-17,daily_retrain,lag_1,0.029292630031704903
spread_day_ahead_price,xgb_oof_train_spread,all,global_model,2025-10-17,daily_retrain,lag_7,0.017418310046195984
spread_day_ahead_price,xgb_oof_train_spread,all,global_model,2025-10-17,daily_retrain,lag_14,0.022677183151245117
spread_day_ahead_price,xgb_oof_train_spread,all,global_model,2025-10-17,daily_retrain,lag_28,0.016401810571551323
spread_day_ahead_price,xgb_oof_train_spread,all,global_model,2025-10-17,daily_retrain,roll_mean_3,0.019175570458173752
spread_day_ahead_price,xgb_oof_train_spread,all,global_model,2025-10-17,daily_retrain,roll_mean_7,0.04330684617161751
spread_day_ahead_price,xgb_oof_train_spread,all,global_model,2025-10-17,daily_retrain,roll_mean_14,0.027674542739987373
spread_day_ahead_price,xgb_oof_train_spread,all,global_model,2025-10-17,daily_retrain,roll_std_7,0.03309071063995361
spread_day_ahead_price,xgb_oof_train_spread,all,global_model,2025-10-17,daily_retrain,diff_1,0.0
spread_day_ahead_price,xgb_oof_train_spread,all,global_model,2025-10-17,daily_retrain,diff_7,0.0380956195294857
spread_day_ahead_price,xgb_oof_train_spread,all,global_model,2025-10-17,daily_retrain,dayofweek,0.037122368812561035
spread_day_ahead_price,xgb_oof_train_spread,all,global_model,2025-10-17,daily_retrain,is_weekend,0.0
spread_day_ahead_price,xgb_oof_train_spread,all,global_model,2025-10-17,daily_retrain,month,0.03752974048256874
spread_day_ahead_price,xgb_oof_train_spread,all,global_model,2025-10-17,daily_retrain,is_holiday,0.34160932898521423
spread_day_ahead_price,xgb_oof_train_spread,all,global_model,2025-10-17,daily_retrain,is_workday,0.26355093717575073
spread_day_ahead_price,xgb_oof_train_spread,all,global_model,2025-10-17,daily_retrain,is_makeup_workday,0.0
spread_day_ahead_price,xgb_oof_train_spread,all,global_model,2025-10-17,daily_retrain,before_holiday_1d,0.027788300067186356
spread_day_ahead_price,xgb_oof_train_spread,all,global_model,2025-10-17,daily_retrain,after_holiday_1d,0.04526600241661072
spread_day_ahead_price,xgb_oof_train_spread,all,global_model,2025-10-20,daily_retrain,lag_1,0.029298249632120132
spread_day_ahead_price,xgb_oof_train_spread,all,global_model,2025-10-20,daily_retrain,lag_7,0.020153865218162537
spread_day_ahead_price,xgb_oof_train_spread,all,global_model,2025-10-20,daily_retrain,lag_14,0.02096136286854744
spread_day_ahead_price,xgb_oof_train_spread,all,global_model,2025-10-20,daily_retrain,lag_28,0.016935402527451515
spread_day_ahead_price,xgb_oof_train_spread,all,global_model,2025-10-20,daily_retrain,roll_mean_3,0.02079862356185913
spread_day_ahead_price,xgb_oof_train_spread,all,global_model,2025-10-20,daily_retrain,roll_mean_7,0.04161405563354492
spread_day_ahead_price,xgb_oof_train_spread,all,global_model,2025-10-20,daily_retrain,roll_mean_14,0.02974625676870346
spread_day_ahead_price,xgb_oof_train_spread,all,global_model,2025-10-20,daily_retrain,roll_std_7,0.03270239382982254
spread_day_ahead_price,xgb_oof_train_spread,all,global_model,2025-10-20,daily_retrain,diff_1,0.0
spread_day_ahead_price,xgb_oof_train_spread,all,global_model,2025-10-20,daily_retrain,diff_7,0.03937916457653046
spread_day_ahead_price,xgb_oof_train_spread,all,global_model,2025-10-20,daily_retrain,dayofweek,0.027497056871652603
spread_day_ahead_price,xgb_oof_train_spread,all,global_model,2025-10-20,daily_retrain,is_weekend,0.0
spread_day_ahead_price,xgb_oof_train_spread,all,global_model,2025-10-20,daily_retrain,month,0.03404010459780693
spread_day_ahead_price,xgb_oof_train_spread,all,global_model,2025-10-20,daily_retrain,is_holiday,0.3503183424472809
spread_day_ahead_price,xgb_oof_train_spread,all,global_model,2025-10-20,daily_retrain,is_workday,0.2709541320800781
spread_day_ahead_price,xgb_oof_train_spread,all,global_model,2025-10-20,daily_retrain,is_makeup_workday,0.0
spread_day_ahead_price,xgb_oof_train_spread,all,global_model,2025-10-20,daily_retrain,before_holiday_1d,0.024717070162296295
spread_day_ahead_price,xgb_oof_train_spread,all,global_model,2025-10-20,daily_retrain,after_holiday_1d,0.040884021669626236
spread_day_ahead_price,xgb_oof_train_spread,all,global_model,2025-10-23,daily_retrain,lag_1,0.031153883785009384
spread_day_ahead_price,xgb_oof_train_spread,all,global_model,2025-10-23,daily_retrain,lag_7,0.018806282430887222
spread_day_ahead_price,xgb_oof_train_spread,all,global_model,2025-10-23,daily_retrain,lag_14,0.020442470908164978
spread_day_ahead_price,xgb_oof_train_spread,all,global_model,2025-10-23,daily_retrain,lag_28,0.01911706104874611
spread_day_ahead_price,xgb_oof_train_spread,all,global_model,2025-10-23,daily_retrain,roll_mean_3,0.02531404234468937
spread_day_ahead_price,xgb_oof_train_spread,all,global_model,2025-10-23,daily_retrain,roll_mean_7,0.03929761052131653
spread_day_ahead_price,xgb_oof_train_spread,all,global_model,2025-10-23,daily_retrain,roll_mean_14,0.02512395940721035
spread_day_ahead_price,xgb_oof_train_spread,all,global_model,2025-10-23,daily_retrain,roll_std_7,0.02570762112736702
spread_day_ahead_price,xgb_oof_train_spread,all,global_model,2025-10-23,daily_retrain,diff_1,0.0
spread_day_ahead_price,xgb_oof_train_spread,all,global_model,2025-10-23,daily_retrain,diff_7,0.040324073284864426
spread_day_ahead_price,xgb_oof_train_spread,all,global_model,2025-10-23,daily_retrain,dayofweek,0.022973058745265007
spread_day_ahead_price,xgb_oof_train_spread,all,global_model,2025-10-23,daily_retrain,is_weekend,0.0
spread_day_ahead_price,xgb_oof_train_spread,all,global_model,2025-10-23,daily_retrain,month,0.04067842662334442
spread_day_ahead_price,xgb_oof_train_spread,all,global_model,2025-10-23,daily_retrain,is_holiday,0.3552709221839905
spread_day_ahead_price,xgb_oof_train_spread,all,global_model,2025-10-23,daily_retrain,is_workday,0.2755261957645416
spread_day_ahead_price,xgb_oof_train_spread,all,global_model,2025-10-23,daily_retrain,is_makeup_workday,0.0
spread_day_ahead_price,xgb_oof_train_spread,all,global_model,2025-10-23,daily_retrain,before_holiday_1d,0.021327747032046318
spread_day_ahead_price,xgb_oof_train_spread,all,global_model,2025-10-23,daily_retrain,after_holiday_1d,0.03893665969371796
spread_day_ahead_price,xgb_oof_train_spread,all,global_model,2025-10-26,daily_retrain,lag_1,0.02889998070895672
spread_day_ahead_price,xgb_oof_train_spread,all,global_model,2025-10-26,daily_retrain,lag_7,0.014127101749181747
spread_day_ahead_price,xgb_oof_train_spread,all,global_model,2025-10-26,daily_retrain,lag_14,0.020126473158597946
spread_day_ahead_price,xgb_oof_train_spread,all,global_model,2025-10-26,daily_retrain,lag_28,0.019883250817656517
spread_day_ahead_price,xgb_oof_train_spread,all,global_model,2025-10-26,daily_retrain,roll_mean_3,0.025293422862887383
spread_day_ahead_price,xgb_oof_train_spread,all,global_model,2025-10-26,daily_retrain,roll_mean_7,0.036737553775310516
spread_day_ahead_price,xgb_oof_train_spread,all,global_model,2025-10-26,daily_retrain,roll_mean_14,0.02329985983669758
spread_day_ahead_price,xgb_oof_train_spread,all,global_model,2025-10-26,daily_retrain,roll_std_7,0.025414571166038513
spread_day_ahead_price,xgb_oof_train_spread,all,global_model,2025-10-26,daily_retrain,diff_1,0.0
spread_day_ahead_price,xgb_oof_train_spread,all,global_model,2025-10-26,daily_retrain,diff_7,0.03466266766190529
spread_day_ahead_price,xgb_oof_train_spread,all,global_model,2025-10-26,daily_retrain,dayofweek,0.030806811526417732
spread_day_ahead_price,xgb_oof_train_spread,all,global_model,2025-10-26,daily_retrain,is_weekend,0.060644131153821945
spread_day_ahead_price,xgb_oof_train_spread,all,global_model,2025-10-26,daily_retrain,month,0.03543974831700325
spread_day_ahead_price,xgb_oof_train_spread,all,global_model,2025-10-26,daily_retrain,is_holiday,0.3303515315055847
spread_day_ahead_price,xgb_oof_train_spread,all,global_model,2025-10-26,daily_retrain,is_workday,0.25682464241981506
spread_day_ahead_price,xgb_oof_train_spread,all,global_model,2025-10-26,daily_retrain,is_makeup_workday,0.0
spread_day_ahead_price,xgb_oof_train_spread,all,global_model,2025-10-26,daily_retrain,before_holiday_1d,0.020052356645464897
spread_day_ahead_price,xgb_oof_train_spread,all,global_model,2025-10-26,daily_retrain,after_holiday_1d,0.0374358594417572
spread_day_ahead_price,xgb_oof_train_spread,all,global_model,2025-10-30,daily_retrain,lag_1,0.025315672159194946
spread_day_ahead_price,xgb_oof_train_spread,all,global_model,2025-10-30,daily_retrain,lag_7,0.013698764145374298
spread_day_ahead_price,xgb_oof_train_spread,all,global_model,2025-10-30,daily_retrain,lag_14,0.01972375623881817
spread_day_ahead_price,xgb_oof_train_spread,all,global_model,2025-10-30,daily_retrain,lag_28,0.019073303788900375
spread_day_ahead_price,xgb_oof_train_spread,all,global_model,2025-10-30,daily_retrain,roll_mean_3,0.023523585870862007
spread_day_ahead_price,xgb_oof_train_spread,all,global_model,2025-10-30,daily_retrain,roll_mean_7,0.034920357167720795
spread_day_ahead_price,xgb_oof_train_spread,all,global_model,2025-10-30,daily_retrain,roll_mean_14,0.024283748120069504
spread_day_ahead_price,xgb_oof_train_spread,all,global_model,2025-10-30,daily_retrain,roll_std_7,0.023080723360180855
spread_day_ahead_price,xgb_oof_train_spread,all,global_model,2025-10-30,daily_retrain,diff_1,0.0
spread_day_ahead_price,xgb_oof_train_spread,all,global_model,2025-10-30,daily_retrain,diff_7,0.03393438085913658
spread_day_ahead_price,xgb_oof_train_spread,all,global_model,2025-10-30,daily_retrain,dayofweek,0.03453638777136803
spread_day_ahead_price,xgb_oof_train_spread,all,global_model,2025-10-30,daily_retrain,is_weekend,0.05742469057440758
spread_day_ahead_price,xgb_oof_train_spread,all,global_model,2025-10-30,daily_retrain,month,0.03368596360087395
spread_day_ahead_price,xgb_oof_train_spread,all,global_model,2025-10-30,daily_retrain,is_holiday,0.3272818326950073
spread_day_ahead_price,xgb_oof_train_spread,all,global_model,2025-10-30,daily_retrain,is_workday,0.2554090917110443
spread_day_ahead_price,xgb_oof_train_spread,all,global_model,2025-10-30,daily_retrain,is_makeup_workday,0.0
spread_day_ahead_price,xgb_oof_train_spread,all,global_model,2025-10-30,daily_retrain,before_holiday_1d,0.030039049685001373
spread_day_ahead_price,xgb_oof_train_spread,all,global_model,2025-10-30,daily_retrain,after_holiday_1d,0.04406862333416939
spread_day_ahead_price,xgb_oof_train_spread,all,global_model,2025-11-03,daily_retrain,lag_1,0.02613418735563755
spread_day_ahead_price,xgb_oof_train_spread,all,global_model,2025-11-03,daily_retrain,lag_7,0.015010346658527851
spread_day_ahead_price,xgb_oof_train_spread,all,global_model,2025-11-03,daily_retrain,lag_14,0.0208606980741024
spread_day_ahead_price,xgb_oof_train_spread,all,global_model,2025-11-03,daily_retrain,lag_28,0.020040487870573997
spread_day_ahead_price,xgb_oof_train_spread,all,global_model,2025-11-03,daily_retrain,roll_mean_3,0.023146210238337517
spread_day_ahead_price,xgb_oof_train_spread,all,global_model,2025-11-03,daily_retrain,roll_mean_7,0.03525619953870773
spread_day_ahead_price,xgb_oof_train_spread,all,global_model,2025-11-03,daily_retrain,roll_mean_14,0.025375524535775185
spread_day_ahead_price,xgb_oof_train_spread,all,global_model,2025-11-03,daily_retrain,roll_std_7,0.02127862721681595
spread_day_ahead_price,xgb_oof_train_spread,all,global_model,2025-11-03,daily_retrain,diff_1,0.0
spread_day_ahead_price,xgb_oof_train_spread,all,global_model,2025-11-03,daily_retrain,diff_7,0.03258189186453819
spread_day_ahead_price,xgb_oof_train_spread,all,global_model,2025-11-03,daily_retrain,dayofweek,0.041031915694475174
spread_day_ahead_price,xgb_oof_train_spread,all,global_model,2025-11-03,daily_retrain,is_weekend,0.05545027554035187
spread_day_ahead_price,xgb_oof_train_spread,all,global_model,2025-11-03,daily_retrain,month,0.03408390283584595
spread_day_ahead_price,xgb_oof_train_spread,all,global_model,2025-11-03,daily_retrain,is_holiday,0.3309718072414398
spread_day_ahead_price,xgb_oof_train_spread,all,global_model,2025-11-03,daily_retrain,is_workday,0.25472310185432434
spread_day_ahead_price,xgb_oof_train_spread,all,global_model,2025-11-03,daily_retrain,is_makeup_workday,0.0
spread_day_ahead_price,xgb_oof_train_spread,all,global_model,2025-11-03,daily_retrain,before_holiday_1d,0.021511252969503403
spread_day_ahead_price,xgb_oof_train_spread,all,global_model,2025-11-03,daily_retrain,after_holiday_1d,0.042543571442365646
spread_day_ahead_price,xgb_oof_train_spread,all,global_model,2025-11-06,daily_retrain,lag_1,0.026071822270751
spread_day_ahead_price,xgb_oof_train_spread,all,global_model,2025-11-06,daily_retrain,lag_7,0.01467091590166092
spread_day_ahead_price,xgb_oof_train_spread,all,global_model,2025-11-06,daily_retrain,lag_14,0.018963739275932312
spread_day_ahead_price,xgb_oof_train_spread,all,global_model,2025-11-06,daily_retrain,lag_28,0.018074994906783104
spread_day_ahead_price,xgb_oof_train_spread,all,global_model,2025-11-06,daily_retrain,roll_mean_3,0.01935955509543419
spread_day_ahead_price,xgb_oof_train_spread,all,global_model,2025-11-06,daily_retrain,roll_mean_7,0.03405745327472687
spread_day_ahead_price,xgb_oof_train_spread,all,global_model,2025-11-06,daily_retrain,roll_mean_14,0.021128423511981964
spread_day_ahead_price,xgb_oof_train_spread,all,global_model,2025-11-06,daily_retrain,roll_std_7,0.023279337212443352
spread_day_ahead_price,xgb_oof_train_spread,all,global_model,2025-11-06,daily_retrain,diff_1,0.0
spread_day_ahead_price,xgb_oof_train_spread,all,global_model,2025-11-06,daily_retrain,diff_7,0.03182390704751015
spread_day_ahead_price,xgb_oof_train_spread,all,global_model,2025-11-06,daily_retrain,dayofweek,0.03477059304714203
spread_day_ahead_price,xgb_oof_train_spread,all,global_model,2025-11-06,daily_retrain,is_weekend,0.054145198315382004
spread_day_ahead_price,xgb_oof_train_spread,all,global_model,2025-11-06,daily_retrain,month,0.03554631769657135
spread_day_ahead_price,xgb_oof_train_spread,all,global_model,2025-11-06,daily_retrain,is_holiday,0.3352244198322296
spread_day_ahead_price,xgb_oof_train_spread,all,global_model,2025-11-06,daily_retrain,is_workday,0.25242558121681213
spread_day_ahead_price,xgb_oof_train_spread,all,global_model,2025-11-06,daily_retrain,is_makeup_workday,0.0
spread_day_ahead_price,xgb_oof_train_spread,all,global_model,2025-11-06,daily_retrain,before_holiday_1d,0.03617006912827492
spread_day_ahead_price,xgb_oof_train_spread,all,global_model,2025-11-06,daily_retrain,after_holiday_1d,0.04428765922784805
spread_day_ahead_price,xgb_oof_train_spread,all,global_model,2025-11-10,daily_retrain,lag_1,0.02713957615196705
spread_day_ahead_price,xgb_oof_train_spread,all,global_model,2025-11-10,daily_retrain,lag_7,0.01270994171500206
spread_day_ahead_price,xgb_oof_train_spread,all,global_model,2025-11-10,daily_retrain,lag_14,0.019735969603061676
spread_day_ahead_price,xgb_oof_train_spread,all,global_model,2025-11-10,daily_retrain,lag_28,0.017647815868258476
spread_day_ahead_price,xgb_oof_train_spread,all,global_model,2025-11-10,daily_retrain,roll_mean_3,0.021727465093135834
spread_day_ahead_price,xgb_oof_train_spread,all,global_model,2025-11-10,daily_retrain,roll_mean_7,0.03250812739133835
spread_day_ahead_price,xgb_oof_train_spread,all,global_model,2025-11-10,daily_retrain,roll_mean_14,0.022301603108644485
spread_day_ahead_price,xgb_oof_train_spread,all,global_model,2025-11-10,daily_retrain,roll_std_7,0.02185426652431488
spread_day_ahead_price,xgb_oof_train_spread,all,global_model,2025-11-10,daily_retrain,diff_1,0.0
spread_day_ahead_price,xgb_oof_train_spread,all,global_model,2025-11-10,daily_retrain,diff_7,0.03367166221141815
spread_day_ahead_price,xgb_oof_train_spread,all,global_model,2025-11-10,daily_retrain,dayofweek,0.035267461091279984
spread_day_ahead_price,xgb_oof_train_spread,all,global_model,2025-11-10,daily_retrain,is_weekend,0.053830306977033615
spread_day_ahead_price,xgb_oof_train_spread,all,global_model,2025-11-10,daily_retrain,month,0.03467201814055443
spread_day_ahead_price,xgb_oof_train_spread,all,global_model,2025-11-10,daily_retrain,is_holiday,0.3378540873527527
spread_day_ahead_price,xgb_oof_train_spread,all,global_model,2025-11-10,daily_retrain,is_workday,0.2540658712387085
spread_day_ahead_price,xgb_oof_train_spread,all,global_model,2025-11-10,daily_retrain,is_makeup_workday,0.0
spread_day_ahead_price,xgb_oof_train_spread,all,global_model,2025-11-10,daily_retrain,before_holiday_1d,0.031182942911982536
spread_day_ahead_price,xgb_oof_train_spread,all,global_model,2025-11-10,daily_retrain,after_holiday_1d,0.04383081942796707
spread_day_ahead_price,xgb_oof_train_spread,all,global_model,2025-11-13,daily_retrain,lag_1,0.02914462238550186
spread_day_ahead_price,xgb_oof_train_spread,all,global_model,2025-11-13,daily_retrain,lag_7,0.013478200882673264
spread_day_ahead_price,xgb_oof_train_spread,all,global_model,2025-11-13,daily_retrain,lag_14,0.02054356038570404
spread_day_ahead_price,xgb_oof_train_spread,all,global_model,2025-11-13,daily_retrain,lag_28,0.019619708880782127
spread_day_ahead_price,xgb_oof_train_spread,all,global_model,2025-11-13,daily_retrain,roll_mean_3,0.02264603227376938
spread_day_ahead_price,xgb_oof_train_spread,all,global_model,2025-11-13,daily_retrain,roll_mean_7,0.03410254418849945
spread_day_ahead_price,xgb_oof_train_spread,all,global_model,2025-11-13,daily_retrain,roll_mean_14,0.023469602689146996
spread_day_ahead_price,xgb_oof_train_spread,all,global_model,2025-11-13,daily_retrain,roll_std_7,0.022162100300192833
spread_day_ahead_price,xgb_oof_train_spread,all,global_model,2025-11-13,daily_retrain,diff_1,0.0
spread_day_ahead_price,xgb_oof_train_spread,all,global_model,2025-11-13,daily_retrain,diff_7,0.032540369778871536
spread_day_ahead_price,xgb_oof_train_spread,all,global_model,2025-11-13,daily_retrain,dayofweek,0.03462812677025795
spread_day_ahead_price,xgb_oof_train_spread,all,global_model,2025-11-13,daily_retrain,is_weekend,0.05426022410392761
spread_day_ahead_price,xgb_oof_train_spread,all,global_model,2025-11-13,daily_retrain,month,0.03575986623764038
spread_day_ahead_price,xgb_oof_train_spread,all,global_model,2025-11-13,daily_retrain,is_holiday,0.33537164330482483
spread_day_ahead_price,xgb_oof_train_spread,all,global_model,2025-11-13,daily_retrain,is_workday,0.25253352522850037
spread_day_ahead_price,xgb_oof_train_spread,all,global_model,2025-11-13,daily_retrain,is_makeup_workday,0.0
spread_day_ahead_price,xgb_oof_train_spread,all,global_model,2025-11-13,daily_retrain,before_holiday_1d,0.0282980315387249
spread_day_ahead_price,xgb_oof_train_spread,all,global_model,2025-11-13,daily_retrain,after_holiday_1d,0.04144175723195076
spread_day_ahead_price,xgb_oof_train_spread,all,global_model,2025-11-17,daily_retrain,lag_1,0.03079746849834919
spread_day_ahead_price,xgb_oof_train_spread,all,global_model,2025-11-17,daily_retrain,lag_7,0.014551305212080479
spread_day_ahead_price,xgb_oof_train_spread,all,global_model,2025-11-17,daily_retrain,lag_14,0.0189550518989563
spread_day_ahead_price,xgb_oof_train_spread,all,global_model,2025-11-17,daily_retrain,lag_28,0.01983051374554634
spread_day_ahead_price,xgb_oof_train_spread,all,global_model,2025-11-17,daily_retrain,roll_mean_3,0.019180670380592346
spread_day_ahead_price,xgb_oof_train_spread,all,global_model,2025-11-17,daily_retrain,roll_mean_7,0.03541038557887077
spread_day_ahead_price,xgb_oof_train_spread,all,global_model,2025-11-17,daily_retrain,roll_mean_14,0.02393459342420101
spread_day_ahead_price,xgb_oof_train_spread,all,global_model,2025-11-17,daily_retrain,roll_std_7,0.02248380333185196
spread_day_ahead_price,xgb_oof_train_spread,all,global_model,2025-11-17,daily_retrain,diff_1,0.0
spread_day_ahead_price,xgb_oof_train_spread,all,global_model,2025-11-17,daily_retrain,diff_7,0.03078370727598667
spread_day_ahead_price,xgb_oof_train_spread,all,global_model,2025-11-17,daily_retrain,dayofweek,0.032309260219335556
spread_day_ahead_price,xgb_oof_train_spread,all,global_model,2025-11-17,daily_retrain,is_weekend,0.051634833216667175
spread_day_ahead_price,xgb_oof_train_spread,all,global_model,2025-11-17,daily_retrain,month,0.03459078446030617
spread_day_ahead_price,xgb_oof_train_spread,all,global_model,2025-11-17,daily_retrain,is_holiday,0.34276944398880005
spread_day_ahead_price,xgb_oof_train_spread,all,global_model,2025-11-17,daily_retrain,is_workday,0.25864580273628235
spread_day_ahead_price,xgb_oof_train_spread,all,global_model,2025-11-17,daily_retrain,is_makeup_workday,0.0
spread_day_ahead_price,xgb_oof_train_spread,all,global_model,2025-11-17,daily_retrain,before_holiday_1d,0.0283455029129982
spread_day_ahead_price,xgb_oof_train_spread,all,global_model,2025-11-17,daily_retrain,after_holiday_1d,0.035776857286691666
spread_day_ahead_price,xgb_oof_train_spread,all,global_model,2025-11-20,daily_retrain,lag_1,0.02955898828804493
spread_day_ahead_price,xgb_oof_train_spread,all,global_model,2025-11-20,daily_retrain,lag_7,0.01435536053031683
spread_day_ahead_price,xgb_oof_train_spread,all,global_model,2025-11-20,daily_retrain,lag_14,0.021304624155163765
spread_day_ahead_price,xgb_oof_train_spread,all,global_model,2025-11-20,daily_retrain,lag_28,0.0200468972325325
spread_day_ahead_price,xgb_oof_train_spread,all,global_model,2025-11-20,daily_retrain,roll_mean_3,0.020255960524082184
spread_day_ahead_price,xgb_oof_train_spread,all,global_model,2025-11-20,daily_retrain,roll_mean_7,0.034739453345537186
spread_day_ahead_price,xgb_oof_train_spread,all,global_model,2025-11-20,daily_retrain,roll_mean_14,0.026751207187771797
spread_day_ahead_price,xgb_oof_train_spread,all,global_model,2025-11-20,daily_retrain,roll_std_7,0.02343423292040825
spread_day_ahead_price,xgb_oof_train_spread,all,global_model,2025-11-20,daily_retrain,diff_1,0.0
spread_day_ahead_price,xgb_oof_train_spread,all,global_model,2025-11-20,daily_retrain,diff_7,0.029337121173739433
spread_day_ahead_price,xgb_oof_train_spread,all,global_model,2025-11-20,daily_retrain,dayofweek,0.03025995008647442
spread_day_ahead_price,xgb_oof_train_spread,all,global_model,2025-11-20,daily_retrain,is_weekend,0.051398538053035736
spread_day_ahead_price,xgb_oof_train_spread,all,global_model,2025-11-20,daily_retrain,month,0.03232857584953308
spread_day_ahead_price,xgb_oof_train_spread,all,global_model,2025-11-20,daily_retrain,is_holiday,0.34132641553878784
spread_day_ahead_price,xgb_oof_train_spread,all,global_model,2025-11-20,daily_retrain,is_workday,0.2571691870689392
spread_day_ahead_price,xgb_oof_train_spread,all,global_model,2025-11-20,daily_retrain,is_makeup_workday,0.0
spread_day_ahead_price,xgb_oof_train_spread,all,global_model,2025-11-20,daily_retrain,before_holiday_1d,0.02834915556013584
spread_day_ahead_price,xgb_oof_train_spread,all,global_model,2025-11-20,daily_retrain,after_holiday_1d,0.03938435763120651
spread_day_ahead_price,xgb_oof_train_spread,all,global_model,2025-11-23,daily_retrain,lag_1,0.02894362434744835
spread_day_ahead_price,xgb_oof_train_spread,all,global_model,2025-11-23,daily_retrain,lag_7,0.014761902391910553
spread_day_ahead_price,xgb_oof_train_spread,all,global_model,2025-11-23,daily_retrain,lag_14,0.019738616421818733
spread_day_ahead_price,xgb_oof_train_spread,all,global_model,2025-11-23,daily_retrain,lag_28,0.019396711140871048
spread_day_ahead_price,xgb_oof_train_spread,all,global_model,2025-11-23,daily_retrain,roll_mean_3,0.01905801147222519
spread_day_ahead_price,xgb_oof_train_spread,all,global_model,2025-11-23,daily_retrain,roll_mean_7,0.03307383507490158
spread_day_ahead_price,xgb_oof_train_spread,all,global_model,2025-11-23,daily_retrain,roll_mean_14,0.024111274629831314
spread_day_ahead_price,xgb_oof_train_spread,all,global_model,2025-11-23,daily_retrain,roll_std_7,0.023211093619465828
spread_day_ahead_price,xgb_oof_train_spread,all,global_model,2025-11-23,daily_retrain,diff_1,0.0
spread_day_ahead_price,xgb_oof_train_spread,all,global_model,2025-11-23,daily_retrain,diff_7,0.03185354173183441
spread_day_ahead_price,xgb_oof_train_spread,all,global_model,2025-11-23,daily_retrain,dayofweek,0.031858671456575394
spread_day_ahead_price,xgb_oof_train_spread,all,global_model,2025-11-23,daily_retrain,is_weekend,0.04949994757771492
spread_day_ahead_price,xgb_oof_train_spread,all,global_model,2025-11-23,daily_retrain,month,0.03188188374042511
spread_day_ahead_price,xgb_oof_train_spread,all,global_model,2025-11-23,daily_retrain,is_holiday,0.34147220849990845
spread_day_ahead_price,xgb_oof_train_spread,all,global_model,2025-11-23,daily_retrain,is_workday,0.2574649751186371
spread_day_ahead_price,xgb_oof_train_spread,all,global_model,2025-11-23,daily_retrain,is_makeup_workday,0.0
spread_day_ahead_price,xgb_oof_train_spread,all,global_model,2025-11-23,daily_retrain,before_holiday_1d,0.03401929512619972
spread_day_ahead_price,xgb_oof_train_spread,all,global_model,2025-11-23,daily_retrain,after_holiday_1d,0.03965442255139351
spread_day_ahead_price,xgb_oof_train_spread,all,global_model,2025-11-28,daily_retrain,lag_1,0.027164112776517868
spread_day_ahead_price,xgb_oof_train_spread,all,global_model,2025-11-28,daily_retrain,lag_7,0.014432454481720924
spread_day_ahead_price,xgb_oof_train_spread,all,global_model,2025-11-28,daily_retrain,lag_14,0.018444223329424858
spread_day_ahead_price,xgb_oof_train_spread,all,global_model,2025-11-28,daily_retrain,lag_28,0.01930883340537548
spread_day_ahead_price,xgb_oof_train_spread,all,global_model,2025-11-28,daily_retrain,roll_mean_3,0.019251083955168724
spread_day_ahead_price,xgb_oof_train_spread,all,global_model,2025-11-28,daily_retrain,roll_mean_7,0.032512206584215164
spread_day_ahead_price,xgb_oof_train_spread,all,global_model,2025-11-28,daily_retrain,roll_mean_14,0.023649465292692184
spread_day_ahead_price,xgb_oof_train_spread,all,global_model,2025-11-28,daily_retrain,roll_std_7,0.02267499454319477
spread_day_ahead_price,xgb_oof_train_spread,all,global_model,2025-11-28,daily_retrain,diff_1,0.0
spread_day_ahead_price,xgb_oof_train_spread,all,global_model,2025-11-28,daily_retrain,diff_7,0.035870570689439774
spread_day_ahead_price,xgb_oof_train_spread,all,global_model,2025-11-28,daily_retrain,dayofweek,0.03037845343351364
spread_day_ahead_price,xgb_oof_train_spread,all,global_model,2025-11-28,daily_retrain,is_weekend,0.04919228330254555
spread_day_ahead_price,xgb_oof_train_spread,all,global_model,2025-11-28,daily_retrain,month,0.030902108177542686
spread_day_ahead_price,xgb_oof_train_spread,all,global_model,2025-11-28,daily_retrain,is_holiday,0.341842383146286
spread_day_ahead_price,xgb_oof_train_spread,all,global_model,2025-11-28,daily_retrain,is_workday,0.2569270431995392
spread_day_ahead_price,xgb_oof_train_spread,all,global_model,2025-11-28,daily_retrain,is_makeup_workday,0.0
spread_day_ahead_price,xgb_oof_train_spread,all,global_model,2025-11-28,daily_retrain,before_holiday_1d,0.03163104131817818
spread_day_ahead_price,xgb_oof_train_spread,all,global_model,2025-11-28,daily_retrain,after_holiday_1d,0.04581872373819351
spread_day_ahead_price,xgb_oof_train_spread,all,global_model,2025-12-01,daily_retrain,lag_1,0.028098605573177338
spread_day_ahead_price,xgb_oof_train_spread,all,global_model,2025-12-01,daily_retrain,lag_7,0.014859577640891075
spread_day_ahead_price,xgb_oof_train_spread,all,global_model,2025-12-01,daily_retrain,lag_14,0.02120344713330269
spread_day_ahead_price,xgb_oof_train_spread,all,global_model,2025-12-01,daily_retrain,lag_28,0.02121841534972191
spread_day_ahead_price,xgb_oof_train_spread,all,global_model,2025-12-01,daily_retrain,roll_mean_3,0.021056657657027245
spread_day_ahead_price,xgb_oof_train_spread,all,global_model,2025-12-01,daily_retrain,roll_mean_7,0.026492489501833916
spread_day_ahead_price,xgb_oof_train_spread,all,global_model,2025-12-01,daily_retrain,roll_mean_14,0.03198458254337311
spread_day_ahead_price,xgb_oof_train_spread,all,global_model,2025-12-01,daily_retrain,roll_std_7,0.02116166241466999
spread_day_ahead_price,xgb_oof_train_spread,all,global_model,2025-12-01,daily_retrain,diff_1,0.0
spread_day_ahead_price,xgb_oof_train_spread,all,global_model,2025-12-01,daily_retrain,diff_7,0.03389190882444382
spread_day_ahead_price,xgb_oof_train_spread,all,global_model,2025-12-01,daily_retrain,dayofweek,0.030748484656214714
spread_day_ahead_price,xgb_oof_train_spread,all,global_model,2025-12-01,daily_retrain,is_weekend,0.0
spread_day_ahead_price,xgb_oof_train_spread,all,global_model,2025-12-01,daily_retrain,month,0.0339694581925869
spread_day_ahead_price,xgb_oof_train_spread,all,global_model,2025-12-01,daily_retrain,is_holiday,0.3789919912815094
spread_day_ahead_price,xgb_oof_train_spread,all,global_model,2025-12-01,daily_retrain,is_workday,0.2857924997806549
spread_day_ahead_price,xgb_oof_train_spread,all,global_model,2025-12-01,daily_retrain,is_makeup_workday,0.0
spread_day_ahead_price,xgb_oof_train_spread,all,global_model,2025-12-01,daily_retrain,before_holiday_1d,0.0293192770332098
spread_day_ahead_price,xgb_oof_train_spread,all,global_model,2025-12-01,daily_retrain,after_holiday_1d,0.021210988983511925
spread_day_ahead_price,xgb_oof_train_spread,all,global_model,2025-12-04,daily_retrain,lag_1,0.030288545414805412
spread_day_ahead_price,xgb_oof_train_spread,all,global_model,2025-12-04,daily_retrain,lag_7,0.01416023913770914
spread_day_ahead_price,xgb_oof_train_spread,all,global_model,2025-12-04,daily_retrain,lag_14,0.020685577765107155
spread_day_ahead_price,xgb_oof_train_spread,all,global_model,2025-12-04,daily_retrain,lag_28,0.019524088129401207
spread_day_ahead_price,xgb_oof_train_spread,all,global_model,2025-12-04,daily_retrain,roll_mean_3,0.02205784060060978
spread_day_ahead_price,xgb_oof_train_spread,all,global_model,2025-12-04,daily_retrain,roll_mean_7,0.02701333537697792
spread_day_ahead_price,xgb_oof_train_spread,all,global_model,2025-12-04,daily_retrain,roll_mean_14,0.030317191034555435
spread_day_ahead_price,xgb_oof_train_spread,all,global_model,2025-12-04,daily_retrain,roll_std_7,0.020369328558444977
spread_day_ahead_price,xgb_oof_train_spread,all,global_model,2025-12-04,daily_retrain,diff_1,0.0
spread_day_ahead_price,xgb_oof_train_spread,all,global_model,2025-12-04,daily_retrain,diff_7,0.03304554149508476
spread_day_ahead_price,xgb_oof_train_spread,all,global_model,2025-12-04,daily_retrain,dayofweek,0.02812114544212818
spread_day_ahead_price,xgb_oof_train_spread,all,global_model,2025-12-04,daily_retrain,is_weekend,0.0
spread_day_ahead_price,xgb_oof_train_spread,all,global_model,2025-12-04,daily_retrain,month,0.031941287219524384
spread_day_ahead_price,xgb_oof_train_spread,all,global_model,2025-12-04,daily_retrain,is_holiday,0.3796316981315613
spread_day_ahead_price,xgb_oof_train_spread,all,global_model,2025-12-04,daily_retrain,is_workday,0.28648841381073
spread_day_ahead_price,xgb_oof_train_spread,all,global_model,2025-12-04,daily_retrain,is_makeup_workday,0.0
spread_day_ahead_price,xgb_oof_train_spread,all,global_model,2025-12-04,daily_retrain,before_holiday_1d,0.030187252908945084
spread_day_ahead_price,xgb_oof_train_spread,all,global_model,2025-12-04,daily_retrain,after_holiday_1d,0.02616846188902855
spread_day_ahead_price,xgb_oof_train_spread,all,global_model,2025-12-07,daily_retrain,lag_1,0.029420020058751106
spread_day_ahead_price,xgb_oof_train_spread,all,global_model,2025-12-07,daily_retrain,lag_7,0.01612568460404873
spread_day_ahead_price,xgb_oof_train_spread,all,global_model,2025-12-07,daily_retrain,lag_14,0.022609930485486984
spread_day_ahead_price,xgb_oof_train_spread,all,global_model,2025-12-07,daily_retrain,lag_28,0.016282742843031883
spread_day_ahead_price,xgb_oof_train_spread,all,global_model,2025-12-07,daily_retrain,roll_mean_3,0.021603917703032494
spread_day_ahead_price,xgb_oof_train_spread,all,global_model,2025-12-07,daily_retrain,roll_mean_7,0.025972042232751846
spread_day_ahead_price,xgb_oof_train_spread,all,global_model,2025-12-07,daily_retrain,roll_mean_14,0.028368232771754265
spread_day_ahead_price,xgb_oof_train_spread,all,global_model,2025-12-07,daily_retrain,roll_std_7,0.021663928404450417
spread_day_ahead_price,xgb_oof_train_spread,all,global_model,2025-12-07,daily_retrain,diff_1,0.0
spread_day_ahead_price,xgb_oof_train_spread,all,global_model,2025-12-07,daily_retrain,diff_7,0.03323846310377121
spread_day_ahead_price,xgb_oof_train_spread,all,global_model,2025-12-07,daily_retrain,dayofweek,0.03194083273410797
spread_day_ahead_price,xgb_oof_train_spread,all,global_model,2025-12-07,daily_retrain,is_weekend,0.0
spread_day_ahead_price,xgb_oof_train_spread,all,global_model,2025-12-07,daily_retrain,month,0.030645698308944702
spread_day_ahead_price,xgb_oof_train_spread,all,global_model,2025-12-07,daily_retrain,is_holiday,0.3842640519142151
spread_day_ahead_price,xgb_oof_train_spread,all,global_model,2025-12-07,daily_retrain,is_workday,0.28970465064048767
spread_day_ahead_price,xgb_oof_train_spread,all,global_model,2025-12-07,daily_retrain,is_makeup_workday,0.0
spread_day_ahead_price,xgb_oof_train_spread,all,global_model,2025-12-07,daily_retrain,before_holiday_1d,0.028417300432920456
spread_day_ahead_price,xgb_oof_train_spread,all,global_model,2025-12-07,daily_retrain,after_holiday_1d,0.01974242366850376
spread_day_ahead_price,xgb_oof_train_spread,all,global_model,2025-12-11,daily_retrain,lag_1,0.03045177087187767
spread_day_ahead_price,xgb_oof_train_spread,all,global_model,2025-12-11,daily_retrain,lag_7,0.015559223480522633
spread_day_ahead_price,xgb_oof_train_spread,all,global_model,2025-12-11,daily_retrain,lag_14,0.0227204579859972
spread_day_ahead_price,xgb_oof_train_spread,all,global_model,2025-12-11,daily_retrain,lag_28,0.01636517234146595
spread_day_ahead_price,xgb_oof_train_spread,all,global_model,2025-12-11,daily_retrain,roll_mean_3,0.022670438513159752
spread_day_ahead_price,xgb_oof_train_spread,all,global_model,2025-12-11,daily_retrain,roll_mean_7,0.025195391848683357
spread_day_ahead_price,xgb_oof_train_spread,all,global_model,2025-12-11,daily_retrain,roll_mean_14,0.027159927412867546
spread_day_ahead_price,xgb_oof_train_spread,all,global_model,2025-12-11,daily_retrain,roll_std_7,0.019991839304566383
spread_day_ahead_price,xgb_oof_train_spread,all,global_model,2025-12-11,daily_retrain,diff_1,0.0
spread_day_ahead_price,xgb_oof_train_spread,all,global_model,2025-12-11,daily_retrain,diff_7,0.03484730049967766
spread_day_ahead_price,xgb_oof_train_spread,all,global_model,2025-12-11,daily_retrain,dayofweek,0.028037143871188164
spread_day_ahead_price,xgb_oof_train_spread,all,global_model,2025-12-11,daily_retrain,is_weekend,0.0
spread_day_ahead_price,xgb_oof_train_spread,all,global_model,2025-12-11,daily_retrain,month,0.03174317628145218
spread_day_ahead_price,xgb_oof_train_spread,all,global_model,2025-12-11,daily_retrain,is_holiday,0.3870939612388611
spread_day_ahead_price,xgb_oof_train_spread,all,global_model,2025-12-11,daily_retrain,is_workday,0.29196712374687195
spread_day_ahead_price,xgb_oof_train_spread,all,global_model,2025-12-11,daily_retrain,is_makeup_workday,0.0
spread_day_ahead_price,xgb_oof_train_spread,all,global_model,2025-12-11,daily_retrain,before_holiday_1d,0.025434419512748718
spread_day_ahead_price,xgb_oof_train_spread,all,global_model,2025-12-11,daily_retrain,after_holiday_1d,0.020762622356414795
spread_day_ahead_price,xgb_oof_train_spread,all,global_model,2025-12-14,daily_retrain,lag_1,0.031234459951519966
spread_day_ahead_price,xgb_oof_train_spread,all,global_model,2025-12-14,daily_retrain,lag_7,0.015281079337000847
spread_day_ahead_price,xgb_oof_train_spread,all,global_model,2025-12-14,daily_retrain,lag_14,0.022073999047279358
spread_day_ahead_price,xgb_oof_train_spread,all,global_model,2025-12-14,daily_retrain,lag_28,0.015950240194797516
spread_day_ahead_price,xgb_oof_train_spread,all,global_model,2025-12-14,daily_retrain,roll_mean_3,0.020468223839998245
spread_day_ahead_price,xgb_oof_train_spread,all,global_model,2025-12-14,daily_retrain,roll_mean_7,0.027324596419930458
spread_day_ahead_price,xgb_oof_train_spread,all,global_model,2025-12-14,daily_retrain,roll_mean_14,0.03093402087688446
spread_day_ahead_price,xgb_oof_train_spread,all,global_model,2025-12-14,daily_retrain,roll_std_7,0.02115362323820591
spread_day_ahead_price,xgb_oof_train_spread,all,global_model,2025-12-14,daily_retrain,diff_1,0.0
spread_day_ahead_price,xgb_oof_train_spread,all,global_model,2025-12-14,daily_retrain,diff_7,0.03276962786912918
spread_day_ahead_price,xgb_oof_train_spread,all,global_model,2025-12-14,daily_retrain,dayofweek,0.027094336226582527
spread_day_ahead_price,xgb_oof_train_spread,all,global_model,2025-12-14,daily_retrain,is_weekend,0.0
spread_day_ahead_price,xgb_oof_train_spread,all,global_model,2025-12-14,daily_retrain,month,0.028796236962080002
spread_day_ahead_price,xgb_oof_train_spread,all,global_model,2025-12-14,daily_retrain,is_holiday,0.385471373796463
spread_day_ahead_price,xgb_oof_train_spread,all,global_model,2025-12-14,daily_retrain,is_workday,0.2935870289802551
spread_day_ahead_price,xgb_oof_train_spread,all,global_model,2025-12-14,daily_retrain,is_makeup_workday,0.0
spread_day_ahead_price,xgb_oof_train_spread,all,global_model,2025-12-14,daily_retrain,before_holiday_1d,0.023191912099719048
spread_day_ahead_price,xgb_oof_train_spread,all,global_model,2025-12-14,daily_retrain,after_holiday_1d,0.024669187143445015
spread_day_ahead_price,xgb_oof_train_spread,all,global_model,2025-12-18,daily_retrain,lag_1,0.02943256124854088
spread_day_ahead_price,xgb_oof_train_spread,all,global_model,2025-12-18,daily_retrain,lag_7,0.015848523005843163
spread_day_ahead_price,xgb_oof_train_spread,all,global_model,2025-12-18,daily_retrain,lag_14,0.020990492776036263
spread_day_ahead_price,xgb_oof_train_spread,all,global_model,2025-12-18,daily_retrain,lag_28,0.016098514199256897
spread_day_ahead_price,xgb_oof_train_spread,all,global_model,2025-12-18,daily_retrain,roll_mean_3,0.021534152328968048
spread_day_ahead_price,xgb_oof_train_spread,all,global_model,2025-12-18,daily_retrain,roll_mean_7,0.027421265840530396
spread_day_ahead_price,xgb_oof_train_spread,all,global_model,2025-12-18,daily_retrain,roll_mean_14,0.02923269383609295
spread_day_ahead_price,xgb_oof_train_spread,all,global_model,2025-12-18,daily_retrain,roll_std_7,0.019604481756687164
spread_day_ahead_price,xgb_oof_train_spread,all,global_model,2025-12-18,daily_retrain,diff_1,0.0
spread_day_ahead_price,xgb_oof_train_spread,all,global_model,2025-12-18,daily_retrain,diff_7,0.030830442905426025
spread_day_ahead_price,xgb_oof_train_spread,all,global_model,2025-12-18,daily_retrain,dayofweek,0.029193183407187462
spread_day_ahead_price,xgb_oof_train_spread,all,global_model,2025-12-18,daily_retrain,is_weekend,0.0
spread_day_ahead_price,xgb_oof_train_spread,all,global_model,2025-12-18,daily_retrain,month,0.028356118127703667
spread_day_ahead_price,xgb_oof_train_spread,all,global_model,2025-12-18,daily_retrain,is_holiday,0.39200687408447266
spread_day_ahead_price,xgb_oof_train_spread,all,global_model,2025-12-18,daily_retrain,is_workday,0.2991405129432678
spread_day_ahead_price,xgb_oof_train_spread,all,global_model,2025-12-18,daily_retrain,is_makeup_workday,0.0
spread_day_ahead_price,xgb_oof_train_spread,all,global_model,2025-12-18,daily_retrain,before_holiday_1d,0.018101485446095467
spread_day_ahead_price,xgb_oof_train_spread,all,global_model,2025-12-18,daily_retrain,after_holiday_1d,0.02220873534679413
spread_day_ahead_price,xgb_oof_train_spread,all,global_model,2025-12-21,daily_retrain,lag_1,0.02806035615503788
spread_day_ahead_price,xgb_oof_train_spread,all,global_model,2025-12-21,daily_retrain,lag_7,0.017816275358200073
spread_day_ahead_price,xgb_oof_train_spread,all,global_model,2025-12-21,daily_retrain,lag_14,0.02175643853843212
spread_day_ahead_price,xgb_oof_train_spread,all,global_model,2025-12-21,daily_retrain,lag_28,0.015798790380358696
spread_day_ahead_price,xgb_oof_train_spread,all,global_model,2025-12-21,daily_retrain,roll_mean_3,0.015209943056106567
spread_day_ahead_price,xgb_oof_train_spread,all,global_model,2025-12-21,daily_retrain,roll_mean_7,0.02936956100165844
spread_day_ahead_price,xgb_oof_train_spread,all,global_model,2025-12-21,daily_retrain,roll_mean_14,0.030900094658136368
spread_day_ahead_price,xgb_oof_train_spread,all,global_model,2025-12-21,daily_retrain,roll_std_7,0.02026624232530594
spread_day_ahead_price,xgb_oof_train_spread,all,global_model,2025-12-21,daily_retrain,diff_1,0.0
spread_day_ahead_price,xgb_oof_train_spread,all,global_model,2025-12-21,daily_retrain,diff_7,0.03065996989607811
spread_day_ahead_price,xgb_oof_train_spread,all,global_model,2025-12-21,daily_retrain,dayofweek,0.03310312330722809
spread_day_ahead_price,xgb_oof_train_spread,all,global_model,2025-12-21,daily_retrain,is_weekend,0.0
spread_day_ahead_price,xgb_oof_train_spread,all,global_model,2025-12-21,daily_retrain,month,0.020888375118374825
spread_day_ahead_price,xgb_oof_train_spread,all,global_model,2025-12-21,daily_retrain,is_holiday,0.3827458620071411
spread_day_ahead_price,xgb_oof_train_spread,all,global_model,2025-12-21,daily_retrain,is_workday,0.29085201025009155
spread_day_ahead_price,xgb_oof_train_spread,all,global_model,2025-12-21,daily_retrain,is_makeup_workday,0.0
spread_day_ahead_price,xgb_oof_train_spread,all,global_model,2025-12-21,daily_retrain,before_holiday_1d,0.032450493425130844
spread_day_ahead_price,xgb_oof_train_spread,all,global_model,2025-12-21,daily_retrain,after_holiday_1d,0.03012247569859028
spread_day_ahead_price,xgb_oof_train_spread,all,global_model,2025-12-24,daily_retrain,lag_1,0.025992998853325844
spread_day_ahead_price,xgb_oof_train_spread,all,global_model,2025-12-24,daily_retrain,lag_7,0.014225630089640617
spread_day_ahead_price,xgb_oof_train_spread,all,global_model,2025-12-24,daily_retrain,lag_14,0.021446332335472107
spread_day_ahead_price,xgb_oof_train_spread,all,global_model,2025-12-24,daily_retrain,lag_28,0.015035789459943771
spread_day_ahead_price,xgb_oof_train_spread,all,global_model,2025-12-24,daily_retrain,roll_mean_3,0.016046719625592232
spread_day_ahead_price,xgb_oof_train_spread,all,global_model,2025-12-24,daily_retrain,roll_mean_7,0.028253639116883278
spread_day_ahead_price,xgb_oof_train_spread,all,global_model,2025-12-24,daily_retrain,roll_mean_14,0.028370914980769157
spread_day_ahead_price,xgb_oof_train_spread,all,global_model,2025-12-24,daily_retrain,roll_std_7,0.01996481604874134
spread_day_ahead_price,xgb_oof_train_spread,all,global_model,2025-12-24,daily_retrain,diff_1,0.0
spread_day_ahead_price,xgb_oof_train_spread,all,global_model,2025-12-24,daily_retrain,diff_7,0.03429332375526428
spread_day_ahead_price,xgb_oof_train_spread,all,global_model,2025-12-24,daily_retrain,dayofweek,0.03917604684829712
spread_day_ahead_price,xgb_oof_train_spread,all,global_model,2025-12-24,daily_retrain,is_weekend,0.0
spread_day_ahead_price,xgb_oof_train_spread,all,global_model,2025-12-24,daily_retrain,month,0.023296670988202095
spread_day_ahead_price,xgb_oof_train_spread,all,global_model,2025-12-24,daily_retrain,is_holiday,0.39285364747047424
spread_day_ahead_price,xgb_oof_train_spread,all,global_model,2025-12-24,daily_retrain,is_workday,0.3015168309211731
spread_day_ahead_price,xgb_oof_train_spread,all,global_model,2025-12-24,daily_retrain,is_makeup_workday,0.0
spread_day_ahead_price,xgb_oof_train_spread,all,global_model,2025-12-24,daily_retrain,before_holiday_1d,0.022179003804922104
spread_day_ahead_price,xgb_oof_train_spread,all,global_model,2025-12-24,daily_retrain,after_holiday_1d,0.017347631976008415
spread_day_ahead_price,xgb_oof_train_spread,all,global_model,2025-12-27,daily_retrain,lag_1,0.025678260251879692
spread_day_ahead_price,xgb_oof_train_spread,all,global_model,2025-12-27,daily_retrain,lag_7,0.015676937997341156
spread_day_ahead_price,xgb_oof_train_spread,all,global_model,2025-12-27,daily_retrain,lag_14,0.019727008417248726
spread_day_ahead_price,xgb_oof_train_spread,all,global_model,2025-12-27,daily_retrain,lag_28,0.015853388234972954
spread_day_ahead_price,xgb_oof_train_spread,all,global_model,2025-12-27,daily_retrain,roll_mean_3,0.01587037555873394
spread_day_ahead_price,xgb_oof_train_spread,all,global_model,2025-12-27,daily_retrain,roll_mean_7,0.03083331137895584
spread_day_ahead_price,xgb_oof_train_spread,all,global_model,2025-12-27,daily_retrain,roll_mean_14,0.028126344084739685
spread_day_ahead_price,xgb_oof_train_spread,all,global_model,2025-12-27,daily_retrain,roll_std_7,0.01862114667892456
spread_day_ahead_price,xgb_oof_train_spread,all,global_model,2025-12-27,daily_retrain,diff_1,0.0
spread_day_ahead_price,xgb_oof_train_spread,all,global_model,2025-12-27,daily_retrain,diff_7,0.035805217921733856
spread_day_ahead_price,xgb_oof_train_spread,all,global_model,2025-12-27,daily_retrain,dayofweek,0.03846295550465584
spread_day_ahead_price,xgb_oof_train_spread,all,global_model,2025-12-27,daily_retrain,is_weekend,0.0
spread_day_ahead_price,xgb_oof_train_spread,all,global_model,2025-12-27,daily_retrain,month,0.020817220211029053
spread_day_ahead_price,xgb_oof_train_spread,all,global_model,2025-12-27,daily_retrain,is_holiday,0.3971794843673706
spread_day_ahead_price,xgb_oof_train_spread,all,global_model,2025-12-27,daily_retrain,is_workday,0.304686039686203
spread_day_ahead_price,xgb_oof_train_spread,all,global_model,2025-12-27,daily_retrain,is_makeup_workday,0.0
spread_day_ahead_price,xgb_oof_train_spread,all,global_model,2025-12-27,daily_retrain,before_holiday_1d,0.022691722959280014
spread_day_ahead_price,xgb_oof_train_spread,all,global_model,2025-12-27,daily_retrain,after_holiday_1d,0.00997058767825365
spread_day_ahead_price,xgb_oof_train_spread,all,global_model,2025-12-30,daily_retrain,lag_1,0.02384667657315731
spread_day_ahead_price,xgb_oof_train_spread,all,global_model,2025-12-30,daily_retrain,lag_7,0.016354333609342575
spread_day_ahead_price,xgb_oof_train_spread,all,global_model,2025-12-30,daily_retrain,lag_14,0.018427537754178047
spread_day_ahead_price,xgb_oof_train_spread,all,global_model,2025-12-30,daily_retrain,lag_28,0.015747375786304474
spread_day_ahead_price,xgb_oof_train_spread,all,global_model,2025-12-30,daily_retrain,roll_mean_3,0.015720181167125702
spread_day_ahead_price,xgb_oof_train_spread,all,global_model,2025-12-30,daily_retrain,roll_mean_7,0.027688661590218544
spread_day_ahead_price,xgb_oof_train_spread,all,global_model,2025-12-30,daily_retrain,roll_mean_14,0.025349078699946404
spread_day_ahead_price,xgb_oof_train_spread,all,global_model,2025-12-30,daily_retrain,roll_std_7,0.01600724458694458
spread_day_ahead_price,xgb_oof_train_spread,all,global_model,2025-12-30,daily_retrain,diff_1,0.0
spread_day_ahead_price,xgb_oof_train_spread,all,global_model,2025-12-30,daily_retrain,diff_7,0.03123338334262371
spread_day_ahead_price,xgb_oof_train_spread,all,global_model,2025-12-30,daily_retrain,dayofweek,0.037072308361530304
spread_day_ahead_price,xgb_oof_train_spread,all,global_model,2025-12-30,daily_retrain,is_weekend,0.046866435557603836
spread_day_ahead_price,xgb_oof_train_spread,all,global_model,2025-12-30,daily_retrain,month,0.017992405220866203
spread_day_ahead_price,xgb_oof_train_spread,all,global_model,2025-12-30,daily_retrain,is_holiday,0.3800044655799866
spread_day_ahead_price,xgb_oof_train_spread,all,global_model,2025-12-30,daily_retrain,is_workday,0.2912675142288208
spread_day_ahead_price,xgb_oof_train_spread,all,global_model,2025-12-30,daily_retrain,is_makeup_workday,0.0
spread_day_ahead_price,xgb_oof_train_spread,all,global_model,2025-12-30,daily_retrain,before_holiday_1d,0.020459139719605446
spread_day_ahead_price,xgb_oof_train_spread,all,global_model,2025-12-30,daily_retrain,after_holiday_1d,0.015963269397616386
