times,target,actual,segment,prediction
2026-01-01 00:15:00,real_time_price,290.1,valley,247.66787815093994
2026-01-01 00:30:00,real_time_price,323.1,valley,342.4959759712219
2026-01-01 00:45:00,real_time_price,247.87,valley,319.5086660385132
2026-01-01 01:00:00,real_time_price,263.99,valley,259.3223617076874
2026-01-01 01:15:00,real_time_price,247.01,valley,265.83059763908386
2026-01-01 01:30:00,real_time_price,190.55,valley,246.49874997138977
2026-01-01 01:45:00,real_time_price,222.92,valley,215.01611042022705
2026-01-01 02:00:00,real_time_price,227.75,valley,221.79680061340332
2026-01-01 02:15:00,real_time_price,240.0,valley,228.62202262878418
2026-01-01 02:30:00,real_time_price,250.0,valley,227.19721508026123
2026-01-01 02:45:00,real_time_price,150.0,valley,235.64615535736084
2026-01-01 03:00:00,real_time_price,150.38,valley,202.56675148010254
2026-01-01 03:15:00,real_time_price,196.0,valley,180.49469375610352
2026-01-01 03:30:00,real_time_price,206.69,valley,194.71852207183838
2026-01-01 03:45:00,real_time_price,213.29,valley,205.92009162902832
2026-01-01 04:00:00,real_time_price,205.06,valley,211.17841053009033
2026-01-01 04:15:00,real_time_price,200.41,valley,212.7988841533661
2026-01-01 04:30:00,real_time_price,200.0,valley,192.80885529518127
2026-01-01 04:45:00,real_time_price,191.42,valley,192.2328064441681
2026-01-01 05:00:00,real_time_price,150.3,valley,181.68522000312805
2026-01-01 05:15:00,real_time_price,121.24,valley,179.4186589717865
2026-01-01 05:30:00,real_time_price,200.0,valley,155.48885655403137
2026-01-01 05:45:00,real_time_price,0.0,valley,176.30748867988586
2026-01-01 06:00:00,real_time_price,188.46,valley,127.69332528114319
2026-01-01 06:15:00,real_time_price,10.29,valley,177.76744771003723
2026-01-01 06:30:00,real_time_price,150.15,valley,180.01420402526855
2026-01-01 06:45:00,real_time_price,-42.84,valley,125.92067694664001
2026-01-01 07:00:00,real_time_price,-0.81,valley,190.68919849395752
2026-01-01 07:15:00,real_time_price,0.0,valley,75.53636932373047
2026-01-01 07:30:00,real_time_price,0.0,valley,68.94303035736084
2026-01-01 07:45:00,real_time_price,0.0,valley,78.58880519866943
2026-01-01 08:00:00,real_time_price,-45.0,flat,39.265647888183594
2026-01-01 08:15:00,real_time_price,-50.0,flat,68.8437831401825
2026-01-01 08:30:00,real_time_price,-50.0,flat,73.93646931648254
2026-01-01 08:45:00,real_time_price,-50.0,flat,-23.344270944595337
2026-01-01 09:00:00,real_time_price,-50.0,flat,35.022210121154785
2026-01-01 09:15:00,real_time_price,-44.04,flat,-16.871143341064453
2026-01-01 09:30:00,real_time_price,-45.27,flat,-14.802618980407715
2026-01-01 09:45:00,real_time_price,-44.14,flat,12.230318069458008
2026-01-01 10:00:00,real_time_price,-44.14,peak,54.91374111175537
2026-01-01 10:15:00,real_time_price,-50.0,peak,36.018808364868164
2026-01-01 10:30:00,real_time_price,-50.0,peak,30.432265281677246
2026-01-01 10:45:00,real_time_price,-50.0,peak,16.468756675720215
2026-01-01 11:00:00,real_time_price,-39.72,peak,12.783101081848145
2026-01-01 11:15:00,real_time_price,-50.0,peak,42.36496162414551
2026-01-01 11:30:00,real_time_price,-49.46,peak,13.632966041564941
2026-01-01 11:45:00,real_time_price,-37.91,peak,17.988457679748535
2026-01-01 12:00:00,real_time_price,-41.97,flat,-10.787944316864014
2026-01-01 12:15:00,real_time_price,-42.81,flat,64.45288848876953
2026-01-01 12:30:00,real_time_price,-39.76,flat,-5.356586456298828
2026-01-01 12:45:00,real_time_price,142.48,flat,-9.164726376533508
2026-01-01 13:00:00,real_time_price,-0.12,flat,129.78020095825195
2026-01-01 13:15:00,real_time_price,-50.0,flat,66.63483190536499
2026-01-01 13:30:00,real_time_price,-40.49,flat,4.847487926483154
2026-01-01 13:45:00,real_time_price,12.12,flat,17.363086223602295
2026-01-01 14:00:00,real_time_price,-18.47,peak,66.89995527267456
2026-01-01 14:15:00,real_time_price,-38.96,peak,24.051254749298096
2026-01-01 14:30:00,real_time_price,-38.38,peak,21.123716831207275
2026-01-01 14:45:00,real_time_price,-38.76,peak,30.37865161895752
2026-01-01 15:00:00,real_time_price,-38.56,peak,14.220986366271973
2026-01-01 15:15:00,real_time_price,-39.76,peak,26.337397575378418
2026-01-01 15:30:00,real_time_price,-38.94,peak,51.223294258117676
2026-01-01 15:45:00,real_time_price,-41.64,peak,72.14122343063354
2026-01-01 16:00:00,real_time_price,9.93,peak,92.24072456359863
2026-01-01 16:15:00,real_time_price,-40.42,peak,154.90335297584534
2026-01-01 16:30:00,real_time_price,-42.06,peak,163.44167971611023
2026-01-01 16:45:00,real_time_price,9.56,peak,116.85869026184082
2026-01-01 17:00:00,real_time_price,274.47,peak,131.92570734024048
2026-01-01 17:15:00,real_time_price,182.35,peak,254.12907886505127
2026-01-01 17:30:00,real_time_price,204.98,peak,293.5765800476074
2026-01-01 17:45:00,real_time_price,242.21,peak,247.912859916687
2026-01-01 18:00:00,real_time_price,241.3,peak,252.68752002716064
2026-01-01 18:15:00,real_time_price,250.1,peak,265.7747802734375
2026-01-01 18:30:00,real_time_price,257.41,peak,258.2367935180664
2026-01-01 18:45:00,real_time_price,256.0,peak,275.99590492248535
2026-01-01 19:00:00,real_time_price,205.53,flat,283.6886577606201
2026-01-01 19:15:00,real_time_price,100.65,flat,283.843382358551
2026-01-01 19:30:00,real_time_price,210.36,flat,292.40851497650146
2026-01-01 19:45:00,real_time_price,191.66,flat,289.8310947418213
2026-01-01 20:00:00,real_time_price,262.14,flat,280.2584328651428
2026-01-01 20:15:00,real_time_price,253.9,flat,283.2473258972168
2026-01-01 20:30:00,real_time_price,249.39,flat,308.5517625808716
2026-01-01 20:45:00,real_time_price,251.35,flat,310.1439571380615
2026-01-01 21:00:00,real_time_price,251.9,flat,310.6350145339966
2026-01-01 21:15:00,real_time_price,269.39,flat,306.13465547561646
2026-01-01 21:30:00,real_time_price,262.73,flat,286.1031653881073
2026-01-01 21:45:00,real_time_price,159.25,flat,313.60828161239624
2026-01-01 22:00:00,real_time_price,254.25,flat,331.00579500198364
2026-01-01 22:15:00,real_time_price,250.65,flat,302.18824076652527
2026-01-01 22:30:00,real_time_price,248.99,flat,278.96620059013367
2026-01-01 22:45:00,real_time_price,241.5,flat,279.1032543182373
2026-01-01 23:00:00,real_time_price,266.22,flat,282.9117008447647
2026-01-01 23:15:00,real_time_price,253.59,flat,277.08750891685486
2026-01-01 23:30:00,real_time_price,239.24,flat,280.88780641555786
2026-01-01 23:45:00,real_time_price,246.63,flat,266.45478987693787
2026-01-02 00:00:00,real_time_price,245.23,valley,233.63514471054077
2026-01-02 00:15:00,real_time_price,322.15,valley,235.17990469932556
2026-01-02 00:30:00,real_time_price,461.38,valley,340.05826342105865
2026-01-02 00:45:00,real_time_price,332.99,valley,284.7369794845581
2026-01-02 01:00:00,real_time_price,276.14,valley,303.60819959640503
2026-01-02 01:15:00,real_time_price,275.84,valley,275.78360962867737
2026-01-02 01:30:00,real_time_price,277.0,valley,264.156854391098
2026-01-02 01:45:00,real_time_price,264.44,valley,284.91683554649353
2026-01-02 02:00:00,real_time_price,266.41,valley,263.3060781955719
2026-01-02 02:15:00,real_time_price,265.53,valley,266.91800808906555
2026-01-02 02:30:00,real_time_price,267.96,valley,267.0137302875519
2026-01-02 02:45:00,real_time_price,246.49,valley,261.6642544269562
2026-01-02 03:00:00,real_time_price,157.41,valley,245.7288372516632
2026-01-02 03:15:00,real_time_price,43.25,valley,207.01243948936462
2026-01-02 03:30:00,real_time_price,43.25,valley,143.30598092079163
2026-01-02 03:45:00,real_time_price,43.25,valley,100.91169714927673
2026-01-02 04:00:00,real_time_price,43.25,valley,80.51067996025085
2026-01-02 04:15:00,real_time_price,17.49,valley,77.43044948577881
2026-01-02 04:30:00,real_time_price,17.49,valley,26.107711791992188
2026-01-02 04:45:00,real_time_price,43.25,valley,14.123804092407227
2026-01-02 05:00:00,real_time_price,10.0,valley,48.60610008239746
2026-01-02 05:15:00,real_time_price,102.0,valley,16.518502235412598
2026-01-02 05:30:00,real_time_price,43.25,valley,46.53742218017578
2026-01-02 05:45:00,real_time_price,43.25,valley,99.67132091522217
2026-01-02 06:00:00,real_time_price,43.25,valley,64.61974143981934
2026-01-02 06:15:00,real_time_price,43.25,valley,111.50383758544922
2026-01-02 06:30:00,real_time_price,208.24,valley,110.15185070037842
2026-01-02 06:45:00,real_time_price,250.34,valley,255.94043922424316
2026-01-02 07:00:00,real_time_price,43.25,valley,205.41591548919678
2026-01-02 07:15:00,real_time_price,253.28,valley,151.4903974533081
2026-01-02 07:30:00,real_time_price,276.66,valley,250.38958358764648
2026-01-02 07:45:00,real_time_price,179.16,valley,254.01114749908447
2026-01-02 08:00:00,real_time_price,425.47,flat,376.79717350006104
2026-01-02 08:15:00,real_time_price,388.72,flat,465.59951281547546
2026-01-02 08:30:00,real_time_price,341.99,flat,613.265150308609
2026-01-02 08:45:00,real_time_price,249.01,flat,425.381715297699
2026-01-02 09:00:00,real_time_price,303.29,flat,287.9718438386917
2026-01-02 09:15:00,real_time_price,280.06,flat,258.2948317527771
2026-01-02 09:30:00,real_time_price,174.17,flat,226.2169623374939
2026-01-02 09:45:00,real_time_price,255.01,flat,242.85779547691345
2026-01-02 10:00:00,real_time_price,252.39,peak,210.38812971115112
2026-01-02 10:15:00,real_time_price,70.74,peak,185.6702790260315
2026-01-02 10:30:00,real_time_price,188.29,peak,200.25310850143433
2026-01-02 10:45:00,real_time_price,178.19,peak,167.97550201416016
2026-01-02 11:00:00,real_time_price,-48.64,peak,159.63263416290283
2026-01-02 11:15:00,real_time_price,0.19,peak,151.40982055664062
2026-01-02 11:30:00,real_time_price,20.41,peak,79.1185793876648
2026-01-02 11:45:00,real_time_price,-48.66,peak,123.94525527954102
2026-01-02 12:00:00,real_time_price,0.77,flat,-0.9943032264709473
2026-01-02 12:15:00,real_time_price,-49.71,flat,133.88138389587402
2026-01-02 12:30:00,real_time_price,-48.95,flat,19.13252353668213
2026-01-02 12:45:00,real_time_price,-49.47,flat,-13.583104133605957
2026-01-02 13:00:00,real_time_price,-50.0,flat,9.981695175170898
2026-01-02 13:15:00,real_time_price,-48.21,flat,6.975949764251709
2026-01-02 13:30:00,real_time_price,-47.86,flat,13.031946182250977
2026-01-02 13:45:00,real_time_price,-28.86,flat,29.81532096862793
2026-01-02 14:00:00,real_time_price,-41.55,peak,41.08341312408447
2026-01-02 14:15:00,real_time_price,-40.01,peak,39.32598114013672
2026-01-02 14:30:00,real_time_price,-50.0,peak,32.20669412612915
2026-01-02 14:45:00,real_time_price,-45.63,peak,23.14054822921753
2026-01-02 15:00:00,real_time_price,10.25,peak,15.077407836914062
2026-01-02 15:15:00,real_time_price,-44.48,peak,46.6038122177124
2026-01-02 15:30:00,real_time_price,10.75,peak,82.16171169281006
2026-01-02 15:45:00,real_time_price,239.44,peak,109.79000210762024
2026-01-02 16:00:00,real_time_price,280.33,peak,233.61458826065063
2026-01-02 16:15:00,real_time_price,269.73,peak,244.34185552597046
2026-01-02 16:30:00,real_time_price,330.89,peak,265.2465100288391
2026-01-02 16:45:00,real_time_price,309.85,peak,294.5495181083679
2026-01-02 17:00:00,real_time_price,398.07,peak,337.73089265823364
2026-01-02 17:15:00,real_time_price,344.4,peak,300.78533363342285
2026-01-02 17:30:00,real_time_price,311.26,peak,425.23383712768555
2026-01-02 17:45:00,real_time_price,431.12,peak,346.44171142578125
2026-01-02 18:00:00,real_time_price,379.45,peak,399.0759048461914
2026-01-02 18:15:00,real_time_price,488.11,peak,410.62800884246826
2026-01-02 18:30:00,real_time_price,400.86,peak,498.24431228637695
2026-01-02 18:45:00,real_time_price,618.61,peak,429.36766481399536
2026-01-02 19:00:00,real_time_price,715.52,flat,558.6601438522339
2026-01-02 19:15:00,real_time_price,1168.84,flat,576.6605596542358
2026-01-02 19:30:00,real_time_price,658.69,flat,752.7367010116577
2026-01-02 19:45:00,real_time_price,1102.52,flat,703.9689245223999
2026-01-02 20:00:00,real_time_price,495.69,flat,839.9294700622559
2026-01-02 20:15:00,real_time_price,325.89,flat,565.336187839508
2026-01-02 20:30:00,real_time_price,329.98,flat,388.8919849395752
2026-01-02 20:45:00,real_time_price,684.16,flat,390.75670337677
2026-01-02 21:00:00,real_time_price,731.51,flat,460.9713706970215
2026-01-02 21:15:00,real_time_price,370.58,flat,445.890905380249
2026-01-02 21:30:00,real_time_price,351.95,flat,474.0708646774292
2026-01-02 21:45:00,real_time_price,335.25,flat,374.4721736907959
2026-01-02 22:00:00,real_time_price,531.7,flat,346.4758358001709
2026-01-02 22:15:00,real_time_price,667.08,flat,388.3657612800598
2026-01-02 22:30:00,real_time_price,292.27,flat,477.55618381500244
2026-01-02 22:45:00,real_time_price,485.39,flat,374.80240511894226
2026-01-02 23:00:00,real_time_price,452.69,flat,355.59975147247314
2026-01-02 23:15:00,real_time_price,342.44,flat,360.03555178642273
2026-01-02 23:30:00,real_time_price,284.93,flat,335.15872287750244
2026-01-02 23:45:00,real_time_price,291.56,flat,302.7687246799469
2026-01-03 00:00:00,real_time_price,267.11,valley,265.9056704044342
2026-01-03 00:15:00,real_time_price,314.75,valley,275.4299101829529
2026-01-03 00:30:00,real_time_price,291.8,valley,458.3861938714981
2026-01-03 00:45:00,real_time_price,297.24,valley,311.8487527370453
2026-01-03 01:00:00,real_time_price,260.98,valley,267.57435488700867
2026-01-03 01:15:00,real_time_price,323.14,valley,252.13332557678223
2026-01-03 01:30:00,real_time_price,285.75,valley,292.3417921066284
2026-01-03 01:45:00,real_time_price,252.82,valley,283.74495220184326
2026-01-03 02:00:00,real_time_price,410.22,valley,254.0754165649414
2026-01-03 02:15:00,real_time_price,392.69,valley,304.7918357849121
2026-01-03 02:30:00,real_time_price,390.65,valley,334.3854055404663
2026-01-03 02:45:00,real_time_price,374.34,valley,343.44776153564453
2026-01-03 03:00:00,real_time_price,342.84,valley,353.3244380950928
2026-01-03 03:15:00,real_time_price,327.27,valley,341.1883420944214
2026-01-03 03:30:00,real_time_price,338.18,valley,323.1248664855957
2026-01-03 03:45:00,real_time_price,302.07,valley,315.5736618041992
2026-01-03 04:00:00,real_time_price,326.26,valley,299.8052797317505
2026-01-03 04:15:00,real_time_price,311.05,valley,309.25328826904297
2026-01-03 04:30:00,real_time_price,305.12,valley,306.8817377090454
2026-01-03 04:45:00,real_time_price,312.06,valley,295.71629524230957
2026-01-03 05:00:00,real_time_price,303.61,valley,289.15771484375
2026-01-03 05:15:00,real_time_price,310.15,valley,287.2361783981323
2026-01-03 05:30:00,real_time_price,301.45,valley,307.29223442077637
2026-01-03 05:45:00,real_time_price,353.31,valley,304.3410806655884
2026-01-03 06:00:00,real_time_price,326.18,valley,367.86297702789307
2026-01-03 06:15:00,real_time_price,328.29,valley,325.4071168899536
2026-01-03 06:30:00,real_time_price,359.75,valley,323.14021015167236
2026-01-03 06:45:00,real_time_price,402.13,valley,333.33884620666504
2026-01-03 07:00:00,real_time_price,433.47,valley,356.1618299484253
2026-01-03 07:15:00,real_time_price,424.73,valley,341.5857620239258
2026-01-03 07:30:00,real_time_price,498.73,valley,373.84619903564453
2026-01-03 07:45:00,real_time_price,579.09,valley,372.06691455841064
2026-01-03 08:00:00,real_time_price,543.24,flat,503.43184757232666
2026-01-03 08:15:00,real_time_price,571.27,flat,513.2243039608002
2026-01-03 08:30:00,real_time_price,509.16,flat,613.1064221858978
2026-01-03 08:45:00,real_time_price,352.31,flat,433.22354340553284
2026-01-03 09:00:00,real_time_price,306.22,flat,369.3876882791519
2026-01-03 09:15:00,real_time_price,327.33,flat,323.7364287376404
2026-01-03 09:30:00,real_time_price,304.98,flat,273.10699343681335
2026-01-03 09:45:00,real_time_price,294.07,flat,274.45929050445557
2026-01-03 10:00:00,real_time_price,303.44,peak,296.13831853866577
2026-01-03 10:15:00,real_time_price,287.78,peak,314.3202829360962
2026-01-03 10:30:00,real_time_price,259.81,peak,302.1415343284607
2026-01-03 10:45:00,real_time_price,272.71,peak,286.67468643188477
2026-01-03 11:00:00,real_time_price,287.01,peak,352.09185791015625
2026-01-03 11:15:00,real_time_price,277.65,peak,305.484956741333
2026-01-03 11:30:00,real_time_price,252.47,peak,283.03588485717773
2026-01-03 11:45:00,real_time_price,253.02,peak,242.6035671234131
2026-01-03 12:00:00,real_time_price,253.5,flat,163.68223762512207
2026-01-03 12:15:00,real_time_price,8.93,flat,203.95545387268066
2026-01-03 12:30:00,real_time_price,233.05,flat,89.01090621948242
2026-01-03 12:45:00,real_time_price,14.41,flat,227.14702892303467
2026-01-03 13:00:00,real_time_price,6.18,flat,52.184322357177734
2026-01-03 13:15:00,real_time_price,211.38,flat,17.04416847229004
2026-01-03 13:30:00,real_time_price,256.56,flat,247.5503511428833
2026-01-03 13:45:00,real_time_price,259.41,flat,255.6814842224121
2026-01-03 14:00:00,real_time_price,159.71,peak,232.53257012367249
2026-01-03 14:15:00,real_time_price,250.28,peak,189.87944543361664
2026-01-03 14:30:00,real_time_price,199.35,peak,211.34074020385742
2026-01-03 14:45:00,real_time_price,227.37,peak,251.5238790512085
2026-01-03 15:00:00,real_time_price,212.35,peak,193.53468465805054
2026-01-03 15:15:00,real_time_price,176.5,peak,272.7364020347595
2026-01-03 15:30:00,real_time_price,292.34,peak,243.32392930984497
2026-01-03 15:45:00,real_time_price,298.36,peak,255.60750567913055
2026-01-03 16:00:00,real_time_price,354.96,peak,323.9328861236572
2026-01-03 16:15:00,real_time_price,270.98,peak,302.70920038223267
2026-01-03 16:30:00,real_time_price,309.67,peak,339.67699563503265
2026-01-03 16:45:00,real_time_price,363.83,peak,322.3203206062317
2026-01-03 17:00:00,real_time_price,295.67,peak,368.59908628463745
2026-01-03 17:15:00,real_time_price,342.34,peak,352.94080114364624
2026-01-03 17:30:00,real_time_price,320.08,peak,354.71466541290283
2026-01-03 17:45:00,real_time_price,321.49,peak,336.7462182044983
2026-01-03 18:00:00,real_time_price,352.27,peak,327.17820978164673
2026-01-03 18:15:00,real_time_price,343.03,peak,339.5413627624512
2026-01-03 18:30:00,real_time_price,328.01,peak,374.71356439590454
2026-01-03 18:45:00,real_time_price,332.94,peak,393.18655586242676
2026-01-03 19:00:00,real_time_price,343.94,flat,316.90511560440063
2026-01-03 19:15:00,real_time_price,319.86,flat,372.7700819969177
2026-01-03 19:30:00,real_time_price,368.3,flat,351.2594780921936
2026-01-03 19:45:00,real_time_price,401.93,flat,380.88508200645447
2026-01-03 20:00:00,real_time_price,361.3,flat,381.6767179965973
2026-01-03 20:15:00,real_time_price,359.74,flat,342.0723705291748
2026-01-03 20:30:00,real_time_price,340.68,flat,355.7679133415222
2026-01-03 20:45:00,real_time_price,419.53,flat,341.53127670288086
2026-01-03 21:00:00,real_time_price,428.78,flat,421.3305034637451
2026-01-03 21:15:00,real_time_price,371.13,flat,399.9892499446869
2026-01-03 21:30:00,real_time_price,359.9,flat,373.2556719779968
2026-01-03 21:45:00,real_time_price,327.72,flat,337.66138100624084
2026-01-03 22:00:00,real_time_price,311.02,flat,326.8601415157318
2026-01-03 22:15:00,real_time_price,315.94,flat,329.66785049438477
2026-01-03 22:30:00,real_time_price,278.21,flat,326.0810662508011
2026-01-03 22:45:00,real_time_price,65.24,flat,290.22988080978394
2026-01-03 23:00:00,real_time_price,266.02,flat,238.5276072025299
2026-01-03 23:15:00,real_time_price,256.44,flat,283.1350419521332
2026-01-03 23:30:00,real_time_price,249.42,flat,260.01781833171844
2026-01-03 23:45:00,real_time_price,218.79,flat,287.97891497612
2026-01-04 00:00:00,real_time_price,249.09,valley,242.83401036262512
2026-01-04 00:15:00,real_time_price,275.92,valley,248.42489099502563
2026-01-04 00:30:00,real_time_price,358.74,valley,347.2461588382721
2026-01-04 00:45:00,real_time_price,273.83,valley,354.75010085105896
2026-01-04 01:00:00,real_time_price,267.12,valley,288.54195618629456
2026-01-04 01:15:00,real_time_price,416.85,valley,272.3737962245941
2026-01-04 01:30:00,real_time_price,395.39,valley,335.5453462600708
2026-01-04 01:45:00,real_time_price,333.2,valley,345.7852783203125
2026-01-04 02:00:00,real_time_price,307.98,valley,363.1795425415039
2026-01-04 02:15:00,real_time_price,295.09,valley,354.77641582489014
2026-01-04 02:30:00,real_time_price,281.41,valley,315.6101007461548
2026-01-04 02:45:00,real_time_price,291.69,valley,296.8534450531006
2026-01-04 03:00:00,real_time_price,281.33,valley,289.7506513595581
2026-01-04 03:15:00,real_time_price,283.56,valley,286.28719997406006
2026-01-04 03:30:00,real_time_price,277.04,valley,283.7699556350708
2026-01-04 03:45:00,real_time_price,288.05,valley,277.0485506057739
2026-01-04 04:00:00,real_time_price,288.54,valley,280.2375421524048
2026-01-04 04:15:00,real_time_price,265.45,valley,287.19148445129395
2026-01-04 04:30:00,real_time_price,303.74,valley,273.07548904418945
2026-01-04 04:45:00,real_time_price,280.07,valley,294.7698621749878
2026-01-04 05:00:00,real_time_price,280.23,valley,289.89799880981445
2026-01-04 05:15:00,real_time_price,296.02,valley,283.84337973594666
2026-01-04 05:30:00,real_time_price,276.93,valley,289.43293857574463
2026-01-04 05:45:00,real_time_price,269.8,valley,294.14006304740906
2026-01-04 06:00:00,real_time_price,269.3,valley,277.2295272350311
2026-01-04 06:15:00,real_time_price,345.48,valley,277.32730317115784
2026-01-04 06:30:00,real_time_price,333.03,valley,335.42960929870605
2026-01-04 06:45:00,real_time_price,290.47,valley,356.89102816581726
2026-01-04 07:00:00,real_time_price,318.32,valley,321.7362291812897
2026-01-04 07:15:00,real_time_price,314.17,valley,332.34463596343994
2026-01-04 07:30:00,real_time_price,462.17,valley,333.02739214897156
2026-01-04 07:45:00,real_time_price,598.79,valley,443.9689702987671
2026-01-04 08:00:00,real_time_price,351.55,flat,483.05256724357605
2026-01-04 08:15:00,real_time_price,382.4,flat,404.8661069869995
2026-01-04 08:30:00,real_time_price,352.87,flat,457.0744409561157
2026-01-04 08:45:00,real_time_price,295.47,flat,381.0796465873718
2026-01-04 09:00:00,real_time_price,359.18,flat,317.14395809173584
2026-01-04 09:15:00,real_time_price,342.11,flat,330.05259895324707
2026-01-04 09:30:00,real_time_price,303.35,flat,349.9911222457886
2026-01-04 09:45:00,real_time_price,290.39,flat,305.9542570114136
2026-01-04 10:00:00,real_time_price,248.59,peak,235.94436168670654
2026-01-04 10:15:00,real_time_price,277.16,peak,235.26469802856445
2026-01-04 10:30:00,real_time_price,271.43,peak,253.97154998779297
2026-01-04 10:45:00,real_time_price,233.86,peak,249.26805973052979
2026-01-04 11:00:00,real_time_price,272.04,peak,225.61706733703613
2026-01-04 11:15:00,real_time_price,263.44,peak,253.89437675476074
2026-01-04 11:30:00,real_time_price,240.56,peak,236.5075740814209
2026-01-04 11:45:00,real_time_price,256.31,peak,224.9900312423706
2026-01-04 12:00:00,real_time_price,253.65,flat,215.46515274047852
2026-01-04 12:15:00,real_time_price,0.03,flat,103.1010570526123
2026-01-04 12:30:00,real_time_price,5.47,flat,173.58521366119385
2026-01-04 12:45:00,real_time_price,162.98,flat,77.49731349945068
2026-01-04 13:00:00,real_time_price,104.19,flat,86.38640594482422
2026-01-04 13:15:00,real_time_price,8.05,flat,117.50564575195312
2026-01-04 13:30:00,real_time_price,158.41,flat,154.07707023620605
2026-01-04 13:45:00,real_time_price,200.79,flat,168.1546573638916
2026-01-04 14:00:00,real_time_price,236.36,peak,184.3796682357788
2026-01-04 14:15:00,real_time_price,42.36,peak,152.5889310836792
2026-01-04 14:30:00,real_time_price,62.04,peak,150.3587989807129
2026-01-04 14:45:00,real_time_price,87.46,peak,104.53510856628418
2026-01-04 15:00:00,real_time_price,240.75,peak,91.67003154754639
2026-01-04 15:15:00,real_time_price,252.94,peak,150.75857639312744
2026-01-04 15:30:00,real_time_price,241.84,peak,237.24718570709229
2026-01-04 15:45:00,real_time_price,266.44,peak,288.17005729675293
2026-01-04 16:00:00,real_time_price,274.75,peak,307.63237047195435
2026-01-04 16:15:00,real_time_price,285.46,peak,288.17142963409424
2026-01-04 16:30:00,real_time_price,292.59,peak,295.9292845726013
2026-01-04 16:45:00,real_time_price,405.86,peak,326.78965520858765
2026-01-04 17:00:00,real_time_price,304.6,peak,375.59117889404297
2026-01-04 17:15:00,real_time_price,302.53,peak,362.0138998031616
2026-01-04 17:30:00,real_time_price,792.24,peak,323.7718906402588
2026-01-04 17:45:00,real_time_price,405.58,peak,436.1703577041626
2026-01-04 18:00:00,real_time_price,425.33,peak,396.8674249649048
2026-01-04 18:15:00,real_time_price,414.5,peak,397.74255657196045
2026-01-04 18:30:00,real_time_price,411.4,peak,453.8812847137451
2026-01-04 18:45:00,real_time_price,322.59,peak,467.97038745880127
2026-01-04 19:00:00,real_time_price,406.54,flat,425.08638286590576
2026-01-04 19:15:00,real_time_price,372.61,flat,381.4191961288452
2026-01-04 19:30:00,real_time_price,498.1,flat,406.24177646636963
2026-01-04 19:45:00,real_time_price,432.05,flat,454.03559398651123
2026-01-04 20:00:00,real_time_price,394.42,flat,442.0175971984863
2026-01-04 20:15:00,real_time_price,409.2,flat,377.6771926879883
2026-01-04 20:30:00,real_time_price,405.38,flat,433.56053495407104
2026-01-04 20:45:00,real_time_price,353.68,flat,467.4074983596802
2026-01-04 21:00:00,real_time_price,374.45,flat,438.5273666381836
2026-01-04 21:15:00,real_time_price,367.98,flat,382.8665781021118
2026-01-04 21:30:00,real_time_price,434.45,flat,391.74028968811035
2026-01-04 21:45:00,real_time_price,437.38,flat,393.8674306869507
2026-01-04 22:00:00,real_time_price,322.62,flat,411.2921190261841
2026-01-04 22:15:00,real_time_price,330.55,flat,362.4436297416687
2026-01-04 22:30:00,real_time_price,298.97,flat,322.415602684021
2026-01-04 22:45:00,real_time_price,328.02,flat,310.83125495910645
2026-01-04 23:00:00,real_time_price,308.58,flat,304.43745136260986
2026-01-04 23:15:00,real_time_price,310.43,flat,290.1067123413086
2026-01-04 23:30:00,real_time_price,312.54,flat,288.1381392478943
2026-01-04 23:45:00,real_time_price,307.15,flat,302.7537450790405
2026-01-05 00:00:00,real_time_price,282.91,valley,290.8420715332031
2026-01-05 00:15:00,real_time_price,293.94,valley,274.68139600753784
2026-01-05 00:30:00,real_time_price,1000.39,valley,377.25402641296387
2026-01-05 00:45:00,real_time_price,337.69,valley,572.5823910236359
2026-01-05 01:00:00,real_time_price,320.34,valley,328.3220229148865
2026-01-05 01:15:00,real_time_price,310.28,valley,371.432230591774
2026-01-05 01:30:00,real_time_price,307.09,valley,389.86883330345154
2026-01-05 01:45:00,real_time_price,296.03,valley,312.6144654750824
2026-01-05 02:00:00,real_time_price,291.46,valley,314.919420003891
2026-01-05 02:15:00,real_time_price,285.42,valley,308.545068025589
2026-01-05 02:30:00,real_time_price,280.19,valley,312.5784604549408
2026-01-05 02:45:00,real_time_price,285.33,valley,283.01704812049866
2026-01-05 03:00:00,real_time_price,278.07,valley,278.1832754611969
2026-01-05 03:15:00,real_time_price,278.27,valley,282.12385869026184
2026-01-05 03:30:00,real_time_price,279.0,valley,277.69632720947266
2026-01-05 03:45:00,real_time_price,275.1,valley,276.1986734867096
2026-01-05 04:00:00,real_time_price,275.93,valley,273.6542274951935
2026-01-05 04:15:00,real_time_price,276.12,valley,272.29334712028503
2026-01-05 04:30:00,real_time_price,275.18,valley,273.8560507297516
2026-01-05 04:45:00,real_time_price,275.39,valley,268.4385607242584
2026-01-05 05:00:00,real_time_price,276.1,valley,268.48633790016174
2026-01-05 05:15:00,real_time_price,272.03,valley,271.69198536872864
2026-01-05 05:30:00,real_time_price,270.51,valley,273.5053117275238
2026-01-05 05:45:00,real_time_price,271.24,valley,273.37263083457947
2026-01-05 06:00:00,real_time_price,272.89,valley,284.24807691574097
2026-01-05 06:15:00,real_time_price,275.04,valley,284.6627552509308
2026-01-05 06:30:00,real_time_price,288.37,valley,290.01424622535706
2026-01-05 06:45:00,real_time_price,297.92,valley,310.01104044914246
2026-01-05 07:00:00,real_time_price,278.33,valley,326.19352984428406
2026-01-05 07:15:00,real_time_price,296.51,valley,312.9137489795685
2026-01-05 07:30:00,real_time_price,305.31,valley,302.3114640712738
2026-01-05 07:45:00,real_time_price,303.1,valley,313.0311658382416
2026-01-05 08:00:00,real_time_price,325.84,flat,320.69903779029846
2026-01-05 08:15:00,real_time_price,426.75,flat,342.65887665748596
2026-01-05 08:30:00,real_time_price,314.82,flat,433.6468605995178
2026-01-05 08:45:00,real_time_price,371.56,flat,344.34968423843384
2026-01-05 09:00:00,real_time_price,412.26,flat,365.0367269515991
2026-01-05 09:15:00,real_time_price,366.13,flat,390.18938970565796
2026-01-05 09:30:00,real_time_price,355.73,flat,365.61737728118896
2026-01-05 09:45:00,real_time_price,360.66,flat,352.0879912376404
2026-01-05 10:00:00,real_time_price,316.92,peak,345.7589101791382
2026-01-05 10:15:00,real_time_price,288.79,peak,299.51727199554443
2026-01-05 10:30:00,real_time_price,292.06,peak,277.20410442352295
2026-01-05 10:45:00,real_time_price,288.64,peak,283.1280565261841
2026-01-05 11:00:00,real_time_price,288.59,peak,294.53050994873047
2026-01-05 11:15:00,real_time_price,296.2,peak,298.10497665405273
2026-01-05 11:30:00,real_time_price,280.23,peak,288.5674133300781
2026-01-05 11:45:00,real_time_price,311.46,peak,272.17286586761475
2026-01-05 12:00:00,real_time_price,136.4,flat,274.25862407684326
2026-01-05 12:15:00,real_time_price,268.53,flat,61.48573684692383
2026-01-05 12:30:00,real_time_price,283.8,flat,204.87779140472412
2026-01-05 12:45:00,real_time_price,188.07,flat,269.83725452423096
2026-01-05 13:00:00,real_time_price,273.5,flat,169.98704528808594
2026-01-05 13:15:00,real_time_price,209.44,flat,220.0919189453125
2026-01-05 13:30:00,real_time_price,161.14,flat,245.73802185058594
2026-01-05 13:45:00,real_time_price,281.76,flat,212.89287281036377
2026-01-05 14:00:00,real_time_price,292.52,peak,318.0716791152954
2026-01-05 14:15:00,real_time_price,113.93,peak,262.3535852432251
2026-01-05 14:30:00,real_time_price,190.3,peak,199.3752202987671
2026-01-05 14:45:00,real_time_price,283.4,peak,210.18357181549072
2026-01-05 15:00:00,real_time_price,283.48,peak,264.06277561187744
2026-01-05 15:15:00,real_time_price,281.16,peak,273.50854206085205
2026-01-05 15:30:00,real_time_price,289.36,peak,273.5879225730896
2026-01-05 15:45:00,real_time_price,284.64,peak,295.7789659500122
2026-01-05 16:00:00,real_time_price,287.31,peak,303.48463344573975
2026-01-05 16:15:00,real_time_price,295.06,peak,298.10027980804443
2026-01-05 16:30:00,real_time_price,312.59,peak,307.5984191894531
2026-01-05 16:45:00,real_time_price,342.31,peak,320.1084232330322
2026-01-05 17:00:00,real_time_price,323.03,peak,354.37800216674805
2026-01-05 17:15:00,real_time_price,401.17,peak,341.1547727584839
2026-01-05 17:30:00,real_time_price,375.96,peak,409.5295886993408
2026-01-05 17:45:00,real_time_price,310.33,peak,361.3144292831421
2026-01-05 18:00:00,real_time_price,401.05,peak,333.36089611053467
2026-01-05 18:15:00,real_time_price,398.22,peak,414.4952383041382
2026-01-05 18:30:00,real_time_price,316.87,peak,433.04722118377686
2026-01-05 18:45:00,real_time_price,408.39,peak,354.8979549407959
2026-01-05 19:00:00,real_time_price,310.34,flat,388.4469623565674
2026-01-05 19:15:00,real_time_price,373.01,flat,320.3641872406006
2026-01-05 19:30:00,real_time_price,359.43,flat,400.4263525009155
2026-01-05 19:45:00,real_time_price,320.45,flat,368.74705028533936
2026-01-05 20:00:00,real_time_price,401.65,flat,328.5088777542114
2026-01-05 20:15:00,real_time_price,386.19,flat,377.85559368133545
2026-01-05 20:30:00,real_time_price,320.91,flat,401.9902973175049
2026-01-05 20:45:00,real_time_price,323.54,flat,353.12816619873047
2026-01-05 21:00:00,real_time_price,319.84,flat,336.03132724761963
2026-01-05 21:15:00,real_time_price,310.42,flat,320.8682813644409
2026-01-05 21:30:00,real_time_price,310.41,flat,310.0704116821289
2026-01-05 21:45:00,real_time_price,311.26,flat,297.8831958770752
2026-01-05 22:00:00,real_time_price,314.94,flat,306.7672634124756
2026-01-05 22:15:00,real_time_price,320.51,flat,311.0780305862427
2026-01-05 22:30:00,real_time_price,296.5,flat,307.4557247161865
2026-01-05 22:45:00,real_time_price,313.79,flat,267.09587478637695
2026-01-05 23:00:00,real_time_price,290.05,flat,294.82013034820557
2026-01-05 23:15:00,real_time_price,280.3,flat,281.0040035247803
2026-01-05 23:30:00,real_time_price,277.09,flat,274.02560901641846
2026-01-05 23:45:00,real_time_price,281.49,flat,273.1679382324219
2026-01-06 00:00:00,real_time_price,274.99,valley,272.0860652923584
2026-01-06 00:15:00,real_time_price,281.91,valley,271.5385150909424
2026-01-06 00:30:00,real_time_price,252.05,valley,350.96194648742676
2026-01-06 00:45:00,real_time_price,287.58,valley,288.79534816741943
2026-01-06 01:00:00,real_time_price,257.61,valley,262.7233781814575
2026-01-06 01:15:00,real_time_price,307.38,valley,278.3948178291321
2026-01-06 01:30:00,real_time_price,287.48,valley,291.13656997680664
2026-01-06 01:45:00,real_time_price,279.15,valley,283.91472458839417
2026-01-06 02:00:00,real_time_price,284.77,valley,279.3140995502472
2026-01-06 02:15:00,real_time_price,271.3,valley,281.29221653938293
2026-01-06 02:30:00,real_time_price,268.95,valley,274.89399933815
2026-01-06 02:45:00,real_time_price,270.09,valley,269.4557240009308
2026-01-06 03:00:00,real_time_price,251.94,valley,267.67719531059265
2026-01-06 03:15:00,real_time_price,265.69,valley,255.1026222705841
2026-01-06 03:30:00,real_time_price,259.05,valley,257.84632563591003
2026-01-06 03:45:00,real_time_price,244.75,valley,259.3806788921356
2026-01-06 04:00:00,real_time_price,255.55,valley,248.87944769859314
2026-01-06 04:15:00,real_time_price,258.63,valley,250.8415286540985
2026-01-06 04:30:00,real_time_price,244.94,valley,255.1514356136322
2026-01-06 04:45:00,real_time_price,219.94,valley,248.24649167060852
2026-01-06 05:00:00,real_time_price,247.94,valley,246.43200850486755
2026-01-06 05:15:00,real_time_price,166.32,valley,239.36112570762634
2026-01-06 05:30:00,real_time_price,247.94,valley,215.9464213848114
2026-01-06 05:45:00,real_time_price,250.05,valley,233.6194999217987
2026-01-06 06:00:00,real_time_price,253.13,valley,254.44208359718323
2026-01-06 06:15:00,real_time_price,260.04,valley,257.7062156200409
2026-01-06 06:30:00,real_time_price,270.87,valley,278.2804057598114
2026-01-06 06:45:00,real_time_price,273.54,valley,278.902948141098
2026-01-06 07:00:00,real_time_price,272.59,valley,275.50444054603577
2026-01-06 07:15:00,real_time_price,278.79,valley,272.59796047210693
2026-01-06 07:30:00,real_time_price,279.18,valley,317.3793876171112
2026-01-06 07:45:00,real_time_price,294.72,valley,313.4264678955078
2026-01-06 08:00:00,real_time_price,300.43,flat,300.1127688884735
2026-01-06 08:15:00,real_time_price,366.49,flat,312.094717502594
2026-01-06 08:30:00,real_time_price,271.11,flat,368.5632276535034
2026-01-06 08:45:00,real_time_price,277.41,flat,302.88919019699097
2026-01-06 09:00:00,real_time_price,288.82,flat,294.0282416343689
2026-01-06 09:15:00,real_time_price,272.51,flat,277.07518005371094
2026-01-06 09:30:00,real_time_price,300.48,flat,274.6755201816559
2026-01-06 09:45:00,real_time_price,287.65,flat,282.0643239021301
2026-01-06 10:00:00,real_time_price,297.94,peak,267.7434968948364
2026-01-06 10:15:00,real_time_price,246.95,peak,279.8437581062317
2026-01-06 10:30:00,real_time_price,273.29,peak,258.75103282928467
2026-01-06 10:45:00,real_time_price,263.48,peak,271.6902770996094
2026-01-06 11:00:00,real_time_price,279.0,peak,263.0975532531738
2026-01-06 11:15:00,real_time_price,294.45,peak,282.4627799987793
2026-01-06 11:30:00,real_time_price,283.0,peak,289.96985149383545
2026-01-06 11:45:00,real_time_price,284.85,peak,263.2061882019043
2026-01-06 12:00:00,real_time_price,283.97,flat,268.6953868865967
2026-01-06 12:15:00,real_time_price,262.41,flat,218.6576051712036
2026-01-06 12:30:00,real_time_price,282.17,flat,252.1548023223877
2026-01-06 12:45:00,real_time_price,263.65,flat,276.8898162841797
2026-01-06 13:00:00,real_time_price,143.75,flat,261.25882053375244
2026-01-06 13:15:00,real_time_price,217.93,flat,203.35786819458008
2026-01-06 13:30:00,real_time_price,301.12,flat,227.15368747711182
2026-01-06 13:45:00,real_time_price,290.83,flat,290.9069700241089
2026-01-06 14:00:00,real_time_price,291.51,peak,308.1008195877075
2026-01-06 14:15:00,real_time_price,297.66,peak,266.21922492980957
2026-01-06 14:30:00,real_time_price,302.68,peak,258.74317932128906
2026-01-06 14:45:00,real_time_price,262.39,peak,273.9036674499512
2026-01-06 15:00:00,real_time_price,265.33,peak,273.60051918029785
2026-01-06 15:15:00,real_time_price,347.74,peak,260.72941398620605
2026-01-06 15:30:00,real_time_price,298.43,peak,299.3023223876953
2026-01-06 15:45:00,real_time_price,321.92,peak,297.84690284729004
2026-01-06 16:00:00,real_time_price,283.33,peak,310.3311905860901
2026-01-06 16:15:00,real_time_price,295.35,peak,291.26414680480957
2026-01-06 16:30:00,real_time_price,280.83,peak,299.2981095314026
2026-01-06 16:45:00,real_time_price,287.4,peak,300.22443199157715
2026-01-06 17:00:00,real_time_price,300.91,peak,289.65204906463623
2026-01-06 17:15:00,real_time_price,300.7,peak,303.2688322067261
2026-01-06 17:30:00,real_time_price,321.6,peak,310.0509247779846
2026-01-06 17:45:00,real_time_price,316.28,peak,309.2287874221802
2026-01-06 18:00:00,real_time_price,344.48,peak,318.1071300506592
2026-01-06 18:15:00,real_time_price,342.16,peak,348.96446895599365
2026-01-06 18:30:00,real_time_price,370.18,peak,359.72560691833496
2026-01-06 18:45:00,real_time_price,365.14,peak,376.24535274505615
2026-01-06 19:00:00,real_time_price,370.42,flat,363.11258125305176
2026-01-06 19:15:00,real_time_price,348.96,flat,364.35033226013184
2026-01-06 19:30:00,real_time_price,355.41,flat,403.29265117645264
2026-01-06 19:45:00,real_time_price,375.37,flat,391.4368953704834
2026-01-06 20:00:00,real_time_price,375.09,flat,355.4553623199463
2026-01-06 20:15:00,real_time_price,375.14,flat,350.1557207107544
2026-01-06 20:30:00,real_time_price,424.02,flat,372.66680812835693
2026-01-06 20:45:00,real_time_price,378.61,flat,390.8707218170166
2026-01-06 21:00:00,real_time_price,438.92,flat,374.9521703720093
2026-01-06 21:15:00,real_time_price,381.03,flat,399.31874895095825
2026-01-06 21:30:00,real_time_price,432.65,flat,411.94356298446655
2026-01-06 21:45:00,real_time_price,461.21,flat,409.00522899627686
2026-01-06 22:00:00,real_time_price,446.5,flat,409.61816692352295
2026-01-06 22:15:00,real_time_price,357.28,flat,402.2112445831299
2026-01-06 22:30:00,real_time_price,307.91,flat,361.98128938674927
2026-01-06 22:45:00,real_time_price,303.02,flat,318.179860830307
2026-01-06 23:00:00,real_time_price,298.26,flat,297.3511664867401
2026-01-06 23:15:00,real_time_price,284.89,flat,279.2774224281311
2026-01-06 23:30:00,real_time_price,282.75,flat,275.357506275177
2026-01-06 23:45:00,real_time_price,273.34,flat,275.5867578983307
2026-01-07 00:00:00,real_time_price,270.13,valley,277.646684885025
2026-01-07 00:15:00,real_time_price,265.1,valley,275.48456287384033
2026-01-07 00:30:00,real_time_price,289.24,valley,431.8318796157837
2026-01-07 00:45:00,real_time_price,286.61,valley,304.5469946861267
2026-01-07 01:00:00,real_time_price,278.68,valley,277.15535736083984
2026-01-07 01:15:00,real_time_price,277.93,valley,282.602525472641
2026-01-07 01:30:00,real_time_price,278.95,valley,276.55765986442566
2026-01-07 01:45:00,real_time_price,277.88,valley,280.7313029766083
2026-01-07 02:00:00,real_time_price,277.73,valley,279.29198956489563
2026-01-07 02:15:00,real_time_price,262.86,valley,280.22341227531433
2026-01-07 02:30:00,real_time_price,269.84,valley,269.51832938194275
2026-01-07 02:45:00,real_time_price,265.5,valley,267.12716841697693
2026-01-07 03:00:00,real_time_price,265.5,valley,262.4536061286926
2026-01-07 03:15:00,real_time_price,254.11,valley,262.21249628067017
2026-01-07 03:30:00,real_time_price,259.26,valley,252.76943492889404
2026-01-07 03:45:00,real_time_price,257.0,valley,253.68820071220398
2026-01-07 04:00:00,real_time_price,262.71,valley,253.3175323009491
2026-01-07 04:15:00,real_time_price,260.63,valley,257.6143968105316
2026-01-07 04:30:00,real_time_price,254.0,valley,258.48353457450867
2026-01-07 04:45:00,real_time_price,254.0,valley,249.8111126422882
2026-01-07 05:00:00,real_time_price,252.0,valley,254.1998336315155
2026-01-07 05:15:00,real_time_price,252.0,valley,248.1060712337494
2026-01-07 05:30:00,real_time_price,252.0,valley,254.55378031730652
2026-01-07 05:45:00,real_time_price,258.54,valley,255.6959273815155
2026-01-07 06:00:00,real_time_price,254.0,valley,258.62054800987244
2026-01-07 06:15:00,real_time_price,269.61,valley,258.63145565986633
2026-01-07 06:30:00,real_time_price,270.0,valley,273.60213112831116
2026-01-07 06:45:00,real_time_price,273.34,valley,275.4656517505646
2026-01-07 07:00:00,real_time_price,277.52,valley,275.2392418384552
2026-01-07 07:15:00,real_time_price,278.96,valley,275.03678154945374
2026-01-07 07:30:00,real_time_price,285.54,valley,275.0964353084564
2026-01-07 07:45:00,real_time_price,290.64,valley,279.04400658607483
2026-01-07 08:00:00,real_time_price,290.68,flat,291.2541563510895
2026-01-07 08:15:00,real_time_price,296.92,flat,307.0812611579895
2026-01-07 08:30:00,real_time_price,278.78,flat,305.60720229148865
2026-01-07 08:45:00,real_time_price,311.0,flat,283.2983045578003
2026-01-07 09:00:00,real_time_price,274.59,flat,296.79296112060547
2026-01-07 09:15:00,real_time_price,280.73,flat,268.4310722351074
2026-01-07 09:30:00,real_time_price,281.46,flat,274.14495849609375
2026-01-07 09:45:00,real_time_price,316.86,flat,270.2572259902954
2026-01-07 10:00:00,real_time_price,285.75,peak,288.8641767501831
2026-01-07 10:15:00,real_time_price,316.9,peak,277.8228178024292
2026-01-07 10:30:00,real_time_price,187.65,peak,282.4939670562744
2026-01-07 10:45:00,real_time_price,285.66,peak,266.078652381897
2026-01-07 11:00:00,real_time_price,288.19,peak,282.4613618850708
2026-01-07 11:15:00,real_time_price,188.06,peak,286.97892570495605
2026-01-07 11:30:00,real_time_price,759.39,peak,223.95781707763672
2026-01-07 11:45:00,real_time_price,469.89,peak,494.97597789764404
2026-01-07 12:00:00,real_time_price,93.71,flat,431.0805425643921
2026-01-07 12:15:00,real_time_price,27.26,flat,160.22406768798828
2026-01-07 12:30:00,real_time_price,151.2,flat,268.64080238342285
2026-01-07 12:45:00,real_time_price,77.5,flat,163.19694423675537
2026-01-07 13:00:00,real_time_price,38.82,flat,79.699782371521
2026-01-07 13:15:00,real_time_price,-9.43,flat,74.60863208770752
2026-01-07 13:30:00,real_time_price,118.95,flat,51.429694175720215
2026-01-07 13:45:00,real_time_price,321.13,flat,103.92517375946045
2026-01-07 14:00:00,real_time_price,278.96,peak,287.04997158050537
2026-01-07 14:15:00,real_time_price,305.49,peak,208.45045948028564
2026-01-07 14:30:00,real_time_price,317.86,peak,270.7769536972046
2026-01-07 14:45:00,real_time_price,293.61,peak,291.2222032546997
2026-01-07 15:00:00,real_time_price,316.52,peak,286.22767066955566
2026-01-07 15:15:00,real_time_price,646.3,peak,284.086124420166
2026-01-07 15:30:00,real_time_price,320.79,peak,419.27056884765625
2026-01-07 15:45:00,real_time_price,312.53,peak,304.8058304786682
2026-01-07 16:00:00,real_time_price,397.67,peak,310.6066722869873
2026-01-07 16:15:00,real_time_price,335.41,peak,332.78605365753174
2026-01-07 16:30:00,real_time_price,426.15,peak,381.0911831855774
2026-01-07 16:45:00,real_time_price,482.62,peak,367.581748008728
2026-01-07 17:00:00,real_time_price,554.05,peak,509.64380741119385
2026-01-07 17:15:00,real_time_price,327.96,peak,570.433292388916
2026-01-07 17:30:00,real_time_price,601.67,peak,360.238534450531
2026-01-07 17:45:00,real_time_price,560.21,peak,504.231791973114
2026-01-07 18:00:00,real_time_price,654.97,peak,501.96416091918945
2026-01-07 18:15:00,real_time_price,859.32,peak,516.0888633728027
2026-01-07 18:30:00,real_time_price,830.51,peak,661.0639925003052
2026-01-07 18:45:00,real_time_price,908.45,peak,594.5956344604492
2026-01-07 19:00:00,real_time_price,823.71,flat,953.6760215759277
2026-01-07 19:15:00,real_time_price,839.95,flat,716.035228729248
2026-01-07 19:30:00,real_time_price,1304.99,flat,833.0952081680298
2026-01-07 19:45:00,real_time_price,1115.8,flat,911.3307609558105
2026-01-07 20:00:00,real_time_price,847.85,flat,879.2907838821411
2026-01-07 20:15:00,real_time_price,615.88,flat,720.9436941146851
2026-01-07 20:30:00,real_time_price,851.97,flat,749.7241582870483
2026-01-07 20:45:00,real_time_price,649.59,flat,871.9569959640503
2026-01-07 21:00:00,real_time_price,1170.66,flat,776.4461727142334
2026-01-07 21:15:00,real_time_price,765.54,flat,983.255166053772
2026-01-07 21:30:00,real_time_price,588.07,flat,802.0289211273193
2026-01-07 21:45:00,real_time_price,663.1,flat,579.0743837356567
2026-01-07 22:00:00,real_time_price,786.81,flat,645.8869686126709
2026-01-07 22:15:00,real_time_price,520.67,flat,658.9807090759277
2026-01-07 22:30:00,real_time_price,506.06,flat,477.15978813171387
2026-01-07 22:45:00,real_time_price,475.53,flat,426.2354464530945
2026-01-07 23:00:00,real_time_price,358.87,flat,402.0781764984131
2026-01-07 23:15:00,real_time_price,311.11,flat,331.60129261016846
2026-01-07 23:30:00,real_time_price,310.05,flat,313.4218940734863
2026-01-07 23:45:00,real_time_price,320.7,flat,294.7806730270386
2026-01-08 00:00:00,real_time_price,295.93,valley,289.1151542663574
2026-01-08 00:15:00,real_time_price,289.75,valley,279.65129351615906
2026-01-08 00:30:00,real_time_price,324.91,valley,348.1966872215271
2026-01-08 00:45:00,real_time_price,354.03,valley,310.43928933143616
2026-01-08 01:00:00,real_time_price,357.5,valley,328.0316512584686
2026-01-08 01:15:00,real_time_price,352.26,valley,330.7606432437897
2026-01-08 01:30:00,real_time_price,303.67,valley,336.4163637161255
2026-01-08 01:45:00,real_time_price,301.29,valley,309.68541622161865
2026-01-08 02:00:00,real_time_price,310.04,valley,295.5661687850952
2026-01-08 02:15:00,real_time_price,306.38,valley,306.78314304351807
2026-01-08 02:30:00,real_time_price,269.46,valley,301.98536014556885
2026-01-08 02:45:00,real_time_price,278.8,valley,284.4260895252228
2026-01-08 03:00:00,real_time_price,280.92,valley,273.9740467071533
2026-01-08 03:15:00,real_time_price,275.01,valley,276.03770637512207
2026-01-08 03:30:00,real_time_price,272.0,valley,268.90621733665466
2026-01-08 03:45:00,real_time_price,267.96,valley,268.75224781036377
2026-01-08 04:00:00,real_time_price,273.13,valley,265.39459800720215
2026-01-08 04:15:00,real_time_price,270.91,valley,267.93256878852844
2026-01-08 04:30:00,real_time_price,266.17,valley,269.1550941467285
2026-01-08 04:45:00,real_time_price,270.68,valley,262.7789840698242
2026-01-08 05:00:00,real_time_price,270.22,valley,265.5301821231842
2026-01-08 05:15:00,real_time_price,267.77,valley,266.16372895240784
2026-01-08 05:30:00,real_time_price,263.88,valley,268.63652992248535
2026-01-08 05:45:00,real_time_price,279.53,valley,266.0692594051361
2026-01-08 06:00:00,real_time_price,261.39,valley,277.27312541007996
2026-01-08 06:15:00,real_time_price,264.7,valley,267.5453176498413
2026-01-08 06:30:00,real_time_price,269.22,valley,265.00546288490295
2026-01-08 06:45:00,real_time_price,170.28,valley,267.53387093544006
2026-01-08 07:00:00,real_time_price,260.11,valley,204.9471299648285
2026-01-08 07:15:00,real_time_price,264.31,valley,238.8757266998291
2026-01-08 07:30:00,real_time_price,280.91,valley,217.10034108161926
2026-01-08 07:45:00,real_time_price,279.97,valley,242.98755645751953
2026-01-08 08:00:00,real_time_price,278.22,flat,267.20113730430603
2026-01-08 08:15:00,real_time_price,272.42,flat,298.6330244541168
2026-01-08 08:30:00,real_time_price,267.64,flat,296.1569890975952
2026-01-08 08:45:00,real_time_price,262.4,flat,275.07880210876465
2026-01-08 09:00:00,real_time_price,262.24,flat,249.89574766159058
2026-01-08 09:15:00,real_time_price,271.69,flat,253.73803520202637
2026-01-08 09:30:00,real_time_price,267.27,flat,258.01484847068787
2026-01-08 09:45:00,real_time_price,318.13,flat,260.2764217853546
2026-01-08 10:00:00,real_time_price,284.56,peak,305.5665946006775
2026-01-08 10:15:00,real_time_price,279.65,peak,289.21803283691406
2026-01-08 10:30:00,real_time_price,283.68,peak,271.1987581253052
2026-01-08 10:45:00,real_time_price,264.23,peak,278.65439319610596
2026-01-08 11:00:00,real_time_price,283.99,peak,274.3145942687988
2026-01-08 11:15:00,real_time_price,312.58,peak,294.8399090766907
2026-01-08 11:30:00,real_time_price,395.28,peak,285.0600447654724
2026-01-08 11:45:00,real_time_price,326.93,peak,427.02673387527466
2026-01-08 12:00:00,real_time_price,265.73,flat,216.23838138580322
2026-01-08 12:15:00,real_time_price,89.3,flat,158.6968297958374
2026-01-08 12:30:00,real_time_price,270.43,flat,213.9070701599121
2026-01-08 12:45:00,real_time_price,90.42,flat,251.48309326171875
2026-01-08 13:00:00,real_time_price,180.37,flat,128.8375539779663
2026-01-08 13:15:00,real_time_price,281.7,flat,147.5549602508545
2026-01-08 13:30:00,real_time_price,189.74,flat,240.37935590744019
2026-01-08 13:45:00,real_time_price,277.68,flat,242.83455085754395
2026-01-08 14:00:00,real_time_price,286.81,peak,280.21431064605713
2026-01-08 14:15:00,real_time_price,289.52,peak,282.5970335006714
2026-01-08 14:30:00,real_time_price,258.2,peak,281.5791139602661
2026-01-08 14:45:00,real_time_price,279.97,peak,260.9608955383301
2026-01-08 15:00:00,real_time_price,261.32,peak,281.2000036239624
2026-01-08 15:15:00,real_time_price,525.13,peak,247.96783018112183
2026-01-08 15:30:00,real_time_price,296.59,peak,340.1950340270996
2026-01-08 15:45:00,real_time_price,287.04,peak,311.8090944290161
2026-01-08 16:00:00,real_time_price,294.88,peak,309.1682960987091
2026-01-08 16:15:00,real_time_price,268.27,peak,292.30191230773926
2026-01-08 16:30:00,real_time_price,255.08,peak,276.6700551509857
2026-01-08 16:45:00,real_time_price,282.15,peak,283.43069767951965
2026-01-08 17:00:00,real_time_price,352.31,peak,283.7675304412842
2026-01-08 17:15:00,real_time_price,373.59,peak,334.4934296607971
2026-01-08 17:30:00,real_time_price,404.32,peak,410.05309438705444
2026-01-08 17:45:00,real_time_price,405.06,peak,385.07920122146606
2026-01-08 18:00:00,real_time_price,1090.41,peak,395.6144313812256
2026-01-08 18:15:00,real_time_price,755.96,peak,531.1009407043457
2026-01-08 18:30:00,real_time_price,1325.85,peak,624.7371025085449
2026-01-08 18:45:00,real_time_price,1556.81,peak,717.7537670135498
2026-01-08 19:00:00,real_time_price,1800.0,flat,1088.1805143356323
2026-01-08 19:15:00,real_time_price,833.83,flat,913.0033388137817
2026-01-08 19:30:00,real_time_price,1794.39,flat,977.8317580223083
2026-01-08 19:45:00,real_time_price,1651.79,flat,1081.7426166534424
2026-01-08 20:00:00,real_time_price,1091.86,flat,1026.9490976333618
2026-01-08 20:15:00,real_time_price,1241.18,flat,907.7039384841919
2026-01-08 20:30:00,real_time_price,1274.94,flat,1080.6789150238037
2026-01-08 20:45:00,real_time_price,663.42,flat,1108.743405342102
2026-01-08 21:00:00,real_time_price,1357.85,flat,741.4076929092407
2026-01-08 21:15:00,real_time_price,665.09,flat,1032.6928262710571
2026-01-08 21:30:00,real_time_price,1098.88,flat,738.8229966163635
2026-01-08 21:45:00,real_time_price,1410.41,flat,931.1992659568787
2026-01-08 22:00:00,real_time_price,642.13,flat,1019.4384651184082
2026-01-08 22:15:00,real_time_price,330.57,flat,673.4092626571655
2026-01-08 22:30:00,real_time_price,326.89,flat,459.7931432723999
2026-01-08 22:45:00,real_time_price,295.19,flat,424.76616764068604
2026-01-08 23:00:00,real_time_price,301.65,flat,340.94303369522095
2026-01-08 23:15:00,real_time_price,296.72,flat,332.73706245422363
2026-01-08 23:30:00,real_time_price,289.67,flat,331.8322072029114
2026-01-08 23:45:00,real_time_price,270.23,flat,341.6709551811218
2026-01-09 00:00:00,real_time_price,232.57,valley,260.05911445617676
2026-01-09 00:15:00,real_time_price,285.93,valley,185.14560174942017
2026-01-09 00:30:00,real_time_price,249.33,valley,343.0019965171814
2026-01-09 00:45:00,real_time_price,271.22,valley,245.7439467906952
2026-01-09 01:00:00,real_time_price,273.61,valley,244.40496730804443
2026-01-09 01:15:00,real_time_price,277.54,valley,257.06383657455444
2026-01-09 01:30:00,real_time_price,293.68,valley,268.90191292762756
2026-01-09 01:45:00,real_time_price,276.73,valley,276.9900710582733
2026-01-09 02:00:00,real_time_price,264.73,valley,278.38032698631287
2026-01-09 02:15:00,real_time_price,270.0,valley,269.2029116153717
2026-01-09 02:30:00,real_time_price,272.01,valley,273.95309805870056
2026-01-09 02:45:00,real_time_price,265.91,valley,267.0885558128357
2026-01-09 03:00:00,real_time_price,265.67,valley,281.01184129714966
2026-01-09 03:15:00,real_time_price,263.24,valley,294.236202955246
2026-01-09 03:30:00,real_time_price,261.15,valley,288.4701473712921
2026-01-09 03:45:00,real_time_price,257.98,valley,289.1043436527252
2026-01-09 04:00:00,real_time_price,257.9,valley,276.9892656803131
2026-01-09 04:15:00,real_time_price,266.68,valley,278.4492943286896
2026-01-09 04:30:00,real_time_price,258.48,valley,293.4500000476837
2026-01-09 04:45:00,real_time_price,259.17,valley,290.502813577652
2026-01-09 05:00:00,real_time_price,94.63,valley,284.09186911582947
2026-01-09 05:15:00,real_time_price,230.11,valley,208.2203028202057
2026-01-09 05:30:00,real_time_price,252.65,valley,273.87444853782654
2026-01-09 05:45:00,real_time_price,245.96,valley,266.0457217693329
2026-01-09 06:00:00,real_time_price,249.56,valley,281.0804851055145
2026-01-09 06:15:00,real_time_price,266.96,valley,270.7097899913788
2026-01-09 06:30:00,real_time_price,270.65,valley,274.2039563655853
2026-01-09 06:45:00,real_time_price,261.94,valley,279.54964423179626
2026-01-09 07:00:00,real_time_price,274.98,valley,291.4948961734772
2026-01-09 07:15:00,real_time_price,268.49,valley,277.4026005268097
2026-01-09 07:30:00,real_time_price,265.24,valley,256.83035492897034
2026-01-09 07:45:00,real_time_price,265.11,valley,283.57869815826416
2026-01-09 08:00:00,real_time_price,265.67,flat,283.34170031547546
2026-01-09 08:15:00,real_time_price,261.92,flat,297.62367510795593
2026-01-09 08:30:00,real_time_price,252.13,flat,294.00374460220337
2026-01-09 08:45:00,real_time_price,260.36,flat,263.84169006347656
2026-01-09 09:00:00,real_time_price,265.42,flat,268.8431601524353
2026-01-09 09:15:00,real_time_price,276.93,flat,262.02081775665283
2026-01-09 09:30:00,real_time_price,264.32,flat,273.7398900985718
2026-01-09 09:45:00,real_time_price,271.16,flat,264.6879644393921
2026-01-09 10:00:00,real_time_price,275.4,peak,285.85457134246826
2026-01-09 10:15:00,real_time_price,269.44,peak,291.34816884994507
2026-01-09 10:30:00,real_time_price,252.0,peak,293.34861183166504
2026-01-09 10:45:00,real_time_price,270.69,peak,270.11163425445557
2026-01-09 11:00:00,real_time_price,252.0,peak,295.23930263519287
2026-01-09 11:15:00,real_time_price,277.73,peak,270.1001625061035
2026-01-09 11:30:00,real_time_price,256.74,peak,317.8071594238281
2026-01-09 11:45:00,real_time_price,270.95,peak,273.489953994751
2026-01-09 12:00:00,real_time_price,259.71,flat,219.90592002868652
2026-01-09 12:15:00,real_time_price,78.93,flat,123.91117668151855
2026-01-09 12:30:00,real_time_price,11.95,flat,159.5334882736206
2026-01-09 12:45:00,real_time_price,227.66,flat,145.01604843139648
2026-01-09 13:00:00,real_time_price,222.49,flat,143.78401279449463
2026-01-09 13:15:00,real_time_price,256.82,flat,221.80641174316406
2026-01-09 13:30:00,real_time_price,230.86,flat,252.00723838806152
2026-01-09 13:45:00,real_time_price,268.02,flat,250.5232515335083
2026-01-09 14:00:00,real_time_price,252.56,peak,305.53549671173096
2026-01-09 14:15:00,real_time_price,244.24,peak,242.54846382141113
2026-01-09 14:30:00,real_time_price,252.48,peak,232.86438083648682
2026-01-09 14:45:00,real_time_price,255.37,peak,282.81909942626953
2026-01-09 15:00:00,real_time_price,260.19,peak,267.2865562438965
2026-01-09 15:15:00,real_time_price,270.43,peak,276.9059591293335
2026-01-09 15:30:00,real_time_price,272.97,peak,279.8785562515259
2026-01-09 15:45:00,real_time_price,285.68,peak,278.1933834552765
2026-01-09 16:00:00,real_time_price,277.22,peak,293.95810294151306
2026-01-09 16:15:00,real_time_price,281.76,peak,301.46788597106934
2026-01-09 16:30:00,real_time_price,300.0,peak,308.5901050567627
2026-01-09 16:45:00,real_time_price,302.27,peak,336.2272880077362
2026-01-09 17:00:00,real_time_price,317.99,peak,335.77313351631165
2026-01-09 17:15:00,real_time_price,308.58,peak,342.82814168930054
2026-01-09 17:30:00,real_time_price,329.98,peak,317.2044222354889
2026-01-09 17:45:00,real_time_price,357.6,peak,329.6149528026581
2026-01-09 18:00:00,real_time_price,303.92,peak,360.9795799255371
2026-01-09 18:15:00,real_time_price,301.59,peak,356.4613723754883
2026-01-09 18:30:00,real_time_price,310.02,peak,309.7034854888916
2026-01-09 18:45:00,real_time_price,304.0,peak,340.3573751449585
2026-01-09 19:00:00,real_time_price,327.39,flat,363.9895706176758
2026-01-09 19:15:00,real_time_price,299.99,flat,480.28355407714844
2026-01-09 19:30:00,real_time_price,308.58,flat,381.7359552383423
2026-01-09 19:45:00,real_time_price,328.56,flat,500.0742497444153
2026-01-09 20:00:00,real_time_price,326.92,flat,355.6697769165039
2026-01-09 20:15:00,real_time_price,300.34,flat,343.1046962738037
2026-01-09 20:30:00,real_time_price,320.49,flat,362.0170907974243
2026-01-09 20:45:00,real_time_price,309.96,flat,317.7671928405762
2026-01-09 21:00:00,real_time_price,305.14,flat,357.0972023010254
2026-01-09 21:15:00,real_time_price,307.86,flat,352.6079053878784
2026-01-09 21:30:00,real_time_price,308.02,flat,316.35032987594604
2026-01-09 21:45:00,real_time_price,310.04,flat,318.1613521575928
2026-01-09 22:00:00,real_time_price,335.89,flat,369.4053931236267
2026-01-09 22:15:00,real_time_price,313.9,flat,314.6940975189209
2026-01-09 22:30:00,real_time_price,341.18,flat,317.80786323547363
2026-01-09 22:45:00,real_time_price,418.73,flat,312.41928148269653
2026-01-09 23:00:00,real_time_price,414.19,flat,358.0073676109314
2026-01-09 23:15:00,real_time_price,381.19,flat,363.4978504180908
2026-01-09 23:30:00,real_time_price,383.51,flat,367.02747631073
2026-01-09 23:45:00,real_time_price,374.41,flat,363.76357650756836
2026-01-10 00:00:00,real_time_price,308.44,valley,341.2394742965698
2026-01-10 00:15:00,real_time_price,302.0,valley,313.99768567085266
2026-01-10 00:30:00,real_time_price,384.98,valley,397.19243144989014
2026-01-10 00:45:00,real_time_price,481.24,valley,332.87137269973755
2026-01-10 01:00:00,real_time_price,356.92,valley,320.9711329936981
2026-01-10 01:15:00,real_time_price,348.55,valley,351.90884923934937
2026-01-10 01:30:00,real_time_price,345.44,valley,350.45946288108826
2026-01-10 01:45:00,real_time_price,328.98,valley,342.9384391307831
2026-01-10 02:00:00,real_time_price,341.95,valley,326.73456597328186
2026-01-10 02:15:00,real_time_price,319.68,valley,337.0589964389801
2026-01-10 02:30:00,real_time_price,319.96,valley,324.15854382514954
2026-01-10 02:45:00,real_time_price,309.01,valley,315.6251940727234
2026-01-10 03:00:00,real_time_price,304.29,valley,307.94836020469666
2026-01-10 03:15:00,real_time_price,270.48,valley,302.9270179271698
2026-01-10 03:30:00,real_time_price,273.98,valley,279.39591240882874
2026-01-10 03:45:00,real_time_price,271.98,valley,269.98086857795715
2026-01-10 04:00:00,real_time_price,277.98,valley,271.57815432548523
2026-01-10 04:15:00,real_time_price,275.98,valley,273.62930369377136
2026-01-10 04:30:00,real_time_price,275.98,valley,269.23290848731995
2026-01-10 04:45:00,real_time_price,274.84,valley,269.1581041812897
2026-01-10 05:00:00,real_time_price,275.98,valley,267.48266530036926
2026-01-10 05:15:00,real_time_price,275.98,valley,267.0370571613312
2026-01-10 05:30:00,real_time_price,274.67,valley,274.7375838756561
2026-01-10 05:45:00,real_time_price,278.0,valley,279.42381024360657
2026-01-10 06:00:00,real_time_price,281.27,valley,284.4732892513275
2026-01-10 06:15:00,real_time_price,292.92,valley,289.52566742897034
2026-01-10 06:30:00,real_time_price,310.1,valley,294.4720151424408
2026-01-10 06:45:00,real_time_price,309.65,valley,308.25191044807434
2026-01-10 07:00:00,real_time_price,340.0,valley,309.64743733406067
2026-01-10 07:15:00,real_time_price,317.7,valley,335.3921959400177
2026-01-10 07:30:00,real_time_price,330.0,valley,325.8698456287384
2026-01-10 07:45:00,real_time_price,320.0,valley,330.5386161804199
2026-01-10 08:00:00,real_time_price,375.66,flat,341.3951098918915
2026-01-10 08:15:00,real_time_price,399.94,flat,380.3723177909851
2026-01-10 08:30:00,real_time_price,381.56,flat,416.2409157752991
2026-01-10 08:45:00,real_time_price,415.32,flat,388.81330251693726
2026-01-10 09:00:00,real_time_price,315.26,flat,383.0809154510498
2026-01-10 09:15:00,real_time_price,330.02,flat,332.52713680267334
2026-01-10 09:30:00,real_time_price,282.1,flat,322.105516910553
2026-01-10 09:45:00,real_time_price,265.84,flat,312.63027811050415
2026-01-10 10:00:00,real_time_price,299.24,peak,257.978711605072
2026-01-10 10:15:00,real_time_price,265.15,peak,268.4352617263794
2026-01-10 10:30:00,real_time_price,260.29,peak,271.2328071594238
2026-01-10 10:45:00,real_time_price,260.03,peak,235.29881477355957
2026-01-10 11:00:00,real_time_price,261.66,peak,246.28933238983154
2026-01-10 11:15:00,real_time_price,255.5,peak,258.1560535430908
2026-01-10 11:30:00,real_time_price,266.63,peak,251.22287464141846
2026-01-10 11:45:00,real_time_price,266.95,peak,218.78925323486328
2026-01-10 12:00:00,real_time_price,256.63,flat,238.97185802459717
2026-01-10 12:15:00,real_time_price,142.47,flat,126.99441146850586
2026-01-10 12:30:00,real_time_price,162.6,flat,217.6710786819458
2026-01-10 12:45:00,real_time_price,112.95,flat,146.59436511993408
2026-01-10 13:00:00,real_time_price,154.0,flat,120.5467939376831
2026-01-10 13:15:00,real_time_price,241.9,flat,154.4784517288208
2026-01-10 13:30:00,real_time_price,216.53,flat,213.82648754119873
2026-01-10 13:45:00,real_time_price,258.67,flat,232.07382678985596
2026-01-10 14:00:00,real_time_price,262.59,peak,238.602313041687
2026-01-10 14:15:00,real_time_price,253.44,peak,226.813081741333
2026-01-10 14:30:00,real_time_price,255.04,peak,245.67184257507324
2026-01-10 14:45:00,real_time_price,247.35,peak,244.00439929962158
2026-01-10 15:00:00,real_time_price,256.08,peak,248.35018301010132
2026-01-10 15:15:00,real_time_price,253.71,peak,244.14265155792236
2026-01-10 15:30:00,real_time_price,260.37,peak,243.24358367919922
2026-01-10 15:45:00,real_time_price,270.01,peak,249.53183364868164
2026-01-10 16:00:00,real_time_price,283.06,peak,273.12061071395874
2026-01-10 16:15:00,real_time_price,299.25,peak,269.9356575012207
2026-01-10 16:30:00,real_time_price,304.1,peak,290.7304562330246
2026-01-10 16:45:00,real_time_price,357.55,peak,299.7133663892746
2026-01-10 17:00:00,real_time_price,320.68,peak,352.53755593299866
2026-01-10 17:15:00,real_time_price,400.06,peak,341.3827166557312
2026-01-10 17:30:00,real_time_price,426.66,peak,387.5962886810303
2026-01-10 17:45:00,real_time_price,404.67,peak,396.44109630584717
2026-01-10 18:00:00,real_time_price,429.26,peak,437.759459733963
2026-01-10 18:15:00,real_time_price,479.99,peak,431.5535168647766
2026-01-10 18:30:00,real_time_price,478.01,peak,488.249210357666
2026-01-10 18:45:00,real_time_price,520.03,peak,460.60591554641724
2026-01-10 19:00:00,real_time_price,458.48,flat,551.7763195037842
2026-01-10 19:15:00,real_time_price,329.79,flat,448.39013290405273
2026-01-10 19:30:00,real_time_price,382.31,flat,425.1660966873169
2026-01-10 19:45:00,real_time_price,331.28,flat,392.68721175193787
2026-01-10 20:00:00,real_time_price,361.62,flat,370.6107575893402
2026-01-10 20:15:00,real_time_price,313.84,flat,334.4565830230713
2026-01-10 20:30:00,real_time_price,306.33,flat,344.74985694885254
2026-01-10 20:45:00,real_time_price,317.74,flat,303.1789789199829
2026-01-10 21:00:00,real_time_price,343.57,flat,319.6580591201782
2026-01-10 21:15:00,real_time_price,321.19,flat,320.7056760787964
2026-01-10 21:30:00,real_time_price,378.48,flat,338.2943525314331
2026-01-10 21:45:00,real_time_price,362.85,flat,352.74671936035156
2026-01-10 22:00:00,real_time_price,421.42,flat,353.70731830596924
2026-01-10 22:15:00,real_time_price,455.78,flat,368.73411083221436
2026-01-10 22:30:00,real_time_price,417.59,flat,402.6277503967285
2026-01-10 22:45:00,real_time_price,344.07,flat,377.908522605896
2026-01-10 23:00:00,real_time_price,313.97,flat,340.48179721832275
2026-01-10 23:15:00,real_time_price,331.04,flat,330.7165861129761
2026-01-10 23:30:00,real_time_price,279.44,flat,308.86846828460693
2026-01-10 23:45:00,real_time_price,276.0,flat,287.5105571746826
2026-01-11 00:00:00,real_time_price,272.0,valley,286.10155963897705
2026-01-11 00:15:00,real_time_price,285.62,valley,288.3516745567322
2026-01-11 00:30:00,real_time_price,336.95,valley,371.06328868865967
2026-01-11 00:45:00,real_time_price,314.02,valley,318.8419008255005
2026-01-11 01:00:00,real_time_price,312.79,valley,310.2806239128113
2026-01-11 01:15:00,real_time_price,309.11,valley,298.1472169160843
2026-01-11 01:30:00,real_time_price,305.06,valley,305.12544345855713
2026-01-11 01:45:00,real_time_price,308.49,valley,305.3176395893097
2026-01-11 02:00:00,real_time_price,305.4,valley,298.80176854133606
2026-01-11 02:15:00,real_time_price,289.32,valley,305.3722987174988
2026-01-11 02:30:00,real_time_price,282.99,valley,295.5174489021301
2026-01-11 02:45:00,real_time_price,280.04,valley,287.46139430999756
2026-01-11 03:00:00,real_time_price,282.09,valley,281.56258487701416
2026-01-11 03:15:00,real_time_price,277.09,valley,277.4096987247467
2026-01-11 03:30:00,real_time_price,279.09,valley,277.2620587348938
2026-01-11 03:45:00,real_time_price,280.0,valley,273.49168395996094
2026-01-11 04:00:00,real_time_price,269.99,valley,276.34490513801575
2026-01-11 04:15:00,real_time_price,274.99,valley,266.7023198604584
2026-01-11 04:30:00,real_time_price,271.41,valley,266.18141627311707
2026-01-11 04:45:00,real_time_price,269.69,valley,266.62238335609436
2026-01-11 05:00:00,real_time_price,265.99,valley,264.3611319065094
2026-01-11 05:15:00,real_time_price,269.84,valley,265.8149116039276
2026-01-11 05:30:00,real_time_price,270.0,valley,271.74530816078186
2026-01-11 05:45:00,real_time_price,269.96,valley,271.0363304615021
2026-01-11 06:00:00,real_time_price,268.61,valley,272.9743535518646
2026-01-11 06:15:00,real_time_price,269.89,valley,273.0971691608429
2026-01-11 06:30:00,real_time_price,272.65,valley,283.79275155067444
2026-01-11 06:45:00,real_time_price,280.0,valley,278.42763686180115
2026-01-11 07:00:00,real_time_price,280.09,valley,287.9841969013214
2026-01-11 07:15:00,real_time_price,280.03,valley,283.39174818992615
2026-01-11 07:30:00,real_time_price,284.98,valley,284.40541529655457
2026-01-11 07:45:00,real_time_price,279.9,valley,287.35172057151794
2026-01-11 08:00:00,real_time_price,276.53,flat,291.89696764945984
2026-01-11 08:15:00,real_time_price,297.0,flat,289.2470531463623
2026-01-11 08:30:00,real_time_price,265.73,flat,291.13799476623535
2026-01-11 08:45:00,real_time_price,255.05,flat,266.7454481124878
2026-01-11 09:00:00,real_time_price,273.94,flat,247.74041938781738
2026-01-11 09:15:00,real_time_price,253.8,flat,261.2132272720337
2026-01-11 09:30:00,real_time_price,266.0,flat,251.8098611831665
2026-01-11 09:45:00,real_time_price,255.44,flat,249.94579601287842
2026-01-11 10:00:00,real_time_price,261.54,peak,235.5707664489746
2026-01-11 10:15:00,real_time_price,233.16,peak,221.62590885162354
2026-01-11 10:30:00,real_time_price,159.91,peak,210.58406352996826
2026-01-11 10:45:00,real_time_price,139.35,peak,191.58591175079346
2026-01-11 11:00:00,real_time_price,244.01,peak,178.05459308624268
2026-01-11 11:15:00,real_time_price,260.79,peak,199.75436210632324
2026-01-11 11:30:00,real_time_price,263.99,peak,200.97661685943604
2026-01-11 11:45:00,real_time_price,260.82,peak,203.19867134094238
2026-01-11 12:00:00,real_time_price,26.18,flat,233.17620849609375
2026-01-11 12:15:00,real_time_price,-49.17,flat,20.577013969421387
2026-01-11 12:30:00,real_time_price,28.2,flat,62.69631767272949
2026-01-11 12:45:00,real_time_price,-32.71,flat,63.63249969482422
2026-01-11 13:00:00,real_time_price,-49.76,flat,7.039166450500488
2026-01-11 13:15:00,real_time_price,-29.12,flat,-11.863241195678711
2026-01-11 13:30:00,real_time_price,2.89,flat,-13.25151777267456
2026-01-11 13:45:00,real_time_price,71.35,flat,13.859418869018555
2026-01-11 14:00:00,real_time_price,2.49,peak,105.06630992889404
2026-01-11 14:15:00,real_time_price,-1.03,peak,71.9980878829956
2026-01-11 14:30:00,real_time_price,-11.99,peak,33.78891181945801
2026-01-11 14:45:00,real_time_price,-1.5,peak,53.44826030731201
2026-01-11 15:00:00,real_time_price,10.95,peak,45.87815570831299
2026-01-11 15:15:00,real_time_price,9.83,peak,54.43097114562988
2026-01-11 15:30:00,real_time_price,139.71,peak,79.83579349517822
2026-01-11 15:45:00,real_time_price,154.41,peak,183.92691898345947
2026-01-11 16:00:00,real_time_price,265.68,peak,212.8621015548706
2026-01-11 16:15:00,real_time_price,266.17,peak,246.06087493896484
2026-01-11 16:30:00,real_time_price,260.2,peak,252.6803059577942
2026-01-11 16:45:00,real_time_price,279.47,peak,248.82150650024414
2026-01-11 17:00:00,real_time_price,280.12,peak,277.6108675003052
2026-01-11 17:15:00,real_time_price,301.34,peak,293.4133200645447
2026-01-11 17:30:00,real_time_price,314.48,peak,337.8334102630615
2026-01-11 17:45:00,real_time_price,309.14,peak,328.08760833740234
2026-01-11 18:00:00,real_time_price,314.07,peak,323.1147565841675
2026-01-11 18:15:00,real_time_price,327.79,peak,324.16067123413086
2026-01-11 18:30:00,real_time_price,303.15,peak,333.2995319366455
2026-01-11 18:45:00,real_time_price,311.95,peak,307.80349922180176
2026-01-11 19:00:00,real_time_price,317.5,flat,297.44562244415283
2026-01-11 19:15:00,real_time_price,312.11,flat,301.3736639022827
2026-01-11 19:30:00,real_time_price,313.61,flat,325.45116901397705
2026-01-11 19:45:00,real_time_price,313.32,flat,308.66636991500854
2026-01-11 20:00:00,real_time_price,305.67,flat,305.3100914955139
2026-01-11 20:15:00,real_time_price,320.02,flat,288.97744941711426
2026-01-11 20:30:00,real_time_price,346.95,flat,307.47335052490234
2026-01-11 20:45:00,real_time_price,326.29,flat,324.55392265319824
2026-01-11 21:00:00,real_time_price,494.23,flat,323.1010408401489
2026-01-11 21:15:00,real_time_price,413.86,flat,354.3832302093506
2026-01-11 21:30:00,real_time_price,486.4,flat,415.87135124206543
2026-01-11 21:45:00,real_time_price,461.74,flat,428.8641347885132
2026-01-11 22:00:00,real_time_price,400.17,flat,445.3775396347046
2026-01-11 22:15:00,real_time_price,460.87,flat,381.8363084793091
2026-01-11 22:30:00,real_time_price,359.7,flat,433.76844596862793
2026-01-11 22:45:00,real_time_price,309.83,flat,351.826416015625
2026-01-11 23:00:00,real_time_price,290.0,flat,309.94236183166504
2026-01-11 23:15:00,real_time_price,299.88,flat,291.97668170928955
2026-01-11 23:30:00,real_time_price,295.0,flat,271.7876443862915
2026-01-11 23:45:00,real_time_price,298.88,flat,272.2089214324951
2026-01-12 00:00:00,real_time_price,279.92,valley,271.9591703414917
2026-01-12 00:15:00,real_time_price,272.0,valley,274.65078353881836
2026-01-12 00:30:00,real_time_price,393.93,valley,359.6386823654175
2026-01-12 00:45:00,real_time_price,304.18,valley,339.7820692062378
2026-01-12 01:00:00,real_time_price,292.88,valley,290.55492901802063
2026-01-12 01:15:00,real_time_price,289.9,valley,283.92651748657227
2026-01-12 01:30:00,real_time_price,277.92,valley,296.29306197166443
2026-01-12 01:45:00,real_time_price,280.05,valley,283.31497740745544
2026-01-12 02:00:00,real_time_price,279.88,valley,276.66419196128845
2026-01-12 02:15:00,real_time_price,279.9,valley,275.2401795387268
2026-01-12 02:30:00,real_time_price,273.96,valley,277.74252486228943
2026-01-12 02:45:00,real_time_price,273.56,valley,269.75858879089355
2026-01-12 03:00:00,real_time_price,271.19,valley,265.8898618221283
2026-01-12 03:15:00,real_time_price,269.98,valley,267.3680145740509
2026-01-12 03:30:00,real_time_price,268.0,valley,265.4829399585724
2026-01-12 03:45:00,real_time_price,265.46,valley,262.9741690158844
2026-01-12 04:00:00,real_time_price,268.0,valley,261.1035039424896
2026-01-12 04:15:00,real_time_price,261.06,valley,264.91826844215393
2026-01-12 04:30:00,real_time_price,264.0,valley,259.8248221874237
2026-01-12 04:45:00,real_time_price,264.51,valley,259.2412474155426
2026-01-12 05:00:00,real_time_price,260.48,valley,262.7598674297333
2026-01-12 05:15:00,real_time_price,263.22,valley,261.72887539863586
2026-01-12 05:30:00,real_time_price,263.49,valley,263.77451968193054
2026-01-12 05:45:00,real_time_price,260.0,valley,266.2465660572052
2026-01-12 06:00:00,real_time_price,266.89,valley,265.868506193161
2026-01-12 06:15:00,real_time_price,269.44,valley,267.59583592414856
2026-01-12 06:30:00,real_time_price,267.93,valley,278.8257920742035
2026-01-12 06:45:00,real_time_price,269.95,valley,275.4091365337372
2026-01-12 07:00:00,real_time_price,266.8,valley,279.3101556301117
2026-01-12 07:15:00,real_time_price,269.91,valley,267.39685821533203
2026-01-12 07:30:00,real_time_price,267.9,valley,280.39096665382385
2026-01-12 07:45:00,real_time_price,273.72,valley,273.8037853240967
2026-01-12 08:00:00,real_time_price,338.7,flat,280.28660321235657
2026-01-12 08:15:00,real_time_price,337.42,flat,323.67158222198486
2026-01-12 08:30:00,real_time_price,330.79,flat,356.97404980659485
2026-01-12 08:45:00,real_time_price,276.11,flat,333.79326725006104
2026-01-12 09:00:00,real_time_price,339.49,flat,310.6207847595215
2026-01-12 09:15:00,real_time_price,389.63,flat,320.3644013404846
2026-01-12 09:30:00,real_time_price,351.64,flat,375.41348695755005
2026-01-12 09:45:00,real_time_price,283.61,flat,345.0380811691284
2026-01-12 10:00:00,real_time_price,296.25,peak,276.275812625885
2026-01-12 10:15:00,real_time_price,263.94,peak,253.7695550918579
2026-01-12 10:30:00,real_time_price,266.97,peak,239.32042694091797
2026-01-12 10:45:00,real_time_price,268.0,peak,257.45330905914307
2026-01-12 11:00:00,real_time_price,263.36,peak,271.61310482025146
2026-01-12 11:15:00,real_time_price,266.28,peak,246.72754383087158
2026-01-12 11:30:00,real_time_price,269.66,peak,264.17111682891846
2026-01-12 11:45:00,real_time_price,254.86,peak,249.56741523742676
2026-01-12 12:00:00,real_time_price,263.4,flat,202.97033500671387
2026-01-12 12:15:00,real_time_price,176.29,flat,136.69166660308838
2026-01-12 12:30:00,real_time_price,89.5,flat,207.22463703155518
2026-01-12 12:45:00,real_time_price,253.54,flat,106.74080753326416
2026-01-12 13:00:00,real_time_price,221.68,flat,193.93738746643066
2026-01-12 13:15:00,real_time_price,248.28,flat,182.35887145996094
2026-01-12 13:30:00,real_time_price,251.84,flat,208.48250579833984
2026-01-12 13:45:00,real_time_price,259.78,flat,262.0563335418701
2026-01-12 14:00:00,real_time_price,265.13,peak,218.42014503479004
2026-01-12 14:15:00,real_time_price,256.21,peak,222.6039800643921
2026-01-12 14:30:00,real_time_price,248.66,peak,205.19070625305176
2026-01-12 14:45:00,real_time_price,255.33,peak,224.4731569290161
2026-01-12 15:00:00,real_time_price,262.65,peak,238.48601245880127
2026-01-12 15:15:00,real_time_price,261.24,peak,243.5810308456421
2026-01-12 15:30:00,real_time_price,262.03,peak,241.72023916244507
2026-01-12 15:45:00,real_time_price,262.14,peak,256.29946994781494
2026-01-12 16:00:00,real_time_price,272.38,peak,263.66629457473755
2026-01-12 16:15:00,real_time_price,277.52,peak,273.14432430267334
2026-01-12 16:30:00,real_time_price,318.29,peak,280.29283690452576
2026-01-12 16:45:00,real_time_price,303.82,peak,314.4061541557312
2026-01-12 17:00:00,real_time_price,319.65,peak,312.9172315597534
2026-01-12 17:15:00,real_time_price,326.23,peak,329.93829226493835
2026-01-12 17:30:00,real_time_price,429.15,peak,337.2991886138916
2026-01-12 17:45:00,real_time_price,329.7,peak,360.0195059776306
2026-01-12 18:00:00,real_time_price,388.41,peak,342.55943489074707
2026-01-12 18:15:00,real_time_price,398.84,peak,363.4292507171631
2026-01-12 18:30:00,real_time_price,442.76,peak,419.0317850112915
2026-01-12 18:45:00,real_time_price,465.22,peak,456.57641553878784
2026-01-12 19:00:00,real_time_price,774.62,flat,482.3494243621826
2026-01-12 19:15:00,real_time_price,576.74,flat,775.8611526489258
2026-01-12 19:30:00,real_time_price,814.7,flat,640.1268229484558
2026-01-12 19:45:00,real_time_price,705.6,flat,780.2940683364868
2026-01-12 20:00:00,real_time_price,637.2,flat,751.3543515205383
2026-01-12 20:15:00,real_time_price,463.65,flat,524.8739881515503
2026-01-12 20:30:00,real_time_price,596.42,flat,500.7703514099121
2026-01-12 20:45:00,real_time_price,444.85,flat,513.1095180511475
2026-01-12 21:00:00,real_time_price,558.22,flat,445.57436084747314
2026-01-12 21:15:00,real_time_price,442.09,flat,463.6898012161255
2026-01-12 21:30:00,real_time_price,474.93,flat,479.28203105926514
2026-01-12 21:45:00,real_time_price,459.73,flat,466.9705934524536
2026-01-12 22:00:00,real_time_price,428.64,flat,448.086049079895
2026-01-12 22:15:00,real_time_price,453.7,flat,427.02822971343994
2026-01-12 22:30:00,real_time_price,326.05,flat,418.8862724304199
2026-01-12 22:45:00,real_time_price,315.02,flat,341.42104387283325
2026-01-12 23:00:00,real_time_price,396.98,flat,314.42358112335205
2026-01-12 23:15:00,real_time_price,350.3,flat,321.5245180130005
2026-01-12 23:30:00,real_time_price,322.81,flat,316.1544556617737
2026-01-12 23:45:00,real_time_price,359.67,flat,305.38958644866943
2026-01-13 00:00:00,real_time_price,295.73,valley,320.8766622543335
2026-01-13 00:15:00,real_time_price,298.94,valley,293.10347414016724
2026-01-13 00:30:00,real_time_price,682.31,valley,386.9181227684021
2026-01-13 00:45:00,real_time_price,451.8,valley,500.0690975189209
2026-01-13 01:00:00,real_time_price,685.07,valley,401.2145652770996
2026-01-13 01:15:00,real_time_price,546.98,valley,554.9383027553558
2026-01-13 01:30:00,real_time_price,416.06,valley,516.601726770401
2026-01-13 01:45:00,real_time_price,352.01,valley,425.26424908638
2026-01-13 02:00:00,real_time_price,411.72,valley,368.85515427589417
2026-01-13 02:15:00,real_time_price,338.09,valley,375.8922073841095
2026-01-13 02:30:00,real_time_price,314.02,valley,345.26883244514465
2026-01-13 02:45:00,real_time_price,310.02,valley,333.3050067424774
2026-01-13 03:00:00,real_time_price,320.09,valley,316.75419878959656
2026-01-13 03:15:00,real_time_price,313.02,valley,319.02778363227844
2026-01-13 03:30:00,real_time_price,305.62,valley,311.75989747047424
2026-01-13 03:45:00,real_time_price,310.02,valley,310.69899249076843
2026-01-13 04:00:00,real_time_price,305.02,valley,310.85383129119873
2026-01-13 04:15:00,real_time_price,294.01,valley,309.80713868141174
2026-01-13 04:30:00,real_time_price,307.0,valley,299.2020390033722
2026-01-13 04:45:00,real_time_price,309.01,valley,304.77892804145813
2026-01-13 05:00:00,real_time_price,304.01,valley,309.8778078556061
2026-01-13 05:15:00,real_time_price,310.01,valley,307.53697657585144
2026-01-13 05:30:00,real_time_price,300.0,valley,314.29832196235657
2026-01-13 05:45:00,real_time_price,315.71,valley,305.221581697464
2026-01-13 06:00:00,real_time_price,312.01,valley,318.13786339759827
2026-01-13 06:15:00,real_time_price,320.01,valley,320.08700489997864
2026-01-13 06:30:00,real_time_price,397.08,valley,325.3321931362152
2026-01-13 06:45:00,real_time_price,400.26,valley,385.08446288108826
2026-01-13 07:00:00,real_time_price,417.21,valley,407.8336250782013
2026-01-13 07:15:00,real_time_price,494.07,valley,384.3036775588989
2026-01-13 07:30:00,real_time_price,576.02,valley,450.26904702186584
2026-01-13 07:45:00,real_time_price,593.55,valley,478.6627721786499
2026-01-13 08:00:00,real_time_price,647.65,flat,495.4085295200348
2026-01-13 08:15:00,real_time_price,592.71,flat,599.005560874939
2026-01-13 08:30:00,real_time_price,633.58,flat,617.4135127067566
2026-01-13 08:45:00,real_time_price,540.41,flat,582.0419979095459
2026-01-13 09:00:00,real_time_price,390.98,flat,516.0752367973328
2026-01-13 09:15:00,real_time_price,385.69,flat,401.20110416412354
2026-01-13 09:30:00,real_time_price,408.77,flat,430.111692905426
2026-01-13 09:45:00,real_time_price,338.7,flat,393.0659112930298
2026-01-13 10:00:00,real_time_price,315.39,peak,313.3543539047241
2026-01-13 10:15:00,real_time_price,296.33,peak,307.2558641433716
2026-01-13 10:30:00,real_time_price,290.56,peak,291.59582138061523
2026-01-13 10:45:00,real_time_price,284.0,peak,295.5269556045532
2026-01-13 11:00:00,real_time_price,284.02,peak,295.27822494506836
2026-01-13 11:15:00,real_time_price,286.4,peak,281.2474718093872
2026-01-13 11:30:00,real_time_price,276.16,peak,284.32684326171875
2026-01-13 11:45:00,real_time_price,289.58,peak,249.57019996643066
2026-01-13 12:00:00,real_time_price,281.71,flat,248.83254623413086
2026-01-13 12:15:00,real_time_price,163.81,flat,154.20465278625488
2026-01-13 12:30:00,real_time_price,258.9,flat,235.2735824584961
2026-01-13 12:45:00,real_time_price,251.83,flat,248.4440450668335
2026-01-13 13:00:00,real_time_price,179.23,flat,226.76491832733154
2026-01-13 13:15:00,real_time_price,265.38,flat,220.4640655517578
2026-01-13 13:30:00,real_time_price,251.37,flat,262.0390787124634
2026-01-13 13:45:00,real_time_price,260.28,flat,275.858118057251
2026-01-13 14:00:00,real_time_price,279.42,peak,238.00094938278198
2026-01-13 14:15:00,real_time_price,262.09,peak,255.5402126312256
2026-01-13 14:30:00,real_time_price,249.47,peak,236.6388931274414
2026-01-13 14:45:00,real_time_price,244.36,peak,238.86659336090088
2026-01-13 15:00:00,real_time_price,256.86,peak,252.20237922668457
2026-01-13 15:15:00,real_time_price,258.33,peak,242.05241107940674
2026-01-13 15:30:00,real_time_price,260.3,peak,246.97761249542236
2026-01-13 15:45:00,real_time_price,270.98,peak,261.1749687194824
2026-01-13 16:00:00,real_time_price,277.83,peak,279.7927620410919
2026-01-13 16:15:00,real_time_price,279.69,peak,278.76936531066895
2026-01-13 16:30:00,real_time_price,306.93,peak,289.88169956207275
2026-01-13 16:45:00,real_time_price,302.31,peak,305.82349586486816
2026-01-13 17:00:00,real_time_price,397.05,peak,314.1939787864685
2026-01-13 17:15:00,real_time_price,353.69,peak,347.9939765930176
2026-01-13 17:30:00,real_time_price,359.99,peak,381.5601501464844
2026-01-13 17:45:00,real_time_price,345.99,peak,336.8636989593506
2026-01-13 18:00:00,real_time_price,318.7,peak,357.18799018859863
2026-01-13 18:15:00,real_time_price,340.13,peak,327.08520317077637
2026-01-13 18:30:00,real_time_price,330.77,peak,346.09861755371094
2026-01-13 18:45:00,real_time_price,360.52,peak,356.25781631469727
2026-01-13 19:00:00,real_time_price,360.42,flat,371.4406452178955
2026-01-13 19:15:00,real_time_price,310.06,flat,367.13323307037354
2026-01-13 19:30:00,real_time_price,332.57,flat,377.9360160827637
2026-01-13 19:45:00,real_time_price,396.6,flat,334.5279359817505
2026-01-13 20:00:00,real_time_price,356.54,flat,390.14202308654785
2026-01-13 20:15:00,real_time_price,308.6,flat,344.4057912826538
2026-01-13 20:30:00,real_time_price,328.34,flat,337.4858560562134
2026-01-13 20:45:00,real_time_price,358.09,flat,327.4464111328125
2026-01-13 21:00:00,real_time_price,365.93,flat,364.7434597015381
2026-01-13 21:15:00,real_time_price,353.28,flat,351.0503759384155
2026-01-13 21:30:00,real_time_price,360.39,flat,357.03308868408203
2026-01-13 21:45:00,real_time_price,373.67,flat,356.56669521331787
2026-01-13 22:00:00,real_time_price,366.06,flat,360.82822132110596
2026-01-13 22:15:00,real_time_price,388.21,flat,353.7983613014221
2026-01-13 22:30:00,real_time_price,325.0,flat,361.42210483551025
2026-01-13 22:45:00,real_time_price,400.25,flat,330.50302362442017
2026-01-13 23:00:00,real_time_price,407.57,flat,355.5379331111908
2026-01-13 23:15:00,real_time_price,365.72,flat,357.644891500473
2026-01-13 23:30:00,real_time_price,340.0,flat,341.43025159835815
2026-01-13 23:45:00,real_time_price,319.49,flat,331.0271122455597
2026-01-14 00:00:00,real_time_price,309.37,valley,316.23622131347656
2026-01-14 00:15:00,real_time_price,280.0,valley,299.27122497558594
2026-01-14 00:30:00,real_time_price,320.7,valley,388.2743158340454
2026-01-14 00:45:00,real_time_price,334.73,valley,313.3333406448364
2026-01-14 01:00:00,real_time_price,339.72,valley,333.6677471399307
2026-01-14 01:15:00,real_time_price,309.81,valley,312.4640483856201
2026-01-14 01:30:00,real_time_price,299.75,valley,310.6500475406647
2026-01-14 01:45:00,real_time_price,300.0,valley,298.89030480384827
2026-01-14 02:00:00,real_time_price,314.95,valley,284.52765107154846
2026-01-14 02:15:00,real_time_price,301.97,valley,311.5304844379425
2026-01-14 02:30:00,real_time_price,296.97,valley,306.89689564704895
2026-01-14 02:45:00,real_time_price,296.99,valley,297.3854343891144
2026-01-14 03:00:00,real_time_price,298.7,valley,294.944611787796
2026-01-14 03:15:00,real_time_price,286.98,valley,296.85066866874695
2026-01-14 03:30:00,real_time_price,294.78,valley,289.3969452381134
2026-01-14 03:45:00,real_time_price,247.04,valley,289.29282665252686
2026-01-14 04:00:00,real_time_price,273.08,valley,269.8682527542114
2026-01-14 04:15:00,real_time_price,274.91,valley,266.522141456604
2026-01-14 04:30:00,real_time_price,271.2,valley,274.5472774505615
2026-01-14 04:45:00,real_time_price,279.7,valley,271.95788955688477
2026-01-14 05:00:00,real_time_price,279.65,valley,279.17105770111084
2026-01-14 05:15:00,real_time_price,279.53,valley,280.7104272842407
2026-01-14 05:30:00,real_time_price,276.97,valley,285.5909824371338
2026-01-14 05:45:00,real_time_price,276.96,valley,288.41731548309326
2026-01-14 06:00:00,real_time_price,279.96,valley,290.10961627960205
2026-01-14 06:15:00,real_time_price,284.94,valley,291.3940906524658
2026-01-14 06:30:00,real_time_price,286.91,valley,290.16190338134766
2026-01-14 06:45:00,real_time_price,286.91,valley,294.2328691482544
2026-01-14 07:00:00,real_time_price,294.83,valley,293.77219581604004
2026-01-14 07:15:00,real_time_price,283.82,valley,309.2243061065674
2026-01-14 07:30:00,real_time_price,294.71,valley,284.0445976257324
2026-01-14 07:45:00,real_time_price,301.42,valley,276.4499807357788
2026-01-14 08:00:00,real_time_price,309.43,flat,314.130352973938
2026-01-14 08:15:00,real_time_price,255.27,flat,333.07899355888367
2026-01-14 08:30:00,real_time_price,250.53,flat,310.48118329048157
2026-01-14 08:45:00,real_time_price,299.64,flat,291.5256898403168
2026-01-14 09:00:00,real_time_price,323.82,flat,283.13072538375854
2026-01-14 09:15:00,real_time_price,324.05,flat,305.30405044555664
2026-01-14 09:30:00,real_time_price,290.2,flat,314.73934841156006
2026-01-14 09:45:00,real_time_price,276.26,flat,303.40375304222107
2026-01-14 10:00:00,real_time_price,278.51,peak,279.9058737754822
2026-01-14 10:15:00,real_time_price,281.32,peak,270.5147502422333
2026-01-14 10:30:00,real_time_price,148.83,peak,281.72338914871216
2026-01-14 10:45:00,real_time_price,161.16,peak,316.52799916267395
2026-01-14 11:00:00,real_time_price,150.57,peak,242.16351222991943
2026-01-14 11:15:00,real_time_price,150.49,peak,228.95878052711487
2026-01-14 11:30:00,real_time_price,209.3,peak,183.56573820114136
2026-01-14 11:45:00,real_time_price,128.29,peak,177.03908228874207
2026-01-14 12:00:00,real_time_price,130.17,flat,144.19249963760376
2026-01-14 12:15:00,real_time_price,45.56,flat,23.376758575439453
2026-01-14 12:30:00,real_time_price,-0.11,flat,124.30695962905884
2026-01-14 12:45:00,real_time_price,0.84,flat,40.06424522399902
2026-01-14 13:00:00,real_time_price,51.34,flat,42.061479568481445
2026-01-14 13:15:00,real_time_price,-4.71,flat,66.43082904815674
2026-01-14 13:30:00,real_time_price,-47.6,flat,27.667898178100586
2026-01-14 13:45:00,real_time_price,65.52,flat,12.687430620193481
2026-01-14 14:00:00,real_time_price,88.66,peak,134.8096261024475
2026-01-14 14:15:00,real_time_price,64.7,peak,101.86116409301758
2026-01-14 14:30:00,real_time_price,-40.29,peak,71.85887575149536
2026-01-14 14:45:00,real_time_price,76.4,peak,27.67606210708618
2026-01-14 15:00:00,real_time_price,18.21,peak,117.24243927001953
2026-01-14 15:15:00,real_time_price,152.26,peak,125.87931299209595
2026-01-14 15:30:00,real_time_price,163.16,peak,149.26279258728027
2026-01-14 15:45:00,real_time_price,260.6,peak,195.1759467124939
2026-01-14 16:00:00,real_time_price,266.62,peak,246.8984079360962
2026-01-14 16:15:00,real_time_price,275.17,peak,262.1757700443268
2026-01-14 16:30:00,real_time_price,280.6,peak,269.33229303359985
2026-01-14 16:45:00,real_time_price,310.15,peak,293.60538244247437
2026-01-14 17:00:00,real_time_price,318.58,peak,345.7455916404724
2026-01-14 17:15:00,real_time_price,320.0,peak,331.6286973953247
2026-01-14 17:30:00,real_time_price,310.07,peak,352.4462323188782
2026-01-14 17:45:00,real_time_price,309.05,peak,345.4938859939575
2026-01-14 18:00:00,real_time_price,332.09,peak,327.7772693634033
2026-01-14 18:15:00,real_time_price,330.09,peak,342.0100622177124
2026-01-14 18:30:00,real_time_price,336.11,peak,337.3030335903168
2026-01-14 18:45:00,real_time_price,330.12,peak,347.6903004646301
2026-01-14 19:00:00,real_time_price,330.11,flat,337.01565885543823
2026-01-14 19:15:00,real_time_price,317.12,flat,332.8629469871521
2026-01-14 19:30:00,real_time_price,353.33,flat,466.35589265823364
2026-01-14 19:45:00,real_time_price,320.11,flat,404.4380376338959
2026-01-14 20:00:00,real_time_price,324.17,flat,332.16338753700256
2026-01-14 20:15:00,real_time_price,325.1,flat,309.84941482543945
2026-01-14 20:30:00,real_time_price,331.38,flat,340.5823802947998
2026-01-14 20:45:00,real_time_price,343.36,flat,328.2045521736145
2026-01-14 21:00:00,real_time_price,383.55,flat,376.12928581237793
2026-01-14 21:15:00,real_time_price,360.97,flat,363.76040601730347
2026-01-14 21:30:00,real_time_price,322.03,flat,369.6323823928833
2026-01-14 21:45:00,real_time_price,354.14,flat,335.59758949279785
2026-01-14 22:00:00,real_time_price,329.0,flat,339.3468942642212
2026-01-14 22:15:00,real_time_price,320.13,flat,326.05826568603516
2026-01-14 22:30:00,real_time_price,310.04,flat,307.15572452545166
2026-01-14 22:45:00,real_time_price,359.84,flat,290.17091178894043
2026-01-14 23:00:00,real_time_price,311.44,flat,319.81778860092163
2026-01-14 23:15:00,real_time_price,315.0,flat,308.7624216079712
2026-01-14 23:30:00,real_time_price,315.0,flat,299.0185832977295
2026-01-14 23:45:00,real_time_price,310.8,flat,302.0706374645233
2026-01-15 00:00:00,real_time_price,310.0,valley,294.76588797569275
2026-01-15 00:15:00,real_time_price,287.8,valley,298.1076271533966
2026-01-15 00:30:00,real_time_price,399.07,valley,398.3970093727112
2026-01-15 00:45:00,real_time_price,375.33,valley,346.1231515407562
2026-01-15 01:00:00,real_time_price,359.21,valley,359.24854350090027
2026-01-15 01:15:00,real_time_price,319.45,valley,345.60837149620056
2026-01-15 01:30:00,real_time_price,334.02,valley,331.6775801181793
2026-01-15 01:45:00,real_time_price,318.88,valley,321.3840057849884
2026-01-15 02:00:00,real_time_price,315.7,valley,321.76117396354675
2026-01-15 02:15:00,real_time_price,315.0,valley,316.9309632778168
2026-01-15 02:30:00,real_time_price,310.0,valley,314.3495309352875
2026-01-15 02:45:00,real_time_price,315.0,valley,308.0017879009247
2026-01-15 03:00:00,real_time_price,310.0,valley,309.15909028053284
2026-01-15 03:15:00,real_time_price,310.03,valley,307.3023097515106
2026-01-15 03:30:00,real_time_price,302.0,valley,305.5706079006195
2026-01-15 03:45:00,real_time_price,303.03,valley,298.51564025878906
2026-01-15 04:00:00,real_time_price,302.03,valley,302.26907444000244
2026-01-15 04:15:00,real_time_price,297.03,valley,301.8436689376831
2026-01-15 04:30:00,real_time_price,303.83,valley,291.56245613098145
2026-01-15 04:45:00,real_time_price,302.03,valley,299.75914192199707
2026-01-15 05:00:00,real_time_price,300.03,valley,300.3126308917999
2026-01-15 05:15:00,real_time_price,302.04,valley,293.5504720211029
2026-01-15 05:30:00,real_time_price,302.03,valley,305.0295362472534
2026-01-15 05:45:00,real_time_price,302.11,valley,307.08730816841125
2026-01-15 06:00:00,real_time_price,302.06,valley,307.68501353263855
2026-01-15 06:15:00,real_time_price,309.04,valley,307.8110282421112
2026-01-15 06:30:00,real_time_price,398.34,valley,319.74981689453125
2026-01-15 06:45:00,real_time_price,352.64,valley,379.81037998199463
2026-01-15 07:00:00,real_time_price,365.11,valley,362.7937204837799
2026-01-15 07:15:00,real_time_price,366.21,valley,350.34829330444336
2026-01-15 07:30:00,real_time_price,431.02,valley,363.3954493999481
2026-01-15 07:45:00,real_time_price,481.9,valley,383.0556917190552
2026-01-15 08:00:00,real_time_price,394.1,flat,484.1603424549103
2026-01-15 08:15:00,real_time_price,1079.55,flat,451.33626914024353
2026-01-15 08:30:00,real_time_price,596.58,flat,561.4345273971558
2026-01-15 08:45:00,real_time_price,689.68,flat,538.8519369363785
2026-01-15 09:00:00,real_time_price,791.93,flat,574.1348423957825
2026-01-15 09:15:00,real_time_price,587.67,flat,508.0087003707886
2026-01-15 09:30:00,real_time_price,460.81,flat,606.2129505872726
2026-01-15 09:45:00,real_time_price,481.39,flat,431.60037636756897
2026-01-15 10:00:00,real_time_price,320.41,peak,426.29008293151855
2026-01-15 10:15:00,real_time_price,332.7,peak,367.28179478645325
2026-01-15 10:30:00,real_time_price,303.5,peak,335.0369167327881
2026-01-15 10:45:00,real_time_price,295.0,peak,319.6538202762604
2026-01-15 11:00:00,real_time_price,310.47,peak,345.80579471588135
2026-01-15 11:15:00,real_time_price,306.09,peak,316.9619393348694
2026-01-15 11:30:00,real_time_price,297.39,peak,308.31550121307373
2026-01-15 11:45:00,real_time_price,286.8,peak,303.6111783981323
2026-01-15 12:00:00,real_time_price,272.75,flat,273.6218008995056
2026-01-15 12:15:00,real_time_price,201.34,flat,157.42565727233887
2026-01-15 12:30:00,real_time_price,272.77,flat,233.4287395477295
2026-01-15 12:45:00,real_time_price,254.54,flat,224.59914207458496
2026-01-15 13:00:00,real_time_price,250.05,flat,245.9940128326416
2026-01-15 13:15:00,real_time_price,262.43,flat,253.90208673477173
2026-01-15 13:30:00,real_time_price,274.55,flat,256.92456436157227
2026-01-15 13:45:00,real_time_price,271.45,flat,286.7358992099762
2026-01-15 14:00:00,real_time_price,279.79,peak,308.93375515937805
2026-01-15 14:15:00,real_time_price,270.78,peak,259.82373690605164
2026-01-15 14:30:00,real_time_price,266.21,peak,264.7983868122101
2026-01-15 14:45:00,real_time_price,264.69,peak,258.5960621833801
2026-01-15 15:00:00,real_time_price,268.19,peak,260.3434433937073
2026-01-15 15:15:00,real_time_price,266.89,peak,255.87783336639404
2026-01-15 15:30:00,real_time_price,275.24,peak,259.84005212783813
2026-01-15 15:45:00,real_time_price,279.39,peak,274.568156003952
2026-01-15 16:00:00,real_time_price,284.99,peak,293.5779033899307
2026-01-15 16:15:00,real_time_price,299.53,peak,289.7741711139679
2026-01-15 16:30:00,real_time_price,345.08,peak,305.45758509635925
2026-01-15 16:45:00,real_time_price,329.16,peak,327.3971621990204
2026-01-15 17:00:00,real_time_price,359.83,peak,349.529305934906
2026-01-15 17:15:00,real_time_price,319.81,peak,361.16130924224854
2026-01-15 17:30:00,real_time_price,380.84,peak,351.8997468948364
2026-01-15 17:45:00,real_time_price,339.03,peak,341.1874942779541
2026-01-15 18:00:00,real_time_price,330.37,peak,327.4318370819092
2026-01-15 18:15:00,real_time_price,378.64,peak,324.0242438316345
2026-01-15 18:30:00,real_time_price,359.19,peak,352.70354080200195
2026-01-15 18:45:00,real_time_price,418.97,peak,365.68680334091187
2026-01-15 19:00:00,real_time_price,396.78,flat,458.71276092529297
2026-01-15 19:15:00,real_time_price,334.37,flat,391.9269151687622
2026-01-15 19:30:00,real_time_price,463.19,flat,418.04146575927734
2026-01-15 19:45:00,real_time_price,371.57,flat,463.43817043304443
2026-01-15 20:00:00,real_time_price,354.34,flat,374.1013946533203
2026-01-15 20:15:00,real_time_price,345.46,flat,351.0496416091919
2026-01-15 20:30:00,real_time_price,371.4,flat,375.45423793792725
2026-01-15 20:45:00,real_time_price,335.14,flat,362.08486795425415
2026-01-15 21:00:00,real_time_price,382.19,flat,365.35738229751587
2026-01-15 21:15:00,real_time_price,356.93,flat,368.6082067489624
2026-01-15 21:30:00,real_time_price,411.32,flat,374.7979726791382
2026-01-15 21:45:00,real_time_price,401.69,flat,405.4925651550293
2026-01-15 22:00:00,real_time_price,380.68,flat,381.4820771217346
2026-01-15 22:15:00,real_time_price,345.44,flat,372.4089262485504
2026-01-15 22:30:00,real_time_price,360.65,flat,337.37473344802856
2026-01-15 22:45:00,real_time_price,403.3,flat,337.1273956298828
2026-01-15 23:00:00,real_time_price,358.48,flat,347.50225615501404
2026-01-15 23:15:00,real_time_price,322.27,flat,339.36989545822144
2026-01-15 23:30:00,real_time_price,317.63,flat,322.14171838760376
2026-01-15 23:45:00,real_time_price,312.33,flat,312.332994222641
2026-01-16 00:00:00,real_time_price,309.23,valley,298.83912563323975
2026-01-16 00:15:00,real_time_price,287.8,valley,297.10221099853516
2026-01-16 00:30:00,real_time_price,310.58,valley,402.0337142944336
2026-01-16 00:45:00,real_time_price,310.02,valley,326.54600167274475
2026-01-16 01:00:00,real_time_price,317.63,valley,339.32259225845337
2026-01-16 01:15:00,real_time_price,316.78,valley,306.4673079252243
2026-01-16 01:30:00,real_time_price,317.09,valley,310.3120369911194
2026-01-16 01:45:00,real_time_price,315.01,valley,311.35978174209595
2026-01-16 02:00:00,real_time_price,314.7,valley,309.6717314720154
2026-01-16 02:15:00,real_time_price,310.0,valley,310.29416513442993
2026-01-16 02:30:00,real_time_price,310.02,valley,311.23239850997925
2026-01-16 02:45:00,real_time_price,310.0,valley,306.32362031936646
2026-01-16 03:00:00,real_time_price,306.04,valley,308.5723202228546
2026-01-16 03:15:00,real_time_price,307.13,valley,304.00845170021057
2026-01-16 03:30:00,real_time_price,300.07,valley,302.6112766265869
2026-01-16 03:45:00,real_time_price,300.07,valley,292.9938106536865
2026-01-16 04:00:00,real_time_price,300.0,valley,292.3162941932678
2026-01-16 04:15:00,real_time_price,300.04,valley,294.1208508014679
2026-01-16 04:30:00,real_time_price,300.0,valley,296.49805331230164
2026-01-16 04:45:00,real_time_price,298.0,valley,296.14703154563904
2026-01-16 05:00:00,real_time_price,300.05,valley,291.5658733844757
2026-01-16 05:15:00,real_time_price,297.08,valley,296.13863825798035
2026-01-16 05:30:00,real_time_price,298.0,valley,301.0872938632965
2026-01-16 05:45:00,real_time_price,287.8,valley,302.3891022205353
2026-01-16 06:00:00,real_time_price,300.0,valley,301.9948284626007
2026-01-16 06:15:00,real_time_price,297.79,valley,301.90122866630554
2026-01-16 06:30:00,real_time_price,300.01,valley,306.7588908672333
2026-01-16 06:45:00,real_time_price,306.8,valley,305.44041752815247
2026-01-16 07:00:00,real_time_price,324.98,valley,315.94422125816345
2026-01-16 07:15:00,real_time_price,316.72,valley,313.02359223365784
2026-01-16 07:30:00,real_time_price,320.01,valley,312.64687275886536
2026-01-16 07:45:00,real_time_price,320.01,valley,316.5236747264862
2026-01-16 08:00:00,real_time_price,323.49,flat,337.69534516334534
2026-01-16 08:15:00,real_time_price,329.89,flat,371.4196238517761
2026-01-16 08:30:00,real_time_price,330.59,flat,367.6163487434387
2026-01-16 08:45:00,real_time_price,326.21,flat,350.975469827652
2026-01-16 09:00:00,real_time_price,322.92,flat,338.2912964820862
2026-01-16 09:15:00,real_time_price,323.98,flat,342.0700898170471
2026-01-16 09:30:00,real_time_price,310.15,flat,342.9060443639755
2026-01-16 09:45:00,real_time_price,317.16,flat,328.66347324848175
2026-01-16 10:00:00,real_time_price,305.47,peak,300.1690607070923
2026-01-16 10:15:00,real_time_price,308.82,peak,293.8846552371979
2026-01-16 10:30:00,real_time_price,286.97,peak,283.686913728714
2026-01-16 10:45:00,real_time_price,280.36,peak,285.2917628288269
2026-01-16 11:00:00,real_time_price,265.61,peak,282.9976863861084
2026-01-16 11:15:00,real_time_price,278.89,peak,257.7353677749634
2026-01-16 11:30:00,real_time_price,274.25,peak,276.0758900642395
2026-01-16 11:45:00,real_time_price,269.56,peak,245.91907942295074
2026-01-16 12:00:00,real_time_price,260.48,flat,261.9706680774689
2026-01-16 12:15:00,real_time_price,170.54,flat,173.63584208488464
2026-01-16 12:30:00,real_time_price,240.77,flat,206.9057388305664
2026-01-16 12:45:00,real_time_price,157.14,flat,236.6103653907776
2026-01-16 13:00:00,real_time_price,59.1,flat,179.54600310325623
2026-01-16 13:15:00,real_time_price,155.4,flat,149.8779355287552
2026-01-16 13:30:00,real_time_price,168.32,flat,190.06491351127625
2026-01-16 13:45:00,real_time_price,255.51,flat,194.4259831905365
2026-01-16 14:00:00,real_time_price,256.49,peak,250.28767883777618
2026-01-16 14:15:00,real_time_price,231.43,peak,242.33653318881989
2026-01-16 14:30:00,real_time_price,233.86,peak,237.40534901618958
2026-01-16 14:45:00,real_time_price,252.14,peak,239.78786540031433
2026-01-16 15:00:00,real_time_price,246.09,peak,252.07213163375854
2026-01-16 15:15:00,real_time_price,256.28,peak,242.6990303993225
2026-01-16 15:30:00,real_time_price,263.4,peak,245.32836532592773
2026-01-16 15:45:00,real_time_price,274.4,peak,261.44677448272705
2026-01-16 16:00:00,real_time_price,285.06,peak,277.27366042137146
2026-01-16 16:15:00,real_time_price,301.22,peak,287.3402850627899
2026-01-16 16:30:00,real_time_price,311.0,peak,305.17581582069397
2026-01-16 16:45:00,real_time_price,310.97,peak,338.42517590522766
2026-01-16 17:00:00,real_time_price,357.9,peak,331.1595380306244
2026-01-16 17:15:00,real_time_price,328.2,peak,356.06951999664307
2026-01-16 17:30:00,real_time_price,322.83,peak,355.98672246932983
2026-01-16 17:45:00,real_time_price,332.61,peak,322.24104368686676
2026-01-16 18:00:00,real_time_price,329.37,peak,329.4930171966553
2026-01-16 18:15:00,real_time_price,328.39,peak,336.5629290342331
2026-01-16 18:30:00,real_time_price,347.2,peak,341.0655782222748
2026-01-16 18:45:00,real_time_price,378.48,peak,358.9223246574402
2026-01-16 19:00:00,real_time_price,329.57,flat,374.2301483154297
2026-01-16 19:15:00,real_time_price,349.77,flat,344.5333309173584
2026-01-16 19:30:00,real_time_price,313.89,flat,355.9469680786133
2026-01-16 19:45:00,real_time_price,361.79,flat,334.73048400878906
2026-01-16 20:00:00,real_time_price,318.79,flat,341.24249029159546
2026-01-16 20:15:00,real_time_price,361.97,flat,330.11570405960083
2026-01-16 20:30:00,real_time_price,329.54,flat,361.5024733543396
2026-01-16 20:45:00,real_time_price,324.95,flat,352.44713592529297
2026-01-16 21:00:00,real_time_price,330.02,flat,337.79571056365967
2026-01-16 21:15:00,real_time_price,327.81,flat,333.93084383010864
2026-01-16 21:30:00,real_time_price,336.34,flat,340.74020075798035
2026-01-16 21:45:00,real_time_price,320.16,flat,338.915976524353
2026-01-16 22:00:00,real_time_price,340.06,flat,323.4010953903198
2026-01-16 22:15:00,real_time_price,314.15,flat,329.0093026161194
2026-01-16 22:30:00,real_time_price,318.83,flat,315.52543091773987
2026-01-16 22:45:00,real_time_price,314.53,flat,308.3105261325836
2026-01-16 23:00:00,real_time_price,317.38,flat,307.0174288749695
2026-01-16 23:15:00,real_time_price,316.48,flat,303.3358955383301
2026-01-16 23:30:00,real_time_price,317.15,flat,305.7266969680786
2026-01-16 23:45:00,real_time_price,316.38,flat,305.6673183441162
2026-01-17 00:00:00,real_time_price,320.05,valley,313.66371166706085
2026-01-17 00:15:00,real_time_price,267.84,valley,311.3610050678253
2026-01-17 00:30:00,real_time_price,275.57,valley,358.414564371109
2026-01-17 00:45:00,real_time_price,303.32,valley,322.8390567302704
2026-01-17 01:00:00,real_time_price,309.31,valley,291.99950098991394
2026-01-17 01:15:00,real_time_price,349.02,valley,300.09130215644836
2026-01-17 01:30:00,real_time_price,327.12,valley,329.29763865470886
2026-01-17 01:45:00,real_time_price,342.76,valley,330.2743330001831
2026-01-17 02:00:00,real_time_price,311.21,valley,334.20952224731445
2026-01-17 02:15:00,real_time_price,336.7,valley,322.9465389251709
2026-01-17 02:30:00,real_time_price,323.0,valley,326.98895478248596
2026-01-17 02:45:00,real_time_price,301.53,valley,328.694463968277
2026-01-17 03:00:00,real_time_price,310.01,valley,310.27078461647034
2026-01-17 03:15:00,real_time_price,318.38,valley,311.81002497673035
2026-01-17 03:30:00,real_time_price,315.0,valley,311.2545976638794
2026-01-17 03:45:00,real_time_price,305.0,valley,314.96210193634033
2026-01-17 04:00:00,real_time_price,303.15,valley,308.87254333496094
2026-01-17 04:15:00,real_time_price,301.36,valley,306.57530212402344
2026-01-17 04:30:00,real_time_price,302.07,valley,302.8398036956787
2026-01-17 04:45:00,real_time_price,293.76,valley,303.1243600845337
2026-01-17 05:00:00,real_time_price,292.68,valley,296.46870040893555
2026-01-17 05:15:00,real_time_price,291.08,valley,295.5090093612671
2026-01-17 05:30:00,real_time_price,291.08,valley,296.0623149871826
2026-01-17 05:45:00,real_time_price,291.99,valley,296.25433921813965
2026-01-17 06:00:00,real_time_price,297.65,valley,296.204877614975
2026-01-17 06:15:00,real_time_price,297.44,valley,296.9458694458008
2026-01-17 06:30:00,real_time_price,298.84,valley,307.46731662750244
2026-01-17 06:45:00,real_time_price,296.4,valley,310.6946153640747
2026-01-17 07:00:00,real_time_price,298.39,valley,303.8145067691803
2026-01-17 07:15:00,real_time_price,302.23,valley,297.16162943840027
2026-01-17 07:30:00,real_time_price,307.85,valley,327.63811206817627
2026-01-17 07:45:00,real_time_price,322.96,valley,310.85655879974365
2026-01-17 08:00:00,real_time_price,327.15,flat,328.918155670166
2026-01-17 08:15:00,real_time_price,467.7,flat,333.1440863609314
2026-01-17 08:30:00,real_time_price,329.13,flat,402.4277468919754
2026-01-17 08:45:00,real_time_price,444.75,flat,346.57785642147064
2026-01-17 09:00:00,real_time_price,340.92,flat,388.7081184387207
2026-01-17 09:15:00,real_time_price,352.62,flat,351.9622257947922
2026-01-17 09:30:00,real_time_price,330.41,flat,354.9939161539078
2026-01-17 09:45:00,real_time_price,328.6,flat,342.17487716674805
2026-01-17 10:00:00,real_time_price,309.95,peak,295.15871024131775
2026-01-17 10:15:00,real_time_price,287.97,peak,294.7168881893158
2026-01-17 10:30:00,real_time_price,289.7,peak,290.76685905456543
2026-01-17 10:45:00,real_time_price,263.13,peak,282.6737017631531
2026-01-17 11:00:00,real_time_price,277.45,peak,278.21841859817505
2026-01-17 11:15:00,real_time_price,271.92,peak,275.26995182037354
2026-01-17 11:30:00,real_time_price,279.24,peak,281.6811547279358
2026-01-17 11:45:00,real_time_price,259.45,peak,260.36291122436523
2026-01-17 12:00:00,real_time_price,259.35,flat,250.0385971069336
2026-01-17 12:15:00,real_time_price,100.0,flat,171.2409954071045
2026-01-17 12:30:00,real_time_price,209.15,flat,240.76471614837646
2026-01-17 12:45:00,real_time_price,141.91,flat,186.5046615600586
2026-01-17 13:00:00,real_time_price,147.25,flat,160.74454259872437
2026-01-17 13:15:00,real_time_price,143.29,flat,165.7259783744812
2026-01-17 13:30:00,real_time_price,199.09,flat,180.97050213813782
2026-01-17 13:45:00,real_time_price,266.93,flat,221.6612844467163
2026-01-17 14:00:00,real_time_price,225.16,peak,263.0902876853943
2026-01-17 14:15:00,real_time_price,239.15,peak,252.18264842033386
2026-01-17 14:30:00,real_time_price,189.93,peak,235.81777000427246
2026-01-17 14:45:00,real_time_price,214.67,peak,232.7906951904297
2026-01-17 15:00:00,real_time_price,231.39,peak,205.22903275489807
2026-01-17 15:15:00,real_time_price,188.45,peak,221.94396901130676
2026-01-17 15:30:00,real_time_price,186.39,peak,222.6767008304596
2026-01-17 15:45:00,real_time_price,259.78,peak,231.12652277946472
2026-01-17 16:00:00,real_time_price,269.55,peak,249.5436327457428
2026-01-17 16:15:00,real_time_price,275.79,peak,263.1573808193207
2026-01-17 16:30:00,real_time_price,282.9,peak,276.30157494544983
2026-01-17 16:45:00,real_time_price,299.22,peak,290.31902861595154
2026-01-17 17:00:00,real_time_price,469.48,peak,308.5895903110504
2026-01-17 17:15:00,real_time_price,419.37,peak,376.8729269504547
2026-01-17 17:30:00,real_time_price,328.44,peak,467.7895886898041
2026-01-17 17:45:00,real_time_price,318.73,peak,340.5206301212311
2026-01-17 18:00:00,real_time_price,327.51,peak,348.37048387527466
2026-01-17 18:15:00,real_time_price,321.66,peak,352.10679173469543
2026-01-17 18:30:00,real_time_price,314.13,peak,339.0892524719238
2026-01-17 18:45:00,real_time_price,328.96,peak,318.2794306278229
2026-01-17 19:00:00,real_time_price,321.89,flat,333.8595246076584
2026-01-17 19:15:00,real_time_price,328.02,flat,331.9012212753296
2026-01-17 19:30:00,real_time_price,341.45,flat,367.26227378845215
2026-01-17 19:45:00,real_time_price,347.17,flat,341.62328243255615
2026-01-17 20:00:00,real_time_price,353.48,flat,337.2177155017853
2026-01-17 20:15:00,real_time_price,362.18,flat,343.98982429504395
2026-01-17 20:30:00,real_time_price,380.72,flat,360.05801010131836
2026-01-17 20:45:00,real_time_price,333.47,flat,387.55225944519043
2026-01-17 21:00:00,real_time_price,330.46,flat,350.7677068710327
2026-01-17 21:15:00,real_time_price,396.09,flat,336.700040102005
2026-01-17 21:30:00,real_time_price,384.25,flat,389.8446168899536
2026-01-17 21:45:00,real_time_price,325.3,flat,381.3708758354187
2026-01-17 22:00:00,real_time_price,357.63,flat,346.5425395965576
2026-01-17 22:15:00,real_time_price,329.94,flat,349.5271372795105
2026-01-17 22:30:00,real_time_price,328.59,flat,323.5571665763855
2026-01-17 22:45:00,real_time_price,349.03,flat,312.8192195892334
2026-01-17 23:00:00,real_time_price,324.99,flat,322.0269384384155
2026-01-17 23:15:00,real_time_price,328.33,flat,311.350798368454
2026-01-17 23:30:00,real_time_price,317.0,flat,310.88309717178345
2026-01-17 23:45:00,real_time_price,306.9,flat,312.4474091529846
2026-01-18 00:00:00,real_time_price,298.67,valley,305.45013201236725
2026-01-18 00:15:00,real_time_price,267.37,valley,289.53190636634827
2026-01-18 00:30:00,real_time_price,361.46,valley,345.5152106285095
2026-01-18 00:45:00,real_time_price,385.36,valley,352.7418329715729
2026-01-18 01:00:00,real_time_price,316.2,valley,338.10917019844055
2026-01-18 01:15:00,real_time_price,326.35,valley,314.3703362941742
2026-01-18 01:30:00,real_time_price,325.43,valley,322.2144386768341
2026-01-18 01:45:00,real_time_price,323.99,valley,326.4244794845581
2026-01-18 02:00:00,real_time_price,325.85,valley,324.164213180542
2026-01-18 02:15:00,real_time_price,326.86,valley,325.5209102630615
2026-01-18 02:30:00,real_time_price,315.47,valley,326.1687173843384
2026-01-18 02:45:00,real_time_price,312.5,valley,326.1494219303131
2026-01-18 03:00:00,real_time_price,294.75,valley,315.3495750427246
2026-01-18 03:15:00,real_time_price,291.41,valley,299.5736770629883
2026-01-18 03:30:00,real_time_price,297.83,valley,294.3904354572296
2026-01-18 03:45:00,real_time_price,305.99,valley,293.9297971725464
2026-01-18 04:00:00,real_time_price,312.34,valley,305.0940237045288
2026-01-18 04:15:00,real_time_price,298.97,valley,307.50657176971436
2026-01-18 04:30:00,real_time_price,297.75,valley,300.69825553894043
2026-01-18 04:45:00,real_time_price,289.42,valley,293.17706871032715
2026-01-18 05:00:00,real_time_price,289.75,valley,294.1132974624634
2026-01-18 05:15:00,real_time_price,287.74,valley,287.8793828487396
2026-01-18 05:30:00,real_time_price,294.34,valley,292.36011695861816
2026-01-18 05:45:00,real_time_price,294.39,valley,291.6652240753174
2026-01-18 06:00:00,real_time_price,297.75,valley,295.04799008369446
2026-01-18 06:15:00,real_time_price,299.38,valley,295.40929985046387
2026-01-18 06:30:00,real_time_price,294.33,valley,305.490930557251
2026-01-18 06:45:00,real_time_price,272.49,valley,302.64563846588135
2026-01-18 07:00:00,real_time_price,289.77,valley,291.04484462738037
2026-01-18 07:15:00,real_time_price,279.82,valley,292.22608757019043
2026-01-18 07:30:00,real_time_price,297.73,valley,286.2925510406494
2026-01-18 07:45:00,real_time_price,302.62,valley,289.7456865310669
2026-01-18 08:00:00,real_time_price,317.92,flat,301.1042490005493
2026-01-18 08:15:00,real_time_price,318.11,flat,317.102218747139
2026-01-18 08:30:00,real_time_price,300.29,flat,328.3739323616028
2026-01-18 08:45:00,real_time_price,297.38,flat,298.5288944244385
2026-01-18 09:00:00,real_time_price,293.59,flat,287.0008430480957
2026-01-18 09:15:00,real_time_price,296.01,flat,282.7719135284424
2026-01-18 09:30:00,real_time_price,278.75,flat,284.1139738559723
2026-01-18 09:45:00,real_time_price,273.61,flat,283.686399936676
2026-01-18 10:00:00,real_time_price,243.9,peak,259.42605781555176
2026-01-18 10:15:00,real_time_price,215.63,peak,246.99743843078613
2026-01-18 10:30:00,real_time_price,143.45,peak,203.47778177261353
2026-01-18 10:45:00,real_time_price,177.23,peak,180.7305998802185
2026-01-18 11:00:00,real_time_price,153.41,peak,168.81855487823486
2026-01-18 11:15:00,real_time_price,55.26,peak,137.1616177558899
2026-01-18 11:30:00,real_time_price,245.31,peak,111.35194158554077
2026-01-18 11:45:00,real_time_price,145.59,peak,209.17740678787231
2026-01-18 12:00:00,real_time_price,172.61,flat,159.07184529304504
2026-01-18 12:15:00,real_time_price,23.25,flat,83.36583423614502
2026-01-18 12:30:00,real_time_price,89.51,flat,137.8046054840088
2026-01-18 12:45:00,real_time_price,0.09,flat,107.00152158737183
2026-01-18 13:00:00,real_time_price,144.54,flat,78.7686276435852
2026-01-18 13:15:00,real_time_price,64.15,flat,93.33930575847626
2026-01-18 13:30:00,real_time_price,71.25,flat,111.86414301395416
2026-01-18 13:45:00,real_time_price,139.45,flat,100.50316095352173
2026-01-18 14:00:00,real_time_price,2.23,peak,123.96505236625671
2026-01-18 14:15:00,real_time_price,67.94,peak,166.0148514509201
2026-01-18 14:30:00,real_time_price,-48.29,peak,165.18428909778595
2026-01-18 14:45:00,real_time_price,-49.85,peak,173.36618900299072
2026-01-18 15:00:00,real_time_price,169.98,peak,22.667698979377747
2026-01-18 15:15:00,real_time_price,57.02,peak,127.78010952472687
2026-01-18 15:30:00,real_time_price,68.58,peak,83.68116235733032
2026-01-18 15:45:00,real_time_price,-19.75,peak,116.69372892379761
2026-01-18 16:00:00,real_time_price,80.68,peak,76.80313062667847
2026-01-18 16:15:00,real_time_price,186.75,peak,153.68935012817383
2026-01-18 16:30:00,real_time_price,266.32,peak,203.59834003448486
2026-01-18 16:45:00,real_time_price,273.04,peak,253.1351547241211
2026-01-18 17:00:00,real_time_price,285.39,peak,271.6002712249756
2026-01-18 17:15:00,real_time_price,295.0,peak,284.9988703727722
2026-01-18 17:30:00,real_time_price,313.99,peak,299.719530582428
2026-01-18 17:45:00,real_time_price,319.98,peak,304.3578951358795
2026-01-18 18:00:00,real_time_price,310.0,peak,314.0170214176178
2026-01-18 18:15:00,real_time_price,319.98,peak,312.547488451004
2026-01-18 18:30:00,real_time_price,317.28,peak,334.2980856895447
2026-01-18 18:45:00,real_time_price,315.29,peak,328.4237060546875
2026-01-18 19:00:00,real_time_price,320.08,flat,315.73326301574707
2026-01-18 19:15:00,real_time_price,324.97,flat,311.50810050964355
2026-01-18 19:30:00,real_time_price,320.08,flat,336.8353862762451
2026-01-18 19:45:00,real_time_price,319.99,flat,323.62303161621094
2026-01-18 20:00:00,real_time_price,322.98,flat,317.6713182926178
2026-01-18 20:15:00,real_time_price,319.98,flat,314.48321628570557
2026-01-18 20:30:00,real_time_price,320.68,flat,325.91631412506104
2026-01-18 20:45:00,real_time_price,326.26,flat,326.22159481048584
2026-01-18 21:00:00,real_time_price,330.0,flat,324.71492290496826
2026-01-18 21:15:00,real_time_price,330.0,flat,326.16834354400635
2026-01-18 21:30:00,real_time_price,355.22,flat,334.49862813949585
2026-01-18 21:45:00,real_time_price,365.7,flat,339.4408030509949
2026-01-18 22:00:00,real_time_price,320.1,flat,343.86281967163086
2026-01-18 22:15:00,real_time_price,319.0,flat,329.3443260192871
2026-01-18 22:30:00,real_time_price,314.0,flat,308.1463942527771
2026-01-18 22:45:00,real_time_price,299.86,flat,304.0479516983032
2026-01-18 23:00:00,real_time_price,300.1,flat,283.7865791320801
2026-01-18 23:15:00,real_time_price,285.6,flat,277.96163177490234
2026-01-18 23:30:00,real_time_price,284.86,flat,275.69737339019775
2026-01-18 23:45:00,real_time_price,279.91,flat,273.7774441242218
2026-01-19 00:00:00,real_time_price,279.91,valley,270.7186048030853
2026-01-19 00:15:00,real_time_price,275.0,valley,268.6842112541199
2026-01-19 00:30:00,real_time_price,299.54,valley,353.24930238723755
2026-01-19 00:45:00,real_time_price,292.13,valley,293.0497016906738
2026-01-19 01:00:00,real_time_price,285.0,valley,280.34985315799713
2026-01-19 01:15:00,real_time_price,285.03,valley,280.9727884531021
2026-01-19 01:30:00,real_time_price,280.04,valley,281.4565373659134
2026-01-19 01:45:00,real_time_price,278.33,valley,279.0886812210083
2026-01-19 02:00:00,real_time_price,270.14,valley,273.4166557788849
2026-01-19 02:15:00,real_time_price,275.23,valley,271.6485562324524
2026-01-19 02:30:00,real_time_price,275.03,valley,266.01948499679565
2026-01-19 02:45:00,real_time_price,272.03,valley,267.0561065673828
2026-01-19 03:00:00,real_time_price,270.0,valley,267.1460180282593
2026-01-19 03:15:00,real_time_price,268.04,valley,265.7455174922943
2026-01-19 03:30:00,real_time_price,265.04,valley,262.60995388031006
2026-01-19 03:45:00,real_time_price,274.98,valley,260.6088066101074
2026-01-19 04:00:00,real_time_price,265.13,valley,264.79022431373596
2026-01-19 04:15:00,real_time_price,270.3,valley,262.70035576820374
2026-01-19 04:30:00,real_time_price,265.04,valley,263.72092938423157
2026-01-19 04:45:00,real_time_price,269.99,valley,260.9191243648529
2026-01-19 05:00:00,real_time_price,263.04,valley,264.2754671573639
2026-01-19 05:15:00,real_time_price,269.97,valley,263.1583981513977
2026-01-19 05:30:00,real_time_price,265.07,valley,267.59567952156067
2026-01-19 05:45:00,real_time_price,272.92,valley,267.0805003643036
2026-01-19 06:00:00,real_time_price,274.85,valley,271.4310665130615
2026-01-19 06:15:00,real_time_price,274.85,valley,272.7366466522217
2026-01-19 06:30:00,real_time_price,281.81,valley,279.8676517009735
2026-01-19 06:45:00,real_time_price,280.34,valley,285.85349345207214
2026-01-19 07:00:00,real_time_price,291.19,valley,286.55593752861023
2026-01-19 07:15:00,real_time_price,291.18,valley,282.00841641426086
2026-01-19 07:30:00,real_time_price,299.7,valley,288.01665234565735
2026-01-19 07:45:00,real_time_price,298.91,valley,295.8807337284088
2026-01-19 08:00:00,real_time_price,302.92,flat,303.6156680583954
2026-01-19 08:15:00,real_time_price,291.23,flat,309.5359070301056
2026-01-19 08:30:00,real_time_price,310.78,flat,300.7797408103943
2026-01-19 08:45:00,real_time_price,306.63,flat,297.30801725387573
2026-01-19 09:00:00,real_time_price,337.21,flat,293.0615944862366
2026-01-19 09:15:00,real_time_price,263.17,flat,309.0176019668579
2026-01-19 09:30:00,real_time_price,304.11,flat,282.2112064361572
2026-01-19 09:45:00,real_time_price,279.4,flat,274.479754447937
2026-01-19 10:00:00,real_time_price,278.73,peak,267.82310676574707
2026-01-19 10:15:00,real_time_price,265.81,peak,264.75269889831543
2026-01-19 10:30:00,real_time_price,254.77,peak,256.1087293624878
2026-01-19 10:45:00,real_time_price,143.61,peak,253.32510709762573
2026-01-19 11:00:00,real_time_price,155.3,peak,211.89164543151855
2026-01-19 11:15:00,real_time_price,196.95,peak,216.68738985061646
2026-01-19 11:30:00,real_time_price,244.7,peak,165.00743055343628
2026-01-19 11:45:00,real_time_price,248.88,peak,183.15160274505615
2026-01-19 12:00:00,real_time_price,240.15,flat,210.44898319244385
2026-01-19 12:15:00,real_time_price,106.04,flat,130.3977837562561
2026-01-19 12:30:00,real_time_price,180.6,flat,182.0044755935669
2026-01-19 12:45:00,real_time_price,106.97,flat,173.24282455444336
2026-01-19 13:00:00,real_time_price,132.57,flat,151.54581499099731
2026-01-19 13:15:00,real_time_price,146.92,flat,118.58394527435303
2026-01-19 13:30:00,real_time_price,151.63,flat,175.4961895942688
2026-01-19 13:45:00,real_time_price,154.35,flat,186.057581782341
2026-01-19 14:00:00,real_time_price,245.18,peak,218.26819610595703
2026-01-19 14:15:00,real_time_price,228.39,peak,163.52489566802979
2026-01-19 14:30:00,real_time_price,85.8,peak,202.47250413894653
2026-01-19 14:45:00,real_time_price,178.76,peak,150.9836196899414
2026-01-19 15:00:00,real_time_price,164.75,peak,179.96329045295715
2026-01-19 15:15:00,real_time_price,232.63,peak,168.89380550384521
2026-01-19 15:30:00,real_time_price,203.09,peak,180.600891828537
2026-01-19 15:45:00,real_time_price,224.48,peak,240.53055202960968
2026-01-19 16:00:00,real_time_price,252.36,peak,250.10741472244263
2026-01-19 16:15:00,real_time_price,287.96,peak,254.3104349374771
2026-01-19 16:30:00,real_time_price,272.88,peak,273.60284876823425
2026-01-19 16:45:00,real_time_price,273.2,peak,277.3267436027527
2026-01-19 17:00:00,real_time_price,290.95,peak,280.8790955543518
2026-01-19 17:15:00,real_time_price,295.07,peak,293.14874172210693
2026-01-19 17:30:00,real_time_price,313.01,peak,305.79046511650085
2026-01-19 17:45:00,real_time_price,305.37,peak,299.6391673088074
2026-01-19 18:00:00,real_time_price,315.6,peak,304.8697428703308
2026-01-19 18:15:00,real_time_price,318.83,peak,316.62128353118896
2026-01-19 18:30:00,real_time_price,326.43,peak,326.00119829177856
2026-01-19 18:45:00,real_time_price,331.46,peak,339.892840385437
2026-01-19 19:00:00,real_time_price,342.9,flat,344.8213701248169
2026-01-19 19:15:00,real_time_price,327.61,flat,357.00386238098145
2026-01-19 19:30:00,real_time_price,317.72,flat,376.5173225402832
2026-01-19 19:45:00,real_time_price,327.24,flat,337.95251750946045
2026-01-19 20:00:00,real_time_price,317.54,flat,317.3306441307068
2026-01-19 20:15:00,real_time_price,317.96,flat,316.9135503768921
2026-01-19 20:30:00,real_time_price,321.83,flat,329.63533306121826
2026-01-19 20:45:00,real_time_price,315.42,flat,324.161865234375
2026-01-19 21:00:00,real_time_price,317.67,flat,320.784743309021
2026-01-19 21:15:00,real_time_price,319.64,flat,312.95137214660645
2026-01-19 21:30:00,real_time_price,318.74,flat,321.3551597595215
2026-01-19 21:45:00,real_time_price,307.38,flat,316.38503074645996
2026-01-19 22:00:00,real_time_price,303.01,flat,295.96680307388306
2026-01-19 22:15:00,real_time_price,298.47,flat,294.6222004890442
2026-01-19 22:30:00,real_time_price,291.24,flat,286.60556077957153
2026-01-19 22:45:00,real_time_price,292.07,flat,282.0907778739929
2026-01-19 23:00:00,real_time_price,292.64,flat,278.5608506202698
2026-01-19 23:15:00,real_time_price,282.88,flat,277.1078164577484
2026-01-19 23:30:00,real_time_price,279.91,flat,277.3790092468262
2026-01-19 23:45:00,real_time_price,281.95,flat,276.4295241832733
2026-01-20 00:00:00,real_time_price,278.0,valley,275.4733085632324
2026-01-20 00:15:00,real_time_price,265.02,valley,275.1447916030884
2026-01-20 00:30:00,real_time_price,300.98,valley,290.9871549606323
2026-01-20 00:45:00,real_time_price,293.72,valley,294.59269189834595
2026-01-20 01:00:00,real_time_price,293.04,valley,271.2187006473541
2026-01-20 01:15:00,real_time_price,283.16,valley,275.6107848882675
2026-01-20 01:30:00,real_time_price,286.57,valley,275.5644373893738
2026-01-20 01:45:00,real_time_price,275.93,valley,280.45755434036255
2026-01-20 02:00:00,real_time_price,281.05,valley,267.8514441251755
2026-01-20 02:15:00,real_time_price,274.42,valley,275.42737460136414
2026-01-20 02:30:00,real_time_price,276.66,valley,267.815309047699
2026-01-20 02:45:00,real_time_price,274.26,valley,268.85338163375854
2026-01-20 03:00:00,real_time_price,262.11,valley,266.2501571178436
2026-01-20 03:15:00,real_time_price,268.39,valley,259.19134175777435
2026-01-20 03:30:00,real_time_price,278.65,valley,259.3408191204071
2026-01-20 03:45:00,real_time_price,273.85,valley,268.9309754371643
2026-01-20 04:00:00,real_time_price,265.07,valley,264.4549448490143
2026-01-20 04:15:00,real_time_price,272.11,valley,264.14530849456787
2026-01-20 04:30:00,real_time_price,268.28,valley,265.5516984462738
2026-01-20 04:45:00,real_time_price,263.84,valley,262.7859880924225
2026-01-20 05:00:00,real_time_price,257.02,valley,261.6750912666321
2026-01-20 05:15:00,real_time_price,266.88,valley,258.82497549057007
2026-01-20 05:30:00,real_time_price,269.01,valley,261.9272315502167
2026-01-20 05:45:00,real_time_price,275.2,valley,270.70814180374146
2026-01-20 06:00:00,real_time_price,274.27,valley,274.08234786987305
2026-01-20 06:15:00,real_time_price,273.47,valley,278.29046297073364
2026-01-20 06:30:00,real_time_price,276.48,valley,281.2053518295288
2026-01-20 06:45:00,real_time_price,271.57,valley,280.8151590824127
2026-01-20 07:00:00,real_time_price,286.91,valley,276.5196998119354
2026-01-20 07:15:00,real_time_price,283.5,valley,282.48384165763855
2026-01-20 07:30:00,real_time_price,300.82,valley,280.05358815193176
2026-01-20 07:45:00,real_time_price,303.46,valley,293.44293665885925
2026-01-20 08:00:00,real_time_price,318.39,flat,307.7781398296356
2026-01-20 08:15:00,real_time_price,312.57,flat,342.44026279449463
2026-01-20 08:30:00,real_time_price,318.05,flat,348.1381916999817
2026-01-20 08:45:00,real_time_price,318.95,flat,327.55544662475586
2026-01-20 09:00:00,real_time_price,361.8,flat,318.487042427063
2026-01-20 09:15:00,real_time_price,444.3,flat,333.50666189193726
2026-01-20 09:30:00,real_time_price,388.2,flat,383.8577184677124
2026-01-20 09:45:00,real_time_price,311.21,flat,374.25905179977417
2026-01-20 10:00:00,real_time_price,318.25,peak,297.47551441192627
2026-01-20 10:15:00,real_time_price,312.79,peak,286.3907108306885
2026-01-20 10:30:00,real_time_price,313.27,peak,287.66892528533936
2026-01-20 10:45:00,real_time_price,281.77,peak,292.79374265670776
2026-01-20 11:00:00,real_time_price,304.15,peak,284.8077116012573
2026-01-20 11:15:00,real_time_price,348.59,peak,287.70838260650635
2026-01-20 11:30:00,real_time_price,265.85,peak,336.3519592285156
2026-01-20 11:45:00,real_time_price,284.21,peak,280.3547077178955
2026-01-20 12:00:00,real_time_price,301.07,flat,263.14313316345215
2026-01-20 12:15:00,real_time_price,272.7,flat,224.7707872390747
2026-01-20 12:30:00,real_time_price,285.16,flat,269.8060178756714
2026-01-20 12:45:00,real_time_price,275.99,flat,268.2250032424927
2026-01-20 13:00:00,real_time_price,220.76,flat,273.99718475341797
2026-01-20 13:15:00,real_time_price,250.71,flat,244.28316402435303
2026-01-20 13:30:00,real_time_price,302.23,flat,254.13930654525757
2026-01-20 13:45:00,real_time_price,313.59,flat,292.9654235839844
2026-01-20 14:00:00,real_time_price,317.32,peak,291.92819118499756
2026-01-20 14:15:00,real_time_price,309.78,peak,286.93554878234863
2026-01-20 14:30:00,real_time_price,257.32,peak,251.23526859283447
2026-01-20 14:45:00,real_time_price,275.16,peak,279.8071060180664
2026-01-20 15:00:00,real_time_price,253.94,peak,270.0584759712219
2026-01-20 15:15:00,real_time_price,266.84,peak,260.5903835296631
2026-01-20 15:30:00,real_time_price,271.11,peak,256.3296368122101
2026-01-20 15:45:00,real_time_price,278.64,peak,262.70888328552246
2026-01-20 16:00:00,real_time_price,279.48,peak,273.7201726436615
2026-01-20 16:15:00,real_time_price,285.05,peak,280.7393264770508
2026-01-20 16:30:00,real_time_price,290.89,peak,294.61434626579285
2026-01-20 16:45:00,real_time_price,305.95,peak,302.3074405193329
2026-01-20 17:00:00,real_time_price,360.16,peak,303.1644186973572
2026-01-20 17:15:00,real_time_price,354.2,peak,333.7894287109375
2026-01-20 17:30:00,real_time_price,427.52,peak,379.92802572250366
2026-01-20 17:45:00,real_time_price,370.85,peak,366.8257541656494
2026-01-20 18:00:00,real_time_price,403.56,peak,362.6740436553955
2026-01-20 18:15:00,real_time_price,414.05,peak,383.7014980316162
2026-01-20 18:30:00,real_time_price,504.0,peak,424.5581102371216
2026-01-20 18:45:00,real_time_price,453.71,peak,503.0073471069336
2026-01-20 19:00:00,real_time_price,389.87,flat,456.6399459838867
2026-01-20 19:15:00,real_time_price,384.17,flat,372.17863607406616
2026-01-20 19:30:00,real_time_price,502.54,flat,419.65978145599365
2026-01-20 19:45:00,real_time_price,440.5,flat,443.9458866119385
2026-01-20 20:00:00,real_time_price,342.38,flat,409.5059676170349
2026-01-20 20:15:00,real_time_price,417.68,flat,340.86789321899414
2026-01-20 20:30:00,real_time_price,573.59,flat,399.3741102218628
2026-01-20 20:45:00,real_time_price,437.37,flat,452.32272243499756
2026-01-20 21:00:00,real_time_price,652.97,flat,406.55642223358154
2026-01-20 21:15:00,real_time_price,608.25,flat,493.1989402770996
2026-01-20 21:30:00,real_time_price,616.35,flat,556.6398935317993
2026-01-20 21:45:00,real_time_price,364.56,flat,537.280499458313
2026-01-20 22:00:00,real_time_price,540.04,flat,381.85085678100586
2026-01-20 22:15:00,real_time_price,523.03,flat,430.87131452560425
2026-01-20 22:30:00,real_time_price,455.62,flat,448.94267749786377
2026-01-20 22:45:00,real_time_price,405.33,flat,415.73368644714355
2026-01-20 23:00:00,real_time_price,358.69,flat,367.4540057182312
2026-01-20 23:15:00,real_time_price,343.27,flat,331.7926788330078
2026-01-20 23:30:00,real_time_price,341.61,flat,325.64325618743896
2026-01-20 23:45:00,real_time_price,342.89,flat,319.2676591873169
2026-01-21 00:00:00,real_time_price,337.16,valley,333.44175386428833
2026-01-21 00:15:00,real_time_price,289.45,valley,323.2184705734253
2026-01-21 00:30:00,real_time_price,330.18,valley,361.4995946884155
2026-01-21 00:45:00,real_time_price,293.73,valley,331.1114020347595
2026-01-21 01:00:00,real_time_price,292.7,valley,295.36368107795715
2026-01-21 01:15:00,real_time_price,280.95,valley,288.3862018585205
2026-01-21 01:30:00,real_time_price,283.53,valley,287.93830156326294
2026-01-21 01:45:00,real_time_price,282.28,valley,279.89154183864594
2026-01-21 02:00:00,real_time_price,274.11,valley,278.70014345645905
2026-01-21 02:15:00,real_time_price,275.47,valley,273.66651022434235
2026-01-21 02:30:00,real_time_price,275.51,valley,271.5955184698105
2026-01-21 02:45:00,real_time_price,269.41,valley,269.8002475500107
2026-01-21 03:00:00,real_time_price,269.86,valley,266.6845043897629
2026-01-21 03:15:00,real_time_price,264.87,valley,267.81420481204987
2026-01-21 03:30:00,real_time_price,265.45,valley,261.83710741996765
2026-01-21 03:45:00,real_time_price,259.34,valley,260.67906045913696
2026-01-21 04:00:00,real_time_price,264.53,valley,256.8930585384369
2026-01-21 04:15:00,real_time_price,254.46,valley,259.3652710914612
2026-01-21 04:30:00,real_time_price,247.79,valley,254.38682508468628
2026-01-21 04:45:00,real_time_price,237.95,valley,248.13218927383423
2026-01-21 05:00:00,real_time_price,254.57,valley,242.43913960456848
2026-01-21 05:15:00,real_time_price,252.84,valley,243.5923991203308
2026-01-21 05:30:00,real_time_price,283.87,valley,253.39383912086487
2026-01-21 05:45:00,real_time_price,264.23,valley,272.3225612640381
2026-01-21 06:00:00,real_time_price,274.24,valley,273.1376940011978
2026-01-21 06:15:00,real_time_price,274.69,valley,272.8251967430115
2026-01-21 06:30:00,real_time_price,287.27,valley,279.50125551223755
2026-01-21 06:45:00,real_time_price,293.35,valley,287.95116329193115
2026-01-21 07:00:00,real_time_price,285.33,valley,290.0352454185486
2026-01-21 07:15:00,real_time_price,239.62,valley,282.50311732292175
2026-01-21 07:30:00,real_time_price,307.35,valley,253.68068480491638
2026-01-21 07:45:00,real_time_price,292.54,valley,297.6492269039154
2026-01-21 08:00:00,real_time_price,300.33,flat,299.06953406333923
2026-01-21 08:15:00,real_time_price,311.38,flat,302.58412075042725
2026-01-21 08:30:00,real_time_price,314.37,flat,327.521812915802
2026-01-21 08:45:00,real_time_price,331.72,flat,318.16607332229614
2026-01-21 09:00:00,real_time_price,342.59,flat,327.18914222717285
2026-01-21 09:15:00,real_time_price,348.0,flat,329.5676865577698
2026-01-21 09:30:00,real_time_price,494.72,flat,331.6008105278015
2026-01-21 09:45:00,real_time_price,501.02,flat,396.8192138671875
2026-01-21 10:00:00,real_time_price,370.06,peak,415.36158895492554
2026-01-21 10:15:00,real_time_price,588.0,peak,354.7637596130371
2026-01-21 10:30:00,real_time_price,283.57,peak,467.21096992492676
2026-01-21 10:45:00,real_time_price,321.78,peak,348.93754529953003
2026-01-21 11:00:00,real_time_price,364.15,peak,311.07997465133667
2026-01-21 11:15:00,real_time_price,374.4,peak,346.73600912094116
2026-01-21 11:30:00,real_time_price,324.71,peak,345.20602798461914
2026-01-21 11:45:00,real_time_price,331.0,peak,300.3454351425171
2026-01-21 12:00:00,real_time_price,317.65,flat,297.26368856430054
2026-01-21 12:15:00,real_time_price,108.14,flat,240.7081174850464
2026-01-21 12:30:00,real_time_price,382.36,flat,250.11234378814697
2026-01-21 12:45:00,real_time_price,318.72,flat,305.9145984649658
2026-01-21 13:00:00,real_time_price,318.9,flat,309.02499866485596
2026-01-21 13:15:00,real_time_price,113.77,flat,321.07664489746094
2026-01-21 13:30:00,real_time_price,317.56,flat,259.101660490036
2026-01-21 13:45:00,real_time_price,314.25,flat,325.02857065200806
2026-01-21 14:00:00,real_time_price,371.45,peak,310.9689931869507
2026-01-21 14:15:00,real_time_price,295.39,peak,343.93735790252686
2026-01-21 14:30:00,real_time_price,285.18,peak,292.5376811027527
2026-01-21 14:45:00,real_time_price,291.77,peak,285.69598054885864
2026-01-21 15:00:00,real_time_price,294.18,peak,279.66123604774475
2026-01-21 15:15:00,real_time_price,298.78,peak,289.2623882293701
2026-01-21 15:30:00,real_time_price,302.79,peak,291.0804319381714
2026-01-21 15:45:00,real_time_price,300.01,peak,299.9817509651184
2026-01-21 16:00:00,real_time_price,309.88,peak,307.40531373023987
2026-01-21 16:15:00,real_time_price,314.47,peak,308.830974817276
2026-01-21 16:30:00,real_time_price,388.99,peak,321.6610839366913
2026-01-21 16:45:00,real_time_price,546.17,peak,360.1971044540405
2026-01-21 17:00:00,real_time_price,631.18,peak,475.39567708969116
2026-01-21 17:15:00,real_time_price,479.51,peak,581.5720896720886
2026-01-21 17:30:00,real_time_price,616.71,peak,554.3067560195923
2026-01-21 17:45:00,real_time_price,597.75,peak,486.15031337738037
2026-01-21 18:00:00,real_time_price,774.67,peak,527.7469067573547
2026-01-21 18:15:00,real_time_price,704.5,peak,584.0579261779785
2026-01-21 18:30:00,real_time_price,737.5,peak,649.554967880249
2026-01-21 18:45:00,real_time_price,1197.72,peak,701.0225925445557
2026-01-21 19:00:00,real_time_price,865.8,flat,859.8697447776794
2026-01-21 19:15:00,real_time_price,510.48,flat,757.4489498138428
2026-01-21 19:30:00,real_time_price,780.01,flat,800.029333114624
2026-01-21 19:45:00,real_time_price,678.23,flat,828.0814142227173
2026-01-21 20:00:00,real_time_price,1200.53,flat,656.9226484298706
2026-01-21 20:15:00,real_time_price,764.11,flat,811.82701587677
2026-01-21 20:30:00,real_time_price,1227.89,flat,743.403642654419
2026-01-21 20:45:00,real_time_price,1048.77,flat,952.3029947280884
2026-01-21 21:00:00,real_time_price,987.45,flat,1079.1975021362305
2026-01-21 21:15:00,real_time_price,822.34,flat,839.3394536972046
2026-01-21 21:30:00,real_time_price,962.17,flat,1074.4063839912415
2026-01-21 21:45:00,real_time_price,775.05,flat,852.170756816864
2026-01-21 22:00:00,real_time_price,685.0,flat,691.8372611999512
2026-01-21 22:15:00,real_time_price,1211.89,flat,638.1665501594543
2026-01-21 22:30:00,real_time_price,739.64,flat,805.2287020683289
2026-01-21 22:45:00,real_time_price,450.03,flat,647.8052372932434
2026-01-21 23:00:00,real_time_price,348.81,flat,522.5140199661255
2026-01-21 23:15:00,real_time_price,318.55,flat,323.13577699661255
2026-01-21 23:30:00,real_time_price,316.55,flat,305.9797945022583
2026-01-21 23:45:00,real_time_price,298.3,flat,321.69084644317627
2026-01-22 00:00:00,real_time_price,291.77,valley,277.9081048965454
2026-01-22 00:15:00,real_time_price,287.69,valley,273.704571723938
2026-01-22 00:30:00,real_time_price,219.09,valley,324.8530607223511
2026-01-22 00:45:00,real_time_price,284.75,valley,246.54061079025269
2026-01-22 01:00:00,real_time_price,290.87,valley,253.6396026611328
2026-01-22 01:15:00,real_time_price,274.31,valley,272.53813433647156
2026-01-22 01:30:00,real_time_price,293.48,valley,266.7615176439285
2026-01-22 01:45:00,real_time_price,281.71,valley,281.7213273048401
2026-01-22 02:00:00,real_time_price,249.29,valley,276.62899112701416
2026-01-22 02:15:00,real_time_price,276.34,valley,260.8258442878723
2026-01-22 02:30:00,real_time_price,280.64,valley,258.70298409461975
2026-01-22 02:45:00,real_time_price,267.24,valley,267.04603695869446
2026-01-22 03:00:00,real_time_price,273.68,valley,257.7724094390869
2026-01-22 03:15:00,real_time_price,277.61,valley,260.94004130363464
2026-01-22 03:30:00,real_time_price,274.22,valley,264.0636658668518
2026-01-22 03:45:00,real_time_price,278.38,valley,262.83018136024475
2026-01-22 04:00:00,real_time_price,257.99,valley,263.57962560653687
2026-01-22 04:15:00,real_time_price,285.53,valley,256.24293637275696
2026-01-22 04:30:00,real_time_price,274.39,valley,259.3076722621918
2026-01-22 04:45:00,real_time_price,272.13,valley,260.6967234611511
2026-01-22 05:00:00,real_time_price,274.54,valley,264.37448024749756
2026-01-22 05:15:00,real_time_price,277.49,valley,263.9551956653595
2026-01-22 05:30:00,real_time_price,285.06,valley,272.2273473739624
2026-01-22 05:45:00,real_time_price,283.69,valley,281.13104343414307
2026-01-22 06:00:00,real_time_price,287.42,valley,286.30441212654114
2026-01-22 06:15:00,real_time_price,288.85,valley,286.48016917705536
2026-01-22 06:30:00,real_time_price,286.56,valley,293.740718126297
2026-01-22 06:45:00,real_time_price,289.41,valley,290.53503942489624
2026-01-22 07:00:00,real_time_price,292.35,valley,291.3951835632324
2026-01-22 07:15:00,real_time_price,376.3,valley,278.68875455856323
2026-01-22 07:30:00,real_time_price,386.63,valley,352.1310759782791
2026-01-22 07:45:00,real_time_price,377.91,valley,389.6604971885681
2026-01-22 08:00:00,real_time_price,229.3,flat,390.8907678127289
2026-01-22 08:15:00,real_time_price,288.25,flat,327.6953148841858
2026-01-22 08:30:00,real_time_price,299.65,flat,314.66871643066406
2026-01-22 08:45:00,real_time_price,286.32,flat,291.6123046875
2026-01-22 09:00:00,real_time_price,301.09,flat,286.2734069824219
2026-01-22 09:15:00,real_time_price,512.37,flat,305.52659797668457
2026-01-22 09:30:00,real_time_price,714.97,flat,401.38220596313477
2026-01-22 09:45:00,real_time_price,573.36,flat,672.6138753890991
2026-01-22 10:00:00,real_time_price,564.34,peak,475.54492378234863
2026-01-22 10:15:00,real_time_price,497.95,peak,596.0265779495239
2026-01-22 10:30:00,real_time_price,473.75,peak,422.7900152206421
2026-01-22 10:45:00,real_time_price,389.01,peak,504.7922248840332
2026-01-22 11:00:00,real_time_price,485.22,peak,425.2625422477722
2026-01-22 11:15:00,real_time_price,477.32,peak,487.07339811325073
2026-01-22 11:30:00,real_time_price,759.9,peak,467.94514417648315
2026-01-22 11:45:00,real_time_price,637.44,peak,695.8245964050293
2026-01-22 12:00:00,real_time_price,429.98,flat,496.4398317337036
2026-01-22 12:15:00,real_time_price,324.53,flat,336.68469047546387
2026-01-22 12:30:00,real_time_price,305.87,flat,359.60386085510254
2026-01-22 12:45:00,real_time_price,272.48,flat,349.11470794677734
2026-01-22 13:00:00,real_time_price,265.94,flat,298.78260803222656
2026-01-22 13:15:00,real_time_price,292.67,flat,279.29587602615356
2026-01-22 13:30:00,real_time_price,289.02,flat,293.6446466445923
2026-01-22 13:45:00,real_time_price,274.55,flat,304.63903522491455
2026-01-22 14:00:00,real_time_price,291.02,peak,308.20690298080444
2026-01-22 14:15:00,real_time_price,297.19,peak,291.61662197113037
2026-01-22 14:30:00,real_time_price,298.99,peak,278.74104499816895
2026-01-22 14:45:00,real_time_price,294.5,peak,287.40141010284424
2026-01-22 15:00:00,real_time_price,363.66,peak,280.08076906204224
2026-01-22 15:15:00,real_time_price,314.89,peak,285.54042625427246
2026-01-22 15:30:00,real_time_price,315.48,peak,301.73341178894043
2026-01-22 15:45:00,real_time_price,311.08,peak,311.1525716781616
2026-01-22 16:00:00,real_time_price,284.98,peak,304.04974699020386
2026-01-22 16:15:00,real_time_price,320.3,peak,295.4524759054184
2026-01-22 16:30:00,real_time_price,360.47,peak,328.80313897132874
2026-01-22 16:45:00,real_time_price,349.04,peak,378.2653342485428
2026-01-22 17:00:00,real_time_price,419.79,peak,369.3901722431183
2026-01-22 17:15:00,real_time_price,547.69,peak,429.151873588562
2026-01-22 17:30:00,real_time_price,558.51,peak,532.9919998645782
2026-01-22 17:45:00,real_time_price,406.01,peak,498.23511934280396
2026-01-22 18:00:00,real_time_price,632.08,peak,457.4139184951782
2026-01-22 18:15:00,real_time_price,540.94,peak,622.028157711029
2026-01-22 18:30:00,real_time_price,474.66,peak,646.8186979293823
2026-01-22 18:45:00,real_time_price,493.93,peak,548.1941084861755
2026-01-22 19:00:00,real_time_price,555.67,flat,558.6764221191406
2026-01-22 19:15:00,real_time_price,649.31,flat,498.64444732666016
2026-01-22 19:30:00,real_time_price,749.21,flat,652.1011571884155
2026-01-22 19:45:00,real_time_price,800.58,flat,662.7796964645386
2026-01-22 20:00:00,real_time_price,782.18,flat,720.0279488563538
2026-01-22 20:15:00,real_time_price,668.59,flat,726.4912781715393
2026-01-22 20:30:00,real_time_price,823.12,flat,773.7447900772095
2026-01-22 20:45:00,real_time_price,585.83,flat,820.6508717536926
2026-01-22 21:00:00,real_time_price,783.9,flat,662.4877700805664
2026-01-22 21:15:00,real_time_price,770.89,flat,797.7132635116577
2026-01-22 21:30:00,real_time_price,631.35,flat,800.6977472305298
2026-01-22 21:45:00,real_time_price,597.28,flat,632.9057040214539
2026-01-22 22:00:00,real_time_price,658.01,flat,588.5921974182129
2026-01-22 22:15:00,real_time_price,548.65,flat,638.8729848861694
2026-01-22 22:30:00,real_time_price,497.36,flat,537.0823559761047
2026-01-22 22:45:00,real_time_price,499.79,flat,477.32600021362305
2026-01-22 23:00:00,real_time_price,373.04,flat,429.3004660606384
2026-01-22 23:15:00,real_time_price,322.0,flat,357.50071907043457
2026-01-22 23:30:00,real_time_price,311.13,flat,325.44664764404297
2026-01-22 23:45:00,real_time_price,297.15,flat,313.38780641555786
2026-01-23 00:00:00,real_time_price,287.04,valley,287.6331377029419
2026-01-23 00:15:00,real_time_price,290.0,valley,277.8639941215515
2026-01-23 00:30:00,real_time_price,386.88,valley,375.01931619644165
2026-01-23 00:45:00,real_time_price,326.12,valley,371.7603769302368
2026-01-23 01:00:00,real_time_price,353.17,valley,321.2229709625244
2026-01-23 01:15:00,real_time_price,399.55,valley,324.207106590271
2026-01-23 01:30:00,real_time_price,324.51,valley,364.9238610267639
2026-01-23 01:45:00,real_time_price,318.43,valley,333.6846350431442
2026-01-23 02:00:00,real_time_price,343.7,valley,316.97129225730896
2026-01-23 02:15:00,real_time_price,328.9,valley,325.897626042366
2026-01-23 02:30:00,real_time_price,323.28,valley,323.7948908805847
2026-01-23 02:45:00,real_time_price,336.29,valley,316.9830195903778
2026-01-23 03:00:00,real_time_price,317.74,valley,314.7144708633423
2026-01-23 03:15:00,real_time_price,322.32,valley,315.03614366054535
2026-01-23 03:30:00,real_time_price,297.75,valley,307.6493544578552
2026-01-23 03:45:00,real_time_price,309.71,valley,298.86713218688965
2026-01-23 04:00:00,real_time_price,306.72,valley,293.5606782436371
2026-01-23 04:15:00,real_time_price,304.37,valley,302.12656450271606
2026-01-23 04:30:00,real_time_price,289.6,valley,298.56299567222595
2026-01-23 04:45:00,real_time_price,289.4,valley,292.3432309627533
2026-01-23 05:00:00,real_time_price,284.65,valley,286.2919683456421
2026-01-23 05:15:00,real_time_price,286.78,valley,282.33864998817444
2026-01-23 05:30:00,real_time_price,289.5,valley,286.4828984737396
2026-01-23 05:45:00,real_time_price,289.51,valley,287.74563205242157
2026-01-23 06:00:00,real_time_price,291.66,valley,289.1558356285095
2026-01-23 06:15:00,real_time_price,289.6,valley,287.39283752441406
2026-01-23 06:30:00,real_time_price,304.53,valley,292.7295083999634
2026-01-23 06:45:00,real_time_price,310.66,valley,303.6093170642853
2026-01-23 07:00:00,real_time_price,313.65,valley,311.81402695178986
2026-01-23 07:15:00,real_time_price,314.59,valley,315.9588825702667
2026-01-23 07:30:00,real_time_price,317.61,valley,318.1865906715393
2026-01-23 07:45:00,real_time_price,365.53,valley,325.65107929706573
2026-01-23 08:00:00,real_time_price,440.73,flat,373.441681265831
2026-01-23 08:15:00,real_time_price,505.12,flat,408.61546516418457
2026-01-23 08:30:00,real_time_price,670.4,flat,464.44597244262695
2026-01-23 08:45:00,real_time_price,678.17,flat,561.1627645492554
2026-01-23 09:00:00,real_time_price,753.71,flat,579.9151763916016
2026-01-23 09:15:00,real_time_price,613.69,flat,613.4590592384338
2026-01-23 09:30:00,real_time_price,834.89,flat,593.7279100418091
2026-01-23 09:45:00,real_time_price,1377.21,flat,739.7180285453796
2026-01-23 10:00:00,real_time_price,761.67,peak,882.3679041862488
2026-01-23 10:15:00,real_time_price,691.45,peak,668.6007056236267
2026-01-23 10:30:00,real_time_price,510.49,peak,590.576135635376
2026-01-23 10:45:00,real_time_price,623.31,peak,644.3659782409668
2026-01-23 11:00:00,real_time_price,577.56,peak,713.1026258468628
2026-01-23 11:15:00,real_time_price,393.12,peak,666.6779308319092
2026-01-23 11:30:00,real_time_price,504.41,peak,517.979941368103
2026-01-23 11:45:00,real_time_price,479.0,peak,611.166241645813
2026-01-23 12:00:00,real_time_price,411.53,flat,474.6599397659302
2026-01-23 12:15:00,real_time_price,275.3,flat,340.03297996520996
2026-01-23 12:30:00,real_time_price,310.36,flat,384.8008060455322
2026-01-23 12:45:00,real_time_price,305.13,flat,334.740216255188
2026-01-23 13:00:00,real_time_price,258.21,flat,325.26052951812744
2026-01-23 13:15:00,real_time_price,325.61,flat,296.9359040260315
2026-01-23 13:30:00,real_time_price,318.84,flat,344.7716646194458
2026-01-23 13:45:00,real_time_price,320.59,flat,342.5680408477783
2026-01-23 14:00:00,real_time_price,337.92,peak,338.18244457244873
2026-01-23 14:15:00,real_time_price,322.94,peak,292.9083352088928
2026-01-23 14:30:00,real_time_price,285.04,peak,287.2744345664978
2026-01-23 14:45:00,real_time_price,300.11,peak,300.36457920074463
2026-01-23 15:00:00,real_time_price,305.0,peak,324.6225142478943
2026-01-23 15:15:00,real_time_price,302.2,peak,306.26267433166504
2026-01-23 15:30:00,real_time_price,299.7,peak,313.57211351394653
2026-01-23 15:45:00,real_time_price,289.49,peak,309.7348322868347
2026-01-23 16:00:00,real_time_price,289.64,peak,317.0365266799927
2026-01-23 16:15:00,real_time_price,299.09,peak,311.98520040512085
2026-01-23 16:30:00,real_time_price,324.11,peak,326.28598976135254
2026-01-23 16:45:00,real_time_price,319.61,peak,357.772145986557
2026-01-23 17:00:00,real_time_price,349.46,peak,354.2194745540619
2026-01-23 17:15:00,real_time_price,340.94,peak,375.253217458725
2026-01-23 17:30:00,real_time_price,333.35,peak,387.3283052444458
2026-01-23 17:45:00,real_time_price,322.88,peak,352.5446047782898
2026-01-23 18:00:00,real_time_price,379.25,peak,343.79926204681396
2026-01-23 18:15:00,real_time_price,357.49,peak,395.9660677909851
2026-01-23 18:30:00,real_time_price,375.01,peak,403.1821641921997
2026-01-23 18:45:00,real_time_price,451.09,peak,408.5453224182129
2026-01-23 19:00:00,real_time_price,388.69,flat,460.83369064331055
2026-01-23 19:15:00,real_time_price,388.93,flat,412.8619022369385
2026-01-23 19:30:00,real_time_price,384.75,flat,498.0326728820801
2026-01-23 19:45:00,real_time_price,350.38,flat,450.79640197753906
2026-01-23 20:00:00,real_time_price,433.07,flat,406.19891929626465
2026-01-23 20:15:00,real_time_price,324.45,flat,432.12413597106934
2026-01-23 20:30:00,real_time_price,371.22,flat,401.3929691314697
2026-01-23 20:45:00,real_time_price,372.51,flat,424.23513412475586
2026-01-23 21:00:00,real_time_price,333.82,flat,422.9282350540161
2026-01-23 21:15:00,real_time_price,324.37,flat,380.198410987854
2026-01-23 21:30:00,real_time_price,508.9,flat,371.64892292022705
2026-01-23 21:45:00,real_time_price,313.83,flat,460.92723083496094
2026-01-23 22:00:00,real_time_price,317.32,flat,363.1262893676758
2026-01-23 22:15:00,real_time_price,302.03,flat,362.02778816223145
2026-01-23 22:30:00,real_time_price,328.92,flat,334.17465019226074
2026-01-23 22:45:00,real_time_price,329.79,flat,307.0654811859131
2026-01-23 23:00:00,real_time_price,316.85,flat,304.2099437713623
2026-01-23 23:15:00,real_time_price,318.81,flat,298.7172088623047
2026-01-23 23:30:00,real_time_price,313.83,flat,294.0369472503662
2026-01-23 23:45:00,real_time_price,310.85,flat,292.52000427246094
2026-01-24 00:00:00,real_time_price,288.92,valley,293.3021287918091
2026-01-24 00:15:00,real_time_price,319.15,valley,278.4895267486572
2026-01-24 00:30:00,real_time_price,480.02,valley,412.04309272766113
2026-01-24 00:45:00,real_time_price,364.99,valley,379.42702293395996
2026-01-24 01:00:00,real_time_price,463.49,valley,353.18319511413574
2026-01-24 01:15:00,real_time_price,494.28,valley,406.09605598449707
2026-01-24 01:30:00,real_time_price,324.12,valley,434.29051208496094
2026-01-24 01:45:00,real_time_price,338.6,valley,340.28519082069397
2026-01-24 02:00:00,real_time_price,324.32,valley,311.71495485305786
2026-01-24 02:15:00,real_time_price,349.95,valley,320.89143538475037
2026-01-24 02:30:00,real_time_price,323.68,valley,332.3278548717499
2026-01-24 02:45:00,real_time_price,332.63,valley,327.6875729560852
2026-01-24 03:00:00,real_time_price,319.51,valley,320.74901700019836
2026-01-24 03:15:00,real_time_price,322.46,valley,319.43157935142517
2026-01-24 03:30:00,real_time_price,309.71,valley,312.1585314273834
2026-01-24 03:45:00,real_time_price,318.41,valley,311.3457703590393
2026-01-24 04:00:00,real_time_price,313.87,valley,309.4722328186035
2026-01-24 04:15:00,real_time_price,318.51,valley,311.47793984413147
2026-01-24 04:30:00,real_time_price,318.51,valley,305.13261675834656
2026-01-24 04:45:00,real_time_price,318.39,valley,309.3647334575653
2026-01-24 05:00:00,real_time_price,318.48,valley,309.6238957643509
2026-01-24 05:15:00,real_time_price,323.71,valley,313.0448354482651
2026-01-24 05:30:00,real_time_price,309.15,valley,319.0274900197983
2026-01-24 05:45:00,real_time_price,315.61,valley,313.3353759050369
2026-01-24 06:00:00,real_time_price,317.9,valley,315.2050060033798
2026-01-24 06:15:00,real_time_price,319.66,valley,316.97520196437836
2026-01-24 06:30:00,real_time_price,326.06,valley,322.26629173755646
2026-01-24 06:45:00,real_time_price,326.45,valley,328.9356007575989
2026-01-24 07:00:00,real_time_price,343.86,valley,328.1798778772354
2026-01-24 07:15:00,real_time_price,323.19,valley,339.04288148880005
2026-01-24 07:30:00,real_time_price,328.17,valley,343.05098950862885
2026-01-24 07:45:00,real_time_price,337.28,valley,325.4394562244415
2026-01-24 08:00:00,real_time_price,348.3,flat,348.06446146965027
2026-01-24 08:15:00,real_time_price,478.05,flat,356.58443784713745
2026-01-24 08:30:00,real_time_price,497.21,flat,452.31275367736816
2026-01-24 08:45:00,real_time_price,442.5,flat,482.51118898391724
2026-01-24 09:00:00,real_time_price,565.76,flat,431.47203063964844
2026-01-24 09:15:00,real_time_price,629.41,flat,481.86520862579346
2026-01-24 09:30:00,real_time_price,278.65,flat,587.5804691314697
2026-01-24 09:45:00,real_time_price,387.15,flat,432.6499705314636
2026-01-24 10:00:00,real_time_price,431.43,peak,375.9863133430481
2026-01-24 10:15:00,real_time_price,454.61,peak,387.6886148452759
2026-01-24 10:30:00,real_time_price,340.03,peak,414.37880516052246
2026-01-24 10:45:00,real_time_price,348.85,peak,348.6801104545593
2026-01-24 11:00:00,real_time_price,302.96,peak,395.4596767425537
2026-01-24 11:15:00,real_time_price,300.91,peak,347.16060638427734
2026-01-24 11:30:00,real_time_price,282.67,peak,323.76100730895996
2026-01-24 11:45:00,real_time_price,296.67,peak,289.5816054344177
2026-01-24 12:00:00,real_time_price,279.48,flat,268.92772817611694
2026-01-24 12:15:00,real_time_price,240.48,flat,156.55945014953613
2026-01-24 12:30:00,real_time_price,268.48,flat,258.3615207672119
2026-01-24 12:45:00,real_time_price,260.58,flat,263.92242336273193
2026-01-24 13:00:00,real_time_price,266.32,flat,260.09488105773926
2026-01-24 13:15:00,real_time_price,263.16,flat,268.24878692626953
2026-01-24 13:30:00,real_time_price,266.88,flat,274.5732841491699
2026-01-24 13:45:00,real_time_price,270.19,flat,281.55125427246094
2026-01-24 14:00:00,real_time_price,271.34,peak,278.3109350204468
2026-01-24 14:15:00,real_time_price,262.59,peak,255.0506181716919
2026-01-24 14:30:00,real_time_price,253.59,peak,253.91224145889282
2026-01-24 14:45:00,real_time_price,249.71,peak,244.22944593429565
2026-01-24 15:00:00,real_time_price,251.88,peak,253.3623914718628
2026-01-24 15:15:00,real_time_price,247.51,peak,244.07666087150574
2026-01-24 15:30:00,real_time_price,265.63,peak,242.4026231765747
2026-01-24 15:45:00,real_time_price,259.7,peak,260.72315406799316
2026-01-24 16:00:00,real_time_price,266.65,peak,263.9807827472687
2026-01-24 16:15:00,real_time_price,272.69,peak,267.93141746520996
2026-01-24 16:30:00,real_time_price,277.85,peak,283.5364489555359
2026-01-24 16:45:00,real_time_price,282.4,peak,288.6505117416382
2026-01-24 17:00:00,real_time_price,287.02,peak,321.4746923446655
2026-01-24 17:15:00,real_time_price,288.71,peak,318.8124809265137
2026-01-24 17:30:00,real_time_price,283.06,peak,304.04264736175537
2026-01-24 17:45:00,real_time_price,283.5,peak,286.0234203338623
2026-01-24 18:00:00,real_time_price,290.68,peak,300.91118335723877
2026-01-24 18:15:00,real_time_price,294.02,peak,303.3876299858093
2026-01-24 18:30:00,real_time_price,304.25,peak,302.55408668518066
2026-01-24 18:45:00,real_time_price,303.19,peak,311.4191641807556
2026-01-24 19:00:00,real_time_price,315.42,flat,297.7814140319824
2026-01-24 19:15:00,real_time_price,291.17,flat,304.36443519592285
2026-01-24 19:30:00,real_time_price,298.21,flat,303.95102167129517
2026-01-24 19:45:00,real_time_price,310.63,flat,287.234516620636
2026-01-24 20:00:00,real_time_price,308.67,flat,298.19363355636597
2026-01-24 20:15:00,real_time_price,389.85,flat,285.4230899810791
2026-01-24 20:30:00,real_time_price,297.98,flat,368.189977645874
2026-01-24 20:45:00,real_time_price,314.63,flat,331.35408878326416
2026-01-24 21:00:00,real_time_price,311.92,flat,301.81294536590576
2026-01-24 21:15:00,real_time_price,317.07,flat,315.9051032066345
2026-01-24 21:30:00,real_time_price,321.49,flat,316.61966943740845
2026-01-24 21:45:00,real_time_price,319.01,flat,303.0635437965393
2026-01-24 22:00:00,real_time_price,327.51,flat,304.6553192138672
2026-01-24 22:15:00,real_time_price,370.21,flat,310.666841506958
2026-01-24 22:30:00,real_time_price,397.66,flat,340.09805250167847
2026-01-24 22:45:00,real_time_price,397.99,flat,354.49363803863525
2026-01-24 23:00:00,real_time_price,364.7,flat,355.70101833343506
2026-01-24 23:15:00,real_time_price,341.47,flat,340.21021032333374
2026-01-24 23:30:00,real_time_price,324.77,flat,331.0548028945923
2026-01-24 23:45:00,real_time_price,298.33,flat,319.54256296157837
2026-01-25 00:00:00,real_time_price,298.55,valley,289.73114585876465
2026-01-25 00:15:00,real_time_price,265.39,valley,286.1977319717407
2026-01-25 00:30:00,real_time_price,386.61,valley,392.3688163757324
2026-01-25 00:45:00,real_time_price,331.61,valley,364.96407556533813
2026-01-25 01:00:00,real_time_price,315.73,valley,312.1051616668701
2026-01-25 01:15:00,real_time_price,328.03,valley,313.1296691894531
2026-01-25 01:30:00,real_time_price,318.31,valley,321.043662071228
2026-01-25 01:45:00,real_time_price,308.44,valley,317.4603490829468
2026-01-25 02:00:00,real_time_price,313.13,valley,306.8026819229126
2026-01-25 02:15:00,real_time_price,312.47,valley,307.64156889915466
2026-01-25 02:30:00,real_time_price,314.34,valley,307.76252150535583
2026-01-25 02:45:00,real_time_price,306.43,valley,312.3646149635315
2026-01-25 03:00:00,real_time_price,306.44,valley,304.2792658805847
2026-01-25 03:15:00,real_time_price,286.85,valley,302.8015806674957
2026-01-25 03:30:00,real_time_price,289.86,valley,291.5327661037445
2026-01-25 03:45:00,real_time_price,283.88,valley,288.5558329820633
2026-01-25 04:00:00,real_time_price,294.68,valley,281.1865212917328
2026-01-25 04:15:00,real_time_price,289.8,valley,287.5369019508362
2026-01-25 04:30:00,real_time_price,301.57,valley,288.76211857795715
2026-01-25 04:45:00,real_time_price,274.11,valley,292.65155363082886
2026-01-25 05:00:00,real_time_price,276.93,valley,281.46202182769775
2026-01-25 05:15:00,real_time_price,278.99,valley,276.207670211792
2026-01-25 05:30:00,real_time_price,278.24,valley,283.3061468601227
2026-01-25 05:45:00,real_time_price,279.87,valley,284.4198033809662
2026-01-25 06:00:00,real_time_price,274.85,valley,285.6951960325241
2026-01-25 06:15:00,real_time_price,274.82,valley,279.46354377269745
2026-01-25 06:30:00,real_time_price,274.71,valley,279.48333859443665
2026-01-25 06:45:00,real_time_price,274.85,valley,279.81607842445374
2026-01-25 07:00:00,real_time_price,279.84,valley,276.2915835380554
2026-01-25 07:15:00,real_time_price,274.89,valley,272.9357943534851
2026-01-25 07:30:00,real_time_price,269.99,valley,272.4605333805084
2026-01-25 07:45:00,real_time_price,274.98,valley,271.9749982357025
2026-01-25 08:00:00,real_time_price,280.2,flat,280.16626930236816
2026-01-25 08:15:00,real_time_price,296.48,flat,295.89348888397217
2026-01-25 08:30:00,real_time_price,320.38,flat,301.2477126121521
2026-01-25 08:45:00,real_time_price,289.24,flat,299.4088110923767
2026-01-25 09:00:00,real_time_price,285.35,flat,305.97450971603394
2026-01-25 09:15:00,real_time_price,354.04,flat,300.040976524353
2026-01-25 09:30:00,real_time_price,445.01,flat,319.6421375274658
2026-01-25 09:45:00,real_time_price,373.19,flat,381.03446197509766
2026-01-25 10:00:00,real_time_price,287.85,peak,386.8101558685303
2026-01-25 10:15:00,real_time_price,277.18,peak,314.3200898170471
2026-01-25 10:30:00,real_time_price,268.62,peak,269.90917015075684
2026-01-25 10:45:00,real_time_price,277.09,peak,243.16665744781494
2026-01-25 11:00:00,real_time_price,276.95,peak,268.40618991851807
2026-01-25 11:15:00,real_time_price,259.54,peak,274.48934841156006
2026-01-25 11:30:00,real_time_price,271.57,peak,259.13866233825684
2026-01-25 11:45:00,real_time_price,193.94,peak,257.3135681152344
2026-01-25 12:00:00,real_time_price,263.87,flat,217.63111305236816
2026-01-25 12:15:00,real_time_price,42.72,flat,130.08849334716797
2026-01-25 12:30:00,real_time_price,249.26,flat,159.4006748199463
2026-01-25 12:45:00,real_time_price,144.69,flat,167.41755867004395
2026-01-25 13:00:00,real_time_price,145.27,flat,168.05534553527832
2026-01-25 13:15:00,real_time_price,145.27,flat,146.09468793869019
2026-01-25 13:30:00,real_time_price,188.34,flat,160.27256107330322
2026-01-25 13:45:00,real_time_price,201.15,flat,211.79383659362793
2026-01-25 14:00:00,real_time_price,198.37,peak,215.6844186782837
2026-01-25 14:15:00,real_time_price,230.11,peak,170.2627935409546
2026-01-25 14:30:00,real_time_price,174.86,peak,275.2810649871826
2026-01-25 14:45:00,real_time_price,229.8,peak,193.8573865890503
2026-01-25 15:00:00,real_time_price,194.11,peak,206.02987575531006
2026-01-25 15:15:00,real_time_price,197.23,peak,247.88066720962524
2026-01-25 15:30:00,real_time_price,243.88,peak,197.97233033180237
2026-01-25 15:45:00,real_time_price,271.34,peak,231.25285458564758
2026-01-25 16:00:00,real_time_price,268.48,peak,271.2700479030609
2026-01-25 16:15:00,real_time_price,273.62,peak,260.50419902801514
2026-01-25 16:30:00,real_time_price,285.2,peak,275.4099349975586
2026-01-25 16:45:00,real_time_price,312.3,peak,293.2802767753601
2026-01-25 17:00:00,real_time_price,333.44,peak,316.53539657592773
2026-01-25 17:15:00,real_time_price,149.29,peak,326.24301052093506
2026-01-25 17:30:00,real_time_price,373.57,peak,256.768235206604
2026-01-25 17:45:00,real_time_price,309.19,peak,329.1415605545044
2026-01-25 18:00:00,real_time_price,370.79,peak,311.4065685272217
2026-01-25 18:15:00,real_time_price,320.97,peak,334.6984443664551
2026-01-25 18:30:00,real_time_price,359.67,peak,342.56466341018677
2026-01-25 18:45:00,real_time_price,359.28,peak,374.47795057296753
2026-01-25 19:00:00,real_time_price,319.64,flat,355.0738401412964
2026-01-25 19:15:00,real_time_price,324.61,flat,326.25510931015015
2026-01-25 19:30:00,real_time_price,324.63,flat,340.65876150131226
2026-01-25 19:45:00,real_time_price,317.0,flat,333.04316997528076
2026-01-25 20:00:00,real_time_price,328.75,flat,321.54937982559204
2026-01-25 20:15:00,real_time_price,329.5,flat,313.258451461792
2026-01-25 20:30:00,real_time_price,375.98,flat,333.66466903686523
2026-01-25 20:45:00,real_time_price,409.5,flat,355.7745056152344
2026-01-25 21:00:00,real_time_price,350.79,flat,366.09385776519775
2026-01-25 21:15:00,real_time_price,384.45,flat,352.0284671783447
2026-01-25 21:30:00,real_time_price,382.12,flat,380.2297058105469
2026-01-25 21:45:00,real_time_price,379.52,flat,370.7124137878418
2026-01-25 22:00:00,real_time_price,435.64,flat,364.8530807495117
2026-01-25 22:15:00,real_time_price,417.04,flat,391.8862500190735
2026-01-25 22:30:00,real_time_price,365.37,flat,391.11423921585083
2026-01-25 22:45:00,real_time_price,449.36,flat,347.20390796661377
2026-01-25 23:00:00,real_time_price,330.07,flat,377.20532846450806
2026-01-25 23:15:00,real_time_price,322.88,flat,324.66616773605347
2026-01-25 23:30:00,real_time_price,291.51,flat,315.08981227874756
2026-01-25 23:45:00,real_time_price,316.25,flat,289.23933506011963
2026-01-26 00:00:00,real_time_price,285.48,valley,293.03712606430054
2026-01-26 00:15:00,real_time_price,282.6,valley,275.32234382629395
2026-01-26 00:30:00,real_time_price,358.28,valley,381.02509117126465
2026-01-26 00:45:00,real_time_price,309.08,valley,334.5071220397949
2026-01-26 01:00:00,real_time_price,309.37,valley,301.4984645843506
2026-01-26 01:15:00,real_time_price,301.45,valley,306.7415256500244
2026-01-26 01:30:00,real_time_price,299.05,valley,301.0698161125183
2026-01-26 01:45:00,real_time_price,291.76,valley,292.77528643608093
2026-01-26 02:00:00,real_time_price,307.08,valley,289.9383008480072
2026-01-26 02:15:00,real_time_price,289.71,valley,298.17552638053894
2026-01-26 02:30:00,real_time_price,294.73,valley,294.0169723033905
2026-01-26 02:45:00,real_time_price,279.69,valley,290.64517426490784
2026-01-26 03:00:00,real_time_price,285.34,valley,281.05835342407227
2026-01-26 03:15:00,real_time_price,286.36,valley,276.49021792411804
2026-01-26 03:30:00,real_time_price,299.33,valley,279.32111716270447
2026-01-26 03:45:00,real_time_price,283.93,valley,283.86871814727783
2026-01-26 04:00:00,real_time_price,284.87,valley,280.91117238998413
2026-01-26 04:15:00,real_time_price,284.93,valley,281.16433703899384
2026-01-26 04:30:00,real_time_price,291.84,valley,284.02123188972473
2026-01-26 04:45:00,real_time_price,280.0,valley,281.43673825263977
2026-01-26 05:00:00,real_time_price,300.76,valley,279.67721796035767
2026-01-26 05:15:00,real_time_price,279.93,valley,289.517653465271
2026-01-26 05:30:00,real_time_price,290.35,valley,284.1982173919678
2026-01-26 05:45:00,real_time_price,286.87,valley,287.05753231048584
2026-01-26 06:00:00,real_time_price,297.44,valley,290.7792491912842
2026-01-26 06:15:00,real_time_price,290.23,valley,290.1723920106888
2026-01-26 06:30:00,real_time_price,316.21,valley,298.35589814186096
2026-01-26 06:45:00,real_time_price,289.91,valley,320.30109906196594
2026-01-26 07:00:00,real_time_price,311.96,valley,301.3621573448181
2026-01-26 07:15:00,real_time_price,329.53,valley,303.5607738494873
2026-01-26 07:30:00,real_time_price,315.57,valley,320.85363388061523
2026-01-26 07:45:00,real_time_price,310.77,valley,305.18622279167175
2026-01-26 08:00:00,real_time_price,316.49,flat,319.0271701812744
2026-01-26 08:15:00,real_time_price,336.95,flat,334.9666738510132
2026-01-26 08:30:00,real_time_price,379.93,flat,356.78028297424316
2026-01-26 08:45:00,real_time_price,320.04,flat,391.01551961898804
2026-01-26 09:00:00,real_time_price,288.86,flat,332.32093715667725
2026-01-26 09:15:00,real_time_price,322.61,flat,290.72167015075684
2026-01-26 09:30:00,real_time_price,418.88,flat,309.45901107788086
2026-01-26 09:45:00,real_time_price,302.56,flat,370.32895708084106
2026-01-26 10:00:00,real_time_price,308.66,peak,309.94234895706177
2026-01-26 10:15:00,real_time_price,276.27,peak,286.63512229919434
2026-01-26 10:30:00,real_time_price,288.61,peak,296.4450635910034
2026-01-26 10:45:00,real_time_price,277.94,peak,282.69406747817993
2026-01-26 11:00:00,real_time_price,259.85,peak,294.5663380622864
2026-01-26 11:15:00,real_time_price,273.26,peak,262.711895942688
2026-01-26 11:30:00,real_time_price,217.01,peak,278.82008934020996
2026-01-26 11:45:00,real_time_price,286.72,peak,250.62645816802979
2026-01-26 12:00:00,real_time_price,271.9,flat,235.89174699783325
2026-01-26 12:15:00,real_time_price,133.41,flat,142.00432586669922
2026-01-26 12:30:00,real_time_price,263.75,flat,247.08385467529297
2026-01-26 12:45:00,real_time_price,243.53,flat,226.49392890930176
2026-01-26 13:00:00,real_time_price,224.58,flat,227.11056327819824
2026-01-26 13:15:00,real_time_price,265.56,flat,215.29583311080933
2026-01-26 13:30:00,real_time_price,198.77,flat,258.8082036972046
2026-01-26 13:45:00,real_time_price,260.91,flat,256.61380100250244
2026-01-26 14:00:00,real_time_price,277.81,peak,250.32079362869263
2026-01-26 14:15:00,real_time_price,254.15,peak,249.3558259010315
2026-01-26 14:30:00,real_time_price,264.22,peak,257.7937650680542
2026-01-26 14:45:00,real_time_price,218.19,peak,254.26941537857056
2026-01-26 15:00:00,real_time_price,269.47,peak,256.13104128837585
2026-01-26 15:15:00,real_time_price,229.7,peak,248.08841371536255
2026-01-26 15:30:00,real_time_price,220.92,peak,249.54927730560303
2026-01-26 15:45:00,real_time_price,232.86,peak,256.0789214372635
2026-01-26 16:00:00,real_time_price,219.88,peak,251.33563816547394
2026-01-26 16:15:00,real_time_price,268.23,peak,262.37536358833313
2026-01-26 16:30:00,real_time_price,268.26,peak,279.0793216228485
2026-01-26 16:45:00,real_time_price,226.84,peak,271.4656493663788
2026-01-26 17:00:00,real_time_price,278.7,peak,269.27558040618896
2026-01-26 17:15:00,real_time_price,290.0,peak,285.70952129364014
2026-01-26 17:30:00,real_time_price,295.05,peak,291.48680305480957
2026-01-26 17:45:00,real_time_price,288.1,peak,291.68976879119873
2026-01-26 18:00:00,real_time_price,300.0,peak,294.7759733200073
2026-01-26 18:15:00,real_time_price,302.5,peak,296.9366307258606
2026-01-26 18:30:00,real_time_price,309.99,peak,310.10482597351074
2026-01-26 18:45:00,real_time_price,303.13,peak,319.92471265792847
2026-01-26 19:00:00,real_time_price,307.66,flat,310.79639053344727
2026-01-26 19:15:00,real_time_price,295.28,flat,309.13369035720825
2026-01-26 19:30:00,real_time_price,282.44,flat,328.3839068412781
2026-01-26 19:45:00,real_time_price,282.62,flat,294.64580821990967
2026-01-26 20:00:00,real_time_price,275.87,flat,284.41135597229004
2026-01-26 20:15:00,real_time_price,294.3,flat,273.3327980041504
2026-01-26 20:30:00,real_time_price,297.89,flat,287.09718894958496
2026-01-26 20:45:00,real_time_price,290.42,flat,286.9087505340576
2026-01-26 21:00:00,real_time_price,298.64,flat,286.0362205505371
2026-01-26 21:15:00,real_time_price,297.79,flat,284.3749690055847
2026-01-26 21:30:00,real_time_price,312.03,flat,290.44888496398926
2026-01-26 21:45:00,real_time_price,300.9,flat,304.3237533569336
2026-01-26 22:00:00,real_time_price,310.0,flat,292.0107374191284
2026-01-26 22:15:00,real_time_price,320.0,flat,289.6541795730591
2026-01-26 22:30:00,real_time_price,320.0,flat,304.813485622406
2026-01-26 22:45:00,real_time_price,325.1,flat,303.76654720306396
2026-01-26 23:00:00,real_time_price,325.1,flat,307.9378652572632
2026-01-26 23:15:00,real_time_price,325.11,flat,309.4603080749512
2026-01-26 23:30:00,real_time_price,319.14,flat,310.7375545501709
2026-01-26 23:45:00,real_time_price,307.57,flat,312.6066207885742
2026-01-27 00:00:00,real_time_price,296.75,valley,290.6344566345215
2026-01-27 00:15:00,real_time_price,263.56,valley,279.4266428947449
2026-01-27 00:30:00,real_time_price,319.35,valley,348.06482887268066
2026-01-27 00:45:00,real_time_price,324.97,valley,311.5942506790161
2026-01-27 01:00:00,real_time_price,297.79,valley,305.9058985710144
2026-01-27 01:15:00,real_time_price,319.98,valley,294.65226125717163
2026-01-27 01:30:00,real_time_price,312.99,valley,304.70494747161865
2026-01-27 01:45:00,real_time_price,310.29,valley,304.5455298423767
2026-01-27 02:00:00,real_time_price,310.12,valley,304.4567892551422
2026-01-27 02:15:00,real_time_price,310.08,valley,302.5074234008789
2026-01-27 02:30:00,real_time_price,300.4,valley,303.64640390872955
2026-01-27 02:45:00,real_time_price,300.12,valley,295.1037583351135
2026-01-27 03:00:00,real_time_price,290.08,valley,294.8285175561905
2026-01-27 03:15:00,real_time_price,286.07,valley,288.7778970003128
2026-01-27 03:30:00,real_time_price,283.06,valley,282.90222012996674
2026-01-27 03:45:00,real_time_price,280.09,valley,278.36278080940247
2026-01-27 04:00:00,real_time_price,278.38,valley,277.6846811771393
2026-01-27 04:15:00,real_time_price,262.17,valley,277.06505584716797
2026-01-27 04:30:00,real_time_price,259.16,valley,263.7392976284027
2026-01-27 04:45:00,real_time_price,263.87,valley,258.4258315563202
2026-01-27 05:00:00,real_time_price,260.87,valley,259.8772072792053
2026-01-27 05:15:00,real_time_price,260.09,valley,260.2642548084259
2026-01-27 05:30:00,real_time_price,263.87,valley,259.56921911239624
2026-01-27 05:45:00,real_time_price,263.85,valley,265.4039742946625
2026-01-27 06:00:00,real_time_price,268.94,valley,269.763191819191
2026-01-27 06:15:00,real_time_price,270.87,valley,270.1894142627716
2026-01-27 06:30:00,real_time_price,278.5,valley,276.51741337776184
2026-01-27 06:45:00,real_time_price,309.0,valley,279.8113296031952
2026-01-27 07:00:00,real_time_price,299.19,valley,304.47563195228577
2026-01-27 07:15:00,real_time_price,381.07,valley,293.5534360408783
2026-01-27 07:30:00,real_time_price,379.13,valley,347.68389534950256
2026-01-27 07:45:00,real_time_price,423.46,valley,363.86256647109985
2026-01-27 08:00:00,real_time_price,381.18,flat,392.4887685775757
2026-01-27 08:15:00,real_time_price,407.15,flat,403.9833126068115
2026-01-27 08:30:00,real_time_price,442.45,flat,444.74442958831787
2026-01-27 08:45:00,real_time_price,417.98,flat,426.9442501068115
2026-01-27 09:00:00,real_time_price,380.03,flat,408.93485403060913
2026-01-27 09:15:00,real_time_price,393.73,flat,369.05828857421875
2026-01-27 09:30:00,real_time_price,528.57,flat,398.13966512680054
2026-01-27 09:45:00,real_time_price,688.41,flat,436.4339761734009
2026-01-27 10:00:00,real_time_price,303.44,peak,528.5978088378906
2026-01-27 10:15:00,real_time_price,307.03,peak,396.6657257080078
2026-01-27 10:30:00,real_time_price,275.02,peak,308.13626289367676
2026-01-27 10:45:00,real_time_price,267.02,peak,330.69109630584717
2026-01-27 11:00:00,real_time_price,280.87,peak,337.2009701728821
2026-01-27 11:15:00,real_time_price,259.12,peak,281.7413110733032
2026-01-27 11:30:00,real_time_price,221.87,peak,265.53663063049316
2026-01-27 11:45:00,real_time_price,280.11,peak,276.4741430282593
2026-01-27 12:00:00,real_time_price,72.53,flat,239.79182529449463
2026-01-27 12:15:00,real_time_price,128.39,flat,49.586082458496094
2026-01-27 12:30:00,real_time_price,81.11,flat,158.3397979736328
2026-01-27 12:45:00,real_time_price,47.91,flat,123.50235557556152
2026-01-27 13:00:00,real_time_price,50.1,flat,83.23506164550781
2026-01-27 13:15:00,real_time_price,-28.54,flat,73.26082754135132
2026-01-27 13:30:00,real_time_price,8.07,flat,69.3571949005127
2026-01-27 13:45:00,real_time_price,72.74,flat,75.85053968429565
2026-01-27 14:00:00,real_time_price,136.7,peak,76.78323173522949
2026-01-27 14:15:00,real_time_price,50.04,peak,51.96090364456177
2026-01-27 14:30:00,real_time_price,-43.72,peak,90.02254390716553
2026-01-27 14:45:00,real_time_price,49.96,peak,40.7959041595459
2026-01-27 15:00:00,real_time_price,6.16,peak,48.658596992492676
2026-01-27 15:15:00,real_time_price,0.15,peak,100.61431312561035
2026-01-27 15:30:00,real_time_price,43.4,peak,91.74218845367432
2026-01-27 15:45:00,real_time_price,233.28,peak,122.6460132598877
2026-01-27 16:00:00,real_time_price,247.22,peak,216.54030561447144
2026-01-27 16:15:00,real_time_price,252.02,peak,243.05884075164795
2026-01-27 16:30:00,real_time_price,280.1,peak,264.1352906227112
2026-01-27 16:45:00,real_time_price,279.97,peak,279.4340009689331
2026-01-27 17:00:00,real_time_price,299.85,peak,285.14046144485474
2026-01-27 17:15:00,real_time_price,300.1,peak,307.45718812942505
2026-01-27 17:30:00,real_time_price,300.12,peak,319.45014572143555
2026-01-27 17:45:00,real_time_price,319.19,peak,310.66459703445435
2026-01-27 18:00:00,real_time_price,320.19,peak,319.529598236084
2026-01-27 18:15:00,real_time_price,325.79,peak,326.2245182991028
2026-01-27 18:30:00,real_time_price,319.82,peak,333.2009987831116
2026-01-27 18:45:00,real_time_price,339.66,peak,331.34674644470215
2026-01-27 19:00:00,real_time_price,309.54,flat,324.5714416503906
2026-01-27 19:15:00,real_time_price,290.99,flat,300.4518618583679
2026-01-27 19:30:00,real_time_price,298.03,flat,309.8280019760132
2026-01-27 19:45:00,real_time_price,295.75,flat,290.0972828865051
2026-01-27 20:00:00,real_time_price,318.85,flat,280.13610553741455
2026-01-27 20:15:00,real_time_price,299.42,flat,291.5357856750488
2026-01-27 20:30:00,real_time_price,318.32,flat,298.7778310775757
2026-01-27 20:45:00,real_time_price,296.47,flat,301.9529609680176
2026-01-27 21:00:00,real_time_price,299.16,flat,290.72619915008545
2026-01-27 21:15:00,real_time_price,315.69,flat,283.5619373321533
2026-01-27 21:30:00,real_time_price,309.0,flat,302.437219619751
2026-01-27 21:45:00,real_time_price,315.33,flat,293.03909492492676
2026-01-27 22:00:00,real_time_price,313.18,flat,305.8346652984619
2026-01-27 22:15:00,real_time_price,320.65,flat,300.50812911987305
2026-01-27 22:30:00,real_time_price,319.67,flat,302.2757959365845
2026-01-27 22:45:00,real_time_price,296.39,flat,301.81140327453613
2026-01-27 23:00:00,real_time_price,306.24,flat,277.64388370513916
2026-01-27 23:15:00,real_time_price,294.94,flat,277.7015895843506
2026-01-27 23:30:00,real_time_price,284.8,flat,275.7261714935303
2026-01-27 23:45:00,real_time_price,283.38,flat,268.26350498199463
2026-01-28 00:00:00,real_time_price,269.14,valley,270.92773246765137
2026-01-28 00:15:00,real_time_price,258.81,valley,260.56553840637207
2026-01-28 00:30:00,real_time_price,318.38,valley,303.45201301574707
2026-01-28 00:45:00,real_time_price,315.83,valley,298.44556617736816
2026-01-28 01:00:00,real_time_price,308.28,valley,292.9454035758972
2026-01-28 01:15:00,real_time_price,324.84,valley,295.1777114868164
2026-01-28 01:30:00,real_time_price,295.99,valley,303.8473310470581
2026-01-28 01:45:00,real_time_price,308.04,valley,296.37314224243164
2026-01-28 02:00:00,real_time_price,298.98,valley,291.86828327178955
2026-01-28 02:15:00,real_time_price,297.54,valley,289.86456298828125
2026-01-28 02:30:00,real_time_price,287.78,valley,284.91405963897705
2026-01-28 02:45:00,real_time_price,283.01,valley,283.4628601074219
2026-01-28 03:00:00,real_time_price,290.41,valley,273.2996940612793
2026-01-28 03:15:00,real_time_price,277.32,valley,275.87712383270264
2026-01-28 03:30:00,real_time_price,253.52,valley,273.82480669021606
2026-01-28 03:45:00,real_time_price,268.83,valley,253.13274908065796
2026-01-28 04:00:00,real_time_price,265.63,valley,254.74575090408325
2026-01-28 04:15:00,real_time_price,241.27,valley,259.22414779663086
2026-01-28 04:30:00,real_time_price,260.92,valley,254.64268100261688
2026-01-28 04:45:00,real_time_price,254.31,valley,247.39006769657135
2026-01-28 05:00:00,real_time_price,244.31,valley,248.80326664447784
2026-01-28 05:15:00,real_time_price,268.22,valley,242.69036030769348
2026-01-28 05:30:00,real_time_price,265.8,valley,257.189887881279
2026-01-28 05:45:00,real_time_price,271.21,valley,265.6581542491913
2026-01-28 06:00:00,real_time_price,273.76,valley,271.21494364738464
2026-01-28 06:15:00,real_time_price,287.62,valley,274.7081844806671
2026-01-28 06:30:00,real_time_price,293.25,valley,285.294983625412
2026-01-28 06:45:00,real_time_price,286.3,valley,296.05697000026703
2026-01-28 07:00:00,real_time_price,322.13,valley,288.09698581695557
2026-01-28 07:15:00,real_time_price,305.43,valley,306.49433505535126
2026-01-28 07:30:00,real_time_price,316.44,valley,313.6410882472992
2026-01-28 07:45:00,real_time_price,328.54,valley,305.9672338962555
2026-01-28 08:00:00,real_time_price,404.31,flat,323.80314779281616
2026-01-28 08:15:00,real_time_price,404.8,flat,446.20212841033936
2026-01-28 08:30:00,real_time_price,357.62,flat,504.4391231536865
2026-01-28 08:45:00,real_time_price,306.66,flat,386.5178327560425
2026-01-28 09:00:00,real_time_price,489.58,flat,359.5126721858978
2026-01-28 09:15:00,real_time_price,367.18,flat,352.47597908973694
2026-01-28 09:30:00,real_time_price,482.53,flat,390.535124540329
2026-01-28 09:45:00,real_time_price,322.98,flat,427.0590274333954
2026-01-28 10:00:00,real_time_price,363.93,peak,355.7697777748108
2026-01-28 10:15:00,real_time_price,260.6,peak,354.722234249115
2026-01-28 10:30:00,real_time_price,269.07,peak,270.6025199890137
2026-01-28 10:45:00,real_time_price,265.49,peak,264.63878107070923
2026-01-28 11:00:00,real_time_price,260.73,peak,249.64759969711304
2026-01-28 11:15:00,real_time_price,200.73,peak,242.57908010482788
2026-01-28 11:30:00,real_time_price,209.33,peak,203.03745412826538
2026-01-28 11:45:00,real_time_price,250.45,peak,206.6579360961914
2026-01-28 12:00:00,real_time_price,182.22,flat,213.60819244384766
2026-01-28 12:15:00,real_time_price,58.43,flat,37.949363708496094
2026-01-28 12:30:00,real_time_price,96.43,flat,140.30140113830566
2026-01-28 12:45:00,real_time_price,65.64,flat,138.89191246032715
2026-01-28 13:00:00,real_time_price,10.83,flat,54.95258140563965
2026-01-28 13:15:00,real_time_price,38.6,flat,44.89657974243164
2026-01-28 13:30:00,real_time_price,13.57,flat,104.04500389099121
2026-01-28 13:45:00,real_time_price,12.14,flat,104.08588981628418
2026-01-28 14:00:00,real_time_price,11.46,peak,72.58183860778809
2026-01-28 14:15:00,real_time_price,65.4,peak,59.19030952453613
2026-01-28 14:30:00,real_time_price,-10.28,peak,27.006093502044678
2026-01-28 14:45:00,real_time_price,14.29,peak,51.17989444732666
2026-01-28 15:00:00,real_time_price,36.24,peak,46.22996997833252
2026-01-28 15:15:00,real_time_price,145.18,peak,62.94643688201904
2026-01-28 15:30:00,real_time_price,11.23,peak,123.23809623718262
2026-01-28 15:45:00,real_time_price,216.58,peak,110.40814065933228
2026-01-28 16:00:00,real_time_price,256.64,peak,216.60286569595337
2026-01-28 16:15:00,real_time_price,268.64,peak,235.06179285049438
2026-01-28 16:30:00,real_time_price,285.91,peak,272.492972612381
2026-01-28 16:45:00,real_time_price,283.67,peak,284.36390447616577
2026-01-28 17:00:00,real_time_price,308.13,peak,347.81849193573
2026-01-28 17:15:00,real_time_price,295.0,peak,329.57291984558105
2026-01-28 17:30:00,real_time_price,314.7,peak,360.52144145965576
2026-01-28 17:45:00,real_time_price,300.0,peak,324.98366355895996
2026-01-28 18:00:00,real_time_price,310.4,peak,314.5695562362671
2026-01-28 18:15:00,real_time_price,327.53,peak,324.0689353942871
2026-01-28 18:30:00,real_time_price,314.99,peak,337.4880199432373
2026-01-28 18:45:00,real_time_price,325.17,peak,324.4933385848999
2026-01-28 19:00:00,real_time_price,308.1,flat,310.2481780052185
2026-01-28 19:15:00,real_time_price,330.0,flat,297.08144903182983
2026-01-28 19:30:00,real_time_price,304.75,flat,343.4039297103882
2026-01-28 19:45:00,real_time_price,325.1,flat,310.14698600769043
2026-01-28 20:00:00,real_time_price,320.0,flat,340.1415147781372
2026-01-28 20:15:00,real_time_price,325.0,flat,306.54067039489746
2026-01-28 20:30:00,real_time_price,319.98,flat,367.0608158111572
2026-01-28 20:45:00,real_time_price,346.0,flat,336.97703742980957
2026-01-28 21:00:00,real_time_price,346.66,flat,316.73114585876465
2026-01-28 21:15:00,real_time_price,449.84,flat,325.18113136291504
2026-01-28 21:30:00,real_time_price,416.57,flat,393.7035827636719
2026-01-28 21:45:00,real_time_price,419.95,flat,394.4472599029541
2026-01-28 22:00:00,real_time_price,367.92,flat,388.72874546051025
2026-01-28 22:15:00,real_time_price,385.8,flat,364.2162070274353
2026-01-28 22:30:00,real_time_price,364.93,flat,387.6394729614258
2026-01-28 22:45:00,real_time_price,337.43,flat,336.632040977478
2026-01-28 23:00:00,real_time_price,318.76,flat,322.41423320770264
2026-01-28 23:15:00,real_time_price,290.12,flat,305.5058708190918
2026-01-28 23:30:00,real_time_price,283.35,flat,283.7867474555969
2026-01-28 23:45:00,real_time_price,288.21,flat,273.74910163879395
2026-01-29 00:00:00,real_time_price,280.39,valley,277.35387134552
2026-01-29 00:15:00,real_time_price,257.79,valley,274.700302362442
2026-01-29 00:30:00,real_time_price,323.92,valley,320.6049280166626
2026-01-29 00:45:00,real_time_price,315.74,valley,318.3855905532837
2026-01-29 01:00:00,real_time_price,271.65,valley,304.25670886039734
2026-01-29 01:15:00,real_time_price,292.85,valley,266.4827709197998
2026-01-29 01:30:00,real_time_price,283.86,valley,283.38950967788696
2026-01-29 01:45:00,real_time_price,244.31,valley,284.6467823982239
2026-01-29 02:00:00,real_time_price,245.99,valley,252.47135186195374
2026-01-29 02:15:00,real_time_price,267.98,valley,247.9059760570526
2026-01-29 02:30:00,real_time_price,253.88,valley,257.36753368377686
2026-01-29 02:45:00,real_time_price,273.01,valley,251.18287301063538
2026-01-29 03:00:00,real_time_price,260.38,valley,259.5191261768341
2026-01-29 03:15:00,real_time_price,255.45,valley,258.4589157104492
2026-01-29 03:30:00,real_time_price,263.35,valley,250.87610387802124
2026-01-29 03:45:00,real_time_price,253.6,valley,258.73717856407166
2026-01-29 04:00:00,real_time_price,226.56,valley,254.11181116104126
2026-01-29 04:15:00,real_time_price,249.27,valley,238.5036482810974
2026-01-29 04:30:00,real_time_price,250.29,valley,243.7873330116272
2026-01-29 04:45:00,real_time_price,257.0,valley,247.21396446228027
2026-01-29 05:00:00,real_time_price,255.89,valley,245.79323816299438
2026-01-29 05:15:00,real_time_price,257.0,valley,252.83204054832458
2026-01-29 05:30:00,real_time_price,260.0,valley,254.69393491744995
2026-01-29 05:45:00,real_time_price,255.46,valley,260.90996170043945
2026-01-29 06:00:00,real_time_price,264.0,valley,260.0147876739502
2026-01-29 06:15:00,real_time_price,260.1,valley,265.11766934394836
2026-01-29 06:30:00,real_time_price,270.3,valley,268.12053394317627
2026-01-29 06:45:00,real_time_price,262.23,valley,272.91122913360596
2026-01-29 07:00:00,real_time_price,275.3,valley,273.88094091415405
2026-01-29 07:15:00,real_time_price,268.0,valley,279.3603239059448
2026-01-29 07:30:00,real_time_price,270.0,valley,275.05781078338623
2026-01-29 07:45:00,real_time_price,275.0,valley,295.82238006591797
2026-01-29 08:00:00,real_time_price,275.3,flat,280.1466312408447
2026-01-29 08:15:00,real_time_price,275.0,flat,292.60585165023804
2026-01-29 08:30:00,real_time_price,285.14,flat,293.6906986236572
2026-01-29 08:45:00,real_time_price,279.89,flat,282.8685359954834
2026-01-29 09:00:00,real_time_price,279.81,flat,285.0765336751938
2026-01-29 09:15:00,real_time_price,276.47,flat,280.36249446868896
2026-01-29 09:30:00,real_time_price,283.6,flat,285.05661630630493
2026-01-29 09:45:00,real_time_price,282.01,flat,279.40288949012756
2026-01-29 10:00:00,real_time_price,279.4,peak,268.8468005657196
2026-01-29 10:15:00,real_time_price,250.39,peak,266.65404987335205
2026-01-29 10:30:00,real_time_price,267.95,peak,244.51477146148682
2026-01-29 10:45:00,real_time_price,250.14,peak,259.60902309417725
2026-01-29 11:00:00,real_time_price,253.47,peak,245.22429037094116
2026-01-29 11:15:00,real_time_price,249.76,peak,228.03294944763184
2026-01-29 11:30:00,real_time_price,278.67,peak,249.8286008834839
2026-01-29 11:45:00,real_time_price,266.64,peak,302.1180353164673
2026-01-29 12:00:00,real_time_price,219.64,flat,231.3951654434204
2026-01-29 12:15:00,real_time_price,151.33,flat,130.16175937652588
2026-01-29 12:30:00,real_time_price,169.49,flat,208.50728034973145
2026-01-29 12:45:00,real_time_price,107.72,flat,152.40253162384033
2026-01-29 13:00:00,real_time_price,50.44,flat,94.58529090881348
2026-01-29 13:15:00,real_time_price,72.32,flat,49.49984121322632
2026-01-29 13:30:00,real_time_price,126.3,flat,70.0970106124878
2026-01-29 13:45:00,real_time_price,91.74,flat,165.27345609664917
2026-01-29 14:00:00,real_time_price,258.32,peak,121.99005222320557
2026-01-29 14:15:00,real_time_price,207.06,peak,189.6182985305786
2026-01-29 14:30:00,real_time_price,149.48,peak,165.9844617843628
2026-01-29 14:45:00,real_time_price,59.5,peak,182.01206016540527
2026-01-29 15:00:00,real_time_price,180.27,peak,137.78389692306519
2026-01-29 15:15:00,real_time_price,186.26,peak,144.0015528202057
2026-01-29 15:30:00,real_time_price,229.88,peak,195.73411440849304
2026-01-29 15:45:00,real_time_price,98.09,peak,194.81351161003113
2026-01-29 16:00:00,real_time_price,295.56,peak,171.54345953464508
2026-01-29 16:15:00,real_time_price,238.0,peak,298.916353225708
2026-01-29 16:30:00,real_time_price,286.34,peak,278.62057304382324
2026-01-29 16:45:00,real_time_price,382.6,peak,297.81004905700684
2026-01-29 17:00:00,real_time_price,376.88,peak,351.72019958496094
2026-01-29 17:15:00,real_time_price,347.82,peak,391.70446014404297
2026-01-29 17:30:00,real_time_price,348.54,peak,402.17691802978516
2026-01-29 17:45:00,real_time_price,306.83,peak,376.2741279602051
2026-01-29 18:00:00,real_time_price,352.96,peak,365.50468254089355
2026-01-29 18:15:00,real_time_price,297.12,peak,381.4971046447754
2026-01-29 18:30:00,real_time_price,419.0,peak,360.2681121826172
2026-01-29 18:45:00,real_time_price,317.52,peak,412.4650764465332
2026-01-29 19:00:00,real_time_price,377.73,flat,372.1353645324707
2026-01-29 19:15:00,real_time_price,340.72,flat,409.4665832519531
2026-01-29 19:30:00,real_time_price,353.93,flat,418.1911849975586
2026-01-29 19:45:00,real_time_price,365.55,flat,411.4521942138672
2026-01-29 20:00:00,real_time_price,358.56,flat,403.5710258483887
2026-01-29 20:15:00,real_time_price,319.63,flat,383.0093688964844
2026-01-29 20:30:00,real_time_price,295.1,flat,380.2613334655762
2026-01-29 20:45:00,real_time_price,316.61,flat,347.4421443939209
2026-01-29 21:00:00,real_time_price,313.07,flat,349.89673233032227
2026-01-29 21:15:00,real_time_price,298.83,flat,351.633150100708
2026-01-29 21:30:00,real_time_price,305.59,flat,324.25113105773926
2026-01-29 21:45:00,real_time_price,302.36,flat,314.1371479034424
2026-01-29 22:00:00,real_time_price,307.02,flat,321.9710502624512
2026-01-29 22:15:00,real_time_price,275.48,flat,310.68018865585327
2026-01-29 22:30:00,real_time_price,285.95,flat,294.78397154808044
2026-01-29 22:45:00,real_time_price,265.1,flat,279.3119705915451
2026-01-29 23:00:00,real_time_price,274.07,flat,265.07284116744995
2026-01-29 23:15:00,real_time_price,275.0,flat,263.90403842926025
2026-01-29 23:30:00,real_time_price,267.95,flat,275.65357851982117
2026-01-29 23:45:00,real_time_price,257.0,flat,260.19335532188416
2026-01-30 00:00:00,real_time_price,260.0,valley,262.2302255630493
2026-01-30 00:15:00,real_time_price,263.76,valley,262.85421228408813
2026-01-30 00:30:00,real_time_price,319.7,valley,304.5679894685745
2026-01-30 00:45:00,real_time_price,311.98,valley,311.6230947971344
2026-01-30 01:00:00,real_time_price,303.94,valley,298.6919856071472
2026-01-30 01:15:00,real_time_price,316.97,valley,296.1989653110504
2026-01-30 01:30:00,real_time_price,290.94,valley,304.0704576969147
2026-01-30 01:45:00,real_time_price,265.0,valley,287.1798210144043
2026-01-30 02:00:00,real_time_price,265.0,valley,265.0326862335205
2026-01-30 02:15:00,real_time_price,262.0,valley,263.9707450866699
2026-01-30 02:30:00,real_time_price,255.5,valley,260.8364381790161
2026-01-30 02:45:00,real_time_price,256.79,valley,253.04489040374756
2026-01-30 03:00:00,real_time_price,252.33,valley,251.08355689048767
2026-01-30 03:15:00,real_time_price,257.0,valley,251.17037677764893
2026-01-30 03:30:00,real_time_price,255.0,valley,248.36608624458313
2026-01-30 03:45:00,real_time_price,255.0,valley,249.2307493686676
2026-01-30 04:00:00,real_time_price,256.0,valley,244.32735228538513
2026-01-30 04:15:00,real_time_price,253.0,valley,249.6748332977295
2026-01-30 04:30:00,real_time_price,260.0,valley,247.79287600517273
2026-01-30 04:45:00,real_time_price,260.0,valley,250.6219620704651
2026-01-30 05:00:00,real_time_price,258.76,valley,253.40926504135132
2026-01-30 05:15:00,real_time_price,262.69,valley,255.26986861228943
2026-01-30 05:30:00,real_time_price,260.0,valley,262.51206707954407
2026-01-30 05:45:00,real_time_price,257.0,valley,261.61045813560486
2026-01-30 06:00:00,real_time_price,262.0,valley,259.88948011398315
2026-01-30 06:15:00,real_time_price,262.0,valley,262.15092420578003
2026-01-30 06:30:00,real_time_price,267.03,valley,269.7856366634369
2026-01-30 06:45:00,real_time_price,270.67,valley,272.3198890686035
2026-01-30 07:00:00,real_time_price,280.09,valley,274.75458550453186
2026-01-30 07:15:00,real_time_price,280.0,valley,279.37222957611084
2026-01-30 07:30:00,real_time_price,302.48,valley,280.4816198348999
2026-01-30 07:45:00,real_time_price,285.0,valley,296.6985969543457
2026-01-30 08:00:00,real_time_price,381.3,flat,290.4825601577759
2026-01-30 08:15:00,real_time_price,338.71,flat,355.97288060188293
2026-01-30 08:30:00,real_time_price,380.0,flat,362.793963432312
2026-01-30 08:45:00,real_time_price,395.69,flat,372.4714674949646
2026-01-30 09:00:00,real_time_price,388.17,flat,378.85467553138733
2026-01-30 09:15:00,real_time_price,409.18,flat,361.76007103919983
2026-01-30 09:30:00,real_time_price,497.52,flat,399.88775610923767
2026-01-30 09:45:00,real_time_price,435.76,flat,477.7119028568268
2026-01-30 10:00:00,real_time_price,363.51,peak,441.45745277404785
2026-01-30 10:15:00,real_time_price,472.28,peak,416.2096529006958
2026-01-30 10:30:00,real_time_price,338.59,peak,440.6191101074219
2026-01-30 10:45:00,real_time_price,296.0,peak,357.53387355804443
2026-01-30 11:00:00,real_time_price,281.58,peak,308.55059480667114
2026-01-30 11:15:00,real_time_price,295.56,peak,269.2811131477356
2026-01-30 11:30:00,real_time_price,289.59,peak,279.82931900024414
2026-01-30 11:45:00,real_time_price,284.39,peak,265.32422494888306
2026-01-30 12:00:00,real_time_price,290.24,flat,252.92180919647217
2026-01-30 12:15:00,real_time_price,282.29,flat,231.4144229888916
2026-01-30 12:30:00,real_time_price,319.05,flat,276.147985458374
2026-01-30 12:45:00,real_time_price,291.44,flat,289.64621353149414
2026-01-30 13:00:00,real_time_price,284.15,flat,286.54209995269775
2026-01-30 13:15:00,real_time_price,259.71,flat,276.65663051605225
2026-01-30 13:30:00,real_time_price,269.02,flat,274.0671372413635
2026-01-30 13:45:00,real_time_price,305.67,flat,278.03573846817017
2026-01-30 14:00:00,real_time_price,306.46,peak,296.4312434196472
2026-01-30 14:15:00,real_time_price,296.99,peak,272.4949688911438
2026-01-30 14:30:00,real_time_price,268.46,peak,247.09548568725586
2026-01-30 14:45:00,real_time_price,278.4,peak,262.2909278869629
2026-01-30 15:00:00,real_time_price,292.49,peak,265.1239912509918
2026-01-30 15:15:00,real_time_price,289.44,peak,278.09816884994507
2026-01-30 15:30:00,real_time_price,293.69,peak,276.8044764995575
2026-01-30 15:45:00,real_time_price,283.22,peak,292.99632477760315
2026-01-30 16:00:00,real_time_price,294.15,peak,282.8043715953827
2026-01-30 16:15:00,real_time_price,300.27,peak,289.60851860046387
2026-01-30 16:30:00,real_time_price,303.88,peak,312.701274394989
2026-01-30 16:45:00,real_time_price,361.36,peak,305.44378757476807
2026-01-30 17:00:00,real_time_price,416.66,peak,351.41082549095154
2026-01-30 17:15:00,real_time_price,507.63,peak,385.4845435619354
2026-01-30 17:30:00,real_time_price,611.63,peak,462.85734581947327
2026-01-30 17:45:00,real_time_price,368.69,peak,455.32647705078125
2026-01-30 18:00:00,real_time_price,559.95,peak,395.04934644699097
2026-01-30 18:15:00,real_time_price,776.46,peak,462.64914202690125
2026-01-30 18:30:00,real_time_price,843.11,peak,672.4451141357422
2026-01-30 18:45:00,real_time_price,410.73,peak,645.6631462574005
2026-01-30 19:00:00,real_time_price,499.88,flat,478.60865354537964
2026-01-30 19:15:00,real_time_price,639.79,flat,476.07372665405273
2026-01-30 19:30:00,real_time_price,866.43,flat,739.8700180053711
2026-01-30 19:45:00,real_time_price,360.18,flat,678.7211630344391
2026-01-30 20:00:00,real_time_price,884.71,flat,417.1665165424347
2026-01-30 20:15:00,real_time_price,517.48,flat,604.8522615432739
2026-01-30 20:30:00,real_time_price,553.04,flat,658.230060338974
2026-01-30 20:45:00,real_time_price,1066.52,flat,509.7641441822052
2026-01-30 21:00:00,real_time_price,830.59,flat,828.1766276359558
2026-01-30 21:15:00,real_time_price,525.82,flat,780.107935667038
2026-01-30 21:30:00,real_time_price,446.38,flat,597.168000459671
2026-01-30 21:45:00,real_time_price,407.32,flat,537.8511626720428
2026-01-30 22:00:00,real_time_price,379.59,flat,483.3451325893402
2026-01-30 22:15:00,real_time_price,328.97,flat,380.0817732810974
2026-01-30 22:30:00,real_time_price,330.0,flat,345.4684908390045
2026-01-30 22:45:00,real_time_price,399.9,flat,324.46536338329315
2026-01-30 23:00:00,real_time_price,310.0,flat,362.89920711517334
2026-01-30 23:15:00,real_time_price,320.01,flat,300.7007210254669
2026-01-30 23:30:00,real_time_price,319.0,flat,305.63534331321716
2026-01-30 23:45:00,real_time_price,314.0,flat,304.69067788124084
2026-01-31 00:00:00,real_time_price,290.0,valley,304.4208312034607
2026-01-31 00:15:00,real_time_price,269.0,valley,295.24857807159424
2026-01-31 00:30:00,real_time_price,429.36,valley,365.07855248451233
2026-01-31 00:45:00,real_time_price,341.78,valley,382.0177490711212
2026-01-31 01:00:00,real_time_price,335.19,valley,329.6518521308899
2026-01-31 01:15:00,real_time_price,324.42,valley,325.12237572669983
2026-01-31 01:30:00,real_time_price,324.07,valley,322.5612533092499
2026-01-31 01:45:00,real_time_price,283.56,valley,320.716233253479
2026-01-31 02:00:00,real_time_price,280.0,valley,294.4098036289215
2026-01-31 02:15:00,real_time_price,279.98,valley,288.27043533325195
2026-01-31 02:30:00,real_time_price,280.0,valley,280.4293463230133
2026-01-31 02:45:00,real_time_price,275.0,valley,280.73987340927124
2026-01-31 03:00:00,real_time_price,270.3,valley,274.0963249206543
2026-01-31 03:15:00,real_time_price,265.3,valley,271.80484223365784
2026-01-31 03:30:00,real_time_price,260.3,valley,267.2457699775696
2026-01-31 03:45:00,real_time_price,257.0,valley,261.1217141151428
2026-01-31 04:00:00,real_time_price,255.4,valley,255.21192240715027
2026-01-31 04:15:00,real_time_price,251.0,valley,255.23139929771423
2026-01-31 04:30:00,real_time_price,260.0,valley,254.48164892196655
2026-01-31 04:45:00,real_time_price,260.0,valley,252.79271054267883
2026-01-31 05:00:00,real_time_price,257.0,valley,255.4801001548767
2026-01-31 05:15:00,real_time_price,262.0,valley,255.52903151512146
2026-01-31 05:30:00,real_time_price,260.0,valley,261.48784041404724
2026-01-31 05:45:00,real_time_price,260.0,valley,264.9270896911621
2026-01-31 06:00:00,real_time_price,260.4,valley,261.9522728919983
2026-01-31 06:15:00,real_time_price,260.0,valley,265.32143473625183
2026-01-31 06:30:00,real_time_price,260.0,valley,264.7452735900879
2026-01-31 06:45:00,real_time_price,264.97,valley,265.17989683151245
2026-01-31 07:00:00,real_time_price,260.4,valley,267.13944959640503
2026-01-31 07:15:00,real_time_price,265.0,valley,260.6723165512085
2026-01-31 07:30:00,real_time_price,262.0,valley,270.9510374069214
2026-01-31 07:45:00,real_time_price,267.0,valley,265.92479133605957
2026-01-31 08:00:00,real_time_price,270.3,flat,276.8766484260559
2026-01-31 08:15:00,real_time_price,295.0,flat,278.25014328956604
2026-01-31 08:30:00,real_time_price,293.04,flat,307.3399467468262
2026-01-31 08:45:00,real_time_price,306.13,flat,285.9733121395111
2026-01-31 09:00:00,real_time_price,300.43,flat,322.98874521255493
2026-01-31 09:15:00,real_time_price,323.84,flat,293.61203813552856
2026-01-31 09:30:00,real_time_price,324.73,flat,317.87222623825073
2026-01-31 09:45:00,real_time_price,325.21,flat,322.54592514038086
2026-01-31 10:00:00,real_time_price,347.11,peak,298.6036887168884
2026-01-31 10:15:00,real_time_price,361.03,peak,312.44436740875244
2026-01-31 10:30:00,real_time_price,325.94,peak,336.43046712875366
2026-01-31 10:45:00,real_time_price,292.33,peak,318.0363121032715
2026-01-31 11:00:00,real_time_price,337.38,peak,296.9292993545532
2026-01-31 11:15:00,real_time_price,306.56,peak,300.015971660614
2026-01-31 11:30:00,real_time_price,305.64,peak,308.7318696975708
2026-01-31 11:45:00,real_time_price,280.65,peak,278.49943828582764
2026-01-31 12:00:00,real_time_price,279.16,flat,266.8019723892212
2026-01-31 12:15:00,real_time_price,93.7,flat,234.85841751098633
2026-01-31 12:30:00,real_time_price,287.34,flat,251.1654553413391
2026-01-31 12:45:00,real_time_price,277.49,flat,261.56854915618896
2026-01-31 13:00:00,real_time_price,272.15,flat,269.72107887268066
2026-01-31 13:15:00,real_time_price,294.41,flat,273.9341826438904
2026-01-31 13:30:00,real_time_price,257.46,flat,286.9725079536438
2026-01-31 13:45:00,real_time_price,278.54,flat,282.42342257499695
2026-01-31 14:00:00,real_time_price,295.56,peak,301.07209157943726
2026-01-31 14:15:00,real_time_price,259.98,peak,277.65894412994385
2026-01-31 14:30:00,real_time_price,274.97,peak,256.6514427661896
2026-01-31 14:45:00,real_time_price,208.1,peak,276.0196385383606
2026-01-31 15:00:00,real_time_price,210.01,peak,240.11273407936096
2026-01-31 15:15:00,real_time_price,210.88,peak,217.06183290481567
2026-01-31 15:30:00,real_time_price,263.68,peak,225.65858221054077
2026-01-31 15:45:00,real_time_price,249.95,peak,266.3020737171173
2026-01-31 16:00:00,real_time_price,108.1,peak,260.73643589019775
2026-01-31 16:15:00,real_time_price,208.24,peak,253.49089527130127
2026-01-31 16:30:00,real_time_price,264.98,peak,255.16472721099854
2026-01-31 16:45:00,real_time_price,262.34,peak,266.87980937957764
2026-01-31 17:00:00,real_time_price,268.41,peak,271.81221628189087
2026-01-31 17:15:00,real_time_price,318.28,peak,289.1895115375519
2026-01-31 17:30:00,real_time_price,320.0,peak,331.2862105369568
2026-01-31 17:45:00,real_time_price,315.0,peak,330.03680777549744
2026-01-31 18:00:00,real_time_price,349.32,peak,341.4457211494446
2026-01-31 18:15:00,real_time_price,309.0,peak,356.52197551727295
2026-01-31 18:30:00,real_time_price,315.0,peak,347.1241159439087
2026-01-31 18:45:00,real_time_price,319.9,peak,330.5046763420105
2026-01-31 19:00:00,real_time_price,315.0,flat,319.1841902732849
2026-01-31 19:15:00,real_time_price,319.0,flat,326.39843463897705
2026-01-31 19:30:00,real_time_price,353.9,flat,354.6246848106384
2026-01-31 19:45:00,real_time_price,318.19,flat,341.065758228302
2026-01-31 20:00:00,real_time_price,337.0,flat,356.1814994812012
2026-01-31 20:15:00,real_time_price,317.66,flat,320.3027470111847
2026-01-31 20:30:00,real_time_price,319.0,flat,340.6368725299835
2026-01-31 20:45:00,real_time_price,324.0,flat,347.7975752353668
2026-01-31 21:00:00,real_time_price,-10.96,flat,343.37490487098694
2026-01-31 21:15:00,real_time_price,178.04,flat,300.362211227417
2026-01-31 21:30:00,real_time_price,236.82,flat,279.98650002479553
2026-01-31 21:45:00,real_time_price,242.32,flat,236.07423305511475
2026-01-31 22:00:00,real_time_price,248.0,flat,218.2637279033661
2026-01-31 22:15:00,real_time_price,245.0,flat,248.1128318309784
2026-01-31 22:30:00,real_time_price,248.0,flat,240.53627014160156
2026-01-31 22:45:00,real_time_price,240.63,flat,249.47774386405945
2026-01-31 23:00:00,real_time_price,272.2,flat,234.43754482269287
2026-01-31 23:15:00,real_time_price,250.12,flat,249.3275921344757
2026-01-31 23:30:00,real_time_price,240.0,flat,255.03991174697876
2026-01-31 23:45:00,real_time_price,246.0,flat,239.57232308387756
2026-02-01 00:00:00,real_time_price,248.0,valley,244.785973072052
2026-02-01 00:15:00,real_time_price,275.0,valley,248.9818410873413
2026-02-01 00:30:00,real_time_price,-50.0,valley,312.7319655418396
2026-02-01 00:45:00,real_time_price,232.17,valley,185.8596626520157
2026-02-01 01:00:00,real_time_price,-50.0,valley,259.79596996307373
2026-02-01 01:15:00,real_time_price,-50.0,valley,77.97727680206299
2026-02-01 01:30:00,real_time_price,-50.0,valley,30.33124351501465
2026-02-01 01:45:00,real_time_price,-50.0,valley,36.198612451553345
2026-02-01 02:00:00,real_time_price,-50.0,valley,17.02106285095215
2026-02-01 02:15:00,real_time_price,245.98,valley,29.819483995437622
2026-02-01 02:30:00,real_time_price,243.49,valley,196.0457844734192
2026-02-01 02:45:00,real_time_price,-50.0,valley,203.61038637161255
2026-02-01 03:00:00,real_time_price,-50.0,valley,69.51375579833984
2026-02-01 03:15:00,real_time_price,-50.0,valley,50.38487505912781
2026-02-01 03:30:00,real_time_price,-50.0,valley,40.94229221343994
2026-02-01 03:45:00,real_time_price,-50.0,valley,25.80411982536316
2026-02-01 04:00:00,real_time_price,-50.0,valley,28.534164667129517
2026-02-01 04:15:00,real_time_price,-50.0,valley,33.86103057861328
2026-02-01 04:30:00,real_time_price,-50.0,valley,27.2901930809021
2026-02-01 04:45:00,real_time_price,-50.0,valley,27.62683415412903
2026-02-01 05:00:00,real_time_price,-50.0,valley,23.005340337753296
2026-02-01 05:15:00,real_time_price,145.61,valley,26.75871777534485
2026-02-01 05:30:00,real_time_price,-50.0,valley,124.43133974075317
2026-02-01 05:45:00,real_time_price,-50.0,valley,62.93274998664856
2026-02-01 06:00:00,real_time_price,-50.0,valley,22.588099241256714
2026-02-01 06:15:00,real_time_price,-50.0,valley,39.31107044219971
2026-02-01 06:30:00,real_time_price,-8.23,valley,28.98878049850464
2026-02-01 06:45:00,real_time_price,14.68,valley,21.080938577651978
2026-02-01 07:00:00,real_time_price,70.17,valley,19.168967962265015
2026-02-01 07:15:00,real_time_price,0.33,valley,81.30845379829407
2026-02-01 07:30:00,real_time_price,-49.08,valley,39.774232625961304
2026-02-01 07:45:00,real_time_price,234.58,valley,29.126018524169922
2026-02-01 08:00:00,real_time_price,-50.0,flat,172.2250337600708
2026-02-01 08:15:00,real_time_price,6.37,flat,92.59550023078918
2026-02-01 08:30:00,real_time_price,346.5,flat,49.33352184295654
2026-02-01 08:45:00,real_time_price,344.81,flat,220.0755786895752
2026-02-01 09:00:00,real_time_price,96.94,flat,266.40311551094055
2026-02-01 09:15:00,real_time_price,167.17,flat,68.0626106262207
2026-02-01 09:30:00,real_time_price,30.78,flat,154.19947147369385
2026-02-01 09:45:00,real_time_price,246.09,flat,51.160311222076416
2026-02-01 10:00:00,real_time_price,73.69,peak,219.111065864563
2026-02-01 10:15:00,real_time_price,329.55,peak,180.14503002166748
2026-02-01 10:30:00,real_time_price,299.81,peak,220.1496720314026
2026-02-01 10:45:00,real_time_price,307.15,peak,275.1816477775574
2026-02-01 11:00:00,real_time_price,294.67,peak,303.79808139801025
2026-02-01 11:15:00,real_time_price,298.39,peak,286.4289813041687
2026-02-01 11:30:00,real_time_price,287.7,peak,302.1285572052002
2026-02-01 11:45:00,real_time_price,265.18,peak,284.11446380615234
2026-02-01 12:00:00,real_time_price,254.83,flat,228.58481121063232
2026-02-01 12:15:00,real_time_price,44.89,flat,151.83890962600708
2026-02-01 12:30:00,real_time_price,198.79,flat,185.88955402374268
2026-02-01 12:45:00,real_time_price,236.43,flat,155.98827981948853
2026-02-01 13:00:00,real_time_price,260.0,flat,180.81374835968018
2026-02-01 13:15:00,real_time_price,56.85,flat,218.15261793136597
2026-02-01 13:30:00,real_time_price,259.08,flat,153.70142269134521
2026-02-01 13:45:00,real_time_price,188.46,flat,231.61464262008667
2026-02-01 14:00:00,real_time_price,270.35,peak,210.51557159423828
2026-02-01 14:15:00,real_time_price,209.12,peak,233.90068531036377
2026-02-01 14:30:00,real_time_price,-31.18,peak,215.82742404937744
2026-02-01 14:45:00,real_time_price,47.76,peak,108.44543838500977
2026-02-01 15:00:00,real_time_price,50.88,peak,72.56156063079834
2026-02-01 15:15:00,real_time_price,132.03,peak,44.02610540390015
2026-02-01 15:30:00,real_time_price,35.29,peak,109.3701720237732
2026-02-01 15:45:00,real_time_price,48.3,peak,116.30759024620056
2026-02-01 16:00:00,real_time_price,228.2,peak,115.17359519004822
2026-02-01 16:15:00,real_time_price,258.0,peak,182.21311593055725
2026-02-01 16:30:00,real_time_price,278.69,peak,249.56103897094727
2026-02-01 16:45:00,real_time_price,313.04,peak,281.15250039100647
2026-02-01 17:00:00,real_time_price,292.85,peak,292.94211769104004
2026-02-01 17:15:00,real_time_price,300.3,peak,293.40287256240845
2026-02-01 17:30:00,real_time_price,330.0,peak,334.6112952232361
2026-02-01 17:45:00,real_time_price,320.0,peak,330.91413736343384
2026-02-01 18:00:00,real_time_price,330.0,peak,341.9258165359497
2026-02-01 18:15:00,real_time_price,324.99,peak,348.9317264556885
2026-02-01 18:30:00,real_time_price,390.0,peak,355.3182702064514
2026-02-01 18:45:00,real_time_price,359.99,peak,394.66258239746094
2026-02-01 19:00:00,real_time_price,305.88,flat,337.79730558395386
2026-02-01 19:15:00,real_time_price,266.77,flat,297.1143183708191
2026-02-01 19:30:00,real_time_price,471.38,flat,301.8833565711975
2026-02-01 19:45:00,real_time_price,-50.0,flat,334.4813995361328
2026-02-01 20:00:00,real_time_price,210.5,flat,223.5925874710083
2026-02-01 20:15:00,real_time_price,850.64,flat,232.6063871383667
2026-02-01 20:30:00,real_time_price,696.87,flat,343.6713008880615
2026-02-01 20:45:00,real_time_price,-50.0,flat,525.7716054916382
2026-02-01 21:00:00,real_time_price,700.0,flat,328.82976961135864
2026-02-01 21:15:00,real_time_price,1260.14,flat,487.5706205368042
2026-02-01 21:30:00,real_time_price,723.4,flat,572.8948509693146
2026-02-01 21:45:00,real_time_price,761.8,flat,591.8068687915802
2026-02-01 22:00:00,real_time_price,680.56,flat,607.4144611358643
2026-02-01 22:15:00,real_time_price,1217.51,flat,586.1063446998596
2026-02-01 22:30:00,real_time_price,790.89,flat,476.6618893146515
2026-02-01 22:45:00,real_time_price,436.34,flat,606.4835126399994
2026-02-01 23:00:00,real_time_price,644.14,flat,396.45700693130493
2026-02-01 23:15:00,real_time_price,230.16,flat,370.5290217399597
2026-02-01 23:30:00,real_time_price,-50.0,flat,332.112046957016
2026-02-01 23:45:00,real_time_price,209.72,flat,345.9643452167511
2026-02-02 00:00:00,real_time_price,292.03,valley,246.09992265701294
2026-02-02 00:15:00,real_time_price,269.0,valley,217.07649874687195
2026-02-02 00:30:00,real_time_price,358.91,valley,282.69471049308777
2026-02-02 00:45:00,real_time_price,312.58,valley,324.9062035083771
2026-02-02 01:00:00,real_time_price,282.0,valley,282.95812261104584
2026-02-02 01:15:00,real_time_price,288.0,valley,265.34175515174866
2026-02-02 01:30:00,real_time_price,270.0,valley,278.44462847709656
2026-02-02 01:45:00,real_time_price,280.0,valley,255.78850865364075
2026-02-02 02:00:00,real_time_price,276.1,valley,245.409952044487
2026-02-02 02:15:00,real_time_price,273.3,valley,272.58997988700867
2026-02-02 02:30:00,real_time_price,270.0,valley,266.1380054950714
2026-02-02 02:45:00,real_time_price,270.0,valley,259.5622959136963
2026-02-02 03:00:00,real_time_price,220.0,valley,254.58751010894775
2026-02-02 03:15:00,real_time_price,260.0,valley,244.66460704803467
2026-02-02 03:30:00,real_time_price,258.0,valley,236.32329177856445
2026-02-02 03:45:00,real_time_price,255.5,valley,245.3433952331543
2026-02-02 04:00:00,real_time_price,257.0,valley,242.5800666809082
2026-02-02 04:15:00,real_time_price,255.0,valley,242.46687364578247
2026-02-02 04:30:00,real_time_price,255.0,valley,243.39020085334778
2026-02-02 04:45:00,real_time_price,255.0,valley,241.18777441978455
2026-02-02 05:00:00,real_time_price,200.0,valley,239.95111322402954
2026-02-02 05:15:00,real_time_price,250.4,valley,222.24661016464233
2026-02-02 05:30:00,real_time_price,237.2,valley,227.73194646835327
2026-02-02 05:45:00,real_time_price,253.3,valley,237.79938888549805
2026-02-02 06:00:00,real_time_price,256.1,valley,239.53929471969604
2026-02-02 06:15:00,real_time_price,260.0,valley,251.83617734909058
2026-02-02 06:30:00,real_time_price,265.0,valley,259.4609565734863
2026-02-02 06:45:00,real_time_price,270.0,valley,257.18539476394653
2026-02-02 07:00:00,real_time_price,270.0,valley,262.0528824329376
2026-02-02 07:15:00,real_time_price,275.0,valley,258.399085521698
2026-02-02 07:30:00,real_time_price,270.1,valley,270.939062833786
2026-02-02 07:45:00,real_time_price,276.17,valley,275.9389476776123
2026-02-02 08:00:00,real_time_price,280.0,flat,287.792781829834
2026-02-02 08:15:00,real_time_price,287.78,flat,307.97595739364624
2026-02-02 08:30:00,real_time_price,331.8,flat,307.944860458374
2026-02-02 08:45:00,real_time_price,326.61,flat,327.4482717514038
2026-02-02 09:00:00,real_time_price,367.83,flat,315.48310232162476
2026-02-02 09:15:00,real_time_price,364.53,flat,351.80631709098816
2026-02-02 09:30:00,real_time_price,324.42,flat,318.61117577552795
2026-02-02 09:45:00,real_time_price,282.27,flat,321.105016708374
2026-02-02 10:00:00,real_time_price,266.57,peak,277.52382802963257
2026-02-02 10:15:00,real_time_price,267.44,peak,261.19682025909424
2026-02-02 10:30:00,real_time_price,266.51,peak,264.3229293823242
2026-02-02 10:45:00,real_time_price,276.38,peak,258.34990978240967
2026-02-02 11:00:00,real_time_price,273.47,peak,285.71076488494873
2026-02-02 11:15:00,real_time_price,272.2,peak,273.74193716049194
2026-02-02 11:30:00,real_time_price,274.91,peak,263.65846252441406
2026-02-02 11:45:00,real_time_price,260.35,peak,276.063636302948
2026-02-02 12:00:00,real_time_price,286.41,flat,247.452956199646
2026-02-02 12:15:00,real_time_price,213.81,flat,188.8425488471985
2026-02-02 12:30:00,real_time_price,274.55,flat,248.74021244049072
2026-02-02 12:45:00,real_time_price,246.45,flat,260.1040105819702
2026-02-02 13:00:00,real_time_price,158.95,flat,250.73144102096558
2026-02-02 13:15:00,real_time_price,227.01,flat,201.68650913238525
2026-02-02 13:30:00,real_time_price,217.0,flat,232.88513851165771
2026-02-02 13:45:00,real_time_price,317.12,flat,239.82315015792847
2026-02-02 14:00:00,real_time_price,265.85,peak,301.23424911499023
2026-02-02 14:15:00,real_time_price,6.39,peak,271.30763149261475
2026-02-02 14:30:00,real_time_price,16.48,peak,150.58047676086426
2026-02-02 14:45:00,real_time_price,24.43,peak,90.21180772781372
2026-02-02 15:00:00,real_time_price,48.26,peak,69.4219241142273
2026-02-02 15:15:00,real_time_price,6.69,peak,104.68497514724731
2026-02-02 15:30:00,real_time_price,-48.81,peak,134.98465394973755
2026-02-02 15:45:00,real_time_price,-0.08,peak,126.94178915023804
2026-02-02 16:00:00,real_time_price,229.18,peak,117.55524182319641
2026-02-02 16:15:00,real_time_price,249.51,peak,214.09970903396606
2026-02-02 16:30:00,real_time_price,309.23,peak,246.93000984191895
2026-02-02 16:45:00,real_time_price,276.35,peak,282.95065212249756
2026-02-02 17:00:00,real_time_price,286.51,peak,348.50610423088074
2026-02-02 17:15:00,real_time_price,274.81,peak,300.13779187202454
2026-02-02 17:30:00,real_time_price,285.0,peak,328.6021773815155
2026-02-02 17:45:00,real_time_price,280.0,peak,303.7170066833496
2026-02-02 18:00:00,real_time_price,285.0,peak,325.223201751709
2026-02-02 18:15:00,real_time_price,290.03,peak,308.4440915584564
2026-02-02 18:30:00,real_time_price,297.06,peak,334.91517448425293
2026-02-02 18:45:00,real_time_price,294.96,peak,326.31254863739014
2026-02-02 19:00:00,real_time_price,307.0,flat,298.21477794647217
2026-02-02 19:15:00,real_time_price,296.0,flat,298.33298778533936
2026-02-02 19:30:00,real_time_price,422.45,flat,311.55929613113403
2026-02-02 19:45:00,real_time_price,310.04,flat,416.58155727386475
2026-02-02 20:00:00,real_time_price,312.47,flat,297.4204876422882
2026-02-02 20:15:00,real_time_price,290.9,flat,307.1294045448303
2026-02-02 20:30:00,real_time_price,288.01,flat,302.9931230545044
2026-02-02 20:45:00,real_time_price,289.01,flat,282.2737259864807
2026-02-02 21:00:00,real_time_price,286.98,flat,290.03924894332886
2026-02-02 21:15:00,real_time_price,290.01,flat,282.87349462509155
2026-02-02 21:30:00,real_time_price,302.88,flat,297.6951313018799
2026-02-02 21:45:00,real_time_price,302.59,flat,291.40126371383667
2026-02-02 22:00:00,real_time_price,307.59,flat,279.85182762145996
2026-02-02 22:15:00,real_time_price,367.24,flat,278.5891170501709
2026-02-02 22:30:00,real_time_price,320.07,flat,349.08245372772217
2026-02-02 22:45:00,real_time_price,320.49,flat,319.87780237197876
2026-02-02 23:00:00,real_time_price,300.71,flat,279.34390783309937
2026-02-02 23:15:00,real_time_price,292.46,flat,291.0810966491699
2026-02-02 23:30:00,real_time_price,314.06,flat,279.417772769928
2026-02-02 23:45:00,real_time_price,312.93,flat,296.10129404067993
2026-02-03 00:00:00,real_time_price,307.28,valley,291.5343828201294
2026-02-03 00:15:00,real_time_price,255.5,valley,287.7827913761139
2026-02-03 00:30:00,real_time_price,361.95,valley,336.24109077453613
2026-02-03 00:45:00,real_time_price,327.36,valley,311.7634937763214
2026-02-03 01:00:00,real_time_price,281.43,valley,308.2599067687988
2026-02-03 01:15:00,real_time_price,287.15,valley,278.58356380462646
2026-02-03 01:30:00,real_time_price,274.96,valley,281.2766697406769
2026-02-03 01:45:00,real_time_price,276.95,valley,273.41184973716736
2026-02-03 02:00:00,real_time_price,274.96,valley,273.9035544395447
2026-02-03 02:15:00,real_time_price,274.79,valley,269.1791648864746
2026-02-03 02:30:00,real_time_price,268.65,valley,266.7538058757782
2026-02-03 02:45:00,real_time_price,265.1,valley,263.7237231731415
2026-02-03 03:00:00,real_time_price,260.24,valley,253.41357135772705
2026-02-03 03:15:00,real_time_price,260.0,valley,255.85699033737183
2026-02-03 03:30:00,real_time_price,258.0,valley,251.23413586616516
2026-02-03 03:45:00,real_time_price,255.86,valley,249.57066822052002
2026-02-03 04:00:00,real_time_price,252.86,valley,249.93394684791565
2026-02-03 04:15:00,real_time_price,257.0,valley,248.87246203422546
2026-02-03 04:30:00,real_time_price,255.0,valley,246.63838410377502
2026-02-03 04:45:00,real_time_price,252.55,valley,246.5853374004364
2026-02-03 05:00:00,real_time_price,237.97,valley,240.82650423049927
2026-02-03 05:15:00,real_time_price,242.93,valley,239.38133668899536
2026-02-03 05:30:00,real_time_price,253.15,valley,234.8735156059265
2026-02-03 05:45:00,real_time_price,253.53,valley,246.9493384361267
2026-02-03 06:00:00,real_time_price,257.77,valley,255.81797528266907
2026-02-03 06:15:00,real_time_price,260.0,valley,255.15930676460266
2026-02-03 06:30:00,real_time_price,258.82,valley,262.1393036842346
2026-02-03 06:45:00,real_time_price,263.5,valley,262.5799353122711
2026-02-03 07:00:00,real_time_price,274.01,valley,263.8880898952484
2026-02-03 07:15:00,real_time_price,268.97,valley,263.8564157485962
2026-02-03 07:30:00,real_time_price,276.79,valley,267.9719533920288
2026-02-03 07:45:00,real_time_price,281.9,valley,274.7154469490051
2026-02-03 08:00:00,real_time_price,304.52,flat,289.26570558547974
2026-02-03 08:15:00,real_time_price,319.19,flat,295.7839288711548
2026-02-03 08:30:00,real_time_price,393.98,flat,326.44303274154663
2026-02-03 08:45:00,real_time_price,346.7,flat,354.2528727054596
2026-02-03 09:00:00,real_time_price,358.23,flat,345.8583812713623
2026-02-03 09:15:00,real_time_price,330.29,flat,344.2980237007141
2026-02-03 09:30:00,real_time_price,320.38,flat,333.44626784324646
2026-02-03 09:45:00,real_time_price,258.9,flat,325.0507764816284
2026-02-03 10:00:00,real_time_price,250.21,peak,259.6961178779602
2026-02-03 10:15:00,real_time_price,252.47,peak,255.57445240020752
2026-02-03 10:30:00,real_time_price,63.86,peak,240.27354860305786
2026-02-03 10:45:00,real_time_price,9.72,peak,216.61260986328125
2026-02-03 11:00:00,real_time_price,35.35,peak,109.16610622406006
2026-02-03 11:15:00,real_time_price,-42.67,peak,122.01158046722412
2026-02-03 11:30:00,real_time_price,-36.36,peak,64.94989967346191
2026-02-03 11:45:00,real_time_price,270.15,peak,82.3016996383667
2026-02-03 12:00:00,real_time_price,11.57,flat,164.35822105407715
2026-02-03 12:15:00,real_time_price,-37.11,flat,70.15618515014648
2026-02-03 12:30:00,real_time_price,-47.04,flat,22.343822479248047
2026-02-03 12:45:00,real_time_price,-47.05,flat,45.5087366104126
2026-02-03 13:00:00,real_time_price,-35.39,flat,-30.138156414031982
2026-02-03 13:15:00,real_time_price,-18.09,flat,-2.5366287231445312
2026-02-03 13:30:00,real_time_price,-47.05,flat,-19.183833122253418
2026-02-03 13:45:00,real_time_price,-47.09,flat,-1.36763334274292
2026-02-03 14:00:00,real_time_price,100.25,peak,47.026122093200684
2026-02-03 14:15:00,real_time_price,-42.55,peak,71.36419868469238
2026-02-03 14:30:00,real_time_price,-50.0,peak,70.77901697158813
2026-02-03 14:45:00,real_time_price,-47.05,peak,8.66202974319458
2026-02-03 15:00:00,real_time_price,51.98,peak,70.0320315361023
2026-02-03 15:15:00,real_time_price,-47.04,peak,86.65170240402222
2026-02-03 15:30:00,real_time_price,4.3,peak,46.926846981048584
2026-02-03 15:45:00,real_time_price,184.11,peak,87.31319689750671
2026-02-03 16:00:00,real_time_price,219.81,peak,233.1408314704895
2026-02-03 16:15:00,real_time_price,228.49,peak,204.35809183120728
2026-02-03 16:30:00,real_time_price,274.57,peak,254.00572514533997
2026-02-03 16:45:00,real_time_price,271.99,peak,278.3852550983429
2026-02-03 17:00:00,real_time_price,277.07,peak,286.2372946739197
2026-02-03 17:15:00,real_time_price,298.43,peak,284.96019649505615
2026-02-03 17:30:00,real_time_price,320.32,peak,304.36450147628784
2026-02-03 17:45:00,real_time_price,295.14,peak,328.01737117767334
2026-02-03 18:00:00,real_time_price,289.98,peak,313.1257266998291
2026-02-03 18:15:00,real_time_price,296.97,peak,295.21930027008057
2026-02-03 18:30:00,real_time_price,293.17,peak,316.84311056137085
2026-02-03 18:45:00,real_time_price,314.14,peak,307.94619274139404
2026-02-03 19:00:00,real_time_price,321.2,flat,310.78980255126953
2026-02-03 19:15:00,real_time_price,308.0,flat,311.52845287323
2026-02-03 19:30:00,real_time_price,314.7,flat,326.15983724594116
2026-02-03 19:45:00,real_time_price,305.0,flat,316.32472372055054
2026-02-03 20:00:00,real_time_price,314.4,flat,295.9157381057739
2026-02-03 20:15:00,real_time_price,294.99,flat,306.9646153450012
2026-02-03 20:30:00,real_time_price,304.3,flat,291.813205242157
2026-02-03 20:45:00,real_time_price,320.79,flat,300.81866550445557
2026-02-03 21:00:00,real_time_price,308.0,flat,312.2924244403839
2026-02-03 21:15:00,real_time_price,330.7,flat,309.9410493373871
2026-02-03 21:30:00,real_time_price,325.84,flat,318.4014723300934
2026-02-03 21:45:00,real_time_price,370.2,flat,330.1460464000702
2026-02-03 22:00:00,real_time_price,359.48,flat,346.9095697402954
2026-02-03 22:15:00,real_time_price,400.74,flat,355.77837204933167
2026-02-03 22:30:00,real_time_price,341.11,flat,353.05315494537354
2026-02-03 22:45:00,real_time_price,350.2,flat,355.7594585418701
2026-02-03 23:00:00,real_time_price,322.51,flat,331.43521094322205
2026-02-03 23:15:00,real_time_price,304.43,flat,310.53053998947144
2026-02-03 23:30:00,real_time_price,300.0,flat,298.38908290863037
2026-02-03 23:45:00,real_time_price,301.06,flat,282.24273109436035
2026-02-04 00:00:00,real_time_price,289.1,valley,282.73557019233704
2026-02-04 00:15:00,real_time_price,277.7,valley,273.3190906047821
2026-02-04 00:30:00,real_time_price,331.9,valley,406.13796401023865
2026-02-04 00:45:00,real_time_price,340.82,valley,323.03552412986755
2026-02-04 01:00:00,real_time_price,358.74,valley,317.7295266389847
2026-02-04 01:15:00,real_time_price,357.77,valley,324.577637553215
2026-02-04 01:30:00,real_time_price,311.13,valley,332.6868497133255
2026-02-04 01:45:00,real_time_price,277.7,valley,309.5093811750412
2026-02-04 02:00:00,real_time_price,303.81,valley,280.993714928627
2026-02-04 02:15:00,real_time_price,295.67,valley,295.67170774936676
2026-02-04 02:30:00,real_time_price,291.64,valley,285.1126297712326
2026-02-04 02:45:00,real_time_price,288.83,valley,281.4286825656891
2026-02-04 03:00:00,real_time_price,280.1,valley,281.66374492645264
2026-02-04 03:15:00,real_time_price,277.0,valley,278.050656080246
2026-02-04 03:30:00,real_time_price,272.0,valley,272.4270751476288
2026-02-04 03:45:00,real_time_price,275.3,valley,268.054771900177
2026-02-04 04:00:00,real_time_price,276.1,valley,266.0341110229492
2026-02-04 04:15:00,real_time_price,275.0,valley,267.80702805519104
2026-02-04 04:30:00,real_time_price,275.7,valley,266.7473542690277
2026-02-04 04:45:00,real_time_price,275.0,valley,260.0125472545624
2026-02-04 05:00:00,real_time_price,277.7,valley,260.75291991233826
2026-02-04 05:15:00,real_time_price,275.7,valley,259.026328086853
2026-02-04 05:30:00,real_time_price,275.0,valley,263.8638985157013
2026-02-04 05:45:00,real_time_price,276.1,valley,269.7914094924927
2026-02-04 06:00:00,real_time_price,280.3,valley,260.8804864883423
2026-02-04 06:15:00,real_time_price,280.0,valley,270.84491872787476
2026-02-04 06:30:00,real_time_price,311.94,valley,284.9328124523163
2026-02-04 06:45:00,real_time_price,297.81,valley,304.4316420555115
2026-02-04 07:00:00,real_time_price,300.81,valley,297.88489508628845
2026-02-04 07:15:00,real_time_price,285.1,valley,297.6716043949127
2026-02-04 07:30:00,real_time_price,295.0,valley,296.3061444759369
2026-02-04 07:45:00,real_time_price,302.81,valley,291.8500928878784
2026-02-04 08:00:00,real_time_price,318.05,flat,307.70094203948975
2026-02-04 08:15:00,real_time_price,363.08,flat,328.3534517288208
2026-02-04 08:30:00,real_time_price,420.48,flat,378.3769006729126
2026-02-04 08:45:00,real_time_price,418.18,flat,396.5388813018799
2026-02-04 09:00:00,real_time_price,400.0,flat,402.5732800960541
2026-02-04 09:15:00,real_time_price,351.24,flat,366.69329357147217
2026-02-04 09:30:00,real_time_price,305.58,flat,353.69972801208496
2026-02-04 09:45:00,real_time_price,358.03,flat,319.3812439441681
2026-02-04 10:00:00,real_time_price,292.0,peak,349.9538164138794
2026-02-04 10:15:00,real_time_price,277.45,peak,290.4671964645386
2026-02-04 10:30:00,real_time_price,268.35,peak,275.7194895744324
2026-02-04 10:45:00,real_time_price,304.56,peak,265.9527282714844
2026-02-04 11:00:00,real_time_price,272.98,peak,308.98158264160156
2026-02-04 11:15:00,real_time_price,262.65,peak,281.91352558135986
2026-02-04 11:30:00,real_time_price,267.99,peak,242.017653465271
2026-02-04 11:45:00,real_time_price,266.66,peak,260.4597215652466
2026-02-04 12:00:00,real_time_price,263.25,flat,233.0929250717163
2026-02-04 12:15:00,real_time_price,206.25,flat,139.11567783355713
2026-02-04 12:30:00,real_time_price,230.44,flat,231.56339979171753
2026-02-04 12:45:00,real_time_price,252.89,flat,223.7665319442749
2026-02-04 13:00:00,real_time_price,205.48,flat,227.14335870742798
2026-02-04 13:15:00,real_time_price,263.3,flat,213.74021816253662
2026-02-04 13:30:00,real_time_price,244.0,flat,266.4474444389343
2026-02-04 13:45:00,real_time_price,252.95,flat,261.02493143081665
2026-02-04 14:00:00,real_time_price,259.44,peak,251.94196605682373
2026-02-04 14:15:00,real_time_price,263.45,peak,199.51987552642822
2026-02-04 14:30:00,real_time_price,236.53,peak,221.9853916168213
2026-02-04 14:45:00,real_time_price,236.64,peak,237.11596632003784
2026-02-04 15:00:00,real_time_price,214.87,peak,229.36585474014282
2026-02-04 15:15:00,real_time_price,225.51,peak,196.267587184906
2026-02-04 15:30:00,real_time_price,220.1,peak,238.49960803985596
2026-02-04 15:45:00,real_time_price,246.53,peak,301.4764287471771
2026-02-04 16:00:00,real_time_price,240.0,peak,245.8504195213318
2026-02-04 16:15:00,real_time_price,259.48,peak,253.95177364349365
2026-02-04 16:30:00,real_time_price,264.45,peak,259.6812081336975
2026-02-04 16:45:00,real_time_price,287.56,peak,267.80722212791443
2026-02-04 17:00:00,real_time_price,290.18,peak,283.77688217163086
2026-02-04 17:15:00,real_time_price,297.95,peak,294.78789234161377
2026-02-04 17:30:00,real_time_price,295.0,peak,312.84053897857666
2026-02-04 17:45:00,real_time_price,285.0,peak,290.73658657073975
2026-02-04 18:00:00,real_time_price,320.0,peak,295.2966170310974
2026-02-04 18:15:00,real_time_price,294.1,peak,298.31925678253174
2026-02-04 18:30:00,real_time_price,298.29,peak,319.20622634887695
2026-02-04 18:45:00,real_time_price,338.88,peak,319.30170822143555
2026-02-04 19:00:00,real_time_price,326.62,flat,323.67924976348877
2026-02-04 19:15:00,real_time_price,310.0,flat,336.2968158721924
2026-02-04 19:30:00,real_time_price,303.35,flat,341.63036918640137
2026-02-04 19:45:00,real_time_price,315.0,flat,304.39078092575073
2026-02-04 20:00:00,real_time_price,320.0,flat,308.14117193222046
2026-02-04 20:15:00,real_time_price,292.2,flat,308.5133686065674
2026-02-04 20:30:00,real_time_price,295.1,flat,301.7753601074219
2026-02-04 20:45:00,real_time_price,302.5,flat,296.4696960449219
2026-02-04 21:00:00,real_time_price,319.0,flat,295.83236265182495
2026-02-04 21:15:00,real_time_price,300.0,flat,309.2760753631592
2026-02-04 21:30:00,real_time_price,320.01,flat,302.0109934806824
2026-02-04 21:45:00,real_time_price,302.49,flat,310.8361473083496
2026-02-04 22:00:00,real_time_price,309.7,flat,300.2071008682251
2026-02-04 22:15:00,real_time_price,326.0,flat,302.64727449417114
2026-02-04 22:30:00,real_time_price,300.0,flat,313.1953296661377
2026-02-04 22:45:00,real_time_price,338.1,flat,292.178688287735
2026-02-04 23:00:00,real_time_price,320.0,flat,302.81354236602783
2026-02-04 23:15:00,real_time_price,341.0,flat,308.07960844039917
2026-02-04 23:30:00,real_time_price,306.93,flat,308.80877447128296
2026-02-04 23:45:00,real_time_price,295.6,flat,298.7980098724365
2026-02-05 00:00:00,real_time_price,277.7,valley,283.4727792739868
2026-02-05 00:15:00,real_time_price,277.7,valley,280.94463205337524
2026-02-05 00:30:00,real_time_price,323.29,valley,359.30966114997864
2026-02-05 00:45:00,real_time_price,310.0,valley,332.42712330818176
2026-02-05 01:00:00,real_time_price,310.0,valley,309.25760889053345
2026-02-05 01:15:00,real_time_price,310.0,valley,305.92604970932007
2026-02-05 01:30:00,real_time_price,283.0,valley,308.3796224594116
2026-02-05 01:45:00,real_time_price,276.1,valley,290.64575576782227
2026-02-05 02:00:00,real_time_price,276.1,valley,279.8558783531189
2026-02-05 02:15:00,real_time_price,278.1,valley,277.62617444992065
2026-02-05 02:30:00,real_time_price,283.0,valley,279.79240798950195
2026-02-05 02:45:00,real_time_price,279.0,valley,278.51552391052246
2026-02-05 03:00:00,real_time_price,275.0,valley,280.0992178916931
2026-02-05 03:15:00,real_time_price,275.0,valley,273.99454498291016
2026-02-05 03:30:00,real_time_price,275.0,valley,273.3564648628235
2026-02-05 03:45:00,real_time_price,275.0,valley,270.06858921051025
2026-02-05 04:00:00,real_time_price,275.0,valley,271.1554317474365
2026-02-05 04:15:00,real_time_price,270.68,valley,272.18625688552856
2026-02-05 04:30:00,real_time_price,270.4,valley,271.09989976882935
2026-02-05 04:45:00,real_time_price,270.0,valley,270.5051975250244
2026-02-05 05:00:00,real_time_price,270.4,valley,271.5850315093994
2026-02-05 05:15:00,real_time_price,268.2,valley,272.771568775177
2026-02-05 05:30:00,real_time_price,272.6,valley,270.96821308135986
2026-02-05 05:45:00,real_time_price,268.4,valley,276.4719514846802
2026-02-05 06:00:00,real_time_price,270.0,valley,272.97776317596436
2026-02-05 06:15:00,real_time_price,270.4,valley,275.33052015304565
2026-02-05 06:30:00,real_time_price,270.0,valley,282.7605662345886
2026-02-05 06:45:00,real_time_price,275.0,valley,277.938588142395
2026-02-05 07:00:00,real_time_price,275.0,valley,282.0429153442383
2026-02-05 07:15:00,real_time_price,275.0,valley,271.11806440353394
2026-02-05 07:30:00,real_time_price,275.0,valley,273.4183340072632
2026-02-05 07:45:00,real_time_price,285.0,valley,277.8061351776123
2026-02-05 08:00:00,real_time_price,296.45,flat,296.85544300079346
2026-02-05 08:15:00,real_time_price,310.0,flat,309.9791114330292
2026-02-05 08:30:00,real_time_price,340.69,flat,323.24697601795197
2026-02-05 08:45:00,real_time_price,300.12,flat,335.47623085975647
2026-02-05 09:00:00,real_time_price,325.0,flat,312.187251329422
2026-02-05 09:15:00,real_time_price,300.0,flat,320.63826417922974
2026-02-05 09:30:00,real_time_price,302.0,flat,310.4878101348877
2026-02-05 09:45:00,real_time_price,305.8,flat,300.80846118927
2026-02-05 10:00:00,real_time_price,275.0,peak,289.33663189411163
2026-02-05 10:15:00,real_time_price,274.0,peak,278.1406296491623
2026-02-05 10:30:00,real_time_price,265.1,peak,267.6917814016342
2026-02-05 10:45:00,real_time_price,260.1,peak,267.72591984272003
2026-02-05 11:00:00,real_time_price,260.0,peak,258.2243764400482
2026-02-05 11:15:00,real_time_price,256.24,peak,256.9024156332016
2026-02-05 11:30:00,real_time_price,255.0,peak,251.7372454404831
2026-02-05 11:45:00,real_time_price,238.74,peak,243.2906732559204
2026-02-05 12:00:00,real_time_price,245.3,flat,223.10239577293396
2026-02-05 12:15:00,real_time_price,105.18,flat,142.2105541229248
2026-02-05 12:30:00,real_time_price,200.0,flat,188.9896936416626
2026-02-05 12:45:00,real_time_price,177.08,flat,162.30929803848267
2026-02-05 13:00:00,real_time_price,120.0,flat,138.17234992980957
2026-02-05 13:15:00,real_time_price,241.07,flat,158.30917596817017
2026-02-05 13:30:00,real_time_price,235.98,flat,200.69283771514893
2026-02-05 13:45:00,real_time_price,241.43,flat,239.68940198421478
2026-02-05 14:00:00,real_time_price,257.82,peak,276.10675716400146
2026-02-05 14:15:00,real_time_price,265.33,peak,238.17730283737183
2026-02-05 14:30:00,real_time_price,249.39,peak,248.2468867301941
2026-02-05 14:45:00,real_time_price,223.84,peak,256.72443151474
2026-02-05 15:00:00,real_time_price,234.81,peak,236.04270601272583
2026-02-05 15:15:00,real_time_price,245.3,peak,235.44422888755798
2026-02-05 15:30:00,real_time_price,248.12,peak,243.14098024368286
2026-02-05 15:45:00,real_time_price,250.2,peak,257.273553609848
2026-02-05 16:00:00,real_time_price,255.0,peak,260.40984427928925
2026-02-05 16:15:00,real_time_price,262.82,peak,267.72904682159424
2026-02-05 16:30:00,real_time_price,270.0,peak,271.4191837310791
2026-02-05 16:45:00,real_time_price,274.3,peak,277.7197618484497
2026-02-05 17:00:00,real_time_price,275.0,peak,286.81750202178955
2026-02-05 17:15:00,real_time_price,288.0,peak,286.9100649356842
2026-02-05 17:30:00,real_time_price,311.14,peak,295.9873905181885
2026-02-05 17:45:00,real_time_price,291.0,peak,287.76835560798645
2026-02-05 18:00:00,real_time_price,310.0,peak,296.07627844810486
2026-02-05 18:15:00,real_time_price,318.28,peak,296.0268933773041
2026-02-05 18:30:00,real_time_price,326.73,peak,328.25754475593567
2026-02-05 18:45:00,real_time_price,290.0,peak,328.7165877819061
2026-02-05 19:00:00,real_time_price,315.0,flat,310.92303442955017
2026-02-05 19:15:00,real_time_price,309.98,flat,311.18887853622437
2026-02-05 19:30:00,real_time_price,320.13,flat,332.2393960952759
2026-02-05 19:45:00,real_time_price,329.0,flat,322.8304500579834
2026-02-05 20:00:00,real_time_price,366.44,flat,319.25012397766113
2026-02-05 20:15:00,real_time_price,300.0,flat,343.29253339767456
2026-02-05 20:30:00,real_time_price,309.5,flat,327.85101771354675
2026-02-05 20:45:00,real_time_price,310.0,flat,311.9807962179184
2026-02-05 21:00:00,real_time_price,341.0,flat,314.7728605270386
2026-02-05 21:15:00,real_time_price,320.0,flat,321.30839407444
2026-02-05 21:30:00,real_time_price,320.08,flat,334.7710072994232
2026-02-05 21:45:00,real_time_price,343.51,flat,317.49345350265503
2026-02-05 22:00:00,real_time_price,300.0,flat,321.70058035850525
2026-02-05 22:15:00,real_time_price,350.32,flat,304.54002618789673
2026-02-05 22:30:00,real_time_price,339.0,flat,315.9586899280548
2026-02-05 22:45:00,real_time_price,344.67,flat,327.2787780761719
2026-02-05 23:00:00,real_time_price,333.0,flat,323.82031631469727
2026-02-05 23:15:00,real_time_price,325.12,flat,320.1893560886383
2026-02-05 23:30:00,real_time_price,312.92,flat,316.3113205432892
2026-02-05 23:45:00,real_time_price,290.0,flat,309.1436815261841
2026-02-06 00:00:00,real_time_price,290.0,valley,285.02703046798706
2026-02-06 00:15:00,real_time_price,280.0,valley,281.5552911758423
2026-02-06 00:30:00,real_time_price,300.0,valley,375.26242899894714
2026-02-06 00:45:00,real_time_price,320.7,valley,319.6822533607483
2026-02-06 01:00:00,real_time_price,320.0,valley,313.7233872413635
2026-02-06 01:15:00,real_time_price,302.8,valley,315.0823163986206
2026-02-06 01:30:00,real_time_price,310.0,valley,302.65800285339355
2026-02-06 01:45:00,real_time_price,291.79,valley,303.21477603912354
2026-02-06 02:00:00,real_time_price,284.0,valley,289.7123775482178
2026-02-06 02:15:00,real_time_price,280.0,valley,285.84338665008545
2026-02-06 02:30:00,real_time_price,280.0,valley,283.31121587753296
2026-02-06 02:45:00,real_time_price,278.81,valley,279.5278625488281
2026-02-06 03:00:00,real_time_price,278.4,valley,277.0516428947449
2026-02-06 03:15:00,real_time_price,278.4,valley,277.3360800743103
2026-02-06 03:30:00,real_time_price,276.1,valley,277.1446752548218
2026-02-06 03:45:00,real_time_price,277.2,valley,273.51022005081177
2026-02-06 04:00:00,real_time_price,275.3,valley,276.92906618118286
2026-02-06 04:15:00,real_time_price,277.0,valley,272.67601585388184
2026-02-06 04:30:00,real_time_price,275.3,valley,272.80841159820557
2026-02-06 04:45:00,real_time_price,276.1,valley,271.38243770599365
2026-02-06 05:00:00,real_time_price,275.0,valley,272.1308789253235
2026-02-06 05:15:00,real_time_price,275.2,valley,273.1462755203247
2026-02-06 05:30:00,real_time_price,275.0,valley,276.0569348335266
2026-02-06 05:45:00,real_time_price,276.0,valley,277.3772621154785
2026-02-06 06:00:00,real_time_price,279.0,valley,278.2002158164978
2026-02-06 06:15:00,real_time_price,279.0,valley,282.05406379699707
2026-02-06 06:30:00,real_time_price,278.0,valley,289.40595293045044
2026-02-06 06:45:00,real_time_price,282.0,valley,287.8950357437134
2026-02-06 07:00:00,real_time_price,284.0,valley,288.0796823501587
2026-02-06 07:15:00,real_time_price,285.0,valley,284.7984480857849
2026-02-06 07:30:00,real_time_price,300.0,valley,288.53274393081665
2026-02-06 07:45:00,real_time_price,300.0,valley,295.5401496887207
2026-02-06 08:00:00,real_time_price,310.0,flat,306.77247190475464
2026-02-06 08:15:00,real_time_price,313.8,flat,316.60582447052
2026-02-06 08:30:00,real_time_price,287.0,flat,333.4239058494568
2026-02-06 08:45:00,real_time_price,313.8,flat,294.1502182483673
2026-02-06 09:00:00,real_time_price,300.0,flat,311.71750688552856
2026-02-06 09:15:00,real_time_price,285.0,flat,294.57172107696533
2026-02-06 09:30:00,real_time_price,300.0,flat,285.1962697505951
2026-02-06 09:45:00,real_time_price,277.0,flat,285.5465188026428
2026-02-06 10:00:00,real_time_price,275.0,peak,276.2791874408722
2026-02-06 10:15:00,real_time_price,270.0,peak,260.20745944976807
2026-02-06 10:30:00,real_time_price,212.0,peak,259.5341806411743
2026-02-06 10:45:00,real_time_price,260.0,peak,264.54700994491577
2026-02-06 11:00:00,real_time_price,210.0,peak,244.67995762825012
2026-02-06 11:15:00,real_time_price,43.25,peak,260.9959101676941
2026-02-06 11:30:00,real_time_price,190.94,peak,199.78963494300842
2026-02-06 11:45:00,real_time_price,198.46,peak,155.95414781570435
2026-02-06 12:00:00,real_time_price,53.37,flat,201.05557298660278
2026-02-06 12:15:00,real_time_price,-34.14,flat,44.96752166748047
2026-02-06 12:30:00,real_time_price,67.12,flat,91.04398107528687
2026-02-06 12:45:00,real_time_price,0.72,flat,39.64155673980713
2026-02-06 13:00:00,real_time_price,17.9,flat,59.640202045440674
2026-02-06 13:15:00,real_time_price,-35.59,flat,39.76699733734131
2026-02-06 13:30:00,real_time_price,-41.32,flat,25.322999954223633
2026-02-06 13:45:00,real_time_price,209.37,flat,24.456850290298462
2026-02-06 14:00:00,real_time_price,204.12,peak,162.66835641860962
2026-02-06 14:15:00,real_time_price,-36.83,peak,124.81126499176025
2026-02-06 14:30:00,real_time_price,-35.69,peak,47.42070388793945
2026-02-06 14:45:00,real_time_price,-43.92,peak,40.06516790390015
2026-02-06 15:00:00,real_time_price,10.5,peak,62.5453839302063
2026-02-06 15:15:00,real_time_price,49.23,peak,59.81459283828735
2026-02-06 15:30:00,real_time_price,49.12,peak,79.50082802772522
2026-02-06 15:45:00,real_time_price,221.05,peak,71.62184715270996
2026-02-06 16:00:00,real_time_price,251.69,peak,219.15526247024536
2026-02-06 16:15:00,real_time_price,255.0,peak,273.3617820739746
2026-02-06 16:30:00,real_time_price,281.37,peak,278.1274584531784
2026-02-06 16:45:00,real_time_price,281.68,peak,299.4215326309204
2026-02-06 17:00:00,real_time_price,279.6,peak,288.7800495624542
2026-02-06 17:15:00,real_time_price,280.0,peak,296.1957755088806
2026-02-06 17:30:00,real_time_price,300.0,peak,321.0322608947754
2026-02-06 17:45:00,real_time_price,310.0,peak,308.2024259567261
2026-02-06 18:00:00,real_time_price,358.82,peak,318.6203908920288
2026-02-06 18:15:00,real_time_price,358.0,peak,342.32032203674316
2026-02-06 18:30:00,real_time_price,350.0,peak,371.45520853996277
2026-02-06 18:45:00,real_time_price,352.49,peak,362.41651344299316
2026-02-06 19:00:00,real_time_price,400.18,flat,340.0186610221863
2026-02-06 19:15:00,real_time_price,309.2,flat,344.4049496650696
2026-02-06 19:30:00,real_time_price,316.93,flat,358.93916749954224
2026-02-06 19:45:00,real_time_price,319.8,flat,321.6558647155762
2026-02-06 20:00:00,real_time_price,312.5,flat,320.07602977752686
2026-02-06 20:15:00,real_time_price,285.3,flat,310.9240925312042
2026-02-06 20:30:00,real_time_price,310.0,flat,309.07255935668945
2026-02-06 20:45:00,real_time_price,310.0,flat,318.2931580543518
2026-02-06 21:00:00,real_time_price,285.17,flat,316.72155129909515
2026-02-06 21:15:00,real_time_price,296.22,flat,291.8840525150299
2026-02-06 21:30:00,real_time_price,300.0,flat,296.82614719867706
2026-02-06 21:45:00,real_time_price,302.0,flat,295.0900595188141
2026-02-06 22:00:00,real_time_price,295.0,flat,295.83976686000824
2026-02-06 22:15:00,real_time_price,295.0,flat,292.62631118297577
2026-02-06 22:30:00,real_time_price,290.0,flat,289.6454210281372
2026-02-06 22:45:00,real_time_price,278.0,flat,285.76968574523926
2026-02-06 23:00:00,real_time_price,290.0,flat,285.2687711715698
2026-02-06 23:15:00,real_time_price,277.0,flat,283.9077818393707
2026-02-06 23:30:00,real_time_price,280.3,flat,279.5062737464905
2026-02-06 23:45:00,real_time_price,277.0,flat,275.9051353931427
2026-02-07 00:00:00,real_time_price,275.0,valley,290.3120393753052
2026-02-07 00:15:00,real_time_price,270.02,valley,284.9374089241028
2026-02-07 00:30:00,real_time_price,320.01,valley,340.9396345615387
2026-02-07 00:45:00,real_time_price,279.86,valley,328.0687918663025
2026-02-07 01:00:00,real_time_price,280.3,valley,280.64407205581665
2026-02-07 01:15:00,real_time_price,285.18,valley,283.67844247817993
2026-02-07 01:30:00,real_time_price,279.75,valley,283.09685373306274
2026-02-07 01:45:00,real_time_price,272.13,valley,285.0486264228821
2026-02-07 02:00:00,real_time_price,272.0,valley,276.6081533432007
2026-02-07 02:15:00,real_time_price,263.32,valley,276.55073499679565
2026-02-07 02:30:00,real_time_price,270.0,valley,270.87788677215576
2026-02-07 02:45:00,real_time_price,265.19,valley,270.5681185722351
2026-02-07 03:00:00,real_time_price,265.05,valley,267.8241477012634
2026-02-07 03:15:00,real_time_price,254.09,valley,268.0826315879822
2026-02-07 03:30:00,real_time_price,262.89,valley,259.02530097961426
2026-02-07 03:45:00,real_time_price,255.39,valley,261.40589475631714
2026-02-07 04:00:00,real_time_price,260.15,valley,259.7502107620239
2026-02-07 04:15:00,real_time_price,257.95,valley,260.1048836708069
2026-02-07 04:30:00,real_time_price,249.93,valley,259.1697268486023
2026-02-07 04:45:00,real_time_price,249.93,valley,253.68382835388184
2026-02-07 05:00:00,real_time_price,239.93,valley,252.77848863601685
2026-02-07 05:15:00,real_time_price,204.63,valley,244.33007669448853
2026-02-07 05:30:00,real_time_price,240.34,valley,241.28557205200195
2026-02-07 05:45:00,real_time_price,219.8,valley,231.5159878730774
2026-02-07 06:00:00,real_time_price,240.17,valley,241.00063705444336
2026-02-07 06:15:00,real_time_price,240.16,valley,224.9776668548584
2026-02-07 06:30:00,real_time_price,249.89,valley,241.24340534210205
2026-02-07 06:45:00,real_time_price,247.88,valley,252.50518083572388
2026-02-07 07:00:00,real_time_price,255.01,valley,254.95779991149902
2026-02-07 07:15:00,real_time_price,254.12,valley,253.91855764389038
2026-02-07 07:30:00,real_time_price,257.59,valley,254.99318027496338
2026-02-07 07:45:00,real_time_price,266.0,valley,257.24750661849976
2026-02-07 08:00:00,real_time_price,264.34,flat,254.28688049316406
2026-02-07 08:15:00,real_time_price,270.0,flat,256.48880195617676
2026-02-07 08:30:00,real_time_price,271.46,flat,259.8923878669739
2026-02-07 08:45:00,real_time_price,-50.0,flat,262.46290123462677
2026-02-07 09:00:00,real_time_price,265.0,flat,127.88608169555664
2026-02-07 09:15:00,real_time_price,255.52,flat,249.34624028205872
2026-02-07 09:30:00,real_time_price,264.31,flat,222.33757901191711
2026-02-07 09:45:00,real_time_price,257.67,flat,217.39095056056976
2026-02-07 10:00:00,real_time_price,43.25,peak,253.47565078735352
2026-02-07 10:15:00,real_time_price,43.25,peak,186.4407286643982
2026-02-07 10:30:00,real_time_price,43.25,peak,86.33491778373718
2026-02-07 10:45:00,real_time_price,195.0,peak,68.96315503120422
2026-02-07 11:00:00,real_time_price,-10.0,peak,124.55756163597107
2026-02-07 11:15:00,real_time_price,-50.0,peak,95.8363242149353
2026-02-07 11:30:00,real_time_price,-50.0,peak,42.507638454437256
2026-02-07 11:45:00,real_time_price,71.45,peak,39.28926944732666
2026-02-07 12:00:00,real_time_price,-50.0,flat,17.438868045806885
2026-02-07 12:15:00,real_time_price,-50.0,flat,-44.88213920593262
2026-02-07 12:30:00,real_time_price,-50.0,flat,-39.13572931289673
2026-02-07 12:45:00,real_time_price,-50.0,flat,-43.62340259552002
2026-02-07 13:00:00,real_time_price,-50.0,flat,-50.427520751953125
2026-02-07 13:15:00,real_time_price,-15.67,flat,-35.69520282745361
2026-02-07 13:30:00,real_time_price,-50.0,flat,-3.8504984229803085
2026-02-07 13:45:00,real_time_price,-50.0,flat,5.687706232070923
2026-02-07 14:00:00,real_time_price,-50.0,peak,-12.413253784179688
2026-02-07 14:15:00,real_time_price,-50.0,peak,-5.9276955127716064
2026-02-07 14:30:00,real_time_price,-50.0,peak,-23.43587303161621
2026-02-07 14:45:00,real_time_price,-50.0,peak,-6.442090034484863
2026-02-07 15:00:00,real_time_price,-50.0,peak,-6.644737482070923
2026-02-07 15:15:00,real_time_price,-50.0,peak,-3.437371105886996
2026-02-07 15:30:00,real_time_price,-50.0,peak,12.889377117156982
2026-02-07 15:45:00,real_time_price,-50.0,peak,29.29508352279663
2026-02-07 16:00:00,real_time_price,-50.0,peak,54.73263740539551
2026-02-07 16:15:00,real_time_price,-50.0,peak,32.646132826805115
2026-02-07 16:30:00,real_time_price,205.2,peak,50.17074954509735
2026-02-07 16:45:00,real_time_price,243.0,peak,218.7472060918808
2026-02-07 17:00:00,real_time_price,252.0,peak,250.2125163078308
2026-02-07 17:15:00,real_time_price,255.2,peak,274.5713241100311
2026-02-07 17:30:00,real_time_price,265.1,peak,259.16989755630493
2026-02-07 17:45:00,real_time_price,242.2,peak,270.98588728904724
2026-02-07 18:00:00,real_time_price,279.28,peak,271.25343799591064
2026-02-07 18:15:00,real_time_price,300.0,peak,279.0149199962616
2026-02-07 18:30:00,real_time_price,314.84,peak,307.961993932724
2026-02-07 18:45:00,real_time_price,316.0,peak,357.951331615448
2026-02-07 19:00:00,real_time_price,302.1,flat,300.0898017883301
2026-02-07 19:15:00,real_time_price,270.0,flat,296.5379400253296
2026-02-07 19:30:00,real_time_price,270.0,flat,282.90123224258423
2026-02-07 19:45:00,real_time_price,280.0,flat,277.32551527023315
2026-02-07 20:00:00,real_time_price,293.1,flat,274.1800649166107
2026-02-07 20:15:00,real_time_price,280.31,flat,282.36338210105896
2026-02-07 20:30:00,real_time_price,279.0,flat,287.16615557670593
2026-02-07 20:45:00,real_time_price,280.2,flat,287.82606530189514
2026-02-07 21:00:00,real_time_price,270.1,flat,277.678507566452
2026-02-07 21:15:00,real_time_price,281.24,flat,269.75584411621094
2026-02-07 21:30:00,real_time_price,283.0,flat,282.0061229467392
2026-02-07 21:45:00,real_time_price,285.33,flat,282.6832346916199
2026-02-07 22:00:00,real_time_price,275.3,flat,278.741556763649
2026-02-07 22:15:00,real_time_price,280.0,flat,276.6399073600769
2026-02-07 22:30:00,real_time_price,44.48,flat,270.8464171886444
2026-02-07 22:45:00,real_time_price,265.1,flat,199.32920956611633
2026-02-07 23:00:00,real_time_price,265.3,flat,247.50617003440857
2026-02-07 23:15:00,real_time_price,230.24,flat,236.1531503200531
2026-02-07 23:30:00,real_time_price,259.0,flat,229.46654546260834
2026-02-07 23:45:00,real_time_price,240.0,flat,245.81610679626465
2026-02-08 00:00:00,real_time_price,255.5,valley,242.05849075317383
2026-02-08 00:15:00,real_time_price,-0.53,valley,249.5211684703827
2026-02-08 00:30:00,real_time_price,-49.38,valley,204.14206337928772
2026-02-08 00:45:00,real_time_price,205.0,valley,81.8138997554779
2026-02-08 01:00:00,real_time_price,0.0,valley,147.9776291847229
2026-02-08 01:15:00,real_time_price,54.46,valley,-36.65566396713257
2026-02-08 01:30:00,real_time_price,-50.0,valley,23.552690267562866
2026-02-08 01:45:00,real_time_price,0.0,valley,39.2809476852417
2026-02-08 02:00:00,real_time_price,-50.0,valley,2.900294065475464
2026-02-08 02:15:00,real_time_price,0.0,valley,85.11780071258545
2026-02-08 02:30:00,real_time_price,-50.0,valley,8.697676658630371
2026-02-08 02:45:00,real_time_price,-40.0,valley,93.74966430664062
2026-02-08 03:00:00,real_time_price,-50.0,valley,-8.225224494934082
2026-02-08 03:15:00,real_time_price,-50.0,valley,-6.8224711418151855
2026-02-08 03:30:00,real_time_price,-50.0,valley,36.29243183135986
2026-02-08 03:45:00,real_time_price,-50.0,valley,-13.562402248382568
2026-02-08 04:00:00,real_time_price,-50.0,valley,22.810728549957275
2026-02-08 04:15:00,real_time_price,-50.0,valley,-17.813711643218994
2026-02-08 04:30:00,real_time_price,0.0,valley,-19.419999599456787
2026-02-08 04:45:00,real_time_price,-40.0,valley,-7.476388454437256
2026-02-08 05:00:00,real_time_price,-50.0,valley,-8.942069053649902
2026-02-08 05:15:00,real_time_price,-50.0,valley,-23.718244552612305
2026-02-08 05:30:00,real_time_price,-50.0,valley,-10.661948204040527
2026-02-08 05:45:00,real_time_price,-50.0,valley,-2.0702836513519287
2026-02-08 06:00:00,real_time_price,-50.0,valley,-8.63898777961731
2026-02-08 06:15:00,real_time_price,-50.0,valley,-3.584167003631592
2026-02-08 06:30:00,real_time_price,-50.0,valley,15.986076831817627
2026-02-08 06:45:00,real_time_price,-50.0,valley,27.040062427520752
2026-02-08 07:00:00,real_time_price,43.25,valley,91.59331798553467
2026-02-08 07:15:00,real_time_price,-50.0,valley,107.49601793289185
2026-02-08 07:30:00,real_time_price,-50.0,valley,92.10400581359863
2026-02-08 07:45:00,real_time_price,46.67,valley,159.46957969665527
2026-02-08 08:00:00,real_time_price,-50.0,flat,18.473843097686768
2026-02-08 08:15:00,real_time_price,0.0,flat,55.221890687942505
2026-02-08 08:30:00,real_time_price,48.97,flat,72.43400120735168
2026-02-08 08:45:00,real_time_price,49.68,flat,65.87659633159637
2026-02-08 09:00:00,real_time_price,212.13,flat,10.889521360397339
2026-02-08 09:15:00,real_time_price,242.8,flat,147.05427956581116
2026-02-08 09:30:00,real_time_price,243.83,flat,184.10731887817383
2026-02-08 09:45:00,real_time_price,229.21,flat,205.94972896575928
2026-02-08 10:00:00,real_time_price,43.54,peak,214.4715428352356
2026-02-08 10:15:00,real_time_price,0.16,peak,175.1928825378418
2026-02-08 10:30:00,real_time_price,-50.0,peak,72.88479971885681
2026-02-08 10:45:00,real_time_price,43.54,peak,32.92366147041321
2026-02-08 11:00:00,real_time_price,44.33,peak,31.59383749961853
2026-02-08 11:15:00,real_time_price,0.59,peak,25.794124603271484
2026-02-08 11:30:00,real_time_price,-42.5,peak,41.713443756103516
2026-02-08 11:45:00,real_time_price,1.92,peak,39.504878282547
2026-02-08 12:00:00,real_time_price,-48.74,flat,-0.5614981651306152
2026-02-08 12:15:00,real_time_price,-50.0,flat,-56.1789813041687
2026-02-08 12:30:00,real_time_price,1.05,flat,-33.10851764678955
2026-02-08 12:45:00,real_time_price,-38.79,flat,21.526823043823242
2026-02-08 13:00:00,real_time_price,-49.14,flat,-30.791885375976562
2026-02-08 13:15:00,real_time_price,-47.17,flat,-41.462106227874756
2026-02-08 13:30:00,real_time_price,-47.17,flat,-3.097545772790909
2026-02-08 13:45:00,real_time_price,-48.79,flat,-4.804143190383911
2026-02-08 14:00:00,real_time_price,-48.04,peak,6.411350250244141
2026-02-08 14:15:00,real_time_price,-50.0,peak,9.6763916015625
2026-02-08 14:30:00,real_time_price,-50.0,peak,-10.835281372070312
2026-02-08 14:45:00,real_time_price,-50.0,peak,-4.393112123012543
2026-02-08 15:00:00,real_time_price,-50.0,peak,9.264740943908691
2026-02-08 15:15:00,real_time_price,-50.0,peak,7.320895671844482
2026-02-08 15:30:00,real_time_price,-50.0,peak,17.891985416412354
2026-02-08 15:45:00,real_time_price,-50.0,peak,27.4770987033844
2026-02-08 16:00:00,real_time_price,-50.0,peak,59.06908106803894
2026-02-08 16:15:00,real_time_price,-50.0,peak,53.34281921386719
2026-02-08 16:30:00,real_time_price,-50.0,peak,40.34747362136841
2026-02-08 16:45:00,real_time_price,0.0,peak,42.93993401527405
2026-02-08 17:00:00,real_time_price,70.43,peak,83.93159365653992
2026-02-08 17:15:00,real_time_price,-0.02,peak,161.0969443321228
2026-02-08 17:30:00,real_time_price,-2.11,peak,39.47704219818115
2026-02-08 17:45:00,real_time_price,-1.17,peak,57.1431040763855
2026-02-08 18:00:00,real_time_price,230.87,peak,92.30305624008179
2026-02-08 18:15:00,real_time_price,207.61,peak,230.728440284729
2026-02-08 18:30:00,real_time_price,117.9,peak,251.75832796096802
2026-02-08 18:45:00,real_time_price,369.78,peak,176.97286367416382
2026-02-08 19:00:00,real_time_price,250.1,flat,333.38861417770386
2026-02-08 19:15:00,real_time_price,238.49,flat,303.2482490539551
2026-02-08 19:30:00,real_time_price,259.8,flat,215.3397979736328
2026-02-08 19:45:00,real_time_price,0.0,flat,239.83365535736084
2026-02-08 20:00:00,real_time_price,250.1,flat,155.97351789474487
2026-02-08 20:15:00,real_time_price,257.0,flat,311.16076922416687
2026-02-08 20:30:00,real_time_price,251.38,flat,209.08140182495117
2026-02-08 20:45:00,real_time_price,255.0,flat,258.96039271354675
2026-02-08 21:00:00,real_time_price,260.0,flat,254.80930829048157
2026-02-08 21:15:00,real_time_price,259.95,flat,270.3396351337433
2026-02-08 21:30:00,real_time_price,260.0,flat,262.59287321567535
2026-02-08 21:45:00,real_time_price,255.0,flat,261.11485266685486
2026-02-08 22:00:00,real_time_price,245.0,flat,251.49986398220062
2026-02-08 22:15:00,real_time_price,244.91,flat,248.73016905784607
2026-02-08 22:30:00,real_time_price,50.0,flat,244.95353376865387
2026-02-08 22:45:00,real_time_price,244.9,flat,284.21967339515686
2026-02-08 23:00:00,real_time_price,243.0,flat,213.4829078912735
2026-02-08 23:15:00,real_time_price,105.14,flat,214.80284667015076
2026-02-08 23:30:00,real_time_price,243.2,flat,286.873975276947
2026-02-08 23:45:00,real_time_price,210.08,flat,234.77997207641602
2026-02-09 00:00:00,real_time_price,105.88,valley,250.34220480918884
2026-02-09 00:15:00,real_time_price,250.2,valley,181.69284558296204
2026-02-09 00:30:00,real_time_price,267.0,valley,243.3416292667389
2026-02-09 00:45:00,real_time_price,248.0,valley,262.59503650665283
2026-02-09 01:00:00,real_time_price,250.0,valley,237.33931374549866
2026-02-09 01:15:00,real_time_price,219.95,valley,247.8120141029358
2026-02-09 01:30:00,real_time_price,-50.0,valley,234.67734622955322
2026-02-09 01:45:00,real_time_price,-50.0,valley,113.36933779716492
2026-02-09 02:00:00,real_time_price,-50.0,valley,73.81868481636047
2026-02-09 02:15:00,real_time_price,-49.99,valley,93.68980050086975
2026-02-09 02:30:00,real_time_price,-50.0,valley,76.98696184158325
2026-02-09 02:45:00,real_time_price,-50.0,valley,71.22925114631653
2026-02-09 03:00:00,real_time_price,-50.0,valley,58.72425818443298
2026-02-09 03:15:00,real_time_price,-50.0,valley,58.67204713821411
2026-02-09 03:30:00,real_time_price,-50.0,valley,46.58683204650879
2026-02-09 03:45:00,real_time_price,-50.0,valley,42.55406069755554
2026-02-09 04:00:00,real_time_price,-50.0,valley,36.94626522064209
2026-02-09 04:15:00,real_time_price,-50.0,valley,46.95606994628906
2026-02-09 04:30:00,real_time_price,-50.0,valley,62.02762842178345
2026-02-09 04:45:00,real_time_price,-50.0,valley,34.004008769989014
2026-02-09 05:00:00,real_time_price,-50.0,valley,33.13883018493652
2026-02-09 05:15:00,real_time_price,-50.0,valley,44.03747081756592
2026-02-09 05:30:00,real_time_price,-50.0,valley,38.7009482383728
2026-02-09 05:45:00,real_time_price,-50.0,valley,43.284775257110596
2026-02-09 06:00:00,real_time_price,-50.0,valley,54.734567642211914
2026-02-09 06:15:00,real_time_price,-50.0,valley,51.18902254104614
2026-02-09 06:30:00,real_time_price,-50.0,valley,66.3115701675415
2026-02-09 06:45:00,real_time_price,-50.0,valley,74.14158344268799
2026-02-09 07:00:00,real_time_price,-50.0,valley,101.54119491577148
2026-02-09 07:15:00,real_time_price,-50.0,valley,76.85845947265625
2026-02-09 07:30:00,real_time_price,187.72,valley,68.7772479057312
2026-02-09 07:45:00,real_time_price,207.09,valley,248.11225605010986
2026-02-09 08:00:00,real_time_price,56.25,flat,216.75271606445312
2026-02-09 08:15:00,real_time_price,213.89,flat,94.63364362716675
2026-02-09 08:30:00,real_time_price,3.4,flat,213.03650045394897
2026-02-09 08:45:00,real_time_price,-41.3,flat,151.12463450431824
2026-02-09 09:00:00,real_time_price,-42.43,flat,-1.6680795550346375
2026-02-09 09:15:00,real_time_price,-46.15,flat,-12.01447057723999
2026-02-09 09:30:00,real_time_price,-45.44,flat,-24.780231833457947
2026-02-09 09:45:00,real_time_price,-45.94,flat,-23.511799812316895
2026-02-09 10:00:00,real_time_price,-44.35,peak,-9.057852506637573
2026-02-09 10:15:00,real_time_price,-50.0,peak,6.7997400760650635
2026-02-09 10:30:00,real_time_price,-39.03,peak,6.963877439498901
2026-02-09 10:45:00,real_time_price,-38.67,peak,-0.5207548141479492
2026-02-09 11:00:00,real_time_price,-31.73,peak,-6.8202056884765625
2026-02-09 11:15:00,real_time_price,-32.46,peak,52.47493886947632
2026-02-09 11:30:00,real_time_price,18.4,peak,66.20540523529053
2026-02-09 11:45:00,real_time_price,50.32,peak,51.605504274368286
2026-02-09 12:00:00,real_time_price,0.16,flat,26.19063711166382
2026-02-09 12:15:00,real_time_price,-46.97,flat,-10.794780731201172
2026-02-09 12:30:00,real_time_price,213.18,flat,-27.182098388671875
2026-02-09 12:45:00,real_time_price,154.72,flat,187.79289293289185
2026-02-09 13:00:00,real_time_price,142.95,flat,112.7370240688324
2026-02-09 13:15:00,real_time_price,4.5,flat,90.29393339157104
2026-02-09 13:30:00,real_time_price,-43.74,flat,207.31207466125488
2026-02-09 13:45:00,real_time_price,156.82,flat,70.66875267028809
2026-02-09 14:00:00,real_time_price,-46.39,peak,98.79140424728394
2026-02-09 14:15:00,real_time_price,-46.35,peak,74.5895004272461
2026-02-09 14:30:00,real_time_price,-46.4,peak,43.27812385559082
2026-02-09 14:45:00,real_time_price,-47.03,peak,54.248817920684814
2026-02-09 15:00:00,real_time_price,-47.87,peak,48.62502431869507
2026-02-09 15:15:00,real_time_price,-48.03,peak,80.05132794380188
2026-02-09 15:30:00,real_time_price,-4.71,peak,93.3018946647644
2026-02-09 15:45:00,real_time_price,-47.45,peak,141.17412519454956
2026-02-09 16:00:00,real_time_price,-45.83,peak,97.0964868068695
2026-02-09 16:15:00,real_time_price,-45.82,peak,105.77910208702087
2026-02-09 16:30:00,real_time_price,-48.14,peak,66.05787706375122
2026-02-09 16:45:00,real_time_price,1.95,peak,71.23716402053833
2026-02-09 17:00:00,real_time_price,-48.37,peak,120.5513985157013
2026-02-09 17:15:00,real_time_price,1.89,peak,72.68178844451904
2026-02-09 17:30:00,real_time_price,220.52,peak,151.37032079696655
2026-02-09 17:45:00,real_time_price,260.58,peak,229.4022285938263
2026-02-09 18:00:00,real_time_price,265.1,peak,253.6657750606537
2026-02-09 18:15:00,real_time_price,265.0,peak,270.58151364326477
2026-02-09 18:30:00,real_time_price,259.95,peak,272.10024905204773
2026-02-09 18:45:00,real_time_price,264.41,peak,266.49630784988403
2026-02-09 19:00:00,real_time_price,267.53,flat,251.60229778289795
2026-02-09 19:15:00,real_time_price,265.52,flat,265.05499267578125
2026-02-09 19:30:00,real_time_price,266.0,flat,264.61406326293945
2026-02-09 19:45:00,real_time_price,281.13,flat,264.5718746185303
2026-02-09 20:00:00,real_time_price,270.15,flat,314.3756422996521
2026-02-09 20:15:00,real_time_price,274.42,flat,289.83040404319763
2026-02-09 20:30:00,real_time_price,269.96,flat,319.4545524120331
2026-02-09 20:45:00,real_time_price,270.2,flat,316.29398822784424
2026-02-09 21:00:00,real_time_price,288.69,flat,292.6824994087219
2026-02-09 21:15:00,real_time_price,269.98,flat,306.33351135253906
2026-02-09 21:30:00,real_time_price,270.01,flat,322.3186583518982
2026-02-09 21:45:00,real_time_price,280.44,flat,314.17403173446655
2026-02-09 22:00:00,real_time_price,265.04,flat,326.2529573440552
2026-02-09 22:15:00,real_time_price,255.01,flat,305.8388113975525
2026-02-09 22:30:00,real_time_price,264.01,flat,295.3613077402115
2026-02-09 22:45:00,real_time_price,250.01,flat,291.6765089035034
2026-02-09 23:00:00,real_time_price,252.02,flat,280.2458453178406
2026-02-09 23:15:00,real_time_price,255.01,flat,271.0972726345062
2026-02-09 23:30:00,real_time_price,250.02,flat,275.9301640987396
2026-02-09 23:45:00,real_time_price,212.29,flat,276.4441566467285
2026-02-10 00:00:00,real_time_price,64.93,valley,239.124941945076
2026-02-10 00:15:00,real_time_price,315.14,valley,242.1950764656067
2026-02-10 00:30:00,real_time_price,334.07,valley,335.62070429325104
2026-02-10 00:45:00,real_time_price,290.0,valley,313.4163932800293
2026-02-10 01:00:00,real_time_price,278.1,valley,289.44960927963257
2026-02-10 01:15:00,real_time_price,280.0,valley,291.38270711898804
2026-02-10 01:30:00,real_time_price,270.0,valley,281.04031920433044
2026-02-10 01:45:00,real_time_price,270.0,valley,275.2395029067993
2026-02-10 02:00:00,real_time_price,265.2,valley,263.9127583503723
2026-02-10 02:15:00,real_time_price,265.34,valley,267.6600570678711
2026-02-10 02:30:00,real_time_price,258.0,valley,264.3185453414917
2026-02-10 02:45:00,real_time_price,260.0,valley,263.10266876220703
2026-02-10 03:00:00,real_time_price,250.0,valley,251.0707769393921
2026-02-10 03:15:00,real_time_price,50.1,valley,252.021062374115
2026-02-10 03:30:00,real_time_price,0.0,valley,163.89955759048462
2026-02-10 03:45:00,real_time_price,-10.0,valley,44.03529644012451
2026-02-10 04:00:00,real_time_price,-50.0,valley,75.87344121932983
2026-02-10 04:15:00,real_time_price,-50.0,valley,83.96648120880127
2026-02-10 04:30:00,real_time_price,-50.0,valley,65.77834272384644
2026-02-10 04:45:00,real_time_price,-50.0,valley,49.65860605239868
2026-02-10 05:00:00,real_time_price,-50.0,valley,48.82006788253784
2026-02-10 05:15:00,real_time_price,-50.0,valley,50.67861461639404
2026-02-10 05:30:00,real_time_price,-50.0,valley,28.94440507888794
2026-02-10 05:45:00,real_time_price,-49.47,valley,30.10556936264038
2026-02-10 06:00:00,real_time_price,-49.48,valley,47.052475929260254
2026-02-10 06:15:00,real_time_price,0.0,valley,37.22750282287598
2026-02-10 06:30:00,real_time_price,200.0,valley,46.61668395996094
2026-02-10 06:45:00,real_time_price,200.0,valley,267.63738918304443
2026-02-10 07:00:00,real_time_price,230.0,valley,211.97551774978638
2026-02-10 07:15:00,real_time_price,260.0,valley,201.75328016281128
2026-02-10 07:30:00,real_time_price,260.0,valley,255.58394241333008
2026-02-10 07:45:00,real_time_price,230.2,valley,269.4796018600464
2026-02-10 08:00:00,real_time_price,255.0,flat,226.61654949188232
2026-02-10 08:15:00,real_time_price,270.0,flat,256.59217369556427
2026-02-10 08:30:00,real_time_price,270.0,flat,260.1965699195862
2026-02-10 08:45:00,real_time_price,0.0,flat,251.0372895002365
2026-02-10 09:00:00,real_time_price,270.0,flat,213.12726545333862
2026-02-10 09:15:00,real_time_price,270.0,flat,301.76697158813477
2026-02-10 09:30:00,real_time_price,270.0,flat,254.36364221572876
2026-02-10 09:45:00,real_time_price,270.0,flat,258.5106898546219
2026-02-10 10:00:00,real_time_price,220.22,peak,250.01703524589539
2026-02-10 10:15:00,real_time_price,203.56,peak,198.34305429458618
2026-02-10 10:30:00,real_time_price,100.0,peak,132.2111201286316
2026-02-10 10:45:00,real_time_price,71.15,peak,167.72496271133423
2026-02-10 11:00:00,real_time_price,-38.61,peak,86.37689590454102
2026-02-10 11:15:00,real_time_price,1.25,peak,103.70388293266296
2026-02-10 11:30:00,real_time_price,202.49,peak,53.23961853981018
2026-02-10 11:45:00,real_time_price,257.55,peak,101.49924850463867
2026-02-10 12:00:00,real_time_price,245.92,flat,119.8339216709137
2026-02-10 12:15:00,real_time_price,74.51,flat,111.0649824142456
2026-02-10 12:30:00,real_time_price,255.31,flat,159.38778495788574
2026-02-10 12:45:00,real_time_price,259.82,flat,204.93441581726074
2026-02-10 13:00:00,real_time_price,-1.09,flat,192.14235305786133
2026-02-10 13:15:00,real_time_price,-34.49,flat,80.95278406143188
2026-02-10 13:30:00,real_time_price,0.7,flat,35.481261253356934
2026-02-10 13:45:00,real_time_price,-50.0,flat,95.17730689048767
2026-02-10 14:00:00,real_time_price,5.21,peak,46.974339962005615
2026-02-10 14:15:00,real_time_price,-48.95,peak,55.28411149978638
2026-02-10 14:30:00,real_time_price,-47.14,peak,26.979849815368652
2026-02-10 14:45:00,real_time_price,-50.0,peak,36.16650199890137
2026-02-10 15:00:00,real_time_price,-50.0,peak,31.94085931777954
2026-02-10 15:15:00,real_time_price,-50.0,peak,70.45423984527588
2026-02-10 15:30:00,real_time_price,-50.0,peak,78.10795545578003
2026-02-10 15:45:00,real_time_price,-50.0,peak,74.30859756469727
2026-02-10 16:00:00,real_time_price,-50.0,peak,109.55170059204102
2026-02-10 16:15:00,real_time_price,-50.0,peak,79.7485785484314
2026-02-10 16:30:00,real_time_price,-50.0,peak,84.54734754562378
2026-02-10 16:45:00,real_time_price,0.0,peak,79.67884230613708
2026-02-10 17:00:00,real_time_price,255.0,peak,132.75129771232605
2026-02-10 17:15:00,real_time_price,220.0,peak,279.72903060913086
2026-02-10 17:30:00,real_time_price,268.6,peak,277.4325075149536
2026-02-10 17:45:00,real_time_price,285.0,peak,280.1987428665161
2026-02-10 18:00:00,real_time_price,360.0,peak,278.4437551498413
2026-02-10 18:15:00,real_time_price,300.26,peak,296.3421063423157
2026-02-10 18:30:00,real_time_price,290.06,peak,323.919180393219
2026-02-10 18:45:00,real_time_price,285.01,peak,332.0380871295929
2026-02-10 19:00:00,real_time_price,300.06,flat,210.37962293624878
2026-02-10 19:15:00,real_time_price,280.0,flat,289.5981593132019
2026-02-10 19:30:00,real_time_price,301.46,flat,303.28482151031494
2026-02-10 19:45:00,real_time_price,299.21,flat,313.2066855430603
2026-02-10 20:00:00,real_time_price,299.72,flat,294.29860973358154
2026-02-10 20:15:00,real_time_price,315.13,flat,285.75972604751587
2026-02-10 20:30:00,real_time_price,299.01,flat,314.7024257183075
2026-02-10 20:45:00,real_time_price,282.0,flat,299.5319302082062
2026-02-10 21:00:00,real_time_price,280.01,flat,288.5493803024292
2026-02-10 21:15:00,real_time_price,299.99,flat,281.0089364051819
2026-02-10 21:30:00,real_time_price,319.99,flat,288.24801874160767
2026-02-10 21:45:00,real_time_price,313.19,flat,302.01801443099976
2026-02-10 22:00:00,real_time_price,320.09,flat,305.7173447608948
2026-02-10 22:15:00,real_time_price,280.16,flat,305.2864098548889
2026-02-10 22:30:00,real_time_price,297.49,flat,274.9987761974335
2026-02-10 22:45:00,real_time_price,300.0,flat,278.8068778514862
2026-02-10 23:00:00,real_time_price,285.0,flat,276.4648952484131
2026-02-10 23:15:00,real_time_price,300.0,flat,272.38048458099365
2026-02-10 23:30:00,real_time_price,280.3,flat,281.2889633178711
2026-02-10 23:45:00,real_time_price,280.0,flat,276.19750809669495
2026-02-11 00:00:00,real_time_price,270.3,valley,188.71741700172424
2026-02-11 00:15:00,real_time_price,281.0,valley,290.5140266418457
2026-02-11 00:30:00,real_time_price,333.78,valley,341.9471517801285
2026-02-11 00:45:00,real_time_price,270.0,valley,316.6568763256073
2026-02-11 01:00:00,real_time_price,279.98,valley,267.25917959213257
2026-02-11 01:15:00,real_time_price,270.2,valley,274.0106363296509
2026-02-11 01:30:00,real_time_price,249.61,valley,268.3274140357971
2026-02-11 01:45:00,real_time_price,252.63,valley,257.43997168540955
2026-02-11 02:00:00,real_time_price,250.3,valley,246.86745285987854
2026-02-11 02:15:00,real_time_price,249.75,valley,247.90480375289917
2026-02-11 02:30:00,real_time_price,202.85,valley,244.05147004127502
2026-02-11 02:45:00,real_time_price,0.0,valley,214.8313970565796
2026-02-11 03:00:00,real_time_price,-49.0,valley,108.16652154922485
2026-02-11 03:15:00,real_time_price,0.0,valley,55.5806999206543
2026-02-11 03:30:00,real_time_price,-50.0,valley,50.32464289665222
2026-02-11 03:45:00,real_time_price,-50.0,valley,57.28989291191101
2026-02-11 04:00:00,real_time_price,-50.0,valley,40.61269235610962
2026-02-11 04:15:00,real_time_price,-50.0,valley,61.478981494903564
2026-02-11 04:30:00,real_time_price,-1.51,valley,30.2439923286438
2026-02-11 04:45:00,real_time_price,-50.0,valley,18.55133295059204
2026-02-11 05:00:00,real_time_price,-30.71,valley,-8.174183368682861
2026-02-11 05:15:00,real_time_price,-0.08,valley,7.19658088684082
2026-02-11 05:30:00,real_time_price,-50.0,valley,4.288457870483398
2026-02-11 05:45:00,real_time_price,-50.0,valley,3.5348012447357178
2026-02-11 06:00:00,real_time_price,-0.08,valley,17.488442182540894
2026-02-11 06:15:00,real_time_price,-28.63,valley,10.958558082580566
2026-02-11 06:30:00,real_time_price,43.25,valley,45.55808234214783
2026-02-11 06:45:00,real_time_price,43.25,valley,39.24139404296875
2026-02-11 07:00:00,real_time_price,43.25,valley,45.74444818496704
2026-02-11 07:15:00,real_time_price,47.58,valley,45.274967193603516
2026-02-11 07:30:00,real_time_price,251.51,valley,102.79238367080688
2026-02-11 07:45:00,real_time_price,178.88,valley,285.07600927352905
2026-02-11 08:00:00,real_time_price,230.13,flat,245.60926389694214
2026-02-11 08:15:00,real_time_price,300.0,flat,215.36183762550354
2026-02-11 08:30:00,real_time_price,250.0,flat,277.53426003456116
2026-02-11 08:45:00,real_time_price,-49.65,flat,236.543891787529
2026-02-11 09:00:00,real_time_price,230.0,flat,91.79020977020264
2026-02-11 09:15:00,real_time_price,255.0,flat,298.8993949890137
2026-02-11 09:30:00,real_time_price,-50.0,flat,221.59975159168243
2026-02-11 09:45:00,real_time_price,-50.0,flat,74.24356579780579
2026-02-11 10:00:00,real_time_price,0.02,peak,35.824310541152954
2026-02-11 10:15:00,real_time_price,-50.0,peak,47.46081256866455
2026-02-11 10:30:00,real_time_price,-50.0,peak,23.76908779144287
2026-02-11 10:45:00,real_time_price,-50.0,peak,30.357980489730835
2026-02-11 11:00:00,real_time_price,-50.0,peak,25.597017765045166
2026-02-11 11:15:00,real_time_price,-50.0,peak,90.79243326187134
2026-02-11 11:30:00,real_time_price,-7.0,peak,56.2059211730957
2026-02-11 11:45:00,real_time_price,145.23,peak,111.02819347381592
2026-02-11 12:00:00,real_time_price,-50.0,flat,61.32293891906738
2026-02-11 12:15:00,real_time_price,-50.0,flat,-14.272168159484863
2026-02-11 12:30:00,real_time_price,-48.43,flat,-40.58443832397461
2026-02-11 12:45:00,real_time_price,-50.0,flat,-19.89586639404297
2026-02-11 13:00:00,real_time_price,-49.37,flat,-45.34828186035156
2026-02-11 13:15:00,real_time_price,-50.0,flat,-46.24527454376221
2026-02-11 13:30:00,real_time_price,-50.0,flat,-36.80201053619385
2026-02-11 13:45:00,real_time_price,-50.0,flat,-2.37885320186615
2026-02-11 14:00:00,real_time_price,-49.42,peak,16.481120586395264
2026-02-11 14:15:00,real_time_price,-50.0,peak,31.69612979888916
2026-02-11 14:30:00,real_time_price,-7.0,peak,15.916175365447998
2026-02-11 14:45:00,real_time_price,17.49,peak,30.862048149108887
2026-02-11 15:00:00,real_time_price,-50.0,peak,73.75624179840088
2026-02-11 15:15:00,real_time_price,-49.42,peak,37.90805006027222
2026-02-11 15:30:00,real_time_price,-39.53,peak,32.5399751663208
2026-02-11 15:45:00,real_time_price,-50.0,peak,126.22488307952881
2026-02-11 16:00:00,real_time_price,-50.0,peak,86.93080163002014
2026-02-11 16:15:00,real_time_price,-50.0,peak,83.3289897441864
2026-02-11 16:30:00,real_time_price,-50.0,peak,91.8320426940918
2026-02-11 16:45:00,real_time_price,-50.0,peak,81.34721565246582
2026-02-11 17:00:00,real_time_price,-50.0,peak,85.13205111026764
2026-02-11 17:15:00,real_time_price,94.24,peak,72.96724557876587
2026-02-11 17:30:00,real_time_price,286.7,peak,166.67831873893738
2026-02-11 17:45:00,real_time_price,300.1,peak,249.80661153793335
2026-02-11 18:00:00,real_time_price,314.0,peak,284.3668210506439
2026-02-11 18:15:00,real_time_price,281.01,peak,343.1506311893463
2026-02-11 18:30:00,real_time_price,290.5,peak,325.64162492752075
2026-02-11 18:45:00,real_time_price,325.31,peak,320.5693030357361
2026-02-11 19:00:00,real_time_price,300.0,flat,273.356805562973
2026-02-11 19:15:00,real_time_price,298.34,flat,287.6429600715637
2026-02-11 19:30:00,real_time_price,314.14,flat,280.1697721481323
2026-02-11 19:45:00,real_time_price,290.01,flat,310.25914549827576
2026-02-11 20:00:00,real_time_price,293.19,flat,311.47524189949036
2026-02-11 20:15:00,real_time_price,292.02,flat,299.01229667663574
2026-02-11 20:30:00,real_time_price,292.81,flat,305.5596807003021
2026-02-11 20:45:00,real_time_price,360.02,flat,306.94825506210327
2026-02-11 21:00:00,real_time_price,338.68,flat,353.86586141586304
2026-02-11 21:15:00,real_time_price,315.02,flat,375.4840166568756
2026-02-11 21:30:00,real_time_price,302.67,flat,395.0971031188965
2026-02-11 21:45:00,real_time_price,318.01,flat,332.60343837738037
2026-02-11 22:00:00,real_time_price,320.8,flat,331.20423889160156
2026-02-11 22:15:00,real_time_price,315.09,flat,337.92603969573975
2026-02-11 22:30:00,real_time_price,310.01,flat,354.4425892829895
2026-02-11 22:45:00,real_time_price,290.36,flat,327.5326747894287
2026-02-11 23:00:00,real_time_price,296.01,flat,322.70425510406494
2026-02-11 23:15:00,real_time_price,292.01,flat,314.3815574645996
2026-02-11 23:30:00,real_time_price,290.01,flat,308.2441167831421
2026-02-11 23:45:00,real_time_price,280.3,flat,307.8092403411865
2026-02-12 00:00:00,real_time_price,282.0,valley,276.15578413009644
2026-02-12 00:15:00,real_time_price,270.09,valley,273.89124155044556
2026-02-12 00:30:00,real_time_price,315.1,valley,361.8846797943115
2026-02-12 00:45:00,real_time_price,219.92,valley,293.84913396835327
2026-02-12 01:00:00,real_time_price,265.3,valley,191.6166090965271
2026-02-12 01:15:00,real_time_price,255.78,valley,240.9040470123291
2026-02-12 01:30:00,real_time_price,255.66,valley,241.83956336975098
2026-02-12 01:45:00,real_time_price,260.01,valley,239.83378744125366
2026-02-12 02:00:00,real_time_price,255.16,valley,231.3325309753418
2026-02-12 02:15:00,real_time_price,271.2,valley,236.37949752807617
2026-02-12 02:30:00,real_time_price,245.18,valley,227.4805450439453
2026-02-12 02:45:00,real_time_price,252.04,valley,177.2110424041748
2026-02-12 03:00:00,real_time_price,250.05,valley,169.74885940551758
2026-02-12 03:15:00,real_time_price,266.0,valley,158.25393295288086
2026-02-12 03:30:00,real_time_price,250.0,valley,175.7763900756836
2026-02-12 03:45:00,real_time_price,240.3,valley,151.93219375610352
2026-02-12 04:00:00,real_time_price,280.0,valley,143.5886459350586
2026-02-12 04:15:00,real_time_price,260.0,valley,190.3022346496582
2026-02-12 04:30:00,real_time_price,145.83,valley,186.70254135131836
2026-02-12 04:45:00,real_time_price,215.3,valley,111.80653953552246
2026-02-12 05:00:00,real_time_price,199.99,valley,181.93631744384766
2026-02-12 05:15:00,real_time_price,147.83,valley,110.61991691589355
2026-02-12 05:30:00,real_time_price,145.8,valley,125.20835876464844
2026-02-12 05:45:00,real_time_price,145.8,valley,171.5329418182373
2026-02-12 06:00:00,real_time_price,-49.99,valley,156.20481491088867
2026-02-12 06:15:00,real_time_price,-0.02,valley,-0.004431724548339844
2026-02-12 06:30:00,real_time_price,106.78,valley,7.4489850997924805
2026-02-12 06:45:00,real_time_price,190.0,valley,93.41846179962158
2026-02-12 07:00:00,real_time_price,216.58,valley,139.85792589187622
2026-02-12 07:15:00,real_time_price,255.18,valley,194.19533276557922
2026-02-12 07:30:00,real_time_price,267.05,valley,223.90932321548462
2026-02-12 07:45:00,real_time_price,250.37,valley,248.61314916610718
2026-02-12 08:00:00,real_time_price,200.0,flat,245.79871225357056
2026-02-12 08:15:00,real_time_price,250.2,flat,242.77173233032227
2026-02-12 08:30:00,real_time_price,256.39,flat,225.75871467590332
2026-02-12 08:45:00,real_time_price,260.0,flat,177.26830673217773
2026-02-12 09:00:00,real_time_price,-50.0,flat,216.52983283996582
2026-02-12 09:15:00,real_time_price,-50.0,flat,112.21427345275879
2026-02-12 09:30:00,real_time_price,0.0,flat,-22.639066338539124
2026-02-12 09:45:00,real_time_price,160.0,flat,-10.38015365600586
2026-02-12 10:00:00,real_time_price,146.68,peak,48.81665229797363
2026-02-12 10:15:00,real_time_price,145.83,peak,85.56486892700195
2026-02-12 10:30:00,real_time_price,-50.0,peak,74.8049144744873
2026-02-12 10:45:00,real_time_price,148.99,peak,1.4030818939208984
2026-02-12 11:00:00,real_time_price,0.0,peak,30.18034553527832
2026-02-12 11:15:00,real_time_price,50.0,peak,11.545211791992188
2026-02-12 11:30:00,real_time_price,17.49,peak,43.229814529418945
2026-02-12 11:45:00,real_time_price,148.28,peak,52.3110408782959
2026-02-12 12:00:00,real_time_price,145.83,flat,55.35675811767578
2026-02-12 12:15:00,real_time_price,146.68,flat,20.62222385406494
2026-02-12 12:30:00,real_time_price,151.52,flat,99.36398696899414
2026-02-12 12:45:00,real_time_price,146.68,flat,129.29377555847168
2026-02-12 13:00:00,real_time_price,146.68,flat,93.40424156188965
2026-02-12 13:15:00,real_time_price,163.84,flat,91.13937568664551
2026-02-12 13:30:00,real_time_price,146.68,flat,128.8612461090088
2026-02-12 13:45:00,real_time_price,164.77,flat,150.41003799438477
2026-02-12 14:00:00,real_time_price,164.77,peak,90.83570861816406
2026-02-12 14:15:00,real_time_price,145.83,peak,72.77986145019531
2026-02-12 14:30:00,real_time_price,0.0,peak,79.38560485839844
2026-02-12 14:45:00,real_time_price,0.0,peak,10.842819213867188
2026-02-12 15:00:00,real_time_price,17.49,peak,-17.245275497436523
2026-02-12 15:15:00,real_time_price,145.83,peak,1.5121650695800781
2026-02-12 15:30:00,real_time_price,145.83,peak,82.92133712768555
2026-02-12 15:45:00,real_time_price,17.49,peak,146.8599624633789
2026-02-12 16:00:00,real_time_price,146.68,peak,137.37887954711914
2026-02-12 16:15:00,real_time_price,145.83,peak,116.50077438354492
2026-02-12 16:30:00,real_time_price,146.68,peak,128.58836364746094
2026-02-12 16:45:00,real_time_price,146.68,peak,156.71116256713867
2026-02-12 17:00:00,real_time_price,145.83,peak,164.7181396484375
2026-02-12 17:15:00,real_time_price,272.95,peak,191.29069137573242
2026-02-12 17:30:00,real_time_price,265.78,peak,266.15912914276123
2026-02-12 17:45:00,real_time_price,270.0,peak,272.1921007633209
2026-02-12 18:00:00,real_time_price,280.04,peak,275.6522214412689
2026-02-12 18:15:00,real_time_price,270.25,peak,288.4260721206665
2026-02-12 18:30:00,real_time_price,250.48,peak,280.1401529312134
2026-02-12 18:45:00,real_time_price,280.0,peak,256.5826606750488
2026-02-12 19:00:00,real_time_price,285.0,flat,271.9950489997864
2026-02-12 19:15:00,real_time_price,281.0,flat,280.1797957420349
2026-02-12 19:30:00,real_time_price,294.0,flat,288.852970123291
2026-02-12 19:45:00,real_time_price,270.0,flat,283.02607679367065
2026-02-12 20:00:00,real_time_price,280.2,flat,252.83794975280762
2026-02-12 20:15:00,real_time_price,289.17,flat,266.79975032806396
2026-02-12 20:30:00,real_time_price,321.0,flat,275.32556533813477
2026-02-12 20:45:00,real_time_price,283.17,flat,299.1218318939209
2026-02-12 21:00:00,real_time_price,308.68,flat,273.356502532959
2026-02-12 21:15:00,real_time_price,260.01,flat,278.4071207046509
2026-02-12 21:30:00,real_time_price,285.0,flat,249.40957641601562
2026-02-12 21:45:00,real_time_price,291.0,flat,261.8106346130371
2026-02-12 22:00:00,real_time_price,-0.13,flat,266.78773498535156
2026-02-12 22:15:00,real_time_price,285.89,flat,181.13854598999023
2026-02-12 22:30:00,real_time_price,271.0,flat,264.3634338378906
2026-02-12 22:45:00,real_time_price,270.23,flat,212.35817527770996
2026-02-12 23:00:00,real_time_price,269.88,flat,221.47448253631592
2026-02-12 23:15:00,real_time_price,266.0,flat,238.00177764892578
2026-02-12 23:30:00,real_time_price,270.35,flat,234.25636672973633
2026-02-12 23:45:00,real_time_price,281.01,flat,227.14992904663086
2026-02-13 00:00:00,real_time_price,289.94,valley,256.73362922668457
2026-02-13 00:15:00,real_time_price,320.0,valley,267.88494300842285
2026-02-13 00:30:00,real_time_price,627.17,valley,387.73512172698975
2026-02-13 00:45:00,real_time_price,389.01,valley,272.8489179611206
2026-02-13 01:00:00,real_time_price,337.61,valley,299.41992712020874
2026-02-13 01:15:00,real_time_price,283.95,valley,299.53724336624146
2026-02-13 01:30:00,real_time_price,284.25,valley,271.0103998184204
2026-02-13 01:45:00,real_time_price,316.95,valley,268.80939769744873
2026-02-13 02:00:00,real_time_price,284.25,valley,287.7412476539612
2026-02-13 02:15:00,real_time_price,308.95,valley,276.80261850357056
2026-02-13 02:30:00,real_time_price,269.05,valley,288.44443702697754
2026-02-13 02:45:00,real_time_price,288.87,valley,242.17613315582275
2026-02-13 03:00:00,real_time_price,279.07,valley,263.66767597198486
2026-02-13 03:15:00,real_time_price,318.77,valley,257.67970085144043
2026-02-13 03:30:00,real_time_price,248.77,valley,277.2932081222534
2026-02-13 03:45:00,real_time_price,278.73,valley,226.4208960533142
2026-02-13 04:00:00,real_time_price,278.73,valley,253.49955081939697
2026-02-13 04:15:00,real_time_price,284.03,valley,264.83828926086426
2026-02-13 04:30:00,real_time_price,283.73,valley,252.54412746429443
2026-02-13 04:45:00,real_time_price,280.73,valley,259.8268699645996
2026-02-13 05:00:00,real_time_price,308.73,valley,257.685302734375
2026-02-13 05:15:00,real_time_price,318.73,valley,274.2395353317261
2026-02-13 05:30:00,real_time_price,277.03,valley,292.3039126396179
2026-02-13 05:45:00,real_time_price,278.93,valley,254.63056230545044
2026-02-13 06:00:00,real_time_price,284.03,valley,287.7201166152954
2026-02-13 06:15:00,real_time_price,223.73,valley,270.68523836135864
2026-02-13 06:30:00,real_time_price,311.73,valley,225.2975196838379
2026-02-13 06:45:00,real_time_price,298.73,valley,281.4109194278717
2026-02-13 07:00:00,real_time_price,318.73,valley,279.3540449142456
2026-02-13 07:15:00,real_time_price,203.73,valley,293.2571358680725
2026-02-13 07:30:00,real_time_price,338.73,valley,217.82812976837158
2026-02-13 07:45:00,real_time_price,334.73,valley,308.298198223114
2026-02-13 08:00:00,real_time_price,332.54,flat,350.03959608078003
2026-02-13 08:15:00,real_time_price,385.63,flat,354.53216075897217
2026-02-13 08:30:00,real_time_price,342.78,flat,416.1975326538086
2026-02-13 08:45:00,real_time_price,267.73,flat,316.42513275146484
2026-02-13 09:00:00,real_time_price,311.63,flat,319.9056644439697
2026-02-13 09:15:00,real_time_price,267.73,flat,318.3118591308594
2026-02-13 09:30:00,real_time_price,41.98,flat,192.49479866027832
2026-02-13 09:45:00,real_time_price,144.56,flat,171.58355522155762
2026-02-13 10:00:00,real_time_price,144.56,peak,148.58963203430176
2026-02-13 10:15:00,real_time_price,99.81,peak,133.26653671264648
2026-02-13 10:30:00,real_time_price,145.55,peak,108.92024612426758
2026-02-13 10:45:00,real_time_price,145.57,peak,126.72065353393555
2026-02-13 11:00:00,real_time_price,146.68,peak,103.58767127990723
2026-02-13 11:15:00,real_time_price,0.0,peak,113.94708251953125
2026-02-13 11:30:00,real_time_price,145.83,peak,43.25161170959473
2026-02-13 11:45:00,real_time_price,0.0,peak,102.7660903930664
2026-02-13 12:00:00,real_time_price,145.83,flat,12.971094131469727
2026-02-13 12:15:00,real_time_price,146.68,flat,12.209720611572266
2026-02-13 12:30:00,real_time_price,148.28,flat,59.971744537353516
2026-02-13 12:45:00,real_time_price,148.99,flat,55.67000961303711
2026-02-13 13:00:00,real_time_price,145.83,flat,92.92874908447266
2026-02-13 13:15:00,real_time_price,148.99,flat,85.9985466003418
2026-02-13 13:30:00,real_time_price,145.83,flat,97.39136123657227
2026-02-13 13:45:00,real_time_price,135.27,flat,142.64824104309082
2026-02-13 14:00:00,real_time_price,20.0,peak,129.87459754943848
2026-02-13 14:15:00,real_time_price,17.49,peak,88.17117309570312
2026-02-13 14:30:00,real_time_price,0.0,peak,92.01779365539551
2026-02-13 14:45:00,real_time_price,-50.0,peak,50.33680534362793
2026-02-13 15:00:00,real_time_price,-50.0,peak,18.180774688720703
2026-02-13 15:15:00,real_time_price,-50.0,peak,35.7835578918457
2026-02-13 15:30:00,real_time_price,-50.0,peak,-43.41662406921387
2026-02-13 15:45:00,real_time_price,17.49,peak,-59.47478485107422
2026-02-13 16:00:00,real_time_price,-50.0,peak,75.39948272705078
2026-02-13 16:15:00,real_time_price,-50.0,peak,-31.37674903869629
2026-02-13 16:30:00,real_time_price,-50.0,peak,-27.17864990234375
2026-02-13 16:45:00,real_time_price,145.83,peak,15.270145416259766
2026-02-13 17:00:00,real_time_price,310.0,peak,177.3408441543579
2026-02-13 17:15:00,real_time_price,325.7,peak,295.4189853668213
2026-02-13 17:30:00,real_time_price,357.6,peak,290.24877071380615
2026-02-13 17:45:00,real_time_price,389.21,peak,327.3366651535034
2026-02-13 18:00:00,real_time_price,360.0,peak,346.8519220352173
2026-02-13 18:15:00,real_time_price,360.0,peak,334.28963470458984
2026-02-13 18:30:00,real_time_price,299.59,peak,372.3336453437805
2026-02-13 18:45:00,real_time_price,340.0,peak,344.926549911499
2026-02-13 19:00:00,real_time_price,353.7,flat,317.18997955322266
2026-02-13 19:15:00,real_time_price,310.0,flat,342.2718629837036
2026-02-13 19:30:00,real_time_price,370.87,flat,313.3583793640137
2026-02-13 19:45:00,real_time_price,300.0,flat,334.5760416984558
2026-02-13 20:00:00,real_time_price,275.0,flat,305.5507826805115
2026-02-13 20:15:00,real_time_price,300.42,flat,270.9950981140137
2026-02-13 20:30:00,real_time_price,973.16,flat,296.91854667663574
2026-02-13 20:45:00,real_time_price,440.03,flat,361.77971267700195
2026-02-13 21:00:00,real_time_price,360.0,flat,387.7579884529114
2026-02-13 21:15:00,real_time_price,352.0,flat,364.51591777801514
2026-02-13 21:30:00,real_time_price,475.58,flat,391.9332456588745
2026-02-13 21:45:00,real_time_price,808.1,flat,397.89071226119995
2026-02-13 22:00:00,real_time_price,822.94,flat,578.8698682785034
2026-02-13 22:15:00,real_time_price,874.27,flat,532.7295246124268
2026-02-13 22:30:00,real_time_price,536.0,flat,665.5930824279785
2026-02-13 22:45:00,real_time_price,600.0,flat,503.47230434417725
2026-02-13 23:00:00,real_time_price,536.0,flat,455.3376798629761
2026-02-13 23:15:00,real_time_price,448.47,flat,392.50353479385376
2026-02-13 23:30:00,real_time_price,454.29,flat,387.5599298477173
2026-02-13 23:45:00,real_time_price,536.0,flat,385.4785952568054
2026-02-14 00:00:00,real_time_price,456.42,valley,409.59316301345825
2026-02-14 00:15:00,real_time_price,430.79,valley,345.39262199401855
2026-02-14 00:30:00,real_time_price,1119.0,valley,604.7152509689331
2026-02-14 00:45:00,real_time_price,200.0,valley,563.5846166610718
2026-02-14 01:00:00,real_time_price,286.6,valley,357.8457455635071
2026-02-14 01:15:00,real_time_price,458.0,valley,364.6342396736145
2026-02-14 01:30:00,real_time_price,432.6,valley,344.97972774505615
2026-02-14 01:45:00,real_time_price,400.0,valley,339.23814582824707
2026-02-14 02:00:00,real_time_price,461.7,valley,350.936336517334
2026-02-14 02:15:00,real_time_price,420.0,valley,366.92573595046997
2026-02-14 02:30:00,real_time_price,434.71,valley,359.1874279975891
2026-02-14 02:45:00,real_time_price,434.71,valley,371.7958688735962
2026-02-14 03:00:00,real_time_price,599.9,valley,354.3568911552429
2026-02-14 03:15:00,real_time_price,380.99,valley,406.9019513130188
2026-02-14 03:30:00,real_time_price,380.99,valley,285.8219656944275
2026-02-14 03:45:00,real_time_price,399.9,valley,329.09468054771423
2026-02-14 04:00:00,real_time_price,380.99,valley,332.5132465362549
2026-02-14 04:15:00,real_time_price,396.81,valley,323.4841184616089
2026-02-14 04:30:00,real_time_price,341.0,valley,336.667605638504
2026-02-14 04:45:00,real_time_price,396.81,valley,305.20520210266113
2026-02-14 05:00:00,real_time_price,370.2,valley,324.72050166130066
2026-02-14 05:15:00,real_time_price,320.0,valley,341.20631861686707
2026-02-14 05:30:00,real_time_price,370.2,valley,286.8871076107025
2026-02-14 05:45:00,real_time_price,350.0,valley,304.92537355422974
2026-02-14 06:00:00,real_time_price,356.0,valley,324.73993587493896
2026-02-14 06:15:00,real_time_price,354.6,valley,323.5635313987732
2026-02-14 06:30:00,real_time_price,344.05,valley,344.5685214996338
2026-02-14 06:45:00,real_time_price,350.0,valley,327.5278058052063
2026-02-14 07:00:00,real_time_price,386.9,valley,342.891065120697
2026-02-14 07:15:00,real_time_price,399.9,valley,342.04997396469116
2026-02-14 07:30:00,real_time_price,400.0,valley,387.0074996948242
2026-02-14 07:45:00,real_time_price,344.05,valley,395.5089068412781
2026-02-14 08:00:00,real_time_price,414.61,flat,371.16334199905396
2026-02-14 08:15:00,real_time_price,400.0,flat,437.8286962509155
2026-02-14 08:30:00,real_time_price,400.0,flat,425.63958740234375
2026-02-14 08:45:00,real_time_price,280.0,flat,368.3678035736084
2026-02-14 09:00:00,real_time_price,43.25,flat,319.12523460388184
2026-02-14 09:15:00,real_time_price,146.68,flat,226.36486625671387
2026-02-14 09:30:00,real_time_price,210.0,flat,163.65514469146729
2026-02-14 09:45:00,real_time_price,43.25,flat,194.56063270568848
2026-02-14 10:00:00,real_time_price,145.83,peak,95.11748695373535
2026-02-14 10:15:00,real_time_price,145.83,peak,127.44021987915039
2026-02-14 10:30:00,real_time_price,43.25,peak,146.5597438812256
2026-02-14 10:45:00,real_time_price,-50.0,peak,87.77287292480469
2026-02-14 11:00:00,real_time_price,-50.0,peak,54.57488441467285
2026-02-14 11:15:00,real_time_price,-50.0,peak,97.84624481201172
2026-02-14 11:30:00,real_time_price,-50.0,peak,73.50272178649902
2026-02-14 11:45:00,real_time_price,-50.0,peak,85.67769050598145
2026-02-14 12:00:00,real_time_price,145.83,flat,85.15641403198242
2026-02-14 12:15:00,real_time_price,43.25,flat,62.91717338562012
2026-02-14 12:30:00,real_time_price,43.25,flat,176.825345993042
2026-02-14 12:45:00,real_time_price,108.96,flat,160.80476570129395
2026-02-14 13:00:00,real_time_price,17.33,flat,132.0592212677002
2026-02-14 13:15:00,real_time_price,17.49,flat,143.98046112060547
2026-02-14 13:30:00,real_time_price,17.34,flat,172.18397903442383
2026-02-14 13:45:00,real_time_price,-50.0,flat,189.07097244262695
2026-02-14 14:00:00,real_time_price,6.5,peak,157.05585289001465
2026-02-14 14:15:00,real_time_price,135.14,peak,265.62827491760254
2026-02-14 14:30:00,real_time_price,43.23,peak,209.9850845336914
2026-02-14 14:45:00,real_time_price,123.09,peak,134.60650253295898
2026-02-14 15:00:00,real_time_price,22.17,peak,110.09327697753906
2026-02-14 15:15:00,real_time_price,99.35,peak,136.8495864868164
2026-02-14 15:30:00,real_time_price,68.53,peak,153.3724594116211
2026-02-14 15:45:00,real_time_price,-50.0,peak,196.76399993896484
2026-02-14 16:00:00,real_time_price,-50.0,peak,168.37381744384766
2026-02-14 16:15:00,real_time_price,-7.0,peak,76.23993301391602
2026-02-14 16:30:00,real_time_price,-50.0,peak,149.19384574890137
2026-02-14 16:45:00,real_time_price,145.83,peak,64.89088821411133
2026-02-14 17:00:00,real_time_price,255.1,peak,252.81102180480957
2026-02-14 17:15:00,real_time_price,300.0,peak,278.72990322113037
2026-02-14 17:30:00,real_time_price,372.0,peak,335.51610469818115
2026-02-14 17:45:00,real_time_price,328.84,peak,357.574990272522
2026-02-14 18:00:00,real_time_price,440.0,peak,392.03946185112
2026-02-14 18:15:00,real_time_price,391.54,peak,407.8477966785431
2026-02-14 18:30:00,real_time_price,417.65,peak,519.7325267791748
2026-02-14 18:45:00,real_time_price,448.47,peak,510.47313690185547
2026-02-14 19:00:00,real_time_price,451.1,flat,464.4427890777588
2026-02-14 19:15:00,real_time_price,325.0,flat,437.8658604621887
2026-02-14 19:30:00,real_time_price,278.3,flat,374.81497383117676
2026-02-14 19:45:00,real_time_price,320.0,flat,348.78725242614746
2026-02-14 20:00:00,real_time_price,539.0,flat,322.1546263694763
2026-02-14 20:15:00,real_time_price,539.0,flat,450.53411388397217
2026-02-14 20:30:00,real_time_price,478.0,flat,560.5487732887268
2026-02-14 20:45:00,real_time_price,448.47,flat,495.628014087677
2026-02-14 21:00:00,real_time_price,412.65,flat,436.313693523407
2026-02-14 21:15:00,real_time_price,446.84,flat,421.2509388923645
2026-02-14 21:30:00,real_time_price,370.0,flat,476.8079044818878
2026-02-14 21:45:00,real_time_price,437.26,flat,412.4230773448944
2026-02-14 22:00:00,real_time_price,412.82,flat,508.5574493408203
2026-02-14 22:15:00,real_time_price,438.95,flat,444.51790022850037
2026-02-14 22:30:00,real_time_price,409.65,flat,455.5158085823059
2026-02-14 22:45:00,real_time_price,750.0,flat,418.4536724090576
2026-02-14 23:00:00,real_time_price,435.13,flat,422.17853450775146
2026-02-14 23:15:00,real_time_price,372.11,flat,513.5114817619324
2026-02-14 23:30:00,real_time_price,355.22,flat,375.9955861568451
2026-02-14 23:45:00,real_time_price,386.9,flat,350.43955850601196
2026-02-15 00:00:00,real_time_price,370.2,valley,376.836186170578
2026-02-15 00:15:00,real_time_price,298.0,valley,367.6733112335205
2026-02-15 00:30:00,real_time_price,791.0,valley,549.8530616760254
2026-02-15 00:45:00,real_time_price,280.3,valley,353.1501159667969
2026-02-15 01:00:00,real_time_price,353.7,valley,400.26264905929565
2026-02-15 01:15:00,real_time_price,381.7,valley,361.00111627578735
2026-02-15 01:30:00,real_time_price,346.88,valley,310.930193901062
2026-02-15 01:45:00,real_time_price,332.0,valley,345.70442247390747
2026-02-15 02:00:00,real_time_price,346.88,valley,330.01579904556274
2026-02-15 02:15:00,real_time_price,325.0,valley,353.62820768356323
2026-02-15 02:30:00,real_time_price,399.9,valley,304.51274061203003
2026-02-15 02:45:00,real_time_price,386.04,valley,381.5839319229126
2026-02-15 03:00:00,real_time_price,340.0,valley,367.71667432785034
2026-02-15 03:15:00,real_time_price,358.0,valley,257.2976424694061
2026-02-15 03:30:00,real_time_price,334.0,valley,273.14816522598267
2026-02-15 03:45:00,real_time_price,290.0,valley,317.2700786590576
2026-02-15 04:00:00,real_time_price,295.0,valley,238.08260297775269
2026-02-15 04:15:00,real_time_price,295.0,valley,237.01020908355713
2026-02-15 04:30:00,real_time_price,295.0,valley,196.15392637252808
2026-02-15 04:45:00,real_time_price,300.0,valley,261.9483461380005
2026-02-15 05:00:00,real_time_price,290.0,valley,222.99960851669312
2026-02-15 05:15:00,real_time_price,300.0,valley,213.53925943374634
2026-02-15 05:30:00,real_time_price,290.0,valley,230.7289662361145
2026-02-15 05:45:00,real_time_price,295.6,valley,243.69917011260986
2026-02-15 06:00:00,real_time_price,300.0,valley,223.922625541687
2026-02-15 06:15:00,real_time_price,306.0,valley,222.15881156921387
2026-02-15 06:30:00,real_time_price,283.0,valley,228.07173442840576
2026-02-15 06:45:00,real_time_price,302.0,valley,252.99111223220825
2026-02-15 07:00:00,real_time_price,320.0,valley,248.92772769927979
2026-02-15 07:15:00,real_time_price,334.0,valley,261.41151332855225
2026-02-15 07:30:00,real_time_price,310.0,valley,286.71410846710205
2026-02-15 07:45:00,real_time_price,333.49,valley,298.4181966781616
2026-02-15 08:00:00,real_time_price,353.7,flat,318.5116629600525
2026-02-15 08:15:00,real_time_price,354.6,flat,366.6647582054138
2026-02-15 08:30:00,real_time_price,400.0,flat,383.5493106842041
2026-02-15 08:45:00,real_time_price,370.43,flat,396.85222721099854
2026-02-15 09:00:00,real_time_price,43.25,flat,359.7578716278076
2026-02-15 09:15:00,real_time_price,145.83,flat,234.2535376548767
2026-02-15 09:30:00,real_time_price,60.0,flat,195.0675654411316
2026-02-15 09:45:00,real_time_price,43.25,flat,94.89795207977295
2026-02-15 10:00:00,real_time_price,60.0,peak,186.2399206161499
2026-02-15 10:15:00,real_time_price,145.83,peak,227.25114059448242
2026-02-15 10:30:00,real_time_price,102.5,peak,121.9598035812378
2026-02-15 10:45:00,real_time_price,109.96,peak,130.46908569335938
2026-02-15 11:00:00,real_time_price,187.1,peak,87.99109172821045
2026-02-15 11:15:00,real_time_price,109.18,peak,106.23329830169678
2026-02-15 11:30:00,real_time_price,43.25,peak,152.17967224121094
2026-02-15 11:45:00,real_time_price,196.67,peak,181.27338790893555
2026-02-15 12:00:00,real_time_price,31.23,flat,104.39999389648438
2026-02-15 12:15:00,real_time_price,48.79,flat,37.645647048950195
2026-02-15 12:30:00,real_time_price,50.1,flat,98.57188129425049
2026-02-15 12:45:00,real_time_price,47.09,flat,100.35204696655273
2026-02-15 13:00:00,real_time_price,50.1,flat,96.4633321762085
2026-02-15 13:15:00,real_time_price,50.1,flat,85.36224746704102
2026-02-15 13:30:00,real_time_price,46.7,flat,108.1352710723877
2026-02-15 13:45:00,real_time_price,50.1,flat,138.60344314575195
2026-02-15 14:00:00,real_time_price,43.25,peak,222.84502983093262
2026-02-15 14:15:00,real_time_price,43.25,peak,238.23518753051758
2026-02-15 14:30:00,real_time_price,43.25,peak,221.86559677124023
2026-02-15 14:45:00,real_time_price,145.83,peak,237.85826873779297
2026-02-15 15:00:00,real_time_price,43.25,peak,121.24323844909668
2026-02-15 15:15:00,real_time_price,43.25,peak,217.44259071350098
2026-02-15 15:30:00,real_time_price,105.72,peak,229.34414863586426
2026-02-15 15:45:00,real_time_price,43.25,peak,164.47564315795898
2026-02-15 16:00:00,real_time_price,43.25,peak,248.82536506652832
2026-02-15 16:15:00,real_time_price,43.25,peak,281.2360038757324
2026-02-15 16:30:00,real_time_price,103.93,peak,256.7567558288574
2026-02-15 16:45:00,real_time_price,146.68,peak,195.05269813537598
2026-02-15 17:00:00,real_time_price,43.25,peak,207.74966621398926
2026-02-15 17:15:00,real_time_price,43.25,peak,261.82082748413086
2026-02-15 17:30:00,real_time_price,300.0,peak,281.8856191635132
2026-02-15 17:45:00,real_time_price,305.0,peak,295.54818630218506
2026-02-15 18:00:00,real_time_price,295.0,peak,325.5866184234619
2026-02-15 18:15:00,real_time_price,320.0,peak,323.59023237228394
2026-02-15 18:30:00,real_time_price,580.0,peak,352.4987916946411
2026-02-15 18:45:00,real_time_price,445.77,peak,436.12165880203247
2026-02-15 19:00:00,real_time_price,476.64,flat,407.3193235397339
2026-02-15 19:15:00,real_time_price,290.0,flat,448.20780897140503
2026-02-15 19:30:00,real_time_price,499.17,flat,351.3533453941345
2026-02-15 19:45:00,real_time_price,456.42,flat,401.14324712753296
2026-02-15 20:00:00,real_time_price,537.0,flat,415.06162118911743
2026-02-15 20:15:00,real_time_price,400.3,flat,431.23090982437134
2026-02-15 20:30:00,real_time_price,338.0,flat,447.3497829437256
2026-02-15 20:45:00,real_time_price,445.77,flat,403.09217643737793
2026-02-15 21:00:00,real_time_price,586.94,flat,402.67043447494507
2026-02-15 21:15:00,real_time_price,463.29,flat,462.172137260437
2026-02-15 21:30:00,real_time_price,476.8,flat,503.4493398666382
2026-02-15 21:45:00,real_time_price,453.76,flat,484.7904443740845
2026-02-15 22:00:00,real_time_price,456.42,flat,478.0400459766388
2026-02-15 22:15:00,real_time_price,463.29,flat,459.52191281318665
2026-02-15 22:30:00,real_time_price,455.88,flat,476.70661973953247
2026-02-15 22:45:00,real_time_price,443.18,flat,456.84352254867554
2026-02-15 23:00:00,real_time_price,429.81,flat,451.9698987007141
2026-02-15 23:15:00,real_time_price,435.0,flat,416.43125677108765
2026-02-15 23:30:00,real_time_price,575.31,flat,427.9661955833435
2026-02-15 23:45:00,real_time_price,399.9,flat,471.6065173149109
2026-02-16 00:00:00,real_time_price,400.0,valley,326.7903079986572
2026-02-16 00:15:00,real_time_price,305.0,valley,339.99853134155273
2026-02-16 00:30:00,real_time_price,1119.0,valley,854.1342635154724
2026-02-16 00:45:00,real_time_price,275.0,valley,480.08486437797546
2026-02-16 01:00:00,real_time_price,599.9,valley,385.98675298690796
2026-02-16 01:15:00,real_time_price,471.75,valley,362.518435716629
2026-02-16 01:30:00,real_time_price,440.45,valley,361.1552059650421
2026-02-16 01:45:00,real_time_price,419.16,valley,327.01485419273376
2026-02-16 02:00:00,real_time_price,461.7,valley,342.1619713306427
2026-02-16 02:15:00,real_time_price,400.3,valley,308.6050293445587
2026-02-16 02:30:00,real_time_price,460.0,valley,371.1766104698181
2026-02-16 02:45:00,real_time_price,400.3,valley,349.85473823547363
2026-02-16 03:00:00,real_time_price,350.0,valley,330.8588786125183
2026-02-16 03:15:00,real_time_price,370.0,valley,290.80670404434204
2026-02-16 03:30:00,real_time_price,330.2,valley,272.0460629463196
2026-02-16 03:45:00,real_time_price,370.0,valley,305.6255464553833
2026-02-16 04:00:00,real_time_price,370.0,valley,288.4093050956726
2026-02-16 04:15:00,real_time_price,400.0,valley,300.7232780456543
2026-02-16 04:30:00,real_time_price,461.7,valley,298.5115854740143
2026-02-16 04:45:00,real_time_price,391.54,valley,328.94534707069397
2026-02-16 05:00:00,real_time_price,380.0,valley,332.6251790523529
2026-02-16 05:15:00,real_time_price,359.88,valley,328.9610126018524
2026-02-16 05:30:00,real_time_price,370.43,valley,260.96656107902527
2026-02-16 05:45:00,real_time_price,380.99,valley,296.2702283859253
2026-02-16 06:00:00,real_time_price,397.45,valley,311.4280903339386
2026-02-16 06:15:00,real_time_price,402.09,valley,338.3053231239319
2026-02-16 06:30:00,real_time_price,300.0,valley,339.67425894737244
2026-02-16 06:45:00,real_time_price,400.0,valley,296.1033024787903
2026-02-16 07:00:00,real_time_price,399.9,valley,274.7766754627228
2026-02-16 07:15:00,real_time_price,415.67,valley,340.27977538108826
2026-02-16 07:30:00,real_time_price,423.2,valley,354.53457617759705
2026-02-16 07:45:00,real_time_price,471.75,valley,361.2379469871521
2026-02-16 08:00:00,real_time_price,473.45,flat,436.6215624809265
2026-02-16 08:15:00,real_time_price,480.0,flat,480.4867057800293
2026-02-16 08:30:00,real_time_price,533.0,flat,535.7295322418213
2026-02-16 08:45:00,real_time_price,399.9,flat,514.078989982605
2026-02-16 09:00:00,real_time_price,300.0,flat,364.7323594093323
2026-02-16 09:15:00,real_time_price,391.54,flat,256.2299427986145
2026-02-16 09:30:00,real_time_price,353.7,flat,396.8779368400574
2026-02-16 09:45:00,real_time_price,290.0,flat,319.91943550109863
2026-02-16 10:00:00,real_time_price,146.68,peak,238.76635074615479
2026-02-16 10:15:00,real_time_price,146.68,peak,268.67985916137695
2026-02-16 10:30:00,real_time_price,275.0,peak,222.1894884109497
2026-02-16 10:45:00,real_time_price,145.83,peak,336.4028739929199
2026-02-16 11:00:00,real_time_price,220.0,peak,172.63877201080322
2026-02-16 11:15:00,real_time_price,146.68,peak,181.7944507598877
2026-02-16 11:30:00,real_time_price,145.83,peak,206.4686737060547
2026-02-16 11:45:00,real_time_price,146.68,peak,163.6326732635498
2026-02-16 12:00:00,real_time_price,145.83,flat,112.02739143371582
2026-02-16 12:15:00,real_time_price,145.83,flat,83.56695365905762
2026-02-16 12:30:00,real_time_price,146.68,flat,159.11726474761963
2026-02-16 12:45:00,real_time_price,148.48,flat,159.84878826141357
2026-02-16 13:00:00,real_time_price,145.83,flat,147.462890625
2026-02-16 13:15:00,real_time_price,146.68,flat,164.40911293029785
2026-02-16 13:30:00,real_time_price,99.18,flat,197.71725845336914
2026-02-16 13:45:00,real_time_price,27.68,flat,194.4430799484253
2026-02-16 14:00:00,real_time_price,20.89,peak,256.83058166503906
2026-02-16 14:15:00,real_time_price,155.34,peak,271.18031311035156
2026-02-16 14:30:00,real_time_price,17.49,peak,120.86699867248535
2026-02-16 14:45:00,real_time_price,146.68,peak,248.96427154541016
2026-02-16 15:00:00,real_time_price,146.68,peak,310.1034698486328
2026-02-16 15:15:00,real_time_price,155.43,peak,171.31674575805664
2026-02-16 15:30:00,real_time_price,235.1,peak,241.10648345947266
2026-02-16 15:45:00,real_time_price,270.0,peak,214.40267753601074
2026-02-16 16:00:00,real_time_price,269.0,peak,289.87451934814453
2026-02-16 16:15:00,real_time_price,280.0,peak,278.57738971710205
2026-02-16 16:30:00,real_time_price,320.0,peak,286.8561668395996
2026-02-16 16:45:00,real_time_price,361.0,peak,323.4693851470947
2026-02-16 17:00:00,real_time_price,356.0,peak,331.9951524734497
2026-02-16 17:15:00,real_time_price,300.0,peak,362.84769010543823
2026-02-16 17:30:00,real_time_price,335.7,peak,390.69092416763306
2026-02-16 17:45:00,real_time_price,250.0,peak,351.45190715789795
2026-02-16 18:00:00,real_time_price,288.0,peak,288.10520696640015
2026-02-16 18:15:00,real_time_price,43.25,peak,284.08483934402466
2026-02-16 18:30:00,real_time_price,278.3,peak,300.6199469566345
2026-02-16 18:45:00,real_time_price,325.0,peak,320.7899694442749
2026-02-16 19:00:00,real_time_price,245.1,flat,332.7040138244629
2026-02-16 19:15:00,real_time_price,275.0,flat,222.7080202102661
2026-02-16 19:30:00,real_time_price,427.23,flat,314.3208408355713
2026-02-16 19:45:00,real_time_price,419.16,flat,343.0771040916443
2026-02-16 20:00:00,real_time_price,446.72,flat,386.11366844177246
2026-02-16 20:15:00,real_time_price,558.04,flat,426.04834842681885
2026-02-16 20:30:00,real_time_price,493.97,flat,508.6083388328552
2026-02-16 20:45:00,real_time_price,372.11,flat,514.1526432037354
2026-02-16 21:00:00,real_time_price,315.0,flat,400.82846307754517
2026-02-16 21:15:00,real_time_price,397.87,flat,363.8084764480591
2026-02-16 21:30:00,real_time_price,372.0,flat,431.241982460022
2026-02-16 21:45:00,real_time_price,398.82,flat,394.7868084907532
2026-02-16 22:00:00,real_time_price,391.54,flat,424.37171363830566
2026-02-16 22:15:00,real_time_price,371.49,flat,420.54448080062866
2026-02-16 22:30:00,real_time_price,397.87,flat,366.62244272232056
2026-02-16 22:45:00,real_time_price,412.65,flat,401.7855935096741
2026-02-16 23:00:00,real_time_price,391.54,flat,432.7003974914551
2026-02-16 23:15:00,real_time_price,599.13,flat,385.7215099334717
2026-02-16 23:30:00,real_time_price,391.54,flat,456.3665568828583
2026-02-16 23:45:00,real_time_price,399.9,flat,436.5186553001404
2026-02-17 00:00:00,real_time_price,400.0,valley,386.2417595386505
2026-02-17 00:15:00,real_time_price,308.0,valley,372.7115488052368
2026-02-17 00:30:00,real_time_price,1119.0,valley,673.2042915821075
2026-02-17 00:45:00,real_time_price,269.0,valley,520.7062621116638
2026-02-17 01:00:00,real_time_price,270.0,valley,432.9902858734131
2026-02-17 01:15:00,real_time_price,350.0,valley,342.68612146377563
2026-02-17 01:30:00,real_time_price,295.0,valley,387.6283621788025
2026-02-17 01:45:00,real_time_price,295.0,valley,296.3180265426636
2026-02-17 02:00:00,real_time_price,280.0,valley,269.8773465156555
2026-02-17 02:15:00,real_time_price,269.0,valley,267.0748610496521
2026-02-17 02:30:00,real_time_price,230.0,valley,267.0774221420288
2026-02-17 02:45:00,real_time_price,245.1,valley,225.91212940216064
2026-02-17 03:00:00,real_time_price,269.0,valley,204.39042139053345
2026-02-17 03:15:00,real_time_price,260.2,valley,183.3111710548401
2026-02-17 03:30:00,real_time_price,257.0,valley,178.08720350265503
2026-02-17 03:45:00,real_time_price,245.0,valley,218.7148461341858
2026-02-17 04:00:00,real_time_price,245.2,valley,189.55625534057617
2026-02-17 04:15:00,real_time_price,43.25,valley,178.51737880706787
2026-02-17 04:30:00,real_time_price,43.25,valley,125.57001686096191
2026-02-17 04:45:00,real_time_price,43.25,valley,251.9972324371338
2026-02-17 05:00:00,real_time_price,80.0,valley,268.9728293418884
2026-02-17 05:15:00,real_time_price,43.25,valley,171.67555046081543
2026-02-17 05:30:00,real_time_price,43.25,valley,173.04713034629822
2026-02-17 05:45:00,real_time_price,43.25,valley,327.20338916778564
2026-02-17 06:00:00,real_time_price,129.6,valley,320.535532951355
2026-02-17 06:15:00,real_time_price,80.0,valley,181.56740713119507
2026-02-17 06:30:00,real_time_price,43.25,valley,126.79330158233643
2026-02-17 06:45:00,real_time_price,43.25,valley,366.21862268447876
2026-02-17 07:00:00,real_time_price,43.25,valley,357.7454195022583
2026-02-17 07:15:00,real_time_price,43.25,valley,352.92621517181396
2026-02-17 07:30:00,real_time_price,43.25,valley,359.73399353027344
2026-02-17 07:45:00,real_time_price,257.0,valley,361.7764286994934
2026-02-17 08:00:00,real_time_price,195.15,flat,184.34105682373047
2026-02-17 08:15:00,real_time_price,235.1,flat,200.54213428497314
2026-02-17 08:30:00,real_time_price,358.0,flat,253.22133541107178
2026-02-17 08:45:00,real_time_price,295.0,flat,292.52457904815674
2026-02-17 09:00:00,real_time_price,280.5,flat,188.90602922439575
2026-02-17 09:15:00,real_time_price,400.06,flat,245.66061210632324
2026-02-17 09:30:00,real_time_price,300.0,flat,343.00331020355225
2026-02-17 09:45:00,real_time_price,280.5,flat,255.8508071899414
2026-02-17 10:00:00,real_time_price,290.0,peak,267.9451322555542
2026-02-17 10:15:00,real_time_price,281.0,peak,250.26538276672363
2026-02-17 10:30:00,real_time_price,295.0,peak,276.7671661376953
2026-02-17 10:45:00,real_time_price,43.25,peak,259.5095615386963
2026-02-17 11:00:00,real_time_price,264.77,peak,135.6585340499878
2026-02-17 11:15:00,real_time_price,17.49,peak,311.6517610549927
2026-02-17 11:30:00,real_time_price,284.94,peak,96.54047870635986
2026-02-17 11:45:00,real_time_price,1119.0,peak,255.80115365982056
2026-02-17 12:00:00,real_time_price,-50.0,flat,466.412175655365
2026-02-17 12:15:00,real_time_price,310.6,flat,59.996421813964844
2026-02-17 12:30:00,real_time_price,270.3,flat,333.5333080291748
2026-02-17 12:45:00,real_time_price,800.0,flat,328.0080394744873
2026-02-17 13:00:00,real_time_price,450.0,flat,528.9587249755859
2026-02-17 13:15:00,real_time_price,358.0,flat,337.5781993865967
2026-02-17 13:30:00,real_time_price,420.0,flat,377.90946865081787
2026-02-17 13:45:00,real_time_price,425.0,flat,433.92345237731934
2026-02-17 14:00:00,real_time_price,295.0,peak,534.9273529052734
2026-02-17 14:15:00,real_time_price,146.68,peak,267.6400966644287
2026-02-17 14:30:00,real_time_price,17.49,peak,238.1032600402832
2026-02-17 14:45:00,real_time_price,0.0,peak,216.20323181152344
2026-02-17 15:00:00,real_time_price,17.49,peak,78.37998962402344
2026-02-17 15:15:00,real_time_price,17.49,peak,184.96619987487793
2026-02-17 15:30:00,real_time_price,-50.0,peak,479.21891021728516
2026-02-17 15:45:00,real_time_price,-50.0,peak,65.96659278869629
2026-02-17 16:00:00,real_time_price,68.53,peak,283.1785011291504
2026-02-17 16:15:00,real_time_price,0.0,peak,362.67017936706543
2026-02-17 16:30:00,real_time_price,17.49,peak,108.37767028808594
2026-02-17 16:45:00,real_time_price,0.0,peak,131.23648643493652
2026-02-17 17:00:00,real_time_price,100.0,peak,145.48199653625488
2026-02-17 17:15:00,real_time_price,-50.0,peak,166.74089288711548
2026-02-17 17:30:00,real_time_price,-50.0,peak,227.00907492637634
2026-02-17 17:45:00,real_time_price,245.2,peak,123.74974751472473
2026-02-17 18:00:00,real_time_price,260.3,peak,252.10906219482422
2026-02-17 18:15:00,real_time_price,350.0,peak,267.8958282470703
2026-02-17 18:30:00,real_time_price,295.8,peak,292.66726303100586
2026-02-17 18:45:00,real_time_price,-50.0,peak,316.8680214881897
2026-02-17 19:00:00,real_time_price,270.0,flat,154.49312114715576
2026-02-17 19:15:00,real_time_price,53.8,flat,342.1197247505188
2026-02-17 19:30:00,real_time_price,-50.0,flat,165.47448778152466
2026-02-17 19:45:00,real_time_price,245.0,flat,25.883073806762695
2026-02-17 20:00:00,real_time_price,339.08,flat,321.43799662590027
2026-02-17 20:15:00,real_time_price,270.3,flat,218.96936225891113
2026-02-17 20:30:00,real_time_price,287.0,flat,167.94895768165588
2026-02-17 20:45:00,real_time_price,287.0,flat,300.0393965244293
2026-02-17 21:00:00,real_time_price,265.1,flat,276.62772130966187
2026-02-17 21:15:00,real_time_price,269.0,flat,269.41355657577515
2026-02-17 21:30:00,real_time_price,286.6,flat,280.07189774513245
2026-02-17 21:45:00,real_time_price,282.0,flat,294.4272291660309
2026-02-17 22:00:00,real_time_price,290.0,flat,286.99346470832825
2026-02-17 22:15:00,real_time_price,290.0,flat,289.0250391960144
2026-02-17 22:30:00,real_time_price,290.8,flat,278.7404763698578
2026-02-17 22:45:00,real_time_price,295.0,flat,264.6537079811096
2026-02-17 23:00:00,real_time_price,328.0,flat,276.9415068626404
2026-02-17 23:15:00,real_time_price,270.0,flat,307.3652639389038
2026-02-17 23:30:00,real_time_price,260.0,flat,238.97250175476074
2026-02-17 23:45:00,real_time_price,269.0,flat,270.1639494895935
2026-02-18 00:00:00,real_time_price,287.0,valley,230.93549990653992
2026-02-18 00:15:00,real_time_price,50.0,valley,235.3765106201172
2026-02-18 00:30:00,real_time_price,0.0,valley,214.97120428085327
2026-02-18 00:45:00,real_time_price,280.5,valley,103.15380096435547
2026-02-18 01:00:00,real_time_price,327.0,valley,91.47380447387695
2026-02-18 01:15:00,real_time_price,270.3,valley,144.36506009101868
2026-02-18 01:30:00,real_time_price,260.0,valley,207.75120091438293
2026-02-18 01:45:00,real_time_price,255.1,valley,261.01774764060974
2026-02-18 02:00:00,real_time_price,245.1,valley,209.77537035942078
2026-02-18 02:15:00,real_time_price,180.0,valley,213.63238143920898
2026-02-18 02:30:00,real_time_price,50.0,valley,127.50988292694092
2026-02-18 02:45:00,real_time_price,0.0,valley,156.56891918182373
2026-02-18 03:00:00,real_time_price,0.0,valley,34.42600345611572
2026-02-18 03:15:00,real_time_price,22.45,valley,-3.8380603194236755
2026-02-18 03:30:00,real_time_price,0.0,valley,3.499969482421875
2026-02-18 03:45:00,real_time_price,-50.0,valley,-13.029459953308105
2026-02-18 04:00:00,real_time_price,0.0,valley,-38.491284132003784
2026-02-18 04:15:00,real_time_price,-50.0,valley,-11.747326850891113
2026-02-18 04:30:00,real_time_price,-50.0,valley,7.176229238510132
2026-02-18 04:45:00,real_time_price,22.45,valley,-40.91021466255188
2026-02-18 05:00:00,real_time_price,43.25,valley,-55.26411819458008
2026-02-18 05:15:00,real_time_price,0.0,valley,-0.9131920337677002
2026-02-18 05:30:00,real_time_price,0.0,valley,-16.166696310043335
2026-02-18 05:45:00,real_time_price,0.0,valley,-4.778420925140381
2026-02-18 06:00:00,real_time_price,43.25,valley,12.39255428314209
2026-02-18 06:15:00,real_time_price,43.25,valley,8.18007206916809
2026-02-18 06:30:00,real_time_price,43.25,valley,71.16537594795227
2026-02-18 06:45:00,real_time_price,43.25,valley,95.25165128707886
2026-02-18 07:00:00,real_time_price,43.25,valley,117.52352619171143
2026-02-18 07:15:00,real_time_price,99.6,valley,106.27631568908691
2026-02-18 07:30:00,real_time_price,43.25,valley,139.7065052986145
2026-02-18 07:45:00,real_time_price,153.0,valley,135.6760449409485
2026-02-18 08:00:00,real_time_price,310.0,flat,140.61338138580322
2026-02-18 08:15:00,real_time_price,265.3,flat,208.04221153259277
2026-02-18 08:30:00,real_time_price,358.0,flat,243.31342697143555
2026-02-18 08:45:00,real_time_price,293.0,flat,280.53590202331543
2026-02-18 09:00:00,real_time_price,295.0,flat,187.07477951049805
2026-02-18 09:15:00,real_time_price,330.7,flat,196.74137020111084
2026-02-18 09:30:00,real_time_price,316.0,flat,254.20946502685547
2026-02-18 09:45:00,real_time_price,328.0,flat,270.60950660705566
2026-02-18 10:00:00,real_time_price,328.0,peak,287.5281734466553
2026-02-18 10:15:00,real_time_price,320.0,peak,269.6627254486084
2026-02-18 10:30:00,real_time_price,290.3,peak,274.2562961578369
2026-02-18 10:45:00,real_time_price,190.0,peak,260.1518840789795
2026-02-18 11:00:00,real_time_price,190.0,peak,268.2728519439697
2026-02-18 11:15:00,real_time_price,155.43,peak,188.6195411682129
2026-02-18 11:30:00,real_time_price,153.0,peak,224.05021286010742
2026-02-18 11:45:00,real_time_price,0.0,peak,135.88504695892334
2026-02-18 12:00:00,real_time_price,1260.0,flat,36.28278827667236
2026-02-18 12:15:00,real_time_price,293.0,flat,271.6486186981201
2026-02-18 12:30:00,real_time_price,0.0,flat,237.47500801086426
2026-02-18 12:45:00,real_time_price,269.0,flat,343.9854793548584
2026-02-18 13:00:00,real_time_price,250.0,flat,339.71334648132324
2026-02-18 13:15:00,real_time_price,0.0,flat,195.95070266723633
2026-02-18 13:30:00,real_time_price,-50.0,flat,67.37348937988281
2026-02-18 13:45:00,real_time_price,-50.0,flat,83.2130355834961
2026-02-18 14:00:00,real_time_price,-50.0,peak,150.28760528564453
2026-02-18 14:15:00,real_time_price,-50.0,peak,-6.672414779663086
2026-02-18 14:30:00,real_time_price,-50.0,peak,-26.85583734512329
2026-02-18 14:45:00,real_time_price,-50.0,peak,-34.12727737426758
2026-02-18 15:00:00,real_time_price,17.49,peak,-31.925827026367188
2026-02-18 15:15:00,real_time_price,43.25,peak,57.38393211364746
2026-02-18 15:30:00,real_time_price,43.25,peak,39.79817581176758
2026-02-18 15:45:00,real_time_price,-50.0,peak,144.12331581115723
2026-02-18 16:00:00,real_time_price,-50.0,peak,220.93287086486816
2026-02-18 16:15:00,real_time_price,-50.0,peak,140.4233570098877
2026-02-18 16:30:00,real_time_price,-50.0,peak,147.10403442382812
2026-02-18 16:45:00,real_time_price,-50.0,peak,10.547954559326172
2026-02-18 17:00:00,real_time_price,50.0,peak,45.58327102661133
2026-02-18 17:15:00,real_time_price,0.0,peak,188.88241863250732
2026-02-18 17:30:00,real_time_price,-50.0,peak,174.62752532958984
2026-02-18 17:45:00,real_time_price,-50.0,peak,72.65020608901978
2026-02-18 18:00:00,real_time_price,250.0,peak,234.9272599220276
2026-02-18 18:15:00,real_time_price,260.0,peak,289.29401540756226
2026-02-18 18:30:00,real_time_price,270.0,peak,270.3266849517822
2026-02-18 18:45:00,real_time_price,285.0,peak,287.3485817909241
2026-02-18 19:00:00,real_time_price,295.0,flat,244.55293130874634
2026-02-18 19:15:00,real_time_price,285.3,flat,256.95112705230713
2026-02-18 19:30:00,real_time_price,290.0,flat,272.52671003341675
2026-02-18 19:45:00,real_time_price,288.6,flat,246.95742797851562
2026-02-18 20:00:00,real_time_price,285.3,flat,248.27892589569092
2026-02-18 20:15:00,real_time_price,280.0,flat,275.3984808921814
2026-02-18 20:30:00,real_time_price,325.7,flat,294.2714262008667
2026-02-18 20:45:00,real_time_price,290.0,flat,316.6315755844116
2026-02-18 21:00:00,real_time_price,286.6,flat,259.18499660491943
2026-02-18 21:15:00,real_time_price,325.0,flat,292.8807969093323
2026-02-18 21:30:00,real_time_price,400.3,flat,317.9319519996643
2026-02-18 21:45:00,real_time_price,317.0,flat,353.47827911376953
2026-02-18 22:00:00,real_time_price,317.0,flat,320.9290075302124
2026-02-18 22:15:00,real_time_price,298.0,flat,318.4904489517212
2026-02-18 22:30:00,real_time_price,295.0,flat,278.0441789627075
2026-02-18 22:45:00,real_time_price,290.0,flat,276.73403453826904
2026-02-18 23:00:00,real_time_price,270.0,flat,265.4239275455475
2026-02-18 23:15:00,real_time_price,280.0,flat,270.58261823654175
2026-02-18 23:30:00,real_time_price,270.0,flat,279.518093585968
2026-02-18 23:45:00,real_time_price,269.0,flat,268.42130184173584
2026-02-19 00:00:00,real_time_price,269.0,valley,245.39145874977112
2026-02-19 00:15:00,real_time_price,286.6,valley,209.9882574081421
2026-02-19 00:30:00,real_time_price,250.0,valley,292.9257802963257
2026-02-19 00:45:00,real_time_price,260.1,valley,268.89675998687744
2026-02-19 01:00:00,real_time_price,330.0,valley,223.12795066833496
2026-02-19 01:15:00,real_time_price,269.0,valley,287.6776399612427
2026-02-19 01:30:00,real_time_price,250.0,valley,263.5745735168457
2026-02-19 01:45:00,real_time_price,269.0,valley,236.10046195983887
2026-02-19 02:00:00,real_time_price,270.3,valley,239.266863822937
2026-02-19 02:15:00,real_time_price,260.1,valley,228.41790294647217
2026-02-19 02:30:00,real_time_price,260.0,valley,213.96657752990723
2026-02-19 02:45:00,real_time_price,187.1,valley,219.89179611206055
2026-02-19 03:00:00,real_time_price,0.0,valley,169.35578727722168
2026-02-19 03:15:00,real_time_price,9.6,valley,51.10635948181152
2026-02-19 03:30:00,real_time_price,100.0,valley,14.925932884216309
2026-02-19 03:45:00,real_time_price,260.1,valley,73.15963459014893
2026-02-19 04:00:00,real_time_price,260.3,valley,127.7432918548584
2026-02-19 04:15:00,real_time_price,230.2,valley,150.725323677063
2026-02-19 04:30:00,real_time_price,260.3,valley,130.44111824035645
2026-02-19 04:45:00,real_time_price,260.3,valley,198.1872787475586
2026-02-19 05:00:00,real_time_price,302.0,valley,190.30100536346436
2026-02-19 05:15:00,real_time_price,270.0,valley,198.79349422454834
2026-02-19 05:30:00,real_time_price,260.1,valley,227.4748363494873
2026-02-19 05:45:00,real_time_price,270.0,valley,220.73679637908936
2026-02-19 06:00:00,real_time_price,265.3,valley,238.2207670211792
2026-02-19 06:15:00,real_time_price,245.0,valley,202.22634410858154
2026-02-19 06:30:00,real_time_price,0.0,valley,188.4041862487793
2026-02-19 06:45:00,real_time_price,250.1,valley,124.77044773101807
2026-02-19 07:00:00,real_time_price,300.0,valley,221.6403865814209
2026-02-19 07:15:00,real_time_price,269.0,valley,185.66064262390137
2026-02-19 07:30:00,real_time_price,275.0,valley,202.3976058959961
2026-02-19 07:45:00,real_time_price,290.0,valley,227.24266910552979
2026-02-19 08:00:00,real_time_price,292.0,flat,288.3228540420532
2026-02-19 08:15:00,real_time_price,298.0,flat,297.0089740753174
2026-02-19 08:30:00,real_time_price,300.0,flat,302.36550521850586
2026-02-19 08:45:00,real_time_price,270.1,flat,267.97429847717285
2026-02-19 09:00:00,real_time_price,253.0,flat,229.2856044769287
2026-02-19 09:15:00,real_time_price,265.1,flat,209.48669624328613
2026-02-19 09:30:00,real_time_price,50.0,flat,251.5839614868164
2026-02-19 09:45:00,real_time_price,270.0,flat,138.92692756652832
2026-02-19 10:00:00,real_time_price,0.0,peak,191.19009017944336
2026-02-19 10:15:00,real_time_price,240.0,peak,127.3073902130127
2026-02-19 10:30:00,real_time_price,43.25,peak,145.27844619750977
2026-02-19 10:45:00,real_time_price,43.25,peak,142.6651268005371
2026-02-19 11:00:00,real_time_price,-50.0,peak,43.12795829772949
2026-02-19 11:15:00,real_time_price,-50.0,peak,-16.923760175704956
2026-02-19 11:30:00,real_time_price,-50.0,peak,-30.548782348632812
2026-02-19 11:45:00,real_time_price,0.0,peak,9.330848693847656
2026-02-19 12:00:00,real_time_price,-50.0,flat,16.725828170776367
2026-02-19 12:15:00,real_time_price,145.47,flat,-18.110604763031006
2026-02-19 12:30:00,real_time_price,43.25,flat,63.974552154541016
2026-02-19 12:45:00,real_time_price,-50.0,flat,112.90037631988525
2026-02-19 13:00:00,real_time_price,43.08,flat,-18.465445071458817
2026-02-19 13:15:00,real_time_price,-7.0,flat,108.84158325195312
2026-02-19 13:30:00,real_time_price,102.51,flat,39.13486862182617
2026-02-19 13:45:00,real_time_price,109.19,flat,119.2509651184082
2026-02-19 14:00:00,real_time_price,109.18,peak,90.75980758666992
2026-02-19 14:15:00,real_time_price,145.83,peak,15.248981475830078
2026-02-19 14:30:00,real_time_price,43.25,peak,16.529678344726562
2026-02-19 14:45:00,real_time_price,103.93,peak,42.332332611083984
2026-02-19 15:00:00,real_time_price,109.18,peak,5.743808746337891
2026-02-19 15:15:00,real_time_price,92.64,peak,55.936702728271484
2026-02-19 15:30:00,real_time_price,102.51,peak,25.463226318359375
2026-02-19 15:45:00,real_time_price,43.25,peak,53.32474136352539
2026-02-19 16:00:00,real_time_price,187.1,peak,40.70280838012695
2026-02-19 16:15:00,real_time_price,102.51,peak,151.7886619567871
2026-02-19 16:30:00,real_time_price,170.0,peak,113.79634094238281
2026-02-19 16:45:00,real_time_price,290.8,peak,172.87779235839844
2026-02-19 17:00:00,real_time_price,285.6,peak,253.26929092407227
2026-02-19 17:15:00,real_time_price,260.0,peak,247.55188655853271
2026-02-19 17:30:00,real_time_price,270.3,peak,253.28142642974854
2026-02-19 17:45:00,real_time_price,280.3,peak,229.13956880569458
2026-02-19 18:00:00,real_time_price,295.0,peak,237.6426682472229
2026-02-19 18:15:00,real_time_price,295.0,peak,209.37381267547607
2026-02-19 18:30:00,real_time_price,300.0,peak,241.7221999168396
2026-02-19 18:45:00,real_time_price,310.0,peak,294.48371481895447
2026-02-19 19:00:00,real_time_price,399.97,flat,309.90107345581055
2026-02-19 19:15:00,real_time_price,285.3,flat,346.16428565979004
2026-02-19 19:30:00,real_time_price,258.0,flat,346.24477338790894
2026-02-19 19:45:00,real_time_price,270.3,flat,294.8626666069031
2026-02-19 20:00:00,real_time_price,270.3,flat,277.547523021698
2026-02-19 20:15:00,real_time_price,270.3,flat,279.839316368103
2026-02-19 20:30:00,real_time_price,270.31,flat,286.26295232772827
2026-02-19 20:45:00,real_time_price,270.3,flat,289.7698221206665
2026-02-19 21:00:00,real_time_price,326.0,flat,284.5808119773865
2026-02-19 21:15:00,real_time_price,308.13,flat,323.8964171409607
2026-02-19 21:30:00,real_time_price,285.3,flat,328.1237053871155
2026-02-19 21:45:00,real_time_price,330.0,flat,300.95524644851685
2026-02-19 22:00:00,real_time_price,307.21,flat,326.7750053405762
2026-02-19 22:15:00,real_time_price,300.0,flat,311.84745693206787
2026-02-19 22:30:00,real_time_price,300.0,flat,297.11140298843384
2026-02-19 22:45:00,real_time_price,307.79,flat,295.3370108604431
2026-02-19 23:00:00,real_time_price,292.03,flat,299.0464882850647
2026-02-19 23:15:00,real_time_price,310.29,flat,289.2595524787903
2026-02-19 23:30:00,real_time_price,290.99,flat,300.57830810546875
2026-02-19 23:45:00,real_time_price,279.0,flat,290.2984676361084
2026-02-20 00:00:00,real_time_price,270.3,valley,248.86874866485596
2026-02-20 00:15:00,real_time_price,278.3,valley,248.2001256942749
2026-02-20 00:30:00,real_time_price,300.0,valley,355.3857488632202
2026-02-20 00:45:00,real_time_price,310.6,valley,267.29894638061523
2026-02-20 01:00:00,real_time_price,361.13,valley,276.54400062561035
2026-02-20 01:15:00,real_time_price,428.0,valley,296.24578285217285
2026-02-20 01:30:00,real_time_price,485.0,valley,330.0090026855469
2026-02-20 01:45:00,real_time_price,400.0,valley,343.66434955596924
2026-02-20 02:00:00,real_time_price,437.89,valley,377.33100986480713
2026-02-20 02:15:00,real_time_price,410.38,valley,364.6465311050415
2026-02-20 02:30:00,real_time_price,334.0,valley,376.36621856689453
2026-02-20 02:45:00,real_time_price,303.8,valley,317.7773714065552
2026-02-20 03:00:00,real_time_price,300.0,valley,282.93632221221924
2026-02-20 03:15:00,real_time_price,330.0,valley,274.85748767852783
2026-02-20 03:30:00,real_time_price,270.3,valley,286.8273344039917
2026-02-20 03:45:00,real_time_price,292.3,valley,254.86906242370605
2026-02-20 04:00:00,real_time_price,295.0,valley,249.7586088180542
2026-02-20 04:15:00,real_time_price,265.3,valley,259.94572162628174
2026-02-20 04:30:00,real_time_price,270.3,valley,248.5481538772583
2026-02-20 04:45:00,real_time_price,270.0,valley,250.48474884033203
2026-02-20 05:00:00,real_time_price,273.0,valley,242.58288860321045
2026-02-20 05:15:00,real_time_price,273.0,valley,236.62121868133545
2026-02-20 05:30:00,real_time_price,270.3,valley,239.06686115264893
2026-02-20 05:45:00,real_time_price,270.5,valley,257.978967666626
2026-02-20 06:00:00,real_time_price,290.0,valley,245.95137882232666
2026-02-20 06:15:00,real_time_price,282.0,valley,245.16333866119385
2026-02-20 06:30:00,real_time_price,318.0,valley,235.8694429397583
2026-02-20 06:45:00,real_time_price,291.0,valley,272.2783889770508
2026-02-20 07:00:00,real_time_price,328.0,valley,283.87736415863037
2026-02-20 07:15:00,real_time_price,361.0,valley,272.4727668762207
2026-02-20 07:30:00,real_time_price,357.0,valley,323.6535768508911
2026-02-20 07:45:00,real_time_price,410.38,valley,342.1310167312622
2026-02-20 08:00:00,real_time_price,428.0,flat,412.34443187713623
2026-02-20 08:15:00,real_time_price,380.99,flat,437.388952255249
2026-02-20 08:30:00,real_time_price,410.38,flat,413.7932367324829
2026-02-20 08:45:00,real_time_price,388.27,flat,392.0167636871338
2026-02-20 09:00:00,real_time_price,300.0,flat,372.47081565856934
2026-02-20 09:15:00,real_time_price,359.88,flat,296.47477626800537
2026-02-20 09:30:00,real_time_price,300.0,flat,319.8408451080322
2026-02-20 09:45:00,real_time_price,269.0,flat,293.76799964904785
2026-02-20 10:00:00,real_time_price,43.25,peak,227.6134967803955
2026-02-20 10:15:00,real_time_price,270.1,peak,164.91978645324707
2026-02-20 10:30:00,real_time_price,0.0,peak,167.84517097473145
2026-02-20 10:45:00,real_time_price,9.62,peak,103.19593811035156
2026-02-20 11:00:00,real_time_price,-46.17,peak,59.570960998535156
2026-02-20 11:15:00,real_time_price,-50.0,peak,0.7380275726318359
2026-02-20 11:30:00,real_time_price,-50.0,peak,-20.78209686279297
2026-02-20 11:45:00,real_time_price,-7.08,peak,24.277156829833984
2026-02-20 12:00:00,real_time_price,43.08,flat,198.92771244049072
2026-02-20 12:15:00,real_time_price,43.25,flat,14.028056621551514
2026-02-20 12:30:00,real_time_price,43.25,flat,44.576534271240234
2026-02-20 12:45:00,real_time_price,43.25,flat,83.16453266143799
2026-02-20 13:00:00,real_time_price,43.25,flat,51.910566329956055
2026-02-20 13:15:00,real_time_price,43.25,flat,73.27674293518066
2026-02-20 13:30:00,real_time_price,43.25,flat,70.44707870483398
2026-02-20 13:45:00,real_time_price,43.25,flat,58.45146560668945
2026-02-20 14:00:00,real_time_price,146.68,peak,46.36803436279297
2026-02-20 14:15:00,real_time_price,146.68,peak,15.795040130615234
2026-02-20 14:30:00,real_time_price,146.68,peak,46.950225830078125
2026-02-20 14:45:00,real_time_price,145.83,peak,77.34262466430664
2026-02-20 15:00:00,real_time_price,43.25,peak,83.1545181274414
2026-02-20 15:15:00,real_time_price,43.25,peak,49.025428771972656
2026-02-20 15:30:00,real_time_price,43.25,peak,30.798847198486328
2026-02-20 15:45:00,real_time_price,43.25,peak,35.74684524536133
2026-02-20 16:00:00,real_time_price,17.49,peak,44.29172134399414
2026-02-20 16:15:00,real_time_price,17.49,peak,42.04425811767578
2026-02-20 16:30:00,real_time_price,-50.0,peak,63.62117004394531
2026-02-20 16:45:00,real_time_price,-7.0,peak,41.62257385253906
2026-02-20 17:00:00,real_time_price,145.83,peak,115.24074077606201
2026-02-20 17:15:00,real_time_price,261.0,peak,173.29955863952637
2026-02-20 17:30:00,real_time_price,324.95,peak,248.31231498718262
2026-02-20 17:45:00,real_time_price,310.0,peak,299.67166686058044
2026-02-20 18:00:00,real_time_price,310.0,peak,323.8286409378052
2026-02-20 18:15:00,real_time_price,330.7,peak,307.3894374370575
2026-02-20 18:30:00,real_time_price,310.0,peak,341.07521533966064
2026-02-20 18:45:00,real_time_price,332.3,peak,348.2602095603943
2026-02-20 19:00:00,real_time_price,272.0,flat,333.19208002090454
2026-02-20 19:15:00,real_time_price,285.3,flat,277.2458939552307
2026-02-20 19:30:00,real_time_price,300.0,flat,311.60973477363586
2026-02-20 19:45:00,real_time_price,285.28,flat,301.9089822769165
2026-02-20 20:00:00,real_time_price,280.1,flat,298.9550518989563
2026-02-20 20:15:00,real_time_price,300.0,flat,295.18823170661926
2026-02-20 20:30:00,real_time_price,298.82,flat,302.93472361564636
2026-02-20 20:45:00,real_time_price,290.0,flat,306.55349922180176
2026-02-20 21:00:00,real_time_price,287.71,flat,302.6080045700073
2026-02-20 21:15:00,real_time_price,290.0,flat,294.24559259414673
2026-02-20 21:30:00,real_time_price,290.0,flat,301.2690167427063
2026-02-20 21:45:00,real_time_price,290.0,flat,307.05825662612915
2026-02-20 22:00:00,real_time_price,300.0,flat,299.656445980072
2026-02-20 22:15:00,real_time_price,296.0,flat,304.79490661621094
2026-02-20 22:30:00,real_time_price,306.0,flat,293.9932188987732
2026-02-20 22:45:00,real_time_price,295.0,flat,301.6260232925415
2026-02-20 23:00:00,real_time_price,320.0,flat,290.37543201446533
2026-02-20 23:15:00,real_time_price,314.3,flat,307.98457193374634
2026-02-20 23:30:00,real_time_price,310.0,flat,311.48005533218384
2026-02-20 23:45:00,real_time_price,400.0,flat,306.0115776062012
2026-02-21 00:00:00,real_time_price,372.11,valley,295.8115568161011
2026-02-21 00:15:00,real_time_price,300.0,valley,308.4931058883667
2026-02-21 00:30:00,real_time_price,791.0,valley,434.19408893585205
2026-02-21 00:45:00,real_time_price,330.0,valley,388.0842590332031
2026-02-21 01:00:00,real_time_price,416.72,valley,347.0639066696167
2026-02-21 01:15:00,real_time_price,460.0,valley,387.9284191131592
2026-02-21 01:30:00,real_time_price,415.67,valley,407.2886619567871
2026-02-21 01:45:00,real_time_price,420.0,valley,381.4479675292969
2026-02-21 02:00:00,real_time_price,369.11,valley,378.39933729171753
2026-02-21 02:15:00,real_time_price,358.0,valley,323.6089744567871
2026-02-21 02:30:00,real_time_price,400.0,valley,330.2040915489197
2026-02-21 02:45:00,real_time_price,300.0,valley,346.0819411277771
2026-02-21 03:00:00,real_time_price,305.0,valley,333.14830017089844
2026-02-21 03:15:00,real_time_price,380.0,valley,283.0264701843262
2026-02-21 03:30:00,real_time_price,338.0,valley,307.3563652038574
2026-02-21 03:45:00,real_time_price,330.2,valley,307.09661531448364
2026-02-21 04:00:00,real_time_price,307.0,valley,305.2682762145996
2026-02-21 04:15:00,real_time_price,328.0,valley,299.36187171936035
2026-02-21 04:30:00,real_time_price,300.0,valley,282.40122413635254
2026-02-21 04:45:00,real_time_price,298.0,valley,285.5166835784912
2026-02-21 05:00:00,real_time_price,290.0,valley,257.84453678131104
2026-02-21 05:15:00,real_time_price,273.0,valley,263.38848781585693
2026-02-21 05:30:00,real_time_price,320.3,valley,253.10891437530518
2026-02-21 05:45:00,real_time_price,287.6,valley,267.49505615234375
2026-02-21 06:00:00,real_time_price,296.0,valley,280.48314094543457
2026-02-21 06:15:00,real_time_price,372.0,valley,256.05630016326904
2026-02-21 06:30:00,real_time_price,300.0,valley,337.02856636047363
2026-02-21 06:45:00,real_time_price,334.0,valley,299.1646137237549
2026-02-21 07:00:00,real_time_price,386.04,valley,308.4667730331421
2026-02-21 07:15:00,real_time_price,350.0,valley,354.87240409851074
2026-02-21 07:30:00,real_time_price,361.0,valley,345.2506399154663
2026-02-21 07:45:00,real_time_price,340.0,valley,355.8712921142578
2026-02-21 08:00:00,real_time_price,338.0,flat,369.74214458465576
2026-02-21 08:15:00,real_time_price,320.0,flat,379.0742235183716
2026-02-21 08:30:00,real_time_price,320.0,flat,343.2401843070984
2026-02-21 08:45:00,real_time_price,43.25,flat,311.44275283813477
2026-02-21 09:00:00,real_time_price,270.0,flat,206.95597457885742
2026-02-21 09:15:00,real_time_price,43.25,flat,252.2165231704712
2026-02-21 09:30:00,real_time_price,17.49,flat,130.9397029876709
2026-02-21 09:45:00,real_time_price,43.25,flat,67.4640007019043
2026-02-21 10:00:00,real_time_price,102.51,peak,99.64895534515381
2026-02-21 10:15:00,real_time_price,103.93,peak,70.87489700317383
2026-02-21 10:30:00,real_time_price,17.49,peak,84.91515922546387
2026-02-21 10:45:00,real_time_price,106.12,peak,82.54249954223633
2026-02-21 11:00:00,real_time_price,17.49,peak,39.76959800720215
2026-02-21 11:15:00,real_time_price,145.83,peak,88.98512172698975
2026-02-21 11:30:00,real_time_price,43.25,peak,52.532602310180664
2026-02-21 11:45:00,real_time_price,43.25,peak,112.1161117553711
2026-02-21 12:00:00,real_time_price,145.83,flat,67.47103500366211
2026-02-21 12:15:00,real_time_price,145.83,flat,74.69153642654419
2026-02-21 12:30:00,real_time_price,43.25,flat,120.38330793380737
2026-02-21 12:45:00,real_time_price,43.25,flat,91.82734680175781
2026-02-21 13:00:00,real_time_price,17.49,flat,60.77751922607422
2026-02-21 13:15:00,real_time_price,17.49,flat,56.156593322753906
2026-02-21 13:30:00,real_time_price,17.49,flat,51.96547317504883
2026-02-21 13:45:00,real_time_price,22.7,flat,39.5450553894043
2026-02-21 14:00:00,real_time_price,-6.71,peak,61.93275833129883
2026-02-21 14:15:00,real_time_price,-49.71,peak,-21.0462589263916
2026-02-21 14:30:00,real_time_price,0.0,peak,-60.05379104614258
2026-02-21 14:45:00,real_time_price,-7.0,peak,7.060550689697266
2026-02-21 15:00:00,real_time_price,-50.0,peak,-41.969057112932205
2026-02-21 15:15:00,real_time_price,0.0,peak,-64.3499698638916
2026-02-21 15:30:00,real_time_price,-50.0,peak,-25.316425323486328
2026-02-21 15:45:00,real_time_price,-50.0,peak,-75.55518341064453
2026-02-21 16:00:00,real_time_price,-50.0,peak,-60.38175678253174
2026-02-21 16:15:00,real_time_price,-50.0,peak,-62.164878845214844
2026-02-21 16:30:00,real_time_price,0.04,peak,-43.591026306152344
2026-02-21 16:45:00,real_time_price,230.98,peak,112.67707824707031
2026-02-21 17:00:00,real_time_price,251.58,peak,233.96574020385742
2026-02-21 17:15:00,real_time_price,265.92,peak,261.76303482055664
2026-02-21 17:30:00,real_time_price,291.55,peak,268.6618900299072
2026-02-21 17:45:00,real_time_price,300.0,peak,242.7358889579773
2026-02-21 18:00:00,real_time_price,300.0,peak,295.0669279098511
2026-02-21 18:15:00,real_time_price,300.0,peak,276.41630601882935
2026-02-21 18:30:00,real_time_price,285.3,peak,304.67027974128723
2026-02-21 18:45:00,real_time_price,300.0,peak,250.32899236679077
2026-02-21 19:00:00,real_time_price,300.0,flat,297.6187882423401
2026-02-21 19:15:00,real_time_price,280.0,flat,296.42920303344727
2026-02-21 19:30:00,real_time_price,110.0,flat,309.98878240585327
2026-02-21 19:45:00,real_time_price,278.3,flat,270.74996280670166
2026-02-21 20:00:00,real_time_price,280.1,flat,270.38530254364014
2026-02-21 20:15:00,real_time_price,270.0,flat,278.1941294670105
2026-02-21 20:30:00,real_time_price,275.0,flat,260.1724102497101
2026-02-21 20:45:00,real_time_price,361.0,flat,284.12604880332947
2026-02-21 21:00:00,real_time_price,310.0,flat,325.5192458629608
2026-02-21 21:15:00,real_time_price,300.0,flat,309.8943130970001
2026-02-21 21:30:00,real_time_price,300.0,flat,304.9923143386841
2026-02-21 21:45:00,real_time_price,304.0,flat,291.1684787273407
2026-02-21 22:00:00,real_time_price,300.0,flat,292.8923134803772
2026-02-21 22:15:00,real_time_price,300.0,flat,288.19422674179077
2026-02-21 22:30:00,real_time_price,302.0,flat,283.18588733673096
2026-02-21 22:45:00,real_time_price,400.0,flat,282.94261932373047
2026-02-21 23:00:00,real_time_price,290.0,flat,329.6325159072876
2026-02-21 23:15:00,real_time_price,340.0,flat,297.15632820129395
2026-02-21 23:30:00,real_time_price,330.0,flat,308.63655853271484
2026-02-21 23:45:00,real_time_price,358.0,flat,324.24966049194336
2026-02-22 00:00:00,real_time_price,371.49,valley,309.4035038948059
2026-02-22 00:15:00,real_time_price,308.27,valley,326.91885471343994
2026-02-22 00:30:00,real_time_price,350.0,valley,548.0172004699707
2026-02-22 00:45:00,real_time_price,420.0,valley,350.79162406921387
2026-02-22 01:00:00,real_time_price,631.7,valley,364.3985996246338
2026-02-22 01:15:00,real_time_price,500.0,valley,395.25757598876953
2026-02-22 01:30:00,real_time_price,460.0,valley,440.12322330474854
2026-02-22 01:45:00,real_time_price,445.77,valley,425.86907386779785
2026-02-22 02:00:00,real_time_price,330.2,valley,405.11538219451904
2026-02-22 02:15:00,real_time_price,270.1,valley,326.45605182647705
2026-02-22 02:30:00,real_time_price,313.33,valley,308.26007652282715
2026-02-22 02:45:00,real_time_price,316.71,valley,292.3721647262573
2026-02-22 03:00:00,real_time_price,314.3,valley,294.7158432006836
2026-02-22 03:15:00,real_time_price,328.0,valley,300.70584297180176
2026-02-22 03:30:00,real_time_price,316.71,valley,299.087366104126
2026-02-22 03:45:00,real_time_price,316.5,valley,305.00151443481445
2026-02-22 04:00:00,real_time_price,280.0,valley,300.3616065979004
2026-02-22 04:15:00,real_time_price,300.0,valley,273.5040683746338
2026-02-22 04:30:00,real_time_price,293.0,valley,276.74236965179443
2026-02-22 04:45:00,real_time_price,300.0,valley,285.26737880706787
2026-02-22 05:00:00,real_time_price,301.0,valley,275.3491725921631
2026-02-22 05:15:00,real_time_price,298.0,valley,285.28186416625977
2026-02-22 05:30:00,real_time_price,358.82,valley,286.83076572418213
2026-02-22 05:45:00,real_time_price,338.0,valley,318.06890296936035
2026-02-22 06:00:00,real_time_price,308.0,valley,332.7102212905884
2026-02-22 06:15:00,real_time_price,300.0,valley,315.4742851257324
2026-02-22 06:30:00,real_time_price,295.0,valley,299.7631711959839
2026-02-22 06:45:00,real_time_price,358.0,valley,293.4755115509033
2026-02-22 07:00:00,real_time_price,400.0,valley,351.3232650756836
2026-02-22 07:15:00,real_time_price,340.0,valley,366.9450807571411
2026-02-22 07:30:00,real_time_price,399.79,valley,344.7752847671509
2026-02-22 07:45:00,real_time_price,438.95,valley,411.63676357269287
2026-02-22 08:00:00,real_time_price,359.88,flat,422.77602195739746
2026-02-22 08:15:00,real_time_price,359.88,flat,389.38408184051514
2026-02-22 08:30:00,real_time_price,288.6,flat,384.2888517379761
2026-02-22 08:45:00,real_time_price,329.16,flat,292.75416469573975
2026-02-22 09:00:00,real_time_price,338.0,flat,301.04981899261475
2026-02-22 09:15:00,real_time_price,320.0,flat,301.6643133163452
2026-02-22 09:30:00,real_time_price,295.0,flat,312.14542961120605
2026-02-22 09:45:00,real_time_price,270.3,flat,275.4627380371094
2026-02-22 10:00:00,real_time_price,43.25,peak,216.8527069091797
2026-02-22 10:15:00,real_time_price,146.68,peak,136.29369640350342
2026-02-22 10:30:00,real_time_price,187.1,peak,127.9857406616211
2026-02-22 10:45:00,real_time_price,-50.0,peak,145.75016975402832
2026-02-22 11:00:00,real_time_price,-49.97,peak,17.364641189575195
2026-02-22 11:15:00,real_time_price,-50.0,peak,-13.884248733520508
2026-02-22 11:30:00,real_time_price,-50.0,peak,12.857196807861328
2026-02-22 11:45:00,real_time_price,-49.06,peak,-17.186829566955566
2026-02-22 12:00:00,real_time_price,-49.97,flat,17.010499477386475
2026-02-22 12:15:00,real_time_price,-50.0,flat,-8.27029037475586
2026-02-22 12:30:00,real_time_price,-50.0,flat,-32.18217754364014
2026-02-22 12:45:00,real_time_price,3.49,flat,-31.364820957183838
2026-02-22 13:00:00,real_time_price,-0.27,flat,-8.676719188690186
2026-02-22 13:15:00,real_time_price,-48.57,flat,-34.622313499450684
2026-02-22 13:30:00,real_time_price,-4.63,flat,-51.440961837768555
2026-02-22 13:45:00,real_time_price,153.42,flat,-44.69936180114746
2026-02-22 14:00:00,real_time_price,-15.24,peak,71.38841247558594
2026-02-22 14:15:00,real_time_price,-1.47,peak,-18.99467635154724
2026-02-22 14:30:00,real_time_price,-22.51,peak,-17.962406158447266
2026-02-22 14:45:00,real_time_price,-37.33,peak,-24.848355680704117
2026-02-22 15:00:00,real_time_price,64.11,peak,-47.273590087890625
2026-02-22 15:15:00,real_time_price,-48.94,peak,18.289718627929688
2026-02-22 15:30:00,real_time_price,-41.01,peak,-47.50798225402832
2026-02-22 15:45:00,real_time_price,-47.61,peak,-53.688011169433594
2026-02-22 16:00:00,real_time_price,-46.72,peak,-17.49557876586914
2026-02-22 16:15:00,real_time_price,-48.11,peak,-52.951005935668945
2026-02-22 16:30:00,real_time_price,10.0,peak,-27.894529104232788
2026-02-22 16:45:00,real_time_price,300.0,peak,68.36245346069336
2026-02-22 17:00:00,real_time_price,289.01,peak,293.69841384887695
2026-02-22 17:15:00,real_time_price,358.0,peak,290.9550724029541
2026-02-22 17:30:00,real_time_price,350.63,peak,301.1029272079468
2026-02-22 17:45:00,real_time_price,350.94,peak,342.10901641845703
2026-02-22 18:00:00,real_time_price,354.75,peak,340.8790922164917
2026-02-22 18:15:00,real_time_price,301.35,peak,336.91179943084717
2026-02-22 18:30:00,real_time_price,330.87,peak,379.4506456851959
2026-02-22 18:45:00,real_time_price,330.87,peak,376.20483112335205
2026-02-22 19:00:00,real_time_price,330.87,flat,310.54952096939087
2026-02-22 19:15:00,real_time_price,270.1,flat,317.24754428863525
2026-02-22 19:30:00,real_time_price,270.1,flat,295.0030770301819
2026-02-22 19:45:00,real_time_price,275.2,flat,279.1793632507324
2026-02-22 20:00:00,real_time_price,300.0,flat,271.4794421195984
2026-02-22 20:15:00,real_time_price,290.0,flat,278.88594126701355
2026-02-22 20:30:00,real_time_price,270.0,flat,294.8311667442322
2026-02-22 20:45:00,real_time_price,270.0,flat,282.5828881263733
2026-02-22 21:00:00,real_time_price,270.0,flat,271.08812141418457
2026-02-22 21:15:00,real_time_price,300.0,flat,267.9094748497009
2026-02-22 21:30:00,real_time_price,381.67,flat,289.0016016960144
2026-02-22 21:45:00,real_time_price,300.33,flat,338.8917317390442
2026-02-22 22:00:00,real_time_price,331.82,flat,306.3183560371399
2026-02-22 22:15:00,real_time_price,334.86,flat,315.6350350379944
2026-02-22 22:30:00,real_time_price,328.78,flat,327.51721000671387
2026-02-22 22:45:00,real_time_price,331.82,flat,318.04989194869995
2026-02-22 23:00:00,real_time_price,328.78,flat,311.6132893562317
2026-02-22 23:15:00,real_time_price,318.61,flat,310.93496799468994
2026-02-22 23:30:00,real_time_price,443.75,flat,311.5425958633423
2026-02-22 23:45:00,real_time_price,350.32,flat,347.02574253082275
2026-02-23 00:00:00,real_time_price,333.78,valley,333.4437851905823
2026-02-23 00:15:00,real_time_price,290.5,valley,295.9868459701538
2026-02-23 00:30:00,real_time_price,354.51,valley,701.2511606216431
2026-02-23 00:45:00,real_time_price,350.08,valley,336.8973898887634
2026-02-23 01:00:00,real_time_price,401.43,valley,410.9819679260254
2026-02-23 01:15:00,real_time_price,320.36,valley,424.99671459198
2026-02-23 01:30:00,real_time_price,293.2,valley,341.62114810943604
2026-02-23 01:45:00,real_time_price,301.11,valley,326.4477472305298
2026-02-23 02:00:00,real_time_price,297.75,valley,295.5292320251465
2026-02-23 02:15:00,real_time_price,290.3,valley,276.01974296569824
2026-02-23 02:30:00,real_time_price,269.0,valley,296.53511476516724
2026-02-23 02:45:00,real_time_price,280.0,valley,260.5317907333374
2026-02-23 03:00:00,real_time_price,280.0,valley,253.56686973571777
2026-02-23 03:15:00,real_time_price,274.0,valley,255.3808889389038
2026-02-23 03:30:00,real_time_price,270.5,valley,251.7142767906189
2026-02-23 03:45:00,real_time_price,269.0,valley,258.3759808540344
2026-02-23 04:00:00,real_time_price,261.0,valley,246.28142166137695
2026-02-23 04:15:00,real_time_price,265.3,valley,241.79757595062256
2026-02-23 04:30:00,real_time_price,325.7,valley,240.41631603240967
2026-02-23 04:45:00,real_time_price,268.0,valley,272.2974548339844
2026-02-23 05:00:00,real_time_price,265.0,valley,264.2546033859253
2026-02-23 05:15:00,real_time_price,263.0,valley,249.94854640960693
2026-02-23 05:30:00,real_time_price,250.0,valley,262.957802772522
2026-02-23 05:45:00,real_time_price,250.0,valley,256.05410861968994
2026-02-23 06:00:00,real_time_price,250.0,valley,240.22924137115479
2026-02-23 06:15:00,real_time_price,250.0,valley,223.77674865722656
2026-02-23 06:30:00,real_time_price,257.0,valley,210.3234453201294
2026-02-23 06:45:00,real_time_price,260.3,valley,264.8115291595459
2026-02-23 07:00:00,real_time_price,268.0,valley,247.25384044647217
2026-02-23 07:15:00,real_time_price,260.3,valley,256.31889820098877
2026-02-23 07:30:00,real_time_price,260.3,valley,257.5445156097412
2026-02-23 07:45:00,real_time_price,269.0,valley,337.3689069747925
2026-02-23 08:00:00,real_time_price,270.3,flat,283.4864196777344
2026-02-23 08:15:00,real_time_price,148.79,flat,270.7541627883911
2026-02-23 08:30:00,real_time_price,0.0,flat,245.19771575927734
2026-02-23 08:45:00,real_time_price,0.0,flat,57.71631050109863
2026-02-23 09:00:00,real_time_price,0.0,flat,52.01654243469238
2026-02-23 09:15:00,real_time_price,-50.0,flat,24.305123329162598
2026-02-23 09:30:00,real_time_price,0.0,flat,-38.49496364593506
2026-02-23 09:45:00,real_time_price,43.25,flat,45.196401596069336
2026-02-23 10:00:00,real_time_price,43.25,peak,107.26502227783203
2026-02-23 10:15:00,real_time_price,43.25,peak,94.92778205871582
2026-02-23 10:30:00,real_time_price,-50.0,peak,72.70222473144531
2026-02-23 10:45:00,real_time_price,239.49,peak,-4.506613254547119
2026-02-23 11:00:00,real_time_price,-29.02,peak,197.3230381011963
2026-02-23 11:15:00,real_time_price,42.65,peak,88.30646228790283
2026-02-23 11:30:00,real_time_price,37.32,peak,49.71932411193848
2026-02-23 11:45:00,real_time_price,244.28,peak,116.53748512268066
2026-02-23 12:00:00,real_time_price,76.74,flat,191.1160111427307
2026-02-23 12:15:00,real_time_price,-7.0,flat,115.73495531082153
2026-02-23 12:30:00,real_time_price,4.72,flat,132.67320013046265
2026-02-23 12:45:00,real_time_price,52.42,flat,61.37271595001221
2026-02-23 13:00:00,real_time_price,43.5,flat,96.6810712814331
2026-02-23 13:15:00,real_time_price,43.2,flat,42.01435565948486
2026-02-23 13:30:00,real_time_price,73.86,flat,70.7060317993164
2026-02-23 13:45:00,real_time_price,43.25,flat,89.87985610961914
2026-02-23 14:00:00,real_time_price,43.48,peak,29.71170425415039
2026-02-23 14:15:00,real_time_price,-49.73,peak,50.054141998291016
2026-02-23 14:30:00,real_time_price,-49.75,peak,-34.02672719955444
2026-02-23 14:45:00,real_time_price,-44.44,peak,-57.38382339477539
2026-02-23 15:00:00,real_time_price,-49.74,peak,-37.576857566833496
2026-02-23 15:15:00,real_time_price,-50.0,peak,-76.73919296264648
2026-02-23 15:30:00,real_time_price,-50.0,peak,-52.66462230682373
2026-02-23 15:45:00,real_time_price,0.3,peak,-75.8067741394043
2026-02-23 16:00:00,real_time_price,-50.0,peak,51.70383071899414
2026-02-23 16:15:00,real_time_price,-48.28,peak,-65.97951126098633
2026-02-23 16:30:00,real_time_price,-50.0,peak,-43.56242370605469
2026-02-23 16:45:00,real_time_price,-50.0,peak,82.01367568969727
2026-02-23 17:00:00,real_time_price,-47.68,peak,92.64733409881592
2026-02-23 17:15:00,real_time_price,58.18,peak,97.75531768798828
2026-02-23 17:30:00,real_time_price,271.0,peak,168.4829807281494
2026-02-23 17:45:00,real_time_price,265.2,peak,244.6961407661438
2026-02-23 18:00:00,real_time_price,279.58,peak,265.9379734992981
2026-02-23 18:15:00,real_time_price,280.5,peak,295.54558849334717
2026-02-23 18:30:00,real_time_price,345.52,peak,255.63100051879883
2026-02-23 18:45:00,real_time_price,295.31,peak,337.82561779022217
2026-02-23 19:00:00,real_time_price,301.0,flat,270.0009140968323
2026-02-23 19:15:00,real_time_price,265.2,flat,306.63455963134766
2026-02-23 19:30:00,real_time_price,263.0,flat,235.96998167037964
2026-02-23 19:45:00,real_time_price,279.99,flat,269.8349471092224
2026-02-23 20:00:00,real_time_price,280.0,flat,307.5747127532959
2026-02-23 20:15:00,real_time_price,285.1,flat,284.5208683013916
2026-02-23 20:30:00,real_time_price,280.1,flat,305.40706515312195
2026-02-23 20:45:00,real_time_price,275.3,flat,290.49275064468384
2026-02-23 21:00:00,real_time_price,269.0,flat,283.66761779785156
2026-02-23 21:15:00,real_time_price,269.0,flat,269.3406882286072
2026-02-23 21:30:00,real_time_price,271.0,flat,272.4989194869995
2026-02-23 21:45:00,real_time_price,270.0,flat,271.7780089378357
2026-02-23 22:00:00,real_time_price,265.3,flat,269.6345765590668
2026-02-23 22:15:00,real_time_price,261.0,flat,265.1638903617859
2026-02-23 22:30:00,real_time_price,267.0,flat,259.367627620697
2026-02-23 22:45:00,real_time_price,268.3,flat,268.9589047431946
2026-02-23 23:00:00,real_time_price,264.0,flat,259.6705713272095
2026-02-23 23:15:00,real_time_price,263.0,flat,255.79168605804443
2026-02-23 23:30:00,real_time_price,260.5,flat,249.69570016860962
2026-02-23 23:45:00,real_time_price,260.0,flat,252.05521392822266
2026-02-24 00:00:00,real_time_price,254.0,valley,263.99883794784546
2026-02-24 00:15:00,real_time_price,250.0,valley,244.7914776802063
2026-02-24 00:30:00,real_time_price,43.25,valley,366.68115186691284
2026-02-24 00:45:00,real_time_price,800.0,valley,202.33007287979126
2026-02-24 01:00:00,real_time_price,300.0,valley,114.61563062667847
2026-02-24 01:15:00,real_time_price,280.3,valley,267.9166331291199
2026-02-24 01:30:00,real_time_price,280.0,valley,305.31777477264404
2026-02-24 01:45:00,real_time_price,275.0,valley,295.09791135787964
2026-02-24 02:00:00,real_time_price,270.1,valley,275.17964029312134
2026-02-24 02:15:00,real_time_price,270.0,valley,266.0238175392151
2026-02-24 02:30:00,real_time_price,276.6,valley,266.1234998703003
2026-02-24 02:45:00,real_time_price,270.5,valley,262.7124180793762
2026-02-24 03:00:00,real_time_price,270.1,valley,264.8402681350708
2026-02-24 03:15:00,real_time_price,270.0,valley,271.10067415237427
2026-02-24 03:30:00,real_time_price,264.0,valley,264.9481177330017
2026-02-24 03:45:00,real_time_price,258.3,valley,259.83564805984497
2026-02-24 04:00:00,real_time_price,260.5,valley,254.7508955001831
2026-02-24 04:15:00,real_time_price,259.0,valley,242.3686285018921
2026-02-24 04:30:00,real_time_price,260.0,valley,246.02832794189453
2026-02-24 04:45:00,real_time_price,260.0,valley,237.94911098480225
2026-02-24 05:00:00,real_time_price,260.1,valley,242.4428539276123
2026-02-24 05:15:00,real_time_price,264.0,valley,243.18099975585938
2026-02-24 05:30:00,real_time_price,266.0,valley,247.37754440307617
2026-02-24 05:45:00,real_time_price,270.3,valley,260.8366003036499
2026-02-24 06:00:00,real_time_price,270.0,valley,261.78065299987793
2026-02-24 06:15:00,real_time_price,275.3,valley,263.5394058227539
2026-02-24 06:30:00,real_time_price,270.5,valley,265.1780652999878
2026-02-24 06:45:00,real_time_price,285.0,valley,273.84937858581543
2026-02-24 07:00:00,real_time_price,319.0,valley,282.7626247406006
2026-02-24 07:15:00,real_time_price,300.09,valley,297.09357261657715
2026-02-24 07:30:00,real_time_price,310.2,valley,299.2596549987793
2026-02-24 07:45:00,real_time_price,401.41,valley,317.18356800079346
2026-02-24 08:00:00,real_time_price,345.08,flat,356.8444175720215
2026-02-24 08:15:00,real_time_price,421.98,flat,392.32895612716675
2026-02-24 08:30:00,real_time_price,405.98,flat,559.9165163040161
2026-02-24 08:45:00,real_time_price,427.43,flat,417.82244396209717
2026-02-24 09:00:00,real_time_price,367.7,flat,470.15436363220215
2026-02-24 09:15:00,real_time_price,463.22,flat,357.7853145599365
2026-02-24 09:30:00,real_time_price,401.0,flat,510.5017375946045
2026-02-24 09:45:00,real_time_price,355.13,flat,351.5709819793701
2026-02-24 10:00:00,real_time_price,390.41,peak,301.9109163284302
2026-02-24 10:15:00,real_time_price,396.22,peak,316.0982255935669
2026-02-24 10:30:00,real_time_price,362.89,peak,302.37574768066406
2026-02-24 10:45:00,real_time_price,335.22,peak,286.6799488067627
2026-02-24 11:00:00,real_time_price,302.3,peak,287.43225288391113
2026-02-24 11:15:00,real_time_price,290.87,peak,252.62117099761963
2026-02-24 11:30:00,real_time_price,290.46,peak,273.20520210266113
2026-02-24 11:45:00,real_time_price,43.68,peak,279.11189126968384
2026-02-24 12:00:00,real_time_price,267.01,flat,147.90865516662598
2026-02-24 12:15:00,real_time_price,266.03,flat,176.46483325958252
2026-02-24 12:30:00,real_time_price,270.0,flat,160.96811771392822
2026-02-24 12:45:00,real_time_price,270.2,flat,191.39940643310547
2026-02-24 13:00:00,real_time_price,297.75,flat,216.79401874542236
2026-02-24 13:15:00,real_time_price,279.34,flat,215.2723970413208
2026-02-24 13:30:00,real_time_price,281.5,flat,226.85588455200195
2026-02-24 13:45:00,real_time_price,275.2,flat,261.6208839416504
2026-02-24 14:00:00,real_time_price,280.28,peak,268.5197525024414
2026-02-24 14:15:00,real_time_price,265.96,peak,215.09678268432617
2026-02-24 14:30:00,real_time_price,269.0,peak,198.04706192016602
2026-02-24 14:45:00,real_time_price,268.0,peak,209.6484031677246
2026-02-24 15:00:00,real_time_price,265.5,peak,207.36637496948242
2026-02-24 15:15:00,real_time_price,1.02,peak,204.60240173339844
2026-02-24 15:30:00,real_time_price,270.45,peak,104.49535751342773
2026-02-24 15:45:00,real_time_price,271.55,peak,234.3837432861328
2026-02-24 16:00:00,real_time_price,266.15,peak,205.47600555419922
2026-02-24 16:15:00,real_time_price,280.19,peak,218.8968963623047
2026-02-24 16:30:00,real_time_price,326.73,peak,234.85215377807617
2026-02-24 16:45:00,real_time_price,335.14,peak,298.8809051513672
2026-02-24 17:00:00,real_time_price,352.34,peak,297.6310977935791
2026-02-24 17:15:00,real_time_price,401.39,peak,328.22451305389404
2026-02-24 17:30:00,real_time_price,401.35,peak,393.55124855041504
2026-02-24 17:45:00,real_time_price,366.97,peak,341.85053873062134
2026-02-24 18:00:00,real_time_price,367.29,peak,352.5588183403015
2026-02-24 18:15:00,real_time_price,375.96,peak,349.14052414894104
2026-02-24 18:30:00,real_time_price,381.73,peak,369.06971645355225
2026-02-24 18:45:00,real_time_price,341.04,peak,417.20757961273193
2026-02-24 19:00:00,real_time_price,311.46,flat,348.78510904312134
2026-02-24 19:15:00,real_time_price,297.06,flat,331.90618896484375
2026-02-24 19:30:00,real_time_price,320.2,flat,311.3716049194336
2026-02-24 19:45:00,real_time_price,307.02,flat,314.61887979507446
2026-02-24 20:00:00,real_time_price,293.95,flat,310.8401837348938
2026-02-24 20:15:00,real_time_price,294.89,flat,295.71057653427124
2026-02-24 20:30:00,real_time_price,292.39,flat,301.6348261833191
2026-02-24 20:45:00,real_time_price,279.97,flat,297.599760055542
2026-02-24 21:00:00,real_time_price,275.04,flat,288.3880844116211
2026-02-24 21:15:00,real_time_price,319.97,flat,287.5703139305115
2026-02-24 21:30:00,real_time_price,295.3,flat,314.44874477386475
2026-02-24 21:45:00,real_time_price,293.98,flat,294.0993010997772
2026-02-24 22:00:00,real_time_price,316.84,flat,285.6749150753021
2026-02-24 22:15:00,real_time_price,314.22,flat,300.76957273483276
2026-02-24 22:30:00,real_time_price,324.09,flat,302.3678629398346
2026-02-24 22:45:00,real_time_price,287.9,flat,300.76490783691406
2026-02-24 23:00:00,real_time_price,310.2,flat,285.5374960899353
2026-02-24 23:15:00,real_time_price,330.5,flat,284.71352195739746
2026-02-24 23:30:00,real_time_price,330.47,flat,311.2322311401367
2026-02-24 23:45:00,real_time_price,330.5,flat,309.3623170852661
2026-02-25 00:00:00,real_time_price,295.3,valley,301.3099431991577
2026-02-25 00:15:00,real_time_price,250.0,valley,280.5044436454773
2026-02-25 00:30:00,real_time_price,278.0,valley,338.15422534942627
2026-02-25 00:45:00,real_time_price,280.0,valley,229.14692735671997
2026-02-25 01:00:00,real_time_price,280.0,valley,282.97711181640625
2026-02-25 01:15:00,real_time_price,280.0,valley,271.5251154899597
2026-02-25 01:30:00,real_time_price,280.0,valley,273.9542589187622
2026-02-25 01:45:00,real_time_price,285.0,valley,273.7588014602661
2026-02-25 02:00:00,real_time_price,297.11,valley,273.28180027008057
2026-02-25 02:15:00,real_time_price,323.41,valley,280.5332918167114
2026-02-25 02:30:00,real_time_price,326.74,valley,291.8004937171936
2026-02-25 02:45:00,real_time_price,311.62,valley,306.94391536712646
2026-02-25 03:00:00,real_time_price,299.07,valley,304.56232500076294
2026-02-25 03:15:00,real_time_price,280.0,valley,286.57588386535645
2026-02-25 03:30:00,real_time_price,285.0,valley,281.43525290489197
2026-02-25 03:45:00,real_time_price,280.0,valley,273.12842416763306
2026-02-25 04:00:00,real_time_price,280.0,valley,275.62792587280273
2026-02-25 04:15:00,real_time_price,276.0,valley,273.87828302383423
2026-02-25 04:30:00,real_time_price,286.0,valley,283.4030113220215
2026-02-25 04:45:00,real_time_price,285.0,valley,275.21222448349
2026-02-25 05:00:00,real_time_price,280.0,valley,280.8618993759155
2026-02-25 05:15:00,real_time_price,276.0,valley,280.67721223831177
2026-02-25 05:30:00,real_time_price,280.0,valley,277.45081996917725
2026-02-25 05:45:00,real_time_price,275.0,valley,278.78517150878906
2026-02-25 06:00:00,real_time_price,270.0,valley,282.23577880859375
2026-02-25 06:15:00,real_time_price,275.2,valley,277.99573802948
2026-02-25 06:30:00,real_time_price,280.0,valley,279.3479309082031
2026-02-25 06:45:00,real_time_price,311.62,valley,285.3861560821533
2026-02-25 07:00:00,real_time_price,292.94,valley,311.08691120147705
2026-02-25 07:15:00,real_time_price,336.88,valley,284.4942331314087
2026-02-25 07:30:00,real_time_price,332.5,valley,328.12166690826416
2026-02-25 07:45:00,real_time_price,334.47,valley,336.8743848800659
2026-02-25 08:00:00,real_time_price,375.57,flat,354.6229467391968
2026-02-25 08:15:00,real_time_price,350.2,flat,388.974750995636
2026-02-25 08:30:00,real_time_price,323.1,flat,387.39818000793457
2026-02-25 08:45:00,real_time_price,325.21,flat,333.6303873062134
2026-02-25 09:00:00,real_time_price,321.85,flat,329.6229085922241
2026-02-25 09:15:00,real_time_price,269.64,flat,320.94200706481934
2026-02-25 09:30:00,real_time_price,268.71,flat,303.57621002197266
2026-02-25 09:45:00,real_time_price,270.08,flat,254.87843894958496
2026-02-25 10:00:00,real_time_price,267.0,peak,249.15399646759033
2026-02-25 10:15:00,real_time_price,269.4,peak,246.81403255462646
2026-02-25 10:30:00,real_time_price,269.78,peak,248.54335594177246
2026-02-25 10:45:00,real_time_price,0.0,peak,259.4995279312134
2026-02-25 11:00:00,real_time_price,260.4,peak,167.63027477264404
2026-02-25 11:15:00,real_time_price,260.1,peak,231.1001434326172
2026-02-25 11:30:00,real_time_price,263.0,peak,221.36804294586182
2026-02-25 11:45:00,real_time_price,265.19,peak,225.45008754730225
2026-02-25 12:00:00,real_time_price,242.3,flat,260.9580063819885
2026-02-25 12:15:00,real_time_price,256.3,flat,177.47805452346802
2026-02-25 12:30:00,real_time_price,260.1,flat,242.23344445228577
2026-02-25 12:45:00,real_time_price,263.09,flat,247.28352880477905
2026-02-25 13:00:00,real_time_price,275.71,flat,241.6897096633911
2026-02-25 13:15:00,real_time_price,259.98,flat,256.77721786499023
2026-02-25 13:30:00,real_time_price,262.95,flat,219.361083984375
2026-02-25 13:45:00,real_time_price,261.41,flat,219.35359954833984
2026-02-25 14:00:00,real_time_price,265.48,peak,230.74139785766602
2026-02-25 14:15:00,real_time_price,273.32,peak,219.25801849365234
2026-02-25 14:30:00,real_time_price,265.48,peak,220.5311279296875
2026-02-25 14:45:00,real_time_price,258.08,peak,221.21527481079102
2026-02-25 15:00:00,real_time_price,260.0,peak,232.22651290893555
2026-02-25 15:15:00,real_time_price,258.1,peak,224.07976150512695
2026-02-25 15:30:00,real_time_price,257.32,peak,235.39995574951172
2026-02-25 15:45:00,real_time_price,258.1,peak,207.55360794067383
2026-02-25 16:00:00,real_time_price,260.0,peak,207.96703338623047
2026-02-25 16:15:00,real_time_price,263.1,peak,214.2418441772461
2026-02-25 16:30:00,real_time_price,268.29,peak,260.95738220214844
2026-02-25 16:45:00,real_time_price,296.0,peak,257.43727111816406
2026-02-25 17:00:00,real_time_price,286.59,peak,293.1615180969238
2026-02-25 17:15:00,real_time_price,297.16,peak,286.0049924850464
2026-02-25 17:30:00,real_time_price,321.83,peak,241.47933387756348
2026-02-25 17:45:00,real_time_price,306.3,peak,261.60578441619873
2026-02-25 18:00:00,real_time_price,279.7,peak,306.021764755249
2026-02-25 18:15:00,real_time_price,270.36,peak,282.9751400947571
2026-02-25 18:30:00,real_time_price,279.92,peak,283.4108691215515
2026-02-25 18:45:00,real_time_price,279.95,peak,285.0621271133423
2026-02-25 19:00:00,real_time_price,279.91,flat,298.29975986480713
2026-02-25 19:15:00,real_time_price,281.07,flat,296.1931104660034
2026-02-25 19:30:00,real_time_price,288.79,flat,311.03124475479126
2026-02-25 19:45:00,real_time_price,279.54,flat,296.8039722442627
2026-02-25 20:00:00,real_time_price,294.93,flat,291.50510263442993
2026-02-25 20:15:00,real_time_price,279.66,flat,285.20959186553955
2026-02-25 20:30:00,real_time_price,283.31,flat,294.4149832725525
2026-02-25 20:45:00,real_time_price,277.99,flat,292.43369817733765
2026-02-25 21:00:00,real_time_price,275.96,flat,286.8260931968689
2026-02-25 21:15:00,real_time_price,279.68,flat,285.8351216316223
2026-02-25 21:30:00,real_time_price,279.68,flat,290.88768911361694
2026-02-25 21:45:00,real_time_price,277.68,flat,288.52852058410645
2026-02-25 22:00:00,real_time_price,272.9,flat,285.5042860507965
2026-02-25 22:15:00,real_time_price,273.72,flat,273.7399916648865
2026-02-25 22:30:00,real_time_price,269.85,flat,275.3606638908386
2026-02-25 22:45:00,real_time_price,279.68,flat,267.40387773513794
2026-02-25 23:00:00,real_time_price,272.5,flat,276.4762210845947
2026-02-25 23:15:00,real_time_price,270.0,flat,272.5506353378296
2026-02-25 23:30:00,real_time_price,317.0,flat,268.52587032318115
2026-02-25 23:45:00,real_time_price,273.0,flat,297.37830686569214
2026-02-26 00:00:00,real_time_price,270.0,valley,290.24131298065186
2026-02-26 00:15:00,real_time_price,270.0,valley,278.7746067047119
2026-02-26 00:30:00,real_time_price,317.86,valley,336.4943504333496
2026-02-26 00:45:00,real_time_price,290.19,valley,366.6387929916382
2026-02-26 01:00:00,real_time_price,321.23,valley,297.1230220794678
2026-02-26 01:15:00,real_time_price,280.18,valley,299.8753614425659
2026-02-26 01:30:00,real_time_price,270.4,valley,288.1236023902893
2026-02-26 01:45:00,real_time_price,268.3,valley,275.4051342010498
2026-02-26 02:00:00,real_time_price,268.3,valley,272.3162422180176
2026-02-26 02:15:00,real_time_price,267.0,valley,276.406268119812
2026-02-26 02:30:00,real_time_price,267.0,valley,273.83932971954346
2026-02-26 02:45:00,real_time_price,265.0,valley,267.67352390289307
2026-02-26 03:00:00,real_time_price,265.1,valley,265.0806260108948
2026-02-26 03:15:00,real_time_price,260.4,valley,262.2819194793701
2026-02-26 03:30:00,real_time_price,260.3,valley,257.3488883972168
2026-02-26 03:45:00,real_time_price,265.1,valley,261.9206471443176
2026-02-26 04:00:00,real_time_price,260.3,valley,261.2671594619751
2026-02-26 04:15:00,real_time_price,262.0,valley,260.9719080924988
2026-02-26 04:30:00,real_time_price,260.0,valley,264.9192123413086
2026-02-26 04:45:00,real_time_price,256.3,valley,260.7769432067871
2026-02-26 05:00:00,real_time_price,260.2,valley,260.4482641220093
2026-02-26 05:15:00,real_time_price,260.2,valley,260.31729555130005
2026-02-26 05:30:00,real_time_price,260.0,valley,266.29240226745605
2026-02-26 05:45:00,real_time_price,260.3,valley,261.29025411605835
2026-02-26 06:00:00,real_time_price,268.3,valley,265.7823853492737
2026-02-26 06:15:00,real_time_price,266.3,valley,267.2533345222473
2026-02-26 06:30:00,real_time_price,272.24,valley,271.54668045043945
2026-02-26 06:45:00,real_time_price,293.37,valley,282.78026485443115
2026-02-26 07:00:00,real_time_price,281.61,valley,290.8626403808594
2026-02-26 07:15:00,real_time_price,293.75,valley,296.0735740661621
2026-02-26 07:30:00,real_time_price,305.59,valley,296.20362663269043
2026-02-26 07:45:00,real_time_price,324.73,valley,317.28441619873047
2026-02-26 08:00:00,real_time_price,304.6,flat,330.621301651001
2026-02-26 08:15:00,real_time_price,313.24,flat,328.6907362937927
2026-02-26 08:30:00,real_time_price,332.28,flat,329.8549633026123
2026-02-26 08:45:00,real_time_price,440.91,flat,325.2636671066284
2026-02-26 09:00:00,real_time_price,410.15,flat,374.85975098609924
2026-02-26 09:15:00,real_time_price,367.28,flat,413.53423833847046
2026-02-26 09:30:00,real_time_price,454.83,flat,365.338978767395
2026-02-26 09:45:00,real_time_price,401.69,flat,404.4150388240814
2026-02-26 10:00:00,real_time_price,416.6,peak,372.6761591434479
2026-02-26 10:15:00,real_time_price,363.31,peak,336.9032654762268
2026-02-26 10:30:00,real_time_price,337.67,peak,337.69902324676514
2026-02-26 10:45:00,real_time_price,299.92,peak,314.4392328262329
2026-02-26 11:00:00,real_time_price,284.21,peak,260.94269323349
2026-02-26 11:15:00,real_time_price,288.86,peak,238.28781938552856
2026-02-26 11:30:00,real_time_price,275.12,peak,247.42422723770142
2026-02-26 11:45:00,real_time_price,284.94,peak,270.16513538360596
2026-02-26 12:00:00,real_time_price,287.0,flat,261.75386142730713
2026-02-26 12:15:00,real_time_price,277.01,flat,248.92133808135986
2026-02-26 12:30:00,real_time_price,293.47,flat,289.024694442749
2026-02-26 12:45:00,real_time_price,287.68,flat,273.30713272094727
2026-02-26 13:00:00,real_time_price,287.32,flat,288.8893232345581
2026-02-26 13:15:00,real_time_price,276.29,flat,274.08001375198364
2026-02-26 13:30:00,real_time_price,289.0,flat,289.9185276031494
2026-02-26 13:45:00,real_time_price,300.32,flat,300.16429328918457
2026-02-26 14:00:00,real_time_price,292.66,peak,316.7164273262024
2026-02-26 14:15:00,real_time_price,288.0,peak,280.2978620529175
2026-02-26 14:30:00,real_time_price,286.75,peak,286.63024735450745
2026-02-26 14:45:00,real_time_price,283.52,peak,290.7857246398926
2026-02-26 15:00:00,real_time_price,276.09,peak,292.34675908088684
2026-02-26 15:15:00,real_time_price,270.9,peak,278.15137481689453
2026-02-26 15:30:00,real_time_price,271.21,peak,272.074444770813
2026-02-26 15:45:00,real_time_price,267.0,peak,272.18534660339355
2026-02-26 16:00:00,real_time_price,268.0,peak,269.90698051452637
2026-02-26 16:15:00,real_time_price,280.0,peak,279.74629044532776
2026-02-26 16:30:00,real_time_price,283.44,peak,286.018602848053
2026-02-26 16:45:00,real_time_price,295.26,peak,293.39290285110474
2026-02-26 17:00:00,real_time_price,352.31,peak,303.0297408103943
2026-02-26 17:15:00,real_time_price,310.47,peak,328.7069664001465
2026-02-26 17:30:00,real_time_price,399.6,peak,346.8846945762634
2026-02-26 17:45:00,real_time_price,409.79,peak,352.57522106170654
2026-02-26 18:00:00,real_time_price,362.52,peak,389.47724986076355
2026-02-26 18:15:00,real_time_price,307.89,peak,343.8032193183899
2026-02-26 18:30:00,real_time_price,350.85,peak,348.3490083217621
2026-02-26 18:45:00,real_time_price,335.72,peak,396.90047335624695
2026-02-26 19:00:00,real_time_price,325.52,flat,344.70379400253296
2026-02-26 19:15:00,real_time_price,310.3,flat,342.746328830719
2026-02-26 19:30:00,real_time_price,330.75,flat,343.5689835548401
2026-02-26 19:45:00,real_time_price,331.14,flat,321.5174672603607
2026-02-26 20:00:00,real_time_price,320.44,flat,329.5216999053955
2026-02-26 20:15:00,real_time_price,275.06,flat,315.5748887062073
2026-02-26 20:30:00,real_time_price,300.27,flat,310.9275040626526
2026-02-26 20:45:00,real_time_price,300.33,flat,302.0844793319702
2026-02-26 21:00:00,real_time_price,300.3,flat,296.0970163345337
2026-02-26 21:15:00,real_time_price,306.8,flat,292.2052307128906
2026-02-26 21:30:00,real_time_price,300.76,flat,301.43094539642334
2026-02-26 21:45:00,real_time_price,320.22,flat,298.69578194618225
2026-02-26 22:00:00,real_time_price,321.99,flat,301.21100664138794
2026-02-26 22:15:00,real_time_price,345.27,flat,306.4813652038574
2026-02-26 22:30:00,real_time_price,360.42,flat,321.456565618515
2026-02-26 22:45:00,real_time_price,376.18,flat,335.52634024620056
2026-02-26 23:00:00,real_time_price,364.57,flat,342.14054107666016
2026-02-26 23:15:00,real_time_price,351.67,flat,340.609760761261
2026-02-26 23:30:00,real_time_price,337.38,flat,338.5782561302185
2026-02-26 23:45:00,real_time_price,318.93,flat,324.92313623428345
2026-02-27 00:00:00,real_time_price,300.4,valley,316.3833019733429
2026-02-27 00:15:00,real_time_price,290.3,valley,294.8746271133423
2026-02-27 00:30:00,real_time_price,308.41,valley,404.4789619445801
2026-02-27 00:45:00,real_time_price,351.65,valley,326.73984146118164
2026-02-27 01:00:00,real_time_price,363.2,valley,336.54572677612305
2026-02-27 01:15:00,real_time_price,321.53,valley,338.4925956726074
2026-02-27 01:30:00,real_time_price,351.59,valley,353.1451859474182
2026-02-27 01:45:00,real_time_price,338.78,valley,332.9096074104309
2026-02-27 02:00:00,real_time_price,330.22,valley,327.45233249664307
2026-02-27 02:15:00,real_time_price,317.33,valley,327.21110010147095
2026-02-27 02:30:00,real_time_price,317.43,valley,327.0651912689209
2026-02-27 02:45:00,real_time_price,306.61,valley,311.2855978012085
2026-02-27 03:00:00,real_time_price,303.77,valley,306.71771001815796
2026-02-27 03:15:00,real_time_price,297.93,valley,299.1014332771301
2026-02-27 03:30:00,real_time_price,301.44,valley,292.5174674987793
2026-02-27 03:45:00,real_time_price,298.99,valley,294.851863861084
2026-02-27 04:00:00,real_time_price,282.1,valley,293.69625329971313
2026-02-27 04:15:00,real_time_price,291.21,valley,283.06447410583496
2026-02-27 04:30:00,real_time_price,285.49,valley,280.41510581970215
2026-02-27 04:45:00,real_time_price,294.1,valley,280.53599071502686
2026-02-27 05:00:00,real_time_price,290.45,valley,283.5689640045166
2026-02-27 05:15:00,real_time_price,280.0,valley,285.13715648651123
2026-02-27 05:30:00,real_time_price,288.0,valley,285.11678981781006
2026-02-27 05:45:00,real_time_price,323.18,valley,285.325044631958
2026-02-27 06:00:00,real_time_price,330.95,valley,306.0570378303528
2026-02-27 06:15:00,real_time_price,304.32,valley,322.90836668014526
2026-02-27 06:30:00,real_time_price,342.27,valley,319.3477249145508
2026-02-27 06:45:00,real_time_price,331.66,valley,341.0837049484253
2026-02-27 07:00:00,real_time_price,321.62,valley,338.97484397888184
2026-02-27 07:15:00,real_time_price,380.61,valley,326.29454135894775
2026-02-27 07:30:00,real_time_price,321.04,valley,362.0911645889282
2026-02-27 07:45:00,real_time_price,359.78,valley,339.6664171218872
2026-02-27 08:00:00,real_time_price,294.12,flat,372.0773296356201
2026-02-27 08:15:00,real_time_price,317.58,flat,321.3592720031738
2026-02-27 08:30:00,real_time_price,299.16,flat,331.8824405670166
2026-02-27 08:45:00,real_time_price,374.01,flat,296.32715702056885
2026-02-27 09:00:00,real_time_price,341.22,flat,339.4062466621399
2026-02-27 09:15:00,real_time_price,326.98,flat,335.57248616218567
2026-02-27 09:30:00,real_time_price,344.59,flat,336.1259729862213
2026-02-27 09:45:00,real_time_price,299.95,flat,334.74302411079407
2026-02-27 10:00:00,real_time_price,303.14,peak,298.34876823425293
2026-02-27 10:15:00,real_time_price,295.21,peak,278.95612621307373
2026-02-27 10:30:00,real_time_price,296.97,peak,276.48413944244385
2026-02-27 10:45:00,real_time_price,284.88,peak,283.41336274147034
2026-02-27 11:00:00,real_time_price,302.61,peak,257.79025626182556
2026-02-27 11:15:00,real_time_price,330.51,peak,271.83475637435913
2026-02-27 11:30:00,real_time_price,280.03,peak,274.3604311943054
2026-02-27 11:45:00,real_time_price,310.4,peak,295.88469409942627
2026-02-27 12:00:00,real_time_price,296.17,flat,278.9139552116394
2026-02-27 12:15:00,real_time_price,301.4,flat,247.43668365478516
2026-02-27 12:30:00,real_time_price,290.77,flat,293.7605118751526
2026-02-27 12:45:00,real_time_price,305.1,flat,287.1214051246643
2026-02-27 13:00:00,real_time_price,292.17,flat,290.7435894012451
2026-02-27 13:15:00,real_time_price,294.35,flat,283.6608462333679
2026-02-27 13:30:00,real_time_price,296.85,flat,289.0953760147095
2026-02-27 13:45:00,real_time_price,308.87,flat,301.5767593383789
2026-02-27 14:00:00,real_time_price,289.82,peak,326.68449544906616
2026-02-27 14:15:00,real_time_price,303.77,peak,284.00193881988525
2026-02-27 14:30:00,real_time_price,305.79,peak,296.1369216442108
2026-02-27 14:45:00,real_time_price,286.26,peak,288.41348361968994
2026-02-27 15:00:00,real_time_price,277.62,peak,300.4940605163574
2026-02-27 15:15:00,real_time_price,295.18,peak,290.43137788772583
2026-02-27 15:30:00,real_time_price,274.06,peak,292.36487340927124
2026-02-27 15:45:00,real_time_price,270.04,peak,288.4281826019287
2026-02-27 16:00:00,real_time_price,275.33,peak,278.2090606689453
2026-02-27 16:15:00,real_time_price,279.16,peak,287.1966414451599
2026-02-27 16:30:00,real_time_price,304.55,peak,255.15794849395752
2026-02-27 16:45:00,real_time_price,307.33,peak,310.1831579208374
2026-02-27 17:00:00,real_time_price,303.25,peak,322.15071272850037
2026-02-27 17:15:00,real_time_price,320.66,peak,320.6129729747772
2026-02-27 17:30:00,real_time_price,330.26,peak,336.0773243904114
2026-02-27 17:45:00,real_time_price,362.34,peak,329.1468434333801
2026-02-27 18:00:00,real_time_price,320.57,peak,385.1137170791626
2026-02-27 18:15:00,real_time_price,289.11,peak,402.9488835334778
2026-02-27 18:30:00,real_time_price,360.9,peak,323.1135537624359
2026-02-27 18:45:00,real_time_price,328.75,peak,412.64627146720886
2026-02-27 19:00:00,real_time_price,342.15,flat,335.6003301143646
2026-02-27 19:15:00,real_time_price,352.27,flat,329.77115297317505
2026-02-27 19:30:00,real_time_price,334.08,flat,385.57667446136475
2026-02-27 19:45:00,real_time_price,338.8,flat,341.01595973968506
2026-02-27 20:00:00,real_time_price,296.5,flat,332.3298146724701
2026-02-27 20:15:00,real_time_price,310.53,flat,289.1792936325073
2026-02-27 20:30:00,real_time_price,316.88,flat,305.0427746772766
2026-02-27 20:45:00,real_time_price,353.08,flat,310.4143776893616
2026-02-27 21:00:00,real_time_price,320.65,flat,325.1834635734558
2026-02-27 21:15:00,real_time_price,320.67,flat,320.60548305511475
2026-02-27 21:30:00,real_time_price,324.98,flat,322.5930509567261
2026-02-27 21:45:00,real_time_price,362.35,flat,328.4794611930847
2026-02-27 22:00:00,real_time_price,300.4,flat,340.7541198730469
2026-02-27 22:15:00,real_time_price,374.57,flat,307.9062464237213
2026-02-27 22:30:00,real_time_price,374.61,flat,333.98975014686584
2026-02-27 22:45:00,real_time_price,363.24,flat,345.5654067993164
2026-02-27 23:00:00,real_time_price,390.81,flat,342.01671504974365
2026-02-27 23:15:00,real_time_price,340.73,flat,358.3829274177551
2026-02-27 23:30:00,real_time_price,332.01,flat,346.6268343925476
2026-02-27 23:45:00,real_time_price,329.01,flat,320.95484828948975
2026-02-28 00:00:00,real_time_price,295.6,valley,313.0320522785187
2026-02-28 00:15:00,real_time_price,,valley,298.34791922569275
2026-02-28 00:30:00,real_time_price,,valley,442.06727409362793
2026-02-28 00:45:00,real_time_price,,valley,388.4279065132141
2026-02-28 01:00:00,real_time_price,,valley,358.1359062194824
2026-02-28 01:15:00,real_time_price,,valley,353.4969449043274
2026-02-28 01:30:00,real_time_price,,valley,333.73534870147705
2026-02-28 01:45:00,real_time_price,,valley,327.8575539588928
2026-02-28 02:00:00,real_time_price,,valley,321.90039825439453
2026-02-28 02:15:00,real_time_price,,valley,323.5289821624756
2026-02-28 02:30:00,real_time_price,,valley,319.25775146484375
2026-02-28 02:45:00,real_time_price,,valley,317.920777797699
2026-02-28 03:00:00,real_time_price,,valley,314.7957491874695
2026-02-28 03:15:00,real_time_price,,valley,310.5081868171692
2026-02-28 03:30:00,real_time_price,,valley,307.61955738067627
2026-02-28 03:45:00,real_time_price,,valley,303.85879278182983
2026-02-28 04:00:00,real_time_price,,valley,301.2184739112854
2026-02-28 04:15:00,real_time_price,,valley,295.9512701034546
2026-02-28 04:30:00,real_time_price,,valley,293.3078260421753
2026-02-28 04:45:00,real_time_price,,valley,287.49062490463257
2026-02-28 05:00:00,real_time_price,,valley,289.4069347381592
2026-02-28 05:15:00,real_time_price,,valley,285.1291170120239
2026-02-28 05:30:00,real_time_price,,valley,286.24406909942627
2026-02-28 05:45:00,real_time_price,,valley,290.0664772987366
2026-02-28 06:00:00,real_time_price,,valley,295.23616075515747
2026-02-28 06:15:00,real_time_price,,valley,299.80141830444336
2026-02-28 06:30:00,real_time_price,,valley,304.20742654800415
2026-02-28 06:45:00,real_time_price,,valley,319.1140789985657
2026-02-28 07:00:00,real_time_price,,valley,325.3786416053772
2026-02-28 07:15:00,real_time_price,,valley,324.21727180480957
2026-02-28 07:30:00,real_time_price,,valley,328.65327072143555
2026-02-28 07:45:00,real_time_price,,valley,337.0789403915405
2026-02-28 08:00:00,real_time_price,,flat,350.7016439437866
2026-02-28 08:15:00,real_time_price,,flat,356.6788101196289
2026-02-28 08:30:00,real_time_price,,flat,384.23054790496826
2026-02-28 08:45:00,real_time_price,,flat,392.22044229507446
2026-02-28 09:00:00,real_time_price,,flat,380.1541862487793
2026-02-28 09:15:00,real_time_price,,flat,361.7717638015747
2026-02-28 09:30:00,real_time_price,,flat,381.3924262523651
2026-02-28 09:45:00,real_time_price,,flat,379.0143721103668
2026-02-28 10:00:00,real_time_price,,peak,380.614520072937
2026-02-28 10:15:00,real_time_price,,peak,369.4129104614258
2026-02-28 10:30:00,real_time_price,,peak,364.95354866981506
2026-02-28 10:45:00,real_time_price,,peak,353.1805646419525
2026-02-28 11:00:00,real_time_price,,peak,367.38458490371704
2026-02-28 11:15:00,real_time_price,,peak,347.2665114402771
2026-02-28 11:30:00,real_time_price,,peak,381.1171758174896
2026-02-28 11:45:00,real_time_price,,peak,362.68370056152344
2026-02-28 12:00:00,real_time_price,,flat,329.0012016296387
2026-02-28 12:15:00,real_time_price,,flat,249.24747514724731
2026-02-28 12:30:00,real_time_price,,flat,319.3658194541931
2026-02-28 12:45:00,real_time_price,,flat,297.1915240287781
2026-02-28 13:00:00,real_time_price,,flat,289.4780025482178
2026-02-28 13:15:00,real_time_price,,flat,283.20900535583496
2026-02-28 13:30:00,real_time_price,,flat,289.11788392066956
2026-02-28 13:45:00,real_time_price,,flat,299.47742915153503
2026-02-28 14:00:00,real_time_price,,peak,321.1538302898407
2026-02-28 14:15:00,real_time_price,,peak,255.8531665802002
2026-02-28 14:30:00,real_time_price,,peak,282.9613060951233
2026-02-28 14:45:00,real_time_price,,peak,284.90159606933594
2026-02-28 15:00:00,real_time_price,,peak,252.49628257751465
2026-02-28 15:15:00,real_time_price,,peak,270.6151900291443
2026-02-28 15:30:00,real_time_price,,peak,228.62562656402588
2026-02-28 15:45:00,real_time_price,,peak,225.4393367767334
2026-02-28 16:00:00,real_time_price,,peak,227.18025255203247
2026-02-28 16:15:00,real_time_price,,peak,220.82196831703186
2026-02-28 16:30:00,real_time_price,,peak,265.8369390964508
2026-02-28 16:45:00,real_time_price,,peak,265.35579919815063
2026-02-28 17:00:00,real_time_price,,peak,270.84551095962524
2026-02-28 17:15:00,real_time_price,,peak,276.01705622673035
2026-02-28 17:30:00,real_time_price,,peak,299.7053442001343
2026-02-28 17:45:00,real_time_price,,peak,320.9976406097412
2026-02-28 18:00:00,real_time_price,,peak,321.93270206451416
2026-02-28 18:15:00,real_time_price,,peak,325.29068088531494
2026-02-28 18:30:00,real_time_price,,peak,341.2567262649536
2026-02-28 18:45:00,real_time_price,,peak,343.613263130188
2026-02-28 19:00:00,real_time_price,,flat,342.75132846832275
2026-02-28 19:15:00,real_time_price,,flat,339.1042342185974
2026-02-28 19:30:00,real_time_price,,flat,371.99942207336426
2026-02-28 19:45:00,real_time_price,,flat,361.8112509250641
2026-02-28 20:00:00,real_time_price,,flat,353.69141721725464
2026-02-28 20:15:00,real_time_price,,flat,335.44837951660156
2026-02-28 20:30:00,real_time_price,,flat,350.5664839744568
2026-02-28 20:45:00,real_time_price,,flat,352.2409420013428
2026-02-28 21:00:00,real_time_price,,flat,354.97159004211426
2026-02-28 21:15:00,real_time_price,,flat,348.6414384841919
2026-02-28 21:30:00,real_time_price,,flat,357.00195240974426
2026-02-28 21:45:00,real_time_price,,flat,363.94690775871277
2026-02-28 22:00:00,real_time_price,,flat,360.6039869785309
2026-02-28 22:15:00,real_time_price,,flat,360.49790382385254
2026-02-28 22:30:00,real_time_price,,flat,357.2684996128082
2026-02-28 22:45:00,real_time_price,,flat,347.6154079437256
2026-02-28 23:00:00,real_time_price,,flat,341.555947303772
2026-02-28 23:15:00,real_time_price,,flat,328.1478509902954
2026-02-28 23:30:00,real_time_price,,flat,324.03378772735596
2026-02-28 23:45:00,real_time_price,,flat,319.14169788360596
2026-03-01 00:00:00,real_time_price,,valley,309.87284326553345
2026-03-01 00:15:00,real_time_price,,valley,302.09063506126404
2026-03-01 00:30:00,real_time_price,,valley,434.53804779052734
2026-03-01 00:45:00,real_time_price,,valley,404.3390736579895
2026-03-01 01:00:00,real_time_price,,valley,404.27263832092285
2026-03-01 01:15:00,real_time_price,,valley,382.06677532196045
2026-03-01 01:30:00,real_time_price,,valley,371.9509358406067
2026-03-01 01:45:00,real_time_price,,valley,362.3054428100586
2026-03-01 02:00:00,real_time_price,,valley,358.4347176551819
2026-03-01 02:15:00,real_time_price,,valley,356.201021194458
2026-03-01 02:30:00,real_time_price,,valley,356.7830882072449
2026-03-01 02:45:00,real_time_price,,valley,354.8799533843994
2026-03-01 03:00:00,real_time_price,,valley,349.5180172920227
2026-03-01 03:15:00,real_time_price,,valley,347.4984564781189
2026-03-01 03:30:00,real_time_price,,valley,344.6221833229065
2026-03-01 03:45:00,real_time_price,,valley,343.69668674468994
2026-03-01 04:00:00,real_time_price,,valley,341.08463191986084
2026-03-01 04:15:00,real_time_price,,valley,338.8977093696594
2026-03-01 04:30:00,real_time_price,,valley,327.291588306427
2026-03-01 04:45:00,real_time_price,,valley,323.02810287475586
2026-03-01 05:00:00,real_time_price,,valley,321.2398371696472
2026-03-01 05:15:00,real_time_price,,valley,318.4882779121399
2026-03-01 05:30:00,real_time_price,,valley,313.64519357681274
2026-03-01 05:45:00,real_time_price,,valley,319.6697835922241
2026-03-01 06:00:00,real_time_price,,valley,324.5986590385437
2026-03-01 06:15:00,real_time_price,,valley,323.48718070983887
2026-03-01 06:30:00,real_time_price,,valley,332.0792055130005
2026-03-01 06:45:00,real_time_price,,valley,338.76498556137085
2026-03-01 07:00:00,real_time_price,,valley,336.55586099624634
2026-03-01 07:15:00,real_time_price,,valley,312.33415126800537
2026-03-01 07:30:00,real_time_price,,valley,320.8654947280884
2026-03-01 07:45:00,real_time_price,,valley,321.6995539665222
2026-03-01 08:00:00,real_time_price,,flat,323.6691007614136
2026-03-01 08:15:00,real_time_price,,flat,321.0998911857605
2026-03-01 08:30:00,real_time_price,,flat,336.5515308380127
2026-03-01 08:45:00,real_time_price,,flat,332.5032458305359
2026-03-01 09:00:00,real_time_price,,flat,329.5901837348938
2026-03-01 09:15:00,real_time_price,,flat,325.9142608642578
2026-03-01 09:30:00,real_time_price,,flat,330.6338520050049
2026-03-01 09:45:00,real_time_price,,flat,331.14474511146545
2026-03-01 10:00:00,real_time_price,,peak,331.83864736557007
2026-03-01 10:15:00,real_time_price,,peak,317.4685904979706
2026-03-01 10:30:00,real_time_price,,peak,293.2935016155243
2026-03-01 10:45:00,real_time_price,,peak,261.71866631507874
2026-03-01 11:00:00,real_time_price,,peak,267.56113958358765
2026-03-01 11:15:00,real_time_price,,peak,249.44215393066406
2026-03-01 11:30:00,real_time_price,,peak,260.9161567687988
2026-03-01 11:45:00,real_time_price,,peak,220.35769248008728
2026-03-01 12:00:00,real_time_price,,flat,223.99368953704834
2026-03-01 12:15:00,real_time_price,,flat,134.95690846443176
2026-03-01 12:30:00,real_time_price,,flat,225.45162391662598
2026-03-01 12:45:00,real_time_price,,flat,193.90665102005005
2026-03-01 13:00:00,real_time_price,,flat,195.76881623268127
2026-03-01 13:15:00,real_time_price,,flat,203.9706654548645
2026-03-01 13:30:00,real_time_price,,flat,209.13910245895386
2026-03-01 13:45:00,real_time_price,,flat,232.4272665977478
2026-03-01 14:00:00,real_time_price,,peak,227.62066841125488
2026-03-01 14:15:00,real_time_price,,peak,222.3605523109436
2026-03-01 14:30:00,real_time_price,,peak,226.00537204742432
2026-03-01 14:45:00,real_time_price,,peak,228.83549642562866
2026-03-01 15:00:00,real_time_price,,peak,238.88425254821777
2026-03-01 15:15:00,real_time_price,,peak,231.19221019744873
2026-03-01 15:30:00,real_time_price,,peak,232.81412887573242
2026-03-01 15:45:00,real_time_price,,peak,243.6371726989746
2026-03-01 16:00:00,real_time_price,,peak,252.3788080215454
2026-03-01 16:15:00,real_time_price,,peak,237.51922464370728
2026-03-01 16:30:00,real_time_price,,peak,252.64982509613037
2026-03-01 16:45:00,real_time_price,,peak,263.82657289505005
2026-03-01 17:00:00,real_time_price,,peak,277.4908404350281
2026-03-01 17:15:00,real_time_price,,peak,290.9162118434906
2026-03-01 17:30:00,real_time_price,,peak,313.20155787467957
2026-03-01 17:45:00,real_time_price,,peak,321.2319509983063
2026-03-01 18:00:00,real_time_price,,peak,322.98513174057007
2026-03-01 18:15:00,real_time_price,,peak,316.40077924728394
2026-03-01 18:30:00,real_time_price,,peak,334.09117460250854
2026-03-01 18:45:00,real_time_price,,peak,341.7900505065918
2026-03-01 19:00:00,real_time_price,,flat,336.15702843666077
2026-03-01 19:15:00,real_time_price,,flat,333.203245639801
2026-03-01 19:30:00,real_time_price,,flat,358.4121198654175
2026-03-01 19:45:00,real_time_price,,flat,354.1764602661133
2026-03-01 20:00:00,real_time_price,,flat,349.8416495323181
2026-03-01 20:15:00,real_time_price,,flat,343.17733573913574
2026-03-01 20:30:00,real_time_price,,flat,356.8744659423828
2026-03-01 20:45:00,real_time_price,,flat,365.2326126098633
2026-03-01 21:00:00,real_time_price,,flat,361.34450817108154
2026-03-01 21:15:00,real_time_price,,flat,358.1172728538513
2026-03-01 21:30:00,real_time_price,,flat,365.8576707839966
2026-03-01 21:45:00,real_time_price,,flat,360.11442613601685
2026-03-01 22:00:00,real_time_price,,flat,357.1244168281555
2026-03-01 22:15:00,real_time_price,,flat,356.6721589565277
2026-03-01 22:30:00,real_time_price,,flat,350.47427105903625
2026-03-01 22:45:00,real_time_price,,flat,336.27964639663696
2026-03-01 23:00:00,real_time_price,,flat,329.12450766563416
2026-03-01 23:15:00,real_time_price,,flat,317.0454182624817
2026-03-01 23:30:00,real_time_price,,flat,314.1872367858887
2026-03-01 23:45:00,real_time_price,,flat,307.05672812461853
2026-03-02 00:00:00,real_time_price,,valley,297.75221037864685
