times,target,actual,segment,prediction
2026-01-01 00:15:00,real_time_price,290.1,valley,210.08733367919922
2026-01-01 00:30:00,real_time_price,323.1,valley,267.38885593414307
2026-01-01 00:45:00,real_time_price,247.87,valley,291.14451599121094
2026-01-01 01:00:00,real_time_price,263.99,valley,259.3046245574951
2026-01-01 01:15:00,real_time_price,247.01,valley,254.4594326019287
2026-01-01 01:30:00,real_time_price,190.55,valley,245.63532638549805
2026-01-01 01:45:00,real_time_price,222.92,valley,207.07586288452148
2026-01-01 02:00:00,real_time_price,227.75,valley,222.48238372802734
2026-01-01 02:15:00,real_time_price,240.0,valley,240.07339477539062
2026-01-01 02:30:00,real_time_price,250.0,valley,238.26725387573242
2026-01-01 02:45:00,real_time_price,150.0,valley,238.75525665283203
2026-01-01 03:00:00,real_time_price,150.38,valley,201.79066467285156
2026-01-01 03:15:00,real_time_price,196.0,valley,195.2166290283203
2026-01-01 03:30:00,real_time_price,206.69,valley,188.96578979492188
2026-01-01 03:45:00,real_time_price,213.29,valley,210.28266143798828
2026-01-01 04:00:00,real_time_price,205.06,valley,213.5174674987793
2026-01-01 04:15:00,real_time_price,200.41,valley,217.0088005065918
2026-01-01 04:30:00,real_time_price,200.0,valley,201.0861358642578
2026-01-01 04:45:00,real_time_price,191.42,valley,198.66233444213867
2026-01-01 05:00:00,real_time_price,150.3,valley,196.75139617919922
2026-01-01 05:15:00,real_time_price,121.24,valley,175.0989761352539
2026-01-01 05:30:00,real_time_price,200.0,valley,166.4593505859375
2026-01-01 05:45:00,real_time_price,0.0,valley,201.40681838989258
2026-01-01 06:00:00,real_time_price,188.46,valley,147.8846664428711
2026-01-01 06:15:00,real_time_price,10.29,valley,190.7458724975586
2026-01-01 06:30:00,real_time_price,150.15,valley,126.82704162597656
2026-01-01 06:45:00,real_time_price,-42.84,valley,140.10545349121094
2026-01-01 07:00:00,real_time_price,-0.81,valley,75.48570251464844
2026-01-01 07:15:00,real_time_price,0.0,valley,36.35919189453125
2026-01-01 07:30:00,real_time_price,0.0,valley,33.45542907714844
2026-01-01 07:45:00,real_time_price,0.0,valley,98.22994995117188
2026-01-01 08:00:00,real_time_price,-45.0,flat,-15.922607421875
2026-01-01 08:15:00,real_time_price,-50.0,flat,-82.79449462890625
2026-01-01 08:30:00,real_time_price,-50.0,flat,-41.64813232421875
2026-01-01 08:45:00,real_time_price,-50.0,flat,-53.087249755859375
2026-01-01 09:00:00,real_time_price,-50.0,flat,-45.646697998046875
2026-01-01 09:15:00,real_time_price,-44.04,flat,-83.34762573242188
2026-01-01 09:30:00,real_time_price,-45.27,flat,-16.457305908203125
2026-01-01 09:45:00,real_time_price,-44.14,flat,-19.932952880859375
2026-01-01 10:00:00,real_time_price,-44.14,peak,-24.559051513671875
2026-01-01 10:15:00,real_time_price,-50.0,peak,-46.9013671875
2026-01-01 10:30:00,real_time_price,-50.0,peak,-59.48382568359375
2026-01-01 10:45:00,real_time_price,-50.0,peak,-63.31834411621094
2026-01-01 11:00:00,real_time_price,-39.72,peak,-62.352935791015625
2026-01-01 11:15:00,real_time_price,-50.0,peak,-60.113250732421875
2026-01-01 11:30:00,real_time_price,-49.46,peak,-17.605224609375
2026-01-01 11:45:00,real_time_price,-37.91,peak,-41.41685485839844
2026-01-01 12:00:00,real_time_price,-41.97,flat,-50.21620178222656
2026-01-01 12:15:00,real_time_price,-42.81,flat,-119.55874633789062
2026-01-01 12:30:00,real_time_price,-39.76,flat,-79.97726440429688
2026-01-01 12:45:00,real_time_price,142.48,flat,-100.02146911621094
2026-01-01 13:00:00,real_time_price,-0.12,flat,1.117706298828125
2026-01-01 13:15:00,real_time_price,-50.0,flat,-43.03355407714844
2026-01-01 13:30:00,real_time_price,-40.49,flat,-23.31573486328125
2026-01-01 13:45:00,real_time_price,12.12,flat,35.56446838378906
2026-01-01 14:00:00,real_time_price,-18.47,peak,37.82743835449219
2026-01-01 14:15:00,real_time_price,-38.96,peak,-37.92120361328125
2026-01-01 14:30:00,real_time_price,-38.38,peak,-85.37089538574219
2026-01-01 14:45:00,real_time_price,-38.76,peak,-61.07249450683594
2026-01-01 15:00:00,real_time_price,-38.56,peak,-72.83184814453125
2026-01-01 15:15:00,real_time_price,-39.76,peak,-63.00825500488281
2026-01-01 15:30:00,real_time_price,-38.94,peak,-21.991653442382812
2026-01-01 15:45:00,real_time_price,-41.64,peak,66.92752075195312
2026-01-01 16:00:00,real_time_price,9.93,peak,54.07154846191406
2026-01-01 16:15:00,real_time_price,-40.42,peak,91.26240539550781
2026-01-01 16:30:00,real_time_price,-42.06,peak,42.98353576660156
2026-01-01 16:45:00,real_time_price,9.56,peak,39.87480163574219
2026-01-01 17:00:00,real_time_price,274.47,peak,46.46490478515625
2026-01-01 17:15:00,real_time_price,182.35,peak,232.10826110839844
2026-01-01 17:30:00,real_time_price,204.98,peak,237.60336303710938
2026-01-01 17:45:00,real_time_price,242.21,peak,210.66541290283203
2026-01-01 18:00:00,real_time_price,241.3,peak,238.77458953857422
2026-01-01 18:15:00,real_time_price,250.1,peak,252.0822982788086
2026-01-01 18:30:00,real_time_price,257.41,peak,297.82100105285645
2026-01-01 18:45:00,real_time_price,256.0,peak,309.8919496536255
2026-01-01 19:00:00,real_time_price,205.53,flat,245.94896697998047
2026-01-01 19:15:00,real_time_price,100.65,flat,224.48403930664062
2026-01-01 19:30:00,real_time_price,210.36,flat,151.0391082763672
2026-01-01 19:45:00,real_time_price,191.66,flat,183.85446166992188
2026-01-01 20:00:00,real_time_price,262.14,flat,205.48082733154297
2026-01-01 20:15:00,real_time_price,253.9,flat,222.51934814453125
2026-01-01 20:30:00,real_time_price,249.39,flat,254.75901412963867
2026-01-01 20:45:00,real_time_price,251.35,flat,251.7364616394043
2026-01-01 21:00:00,real_time_price,251.9,flat,248.52631759643555
2026-01-01 21:15:00,real_time_price,269.39,flat,239.8586196899414
2026-01-01 21:30:00,real_time_price,262.73,flat,265.25175857543945
2026-01-01 21:45:00,real_time_price,159.25,flat,264.3834571838379
2026-01-01 22:00:00,real_time_price,254.25,flat,244.98896408081055
2026-01-01 22:15:00,real_time_price,250.65,flat,228.63680267333984
2026-01-01 22:30:00,real_time_price,248.99,flat,235.6047248840332
2026-01-01 22:45:00,real_time_price,241.5,flat,230.25335311889648
2026-01-01 23:00:00,real_time_price,266.22,flat,238.76874160766602
2026-01-01 23:15:00,real_time_price,253.59,flat,245.17560195922852
2026-01-01 23:30:00,real_time_price,239.24,flat,249.81132125854492
2026-01-01 23:45:00,real_time_price,246.63,flat,243.82863998413086
2026-01-02 00:00:00,real_time_price,245.23,valley,229.43310928344727
2026-01-02 00:15:00,real_time_price,322.15,valley,244.83187103271484
2026-01-02 00:30:00,real_time_price,461.38,valley,311.55000495910645
2026-01-02 00:45:00,real_time_price,332.99,valley,389.4301300048828
2026-01-02 01:00:00,real_time_price,276.14,valley,326.3361015319824
2026-01-02 01:15:00,real_time_price,275.84,valley,304.0485420227051
2026-01-02 01:30:00,real_time_price,277.0,valley,277.15436124801636
2026-01-02 01:45:00,real_time_price,264.44,valley,273.12026739120483
2026-01-02 02:00:00,real_time_price,266.41,valley,267.9561243057251
2026-01-02 02:15:00,real_time_price,265.53,valley,271.0985507965088
2026-01-02 02:30:00,real_time_price,267.96,valley,271.4527540206909
2026-01-02 02:45:00,real_time_price,246.49,valley,265.82450580596924
2026-01-02 03:00:00,real_time_price,157.41,valley,255.2596035003662
2026-01-02 03:15:00,real_time_price,43.25,valley,215.1021385192871
2026-01-02 03:30:00,real_time_price,43.25,valley,158.92405700683594
2026-01-02 03:45:00,real_time_price,43.25,valley,101.36801147460938
2026-01-02 04:00:00,real_time_price,43.25,valley,55.266021728515625
2026-01-02 04:15:00,real_time_price,17.49,valley,46.6480712890625
2026-01-02 04:30:00,real_time_price,17.49,valley,31.951995849609375
2026-01-02 04:45:00,real_time_price,43.25,valley,38.77734375
2026-01-02 05:00:00,real_time_price,10.0,valley,50.85467529296875
2026-01-02 05:15:00,real_time_price,102.0,valley,28.694992065429688
2026-01-02 05:30:00,real_time_price,43.25,valley,69.38430786132812
2026-01-02 05:45:00,real_time_price,43.25,valley,69.15573120117188
2026-01-02 06:00:00,real_time_price,43.25,valley,59.88105773925781
2026-01-02 06:15:00,real_time_price,43.25,valley,63.643951416015625
2026-01-02 06:30:00,real_time_price,208.24,valley,53.91954040527344
2026-01-02 06:45:00,real_time_price,250.34,valley,117.91693115234375
2026-01-02 07:00:00,real_time_price,43.25,valley,124.72157287597656
2026-01-02 07:15:00,real_time_price,253.28,valley,146.97125244140625
2026-01-02 07:30:00,real_time_price,276.66,valley,265.4028797149658
2026-01-02 07:45:00,real_time_price,179.16,valley,267.3022003173828
2026-01-02 08:00:00,real_time_price,425.47,flat,201.3838882446289
2026-01-02 08:15:00,real_time_price,388.72,flat,288.65227127075195
2026-01-02 08:30:00,real_time_price,341.99,flat,421.7973403930664
2026-01-02 08:45:00,real_time_price,249.01,flat,339.9414863586426
2026-01-02 09:00:00,real_time_price,303.29,flat,268.42092514038086
2026-01-02 09:15:00,real_time_price,280.06,flat,279.9049606323242
2026-01-02 09:30:00,real_time_price,174.17,flat,251.622802734375
2026-01-02 09:45:00,real_time_price,255.01,flat,254.6042251586914
2026-01-02 10:00:00,real_time_price,252.39,peak,211.2363052368164
2026-01-02 10:15:00,real_time_price,70.74,peak,241.78408813476562
2026-01-02 10:30:00,real_time_price,188.29,peak,139.3826675415039
2026-01-02 10:45:00,real_time_price,178.19,peak,157.2428207397461
2026-01-02 11:00:00,real_time_price,-48.64,peak,154.22449493408203
2026-01-02 11:15:00,real_time_price,0.19,peak,66.97210693359375
2026-01-02 11:30:00,real_time_price,20.41,peak,20.046554565429688
2026-01-02 11:45:00,real_time_price,-48.66,peak,47.641815185546875
2026-01-02 12:00:00,real_time_price,0.77,flat,-54.86952209472656
2026-01-02 12:15:00,real_time_price,-49.71,flat,-90.60023498535156
2026-01-02 12:30:00,real_time_price,-48.95,flat,-15.704841613769531
2026-01-02 12:45:00,real_time_price,-49.47,flat,-86.05351257324219
2026-01-02 13:00:00,real_time_price,-50.0,flat,-58.550689697265625
2026-01-02 13:15:00,real_time_price,-48.21,flat,-50.49560546875
2026-01-02 13:30:00,real_time_price,-47.86,flat,-5.852020263671875
2026-01-02 13:45:00,real_time_price,-28.86,flat,30.303436279296875
2026-01-02 14:00:00,real_time_price,-41.55,peak,10.177597045898438
2026-01-02 14:15:00,real_time_price,-40.01,peak,-29.371810913085938
2026-01-02 14:30:00,real_time_price,-50.0,peak,-71.73013305664062
2026-01-02 14:45:00,real_time_price,-45.63,peak,-75.36080932617188
2026-01-02 15:00:00,real_time_price,10.25,peak,-80.13143920898438
2026-01-02 15:15:00,real_time_price,-44.48,peak,-32.433135986328125
2026-01-02 15:30:00,real_time_price,10.75,peak,5.1465301513671875
2026-01-02 15:45:00,real_time_price,239.44,peak,112.48564147949219
2026-01-02 16:00:00,real_time_price,280.33,peak,210.56512451171875
2026-01-02 16:15:00,real_time_price,269.73,peak,261.4118986129761
2026-01-02 16:30:00,real_time_price,330.89,peak,286.2199274301529
2026-01-02 16:45:00,real_time_price,309.85,peak,300.03252029418945
2026-01-02 17:00:00,real_time_price,398.07,peak,358.00864601135254
2026-01-02 17:15:00,real_time_price,344.4,peak,366.1021270751953
2026-01-02 17:30:00,real_time_price,311.26,peak,373.72590255737305
2026-01-02 17:45:00,real_time_price,431.12,peak,340.68093967437744
2026-01-02 18:00:00,real_time_price,379.45,peak,436.58448028564453
2026-01-02 18:15:00,real_time_price,488.11,peak,391.70804595947266
2026-01-02 18:30:00,real_time_price,400.86,peak,605.3081817626953
2026-01-02 18:45:00,real_time_price,618.61,peak,423.7518882751465
2026-01-02 19:00:00,real_time_price,715.52,flat,566.9288482666016
2026-01-02 19:15:00,real_time_price,1168.84,flat,592.2867584228516
2026-01-02 19:30:00,real_time_price,658.69,flat,747.5446472167969
2026-01-02 19:45:00,real_time_price,1102.52,flat,603.4887390136719
2026-01-02 20:00:00,real_time_price,495.69,flat,647.8746032714844
2026-01-02 20:15:00,real_time_price,325.89,flat,446.94822692871094
2026-01-02 20:30:00,real_time_price,329.98,flat,370.8375606536865
2026-01-02 20:45:00,real_time_price,684.16,flat,396.55356216430664
2026-01-02 21:00:00,real_time_price,731.51,flat,428.49986267089844
2026-01-02 21:15:00,real_time_price,370.58,flat,407.4010467529297
2026-01-02 21:30:00,real_time_price,351.95,flat,406.7452621459961
2026-01-02 21:45:00,real_time_price,335.25,flat,367.4621887207031
2026-01-02 22:00:00,real_time_price,531.7,flat,315.8054132461548
2026-01-02 22:15:00,real_time_price,667.08,flat,377.40543365478516
2026-01-02 22:30:00,real_time_price,292.27,flat,397.8135223388672
2026-01-02 22:45:00,real_time_price,485.39,flat,345.1630401611328
2026-01-02 23:00:00,real_time_price,452.69,flat,387.9320297241211
2026-01-02 23:15:00,real_time_price,342.44,flat,367.53177642822266
2026-01-02 23:30:00,real_time_price,284.93,flat,343.77206802368164
2026-01-02 23:45:00,real_time_price,291.56,flat,293.38450622558594
2026-01-03 00:00:00,real_time_price,267.11,valley,299.59533882141113
2026-01-03 00:15:00,real_time_price,314.75,valley,289.3466968536377
2026-01-03 00:30:00,real_time_price,291.8,valley,480.54978942871094
2026-01-03 00:45:00,real_time_price,297.24,valley,355.31447982788086
2026-01-03 01:00:00,real_time_price,260.98,valley,301.4815697669983
2026-01-03 01:15:00,real_time_price,323.14,valley,285.35409355163574
2026-01-03 01:30:00,real_time_price,285.75,valley,284.97841453552246
2026-01-03 01:45:00,real_time_price,252.82,valley,289.5202944278717
2026-01-03 02:00:00,real_time_price,410.22,valley,305.0210256576538
2026-01-03 02:15:00,real_time_price,392.69,valley,476.96607971191406
2026-01-03 02:30:00,real_time_price,390.65,valley,463.28260803222656
2026-01-03 02:45:00,real_time_price,374.34,valley,403.7881393432617
2026-01-03 03:00:00,real_time_price,342.84,valley,383.9530029296875
2026-01-03 03:15:00,real_time_price,327.27,valley,347.3880081176758
2026-01-03 03:30:00,real_time_price,338.18,valley,338.2250442504883
2026-01-03 03:45:00,real_time_price,302.07,valley,331.39653396606445
2026-01-03 04:00:00,real_time_price,326.26,valley,310.7511329650879
2026-01-03 04:15:00,real_time_price,311.05,valley,321.25649642944336
2026-01-03 04:30:00,real_time_price,305.12,valley,315.5208511352539
2026-01-03 04:45:00,real_time_price,312.06,valley,306.0531005859375
2026-01-03 05:00:00,real_time_price,303.61,valley,297.0434093475342
2026-01-03 05:15:00,real_time_price,310.15,valley,294.85976791381836
2026-01-03 05:30:00,real_time_price,301.45,valley,312.3527488708496
2026-01-03 05:45:00,real_time_price,353.31,valley,296.3354320526123
2026-01-03 06:00:00,real_time_price,326.18,valley,334.48141860961914
2026-01-03 06:15:00,real_time_price,328.29,valley,332.8292922973633
2026-01-03 06:30:00,real_time_price,359.75,valley,317.41239166259766
2026-01-03 06:45:00,real_time_price,402.13,valley,346.9028434753418
2026-01-03 07:00:00,real_time_price,433.47,valley,383.43016815185547
2026-01-03 07:15:00,real_time_price,424.73,valley,414.931884765625
2026-01-03 07:30:00,real_time_price,498.73,valley,426.0018997192383
2026-01-03 07:45:00,real_time_price,579.09,valley,502.2018585205078
2026-01-03 08:00:00,real_time_price,543.24,flat,519.3404235839844
2026-01-03 08:15:00,real_time_price,571.27,flat,549.2405700683594
2026-01-03 08:30:00,real_time_price,509.16,flat,518.8484649658203
2026-01-03 08:45:00,real_time_price,352.31,flat,508.58018493652344
2026-01-03 09:00:00,real_time_price,306.22,flat,379.77749252319336
2026-01-03 09:15:00,real_time_price,327.33,flat,322.03557109832764
2026-01-03 09:30:00,real_time_price,304.98,flat,336.65398597717285
2026-01-03 09:45:00,real_time_price,294.07,flat,296.83419489860535
2026-01-03 10:00:00,real_time_price,303.44,peak,257.41735458374023
2026-01-03 10:15:00,real_time_price,287.78,peak,191.47364807128906
2026-01-03 10:30:00,real_time_price,259.81,peak,266.02996253967285
2026-01-03 10:45:00,real_time_price,272.71,peak,245.23003482818604
2026-01-03 11:00:00,real_time_price,287.01,peak,195.47040939331055
2026-01-03 11:15:00,real_time_price,277.65,peak,261.0874559879303
2026-01-03 11:30:00,real_time_price,252.47,peak,278.99552154541016
2026-01-03 11:45:00,real_time_price,253.02,peak,229.3517870903015
2026-01-03 12:00:00,real_time_price,253.5,flat,208.32138657569885
2026-01-03 12:15:00,real_time_price,8.93,flat,101.14106345176697
2026-01-03 12:30:00,real_time_price,233.05,flat,91.41431045532227
2026-01-03 12:45:00,real_time_price,14.41,flat,166.07054901123047
2026-01-03 13:00:00,real_time_price,6.18,flat,59.67115783691406
2026-01-03 13:15:00,real_time_price,211.38,flat,23.386146545410156
2026-01-03 13:30:00,real_time_price,256.56,flat,195.30288314819336
2026-01-03 13:45:00,real_time_price,259.41,flat,322.33470153808594
2026-01-03 14:00:00,real_time_price,159.71,peak,322.2228775024414
2026-01-03 14:15:00,real_time_price,250.28,peak,217.0807762145996
2026-01-03 14:30:00,real_time_price,199.35,peak,177.28547286987305
2026-01-03 14:45:00,real_time_price,227.37,peak,185.8525161743164
2026-01-03 15:00:00,real_time_price,212.35,peak,200.4220733642578
2026-01-03 15:15:00,real_time_price,176.5,peak,197.2313232421875
2026-01-03 15:30:00,real_time_price,292.34,peak,255.3454246520996
2026-01-03 15:45:00,real_time_price,298.36,peak,292.15085220336914
2026-01-03 16:00:00,real_time_price,354.96,peak,341.43396759033203
2026-01-03 16:15:00,real_time_price,270.98,peak,366.67559814453125
2026-01-03 16:30:00,real_time_price,309.67,peak,348.4495315551758
2026-01-03 16:45:00,real_time_price,363.83,peak,318.23719692230225
2026-01-03 17:00:00,real_time_price,295.67,peak,378.0246124267578
2026-01-03 17:15:00,real_time_price,342.34,peak,352.2984437942505
2026-01-03 17:30:00,real_time_price,320.08,peak,376.37578201293945
2026-01-03 17:45:00,real_time_price,321.49,peak,355.8992244005203
2026-01-03 18:00:00,real_time_price,352.27,peak,345.45262718200684
2026-01-03 18:15:00,real_time_price,343.03,peak,362.8068628311157
2026-01-03 18:30:00,real_time_price,328.01,peak,389.49639892578125
2026-01-03 18:45:00,real_time_price,332.94,peak,369.2457003593445
2026-01-03 19:00:00,real_time_price,343.94,flat,326.8927230834961
2026-01-03 19:15:00,real_time_price,319.86,flat,340.461238861084
2026-01-03 19:30:00,real_time_price,368.3,flat,331.8210029602051
2026-01-03 19:45:00,real_time_price,401.93,flat,377.92814445495605
2026-01-03 20:00:00,real_time_price,361.3,flat,366.98867988586426
2026-01-03 20:15:00,real_time_price,359.74,flat,354.3442603945732
2026-01-03 20:30:00,real_time_price,340.68,flat,371.1061248779297
2026-01-03 20:45:00,real_time_price,419.53,flat,364.46934509277344
2026-01-03 21:00:00,real_time_price,428.78,flat,401.4231414794922
2026-01-03 21:15:00,real_time_price,371.13,flat,410.0439796447754
2026-01-03 21:30:00,real_time_price,359.9,flat,388.48233795166016
2026-01-03 21:45:00,real_time_price,327.72,flat,361.2545528411865
2026-01-03 22:00:00,real_time_price,311.02,flat,338.4757776260376
2026-01-03 22:15:00,real_time_price,315.94,flat,326.82727098464966
2026-01-03 22:30:00,real_time_price,278.21,flat,310.5582663565874
2026-01-03 22:45:00,real_time_price,65.24,flat,285.1641254425049
2026-01-03 23:00:00,real_time_price,266.02,flat,166.54725646972656
2026-01-03 23:15:00,real_time_price,256.44,flat,241.3292236328125
2026-01-03 23:30:00,real_time_price,249.42,flat,241.64026260375977
2026-01-03 23:45:00,real_time_price,218.79,flat,222.94386291503906
2026-01-04 00:00:00,real_time_price,249.09,valley,219.97251510620117
2026-01-04 00:15:00,real_time_price,275.92,valley,237.16051864624023
2026-01-04 00:30:00,real_time_price,358.74,valley,272.4953079223633
2026-01-04 00:45:00,real_time_price,273.83,valley,447.0139617919922
2026-01-04 01:00:00,real_time_price,267.12,valley,405.6160202026367
2026-01-04 01:15:00,real_time_price,416.85,valley,266.8618869781494
2026-01-04 01:30:00,real_time_price,395.39,valley,345.74748611450195
2026-01-04 01:45:00,real_time_price,333.2,valley,368.90362548828125
2026-01-04 02:00:00,real_time_price,307.98,valley,319.76636505126953
2026-01-04 02:15:00,real_time_price,295.09,valley,319.7940368652344
2026-01-04 02:30:00,real_time_price,281.41,valley,336.66719818115234
2026-01-04 02:45:00,real_time_price,291.69,valley,288.4501087665558
2026-01-04 03:00:00,real_time_price,281.33,valley,275.00435638427734
2026-01-04 03:15:00,real_time_price,283.56,valley,267.90804290771484
2026-01-04 03:30:00,real_time_price,277.04,valley,273.4418306350708
2026-01-04 03:45:00,real_time_price,288.05,valley,259.75907707214355
2026-01-04 04:00:00,real_time_price,288.54,valley,266.0015115737915
2026-01-04 04:15:00,real_time_price,265.45,valley,265.6176977157593
2026-01-04 04:30:00,real_time_price,303.74,valley,252.57056427001953
2026-01-04 04:45:00,real_time_price,280.07,valley,292.2232131958008
2026-01-04 05:00:00,real_time_price,280.23,valley,260.42786169052124
2026-01-04 05:15:00,real_time_price,296.02,valley,263.53248405456543
2026-01-04 05:30:00,real_time_price,276.93,valley,281.697283744812
2026-01-04 05:45:00,real_time_price,269.8,valley,296.0202236175537
2026-01-04 06:00:00,real_time_price,269.3,valley,279.4810085296631
2026-01-04 06:15:00,real_time_price,345.48,valley,271.35413551330566
2026-01-04 06:30:00,real_time_price,333.03,valley,359.4320755004883
2026-01-04 06:45:00,real_time_price,290.47,valley,343.95107650756836
2026-01-04 07:00:00,real_time_price,318.32,valley,316.7026596069336
2026-01-04 07:15:00,real_time_price,314.17,valley,304.12128806114197
2026-01-04 07:30:00,real_time_price,462.17,valley,302.47618567943573
2026-01-04 07:45:00,real_time_price,598.79,valley,493.42567443847656
2026-01-04 08:00:00,real_time_price,351.55,flat,475.83453369140625
2026-01-04 08:15:00,real_time_price,382.4,flat,452.95569610595703
2026-01-04 08:30:00,real_time_price,352.87,flat,420.52420806884766
2026-01-04 08:45:00,real_time_price,295.47,flat,361.736120223999
2026-01-04 09:00:00,real_time_price,359.18,flat,323.2021889165044
2026-01-04 09:15:00,real_time_price,342.11,flat,316.4325292110443
2026-01-04 09:30:00,real_time_price,303.35,flat,337.6955108642578
2026-01-04 09:45:00,real_time_price,290.39,flat,319.756685256958
2026-01-04 10:00:00,real_time_price,248.59,peak,274.4167833328247
2026-01-04 10:15:00,real_time_price,277.16,peak,237.7421112060547
2026-01-04 10:30:00,real_time_price,271.43,peak,254.2519645690918
2026-01-04 10:45:00,real_time_price,233.86,peak,256.7428493499756
2026-01-04 11:00:00,real_time_price,272.04,peak,261.2123546600342
2026-01-04 11:15:00,real_time_price,263.44,peak,266.9104461669922
2026-01-04 11:30:00,real_time_price,240.56,peak,265.94175720214844
2026-01-04 11:45:00,real_time_price,256.31,peak,218.941876411438
2026-01-04 12:00:00,real_time_price,253.65,flat,219.82755088806152
2026-01-04 12:15:00,real_time_price,0.03,flat,94.88958859443665
2026-01-04 12:30:00,real_time_price,5.47,flat,164.81806182861328
2026-01-04 12:45:00,real_time_price,162.98,flat,73.73571014404297
2026-01-04 13:00:00,real_time_price,104.19,flat,113.00163316726685
2026-01-04 13:15:00,real_time_price,8.05,flat,106.09670066833496
2026-01-04 13:30:00,real_time_price,158.41,flat,111.13507270812988
2026-01-04 13:45:00,real_time_price,200.79,flat,200.74884939193726
2026-01-04 14:00:00,real_time_price,236.36,peak,209.08485293388367
2026-01-04 14:15:00,real_time_price,42.36,peak,177.62630891799927
2026-01-04 14:30:00,real_time_price,62.04,peak,156.3692593574524
2026-01-04 14:45:00,real_time_price,87.46,peak,118.44604873657227
2026-01-04 15:00:00,real_time_price,240.75,peak,83.42052841186523
2026-01-04 15:15:00,real_time_price,252.94,peak,131.04914140701294
2026-01-04 15:30:00,real_time_price,241.84,peak,327.99830627441406
2026-01-04 15:45:00,real_time_price,266.44,peak,285.85479736328125
2026-01-04 16:00:00,real_time_price,274.75,peak,309.734130859375
2026-01-04 16:15:00,real_time_price,285.46,peak,303.9713764190674
2026-01-04 16:30:00,real_time_price,292.59,peak,318.3083019256592
2026-01-04 16:45:00,real_time_price,405.86,peak,316.1639518737793
2026-01-04 17:00:00,real_time_price,304.6,peak,398.18343353271484
2026-01-04 17:15:00,real_time_price,302.53,peak,341.589759349823
2026-01-04 17:30:00,real_time_price,792.24,peak,346.3321990966797
2026-01-04 17:45:00,real_time_price,405.58,peak,490.8370056152344
2026-01-04 18:00:00,real_time_price,425.33,peak,492.6071472167969
2026-01-04 18:15:00,real_time_price,414.5,peak,463.1958694458008
2026-01-04 18:30:00,real_time_price,411.4,peak,448.3252182006836
2026-01-04 18:45:00,real_time_price,322.59,peak,407.2328109741211
2026-01-04 19:00:00,real_time_price,406.54,flat,376.05999755859375
2026-01-04 19:15:00,real_time_price,372.61,flat,423.33848571777344
2026-01-04 19:30:00,real_time_price,498.1,flat,381.0092487335205
2026-01-04 19:45:00,real_time_price,432.05,flat,486.4910888671875
2026-01-04 20:00:00,real_time_price,394.42,flat,408.6413116455078
2026-01-04 20:15:00,real_time_price,409.2,flat,403.1050453186035
2026-01-04 20:30:00,real_time_price,405.38,flat,435.4625015258789
2026-01-04 20:45:00,real_time_price,353.68,flat,406.5119209289551
2026-01-04 21:00:00,real_time_price,374.45,flat,396.05566024780273
2026-01-04 21:15:00,real_time_price,367.98,flat,360.5210952758789
2026-01-04 21:30:00,real_time_price,434.45,flat,355.5118942260742
2026-01-04 21:45:00,real_time_price,437.38,flat,380.41296005249023
2026-01-04 22:00:00,real_time_price,322.62,flat,406.2533721923828
2026-01-04 22:15:00,real_time_price,330.55,flat,345.63133239746094
2026-01-04 22:30:00,real_time_price,298.97,flat,323.7062873840332
2026-01-04 22:45:00,real_time_price,328.02,flat,310.80856132507324
2026-01-04 23:00:00,real_time_price,308.58,flat,306.19968700408936
2026-01-04 23:15:00,real_time_price,310.43,flat,293.9988832473755
2026-01-04 23:30:00,real_time_price,312.54,flat,299.7652006149292
2026-01-04 23:45:00,real_time_price,307.15,flat,293.6689262390137
2026-01-05 00:00:00,real_time_price,282.91,valley,291.7676753997803
2026-01-05 00:15:00,real_time_price,293.94,valley,286.26014041900635
2026-01-05 00:30:00,real_time_price,1000.39,valley,334.48163986206055
2026-01-05 00:45:00,real_time_price,337.69,valley,607.5794982910156
2026-01-05 01:00:00,real_time_price,320.34,valley,318.8460578918457
2026-01-05 01:15:00,real_time_price,310.28,valley,363.10314178466797
2026-01-05 01:30:00,real_time_price,307.09,valley,408.4001007080078
2026-01-05 01:45:00,real_time_price,296.03,valley,303.7428340911865
2026-01-05 02:00:00,real_time_price,291.46,valley,303.2671928405762
2026-01-05 02:15:00,real_time_price,285.42,valley,304.0113048553467
2026-01-05 02:30:00,real_time_price,280.19,valley,293.77135944366455
2026-01-05 02:45:00,real_time_price,285.33,valley,290.5505313873291
2026-01-05 03:00:00,real_time_price,278.07,valley,286.80415987968445
2026-01-05 03:15:00,real_time_price,278.27,valley,276.84192657470703
2026-01-05 03:30:00,real_time_price,279.0,valley,275.0071294307709
2026-01-05 03:45:00,real_time_price,275.1,valley,277.80087488889694
2026-01-05 04:00:00,real_time_price,275.93,valley,274.9483771920204
2026-01-05 04:15:00,real_time_price,276.12,valley,276.55000126361847
2026-01-05 04:30:00,real_time_price,275.18,valley,267.57441997528076
2026-01-05 04:45:00,real_time_price,275.39,valley,266.37233877182007
2026-01-05 05:00:00,real_time_price,276.1,valley,265.06927037239075
2026-01-05 05:15:00,real_time_price,272.03,valley,265.45371997356415
2026-01-05 05:30:00,real_time_price,270.51,valley,267.68499636650085
2026-01-05 05:45:00,real_time_price,271.24,valley,270.870418548584
2026-01-05 06:00:00,real_time_price,272.89,valley,276.43596744537354
2026-01-05 06:15:00,real_time_price,275.04,valley,301.81191635131836
2026-01-05 06:30:00,real_time_price,288.37,valley,287.93142318725586
2026-01-05 06:45:00,real_time_price,297.92,valley,300.5284061431885
2026-01-05 07:00:00,real_time_price,278.33,valley,305.07155990600586
2026-01-05 07:15:00,real_time_price,296.51,valley,296.4154091626406
2026-01-05 07:30:00,real_time_price,305.31,valley,297.72082374989986
2026-01-05 07:45:00,real_time_price,303.1,valley,296.5241508483887
2026-01-05 08:00:00,real_time_price,325.84,flat,295.72014141082764
2026-01-05 08:15:00,real_time_price,426.75,flat,328.1427173614502
2026-01-05 08:30:00,real_time_price,314.82,flat,409.35416412353516
2026-01-05 08:45:00,real_time_price,371.56,flat,364.11816787719727
2026-01-05 09:00:00,real_time_price,412.26,flat,347.83536529541016
2026-01-05 09:15:00,real_time_price,366.13,flat,375.61937713623047
2026-01-05 09:30:00,real_time_price,355.73,flat,361.5096321105957
2026-01-05 09:45:00,real_time_price,360.66,flat,344.5125846862793
2026-01-05 10:00:00,real_time_price,316.92,peak,358.00106048583984
2026-01-05 10:15:00,real_time_price,288.79,peak,298.52095222473145
2026-01-05 10:30:00,real_time_price,292.06,peak,276.0035238265991
2026-01-05 10:45:00,real_time_price,288.64,peak,286.8799076080322
2026-01-05 11:00:00,real_time_price,288.59,peak,285.5564270019531
2026-01-05 11:15:00,real_time_price,296.2,peak,287.6411323547363
2026-01-05 11:30:00,real_time_price,280.23,peak,290.48735427856445
2026-01-05 11:45:00,real_time_price,311.46,peak,241.70424270629883
2026-01-05 12:00:00,real_time_price,136.4,flat,252.54534149169922
2026-01-05 12:15:00,real_time_price,268.53,flat,70.95689392089844
2026-01-05 12:30:00,real_time_price,283.8,flat,151.8699550628662
2026-01-05 12:45:00,real_time_price,188.07,flat,247.0898666381836
2026-01-05 13:00:00,real_time_price,273.5,flat,178.68015670776367
2026-01-05 13:15:00,real_time_price,209.44,flat,206.43672943115234
2026-01-05 13:30:00,real_time_price,161.14,flat,234.5897674560547
2026-01-05 13:45:00,real_time_price,281.76,flat,260.19171142578125
2026-01-05 14:00:00,real_time_price,292.52,peak,308.3878707885742
2026-01-05 14:15:00,real_time_price,113.93,peak,230.065673828125
2026-01-05 14:30:00,real_time_price,190.3,peak,145.74860000610352
2026-01-05 14:45:00,real_time_price,283.4,peak,174.58541107177734
2026-01-05 15:00:00,real_time_price,283.48,peak,229.64833068847656
2026-01-05 15:15:00,real_time_price,281.16,peak,273.46946716308594
2026-01-05 15:30:00,real_time_price,289.36,peak,333.6768341064453
2026-01-05 15:45:00,real_time_price,284.64,peak,369.01499938964844
2026-01-05 16:00:00,real_time_price,287.31,peak,341.0876922607422
2026-01-05 16:15:00,real_time_price,295.06,peak,293.18110275268555
2026-01-05 16:30:00,real_time_price,312.59,peak,312.2170467376709
2026-01-05 16:45:00,real_time_price,342.31,peak,323.7956237792969
2026-01-05 17:00:00,real_time_price,323.03,peak,363.37325286865234
2026-01-05 17:15:00,real_time_price,401.17,peak,335.1968755722046
2026-01-05 17:30:00,real_time_price,375.96,peak,408.98177337646484
2026-01-05 17:45:00,real_time_price,310.33,peak,385.8542900085449
2026-01-05 18:00:00,real_time_price,401.05,peak,336.1259136199951
2026-01-05 18:15:00,real_time_price,398.22,peak,395.2857666015625
2026-01-05 18:30:00,real_time_price,316.87,peak,417.4196548461914
2026-01-05 18:45:00,real_time_price,408.39,peak,351.4967288970947
2026-01-05 19:00:00,real_time_price,310.34,flat,384.49911975860596
2026-01-05 19:15:00,real_time_price,373.01,flat,323.8106880187988
2026-01-05 19:30:00,real_time_price,359.43,flat,363.7049524784088
2026-01-05 19:45:00,real_time_price,320.45,flat,351.37922489643097
2026-01-05 20:00:00,real_time_price,401.65,flat,324.97358894348145
2026-01-05 20:15:00,real_time_price,386.19,flat,362.69200325012207
2026-01-05 20:30:00,real_time_price,320.91,flat,385.6180229187012
2026-01-05 20:45:00,real_time_price,323.54,flat,368.01623916625977
2026-01-05 21:00:00,real_time_price,319.84,flat,330.1069221496582
2026-01-05 21:15:00,real_time_price,310.42,flat,319.40893745422363
2026-01-05 21:30:00,real_time_price,310.41,flat,308.6307067871094
2026-01-05 21:45:00,real_time_price,311.26,flat,302.40205574035645
2026-01-05 22:00:00,real_time_price,314.94,flat,296.09193992614746
2026-01-05 22:15:00,real_time_price,320.51,flat,303.7579069137573
2026-01-05 22:30:00,real_time_price,296.5,flat,308.98853278160095
2026-01-05 22:45:00,real_time_price,313.79,flat,292.15129709243774
2026-01-05 23:00:00,real_time_price,290.05,flat,298.7739007472992
2026-01-05 23:15:00,real_time_price,280.3,flat,284.89887046813965
2026-01-05 23:30:00,real_time_price,277.09,flat,280.4756031036377
2026-01-05 23:45:00,real_time_price,281.49,flat,264.30355167388916
2026-01-06 00:00:00,real_time_price,274.99,valley,270.235542088747
2026-01-06 00:15:00,real_time_price,281.91,valley,275.8518967628479
2026-01-06 00:30:00,real_time_price,252.05,valley,297.510324716568
2026-01-06 00:45:00,real_time_price,287.58,valley,302.7682913541794
2026-01-06 01:00:00,real_time_price,257.61,valley,279.46495246887207
2026-01-06 01:15:00,real_time_price,307.38,valley,284.9623212814331
2026-01-06 01:30:00,real_time_price,287.48,valley,294.65927839279175
2026-01-06 01:45:00,real_time_price,279.15,valley,281.53208351135254
2026-01-06 02:00:00,real_time_price,284.77,valley,277.0760316848755
2026-01-06 02:15:00,real_time_price,271.3,valley,287.6180762052536
2026-01-06 02:30:00,real_time_price,268.95,valley,273.31536865234375
2026-01-06 02:45:00,real_time_price,270.09,valley,271.11949729919434
2026-01-06 03:00:00,real_time_price,251.94,valley,267.6112461090088
2026-01-06 03:15:00,real_time_price,265.69,valley,260.851110458374
2026-01-06 03:30:00,real_time_price,259.05,valley,266.00132942199707
2026-01-06 03:45:00,real_time_price,244.75,valley,264.27393341064453
2026-01-06 04:00:00,real_time_price,255.55,valley,255.6030559539795
2026-01-06 04:15:00,real_time_price,258.63,valley,252.08843231201172
2026-01-06 04:30:00,real_time_price,244.94,valley,250.54296493530273
2026-01-06 04:45:00,real_time_price,219.94,valley,243.78608512878418
2026-01-06 05:00:00,real_time_price,247.94,valley,240.35739135742188
2026-01-06 05:15:00,real_time_price,166.32,valley,246.50394248962402
2026-01-06 05:30:00,real_time_price,247.94,valley,202.0925750732422
2026-01-06 05:45:00,real_time_price,250.05,valley,250.85475540161133
2026-01-06 06:00:00,real_time_price,253.13,valley,257.4257507324219
2026-01-06 06:15:00,real_time_price,260.04,valley,252.90019989013672
2026-01-06 06:30:00,real_time_price,270.87,valley,273.9079713821411
2026-01-06 06:45:00,real_time_price,273.54,valley,279.59115982055664
2026-01-06 07:00:00,real_time_price,272.59,valley,288.81750869750977
2026-01-06 07:15:00,real_time_price,278.79,valley,278.410701751709
2026-01-06 07:30:00,real_time_price,279.18,valley,279.4919948577881
2026-01-06 07:45:00,real_time_price,294.72,valley,274.8272933959961
2026-01-06 08:00:00,real_time_price,300.43,flat,296.6986255645752
2026-01-06 08:15:00,real_time_price,366.49,flat,314.8241024017334
2026-01-06 08:30:00,real_time_price,271.11,flat,364.4192657470703
2026-01-06 08:45:00,real_time_price,277.41,flat,317.00493240356445
2026-01-06 09:00:00,real_time_price,288.82,flat,286.6543273925781
2026-01-06 09:15:00,real_time_price,272.51,flat,279.51147079467773
2026-01-06 09:30:00,real_time_price,300.48,flat,264.78519439697266
2026-01-06 09:45:00,real_time_price,287.65,flat,276.23572731018066
2026-01-06 10:00:00,real_time_price,297.94,peak,274.2298650741577
2026-01-06 10:15:00,real_time_price,246.95,peak,276.8392493724823
2026-01-06 10:30:00,real_time_price,273.29,peak,257.8028841018677
2026-01-06 10:45:00,real_time_price,263.48,peak,252.40163254737854
2026-01-06 11:00:00,real_time_price,279.0,peak,261.13136100769043
2026-01-06 11:15:00,real_time_price,294.45,peak,276.04943084716797
2026-01-06 11:30:00,real_time_price,283.0,peak,287.13051986694336
2026-01-06 11:45:00,real_time_price,284.85,peak,247.1809959411621
2026-01-06 12:00:00,real_time_price,283.97,flat,236.32509231567383
2026-01-06 12:15:00,real_time_price,262.41,flat,95.41519045829773
2026-01-06 12:30:00,real_time_price,282.17,flat,219.1369400024414
2026-01-06 12:45:00,real_time_price,263.65,flat,241.87832641601562
2026-01-06 13:00:00,real_time_price,143.75,flat,205.64667510986328
2026-01-06 13:15:00,real_time_price,217.93,flat,168.0035858154297
2026-01-06 13:30:00,real_time_price,301.12,flat,226.5024871826172
2026-01-06 13:45:00,real_time_price,290.83,flat,323.17411041259766
2026-01-06 14:00:00,real_time_price,291.51,peak,359.8046112060547
2026-01-06 14:15:00,real_time_price,297.66,peak,277.8033752441406
2026-01-06 14:30:00,real_time_price,302.68,peak,275.453125
2026-01-06 14:45:00,real_time_price,262.39,peak,275.3675537109375
2026-01-06 15:00:00,real_time_price,265.33,peak,281.4762954711914
2026-01-06 15:15:00,real_time_price,347.74,peak,279.86022186279297
2026-01-06 15:30:00,real_time_price,298.43,peak,374.53314208984375
2026-01-06 15:45:00,real_time_price,321.92,peak,382.1102066040039
2026-01-06 16:00:00,real_time_price,283.33,peak,354.90982818603516
2026-01-06 16:15:00,real_time_price,295.35,peak,301.97529792785645
2026-01-06 16:30:00,real_time_price,280.83,peak,319.52985763549805
2026-01-06 16:45:00,real_time_price,287.4,peak,325.25671768188477
2026-01-06 17:00:00,real_time_price,300.91,peak,316.2954568862915
2026-01-06 17:15:00,real_time_price,300.7,peak,322.4612522125244
2026-01-06 17:30:00,real_time_price,321.6,peak,365.7931547164917
2026-01-06 17:45:00,real_time_price,316.28,peak,322.05903816223145
2026-01-06 18:00:00,real_time_price,344.48,peak,326.671422958374
2026-01-06 18:15:00,real_time_price,342.16,peak,339.5993309020996
2026-01-06 18:30:00,real_time_price,370.18,peak,354.3692579269409
2026-01-06 18:45:00,real_time_price,365.14,peak,385.06623458862305
2026-01-06 19:00:00,real_time_price,370.42,flat,380.04069328308105
2026-01-06 19:15:00,real_time_price,348.96,flat,353.9411931037903
2026-01-06 19:30:00,real_time_price,355.41,flat,366.82507848739624
2026-01-06 19:45:00,real_time_price,375.37,flat,349.42885744571686
2026-01-06 20:00:00,real_time_price,375.09,flat,351.83540892601013
2026-01-06 20:15:00,real_time_price,375.14,flat,372.10464096069336
2026-01-06 20:30:00,real_time_price,424.02,flat,386.40501594543457
2026-01-06 20:45:00,real_time_price,378.61,flat,415.095027923584
2026-01-06 21:00:00,real_time_price,438.92,flat,376.34048652648926
2026-01-06 21:15:00,real_time_price,381.03,flat,405.30714416503906
2026-01-06 21:30:00,real_time_price,432.65,flat,432.82176208496094
2026-01-06 21:45:00,real_time_price,461.21,flat,390.6185836791992
2026-01-06 22:00:00,real_time_price,446.5,flat,417.2207489013672
2026-01-06 22:15:00,real_time_price,357.28,flat,406.07727813720703
2026-01-06 22:30:00,real_time_price,307.91,flat,390.5989456176758
2026-01-06 22:45:00,real_time_price,303.02,flat,328.1665725708008
2026-01-06 23:00:00,real_time_price,298.26,flat,308.3181266784668
2026-01-06 23:15:00,real_time_price,284.89,flat,292.98831164836884
2026-01-06 23:30:00,real_time_price,282.75,flat,281.2033214569092
2026-01-06 23:45:00,real_time_price,273.34,flat,269.3815817832947
2026-01-07 00:00:00,real_time_price,270.13,valley,267.3362491130829
2026-01-07 00:15:00,real_time_price,265.1,valley,268.65766566991806
2026-01-07 00:30:00,real_time_price,289.24,valley,431.1448516845703
2026-01-07 00:45:00,real_time_price,286.61,valley,294.792875289917
2026-01-07 01:00:00,real_time_price,278.68,valley,275.3706398010254
2026-01-07 01:15:00,real_time_price,277.93,valley,282.86841201782227
2026-01-07 01:30:00,real_time_price,278.95,valley,269.9220428466797
2026-01-07 01:45:00,real_time_price,277.88,valley,277.8280782699585
2026-01-07 02:00:00,real_time_price,277.73,valley,278.77837562561035
2026-01-07 02:15:00,real_time_price,262.86,valley,279.4499740600586
2026-01-07 02:30:00,real_time_price,269.84,valley,269.2866744995117
2026-01-07 02:45:00,real_time_price,265.5,valley,262.8824119567871
2026-01-07 03:00:00,real_time_price,265.5,valley,261.0555953979492
2026-01-07 03:15:00,real_time_price,254.11,valley,257.5253105163574
2026-01-07 03:30:00,real_time_price,259.26,valley,256.20298194885254
2026-01-07 03:45:00,real_time_price,257.0,valley,252.49084663391113
2026-01-07 04:00:00,real_time_price,262.71,valley,254.96415901184082
2026-01-07 04:15:00,real_time_price,260.63,valley,257.5562057495117
2026-01-07 04:30:00,real_time_price,254.0,valley,251.67530822753906
2026-01-07 04:45:00,real_time_price,254.0,valley,245.603910446167
2026-01-07 05:00:00,real_time_price,252.0,valley,252.7502212524414
2026-01-07 05:15:00,real_time_price,252.0,valley,252.12593269348145
2026-01-07 05:30:00,real_time_price,252.0,valley,250.60210037231445
2026-01-07 05:45:00,real_time_price,258.54,valley,258.7930498123169
2026-01-07 06:00:00,real_time_price,254.0,valley,267.5636396408081
2026-01-07 06:15:00,real_time_price,269.61,valley,261.323486328125
2026-01-07 06:30:00,real_time_price,270.0,valley,278.6666851043701
2026-01-07 06:45:00,real_time_price,273.34,valley,285.87571907043457
2026-01-07 07:00:00,real_time_price,277.52,valley,285.884202003479
2026-01-07 07:15:00,real_time_price,278.96,valley,281.6434688568115
2026-01-07 07:30:00,real_time_price,285.54,valley,282.2320384979248
2026-01-07 07:45:00,real_time_price,290.64,valley,288.3250198364258
2026-01-07 08:00:00,real_time_price,290.68,flat,293.496244430542
2026-01-07 08:15:00,real_time_price,296.92,flat,309.99840354919434
2026-01-07 08:30:00,real_time_price,278.78,flat,326.1021738052368
2026-01-07 08:45:00,real_time_price,311.0,flat,297.4290199279785
2026-01-07 09:00:00,real_time_price,274.59,flat,282.9631767272949
2026-01-07 09:15:00,real_time_price,280.73,flat,279.5057792663574
2026-01-07 09:30:00,real_time_price,281.46,flat,269.546573638916
2026-01-07 09:45:00,real_time_price,316.86,flat,268.50391387939453
2026-01-07 10:00:00,real_time_price,285.75,peak,289.18697237968445
2026-01-07 10:15:00,real_time_price,316.9,peak,287.8045811653137
2026-01-07 10:30:00,real_time_price,187.65,peak,290.0758800506592
2026-01-07 10:45:00,real_time_price,285.66,peak,250.18591117858887
2026-01-07 11:00:00,real_time_price,288.19,peak,277.309024810791
2026-01-07 11:15:00,real_time_price,188.06,peak,290.69468116760254
2026-01-07 11:30:00,real_time_price,759.39,peak,210.4501724243164
2026-01-07 11:45:00,real_time_price,469.89,peak,399.2239685058594
2026-01-07 12:00:00,real_time_price,93.71,flat,368.5537872314453
2026-01-07 12:15:00,real_time_price,27.26,flat,82.06707000732422
2026-01-07 12:30:00,real_time_price,151.2,flat,127.1817078590393
2026-01-07 12:45:00,real_time_price,77.5,flat,105.49622917175293
2026-01-07 13:00:00,real_time_price,38.82,flat,85.28770065307617
2026-01-07 13:15:00,real_time_price,-9.43,flat,59.753631591796875
2026-01-07 13:30:00,real_time_price,118.95,flat,78.29598999023438
2026-01-07 13:45:00,real_time_price,321.13,flat,158.84486389160156
2026-01-07 14:00:00,real_time_price,278.96,peak,314.8116912841797
2026-01-07 14:15:00,real_time_price,305.49,peak,223.64186668395996
2026-01-07 14:30:00,real_time_price,317.86,peak,241.45103454589844
2026-01-07 14:45:00,real_time_price,293.61,peak,281.76790618896484
2026-01-07 15:00:00,real_time_price,316.52,peak,277.33675384521484
2026-01-07 15:15:00,real_time_price,646.3,peak,299.1151428222656
2026-01-07 15:30:00,real_time_price,320.79,peak,434.1765441894531
2026-01-07 15:45:00,real_time_price,312.53,peak,364.64659881591797
2026-01-07 16:00:00,real_time_price,397.67,peak,366.2859420776367
2026-01-07 16:15:00,real_time_price,335.41,peak,364.5118179321289
2026-01-07 16:30:00,real_time_price,426.15,peak,360.2759895324707
2026-01-07 16:45:00,real_time_price,482.62,peak,376.26953125
2026-01-07 17:00:00,real_time_price,554.05,peak,495.2471618652344
2026-01-07 17:15:00,real_time_price,327.96,peak,522.8515625
2026-01-07 17:30:00,real_time_price,601.67,peak,386.15719985961914
2026-01-07 17:45:00,real_time_price,560.21,peak,452.9590377807617
2026-01-07 18:00:00,real_time_price,654.97,peak,498.8318176269531
2026-01-07 18:15:00,real_time_price,859.32,peak,477.17188262939453
2026-01-07 18:30:00,real_time_price,830.51,peak,703.5779724121094
2026-01-07 18:45:00,real_time_price,908.45,peak,665.3265075683594
2026-01-07 19:00:00,real_time_price,823.71,flat,944.322509765625
2026-01-07 19:15:00,real_time_price,839.95,flat,663.76953125
2026-01-07 19:30:00,real_time_price,1304.99,flat,773.6759033203125
2026-01-07 19:45:00,real_time_price,1115.8,flat,841.0311889648438
2026-01-07 20:00:00,real_time_price,847.85,flat,865.0106811523438
2026-01-07 20:15:00,real_time_price,615.88,flat,721.1762390136719
2026-01-07 20:30:00,real_time_price,851.97,flat,737.2821044921875
2026-01-07 20:45:00,real_time_price,649.59,flat,710.4251708984375
2026-01-07 21:00:00,real_time_price,1170.66,flat,770.9230651855469
2026-01-07 21:15:00,real_time_price,765.54,flat,832.2474975585938
2026-01-07 21:30:00,real_time_price,588.07,flat,782.12060546875
2026-01-07 21:45:00,real_time_price,663.1,flat,628.9220581054688
2026-01-07 22:00:00,real_time_price,786.81,flat,600.7402954101562
2026-01-07 22:15:00,real_time_price,520.67,flat,554.9984436035156
2026-01-07 22:30:00,real_time_price,506.06,flat,523.6616058349609
2026-01-07 22:45:00,real_time_price,475.53,flat,494.0709686279297
2026-01-07 23:00:00,real_time_price,358.87,flat,469.2427062988281
2026-01-07 23:15:00,real_time_price,311.11,flat,347.63307189941406
2026-01-07 23:30:00,real_time_price,310.05,flat,335.5711555480957
2026-01-07 23:45:00,real_time_price,320.7,flat,302.3184413909912
2026-01-08 00:00:00,real_time_price,295.93,valley,288.9750032424927
2026-01-08 00:15:00,real_time_price,289.75,valley,330.6946134567261
2026-01-08 00:30:00,real_time_price,324.91,valley,412.1307563781738
2026-01-08 00:45:00,real_time_price,354.03,valley,346.8631157875061
2026-01-08 01:00:00,real_time_price,357.5,valley,332.16968536376953
2026-01-08 01:15:00,real_time_price,352.26,valley,335.44239616394043
2026-01-08 01:30:00,real_time_price,303.67,valley,336.4518747329712
2026-01-08 01:45:00,real_time_price,301.29,valley,330.60587787628174
2026-01-08 02:00:00,real_time_price,310.04,valley,311.53782844543457
2026-01-08 02:15:00,real_time_price,306.38,valley,310.7773857116699
2026-01-08 02:30:00,real_time_price,269.46,valley,289.91278076171875
2026-01-08 02:45:00,real_time_price,278.8,valley,277.4621925354004
2026-01-08 03:00:00,real_time_price,280.92,valley,283.3738441467285
2026-01-08 03:15:00,real_time_price,275.01,valley,279.02104568481445
2026-01-08 03:30:00,real_time_price,272.0,valley,267.60003662109375
2026-01-08 03:45:00,real_time_price,267.96,valley,265.74121475219727
2026-01-08 04:00:00,real_time_price,273.13,valley,268.6300392150879
2026-01-08 04:15:00,real_time_price,270.91,valley,263.54128646850586
2026-01-08 04:30:00,real_time_price,266.17,valley,254.65314483642578
2026-01-08 04:45:00,real_time_price,270.68,valley,251.39597702026367
2026-01-08 05:00:00,real_time_price,270.22,valley,253.54685592651367
2026-01-08 05:15:00,real_time_price,267.77,valley,261.1274929046631
2026-01-08 05:30:00,real_time_price,263.88,valley,266.87948989868164
2026-01-08 05:45:00,real_time_price,279.53,valley,271.6385383605957
2026-01-08 06:00:00,real_time_price,261.39,valley,285.1933183670044
2026-01-08 06:15:00,real_time_price,264.7,valley,301.80189418792725
2026-01-08 06:30:00,real_time_price,269.22,valley,292.0543556213379
2026-01-08 06:45:00,real_time_price,170.28,valley,289.06946563720703
2026-01-08 07:00:00,real_time_price,260.11,valley,223.4461212158203
2026-01-08 07:15:00,real_time_price,264.31,valley,254.50008392333984
2026-01-08 07:30:00,real_time_price,280.91,valley,278.9888229370117
2026-01-08 07:45:00,real_time_price,279.97,valley,264.9754867553711
2026-01-08 08:00:00,real_time_price,278.22,flat,286.31463623046875
2026-01-08 08:15:00,real_time_price,272.42,flat,323.2047882080078
2026-01-08 08:30:00,real_time_price,267.64,flat,311.84979248046875
2026-01-08 08:45:00,real_time_price,262.4,flat,288.91497802734375
2026-01-08 09:00:00,real_time_price,262.24,flat,290.82989501953125
2026-01-08 09:15:00,real_time_price,271.69,flat,291.5116958618164
2026-01-08 09:30:00,real_time_price,267.27,flat,273.45597076416016
2026-01-08 09:45:00,real_time_price,318.13,flat,256.0968780517578
2026-01-08 10:00:00,real_time_price,284.56,peak,289.268611907959
2026-01-08 10:15:00,real_time_price,279.65,peak,283.8495979309082
2026-01-08 10:30:00,real_time_price,283.68,peak,254.57368087768555
2026-01-08 10:45:00,real_time_price,264.23,peak,276.56857347488403
2026-01-08 11:00:00,real_time_price,283.99,peak,279.8755989074707
2026-01-08 11:15:00,real_time_price,312.58,peak,284.3221321105957
2026-01-08 11:30:00,real_time_price,395.28,peak,356.88550567626953
2026-01-08 11:45:00,real_time_price,326.93,peak,313.9817428588867
2026-01-08 12:00:00,real_time_price,265.73,flat,255.6313247680664
2026-01-08 12:15:00,real_time_price,89.3,flat,120.2690658569336
2026-01-08 12:30:00,real_time_price,270.43,flat,142.9664306640625
2026-01-08 12:45:00,real_time_price,90.42,flat,139.25437927246094
2026-01-08 13:00:00,real_time_price,180.37,flat,114.41470336914062
2026-01-08 13:15:00,real_time_price,281.7,flat,130.72933197021484
2026-01-08 13:30:00,real_time_price,189.74,flat,269.8085021972656
2026-01-08 13:45:00,real_time_price,277.68,flat,334.90855407714844
2026-01-08 14:00:00,real_time_price,286.81,peak,357.32989501953125
2026-01-08 14:15:00,real_time_price,289.52,peak,296.6998825073242
2026-01-08 14:30:00,real_time_price,258.2,peak,268.0403594970703
2026-01-08 14:45:00,real_time_price,279.97,peak,273.2605972290039
2026-01-08 15:00:00,real_time_price,261.32,peak,301.037109375
2026-01-08 15:15:00,real_time_price,525.13,peak,307.47655487060547
2026-01-08 15:30:00,real_time_price,296.59,peak,511.9331512451172
2026-01-08 15:45:00,real_time_price,287.04,peak,374.7153091430664
2026-01-08 16:00:00,real_time_price,294.88,peak,353.04362297058105
2026-01-08 16:15:00,real_time_price,268.27,peak,342.19941675662994
2026-01-08 16:30:00,real_time_price,255.08,peak,404.409610748291
2026-01-08 16:45:00,real_time_price,282.15,peak,379.7034606933594
2026-01-08 17:00:00,real_time_price,352.31,peak,344.3215637207031
2026-01-08 17:15:00,real_time_price,373.59,peak,383.94263458251953
2026-01-08 17:30:00,real_time_price,404.32,peak,428.19861221313477
2026-01-08 17:45:00,real_time_price,405.06,peak,429.9981155395508
2026-01-08 18:00:00,real_time_price,1090.41,peak,450.22139739990234
2026-01-08 18:15:00,real_time_price,755.96,peak,678.0826034545898
2026-01-08 18:30:00,real_time_price,1325.85,peak,806.6929321289062
2026-01-08 18:45:00,real_time_price,1556.81,peak,990.1523742675781
2026-01-08 19:00:00,real_time_price,1800.0,flat,1273.5882568359375
2026-01-08 19:15:00,real_time_price,833.83,flat,1105.8192138671875
2026-01-08 19:30:00,real_time_price,1794.39,flat,1040.89892578125
2026-01-08 19:45:00,real_time_price,1651.79,flat,1423.2839965820312
2026-01-08 20:00:00,real_time_price,1091.86,flat,1222.5099487304688
2026-01-08 20:15:00,real_time_price,1241.18,flat,984.8111572265625
2026-01-08 20:30:00,real_time_price,1274.94,flat,1346.7918090820312
2026-01-08 20:45:00,real_time_price,663.42,flat,1394.4867553710938
2026-01-08 21:00:00,real_time_price,1357.85,flat,783.2554321289062
2026-01-08 21:15:00,real_time_price,665.09,flat,1207.6764526367188
2026-01-08 21:30:00,real_time_price,1098.88,flat,744.0901031494141
2026-01-08 21:45:00,real_time_price,1410.41,flat,922.0302734375
2026-01-08 22:00:00,real_time_price,642.13,flat,1068.6382446289062
2026-01-08 22:15:00,real_time_price,330.57,flat,684.9142150878906
2026-01-08 22:30:00,real_time_price,326.89,flat,559.6110076904297
2026-01-08 22:45:00,real_time_price,295.19,flat,527.1530303955078
2026-01-08 23:00:00,real_time_price,301.65,flat,330.76391983032227
2026-01-08 23:15:00,real_time_price,296.72,flat,326.993595123291
2026-01-08 23:30:00,real_time_price,289.67,flat,328.44547390937805
2026-01-08 23:45:00,real_time_price,270.23,flat,297.250768661499
2026-01-09 00:00:00,real_time_price,232.57,valley,308.41067887376994
2026-01-09 00:15:00,real_time_price,285.93,valley,258.63676834106445
2026-01-09 00:30:00,real_time_price,249.33,valley,379.5457992553711
2026-01-09 00:45:00,real_time_price,271.22,valley,299.8126449584961
2026-01-09 01:00:00,real_time_price,273.61,valley,271.78414154052734
2026-01-09 01:15:00,real_time_price,277.54,valley,277.97328186035156
2026-01-09 01:30:00,real_time_price,293.68,valley,291.69408416748047
2026-01-09 01:45:00,real_time_price,276.73,valley,293.9712333679199
2026-01-09 02:00:00,real_time_price,264.73,valley,264.4787826538086
2026-01-09 02:15:00,real_time_price,270.0,valley,263.18829345703125
2026-01-09 02:30:00,real_time_price,272.01,valley,260.62364196777344
2026-01-09 02:45:00,real_time_price,265.91,valley,263.0648002624512
2026-01-09 03:00:00,real_time_price,265.67,valley,264.0124969482422
2026-01-09 03:15:00,real_time_price,263.24,valley,266.33362579345703
2026-01-09 03:30:00,real_time_price,261.15,valley,264.77034759521484
2026-01-09 03:45:00,real_time_price,257.98,valley,257.29283905029297
2026-01-09 04:00:00,real_time_price,257.9,valley,278.7250289916992
2026-01-09 04:15:00,real_time_price,266.68,valley,261.1173858642578
2026-01-09 04:30:00,real_time_price,258.48,valley,251.15481567382812
2026-01-09 04:45:00,real_time_price,259.17,valley,246.99012756347656
2026-01-09 05:00:00,real_time_price,94.63,valley,249.07045364379883
2026-01-09 05:15:00,real_time_price,230.11,valley,160.85958862304688
2026-01-09 05:30:00,real_time_price,252.65,valley,236.86184692382812
2026-01-09 05:45:00,real_time_price,245.96,valley,240.73080825805664
2026-01-09 06:00:00,real_time_price,249.56,valley,255.46027374267578
2026-01-09 06:15:00,real_time_price,266.96,valley,275.65331840515137
2026-01-09 06:30:00,real_time_price,270.65,valley,270.9181251525879
2026-01-09 06:45:00,real_time_price,261.94,valley,279.1494445800781
2026-01-09 07:00:00,real_time_price,274.98,valley,286.13646697998047
2026-01-09 07:15:00,real_time_price,268.49,valley,260.32144927978516
2026-01-09 07:30:00,real_time_price,265.24,valley,257.4889221191406
2026-01-09 07:45:00,real_time_price,265.11,valley,245.17414093017578
2026-01-09 08:00:00,real_time_price,265.67,flat,261.7454605102539
2026-01-09 08:15:00,real_time_price,261.92,flat,300.47338104248047
2026-01-09 08:30:00,real_time_price,252.13,flat,302.1383285522461
2026-01-09 08:45:00,real_time_price,260.36,flat,282.6636734008789
2026-01-09 09:00:00,real_time_price,265.42,flat,267.68042755126953
2026-01-09 09:15:00,real_time_price,276.93,flat,263.6418762207031
2026-01-09 09:30:00,real_time_price,264.32,flat,268.04820251464844
2026-01-09 09:45:00,real_time_price,271.16,flat,261.29196548461914
2026-01-09 10:00:00,real_time_price,275.4,peak,242.79386520385742
2026-01-09 10:15:00,real_time_price,269.44,peak,264.229700088501
2026-01-09 10:30:00,real_time_price,252.0,peak,242.610933303833
2026-01-09 10:45:00,real_time_price,270.69,peak,234.3184814453125
2026-01-09 11:00:00,real_time_price,252.0,peak,298.80269622802734
2026-01-09 11:15:00,real_time_price,277.73,peak,258.5160884857178
2026-01-09 11:30:00,real_time_price,256.74,peak,342.10665130615234
2026-01-09 11:45:00,real_time_price,270.95,peak,327.0097351074219
2026-01-09 12:00:00,real_time_price,259.71,flat,203.09723281860352
2026-01-09 12:15:00,real_time_price,78.93,flat,57.690752029418945
2026-01-09 12:30:00,real_time_price,11.95,flat,95.84108352661133
2026-01-09 12:45:00,real_time_price,227.66,flat,70.11508369445801
2026-01-09 13:00:00,real_time_price,222.49,flat,147.62769317626953
2026-01-09 13:15:00,real_time_price,256.82,flat,196.1310577392578
2026-01-09 13:30:00,real_time_price,230.86,flat,268.9687042236328
2026-01-09 13:45:00,real_time_price,268.02,flat,352.79449462890625
2026-01-09 14:00:00,real_time_price,252.56,peak,322.8108673095703
2026-01-09 14:15:00,real_time_price,244.24,peak,273.52610778808594
2026-01-09 14:30:00,real_time_price,252.48,peak,266.48231506347656
2026-01-09 14:45:00,real_time_price,255.37,peak,272.7731170654297
2026-01-09 15:00:00,real_time_price,260.19,peak,259.05226135253906
2026-01-09 15:15:00,real_time_price,270.43,peak,302.2101058959961
2026-01-09 15:30:00,real_time_price,272.97,peak,331.3433837890625
2026-01-09 15:45:00,real_time_price,285.68,peak,394.3716049194336
2026-01-09 16:00:00,real_time_price,277.22,peak,336.5685615539551
2026-01-09 16:15:00,real_time_price,281.76,peak,314.77009201049805
2026-01-09 16:30:00,real_time_price,300.0,peak,341.4468593597412
2026-01-09 16:45:00,real_time_price,302.27,peak,363.30213737487793
2026-01-09 17:00:00,real_time_price,317.99,peak,362.9806442260742
2026-01-09 17:15:00,real_time_price,308.58,peak,343.76245880126953
2026-01-09 17:30:00,real_time_price,329.98,peak,557.1760787963867
2026-01-09 17:45:00,real_time_price,357.6,peak,522.2310752868652
2026-01-09 18:00:00,real_time_price,303.92,peak,521.5479736328125
2026-01-09 18:15:00,real_time_price,301.59,peak,529.3814259767532
2026-01-09 18:30:00,real_time_price,310.02,peak,474.9023132324219
2026-01-09 18:45:00,real_time_price,304.0,peak,545.3331127166748
2026-01-09 19:00:00,real_time_price,327.39,flat,361.18865966796875
2026-01-09 19:15:00,real_time_price,299.99,flat,395.4564208984375
2026-01-09 19:30:00,real_time_price,308.58,flat,390.2251434326172
2026-01-09 19:45:00,real_time_price,328.56,flat,362.53746032714844
2026-01-09 20:00:00,real_time_price,326.92,flat,366.48329162597656
2026-01-09 20:15:00,real_time_price,300.34,flat,311.63880920410156
2026-01-09 20:30:00,real_time_price,320.49,flat,342.57872009277344
2026-01-09 20:45:00,real_time_price,309.96,flat,337.75067138671875
2026-01-09 21:00:00,real_time_price,305.14,flat,343.8248596191406
2026-01-09 21:15:00,real_time_price,307.86,flat,297.73565673828125
2026-01-09 21:30:00,real_time_price,308.02,flat,308.74742126464844
2026-01-09 21:45:00,real_time_price,310.04,flat,301.64805603027344
2026-01-09 22:00:00,real_time_price,335.89,flat,347.6227111816406
2026-01-09 22:15:00,real_time_price,313.9,flat,280.72601318359375
2026-01-09 22:30:00,real_time_price,341.18,flat,269.9073181152344
2026-01-09 22:45:00,real_time_price,418.73,flat,299.8629455566406
2026-01-09 23:00:00,real_time_price,414.19,flat,334.61369132995605
2026-01-09 23:15:00,real_time_price,381.19,flat,346.6852641105652
2026-01-09 23:30:00,real_time_price,383.51,flat,354.79798316955566
2026-01-09 23:45:00,real_time_price,374.41,flat,348.40076065063477
2026-01-10 00:00:00,real_time_price,308.44,valley,317.96166801452637
2026-01-10 00:15:00,real_time_price,302.0,valley,311.94285678863525
2026-01-10 00:30:00,real_time_price,384.98,valley,378.50160217285156
2026-01-10 00:45:00,real_time_price,481.24,valley,350.29280614852905
2026-01-10 01:00:00,real_time_price,356.92,valley,418.6242218017578
2026-01-10 01:15:00,real_time_price,348.55,valley,347.92463207244873
2026-01-10 01:30:00,real_time_price,345.44,valley,337.65541173517704
2026-01-10 01:45:00,real_time_price,328.98,valley,334.2266227006912
2026-01-10 02:00:00,real_time_price,341.95,valley,328.6994295120239
2026-01-10 02:15:00,real_time_price,319.68,valley,329.2866358757019
2026-01-10 02:30:00,real_time_price,319.96,valley,322.44655418395996
2026-01-10 02:45:00,real_time_price,309.01,valley,305.74994468688965
2026-01-10 03:00:00,real_time_price,304.29,valley,304.40986919403076
2026-01-10 03:15:00,real_time_price,270.48,valley,300.4416227340698
2026-01-10 03:30:00,real_time_price,273.98,valley,284.1286315917969
2026-01-10 03:45:00,real_time_price,271.98,valley,280.7309684753418
2026-01-10 04:00:00,real_time_price,277.98,valley,274.6661720275879
2026-01-10 04:15:00,real_time_price,275.98,valley,266.7415351867676
2026-01-10 04:30:00,real_time_price,275.98,valley,262.5758171081543
2026-01-10 04:45:00,real_time_price,274.84,valley,260.5672092437744
2026-01-10 05:00:00,real_time_price,275.98,valley,267.6979446411133
2026-01-10 05:15:00,real_time_price,275.98,valley,271.03950119018555
2026-01-10 05:30:00,real_time_price,274.67,valley,272.36499786376953
2026-01-10 05:45:00,real_time_price,278.0,valley,275.6329870223999
2026-01-10 06:00:00,real_time_price,281.27,valley,283.8451900482178
2026-01-10 06:15:00,real_time_price,292.92,valley,291.8652105331421
2026-01-10 06:30:00,real_time_price,310.1,valley,303.73374366760254
2026-01-10 06:45:00,real_time_price,309.65,valley,311.413161277771
2026-01-10 07:00:00,real_time_price,340.0,valley,319.68471336364746
2026-01-10 07:15:00,real_time_price,317.7,valley,329.46201515197754
2026-01-10 07:30:00,real_time_price,330.0,valley,326.78679752349854
2026-01-10 07:45:00,real_time_price,320.0,valley,332.7213649749756
2026-01-10 08:00:00,real_time_price,375.66,flat,334.1820240020752
2026-01-10 08:15:00,real_time_price,399.94,flat,386.1442584991455
2026-01-10 08:30:00,real_time_price,381.56,flat,422.0416030883789
2026-01-10 08:45:00,real_time_price,415.32,flat,380.09339904785156
2026-01-10 09:00:00,real_time_price,315.26,flat,392.6188774108887
2026-01-10 09:15:00,real_time_price,330.02,flat,332.08492279052734
2026-01-10 09:30:00,real_time_price,282.1,flat,326.5462770462036
2026-01-10 09:45:00,real_time_price,265.84,flat,295.54971504211426
2026-01-10 10:00:00,real_time_price,299.24,peak,240.1326904296875
2026-01-10 10:15:00,real_time_price,265.15,peak,270.4950199127197
2026-01-10 10:30:00,real_time_price,260.29,peak,242.92767333984375
2026-01-10 10:45:00,real_time_price,260.03,peak,248.60297966003418
2026-01-10 11:00:00,real_time_price,261.66,peak,247.07838439941406
2026-01-10 11:15:00,real_time_price,255.5,peak,243.20773077011108
2026-01-10 11:30:00,real_time_price,266.63,peak,246.9208469390869
2026-01-10 11:45:00,real_time_price,266.95,peak,191.68943119049072
2026-01-10 12:00:00,real_time_price,256.63,flat,188.67209434509277
2026-01-10 12:15:00,real_time_price,142.47,flat,68.93020915985107
2026-01-10 12:30:00,real_time_price,162.6,flat,143.01348876953125
2026-01-10 12:45:00,real_time_price,112.95,flat,147.9451141357422
2026-01-10 13:00:00,real_time_price,154.0,flat,129.861572265625
2026-01-10 13:15:00,real_time_price,241.9,flat,139.0940170288086
2026-01-10 13:30:00,real_time_price,216.53,flat,247.007568359375
2026-01-10 13:45:00,real_time_price,258.67,flat,269.8744125366211
2026-01-10 14:00:00,real_time_price,262.59,peak,304.0548858642578
2026-01-10 14:15:00,real_time_price,253.44,peak,250.21397399902344
2026-01-10 14:30:00,real_time_price,255.04,peak,219.64520645141602
2026-01-10 14:45:00,real_time_price,247.35,peak,235.64937591552734
2026-01-10 15:00:00,real_time_price,256.08,peak,252.43907928466797
2026-01-10 15:15:00,real_time_price,253.71,peak,268.95247650146484
2026-01-10 15:30:00,real_time_price,260.37,peak,273.96265029907227
2026-01-10 15:45:00,real_time_price,270.01,peak,294.7197208404541
2026-01-10 16:00:00,real_time_price,283.06,peak,297.2119035720825
2026-01-10 16:15:00,real_time_price,299.25,peak,296.9880199432373
2026-01-10 16:30:00,real_time_price,304.1,peak,325.60745906829834
2026-01-10 16:45:00,real_time_price,357.55,peak,325.48219299316406
2026-01-10 17:00:00,real_time_price,320.68,peak,402.9727430343628
2026-01-10 17:15:00,real_time_price,400.06,peak,375.614538192749
2026-01-10 17:30:00,real_time_price,426.66,peak,414.56364727020264
2026-01-10 17:45:00,real_time_price,404.67,peak,420.7827835083008
2026-01-10 18:00:00,real_time_price,429.26,peak,427.21957206726074
2026-01-10 18:15:00,real_time_price,479.99,peak,439.98621368408203
2026-01-10 18:30:00,real_time_price,478.01,peak,486.9334044456482
2026-01-10 18:45:00,real_time_price,520.03,peak,521.4627571105957
2026-01-10 19:00:00,real_time_price,458.48,flat,506.8583297729492
2026-01-10 19:15:00,real_time_price,329.79,flat,493.9112548828125
2026-01-10 19:30:00,real_time_price,382.31,flat,398.652099609375
2026-01-10 19:45:00,real_time_price,331.28,flat,382.27132415771484
2026-01-10 20:00:00,real_time_price,361.62,flat,373.14842224121094
2026-01-10 20:15:00,real_time_price,313.84,flat,365.26236724853516
2026-01-10 20:30:00,real_time_price,306.33,flat,383.10189056396484
2026-01-10 20:45:00,real_time_price,317.74,flat,356.7926940917969
2026-01-10 21:00:00,real_time_price,343.57,flat,339.7417449951172
2026-01-10 21:15:00,real_time_price,321.19,flat,346.04015350341797
2026-01-10 21:30:00,real_time_price,378.48,flat,349.97827911376953
2026-01-10 21:45:00,real_time_price,362.85,flat,354.5408172607422
2026-01-10 22:00:00,real_time_price,421.42,flat,346.0804901123047
2026-01-10 22:15:00,real_time_price,455.78,flat,362.3496322631836
2026-01-10 22:30:00,real_time_price,417.59,flat,383.28996181488037
2026-01-10 22:45:00,real_time_price,344.07,flat,371.4523124694824
2026-01-10 23:00:00,real_time_price,313.97,flat,351.32941341400146
2026-01-10 23:15:00,real_time_price,331.04,flat,320.4470543861389
2026-01-10 23:30:00,real_time_price,279.44,flat,315.8249604701996
2026-01-10 23:45:00,real_time_price,276.0,flat,274.1936264038086
2026-01-11 00:00:00,real_time_price,272.0,valley,273.2396812438965
2026-01-11 00:15:00,real_time_price,285.62,valley,284.06538009643555
2026-01-11 00:30:00,real_time_price,336.95,valley,333.0448098182678
2026-01-11 00:45:00,real_time_price,314.02,valley,315.44150733947754
2026-01-11 01:00:00,real_time_price,312.79,valley,312.6346101760864
2026-01-11 01:15:00,real_time_price,309.11,valley,312.70202255249023
2026-01-11 01:30:00,real_time_price,305.06,valley,306.55020904541016
2026-01-11 01:45:00,real_time_price,308.49,valley,301.9898681640625
2026-01-11 02:00:00,real_time_price,305.4,valley,307.56483936309814
2026-01-11 02:15:00,real_time_price,289.32,valley,300.94559478759766
2026-01-11 02:30:00,real_time_price,282.99,valley,293.0009765625
2026-01-11 02:45:00,real_time_price,280.04,valley,284.33172035217285
2026-01-11 03:00:00,real_time_price,282.09,valley,280.881986618042
2026-01-11 03:15:00,real_time_price,277.09,valley,271.3043155670166
2026-01-11 03:30:00,real_time_price,279.09,valley,269.0499725341797
2026-01-11 03:45:00,real_time_price,280.0,valley,270.21418952941895
2026-01-11 04:00:00,real_time_price,269.99,valley,274.6901340484619
2026-01-11 04:15:00,real_time_price,274.99,valley,264.79773139953613
2026-01-11 04:30:00,real_time_price,271.41,valley,263.16333198547363
2026-01-11 04:45:00,real_time_price,269.69,valley,265.196834564209
2026-01-11 05:00:00,real_time_price,265.99,valley,263.0701560974121
2026-01-11 05:15:00,real_time_price,269.84,valley,267.0482597351074
2026-01-11 05:30:00,real_time_price,270.0,valley,265.8193311691284
2026-01-11 05:45:00,real_time_price,269.96,valley,271.79609966278076
2026-01-11 06:00:00,real_time_price,268.61,valley,280.5123715400696
2026-01-11 06:15:00,real_time_price,269.89,valley,278.10799407958984
2026-01-11 06:30:00,real_time_price,272.65,valley,283.00982093811035
2026-01-11 06:45:00,real_time_price,280.0,valley,288.38672256469727
2026-01-11 07:00:00,real_time_price,280.09,valley,296.2352180480957
2026-01-11 07:15:00,real_time_price,280.03,valley,290.5997085571289
2026-01-11 07:30:00,real_time_price,284.98,valley,294.6840057373047
2026-01-11 07:45:00,real_time_price,279.9,valley,285.8577194213867
2026-01-11 08:00:00,real_time_price,276.53,flat,295.0856018066406
2026-01-11 08:15:00,real_time_price,297.0,flat,304.6007385253906
2026-01-11 08:30:00,real_time_price,265.73,flat,300.02559661865234
2026-01-11 08:45:00,real_time_price,255.05,flat,265.5961380004883
2026-01-11 09:00:00,real_time_price,273.94,flat,249.3604965209961
2026-01-11 09:15:00,real_time_price,253.8,flat,264.8148727416992
2026-01-11 09:30:00,real_time_price,266.0,flat,259.4381217956543
2026-01-11 09:45:00,real_time_price,255.44,flat,249.5322494506836
2026-01-11 10:00:00,real_time_price,261.54,peak,193.31227111816406
2026-01-11 10:15:00,real_time_price,233.16,peak,223.06390762329102
2026-01-11 10:30:00,real_time_price,159.91,peak,214.11978149414062
2026-01-11 10:45:00,real_time_price,139.35,peak,186.4288673400879
2026-01-11 11:00:00,real_time_price,244.01,peak,143.36647033691406
2026-01-11 11:15:00,real_time_price,260.79,peak,222.9794864654541
2026-01-11 11:30:00,real_time_price,263.99,peak,252.1393928527832
2026-01-11 11:45:00,real_time_price,260.82,peak,212.50486373901367
2026-01-11 12:00:00,real_time_price,26.18,flat,191.98301315307617
2026-01-11 12:15:00,real_time_price,-49.17,flat,18.6804141998291
2026-01-11 12:30:00,real_time_price,28.2,flat,23.128917694091797
2026-01-11 12:45:00,real_time_price,-32.71,flat,7.759498596191406
2026-01-11 13:00:00,real_time_price,-49.76,flat,-29.60686492919922
2026-01-11 13:15:00,real_time_price,-29.12,flat,-42.502830505371094
2026-01-11 13:30:00,real_time_price,2.89,flat,10.483978271484375
2026-01-11 13:45:00,real_time_price,71.35,flat,105.41520309448242
2026-01-11 14:00:00,real_time_price,2.49,peak,91.03762817382812
2026-01-11 14:15:00,real_time_price,-1.03,peak,45.660865783691406
2026-01-11 14:30:00,real_time_price,-11.99,peak,16.91468048095703
2026-01-11 14:45:00,real_time_price,-1.5,peak,11.357490539550781
2026-01-11 15:00:00,real_time_price,10.95,peak,38.43206024169922
2026-01-11 15:15:00,real_time_price,9.83,peak,28.940536499023438
2026-01-11 15:30:00,real_time_price,139.71,peak,78.05055236816406
2026-01-11 15:45:00,real_time_price,154.41,peak,175.8793487548828
2026-01-11 16:00:00,real_time_price,265.68,peak,174.23536682128906
2026-01-11 16:15:00,real_time_price,266.17,peak,235.83409118652344
2026-01-11 16:30:00,real_time_price,260.2,peak,288.7665901184082
2026-01-11 16:45:00,real_time_price,279.47,peak,310.48822021484375
2026-01-11 17:00:00,real_time_price,280.12,peak,323.0486068725586
2026-01-11 17:15:00,real_time_price,301.34,peak,324.7171096801758
2026-01-11 17:30:00,real_time_price,314.48,peak,340.2384796142578
2026-01-11 17:45:00,real_time_price,309.14,peak,326.2408981323242
2026-01-11 18:00:00,real_time_price,314.07,peak,342.9472961425781
2026-01-11 18:15:00,real_time_price,327.79,peak,359.71631622314453
2026-01-11 18:30:00,real_time_price,303.15,peak,370.2776794433594
2026-01-11 18:45:00,real_time_price,311.95,peak,347.8646697998047
2026-01-11 19:00:00,real_time_price,317.5,flat,326.9080505371094
2026-01-11 19:15:00,real_time_price,312.11,flat,317.4142150878906
2026-01-11 19:30:00,real_time_price,313.61,flat,308.04888916015625
2026-01-11 19:45:00,real_time_price,313.32,flat,312.52435302734375
2026-01-11 20:00:00,real_time_price,305.67,flat,322.6037139892578
2026-01-11 20:15:00,real_time_price,320.02,flat,283.9542541503906
2026-01-11 20:30:00,real_time_price,346.95,flat,330.38136291503906
2026-01-11 20:45:00,real_time_price,326.29,flat,346.5690383911133
2026-01-11 21:00:00,real_time_price,494.23,flat,333.0488815307617
2026-01-11 21:15:00,real_time_price,413.86,flat,388.8105278015137
2026-01-11 21:30:00,real_time_price,486.4,flat,379.68101501464844
2026-01-11 21:45:00,real_time_price,461.74,flat,413.683376789093
2026-01-11 22:00:00,real_time_price,400.17,flat,411.3328037261963
2026-01-11 22:15:00,real_time_price,460.87,flat,363.554274559021
2026-01-11 22:30:00,real_time_price,359.7,flat,398.27768325805664
2026-01-11 22:45:00,real_time_price,309.83,flat,374.0307388305664
2026-01-11 23:00:00,real_time_price,290.0,flat,323.10627937316895
2026-01-11 23:15:00,real_time_price,299.88,flat,286.78588104248047
2026-01-11 23:30:00,real_time_price,295.0,flat,285.6781063079834
2026-01-11 23:45:00,real_time_price,298.88,flat,272.09043884277344
2026-01-12 00:00:00,real_time_price,279.92,valley,272.2100009918213
2026-01-12 00:15:00,real_time_price,272.0,valley,302.31443977355957
2026-01-12 00:30:00,real_time_price,393.93,valley,351.9841465950012
2026-01-12 00:45:00,real_time_price,304.18,valley,324.29800033569336
2026-01-12 01:00:00,real_time_price,292.88,valley,310.1101188659668
2026-01-12 01:15:00,real_time_price,289.9,valley,302.19318199157715
2026-01-12 01:30:00,real_time_price,277.92,valley,299.53437995910645
2026-01-12 01:45:00,real_time_price,280.05,valley,279.93502044677734
2026-01-12 02:00:00,real_time_price,279.88,valley,280.79444122314453
2026-01-12 02:15:00,real_time_price,279.9,valley,280.14934158325195
2026-01-12 02:30:00,real_time_price,273.96,valley,275.5585708618164
2026-01-12 02:45:00,real_time_price,273.56,valley,268.509521484375
2026-01-12 03:00:00,real_time_price,271.19,valley,268.82283210754395
2026-01-12 03:15:00,real_time_price,269.98,valley,258.35307693481445
2026-01-12 03:30:00,real_time_price,268.0,valley,258.34568786621094
2026-01-12 03:45:00,real_time_price,265.46,valley,257.6815528869629
2026-01-12 04:00:00,real_time_price,268.0,valley,263.966459274292
2026-01-12 04:15:00,real_time_price,261.06,valley,262.2370014190674
2026-01-12 04:30:00,real_time_price,264.0,valley,255.7208423614502
2026-01-12 04:45:00,real_time_price,264.51,valley,258.4403142929077
2026-01-12 05:00:00,real_time_price,260.48,valley,258.1470060348511
2026-01-12 05:15:00,real_time_price,263.22,valley,256.8892822265625
2026-01-12 05:30:00,real_time_price,263.49,valley,258.031325340271
2026-01-12 05:45:00,real_time_price,260.0,valley,265.6429076194763
2026-01-12 06:00:00,real_time_price,266.89,valley,270.37455558776855
2026-01-12 06:15:00,real_time_price,269.44,valley,280.90623331069946
2026-01-12 06:30:00,real_time_price,267.93,valley,291.09793519973755
2026-01-12 06:45:00,real_time_price,269.95,valley,292.1723470687866
2026-01-12 07:00:00,real_time_price,266.8,valley,296.66256523132324
2026-01-12 07:15:00,real_time_price,269.91,valley,283.9708480834961
2026-01-12 07:30:00,real_time_price,267.9,valley,286.5005226135254
2026-01-12 07:45:00,real_time_price,273.72,valley,275.4699058532715
2026-01-12 08:00:00,real_time_price,338.7,flat,289.0365867614746
2026-01-12 08:15:00,real_time_price,337.42,flat,344.8557415008545
2026-01-12 08:30:00,real_time_price,330.79,flat,338.9465808868408
2026-01-12 08:45:00,real_time_price,276.11,flat,324.0759696960449
2026-01-12 09:00:00,real_time_price,339.49,flat,285.9606590270996
2026-01-12 09:15:00,real_time_price,389.63,flat,298.04499435424805
2026-01-12 09:30:00,real_time_price,351.64,flat,338.19123458862305
2026-01-12 09:45:00,real_time_price,283.61,flat,346.08176040649414
2026-01-12 10:00:00,real_time_price,296.25,peak,317.6373634338379
2026-01-12 10:15:00,real_time_price,263.94,peak,242.7784309387207
2026-01-12 10:30:00,real_time_price,266.97,peak,250.81892675161362
2026-01-12 10:45:00,real_time_price,268.0,peak,205.7223072052002
2026-01-12 11:00:00,real_time_price,263.36,peak,253.32655715942383
2026-01-12 11:15:00,real_time_price,266.28,peak,249.86034774780273
2026-01-12 11:30:00,real_time_price,269.66,peak,252.58184051513672
2026-01-12 11:45:00,real_time_price,254.86,peak,211.23687744140625
2026-01-12 12:00:00,real_time_price,263.4,flat,204.5638656616211
2026-01-12 12:15:00,real_time_price,176.29,flat,132.40206909179688
2026-01-12 12:30:00,real_time_price,89.5,flat,152.2452621459961
2026-01-12 12:45:00,real_time_price,253.54,flat,135.40587615966797
2026-01-12 13:00:00,real_time_price,221.68,flat,121.46790313720703
2026-01-12 13:15:00,real_time_price,248.28,flat,188.41751098632812
2026-01-12 13:30:00,real_time_price,251.84,flat,233.98365783691406
2026-01-12 13:45:00,real_time_price,259.78,flat,271.36622619628906
2026-01-12 14:00:00,real_time_price,265.13,peak,237.24440002441406
2026-01-12 14:15:00,real_time_price,256.21,peak,189.21391677856445
2026-01-12 14:30:00,real_time_price,248.66,peak,205.54176330566406
2026-01-12 14:45:00,real_time_price,255.33,peak,212.83807373046875
2026-01-12 15:00:00,real_time_price,262.65,peak,213.27950286865234
2026-01-12 15:15:00,real_time_price,261.24,peak,227.22106170654297
2026-01-12 15:30:00,real_time_price,262.03,peak,302.0475158691406
2026-01-12 15:45:00,real_time_price,262.14,peak,319.51963806152344
2026-01-12 16:00:00,real_time_price,272.38,peak,308.86348724365234
2026-01-12 16:15:00,real_time_price,277.52,peak,277.443416595459
2026-01-12 16:30:00,real_time_price,318.29,peak,299.48743057250977
2026-01-12 16:45:00,real_time_price,303.82,peak,332.4279613494873
2026-01-12 17:00:00,real_time_price,319.65,peak,335.93585205078125
2026-01-12 17:15:00,real_time_price,326.23,peak,330.8077583312988
2026-01-12 17:30:00,real_time_price,429.15,peak,347.4660873413086
2026-01-12 17:45:00,real_time_price,329.7,peak,382.80317306518555
2026-01-12 18:00:00,real_time_price,388.41,peak,384.25582122802734
2026-01-12 18:15:00,real_time_price,398.84,peak,393.18311309814453
2026-01-12 18:30:00,real_time_price,442.76,peak,425.4626159667969
2026-01-12 18:45:00,real_time_price,465.22,peak,456.78017234802246
2026-01-12 19:00:00,real_time_price,774.62,flat,496.25531005859375
2026-01-12 19:15:00,real_time_price,576.74,flat,688.7316589355469
2026-01-12 19:30:00,real_time_price,814.7,flat,649.6380310058594
2026-01-12 19:45:00,real_time_price,705.6,flat,777.63720703125
2026-01-12 20:00:00,real_time_price,637.2,flat,669.7218170166016
2026-01-12 20:15:00,real_time_price,463.65,flat,580.0631103515625
2026-01-12 20:30:00,real_time_price,596.42,flat,518.634651184082
2026-01-12 20:45:00,real_time_price,444.85,flat,539.5294570922852
2026-01-12 21:00:00,real_time_price,558.22,flat,483.66595458984375
2026-01-12 21:15:00,real_time_price,442.09,flat,483.72900772094727
2026-01-12 21:30:00,real_time_price,474.93,flat,495.4168472290039
2026-01-12 21:45:00,real_time_price,459.73,flat,457.6227912902832
2026-01-12 22:00:00,real_time_price,428.64,flat,442.9630699157715
2026-01-12 22:15:00,real_time_price,453.7,flat,414.7682685852051
2026-01-12 22:30:00,real_time_price,326.05,flat,415.94952392578125
2026-01-12 22:45:00,real_time_price,315.02,flat,368.1273078918457
2026-01-12 23:00:00,real_time_price,396.98,flat,322.5759515762329
2026-01-12 23:15:00,real_time_price,350.3,flat,326.3811435699463
2026-01-12 23:30:00,real_time_price,322.81,flat,338.74185943603516
2026-01-12 23:45:00,real_time_price,359.67,flat,311.8916473388672
2026-01-13 00:00:00,real_time_price,295.73,valley,325.49083709716797
2026-01-13 00:15:00,real_time_price,298.94,valley,306.65683937072754
2026-01-13 00:30:00,real_time_price,682.31,valley,410.47013092041016
2026-01-13 00:45:00,real_time_price,451.8,valley,422.3640670776367
2026-01-13 01:00:00,real_time_price,685.07,valley,380.82261657714844
2026-01-13 01:15:00,real_time_price,546.98,valley,493.402099609375
2026-01-13 01:30:00,real_time_price,416.06,valley,455.9323425292969
2026-01-13 01:45:00,real_time_price,352.01,valley,432.0011444091797
2026-01-13 02:00:00,real_time_price,411.72,valley,369.81312561035156
2026-01-13 02:15:00,real_time_price,338.09,valley,381.4408950805664
2026-01-13 02:30:00,real_time_price,314.02,valley,344.9724311828613
2026-01-13 02:45:00,real_time_price,310.02,valley,317.71009254455566
2026-01-13 03:00:00,real_time_price,320.09,valley,304.4217643737793
2026-01-13 03:15:00,real_time_price,313.02,valley,317.45746421813965
2026-01-13 03:30:00,real_time_price,305.62,valley,309.2781219482422
2026-01-13 03:45:00,real_time_price,310.02,valley,298.8066596984863
2026-01-13 04:00:00,real_time_price,305.02,valley,307.8881587982178
2026-01-13 04:15:00,real_time_price,294.01,valley,292.0275650024414
2026-01-13 04:30:00,real_time_price,307.0,valley,284.7765712738037
2026-01-13 04:45:00,real_time_price,309.01,valley,292.7677803039551
2026-01-13 05:00:00,real_time_price,304.01,valley,298.51608657836914
2026-01-13 05:15:00,real_time_price,310.01,valley,298.47880935668945
2026-01-13 05:30:00,real_time_price,300.0,valley,303.39046478271484
2026-01-13 05:45:00,real_time_price,315.71,valley,313.11766052246094
2026-01-13 06:00:00,real_time_price,312.01,valley,317.4058609008789
2026-01-13 06:15:00,real_time_price,320.01,valley,329.24341201782227
2026-01-13 06:30:00,real_time_price,397.08,valley,342.26880645751953
2026-01-13 06:45:00,real_time_price,400.26,valley,400.8818588256836
2026-01-13 07:00:00,real_time_price,417.21,valley,429.21270751953125
2026-01-13 07:15:00,real_time_price,494.07,valley,408.79457092285156
2026-01-13 07:30:00,real_time_price,576.02,valley,494.61541748046875
2026-01-13 07:45:00,real_time_price,593.55,valley,508.29185485839844
2026-01-13 08:00:00,real_time_price,647.65,flat,516.0335845947266
2026-01-13 08:15:00,real_time_price,592.71,flat,602.5624694824219
2026-01-13 08:30:00,real_time_price,633.58,flat,619.5773315429688
2026-01-13 08:45:00,real_time_price,540.41,flat,686.6143798828125
2026-01-13 09:00:00,real_time_price,390.98,flat,556.0406646728516
2026-01-13 09:15:00,real_time_price,385.69,flat,431.2206039428711
2026-01-13 09:30:00,real_time_price,408.77,flat,395.5959014892578
2026-01-13 09:45:00,real_time_price,338.7,flat,400.1103515625
2026-01-13 10:00:00,real_time_price,315.39,peak,326.66161346435547
2026-01-13 10:15:00,real_time_price,296.33,peak,298.1965751647949
2026-01-13 10:30:00,real_time_price,290.56,peak,287.0704708099365
2026-01-13 10:45:00,real_time_price,284.0,peak,278.8887481689453
2026-01-13 11:00:00,real_time_price,284.02,peak,284.1211128234863
2026-01-13 11:15:00,real_time_price,286.4,peak,267.29029846191406
2026-01-13 11:30:00,real_time_price,276.16,peak,274.7453079223633
2026-01-13 11:45:00,real_time_price,289.58,peak,238.27138900756836
2026-01-13 12:00:00,real_time_price,281.71,flat,224.5745620727539
2026-01-13 12:15:00,real_time_price,163.81,flat,126.24534606933594
2026-01-13 12:30:00,real_time_price,258.9,flat,183.21249389648438
2026-01-13 12:45:00,real_time_price,251.83,flat,204.1859130859375
2026-01-13 13:00:00,real_time_price,179.23,flat,207.8665008544922
2026-01-13 13:15:00,real_time_price,265.38,flat,191.26470947265625
2026-01-13 13:30:00,real_time_price,251.37,flat,295.5360412597656
2026-01-13 13:45:00,real_time_price,260.28,flat,353.2247009277344
2026-01-13 14:00:00,real_time_price,279.42,peak,280.9977722167969
2026-01-13 14:15:00,real_time_price,262.09,peak,267.8074188232422
2026-01-13 14:30:00,real_time_price,249.47,peak,269.7153778076172
2026-01-13 14:45:00,real_time_price,244.36,peak,229.82467651367188
2026-01-13 15:00:00,real_time_price,256.86,peak,259.7259826660156
2026-01-13 15:15:00,real_time_price,258.33,peak,277.0072708129883
2026-01-13 15:30:00,real_time_price,260.3,peak,286.6164741516113
2026-01-13 15:45:00,real_time_price,270.98,peak,292.56856536865234
2026-01-13 16:00:00,real_time_price,277.83,peak,298.4342246055603
2026-01-13 16:15:00,real_time_price,279.69,peak,302.90980553627014
2026-01-13 16:30:00,real_time_price,306.93,peak,300.0851078033447
2026-01-13 16:45:00,real_time_price,302.31,peak,335.82312536239624
2026-01-13 17:00:00,real_time_price,397.05,peak,349.11872959136963
2026-01-13 17:15:00,real_time_price,353.69,peak,399.2792625427246
2026-01-13 17:30:00,real_time_price,359.99,peak,405.99231147766113
2026-01-13 17:45:00,real_time_price,345.99,peak,389.5921015739441
2026-01-13 18:00:00,real_time_price,318.7,peak,391.07094955444336
2026-01-13 18:15:00,real_time_price,340.13,peak,378.2406768798828
2026-01-13 18:30:00,real_time_price,330.77,peak,375.9279251098633
2026-01-13 18:45:00,real_time_price,360.52,peak,390.0426445007324
2026-01-13 19:00:00,real_time_price,360.42,flat,403.92569732666016
2026-01-13 19:15:00,real_time_price,310.06,flat,364.0223388671875
2026-01-13 19:30:00,real_time_price,332.57,flat,354.78003692626953
2026-01-13 19:45:00,real_time_price,396.6,flat,379.9595756530762
2026-01-13 20:00:00,real_time_price,356.54,flat,401.01700592041016
2026-01-13 20:15:00,real_time_price,308.6,flat,375.6859321594238
2026-01-13 20:30:00,real_time_price,328.34,flat,352.3563995361328
2026-01-13 20:45:00,real_time_price,358.09,flat,363.36373138427734
2026-01-13 21:00:00,real_time_price,365.93,flat,360.5104446411133
2026-01-13 21:15:00,real_time_price,353.28,flat,359.31908416748047
2026-01-13 21:30:00,real_time_price,360.39,flat,347.1160202026367
2026-01-13 21:45:00,real_time_price,373.67,flat,332.1773986816406
2026-01-13 22:00:00,real_time_price,366.06,flat,343.0577278137207
2026-01-13 22:15:00,real_time_price,388.21,flat,344.8250389099121
2026-01-13 22:30:00,real_time_price,325.0,flat,352.6793031692505
2026-01-13 22:45:00,real_time_price,400.25,flat,320.219952583313
2026-01-13 23:00:00,real_time_price,407.57,flat,348.42419242858887
2026-01-13 23:15:00,real_time_price,365.72,flat,359.8870086669922
2026-01-13 23:30:00,real_time_price,340.0,flat,347.13155364990234
2026-01-13 23:45:00,real_time_price,319.49,flat,339.5994300842285
2026-01-14 00:00:00,real_time_price,309.37,valley,312.063570022583
2026-01-14 00:15:00,real_time_price,280.0,valley,315.8057041168213
2026-01-14 00:30:00,real_time_price,320.7,valley,356.7795066833496
2026-01-14 00:45:00,real_time_price,334.73,valley,301.06518268585205
2026-01-14 01:00:00,real_time_price,339.72,valley,291.61341667175293
2026-01-14 01:15:00,real_time_price,309.81,valley,340.3938903808594
2026-01-14 01:30:00,real_time_price,299.75,valley,314.42836570739746
2026-01-14 01:45:00,real_time_price,300.0,valley,308.1182351112366
2026-01-14 02:00:00,real_time_price,314.95,valley,298.2273199558258
2026-01-14 02:15:00,real_time_price,301.97,valley,302.80769872665405
2026-01-14 02:30:00,real_time_price,296.97,valley,301.5795650482178
2026-01-14 02:45:00,real_time_price,296.99,valley,295.0097008943558
2026-01-14 03:00:00,real_time_price,298.7,valley,292.5442683696747
2026-01-14 03:15:00,real_time_price,286.98,valley,287.96938133239746
2026-01-14 03:30:00,real_time_price,294.78,valley,282.61323660612106
2026-01-14 03:45:00,real_time_price,247.04,valley,282.4987726211548
2026-01-14 04:00:00,real_time_price,273.08,valley,277.7646675109863
2026-01-14 04:15:00,real_time_price,274.91,valley,268.60787868499756
2026-01-14 04:30:00,real_time_price,271.2,valley,266.65280055999756
2026-01-14 04:45:00,real_time_price,279.7,valley,279.16600370407104
2026-01-14 05:00:00,real_time_price,279.65,valley,271.77863639593124
2026-01-14 05:15:00,real_time_price,279.53,valley,279.98764181137085
2026-01-14 05:30:00,real_time_price,276.97,valley,274.9296588897705
2026-01-14 05:45:00,real_time_price,276.96,valley,280.17824268341064
2026-01-14 06:00:00,real_time_price,279.96,valley,284.5865478515625
2026-01-14 06:15:00,real_time_price,284.94,valley,289.3439893722534
2026-01-14 06:30:00,real_time_price,286.91,valley,297.0210838317871
2026-01-14 06:45:00,real_time_price,286.91,valley,301.81966066360474
2026-01-14 07:00:00,real_time_price,294.83,valley,292.81300020217896
2026-01-14 07:15:00,real_time_price,283.82,valley,299.56117486953735
2026-01-14 07:30:00,real_time_price,294.71,valley,309.49222016334534
2026-01-14 07:45:00,real_time_price,301.42,valley,322.357638835907
2026-01-14 08:00:00,real_time_price,309.43,flat,336.58381271362305
2026-01-14 08:15:00,real_time_price,255.27,flat,352.8685054779053
2026-01-14 08:30:00,real_time_price,250.53,flat,336.258234500885
2026-01-14 08:45:00,real_time_price,299.64,flat,260.9490051269531
2026-01-14 09:00:00,real_time_price,323.82,flat,287.6943168640137
2026-01-14 09:15:00,real_time_price,324.05,flat,296.8035259246826
2026-01-14 09:30:00,real_time_price,290.2,flat,300.4524030685425
2026-01-14 09:45:00,real_time_price,276.26,flat,283.58193016052246
2026-01-14 10:00:00,real_time_price,278.51,peak,258.5789318084717
2026-01-14 10:15:00,real_time_price,281.32,peak,237.80665397644043
2026-01-14 10:30:00,real_time_price,148.83,peak,243.44672107696533
2026-01-14 10:45:00,real_time_price,161.16,peak,211.39393424987793
2026-01-14 11:00:00,real_time_price,150.57,peak,170.32733917236328
2026-01-14 11:15:00,real_time_price,150.49,peak,158.57421112060547
2026-01-14 11:30:00,real_time_price,209.3,peak,159.88737869262695
2026-01-14 11:45:00,real_time_price,128.29,peak,122.79383850097656
2026-01-14 12:00:00,real_time_price,130.17,flat,72.78614807128906
2026-01-14 12:15:00,real_time_price,45.56,flat,-43.883460998535156
2026-01-14 12:30:00,real_time_price,-0.11,flat,63.07538414001465
2026-01-14 12:45:00,real_time_price,0.84,flat,18.863338470458984
2026-01-14 13:00:00,real_time_price,51.34,flat,11.60483169555664
2026-01-14 13:15:00,real_time_price,-4.71,flat,38.4223518371582
2026-01-14 13:30:00,real_time_price,-47.6,flat,52.27711486816406
2026-01-14 13:45:00,real_time_price,65.52,flat,91.71964263916016
2026-01-14 14:00:00,real_time_price,88.66,peak,100.10742950439453
2026-01-14 14:15:00,real_time_price,64.7,peak,76.2435073852539
2026-01-14 14:30:00,real_time_price,-40.29,peak,45.61671447753906
2026-01-14 14:45:00,real_time_price,76.4,peak,0.6309814453125
2026-01-14 15:00:00,real_time_price,18.21,peak,93.07988739013672
2026-01-14 15:15:00,real_time_price,152.26,peak,102.9739990234375
2026-01-14 15:30:00,real_time_price,163.16,peak,173.01309967041016
2026-01-14 15:45:00,real_time_price,260.6,peak,220.95374298095703
2026-01-14 16:00:00,real_time_price,266.62,peak,267.53516387939453
2026-01-14 16:15:00,real_time_price,275.17,peak,278.6641426086426
2026-01-14 16:30:00,real_time_price,280.6,peak,289.6808891296387
2026-01-14 16:45:00,real_time_price,310.15,peak,316.51683616638184
2026-01-14 17:00:00,real_time_price,318.58,peak,345.07206630706787
2026-01-14 17:15:00,real_time_price,320.0,peak,339.8527145385742
2026-01-14 17:30:00,real_time_price,310.07,peak,347.63783264160156
2026-01-14 17:45:00,real_time_price,309.05,peak,349.9541015625
2026-01-14 18:00:00,real_time_price,332.09,peak,327.82515716552734
2026-01-14 18:15:00,real_time_price,330.09,peak,378.3085021972656
2026-01-14 18:30:00,real_time_price,336.11,peak,352.15684509277344
2026-01-14 18:45:00,real_time_price,330.12,peak,364.99655532836914
2026-01-14 19:00:00,real_time_price,330.11,flat,340.08971405029297
2026-01-14 19:15:00,real_time_price,317.12,flat,323.41529083251953
2026-01-14 19:30:00,real_time_price,353.33,flat,359.53711700439453
2026-01-14 19:45:00,real_time_price,320.11,flat,434.2260446548462
2026-01-14 20:00:00,real_time_price,324.17,flat,308.43013763427734
2026-01-14 20:15:00,real_time_price,325.1,flat,299.4898223876953
2026-01-14 20:30:00,real_time_price,331.38,flat,324.16920471191406
2026-01-14 20:45:00,real_time_price,343.36,flat,326.4837112426758
2026-01-14 21:00:00,real_time_price,383.55,flat,423.16247940063477
2026-01-14 21:15:00,real_time_price,360.97,flat,344.2737159729004
2026-01-14 21:30:00,real_time_price,322.03,flat,344.8135643005371
2026-01-14 21:45:00,real_time_price,354.14,flat,310.8690948486328
2026-01-14 22:00:00,real_time_price,329.0,flat,301.27766036987305
2026-01-14 22:15:00,real_time_price,320.13,flat,311.7864170074463
2026-01-14 22:30:00,real_time_price,310.04,flat,294.45359230041504
2026-01-14 22:45:00,real_time_price,359.84,flat,303.87818813323975
2026-01-14 23:00:00,real_time_price,311.44,flat,312.27382588386536
2026-01-14 23:15:00,real_time_price,315.0,flat,288.97887325286865
2026-01-14 23:30:00,real_time_price,315.0,flat,301.6047315597534
2026-01-14 23:45:00,real_time_price,310.8,flat,302.1694087982178
2026-01-15 00:00:00,real_time_price,310.0,valley,297.11071395874023
2026-01-15 00:15:00,real_time_price,287.8,valley,315.4012098312378
2026-01-15 00:30:00,real_time_price,399.07,valley,362.79953384399414
2026-01-15 00:45:00,real_time_price,375.33,valley,394.08599853515625
2026-01-15 01:00:00,real_time_price,359.21,valley,416.2462921142578
2026-01-15 01:15:00,real_time_price,319.45,valley,344.25998306274414
2026-01-15 01:30:00,real_time_price,334.02,valley,324.92005729675293
2026-01-15 01:45:00,real_time_price,318.88,valley,325.0865898132324
2026-01-15 02:00:00,real_time_price,315.7,valley,320.64973735809326
2026-01-15 02:15:00,real_time_price,315.0,valley,309.04054737091064
2026-01-15 02:30:00,real_time_price,310.0,valley,308.04486083984375
2026-01-15 02:45:00,real_time_price,315.0,valley,304.2159776687622
2026-01-15 03:00:00,real_time_price,310.0,valley,303.43492794036865
2026-01-15 03:15:00,real_time_price,310.03,valley,299.52046489715576
2026-01-15 03:30:00,real_time_price,302.0,valley,300.48050117492676
2026-01-15 03:45:00,real_time_price,303.03,valley,294.57607078552246
2026-01-15 04:00:00,real_time_price,302.03,valley,295.59460067749023
2026-01-15 04:15:00,real_time_price,297.03,valley,293.6928720474243
2026-01-15 04:30:00,real_time_price,303.83,valley,289.55495262145996
2026-01-15 04:45:00,real_time_price,302.03,valley,294.88305854797363
2026-01-15 05:00:00,real_time_price,300.03,valley,296.1025733947754
2026-01-15 05:15:00,real_time_price,302.04,valley,296.4211959838867
2026-01-15 05:30:00,real_time_price,302.03,valley,298.5453224182129
2026-01-15 05:45:00,real_time_price,302.11,valley,302.5634574890137
2026-01-15 06:00:00,real_time_price,302.06,valley,304.1327018737793
2026-01-15 06:15:00,real_time_price,309.04,valley,306.493839263916
2026-01-15 06:30:00,real_time_price,398.34,valley,320.5235824584961
2026-01-15 06:45:00,real_time_price,352.64,valley,409.23526763916016
2026-01-15 07:00:00,real_time_price,365.11,valley,367.0523452758789
2026-01-15 07:15:00,real_time_price,366.21,valley,362.8984375
2026-01-15 07:30:00,real_time_price,431.02,valley,376.2726516723633
2026-01-15 07:45:00,real_time_price,481.9,valley,423.09593963623047
2026-01-15 08:00:00,real_time_price,394.1,flat,441.0139465332031
2026-01-15 08:15:00,real_time_price,1079.55,flat,399.75083923339844
2026-01-15 08:30:00,real_time_price,596.58,flat,613.8158569335938
2026-01-15 08:45:00,real_time_price,689.68,flat,562.4122619628906
2026-01-15 09:00:00,real_time_price,791.93,flat,588.0447998046875
2026-01-15 09:15:00,real_time_price,587.67,flat,581.3438110351562
2026-01-15 09:30:00,real_time_price,460.81,flat,571.3018798828125
2026-01-15 09:45:00,real_time_price,481.39,flat,445.29432678222656
2026-01-15 10:00:00,real_time_price,320.41,peak,523.0009307861328
2026-01-15 10:15:00,real_time_price,332.7,peak,345.456298828125
2026-01-15 10:30:00,real_time_price,303.5,peak,328.98706817626953
2026-01-15 10:45:00,real_time_price,295.0,peak,308.99628829956055
2026-01-15 11:00:00,real_time_price,310.47,peak,336.0266342163086
2026-01-15 11:15:00,real_time_price,306.09,peak,353.4970016479492
2026-01-15 11:30:00,real_time_price,297.39,peak,328.77003479003906
2026-01-15 11:45:00,real_time_price,286.8,peak,310.7837600708008
2026-01-15 12:00:00,real_time_price,272.75,flat,221.24974632263184
2026-01-15 12:15:00,real_time_price,201.34,flat,108.9463586807251
2026-01-15 12:30:00,real_time_price,272.77,flat,216.55938720703125
2026-01-15 12:45:00,real_time_price,254.54,flat,248.06329345703125
2026-01-15 13:00:00,real_time_price,250.05,flat,212.0958251953125
2026-01-15 13:15:00,real_time_price,262.43,flat,257.87249755859375
2026-01-15 13:30:00,real_time_price,274.55,flat,279.4429016113281
2026-01-15 13:45:00,real_time_price,271.45,flat,329.5248794555664
2026-01-15 14:00:00,real_time_price,279.79,peak,312.39915466308594
2026-01-15 14:15:00,real_time_price,270.78,peak,269.6475143432617
2026-01-15 14:30:00,real_time_price,266.21,peak,241.36224365234375
2026-01-15 14:45:00,real_time_price,264.69,peak,234.66449737548828
2026-01-15 15:00:00,real_time_price,268.19,peak,243.08797454833984
2026-01-15 15:15:00,real_time_price,266.89,peak,266.37174224853516
2026-01-15 15:30:00,real_time_price,275.24,peak,285.32408142089844
2026-01-15 15:45:00,real_time_price,279.39,peak,296.2785530090332
2026-01-15 16:00:00,real_time_price,284.99,peak,299.10197830200195
2026-01-15 16:15:00,real_time_price,299.53,peak,302.83450984954834
2026-01-15 16:30:00,real_time_price,345.08,peak,322.86044120788574
2026-01-15 16:45:00,real_time_price,329.16,peak,350.8386650085449
2026-01-15 17:00:00,real_time_price,359.83,peak,356.58648681640625
2026-01-15 17:15:00,real_time_price,319.81,peak,357.3273582458496
2026-01-15 17:30:00,real_time_price,380.84,peak,374.9931945800781
2026-01-15 17:45:00,real_time_price,339.03,peak,353.7148952484131
2026-01-15 18:00:00,real_time_price,330.37,peak,371.01053047180176
2026-01-15 18:15:00,real_time_price,378.64,peak,345.4279531240463
2026-01-15 18:30:00,real_time_price,359.19,peak,382.7873649597168
2026-01-15 18:45:00,real_time_price,418.97,peak,439.5143356323242
2026-01-15 19:00:00,real_time_price,396.78,flat,488.130126953125
2026-01-15 19:15:00,real_time_price,334.37,flat,426.30321502685547
2026-01-15 19:30:00,real_time_price,463.19,flat,428.56982421875
2026-01-15 19:45:00,real_time_price,371.57,flat,472.3511734008789
2026-01-15 20:00:00,real_time_price,354.34,flat,382.1846466064453
2026-01-15 20:15:00,real_time_price,345.46,flat,359.381498336792
2026-01-15 20:30:00,real_time_price,371.4,flat,376.7033462524414
2026-01-15 20:45:00,real_time_price,335.14,flat,381.0864601135254
2026-01-15 21:00:00,real_time_price,382.19,flat,367.23369216918945
2026-01-15 21:15:00,real_time_price,356.93,flat,358.57506561279297
2026-01-15 21:30:00,real_time_price,411.32,flat,356.8305721282959
2026-01-15 21:45:00,real_time_price,401.69,flat,380.2068405151367
2026-01-15 22:00:00,real_time_price,380.68,flat,380.6756286621094
2026-01-15 22:15:00,real_time_price,345.44,flat,376.36566162109375
2026-01-15 22:30:00,real_time_price,360.65,flat,351.0088577270508
2026-01-15 22:45:00,real_time_price,403.3,flat,361.9903144836426
2026-01-15 23:00:00,real_time_price,358.48,flat,366.0719299316406
2026-01-15 23:15:00,real_time_price,322.27,flat,353.08385848999023
2026-01-15 23:30:00,real_time_price,317.63,flat,331.2083740234375
2026-01-15 23:45:00,real_time_price,312.33,flat,327.6385135650635
2026-01-16 00:00:00,real_time_price,309.23,valley,313.29775619506836
2026-01-16 00:15:00,real_time_price,287.8,valley,301.3658084869385
2026-01-16 00:30:00,real_time_price,310.58,valley,347.2195129394531
2026-01-16 00:45:00,real_time_price,310.02,valley,321.4072952270508
2026-01-16 01:00:00,real_time_price,317.63,valley,310.6735873222351
2026-01-16 01:15:00,real_time_price,316.78,valley,304.3761489391327
2026-01-16 01:30:00,real_time_price,317.09,valley,304.6333227157593
2026-01-16 01:45:00,real_time_price,315.01,valley,310.5214786529541
2026-01-16 02:00:00,real_time_price,314.7,valley,309.25250816345215
2026-01-16 02:15:00,real_time_price,310.0,valley,309.26209449768066
2026-01-16 02:30:00,real_time_price,310.02,valley,306.0956220626831
2026-01-16 02:45:00,real_time_price,310.0,valley,303.6190662384033
2026-01-16 03:00:00,real_time_price,306.04,valley,306.9443702697754
2026-01-16 03:15:00,real_time_price,307.13,valley,301.317720413208
2026-01-16 03:30:00,real_time_price,300.07,valley,300.51697731018066
2026-01-16 03:45:00,real_time_price,300.07,valley,294.21387100219727
2026-01-16 04:00:00,real_time_price,300.0,valley,295.790319442749
2026-01-16 04:15:00,real_time_price,300.04,valley,297.1786651611328
2026-01-16 04:30:00,real_time_price,300.0,valley,293.282995223999
2026-01-16 04:45:00,real_time_price,298.0,valley,297.7212162017822
2026-01-16 05:00:00,real_time_price,300.05,valley,293.358678817749
2026-01-16 05:15:00,real_time_price,297.08,valley,299.3671054840088
2026-01-16 05:30:00,real_time_price,298.0,valley,299.7194519042969
2026-01-16 05:45:00,real_time_price,287.8,valley,301.7312126159668
2026-01-16 06:00:00,real_time_price,300.0,valley,293.4410591125488
2026-01-16 06:15:00,real_time_price,297.79,valley,302.4581050872803
2026-01-16 06:30:00,real_time_price,300.01,valley,311.0276794433594
2026-01-16 06:45:00,real_time_price,306.8,valley,315.6342258453369
2026-01-16 07:00:00,real_time_price,324.98,valley,322.96729469299316
2026-01-16 07:15:00,real_time_price,316.72,valley,323.46826362609863
2026-01-16 07:30:00,real_time_price,320.01,valley,332.1944122314453
2026-01-16 07:45:00,real_time_price,320.01,valley,315.5368061065674
2026-01-16 08:00:00,real_time_price,323.49,flat,339.0275535583496
2026-01-16 08:15:00,real_time_price,329.89,flat,361.17281341552734
2026-01-16 08:30:00,real_time_price,330.59,flat,356.8427734375
2026-01-16 08:45:00,real_time_price,326.21,flat,350.7660446166992
2026-01-16 09:00:00,real_time_price,322.92,flat,356.50850677490234
2026-01-16 09:15:00,real_time_price,323.98,flat,343.6002426147461
2026-01-16 09:30:00,real_time_price,310.15,flat,323.24390983581543
2026-01-16 09:45:00,real_time_price,317.16,flat,298.0103840827942
2026-01-16 10:00:00,real_time_price,305.47,peak,303.5952854156494
2026-01-16 10:15:00,real_time_price,308.82,peak,297.0580310821533
2026-01-16 10:30:00,real_time_price,286.97,peak,282.33301544189453
2026-01-16 10:45:00,real_time_price,280.36,peak,289.22597885131836
2026-01-16 11:00:00,real_time_price,265.61,peak,279.769287109375
2026-01-16 11:15:00,real_time_price,278.89,peak,283.3262748718262
2026-01-16 11:30:00,real_time_price,274.25,peak,274.9383735656738
2026-01-16 11:45:00,real_time_price,269.56,peak,262.0574645996094
2026-01-16 12:00:00,real_time_price,260.48,flat,232.66238403320312
2026-01-16 12:15:00,real_time_price,170.54,flat,80.34459400177002
2026-01-16 12:30:00,real_time_price,240.77,flat,177.5508041381836
2026-01-16 12:45:00,real_time_price,157.14,flat,180.23084259033203
2026-01-16 13:00:00,real_time_price,59.1,flat,129.23450088500977
2026-01-16 13:15:00,real_time_price,155.4,flat,111.42232513427734
2026-01-16 13:30:00,real_time_price,168.32,flat,155.13430404663086
2026-01-16 13:45:00,real_time_price,255.51,flat,213.9170684814453
2026-01-16 14:00:00,real_time_price,256.49,peak,279.6216125488281
2026-01-16 14:15:00,real_time_price,231.43,peak,241.3476333618164
2026-01-16 14:30:00,real_time_price,233.86,peak,223.90276336669922
2026-01-16 14:45:00,real_time_price,252.14,peak,243.95137786865234
2026-01-16 15:00:00,real_time_price,246.09,peak,265.7832717895508
2026-01-16 15:15:00,real_time_price,256.28,peak,267.89469146728516
2026-01-16 15:30:00,real_time_price,263.4,peak,304.5237731933594
2026-01-16 15:45:00,real_time_price,274.4,peak,298.43114852905273
2026-01-16 16:00:00,real_time_price,285.06,peak,301.0309028625488
2026-01-16 16:15:00,real_time_price,301.22,peak,298.31734466552734
2026-01-16 16:30:00,real_time_price,311.0,peak,321.38914489746094
2026-01-16 16:45:00,real_time_price,310.97,peak,328.076322555542
2026-01-16 17:00:00,real_time_price,357.9,peak,338.43312072753906
2026-01-16 17:15:00,real_time_price,328.2,peak,361.5656204223633
2026-01-16 17:30:00,real_time_price,322.83,peak,354.80287742614746
2026-01-16 17:45:00,real_time_price,332.61,peak,327.98338413238525
2026-01-16 18:00:00,real_time_price,329.37,peak,333.49034118652344
2026-01-16 18:15:00,real_time_price,328.39,peak,341.5684928894043
2026-01-16 18:30:00,real_time_price,347.2,peak,338.5611276626587
2026-01-16 18:45:00,real_time_price,378.48,peak,361.92526721954346
2026-01-16 19:00:00,real_time_price,329.57,flat,395.7895050048828
2026-01-16 19:15:00,real_time_price,349.77,flat,365.4676685333252
2026-01-16 19:30:00,real_time_price,313.89,flat,401.7729377746582
2026-01-16 19:45:00,real_time_price,361.79,flat,347.05173206329346
2026-01-16 20:00:00,real_time_price,318.79,flat,357.05890449881554
2026-01-16 20:15:00,real_time_price,361.97,flat,332.93250846862793
2026-01-16 20:30:00,real_time_price,329.54,flat,361.25125312805176
2026-01-16 20:45:00,real_time_price,324.95,flat,356.2508504986763
2026-01-16 21:00:00,real_time_price,330.02,flat,358.50537917017937
2026-01-16 21:15:00,real_time_price,327.81,flat,338.7271900177002
2026-01-16 21:30:00,real_time_price,336.34,flat,341.19310665130615
2026-01-16 21:45:00,real_time_price,320.16,flat,341.2537064552307
2026-01-16 22:00:00,real_time_price,340.06,flat,334.6499433517456
2026-01-16 22:15:00,real_time_price,314.15,flat,331.1583557128906
2026-01-16 22:30:00,real_time_price,318.83,flat,321.07422256469727
2026-01-16 22:45:00,real_time_price,314.53,flat,315.590256690979
2026-01-16 23:00:00,real_time_price,317.38,flat,313.0818519592285
2026-01-16 23:15:00,real_time_price,316.48,flat,307.8761863708496
2026-01-16 23:30:00,real_time_price,317.15,flat,307.00534439086914
2026-01-16 23:45:00,real_time_price,316.38,flat,307.0896165370941
2026-01-17 00:00:00,real_time_price,320.05,valley,309.76059579849243
2026-01-17 00:15:00,real_time_price,267.84,valley,306.5369830131531
2026-01-17 00:30:00,real_time_price,275.57,valley,327.28127908706665
2026-01-17 00:45:00,real_time_price,303.32,valley,307.74126148223877
2026-01-17 01:00:00,real_time_price,309.31,valley,296.9603023529053
2026-01-17 01:15:00,real_time_price,349.02,valley,304.2954635620117
2026-01-17 01:30:00,real_time_price,327.12,valley,304.25974202156067
2026-01-17 01:45:00,real_time_price,342.76,valley,317.8140172958374
2026-01-17 02:00:00,real_time_price,311.21,valley,332.0765781402588
2026-01-17 02:15:00,real_time_price,336.7,valley,317.1485424041748
2026-01-17 02:30:00,real_time_price,323.0,valley,329.20208168029785
2026-01-17 02:45:00,real_time_price,301.53,valley,319.7643814086914
2026-01-17 03:00:00,real_time_price,310.01,valley,307.6712341308594
2026-01-17 03:15:00,real_time_price,318.38,valley,305.25914001464844
2026-01-17 03:30:00,real_time_price,315.0,valley,312.32541275024414
2026-01-17 03:45:00,real_time_price,305.0,valley,307.09407806396484
2026-01-17 04:00:00,real_time_price,303.15,valley,303.6786804199219
2026-01-17 04:15:00,real_time_price,301.36,valley,292.63770866394043
2026-01-17 04:30:00,real_time_price,302.07,valley,298.92674827575684
2026-01-17 04:45:00,real_time_price,293.76,valley,297.59533882141113
2026-01-17 05:00:00,real_time_price,292.68,valley,293.36205291748047
2026-01-17 05:15:00,real_time_price,291.08,valley,292.4897470474243
2026-01-17 05:30:00,real_time_price,291.08,valley,292.2966823577881
2026-01-17 05:45:00,real_time_price,291.99,valley,295.07570457458496
2026-01-17 06:00:00,real_time_price,297.65,valley,294.93464183807373
2026-01-17 06:15:00,real_time_price,297.44,valley,302.506893157959
2026-01-17 06:30:00,real_time_price,298.84,valley,313.72677993774414
2026-01-17 06:45:00,real_time_price,296.4,valley,314.353720664978
2026-01-17 07:00:00,real_time_price,298.39,valley,308.00001859664917
2026-01-17 07:15:00,real_time_price,302.23,valley,312.13907742500305
2026-01-17 07:30:00,real_time_price,307.85,valley,320.79826736450195
2026-01-17 07:45:00,real_time_price,322.96,valley,319.47208166122437
2026-01-17 08:00:00,real_time_price,327.15,flat,323.3375916481018
2026-01-17 08:15:00,real_time_price,467.7,flat,303.18047523498535
2026-01-17 08:30:00,real_time_price,329.13,flat,348.3064613342285
2026-01-17 08:45:00,real_time_price,444.75,flat,362.8940963745117
2026-01-17 09:00:00,real_time_price,340.92,flat,370.4633903503418
2026-01-17 09:15:00,real_time_price,352.62,flat,336.831823348999
2026-01-17 09:30:00,real_time_price,330.41,flat,339.9582405090332
2026-01-17 09:45:00,real_time_price,328.6,flat,330.07101821899414
2026-01-17 10:00:00,real_time_price,309.95,peak,319.5464553833008
2026-01-17 10:15:00,real_time_price,287.97,peak,300.80246353149414
2026-01-17 10:30:00,real_time_price,289.7,peak,263.1096782684326
2026-01-17 10:45:00,real_time_price,263.13,peak,258.28093338012695
2026-01-17 11:00:00,real_time_price,277.45,peak,286.00486755371094
2026-01-17 11:15:00,real_time_price,271.92,peak,278.20800018310547
2026-01-17 11:30:00,real_time_price,279.24,peak,273.1714096069336
2026-01-17 11:45:00,real_time_price,259.45,peak,255.38755416870117
2026-01-17 12:00:00,real_time_price,259.35,flat,219.12890243530273
2026-01-17 12:15:00,real_time_price,100.0,flat,77.58689308166504
2026-01-17 12:30:00,real_time_price,209.15,flat,127.47584915161133
2026-01-17 12:45:00,real_time_price,141.91,flat,161.8206787109375
2026-01-17 13:00:00,real_time_price,147.25,flat,131.6486053466797
2026-01-17 13:15:00,real_time_price,143.29,flat,147.1607437133789
2026-01-17 13:30:00,real_time_price,199.09,flat,172.85711669921875
2026-01-17 13:45:00,real_time_price,266.93,flat,255.38341522216797
2026-01-17 14:00:00,real_time_price,225.16,peak,276.13098907470703
2026-01-17 14:15:00,real_time_price,239.15,peak,229.42537689208984
2026-01-17 14:30:00,real_time_price,189.93,peak,246.5396728515625
2026-01-17 14:45:00,real_time_price,214.67,peak,215.5443115234375
2026-01-17 15:00:00,real_time_price,231.39,peak,243.86173248291016
2026-01-17 15:15:00,real_time_price,188.45,peak,251.33508682250977
2026-01-17 15:30:00,real_time_price,186.39,peak,249.25250053405762
2026-01-17 15:45:00,real_time_price,259.78,peak,256.3604893684387
2026-01-17 16:00:00,real_time_price,269.55,peak,284.65520572662354
2026-01-17 16:15:00,real_time_price,275.79,peak,281.48008251190186
2026-01-17 16:30:00,real_time_price,282.9,peak,293.1865015029907
2026-01-17 16:45:00,real_time_price,299.22,peak,295.35738945007324
2026-01-17 17:00:00,real_time_price,469.48,peak,310.6501188278198
2026-01-17 17:15:00,real_time_price,419.37,peak,372.3201026916504
2026-01-17 17:30:00,real_time_price,328.44,peak,436.8929901123047
2026-01-17 17:45:00,real_time_price,318.73,peak,344.02128553390503
2026-01-17 18:00:00,real_time_price,327.51,peak,350.74884939193726
2026-01-17 18:15:00,real_time_price,321.66,peak,341.3872661590576
2026-01-17 18:30:00,real_time_price,314.13,peak,331.69811248779297
2026-01-17 18:45:00,real_time_price,328.96,peak,332.7880668640137
2026-01-17 19:00:00,real_time_price,321.89,flat,334.17109298706055
2026-01-17 19:15:00,real_time_price,328.02,flat,321.08254623413086
2026-01-17 19:30:00,real_time_price,341.45,flat,339.7580394744873
2026-01-17 19:45:00,real_time_price,347.17,flat,345.2455711364746
2026-01-17 20:00:00,real_time_price,353.48,flat,340.816686630249
2026-01-17 20:15:00,real_time_price,362.18,flat,341.8752899169922
2026-01-17 20:30:00,real_time_price,380.72,flat,361.69333505630493
2026-01-17 20:45:00,real_time_price,333.47,flat,382.08973121643066
2026-01-17 21:00:00,real_time_price,330.46,flat,360.60917353630066
2026-01-17 21:15:00,real_time_price,396.09,flat,342.63276195526123
2026-01-17 21:30:00,real_time_price,384.25,flat,365.69507598876953
2026-01-17 21:45:00,real_time_price,325.3,flat,377.0769844055176
2026-01-17 22:00:00,real_time_price,357.63,flat,341.39643573760986
2026-01-17 22:15:00,real_time_price,329.94,flat,340.2572681903839
2026-01-17 22:30:00,real_time_price,328.59,flat,330.0299640893936
2026-01-17 22:45:00,real_time_price,349.03,flat,317.2446184158325
2026-01-17 23:00:00,real_time_price,324.99,flat,328.3951721191406
2026-01-17 23:15:00,real_time_price,328.33,flat,318.1836266517639
2026-01-17 23:30:00,real_time_price,317.0,flat,317.99167919158936
2026-01-17 23:45:00,real_time_price,306.9,flat,310.8620319366455
2026-01-18 00:00:00,real_time_price,298.67,valley,317.0500431060791
2026-01-18 00:15:00,real_time_price,267.37,valley,295.5587697029114
2026-01-18 00:30:00,real_time_price,361.46,valley,332.2602291107178
2026-01-18 00:45:00,real_time_price,385.36,valley,338.67530822753906
2026-01-18 01:00:00,real_time_price,316.2,valley,367.4194869995117
2026-01-18 01:15:00,real_time_price,326.35,valley,335.4901943206787
2026-01-18 01:30:00,real_time_price,325.43,valley,323.41235160827637
2026-01-18 01:45:00,real_time_price,323.99,valley,324.76505851745605
2026-01-18 02:00:00,real_time_price,325.85,valley,320.72790908813477
2026-01-18 02:15:00,real_time_price,326.86,valley,322.45599365234375
2026-01-18 02:30:00,real_time_price,315.47,valley,322.7842597961426
2026-01-18 02:45:00,real_time_price,312.5,valley,311.81364250183105
2026-01-18 03:00:00,real_time_price,294.75,valley,309.8996238708496
2026-01-18 03:15:00,real_time_price,291.41,valley,302.02624320983887
2026-01-18 03:30:00,real_time_price,297.83,valley,293.6206798553467
2026-01-18 03:45:00,real_time_price,305.99,valley,288.6408271789551
2026-01-18 04:00:00,real_time_price,312.34,valley,293.55258655548096
2026-01-18 04:15:00,real_time_price,298.97,valley,306.8024559020996
2026-01-18 04:30:00,real_time_price,297.75,valley,296.0612859725952
2026-01-18 04:45:00,real_time_price,289.42,valley,293.5760278701782
2026-01-18 05:00:00,real_time_price,289.75,valley,290.77284717559814
2026-01-18 05:15:00,real_time_price,287.74,valley,289.28631687164307
2026-01-18 05:30:00,real_time_price,294.34,valley,291.0215654373169
2026-01-18 05:45:00,real_time_price,294.39,valley,295.77002716064453
2026-01-18 06:00:00,real_time_price,297.75,valley,298.61222076416016
2026-01-18 06:15:00,real_time_price,299.38,valley,302.99566078186035
2026-01-18 06:30:00,real_time_price,294.33,valley,308.4306306838989
2026-01-18 06:45:00,real_time_price,272.49,valley,308.8066005706787
2026-01-18 07:00:00,real_time_price,289.77,valley,293.54368019104004
2026-01-18 07:15:00,real_time_price,279.82,valley,294.42377185821533
2026-01-18 07:30:00,real_time_price,297.73,valley,291.01371574401855
2026-01-18 07:45:00,real_time_price,302.62,valley,294.64917945861816
2026-01-18 08:00:00,real_time_price,317.92,flat,301.0973205566406
2026-01-18 08:15:00,real_time_price,318.11,flat,312.3890380859375
2026-01-18 08:30:00,real_time_price,300.29,flat,315.1786205768585
2026-01-18 08:45:00,real_time_price,297.38,flat,297.80269050598145
2026-01-18 09:00:00,real_time_price,293.59,flat,297.1140651702881
2026-01-18 09:15:00,real_time_price,296.01,flat,289.6547374725342
2026-01-18 09:30:00,real_time_price,278.75,flat,289.098032951355
2026-01-18 09:45:00,real_time_price,273.61,flat,276.31269454956055
2026-01-18 10:00:00,real_time_price,243.9,peak,256.3143005371094
2026-01-18 10:15:00,real_time_price,215.63,peak,242.30181503295898
2026-01-18 10:30:00,real_time_price,143.45,peak,230.82818222045898
2026-01-18 10:45:00,real_time_price,177.23,peak,189.92649841308594
2026-01-18 11:00:00,real_time_price,153.41,peak,198.88488006591797
2026-01-18 11:15:00,real_time_price,55.26,peak,170.69603729248047
2026-01-18 11:30:00,real_time_price,245.31,peak,143.9363784790039
2026-01-18 11:45:00,real_time_price,145.59,peak,201.07230758666992
2026-01-18 12:00:00,real_time_price,172.61,flat,128.55640411376953
2026-01-18 12:15:00,real_time_price,23.25,flat,-22.515762329101562
2026-01-18 12:30:00,real_time_price,89.51,flat,36.44837951660156
2026-01-18 12:45:00,real_time_price,0.09,flat,71.66482162475586
2026-01-18 13:00:00,real_time_price,144.54,flat,52.4647216796875
2026-01-18 13:15:00,real_time_price,64.15,flat,129.5184841156006
2026-01-18 13:30:00,real_time_price,71.25,flat,121.68993377685547
2026-01-18 13:45:00,real_time_price,139.45,flat,145.73926544189453
2026-01-18 14:00:00,real_time_price,2.23,peak,178.65723419189453
2026-01-18 14:15:00,real_time_price,67.94,peak,140.32990264892578
2026-01-18 14:30:00,real_time_price,-48.29,peak,118.61678314208984
2026-01-18 14:45:00,real_time_price,-49.85,peak,25.784469604492188
2026-01-18 15:00:00,real_time_price,169.98,peak,75.71331787109375
2026-01-18 15:15:00,real_time_price,57.02,peak,121.27713775634766
2026-01-18 15:30:00,real_time_price,68.58,peak,106.16865539550781
2026-01-18 15:45:00,real_time_price,-19.75,peak,105.61361694335938
2026-01-18 16:00:00,real_time_price,80.68,peak,94.84306335449219
2026-01-18 16:15:00,real_time_price,186.75,peak,85.55007934570312
2026-01-18 16:30:00,real_time_price,266.32,peak,199.1527862548828
2026-01-18 16:45:00,real_time_price,273.04,peak,275.22278213500977
2026-01-18 17:00:00,real_time_price,285.39,peak,292.0509090423584
2026-01-18 17:15:00,real_time_price,295.0,peak,305.639123916626
2026-01-18 17:30:00,real_time_price,313.99,peak,306.3344497680664
2026-01-18 17:45:00,real_time_price,319.98,peak,309.85057830810547
2026-01-18 18:00:00,real_time_price,310.0,peak,334.34379386901855
2026-01-18 18:15:00,real_time_price,319.98,peak,326.5343608856201
2026-01-18 18:30:00,real_time_price,317.28,peak,338.08555126190186
2026-01-18 18:45:00,real_time_price,315.29,peak,330.1686134338379
2026-01-18 19:00:00,real_time_price,320.08,flat,338.4467477798462
2026-01-18 19:15:00,real_time_price,324.97,flat,301.700252532959
2026-01-18 19:30:00,real_time_price,320.08,flat,328.3747501373291
2026-01-18 19:45:00,real_time_price,319.99,flat,312.78213119506836
2026-01-18 20:00:00,real_time_price,322.98,flat,315.4720268249512
2026-01-18 20:15:00,real_time_price,319.98,flat,325.4845504760742
2026-01-18 20:30:00,real_time_price,320.68,flat,328.8364562988281
2026-01-18 20:45:00,real_time_price,326.26,flat,331.0217170715332
2026-01-18 21:00:00,real_time_price,330.0,flat,334.0489730834961
2026-01-18 21:15:00,real_time_price,330.0,flat,329.6435661315918
2026-01-18 21:30:00,real_time_price,355.22,flat,327.29961013793945
2026-01-18 21:45:00,real_time_price,365.7,flat,340.034291267395
2026-01-18 22:00:00,real_time_price,320.1,flat,347.05375623703003
2026-01-18 22:15:00,real_time_price,319.0,flat,323.783748626709
2026-01-18 22:30:00,real_time_price,314.0,flat,317.15153312683105
2026-01-18 22:45:00,real_time_price,299.86,flat,313.6733150482178
2026-01-18 23:00:00,real_time_price,300.1,flat,298.01683235168457
2026-01-18 23:15:00,real_time_price,285.6,flat,290.9218997955322
2026-01-18 23:30:00,real_time_price,284.86,flat,284.19898414611816
2026-01-18 23:45:00,real_time_price,279.91,flat,279.98768043518066
2026-01-19 00:00:00,real_time_price,279.91,valley,282.85498428344727
2026-01-19 00:15:00,real_time_price,275.0,valley,272.41515159606934
2026-01-19 00:30:00,real_time_price,299.54,valley,348.3949947357178
2026-01-19 00:45:00,real_time_price,292.13,valley,311.4507293701172
2026-01-19 01:00:00,real_time_price,285.0,valley,289.3393497467041
2026-01-19 01:15:00,real_time_price,285.03,valley,286.0344696044922
2026-01-19 01:30:00,real_time_price,280.04,valley,283.74586296081543
2026-01-19 01:45:00,real_time_price,278.33,valley,279.23397064208984
2026-01-19 02:00:00,real_time_price,270.14,valley,276.96279525756836
2026-01-19 02:15:00,real_time_price,275.23,valley,281.62349224090576
2026-01-19 02:30:00,real_time_price,275.03,valley,270.1482334136963
2026-01-19 02:45:00,real_time_price,272.03,valley,275.1376304626465
2026-01-19 03:00:00,real_time_price,270.0,valley,267.1370105743408
2026-01-19 03:15:00,real_time_price,268.04,valley,269.6166934967041
2026-01-19 03:30:00,real_time_price,265.04,valley,270.1963405609131
2026-01-19 03:45:00,real_time_price,274.98,valley,266.22962188720703
2026-01-19 04:00:00,real_time_price,265.13,valley,272.0184597969055
2026-01-19 04:15:00,real_time_price,270.3,valley,270.35797119140625
2026-01-19 04:30:00,real_time_price,265.04,valley,267.1324214935303
2026-01-19 04:45:00,real_time_price,269.99,valley,265.73455715179443
2026-01-19 05:00:00,real_time_price,263.04,valley,266.37083435058594
2026-01-19 05:15:00,real_time_price,269.97,valley,265.45901012420654
2026-01-19 05:30:00,real_time_price,265.07,valley,267.4227523803711
2026-01-19 05:45:00,real_time_price,272.92,valley,271.362352848053
2026-01-19 06:00:00,real_time_price,274.85,valley,275.89791321754456
2026-01-19 06:15:00,real_time_price,274.85,valley,281.27948665618896
2026-01-19 06:30:00,real_time_price,281.81,valley,285.30474042892456
2026-01-19 06:45:00,real_time_price,280.34,valley,288.55131578445435
2026-01-19 07:00:00,real_time_price,291.19,valley,289.9301714897156
2026-01-19 07:15:00,real_time_price,291.18,valley,292.03849506378174
2026-01-19 07:30:00,real_time_price,299.7,valley,297.2351350784302
2026-01-19 07:45:00,real_time_price,298.91,valley,301.8597049713135
2026-01-19 08:00:00,real_time_price,302.92,flat,310.878399848938
2026-01-19 08:15:00,real_time_price,291.23,flat,308.34131717681885
2026-01-19 08:30:00,real_time_price,310.78,flat,307.44212675094604
2026-01-19 08:45:00,real_time_price,306.63,flat,319.1555519104004
2026-01-19 09:00:00,real_time_price,337.21,flat,307.0774369239807
2026-01-19 09:15:00,real_time_price,263.17,flat,310.45580530166626
2026-01-19 09:30:00,real_time_price,304.11,flat,277.88584899902344
2026-01-19 09:45:00,real_time_price,279.4,flat,288.7119517326355
2026-01-19 10:00:00,real_time_price,278.73,peak,284.10902070999146
2026-01-19 10:15:00,real_time_price,265.81,peak,258.4713363647461
2026-01-19 10:30:00,real_time_price,254.77,peak,241.20241355895996
2026-01-19 10:45:00,real_time_price,143.61,peak,255.68230652809143
2026-01-19 11:00:00,real_time_price,155.3,peak,199.51113510131836
2026-01-19 11:15:00,real_time_price,196.95,peak,177.97150421142578
2026-01-19 11:30:00,real_time_price,244.7,peak,191.1156005859375
2026-01-19 11:45:00,real_time_price,248.88,peak,210.25407028198242
2026-01-19 12:00:00,real_time_price,240.15,flat,196.30283737182617
2026-01-19 12:15:00,real_time_price,106.04,flat,98.30886840820312
2026-01-19 12:30:00,real_time_price,180.6,flat,125.28818321228027
2026-01-19 12:45:00,real_time_price,106.97,flat,189.6729621887207
2026-01-19 13:00:00,real_time_price,132.57,flat,132.84567260742188
2026-01-19 13:15:00,real_time_price,146.92,flat,166.04152011871338
2026-01-19 13:30:00,real_time_price,151.63,flat,170.9352321624756
2026-01-19 13:45:00,real_time_price,154.35,flat,190.19589233398438
2026-01-19 14:00:00,real_time_price,245.18,peak,180.55698013305664
2026-01-19 14:15:00,real_time_price,228.39,peak,196.68841171264648
2026-01-19 14:30:00,real_time_price,85.8,peak,200.65157890319824
2026-01-19 14:45:00,real_time_price,178.76,peak,171.28301620483398
2026-01-19 15:00:00,real_time_price,164.75,peak,170.42732620239258
2026-01-19 15:15:00,real_time_price,232.63,peak,191.40320205688477
2026-01-19 15:30:00,real_time_price,203.09,peak,236.8714771270752
2026-01-19 15:45:00,real_time_price,224.48,peak,245.54199981689453
2026-01-19 16:00:00,real_time_price,252.36,peak,250.35266494750977
2026-01-19 16:15:00,real_time_price,287.96,peak,255.01214599609375
2026-01-19 16:30:00,real_time_price,272.88,peak,277.84139823913574
2026-01-19 16:45:00,real_time_price,273.2,peak,294.386775970459
2026-01-19 17:00:00,real_time_price,290.95,peak,304.70129108428955
2026-01-19 17:15:00,real_time_price,295.07,peak,308.3178243637085
2026-01-19 17:30:00,real_time_price,313.01,peak,305.6797332763672
2026-01-19 17:45:00,real_time_price,305.37,peak,304.931001663208
2026-01-19 18:00:00,real_time_price,315.6,peak,315.23760414123535
2026-01-19 18:15:00,real_time_price,318.83,peak,318.4802761077881
2026-01-19 18:30:00,real_time_price,326.43,peak,324.46711921691895
2026-01-19 18:45:00,real_time_price,331.46,peak,325.3987274169922
2026-01-19 19:00:00,real_time_price,342.9,flat,352.1533694267273
2026-01-19 19:15:00,real_time_price,327.61,flat,341.1917390823364
2026-01-19 19:30:00,real_time_price,317.72,flat,349.3344079256058
2026-01-19 19:45:00,real_time_price,327.24,flat,320.40580558776855
2026-01-19 20:00:00,real_time_price,317.54,flat,328.1443862915039
2026-01-19 20:15:00,real_time_price,317.96,flat,321.86927604675293
2026-01-19 20:30:00,real_time_price,321.83,flat,320.23611068725586
2026-01-19 20:45:00,real_time_price,315.42,flat,328.88680267333984
2026-01-19 21:00:00,real_time_price,317.67,flat,322.77784729003906
2026-01-19 21:15:00,real_time_price,319.64,flat,314.0273246765137
2026-01-19 21:30:00,real_time_price,318.74,flat,319.7591152191162
2026-01-19 21:45:00,real_time_price,307.38,flat,314.90594482421875
2026-01-19 22:00:00,real_time_price,303.01,flat,304.92845153808594
2026-01-19 22:15:00,real_time_price,298.47,flat,296.9898223876953
2026-01-19 22:30:00,real_time_price,291.24,flat,291.7825241088867
2026-01-19 22:45:00,real_time_price,292.07,flat,285.9867515563965
2026-01-19 23:00:00,real_time_price,292.64,flat,284.2742977142334
2026-01-19 23:15:00,real_time_price,282.88,flat,280.13532638549805
2026-01-19 23:30:00,real_time_price,279.91,flat,274.75117111206055
2026-01-19 23:45:00,real_time_price,281.95,flat,278.71039962768555
2026-01-20 00:00:00,real_time_price,278.0,valley,271.7374019622803
2026-01-20 00:15:00,real_time_price,265.02,valley,267.3581962585449
2026-01-20 00:30:00,real_time_price,300.98,valley,303.0360527038574
2026-01-20 00:45:00,real_time_price,293.72,valley,292.4970073699951
2026-01-20 01:00:00,real_time_price,293.04,valley,278.4182987213135
2026-01-20 01:15:00,real_time_price,283.16,valley,279.6005573272705
2026-01-20 01:30:00,real_time_price,286.57,valley,276.29356575012207
2026-01-20 01:45:00,real_time_price,275.93,valley,278.66934967041016
2026-01-20 02:00:00,real_time_price,281.05,valley,275.5002841949463
2026-01-20 02:15:00,real_time_price,274.42,valley,276.8375549316406
2026-01-20 02:30:00,real_time_price,276.66,valley,268.894588470459
2026-01-20 02:45:00,real_time_price,274.26,valley,272.20371437072754
2026-01-20 03:00:00,real_time_price,262.11,valley,272.4613742828369
2026-01-20 03:15:00,real_time_price,268.39,valley,264.3761177062988
2026-01-20 03:30:00,real_time_price,278.65,valley,263.65811347961426
2026-01-20 03:45:00,real_time_price,273.85,valley,269.12011337280273
2026-01-20 04:00:00,real_time_price,265.07,valley,272.6792211532593
2026-01-20 04:15:00,real_time_price,272.11,valley,261.3123550415039
2026-01-20 04:30:00,real_time_price,268.28,valley,266.68507862091064
2026-01-20 04:45:00,real_time_price,263.84,valley,265.39271450042725
2026-01-20 05:00:00,real_time_price,257.02,valley,263.4880723953247
2026-01-20 05:15:00,real_time_price,266.88,valley,259.8071098327637
2026-01-20 05:30:00,real_time_price,269.01,valley,262.99248123168945
2026-01-20 05:45:00,real_time_price,275.2,valley,270.38001918792725
2026-01-20 06:00:00,real_time_price,274.27,valley,272.67504119873047
2026-01-20 06:15:00,real_time_price,273.47,valley,279.97957372665405
2026-01-20 06:30:00,real_time_price,276.48,valley,283.3142099380493
2026-01-20 06:45:00,real_time_price,271.57,valley,285.64759826660156
2026-01-20 07:00:00,real_time_price,286.91,valley,280.56181716918945
2026-01-20 07:15:00,real_time_price,283.5,valley,283.9303283691406
2026-01-20 07:30:00,real_time_price,300.82,valley,288.47754287719727
2026-01-20 07:45:00,real_time_price,303.46,valley,295.9661159515381
2026-01-20 08:00:00,real_time_price,318.39,flat,317.2603349685669
2026-01-20 08:15:00,real_time_price,312.57,flat,321.25047516822815
2026-01-20 08:30:00,real_time_price,318.05,flat,322.7995500564575
2026-01-20 08:45:00,real_time_price,318.95,flat,313.62075597047806
2026-01-20 09:00:00,real_time_price,361.8,flat,317.3621299266815
2026-01-20 09:15:00,real_time_price,444.3,flat,334.5505485534668
2026-01-20 09:30:00,real_time_price,388.2,flat,370.79164123535156
2026-01-20 09:45:00,real_time_price,311.21,flat,345.15385818481445
2026-01-20 10:00:00,real_time_price,318.25,peak,311.1825313568115
2026-01-20 10:15:00,real_time_price,312.79,peak,291.0584182739258
2026-01-20 10:30:00,real_time_price,313.27,peak,274.086217880249
2026-01-20 10:45:00,real_time_price,281.77,peak,305.86379623413086
2026-01-20 11:00:00,real_time_price,304.15,peak,285.6941604614258
2026-01-20 11:15:00,real_time_price,348.59,peak,289.2627754211426
2026-01-20 11:30:00,real_time_price,265.85,peak,321.49464416503906
2026-01-20 11:45:00,real_time_price,284.21,peak,260.2821464538574
2026-01-20 12:00:00,real_time_price,301.07,flat,242.53279876708984
2026-01-20 12:15:00,real_time_price,272.7,flat,131.3951301574707
2026-01-20 12:30:00,real_time_price,285.16,flat,245.77679443359375
2026-01-20 12:45:00,real_time_price,275.99,flat,228.37796783447266
2026-01-20 13:00:00,real_time_price,220.76,flat,213.70468139648438
2026-01-20 13:15:00,real_time_price,250.71,flat,223.9045639038086
2026-01-20 13:30:00,real_time_price,302.23,flat,287.7029037475586
2026-01-20 13:45:00,real_time_price,313.59,flat,368.9471740722656
2026-01-20 14:00:00,real_time_price,317.32,peak,368.6159210205078
2026-01-20 14:15:00,real_time_price,309.78,peak,306.5735397338867
2026-01-20 14:30:00,real_time_price,257.32,peak,307.5244827270508
2026-01-20 14:45:00,real_time_price,275.16,peak,293.17874908447266
2026-01-20 15:00:00,real_time_price,253.94,peak,283.4502944946289
2026-01-20 15:15:00,real_time_price,266.84,peak,275.3193244934082
2026-01-20 15:30:00,real_time_price,271.11,peak,281.2515697479248
2026-01-20 15:45:00,real_time_price,278.64,peak,293.5365238189697
2026-01-20 16:00:00,real_time_price,279.48,peak,289.50306034088135
2026-01-20 16:15:00,real_time_price,285.05,peak,298.37317276000977
2026-01-20 16:30:00,real_time_price,290.89,peak,301.52018117904663
2026-01-20 16:45:00,real_time_price,305.95,peak,307.97327947616577
2026-01-20 17:00:00,real_time_price,360.16,peak,320.13358068466187
2026-01-20 17:15:00,real_time_price,354.2,peak,345.75270080566406
2026-01-20 17:30:00,real_time_price,427.52,peak,363.19676971435547
2026-01-20 17:45:00,real_time_price,370.85,peak,381.5907402038574
2026-01-20 18:00:00,real_time_price,403.56,peak,357.52954864501953
2026-01-20 18:15:00,real_time_price,414.05,peak,384.1649284362793
2026-01-20 18:30:00,real_time_price,504.0,peak,420.4248962402344
2026-01-20 18:45:00,real_time_price,453.71,peak,476.86012268066406
2026-01-20 19:00:00,real_time_price,389.87,flat,486.1134033203125
2026-01-20 19:15:00,real_time_price,384.17,flat,400.67664337158203
2026-01-20 19:30:00,real_time_price,502.54,flat,440.0260009765625
2026-01-20 19:45:00,real_time_price,440.5,flat,473.0121765136719
2026-01-20 20:00:00,real_time_price,342.38,flat,414.80311584472656
2026-01-20 20:15:00,real_time_price,417.68,flat,370.38063049316406
2026-01-20 20:30:00,real_time_price,573.59,flat,419.6129837036133
2026-01-20 20:45:00,real_time_price,437.37,flat,473.2748336791992
2026-01-20 21:00:00,real_time_price,652.97,flat,453.0062789916992
2026-01-20 21:15:00,real_time_price,608.25,flat,557.7807006835938
2026-01-20 21:30:00,real_time_price,616.35,flat,508.36119079589844
2026-01-20 21:45:00,real_time_price,364.56,flat,539.9471588134766
2026-01-20 22:00:00,real_time_price,540.04,flat,405.15440368652344
2026-01-20 22:15:00,real_time_price,523.03,flat,414.52244567871094
2026-01-20 22:30:00,real_time_price,455.62,flat,438.5535354614258
2026-01-20 22:45:00,real_time_price,405.33,flat,435.52677154541016
2026-01-20 23:00:00,real_time_price,358.69,flat,367.7358932495117
2026-01-20 23:15:00,real_time_price,343.27,flat,349.99396896362305
2026-01-20 23:30:00,real_time_price,341.61,flat,332.47266006469727
2026-01-20 23:45:00,real_time_price,342.89,flat,328.5254325866699
2026-01-21 00:00:00,real_time_price,337.16,valley,332.0007095336914
2026-01-21 00:15:00,real_time_price,289.45,valley,320.65663146972656
2026-01-21 00:30:00,real_time_price,330.18,valley,395.4332580566406
2026-01-21 00:45:00,real_time_price,293.73,valley,337.0318012237549
2026-01-21 01:00:00,real_time_price,292.7,valley,310.1759295463562
2026-01-21 01:15:00,real_time_price,280.95,valley,295.2985963821411
2026-01-21 01:30:00,real_time_price,283.53,valley,280.8017854690552
2026-01-21 01:45:00,real_time_price,282.28,valley,286.92985248565674
2026-01-21 02:00:00,real_time_price,274.11,valley,283.82721996307373
2026-01-21 02:15:00,real_time_price,275.47,valley,273.5559844970703
2026-01-21 02:30:00,real_time_price,275.51,valley,275.72053813934326
2026-01-21 02:45:00,real_time_price,269.41,valley,276.3949317932129
2026-01-21 03:00:00,real_time_price,269.86,valley,266.6577091217041
2026-01-21 03:15:00,real_time_price,264.87,valley,268.7550582885742
2026-01-21 03:30:00,real_time_price,265.45,valley,265.63488006591797
2026-01-21 03:45:00,real_time_price,259.34,valley,262.2112159729004
2026-01-21 04:00:00,real_time_price,264.53,valley,264.5826749801636
2026-01-21 04:15:00,real_time_price,254.46,valley,263.1952848434448
2026-01-21 04:30:00,real_time_price,247.79,valley,255.31690979003906
2026-01-21 04:45:00,real_time_price,237.95,valley,249.85399055480957
2026-01-21 05:00:00,real_time_price,254.57,valley,247.2828540802002
2026-01-21 05:15:00,real_time_price,252.84,valley,247.12541961669922
2026-01-21 05:30:00,real_time_price,283.87,valley,253.6582908630371
2026-01-21 05:45:00,real_time_price,264.23,valley,262.45680809020996
2026-01-21 06:00:00,real_time_price,274.24,valley,266.53400230407715
2026-01-21 06:15:00,real_time_price,274.69,valley,270.7722854614258
2026-01-21 06:30:00,real_time_price,287.27,valley,285.368679523468
2026-01-21 06:45:00,real_time_price,293.35,valley,289.058899641037
2026-01-21 07:00:00,real_time_price,285.33,valley,292.80817127227783
2026-01-21 07:15:00,real_time_price,239.62,valley,287.64258205890656
2026-01-21 07:30:00,real_time_price,307.35,valley,267.63243103027344
2026-01-21 07:45:00,real_time_price,292.54,valley,287.069748878479
2026-01-21 08:00:00,real_time_price,300.33,flat,293.9495105743408
2026-01-21 08:15:00,real_time_price,311.38,flat,305.6648836135864
2026-01-21 08:30:00,real_time_price,314.37,flat,325.23083305358887
2026-01-21 08:45:00,real_time_price,331.72,flat,311.78556537628174
2026-01-21 09:00:00,real_time_price,342.59,flat,324.33983421325684
2026-01-21 09:15:00,real_time_price,348.0,flat,332.4329490661621
2026-01-21 09:30:00,real_time_price,494.72,flat,339.55923080444336
2026-01-21 09:45:00,real_time_price,501.02,flat,401.0881042480469
2026-01-21 10:00:00,real_time_price,370.06,peak,445.6297302246094
2026-01-21 10:15:00,real_time_price,588.0,peak,345.10697174072266
2026-01-21 10:30:00,real_time_price,283.57,peak,515.2180633544922
2026-01-21 10:45:00,real_time_price,321.78,peak,336.52400970458984
2026-01-21 11:00:00,real_time_price,364.15,peak,334.1725616455078
2026-01-21 11:15:00,real_time_price,374.4,peak,346.7304916381836
2026-01-21 11:30:00,real_time_price,324.71,peak,330.9613800048828
2026-01-21 11:45:00,real_time_price,331.0,peak,321.8875732421875
2026-01-21 12:00:00,real_time_price,317.65,flat,298.2376480102539
2026-01-21 12:15:00,real_time_price,108.14,flat,188.5700340270996
2026-01-21 12:30:00,real_time_price,382.36,flat,220.86495971679688
2026-01-21 12:45:00,real_time_price,318.72,flat,258.0156784057617
2026-01-21 13:00:00,real_time_price,318.9,flat,262.7582778930664
2026-01-21 13:15:00,real_time_price,113.77,flat,315.36903381347656
2026-01-21 13:30:00,real_time_price,317.56,flat,250.75016403198242
2026-01-21 13:45:00,real_time_price,314.25,flat,319.7614517211914
2026-01-21 14:00:00,real_time_price,371.45,peak,344.3159713745117
2026-01-21 14:15:00,real_time_price,295.39,peak,304.68592834472656
2026-01-21 14:30:00,real_time_price,285.18,peak,313.57093811035156
2026-01-21 14:45:00,real_time_price,291.77,peak,289.45530700683594
2026-01-21 15:00:00,real_time_price,294.18,peak,290.55265045166016
2026-01-21 15:15:00,real_time_price,298.78,peak,301.9022407531738
2026-01-21 15:30:00,real_time_price,302.79,peak,304.9526672363281
2026-01-21 15:45:00,real_time_price,300.01,peak,320.3468208312988
2026-01-21 16:00:00,real_time_price,309.88,peak,319.15636825561523
2026-01-21 16:15:00,real_time_price,314.47,peak,317.9116840362549
2026-01-21 16:30:00,real_time_price,388.99,peak,335.4474868774414
2026-01-21 16:45:00,real_time_price,546.17,peak,380.4072036743164
2026-01-21 17:00:00,real_time_price,631.18,peak,470.9097900390625
2026-01-21 17:15:00,real_time_price,479.51,peak,613.2117919921875
2026-01-21 17:30:00,real_time_price,616.71,peak,515.6297302246094
2026-01-21 17:45:00,real_time_price,597.75,peak,500.5281677246094
2026-01-21 18:00:00,real_time_price,774.67,peak,484.2917022705078
2026-01-21 18:15:00,real_time_price,704.5,peak,602.4609069824219
2026-01-21 18:30:00,real_time_price,737.5,peak,702.7200927734375
2026-01-21 18:45:00,real_time_price,1197.72,peak,714.1953125
2026-01-21 19:00:00,real_time_price,865.8,flat,982.8540649414062
2026-01-21 19:15:00,real_time_price,510.48,flat,881.7445373535156
2026-01-21 19:30:00,real_time_price,780.01,flat,838.9246215820312
2026-01-21 19:45:00,real_time_price,678.23,flat,880.0273742675781
2026-01-21 20:00:00,real_time_price,1200.53,flat,670.1529541015625
2026-01-21 20:15:00,real_time_price,764.11,flat,995.2753295898438
2026-01-21 20:30:00,real_time_price,1227.89,flat,786.8308410644531
2026-01-21 20:45:00,real_time_price,1048.77,flat,988.2155151367188
2026-01-21 21:00:00,real_time_price,987.45,flat,1000.8290100097656
2026-01-21 21:15:00,real_time_price,822.34,flat,904.8247680664062
2026-01-21 21:30:00,real_time_price,962.17,flat,952.578125
2026-01-21 21:45:00,real_time_price,775.05,flat,892.3203735351562
2026-01-21 22:00:00,real_time_price,685.0,flat,812.8270263671875
2026-01-21 22:15:00,real_time_price,1211.89,flat,717.680419921875
2026-01-21 22:30:00,real_time_price,739.64,flat,902.4344177246094
2026-01-21 22:45:00,real_time_price,450.03,flat,603.653076171875
2026-01-21 23:00:00,real_time_price,348.81,flat,453.78936767578125
2026-01-21 23:15:00,real_time_price,318.55,flat,313.1117973327637
2026-01-21 23:30:00,real_time_price,316.55,flat,301.1896393299103
2026-01-21 23:45:00,real_time_price,298.3,flat,302.74527883529663
2026-01-22 00:00:00,real_time_price,291.77,valley,336.77114486694336
2026-01-22 00:15:00,real_time_price,287.69,valley,266.18514251708984
2026-01-22 00:30:00,real_time_price,219.09,valley,324.2502737045288
2026-01-22 00:45:00,real_time_price,284.75,valley,301.94843435287476
2026-01-22 01:00:00,real_time_price,290.87,valley,268.354341506958
2026-01-22 01:15:00,real_time_price,274.31,valley,282.5169267654419
2026-01-22 01:30:00,real_time_price,293.48,valley,274.65832138061523
2026-01-22 01:45:00,real_time_price,281.71,valley,272.2039909362793
2026-01-22 02:00:00,real_time_price,249.29,valley,269.2189064025879
2026-01-22 02:15:00,real_time_price,276.34,valley,262.536190032959
2026-01-22 02:30:00,real_time_price,280.64,valley,268.85748386383057
2026-01-22 02:45:00,real_time_price,267.24,valley,267.6546688079834
2026-01-22 03:00:00,real_time_price,273.68,valley,256.9494695663452
2026-01-22 03:15:00,real_time_price,277.61,valley,264.0523147583008
2026-01-22 03:30:00,real_time_price,274.22,valley,264.41475081443787
2026-01-22 03:45:00,real_time_price,278.38,valley,262.8341598510742
2026-01-22 04:00:00,real_time_price,257.99,valley,266.21434918046
2026-01-22 04:15:00,real_time_price,285.53,valley,257.4690191745758
2026-01-22 04:30:00,real_time_price,274.39,valley,259.5649981498718
2026-01-22 04:45:00,real_time_price,272.13,valley,260.64277172088623
2026-01-22 05:00:00,real_time_price,274.54,valley,266.3923225402832
2026-01-22 05:15:00,real_time_price,277.49,valley,273.16455078125
2026-01-22 05:30:00,real_time_price,285.06,valley,277.77027320861816
2026-01-22 05:45:00,real_time_price,283.69,valley,284.6705741882324
2026-01-22 06:00:00,real_time_price,287.42,valley,285.72761154174805
2026-01-22 06:15:00,real_time_price,288.85,valley,290.31464290618896
2026-01-22 06:30:00,real_time_price,286.56,valley,294.5737934112549
2026-01-22 06:45:00,real_time_price,289.41,valley,297.76844215393066
2026-01-22 07:00:00,real_time_price,292.35,valley,296.0769057273865
2026-01-22 07:15:00,real_time_price,376.3,valley,278.5673179626465
2026-01-22 07:30:00,real_time_price,386.63,valley,391.5544967651367
2026-01-22 07:45:00,real_time_price,377.91,valley,397.67188262939453
2026-01-22 08:00:00,real_time_price,229.3,flat,387.8650588989258
2026-01-22 08:15:00,real_time_price,288.25,flat,397.27356719970703
2026-01-22 08:30:00,real_time_price,299.65,flat,323.3573579788208
2026-01-22 08:45:00,real_time_price,286.32,flat,304.8345775604248
2026-01-22 09:00:00,real_time_price,301.09,flat,290.26491928100586
2026-01-22 09:15:00,real_time_price,512.37,flat,292.1846389770508
2026-01-22 09:30:00,real_time_price,714.97,flat,445.29158782958984
2026-01-22 09:45:00,real_time_price,573.36,flat,686.0026245117188
2026-01-22 10:00:00,real_time_price,564.34,peak,617.37353515625
2026-01-22 10:15:00,real_time_price,497.95,peak,562.1288757324219
2026-01-22 10:30:00,real_time_price,473.75,peak,494.02740478515625
2026-01-22 10:45:00,real_time_price,389.01,peak,623.3525695800781
2026-01-22 11:00:00,real_time_price,485.22,peak,388.67520904541016
2026-01-22 11:15:00,real_time_price,477.32,peak,573.6199340820312
2026-01-22 11:30:00,real_time_price,759.9,peak,521.8313598632812
2026-01-22 11:45:00,real_time_price,637.44,peak,688.6142272949219
2026-01-22 12:00:00,real_time_price,429.98,flat,486.3514709472656
2026-01-22 12:15:00,real_time_price,324.53,flat,338.92051696777344
2026-01-22 12:30:00,real_time_price,305.87,flat,389.47190856933594
2026-01-22 12:45:00,real_time_price,272.48,flat,342.5108337402344
2026-01-22 13:00:00,real_time_price,265.94,flat,295.1012420654297
2026-01-22 13:15:00,real_time_price,292.67,flat,279.13311767578125
2026-01-22 13:30:00,real_time_price,289.02,flat,356.35076904296875
2026-01-22 13:45:00,real_time_price,274.55,flat,359.5916442871094
2026-01-22 14:00:00,real_time_price,291.02,peak,331.35066986083984
2026-01-22 14:15:00,real_time_price,297.19,peak,292.65966796875
2026-01-22 14:30:00,real_time_price,298.99,peak,277.421630859375
2026-01-22 14:45:00,real_time_price,294.5,peak,281.54459381103516
2026-01-22 15:00:00,real_time_price,363.66,peak,316.82108306884766
2026-01-22 15:15:00,real_time_price,314.89,peak,349.07784271240234
2026-01-22 15:30:00,real_time_price,315.48,peak,323.29822540283203
2026-01-22 15:45:00,real_time_price,311.08,peak,334.7426071166992
2026-01-22 16:00:00,real_time_price,284.98,peak,299.75703048706055
2026-01-22 16:15:00,real_time_price,320.3,peak,284.5062503814697
2026-01-22 16:30:00,real_time_price,360.47,peak,322.4036822319031
2026-01-22 16:45:00,real_time_price,349.04,peak,375.4482250213623
2026-01-22 17:00:00,real_time_price,419.79,peak,408.2216548919678
2026-01-22 17:15:00,real_time_price,547.69,peak,394.9316396713257
2026-01-22 17:30:00,real_time_price,558.51,peak,566.5298919677734
2026-01-22 17:45:00,real_time_price,406.01,peak,543.5423278808594
2026-01-22 18:00:00,real_time_price,632.08,peak,493.41797256469727
2026-01-22 18:15:00,real_time_price,540.94,peak,573.6469192504883
2026-01-22 18:30:00,real_time_price,474.66,peak,589.8383636474609
2026-01-22 18:45:00,real_time_price,493.93,peak,548.2808151245117
2026-01-22 19:00:00,real_time_price,555.67,flat,524.1272430419922
2026-01-22 19:15:00,real_time_price,649.31,flat,530.0354537963867
2026-01-22 19:30:00,real_time_price,749.21,flat,693.428466796875
2026-01-22 19:45:00,real_time_price,800.58,flat,670.4702758789062
2026-01-22 20:00:00,real_time_price,782.18,flat,762.9278259277344
2026-01-22 20:15:00,real_time_price,668.59,flat,702.7497711181641
2026-01-22 20:30:00,real_time_price,823.12,flat,774.64501953125
2026-01-22 20:45:00,real_time_price,585.83,flat,834.2622375488281
2026-01-22 21:00:00,real_time_price,783.9,flat,747.3724670410156
2026-01-22 21:15:00,real_time_price,770.89,flat,760.1179504394531
2026-01-22 21:30:00,real_time_price,631.35,flat,734.4487457275391
2026-01-22 21:45:00,real_time_price,597.28,flat,668.0274200439453
2026-01-22 22:00:00,real_time_price,658.01,flat,696.54638671875
2026-01-22 22:15:00,real_time_price,548.65,flat,768.3864440917969
2026-01-22 22:30:00,real_time_price,497.36,flat,603.1794891357422
2026-01-22 22:45:00,real_time_price,499.79,flat,481.06261444091797
2026-01-22 23:00:00,real_time_price,373.04,flat,438.9367218017578
2026-01-22 23:15:00,real_time_price,322.0,flat,358.08462142944336
2026-01-22 23:30:00,real_time_price,311.13,flat,328.9425210952759
2026-01-22 23:45:00,real_time_price,297.15,flat,315.20751953125
2026-01-23 00:00:00,real_time_price,287.04,valley,297.1253478974104
2026-01-23 00:15:00,real_time_price,290.0,valley,289.43106269836426
2026-01-23 00:30:00,real_time_price,386.88,valley,326.9677095413208
2026-01-23 00:45:00,real_time_price,326.12,valley,378.6939468383789
2026-01-23 01:00:00,real_time_price,353.17,valley,323.46545791625977
2026-01-23 01:15:00,real_time_price,399.55,valley,329.3524799346924
2026-01-23 01:30:00,real_time_price,324.51,valley,372.3463821411133
2026-01-23 01:45:00,real_time_price,318.43,valley,321.3455352783203
2026-01-23 02:00:00,real_time_price,343.7,valley,316.77530670166016
2026-01-23 02:15:00,real_time_price,328.9,valley,343.3437728881836
2026-01-23 02:30:00,real_time_price,323.28,valley,318.60995864868164
2026-01-23 02:45:00,real_time_price,336.29,valley,313.9452838897705
2026-01-23 03:00:00,real_time_price,317.74,valley,318.77637100219727
2026-01-23 03:15:00,real_time_price,322.32,valley,315.2560119628906
2026-01-23 03:30:00,real_time_price,297.75,valley,308.97777938842773
2026-01-23 03:45:00,real_time_price,309.71,valley,297.09980392456055
2026-01-23 04:00:00,real_time_price,306.72,valley,295.52192306518555
2026-01-23 04:15:00,real_time_price,304.37,valley,303.4854030609131
2026-01-23 04:30:00,real_time_price,289.6,valley,300.20179557800293
2026-01-23 04:45:00,real_time_price,289.4,valley,286.1165370941162
2026-01-23 05:00:00,real_time_price,284.65,valley,286.1640510559082
2026-01-23 05:15:00,real_time_price,286.78,valley,291.14484214782715
2026-01-23 05:30:00,real_time_price,289.5,valley,286.5343265533447
2026-01-23 05:45:00,real_time_price,289.51,valley,290.968448638916
2026-01-23 06:00:00,real_time_price,291.66,valley,299.3302001953125
2026-01-23 06:15:00,real_time_price,289.6,valley,302.37969493865967
2026-01-23 06:30:00,real_time_price,304.53,valley,305.55754947662354
2026-01-23 06:45:00,real_time_price,310.66,valley,309.1146812438965
2026-01-23 07:00:00,real_time_price,313.65,valley,315.7738723754883
2026-01-23 07:15:00,real_time_price,314.59,valley,312.0590033531189
2026-01-23 07:30:00,real_time_price,317.61,valley,320.8715012073517
2026-01-23 07:45:00,real_time_price,365.53,valley,322.35372495651245
2026-01-23 08:00:00,real_time_price,440.73,flat,358.83837127685547
2026-01-23 08:15:00,real_time_price,505.12,flat,414.05387115478516
2026-01-23 08:30:00,real_time_price,670.4,flat,490.5335693359375
2026-01-23 08:45:00,real_time_price,678.17,flat,564.7464599609375
2026-01-23 09:00:00,real_time_price,753.71,flat,574.0474548339844
2026-01-23 09:15:00,real_time_price,613.69,flat,550.4714813232422
2026-01-23 09:30:00,real_time_price,834.89,flat,554.6855316162109
2026-01-23 09:45:00,real_time_price,1377.21,flat,632.2183532714844
2026-01-23 10:00:00,real_time_price,761.67,peak,724.5228576660156
2026-01-23 10:15:00,real_time_price,691.45,peak,576.9570007324219
2026-01-23 10:30:00,real_time_price,510.49,peak,661.9662475585938
2026-01-23 10:45:00,real_time_price,623.31,peak,532.8882446289062
2026-01-23 11:00:00,real_time_price,577.56,peak,552.7946166992188
2026-01-23 11:15:00,real_time_price,393.12,peak,653.2907104492188
2026-01-23 11:30:00,real_time_price,504.41,peak,513.1670074462891
2026-01-23 11:45:00,real_time_price,479.0,peak,489.77381896972656
2026-01-23 12:00:00,real_time_price,411.53,flat,464.4294891357422
2026-01-23 12:15:00,real_time_price,275.3,flat,327.17181396484375
2026-01-23 12:30:00,real_time_price,310.36,flat,441.1730651855469
2026-01-23 12:45:00,real_time_price,305.13,flat,330.28688049316406
2026-01-23 13:00:00,real_time_price,258.21,flat,348.16407775878906
2026-01-23 13:15:00,real_time_price,325.61,flat,303.8847351074219
2026-01-23 13:30:00,real_time_price,318.84,flat,375.4331817626953
2026-01-23 13:45:00,real_time_price,320.59,flat,417.7403869628906
2026-01-23 14:00:00,real_time_price,337.92,peak,401.6540985107422
2026-01-23 14:15:00,real_time_price,322.94,peak,326.6328125
2026-01-23 14:30:00,real_time_price,285.04,peak,324.77286529541016
2026-01-23 14:45:00,real_time_price,300.11,peak,316.7501525878906
2026-01-23 15:00:00,real_time_price,305.0,peak,336.6148376464844
2026-01-23 15:15:00,real_time_price,302.2,peak,317.9637222290039
2026-01-23 15:30:00,real_time_price,299.7,peak,334.4482727050781
2026-01-23 15:45:00,real_time_price,289.49,peak,332.3369140625
2026-01-23 16:00:00,real_time_price,289.64,peak,319.09013748168945
2026-01-23 16:15:00,real_time_price,299.09,peak,310.1114921569824
2026-01-23 16:30:00,real_time_price,324.11,peak,340.0082092285156
2026-01-23 16:45:00,real_time_price,319.61,peak,369.04279708862305
2026-01-23 17:00:00,real_time_price,349.46,peak,376.6834945678711
2026-01-23 17:15:00,real_time_price,340.94,peak,369.23366928100586
2026-01-23 17:30:00,real_time_price,333.35,peak,390.93464851379395
2026-01-23 17:45:00,real_time_price,322.88,peak,386.4582586288452
2026-01-23 18:00:00,real_time_price,379.25,peak,404.59967041015625
2026-01-23 18:15:00,real_time_price,357.49,peak,382.3811149597168
2026-01-23 18:30:00,real_time_price,375.01,peak,406.8702481985092
2026-01-23 18:45:00,real_time_price,451.09,peak,427.9036388397217
2026-01-23 19:00:00,real_time_price,388.69,flat,433.85955810546875
2026-01-23 19:15:00,real_time_price,388.93,flat,383.64766120910645
2026-01-23 19:30:00,real_time_price,384.75,flat,440.0551280975342
2026-01-23 19:45:00,real_time_price,350.38,flat,447.0577697753906
2026-01-23 20:00:00,real_time_price,433.07,flat,434.73406982421875
2026-01-23 20:15:00,real_time_price,324.45,flat,409.56997203826904
2026-01-23 20:30:00,real_time_price,371.22,flat,460.05156326293945
2026-01-23 20:45:00,real_time_price,372.51,flat,430.9736394882202
2026-01-23 21:00:00,real_time_price,333.82,flat,446.4415092468262
2026-01-23 21:15:00,real_time_price,324.37,flat,385.69116401672363
2026-01-23 21:30:00,real_time_price,508.9,flat,349.9219856262207
2026-01-23 21:45:00,real_time_price,313.83,flat,432.7080497741699
2026-01-23 22:00:00,real_time_price,317.32,flat,318.5980529785156
2026-01-23 22:15:00,real_time_price,302.03,flat,353.5508556365967
2026-01-23 22:30:00,real_time_price,328.92,flat,309.7922172546387
2026-01-23 22:45:00,real_time_price,329.79,flat,309.75596809387207
2026-01-23 23:00:00,real_time_price,316.85,flat,314.9283971786499
2026-01-23 23:15:00,real_time_price,318.81,flat,306.32605171203613
2026-01-23 23:30:00,real_time_price,313.83,flat,308.2629093527794
2026-01-23 23:45:00,real_time_price,310.85,flat,303.44025588035583
2026-01-24 00:00:00,real_time_price,288.92,valley,286.8350419998169
2026-01-24 00:15:00,real_time_price,319.15,valley,287.27658128738403
2026-01-24 00:30:00,real_time_price,480.02,valley,372.53527450561523
2026-01-24 00:45:00,real_time_price,364.99,valley,405.585205078125
2026-01-24 01:00:00,real_time_price,463.49,valley,373.15462493896484
2026-01-24 01:15:00,real_time_price,494.28,valley,395.11722564697266
2026-01-24 01:30:00,real_time_price,324.12,valley,459.6920166015625
2026-01-24 01:45:00,real_time_price,338.6,valley,363.6919250488281
2026-01-24 02:00:00,real_time_price,324.32,valley,330.4324588775635
2026-01-24 02:15:00,real_time_price,349.95,valley,338.3858985900879
2026-01-24 02:30:00,real_time_price,323.68,valley,332.5086364746094
2026-01-24 02:45:00,real_time_price,332.63,valley,329.8089065551758
2026-01-24 03:00:00,real_time_price,319.51,valley,318.1068572998047
2026-01-24 03:15:00,real_time_price,322.46,valley,322.76518630981445
2026-01-24 03:30:00,real_time_price,309.71,valley,313.6460266113281
2026-01-24 03:45:00,real_time_price,318.41,valley,310.34120178222656
2026-01-24 04:00:00,real_time_price,313.87,valley,311.6698303222656
2026-01-24 04:15:00,real_time_price,318.51,valley,310.8778190612793
2026-01-24 04:30:00,real_time_price,318.51,valley,307.719690322876
2026-01-24 04:45:00,real_time_price,318.39,valley,307.11206245422363
2026-01-24 05:00:00,real_time_price,318.48,valley,309.4800567626953
2026-01-24 05:15:00,real_time_price,323.71,valley,314.2435989379883
2026-01-24 05:30:00,real_time_price,309.15,valley,322.4146614074707
2026-01-24 05:45:00,real_time_price,315.61,valley,321.4092483520508
2026-01-24 06:00:00,real_time_price,317.9,valley,317.8298530578613
2026-01-24 06:15:00,real_time_price,319.66,valley,321.2711410522461
2026-01-24 06:30:00,real_time_price,326.06,valley,326.2348213195801
2026-01-24 06:45:00,real_time_price,326.45,valley,333.14581298828125
2026-01-24 07:00:00,real_time_price,343.86,valley,335.26938247680664
2026-01-24 07:15:00,real_time_price,323.19,valley,337.08068084716797
2026-01-24 07:30:00,real_time_price,328.17,valley,337.4830665588379
2026-01-24 07:45:00,real_time_price,337.28,valley,329.27914333343506
2026-01-24 08:00:00,real_time_price,348.3,flat,353.2174415588379
2026-01-24 08:15:00,real_time_price,478.05,flat,365.2666778564453
2026-01-24 08:30:00,real_time_price,497.21,flat,431.3874206542969
2026-01-24 08:45:00,real_time_price,442.5,flat,486.29676818847656
2026-01-24 09:00:00,real_time_price,565.76,flat,468.0359191894531
2026-01-24 09:15:00,real_time_price,629.41,flat,507.44879150390625
2026-01-24 09:30:00,real_time_price,278.65,flat,595.0263671875
2026-01-24 09:45:00,real_time_price,387.15,flat,450.2687072753906
2026-01-24 10:00:00,real_time_price,431.43,peak,382.33245849609375
2026-01-24 10:15:00,real_time_price,454.61,peak,370.8263473510742
2026-01-24 10:30:00,real_time_price,340.03,peak,402.4369201660156
2026-01-24 10:45:00,real_time_price,348.85,peak,359.4808883666992
2026-01-24 11:00:00,real_time_price,302.96,peak,375.3841018676758
2026-01-24 11:15:00,real_time_price,300.91,peak,323.49108123779297
2026-01-24 11:30:00,real_time_price,282.67,peak,317.25952911376953
2026-01-24 11:45:00,real_time_price,296.67,peak,271.9936828613281
2026-01-24 12:00:00,real_time_price,279.48,flat,289.66228103637695
2026-01-24 12:15:00,real_time_price,240.48,flat,140.05349922180176
2026-01-24 12:30:00,real_time_price,268.48,flat,265.9529037475586
2026-01-24 12:45:00,real_time_price,260.58,flat,247.62020874023438
2026-01-24 13:00:00,real_time_price,266.32,flat,227.9941635131836
2026-01-24 13:15:00,real_time_price,263.16,flat,246.84852600097656
2026-01-24 13:30:00,real_time_price,266.88,flat,287.0894088745117
2026-01-24 13:45:00,real_time_price,270.19,flat,310.73766326904297
2026-01-24 14:00:00,real_time_price,271.34,peak,315.9876937866211
2026-01-24 14:15:00,real_time_price,262.59,peak,266.0558776855469
2026-01-24 14:30:00,real_time_price,253.59,peak,243.18165588378906
2026-01-24 14:45:00,real_time_price,249.71,peak,255.8475799560547
2026-01-24 15:00:00,real_time_price,251.88,peak,267.7667045593262
2026-01-24 15:15:00,real_time_price,247.51,peak,274.50215911865234
2026-01-24 15:30:00,real_time_price,265.63,peak,275.6067810058594
2026-01-24 15:45:00,real_time_price,259.7,peak,291.5569305419922
2026-01-24 16:00:00,real_time_price,266.65,peak,292.89813232421875
2026-01-24 16:15:00,real_time_price,272.69,peak,287.0496802330017
2026-01-24 16:30:00,real_time_price,277.85,peak,287.6129331588745
2026-01-24 16:45:00,real_time_price,282.4,peak,298.12391090393066
2026-01-24 17:00:00,real_time_price,287.02,peak,316.7928810119629
2026-01-24 17:15:00,real_time_price,288.71,peak,308.3936882019043
2026-01-24 17:30:00,real_time_price,283.06,peak,306.67004776000977
2026-01-24 17:45:00,real_time_price,283.5,peak,289.2939338684082
2026-01-24 18:00:00,real_time_price,290.68,peak,307.325870513916
2026-01-24 18:15:00,real_time_price,294.02,peak,311.4938774108887
2026-01-24 18:30:00,real_time_price,304.25,peak,321.1153755187988
2026-01-24 18:45:00,real_time_price,303.19,peak,334.5271911621094
2026-01-24 19:00:00,real_time_price,315.42,flat,307.809326171875
2026-01-24 19:15:00,real_time_price,291.17,flat,307.9619331359863
2026-01-24 19:30:00,real_time_price,298.21,flat,310.6202163696289
2026-01-24 19:45:00,real_time_price,310.63,flat,302.59412384033203
2026-01-24 20:00:00,real_time_price,308.67,flat,299.1783905029297
2026-01-24 20:15:00,real_time_price,389.85,flat,314.7394561767578
2026-01-24 20:30:00,real_time_price,297.98,flat,377.20691204071045
2026-01-24 20:45:00,real_time_price,314.63,flat,341.1212387084961
2026-01-24 21:00:00,real_time_price,311.92,flat,329.610652923584
2026-01-24 21:15:00,real_time_price,317.07,flat,307.13795471191406
2026-01-24 21:30:00,real_time_price,321.49,flat,319.89027404785156
2026-01-24 21:45:00,real_time_price,319.01,flat,303.18096923828125
2026-01-24 22:00:00,real_time_price,327.51,flat,308.1603126525879
2026-01-24 22:15:00,real_time_price,370.21,flat,313.84333419799805
2026-01-24 22:30:00,real_time_price,397.66,flat,342.07239389419556
2026-01-24 22:45:00,real_time_price,397.99,flat,340.54585552215576
2026-01-24 23:00:00,real_time_price,364.7,flat,346.7932586669922
2026-01-24 23:15:00,real_time_price,341.47,flat,341.2282543182373
2026-01-24 23:30:00,real_time_price,324.77,flat,329.66687774658203
2026-01-24 23:45:00,real_time_price,298.33,flat,321.0140018463135
2026-01-25 00:00:00,real_time_price,298.55,valley,299.60801553726196
2026-01-25 00:15:00,real_time_price,265.39,valley,297.30921173095703
2026-01-25 00:30:00,real_time_price,386.61,valley,321.32654225826263
2026-01-25 00:45:00,real_time_price,331.61,valley,373.7962455749512
2026-01-25 01:00:00,real_time_price,315.73,valley,309.71528947353363
2026-01-25 01:15:00,real_time_price,328.03,valley,313.7143363952637
2026-01-25 01:30:00,real_time_price,318.31,valley,321.94506645202637
2026-01-25 01:45:00,real_time_price,308.44,valley,316.13468742370605
2026-01-25 02:00:00,real_time_price,313.13,valley,312.0431795120239
2026-01-25 02:15:00,real_time_price,312.47,valley,314.0811195373535
2026-01-25 02:30:00,real_time_price,314.34,valley,306.22938346862793
2026-01-25 02:45:00,real_time_price,306.43,valley,311.4951629638672
2026-01-25 03:00:00,real_time_price,306.44,valley,299.6031656265259
2026-01-25 03:15:00,real_time_price,286.85,valley,304.900390625
2026-01-25 03:30:00,real_time_price,289.86,valley,290.8797903060913
2026-01-25 03:45:00,real_time_price,283.88,valley,289.9991846084595
2026-01-25 04:00:00,real_time_price,294.68,valley,283.01142024993896
2026-01-25 04:15:00,real_time_price,289.8,valley,290.40257453918457
2026-01-25 04:30:00,real_time_price,301.57,valley,286.8359441757202
2026-01-25 04:45:00,real_time_price,274.11,valley,296.61388397216797
2026-01-25 05:00:00,real_time_price,276.93,valley,286.5453767776489
2026-01-25 05:15:00,real_time_price,278.99,valley,277.1838254928589
2026-01-25 05:30:00,real_time_price,278.24,valley,279.80921894311905
2026-01-25 05:45:00,real_time_price,279.87,valley,282.0536675453186
2026-01-25 06:00:00,real_time_price,274.85,valley,285.1831085681915
2026-01-25 06:15:00,real_time_price,274.82,valley,288.06998294591904
2026-01-25 06:30:00,real_time_price,274.71,valley,288.22760677337646
2026-01-25 06:45:00,real_time_price,274.85,valley,285.6983308792114
2026-01-25 07:00:00,real_time_price,279.84,valley,286.45887565612793
2026-01-25 07:15:00,real_time_price,274.89,valley,282.15648078918457
2026-01-25 07:30:00,real_time_price,269.99,valley,290.44256019592285
2026-01-25 07:45:00,real_time_price,274.98,valley,281.33502197265625
2026-01-25 08:00:00,real_time_price,280.2,flat,280.8062744140625
2026-01-25 08:15:00,real_time_price,296.48,flat,301.4656791687012
2026-01-25 08:30:00,real_time_price,320.38,flat,292.896183013916
2026-01-25 08:45:00,real_time_price,289.24,flat,302.65319061279297
2026-01-25 09:00:00,real_time_price,285.35,flat,307.91358757019043
2026-01-25 09:15:00,real_time_price,354.04,flat,291.1590461730957
2026-01-25 09:30:00,real_time_price,445.01,flat,316.39963555336
2026-01-25 09:45:00,real_time_price,373.19,flat,375.5023880004883
2026-01-25 10:00:00,real_time_price,287.85,peak,338.48915100097656
2026-01-25 10:15:00,real_time_price,277.18,peak,300.5317087173462
2026-01-25 10:30:00,real_time_price,268.62,peak,270.63297986984253
2026-01-25 10:45:00,real_time_price,277.09,peak,254.18167209625244
2026-01-25 11:00:00,real_time_price,276.95,peak,253.67682886123657
2026-01-25 11:15:00,real_time_price,259.54,peak,266.2726745605469
2026-01-25 11:30:00,real_time_price,271.57,peak,273.15275955200195
2026-01-25 11:45:00,real_time_price,193.94,peak,255.48544311523438
2026-01-25 12:00:00,real_time_price,263.87,flat,206.2077865600586
2026-01-25 12:15:00,real_time_price,42.72,flat,78.12767791748047
2026-01-25 12:30:00,real_time_price,249.26,flat,144.2344696521759
2026-01-25 12:45:00,real_time_price,144.69,flat,122.0273494720459
2026-01-25 13:00:00,real_time_price,145.27,flat,155.3530502319336
2026-01-25 13:15:00,real_time_price,145.27,flat,139.5681118965149
2026-01-25 13:30:00,real_time_price,188.34,flat,198.922456741333
2026-01-25 13:45:00,real_time_price,201.15,flat,233.39455795288086
2026-01-25 14:00:00,real_time_price,198.37,peak,217.6604881286621
2026-01-25 14:15:00,real_time_price,230.11,peak,178.07902908325195
2026-01-25 14:30:00,real_time_price,174.86,peak,179.004732131958
2026-01-25 14:45:00,real_time_price,229.8,peak,190.07385635375977
2026-01-25 15:00:00,real_time_price,194.11,peak,220.32191133499146
2026-01-25 15:15:00,real_time_price,197.23,peak,217.53234100341797
2026-01-25 15:30:00,real_time_price,243.88,peak,201.00889587402344
2026-01-25 15:45:00,real_time_price,271.34,peak,263.6694941520691
2026-01-25 16:00:00,real_time_price,268.48,peak,292.46933698654175
2026-01-25 16:15:00,real_time_price,273.62,peak,273.32655811309814
2026-01-25 16:30:00,real_time_price,285.2,peak,281.24389839172363
2026-01-25 16:45:00,real_time_price,312.3,peak,296.25418281555176
2026-01-25 17:00:00,real_time_price,333.44,peak,330.3911838531494
2026-01-25 17:15:00,real_time_price,149.29,peak,329.4829807281494
2026-01-25 17:30:00,real_time_price,373.57,peak,361.1367931365967
2026-01-25 17:45:00,real_time_price,309.19,peak,348.7353210449219
2026-01-25 18:00:00,real_time_price,370.79,peak,345.2885208129883
2026-01-25 18:15:00,real_time_price,320.97,peak,357.6987609863281
2026-01-25 18:30:00,real_time_price,359.67,peak,383.0356788635254
2026-01-25 18:45:00,real_time_price,359.28,peak,371.38243103027344
2026-01-25 19:00:00,real_time_price,319.64,flat,366.6833724975586
2026-01-25 19:15:00,real_time_price,324.61,flat,309.1251678466797
2026-01-25 19:30:00,real_time_price,324.63,flat,335.85255432128906
2026-01-25 19:45:00,real_time_price,317.0,flat,327.97301483154297
2026-01-25 20:00:00,real_time_price,328.75,flat,325.1129913330078
2026-01-25 20:15:00,real_time_price,329.5,flat,353.8429870605469
2026-01-25 20:30:00,real_time_price,375.98,flat,351.96971130371094
2026-01-25 20:45:00,real_time_price,409.5,flat,378.3680648803711
2026-01-25 21:00:00,real_time_price,350.79,flat,396.9796142578125
2026-01-25 21:15:00,real_time_price,384.45,flat,359.12220001220703
2026-01-25 21:30:00,real_time_price,382.12,flat,371.89722061157227
2026-01-25 21:45:00,real_time_price,379.52,flat,354.4154930114746
2026-01-25 22:00:00,real_time_price,435.64,flat,354.3807716369629
2026-01-25 22:15:00,real_time_price,417.04,flat,384.4373621940613
2026-01-25 22:30:00,real_time_price,365.37,flat,367.04624795913696
2026-01-25 22:45:00,real_time_price,449.36,flat,354.3746280670166
2026-01-25 23:00:00,real_time_price,330.07,flat,351.49968910217285
2026-01-25 23:15:00,real_time_price,322.88,flat,333.2587556838989
2026-01-25 23:30:00,real_time_price,291.51,flat,319.2073907852173
2026-01-25 23:45:00,real_time_price,316.25,flat,310.792555809021
2026-01-26 00:00:00,real_time_price,285.48,valley,288.6354579925537
2026-01-26 00:15:00,real_time_price,282.6,valley,275.3996868133545
2026-01-26 00:30:00,real_time_price,358.28,valley,340.4299793243408
2026-01-26 00:45:00,real_time_price,309.08,valley,320.0107355117798
2026-01-26 01:00:00,real_time_price,309.37,valley,303.40120363235474
2026-01-26 01:15:00,real_time_price,301.45,valley,303.3321540951729
2026-01-26 01:30:00,real_time_price,299.05,valley,295.94238543510437
2026-01-26 01:45:00,real_time_price,291.76,valley,291.996529340744
2026-01-26 02:00:00,real_time_price,307.08,valley,290.5349831581116
2026-01-26 02:15:00,real_time_price,289.71,valley,292.24886506795883
2026-01-26 02:30:00,real_time_price,294.73,valley,288.67351365089417
2026-01-26 02:45:00,real_time_price,279.69,valley,286.2934863641858
2026-01-26 03:00:00,real_time_price,285.34,valley,281.42963910102844
2026-01-26 03:15:00,real_time_price,286.36,valley,278.4420955181122
2026-01-26 03:30:00,real_time_price,299.33,valley,279.1032619178295
2026-01-26 03:45:00,real_time_price,283.93,valley,287.762282371521
2026-01-26 04:00:00,real_time_price,284.87,valley,278.7571325302124
2026-01-26 04:15:00,real_time_price,284.93,valley,281.24239563941956
2026-01-26 04:30:00,real_time_price,291.84,valley,278.67416858673096
2026-01-26 04:45:00,real_time_price,280.0,valley,276.95258045196533
2026-01-26 05:00:00,real_time_price,300.76,valley,276.68087911605835
2026-01-26 05:15:00,real_time_price,279.93,valley,293.4853515625
2026-01-26 05:30:00,real_time_price,290.35,valley,285.3857889175415
2026-01-26 05:45:00,real_time_price,286.87,valley,291.87324047088623
2026-01-26 06:00:00,real_time_price,297.44,valley,291.89115047454834
2026-01-26 06:15:00,real_time_price,290.23,valley,296.6567573547363
2026-01-26 06:30:00,real_time_price,316.21,valley,302.6247901916504
2026-01-26 06:45:00,real_time_price,289.91,valley,325.68046951293945
2026-01-26 07:00:00,real_time_price,311.96,valley,307.83145332336426
2026-01-26 07:15:00,real_time_price,329.53,valley,309.6888418197632
2026-01-26 07:30:00,real_time_price,315.57,valley,331.13682556152344
2026-01-26 07:45:00,real_time_price,310.77,valley,323.0792636871338
2026-01-26 08:00:00,real_time_price,316.49,flat,319.5542221069336
2026-01-26 08:15:00,real_time_price,336.95,flat,336.25479888916016
2026-01-26 08:30:00,real_time_price,379.93,flat,343.025447845459
2026-01-26 08:45:00,real_time_price,320.04,flat,362.2341079711914
2026-01-26 09:00:00,real_time_price,288.86,flat,339.43383979797363
2026-01-26 09:15:00,real_time_price,322.61,flat,321.9072678089142
2026-01-26 09:30:00,real_time_price,418.88,flat,322.46579933166504
2026-01-26 09:45:00,real_time_price,302.56,flat,342.00902938842773
2026-01-26 10:00:00,real_time_price,308.66,peak,340.51330184936523
2026-01-26 10:15:00,real_time_price,276.27,peak,286.1167768239975
2026-01-26 10:30:00,real_time_price,288.61,peak,279.4476270675659
2026-01-26 10:45:00,real_time_price,277.94,peak,267.61018466949463
2026-01-26 11:00:00,real_time_price,259.85,peak,282.8007640838623
2026-01-26 11:15:00,real_time_price,273.26,peak,270.7842779159546
2026-01-26 11:30:00,real_time_price,217.01,peak,277.4384002685547
2026-01-26 11:45:00,real_time_price,286.72,peak,239.96274268627167
2026-01-26 12:00:00,real_time_price,271.9,flat,250.3489933013916
2026-01-26 12:15:00,real_time_price,133.41,flat,112.99928426742554
2026-01-26 12:30:00,real_time_price,263.75,flat,149.89602184295654
2026-01-26 12:45:00,real_time_price,243.53,flat,173.7066192626953
2026-01-26 13:00:00,real_time_price,224.58,flat,204.90906524658203
2026-01-26 13:15:00,real_time_price,265.56,flat,192.7516098022461
2026-01-26 13:30:00,real_time_price,198.77,flat,279.9978942871094
2026-01-26 13:45:00,real_time_price,260.91,flat,289.54296112060547
2026-01-26 14:00:00,real_time_price,277.81,peak,297.96312713623047
2026-01-26 14:15:00,real_time_price,254.15,peak,249.64722061157227
2026-01-26 14:30:00,real_time_price,264.22,peak,227.26544189453125
2026-01-26 14:45:00,real_time_price,218.19,peak,263.4164352416992
2026-01-26 15:00:00,real_time_price,269.47,peak,248.09892654418945
2026-01-26 15:15:00,real_time_price,229.7,peak,271.0850486755371
2026-01-26 15:30:00,real_time_price,220.92,peak,262.2249755859375
2026-01-26 15:45:00,real_time_price,232.86,peak,274.30699253082275
2026-01-26 16:00:00,real_time_price,219.88,peak,269.1840009689331
2026-01-26 16:15:00,real_time_price,268.23,peak,246.81747436523438
2026-01-26 16:30:00,real_time_price,268.26,peak,273.96969413757324
2026-01-26 16:45:00,real_time_price,226.84,peak,285.4065799713135
2026-01-26 17:00:00,real_time_price,278.7,peak,321.00429916381836
2026-01-26 17:15:00,real_time_price,290.0,peak,283.9590606689453
2026-01-26 17:30:00,real_time_price,295.05,peak,320.1653060913086
2026-01-26 17:45:00,real_time_price,288.1,peak,299.807918548584
2026-01-26 18:00:00,real_time_price,300.0,peak,312.06886291503906
2026-01-26 18:15:00,real_time_price,302.5,peak,322.3909606933594
2026-01-26 18:30:00,real_time_price,309.99,peak,325.4715156555176
2026-01-26 18:45:00,real_time_price,303.13,peak,338.16576385498047
2026-01-26 19:00:00,real_time_price,307.66,flat,315.25732421875
2026-01-26 19:15:00,real_time_price,295.28,flat,302.8919448852539
2026-01-26 19:30:00,real_time_price,282.44,flat,325.6969451904297
2026-01-26 19:45:00,real_time_price,282.62,flat,296.0874710083008
2026-01-26 20:00:00,real_time_price,275.87,flat,289.66595458984375
2026-01-26 20:15:00,real_time_price,294.3,flat,305.5146179199219
2026-01-26 20:30:00,real_time_price,297.89,flat,321.05736541748047
2026-01-26 20:45:00,real_time_price,290.42,flat,313.3168029785156
2026-01-26 21:00:00,real_time_price,298.64,flat,320.07484436035156
2026-01-26 21:15:00,real_time_price,297.79,flat,306.9319763183594
2026-01-26 21:30:00,real_time_price,312.03,flat,307.2657241821289
2026-01-26 21:45:00,real_time_price,300.9,flat,316.9185028076172
2026-01-26 22:00:00,real_time_price,310.0,flat,300.371826171875
2026-01-26 22:15:00,real_time_price,320.0,flat,309.4112892150879
2026-01-26 22:30:00,real_time_price,320.0,flat,290.72663497924805
2026-01-26 22:45:00,real_time_price,325.1,flat,300.482364654541
2026-01-26 23:00:00,real_time_price,325.1,flat,304.8303337097168
2026-01-26 23:15:00,real_time_price,325.11,flat,300.2030334472656
2026-01-26 23:30:00,real_time_price,319.14,flat,303.2881659269333
2026-01-26 23:45:00,real_time_price,307.57,flat,304.5675735473633
2026-01-27 00:00:00,real_time_price,296.75,valley,282.58045768737793
2026-01-27 00:15:00,real_time_price,263.56,valley,286.3079128265381
2026-01-27 00:30:00,real_time_price,319.35,valley,327.6449046134949
2026-01-27 00:45:00,real_time_price,324.97,valley,299.052188873291
2026-01-27 01:00:00,real_time_price,297.79,valley,296.36918354034424
2026-01-27 01:15:00,real_time_price,319.98,valley,289.1786365509033
2026-01-27 01:30:00,real_time_price,312.99,valley,301.21954131126404
2026-01-27 01:45:00,real_time_price,310.29,valley,299.55617809295654
2026-01-27 02:00:00,real_time_price,310.12,valley,305.48198556900024
2026-01-27 02:15:00,real_time_price,310.08,valley,305.2190065383911
2026-01-27 02:30:00,real_time_price,300.4,valley,306.4026222229004
2026-01-27 02:45:00,real_time_price,300.12,valley,299.859073638916
2026-01-27 03:00:00,real_time_price,290.08,valley,296.1066732406616
2026-01-27 03:15:00,real_time_price,286.07,valley,290.62936067581177
2026-01-27 03:30:00,real_time_price,283.06,valley,284.93629121780396
2026-01-27 03:45:00,real_time_price,280.09,valley,280.8286150097847
2026-01-27 04:00:00,real_time_price,278.38,valley,281.53009563684464
2026-01-27 04:15:00,real_time_price,262.17,valley,281.2851982116699
2026-01-27 04:30:00,real_time_price,259.16,valley,270.55074405670166
2026-01-27 04:45:00,real_time_price,263.87,valley,263.6397542953491
2026-01-27 05:00:00,real_time_price,260.87,valley,266.3585557937622
2026-01-27 05:15:00,real_time_price,260.09,valley,269.2036786079407
2026-01-27 05:30:00,real_time_price,263.87,valley,267.7969207763672
2026-01-27 05:45:00,real_time_price,263.85,valley,269.15520000457764
2026-01-27 06:00:00,real_time_price,268.94,valley,272.1343312263489
2026-01-27 06:15:00,real_time_price,270.87,valley,276.25152683258057
2026-01-27 06:30:00,real_time_price,278.5,valley,282.4807548522949
2026-01-27 06:45:00,real_time_price,309.0,valley,289.1326262950897
2026-01-27 07:00:00,real_time_price,299.19,valley,300.966739654541
2026-01-27 07:15:00,real_time_price,381.07,valley,301.72286427021027
2026-01-27 07:30:00,real_time_price,379.13,valley,356.81896591186523
2026-01-27 07:45:00,real_time_price,423.46,valley,380.6277770996094
2026-01-27 08:00:00,real_time_price,381.18,flat,410.5281295776367
2026-01-27 08:15:00,real_time_price,407.15,flat,385.7386474609375
2026-01-27 08:30:00,real_time_price,442.45,flat,420.1195373535156
2026-01-27 08:45:00,real_time_price,417.98,flat,437.5714797973633
2026-01-27 09:00:00,real_time_price,380.03,flat,395.6291961669922
2026-01-27 09:15:00,real_time_price,393.73,flat,369.92099380493164
2026-01-27 09:30:00,real_time_price,528.57,flat,391.8466796875
2026-01-27 09:45:00,real_time_price,688.41,flat,424.12623596191406
2026-01-27 10:00:00,real_time_price,303.44,peak,522.7107086181641
2026-01-27 10:15:00,real_time_price,307.03,peak,398.6478729248047
2026-01-27 10:30:00,real_time_price,275.02,peak,313.28296279907227
2026-01-27 10:45:00,real_time_price,267.02,peak,312.50377655029297
2026-01-27 11:00:00,real_time_price,280.87,peak,261.4681534767151
2026-01-27 11:15:00,real_time_price,259.12,peak,261.31422996520996
2026-01-27 11:30:00,real_time_price,221.87,peak,262.43854531645775
2026-01-27 11:45:00,real_time_price,280.11,peak,208.73046112060547
2026-01-27 12:00:00,real_time_price,72.53,flat,243.91155219078064
2026-01-27 12:15:00,real_time_price,128.39,flat,89.35160827636719
2026-01-27 12:30:00,real_time_price,81.11,flat,171.91500854492188
2026-01-27 12:45:00,real_time_price,47.91,flat,94.28506469726562
2026-01-27 13:00:00,real_time_price,50.1,flat,57.842926025390625
2026-01-27 13:15:00,real_time_price,-28.54,flat,88.46887969970703
2026-01-27 13:30:00,real_time_price,8.07,flat,58.93180847167969
2026-01-27 13:45:00,real_time_price,72.74,flat,106.10569763183594
2026-01-27 14:00:00,real_time_price,136.7,peak,83.28804016113281
2026-01-27 14:15:00,real_time_price,50.04,peak,107.56582641601562
2026-01-27 14:30:00,real_time_price,-43.72,peak,39.3441162109375
2026-01-27 14:45:00,real_time_price,49.96,peak,17.6600341796875
2026-01-27 15:00:00,real_time_price,6.16,peak,56.87892150878906
2026-01-27 15:15:00,real_time_price,0.15,peak,52.21002197265625
2026-01-27 15:30:00,real_time_price,43.4,peak,54.26014709472656
2026-01-27 15:45:00,real_time_price,233.28,peak,91.66372680664062
2026-01-27 16:00:00,real_time_price,247.22,peak,195.26073455810547
2026-01-27 16:15:00,real_time_price,252.02,peak,244.12343215942383
2026-01-27 16:30:00,real_time_price,280.1,peak,268.4607982635498
2026-01-27 16:45:00,real_time_price,279.97,peak,295.44851303100586
2026-01-27 17:00:00,real_time_price,299.85,peak,310.8209037780762
2026-01-27 17:15:00,real_time_price,300.1,peak,301.21956634521484
2026-01-27 17:30:00,real_time_price,300.12,peak,316.208194732666
2026-01-27 17:45:00,real_time_price,319.19,peak,297.9571647644043
2026-01-27 18:00:00,real_time_price,320.19,peak,319.92640686035156
2026-01-27 18:15:00,real_time_price,325.79,peak,324.7465400695801
2026-01-27 18:30:00,real_time_price,319.82,peak,336.3307304382324
2026-01-27 18:45:00,real_time_price,339.66,peak,329.1281051635742
2026-01-27 19:00:00,real_time_price,309.54,flat,325.53112030029297
2026-01-27 19:15:00,real_time_price,290.99,flat,305.1512756347656
2026-01-27 19:30:00,real_time_price,298.03,flat,302.7604217529297
2026-01-27 19:45:00,real_time_price,295.75,flat,287.8893127441406
2026-01-27 20:00:00,real_time_price,318.85,flat,295.2343978881836
2026-01-27 20:15:00,real_time_price,299.42,flat,327.55587005615234
2026-01-27 20:30:00,real_time_price,318.32,flat,304.74365234375
2026-01-27 20:45:00,real_time_price,296.47,flat,329.6103210449219
2026-01-27 21:00:00,real_time_price,299.16,flat,300.2749328613281
2026-01-27 21:15:00,real_time_price,315.69,flat,298.75379180908203
2026-01-27 21:30:00,real_time_price,309.0,flat,321.80506896972656
2026-01-27 21:45:00,real_time_price,315.33,flat,295.80338287353516
2026-01-27 22:00:00,real_time_price,313.18,flat,300.34449005126953
2026-01-27 22:15:00,real_time_price,320.65,flat,299.97438049316406
2026-01-27 22:30:00,real_time_price,319.67,flat,293.9234199523926
2026-01-27 22:45:00,real_time_price,296.39,flat,296.6046371459961
2026-01-27 23:00:00,real_time_price,306.24,flat,278.72412490844727
2026-01-27 23:15:00,real_time_price,294.94,flat,281.3801212310791
2026-01-27 23:30:00,real_time_price,284.8,flat,275.89897537231445
2026-01-27 23:45:00,real_time_price,283.38,flat,273.0354824066162
2026-01-28 00:00:00,real_time_price,269.14,valley,278.4841375350952
2026-01-28 00:15:00,real_time_price,258.81,valley,260.88293266296387
2026-01-28 00:30:00,real_time_price,318.38,valley,308.3067145347595
2026-01-28 00:45:00,real_time_price,315.83,valley,299.0288419723511
2026-01-28 01:00:00,real_time_price,308.28,valley,294.34146308898926
2026-01-28 01:15:00,real_time_price,324.84,valley,294.9794936180115
2026-01-28 01:30:00,real_time_price,295.99,valley,306.67650985717773
2026-01-28 01:45:00,real_time_price,308.04,valley,293.4307082891464
2026-01-28 02:00:00,real_time_price,298.98,valley,302.3439826965332
2026-01-28 02:15:00,real_time_price,297.54,valley,296.92844676971436
2026-01-28 02:30:00,real_time_price,287.78,valley,290.2232234477997
2026-01-28 02:45:00,real_time_price,283.01,valley,284.0021630525589
2026-01-28 03:00:00,real_time_price,290.41,valley,279.81242179870605
2026-01-28 03:15:00,real_time_price,277.32,valley,280.8283091187477
2026-01-28 03:30:00,real_time_price,253.52,valley,276.89723801612854
2026-01-28 03:45:00,real_time_price,268.83,valley,259.08631896972656
2026-01-28 04:00:00,real_time_price,265.63,valley,262.80700492858887
2026-01-28 04:15:00,real_time_price,241.27,valley,266.85973262786865
2026-01-28 04:30:00,real_time_price,260.92,valley,249.0748996734619
2026-01-28 04:45:00,real_time_price,254.31,valley,249.53100204467773
2026-01-28 05:00:00,real_time_price,244.31,valley,259.58302116394043
2026-01-28 05:15:00,real_time_price,268.22,valley,252.14727210998535
2026-01-28 05:30:00,real_time_price,265.8,valley,253.0361843109131
2026-01-28 05:45:00,real_time_price,271.21,valley,272.4772253036499
2026-01-28 06:00:00,real_time_price,273.76,valley,274.78413677215576
2026-01-28 06:15:00,real_time_price,287.62,valley,276.70111656188965
2026-01-28 06:30:00,real_time_price,293.25,valley,288.6714856624603
2026-01-28 06:45:00,real_time_price,286.3,valley,295.80609226226807
2026-01-28 07:00:00,real_time_price,322.13,valley,295.9121630191803
2026-01-28 07:15:00,real_time_price,305.43,valley,324.9190158843994
2026-01-28 07:30:00,real_time_price,316.44,valley,304.75092601776123
2026-01-28 07:45:00,real_time_price,328.54,valley,302.15365505218506
2026-01-28 08:00:00,real_time_price,404.31,flat,325.32847595214844
2026-01-28 08:15:00,real_time_price,404.8,flat,385.9232482910156
2026-01-28 08:30:00,real_time_price,357.62,flat,410.23956298828125
2026-01-28 08:45:00,real_time_price,306.66,flat,376.9824562072754
2026-01-28 09:00:00,real_time_price,489.58,flat,354.2055892944336
2026-01-28 09:15:00,real_time_price,367.18,flat,352.55213928222656
2026-01-28 09:30:00,real_time_price,482.53,flat,375.1837387084961
2026-01-28 09:45:00,real_time_price,322.98,flat,422.4914245605469
2026-01-28 10:00:00,real_time_price,363.93,peak,347.3672523498535
2026-01-28 10:15:00,real_time_price,260.6,peak,322.7416000366211
2026-01-28 10:30:00,real_time_price,269.07,peak,244.46639251708984
2026-01-28 10:45:00,real_time_price,265.49,peak,248.90793418884277
2026-01-28 11:00:00,real_time_price,260.73,peak,270.5181694030762
2026-01-28 11:15:00,real_time_price,200.73,peak,260.2890329360962
2026-01-28 11:30:00,real_time_price,209.33,peak,231.6517219543457
2026-01-28 11:45:00,real_time_price,250.45,peak,207.1213150024414
2026-01-28 12:00:00,real_time_price,182.22,flat,211.18803119659424
2026-01-28 12:15:00,real_time_price,58.43,flat,59.380645751953125
2026-01-28 12:30:00,real_time_price,96.43,flat,102.00117111206055
2026-01-28 12:45:00,real_time_price,65.64,flat,90.12009811401367
2026-01-28 13:00:00,real_time_price,10.83,flat,62.09391784667969
2026-01-28 13:15:00,real_time_price,38.6,flat,24.190330505371094
2026-01-28 13:30:00,real_time_price,13.57,flat,71.21075439453125
2026-01-28 13:45:00,real_time_price,12.14,flat,108.99927520751953
2026-01-28 14:00:00,real_time_price,11.46,peak,53.324066162109375
2026-01-28 14:15:00,real_time_price,65.4,peak,15.541717529296875
2026-01-28 14:30:00,real_time_price,-10.28,peak,68.26547241210938
2026-01-28 14:45:00,real_time_price,14.29,peak,14.627243041992188
2026-01-28 15:00:00,real_time_price,36.24,peak,38.0614013671875
2026-01-28 15:15:00,real_time_price,145.18,peak,42.244049072265625
2026-01-28 15:30:00,real_time_price,11.23,peak,121.30005645751953
2026-01-28 15:45:00,real_time_price,216.58,peak,75.34120178222656
2026-01-28 16:00:00,real_time_price,256.64,peak,212.2459945678711
2026-01-28 16:15:00,real_time_price,268.64,peak,250.91036224365234
2026-01-28 16:30:00,real_time_price,285.91,peak,268.3149528503418
2026-01-28 16:45:00,real_time_price,283.67,peak,295.42487239837646
2026-01-28 17:00:00,real_time_price,308.13,peak,307.4971523284912
2026-01-28 17:15:00,real_time_price,295.0,peak,311.0510673522949
2026-01-28 17:30:00,real_time_price,314.7,peak,318.23023796081543
2026-01-28 17:45:00,real_time_price,300.0,peak,311.26061248779297
2026-01-28 18:00:00,real_time_price,310.4,peak,315.968692779541
2026-01-28 18:15:00,real_time_price,327.53,peak,313.55607986450195
2026-01-28 18:30:00,real_time_price,314.99,peak,321.9105682373047
2026-01-28 18:45:00,real_time_price,325.17,peak,319.9334030151367
2026-01-28 19:00:00,real_time_price,308.1,flat,311.0367851257324
2026-01-28 19:15:00,real_time_price,330.0,flat,309.31218338012695
2026-01-28 19:30:00,real_time_price,304.75,flat,334.9919319152832
2026-01-28 19:45:00,real_time_price,325.1,flat,314.6347961425781
2026-01-28 20:00:00,real_time_price,320.0,flat,475.28594970703125
2026-01-28 20:15:00,real_time_price,325.0,flat,328.0065460205078
2026-01-28 20:30:00,real_time_price,319.98,flat,425.7131042480469
2026-01-28 20:45:00,real_time_price,346.0,flat,415.6103630065918
2026-01-28 21:00:00,real_time_price,346.66,flat,333.71792221069336
2026-01-28 21:15:00,real_time_price,449.84,flat,343.7959232330322
2026-01-28 21:30:00,real_time_price,416.57,flat,388.17887115478516
2026-01-28 21:45:00,real_time_price,419.95,flat,396.95103454589844
2026-01-28 22:00:00,real_time_price,367.92,flat,392.28179931640625
2026-01-28 22:15:00,real_time_price,385.8,flat,409.22266387939453
2026-01-28 22:30:00,real_time_price,364.93,flat,363.79395294189453
2026-01-28 22:45:00,real_time_price,337.43,flat,355.7901725769043
2026-01-28 23:00:00,real_time_price,318.76,flat,323.99096870422363
2026-01-28 23:15:00,real_time_price,290.12,flat,307.63881397247314
2026-01-28 23:30:00,real_time_price,283.35,flat,290.5861759185791
2026-01-28 23:45:00,real_time_price,288.21,flat,283.08855724334717
2026-01-29 00:00:00,real_time_price,280.39,valley,280.884765625
2026-01-29 00:15:00,real_time_price,257.79,valley,260.2195739746094
2026-01-29 00:30:00,real_time_price,323.92,valley,346.0710334777832
2026-01-29 00:45:00,real_time_price,315.74,valley,312.3240977525711
2026-01-29 01:00:00,real_time_price,271.65,valley,304.919660449028
2026-01-29 01:15:00,real_time_price,292.85,valley,292.29222297668457
2026-01-29 01:30:00,real_time_price,283.86,valley,277.3671360015869
2026-01-29 01:45:00,real_time_price,244.31,valley,287.514048576355
2026-01-29 02:00:00,real_time_price,245.99,valley,266.10250091552734
2026-01-29 02:15:00,real_time_price,267.98,valley,256.9809989929199
2026-01-29 02:30:00,real_time_price,253.88,valley,254.26580429077148
2026-01-29 02:45:00,real_time_price,273.01,valley,253.98986434936523
2026-01-29 03:00:00,real_time_price,260.38,valley,259.2617530822754
2026-01-29 03:15:00,real_time_price,255.45,valley,259.31258964538574
2026-01-29 03:30:00,real_time_price,263.35,valley,246.3102684020996
2026-01-29 03:45:00,real_time_price,253.6,valley,255.66736221313477
2026-01-29 04:00:00,real_time_price,226.56,valley,252.45753479003906
2026-01-29 04:15:00,real_time_price,249.27,valley,240.8210334777832
2026-01-29 04:30:00,real_time_price,250.29,valley,232.2222023010254
2026-01-29 04:45:00,real_time_price,257.0,valley,242.80582237243652
2026-01-29 05:00:00,real_time_price,255.89,valley,250.40812873840332
2026-01-29 05:15:00,real_time_price,257.0,valley,254.39404964447021
2026-01-29 05:30:00,real_time_price,260.0,valley,254.92944526672363
2026-01-29 05:45:00,real_time_price,255.46,valley,262.44486141204834
2026-01-29 06:00:00,real_time_price,264.0,valley,263.58209705352783
2026-01-29 06:15:00,real_time_price,260.1,valley,269.4426574707031
2026-01-29 06:30:00,real_time_price,270.3,valley,271.41998863220215
2026-01-29 06:45:00,real_time_price,262.23,valley,278.31258964538574
2026-01-29 07:00:00,real_time_price,275.3,valley,280.35650634765625
2026-01-29 07:15:00,real_time_price,268.0,valley,278.4820728302002
2026-01-29 07:30:00,real_time_price,270.0,valley,287.5162811279297
2026-01-29 07:45:00,real_time_price,275.0,valley,291.2790184020996
2026-01-29 08:00:00,real_time_price,275.3,flat,289.114164352417
2026-01-29 08:15:00,real_time_price,275.0,flat,304.2947311401367
2026-01-29 08:30:00,real_time_price,285.14,flat,296.6182746887207
2026-01-29 08:45:00,real_time_price,279.89,flat,279.22476959228516
2026-01-29 09:00:00,real_time_price,279.81,flat,284.5861282348633
2026-01-29 09:15:00,real_time_price,276.47,flat,287.64231872558594
2026-01-29 09:30:00,real_time_price,283.6,flat,270.7456359863281
2026-01-29 09:45:00,real_time_price,282.01,flat,272.3569526672363
2026-01-29 10:00:00,real_time_price,279.4,peak,255.46603393554688
2026-01-29 10:15:00,real_time_price,250.39,peak,244.3009910583496
2026-01-29 10:30:00,real_time_price,267.95,peak,225.47933387756348
2026-01-29 10:45:00,real_time_price,250.14,peak,238.23256921768188
2026-01-29 11:00:00,real_time_price,253.47,peak,224.07019519805908
2026-01-29 11:15:00,real_time_price,249.76,peak,220.27956295013428
2026-01-29 11:30:00,real_time_price,278.67,peak,242.1152801513672
2026-01-29 11:45:00,real_time_price,266.64,peak,244.52681732177734
2026-01-29 12:00:00,real_time_price,219.64,flat,222.28985595703125
2026-01-29 12:15:00,real_time_price,151.33,flat,58.56831741333008
2026-01-29 12:30:00,real_time_price,169.49,flat,167.46355438232422
2026-01-29 12:45:00,real_time_price,107.72,flat,153.53461456298828
2026-01-29 13:00:00,real_time_price,50.44,flat,85.34114456176758
2026-01-29 13:15:00,real_time_price,72.32,flat,58.038429260253906
2026-01-29 13:30:00,real_time_price,126.3,flat,87.29351425170898
2026-01-29 13:45:00,real_time_price,91.74,flat,128.10484313964844
2026-01-29 14:00:00,real_time_price,258.32,peak,137.85687255859375
2026-01-29 14:15:00,real_time_price,207.06,peak,155.77183532714844
2026-01-29 14:30:00,real_time_price,149.48,peak,118.37293243408203
2026-01-29 14:45:00,real_time_price,59.5,peak,154.83589935302734
2026-01-29 15:00:00,real_time_price,180.27,peak,115.28302764892578
2026-01-29 15:15:00,real_time_price,186.26,peak,126.79381942749023
2026-01-29 15:30:00,real_time_price,229.88,peak,171.81840896606445
2026-01-29 15:45:00,real_time_price,98.09,peak,273.7051696777344
2026-01-29 16:00:00,real_time_price,295.56,peak,258.72216415405273
2026-01-29 16:15:00,real_time_price,238.0,peak,304.3770866394043
2026-01-29 16:30:00,real_time_price,286.34,peak,255.26050758361816
2026-01-29 16:45:00,real_time_price,382.6,peak,288.0934753417969
2026-01-29 17:00:00,real_time_price,376.88,peak,370.03768157958984
2026-01-29 17:15:00,real_time_price,347.82,peak,367.766357421875
2026-01-29 17:30:00,real_time_price,348.54,peak,369.72584533691406
2026-01-29 17:45:00,real_time_price,306.83,peak,338.3164005279541
2026-01-29 18:00:00,real_time_price,352.96,peak,327.32915115356445
2026-01-29 18:15:00,real_time_price,297.12,peak,343.41449546813965
2026-01-29 18:30:00,real_time_price,419.0,peak,338.6608467102051
2026-01-29 18:45:00,real_time_price,317.52,peak,415.89149475097656
2026-01-29 19:00:00,real_time_price,377.73,flat,360.8587226867676
2026-01-29 19:15:00,real_time_price,340.72,flat,370.6976852416992
2026-01-29 19:30:00,real_time_price,353.93,flat,392.73645782470703
2026-01-29 19:45:00,real_time_price,365.55,flat,358.10187911987305
2026-01-29 20:00:00,real_time_price,358.56,flat,362.99178314208984
2026-01-29 20:15:00,real_time_price,319.63,flat,346.07523345947266
2026-01-29 20:30:00,real_time_price,295.1,flat,351.02542877197266
2026-01-29 20:45:00,real_time_price,316.61,flat,329.0200332403183
2026-01-29 21:00:00,real_time_price,313.07,flat,322.2423801422119
2026-01-29 21:15:00,real_time_price,298.83,flat,322.32170391082764
2026-01-29 21:30:00,real_time_price,305.59,flat,318.04204750061035
2026-01-29 21:45:00,real_time_price,302.36,flat,315.6072196960449
2026-01-29 22:00:00,real_time_price,307.02,flat,295.6880645751953
2026-01-29 22:15:00,real_time_price,275.48,flat,300.03489875793457
2026-01-29 22:30:00,real_time_price,285.95,flat,284.2299613952637
2026-01-29 22:45:00,real_time_price,265.1,flat,278.81142807006836
2026-01-29 23:00:00,real_time_price,274.07,flat,264.8169250488281
2026-01-29 23:15:00,real_time_price,275.0,flat,261.8584518432617
2026-01-29 23:30:00,real_time_price,267.95,flat,262.51867485046387
2026-01-29 23:45:00,real_time_price,257.0,flat,261.7741813659668
2026-01-30 00:00:00,real_time_price,260.0,valley,260.3604106903076
2026-01-30 00:15:00,real_time_price,263.76,valley,251.06374549865723
2026-01-30 00:30:00,real_time_price,319.7,valley,309.25200843811035
2026-01-30 00:45:00,real_time_price,311.98,valley,297.2012243270874
2026-01-30 01:00:00,real_time_price,303.94,valley,290.54054069519043
2026-01-30 01:15:00,real_time_price,316.97,valley,297.4363360404968
2026-01-30 01:30:00,real_time_price,290.94,valley,296.1171079725027
2026-01-30 01:45:00,real_time_price,265.0,valley,285.4498643875122
2026-01-30 02:00:00,real_time_price,265.0,valley,271.96520233154297
2026-01-30 02:15:00,real_time_price,262.0,valley,265.87600898742676
2026-01-30 02:30:00,real_time_price,255.5,valley,261.9614486694336
2026-01-30 02:45:00,real_time_price,256.79,valley,253.19213485717773
2026-01-30 03:00:00,real_time_price,252.33,valley,253.8226833343506
2026-01-30 03:15:00,real_time_price,257.0,valley,249.41116905212402
2026-01-30 03:30:00,real_time_price,255.0,valley,245.67437553405762
2026-01-30 03:45:00,real_time_price,255.0,valley,254.28702354431152
2026-01-30 04:00:00,real_time_price,256.0,valley,250.74023628234863
2026-01-30 04:15:00,real_time_price,253.0,valley,255.10739994049072
2026-01-30 04:30:00,real_time_price,260.0,valley,253.2162036895752
2026-01-30 04:45:00,real_time_price,260.0,valley,255.1906623840332
2026-01-30 05:00:00,real_time_price,258.76,valley,256.2936067581177
2026-01-30 05:15:00,real_time_price,262.69,valley,256.7560338973999
2026-01-30 05:30:00,real_time_price,260.0,valley,260.8037815093994
2026-01-30 05:45:00,real_time_price,257.0,valley,264.36266326904297
2026-01-30 06:00:00,real_time_price,262.0,valley,263.6308250427246
2026-01-30 06:15:00,real_time_price,262.0,valley,267.607253074646
2026-01-30 06:30:00,real_time_price,267.03,valley,275.2530975341797
2026-01-30 06:45:00,real_time_price,270.67,valley,273.90929794311523
2026-01-30 07:00:00,real_time_price,280.09,valley,279.10425186157227
2026-01-30 07:15:00,real_time_price,280.0,valley,285.9832992553711
2026-01-30 07:30:00,real_time_price,302.48,valley,284.204158782959
2026-01-30 07:45:00,real_time_price,285.0,valley,300.7626495361328
2026-01-30 08:00:00,real_time_price,381.3,flat,298.14257431030273
2026-01-30 08:15:00,real_time_price,338.71,flat,346.9240951538086
2026-01-30 08:30:00,real_time_price,380.0,flat,359.87517166137695
2026-01-30 08:45:00,real_time_price,395.69,flat,367.776611328125
2026-01-30 09:00:00,real_time_price,388.17,flat,385.2104034423828
2026-01-30 09:15:00,real_time_price,409.18,flat,378.4104309082031
2026-01-30 09:30:00,real_time_price,497.52,flat,411.92234802246094
2026-01-30 09:45:00,real_time_price,435.76,flat,516.4513854980469
2026-01-30 10:00:00,real_time_price,363.51,peak,433.562744140625
2026-01-30 10:15:00,real_time_price,472.28,peak,386.39478302001953
2026-01-30 10:30:00,real_time_price,338.59,peak,353.44268798828125
2026-01-30 10:45:00,real_time_price,296.0,peak,382.1685028076172
2026-01-30 11:00:00,real_time_price,281.58,peak,300.0969696044922
2026-01-30 11:15:00,real_time_price,295.56,peak,262.5656967163086
2026-01-30 11:30:00,real_time_price,289.59,peak,284.34571838378906
2026-01-30 11:45:00,real_time_price,284.39,peak,268.18829345703125
2026-01-30 12:00:00,real_time_price,290.24,flat,253.2792625427246
2026-01-30 12:15:00,real_time_price,282.29,flat,151.14822387695312
2026-01-30 12:30:00,real_time_price,319.05,flat,235.8678207397461
2026-01-30 12:45:00,real_time_price,291.44,flat,231.2353973388672
2026-01-30 13:00:00,real_time_price,284.15,flat,201.81666564941406
2026-01-30 13:15:00,real_time_price,259.71,flat,227.4456024169922
2026-01-30 13:30:00,real_time_price,269.02,flat,226.21533203125
2026-01-30 13:45:00,real_time_price,305.67,flat,287.40814208984375
2026-01-30 14:00:00,real_time_price,306.46,peak,276.4503631591797
2026-01-30 14:15:00,real_time_price,296.99,peak,266.47784423828125
2026-01-30 14:30:00,real_time_price,268.46,peak,198.8529815673828
2026-01-30 14:45:00,real_time_price,278.4,peak,219.0120391845703
2026-01-30 15:00:00,real_time_price,292.49,peak,252.5576934814453
2026-01-30 15:15:00,real_time_price,289.44,peak,267.62652587890625
2026-01-30 15:30:00,real_time_price,293.69,peak,275.10609436035156
2026-01-30 15:45:00,real_time_price,283.22,peak,333.4116668701172
2026-01-30 16:00:00,real_time_price,294.15,peak,319.3951606750488
2026-01-30 16:15:00,real_time_price,300.27,peak,322.97803115844727
2026-01-30 16:30:00,real_time_price,303.88,peak,327.97816467285156
2026-01-30 16:45:00,real_time_price,361.36,peak,313.8397789001465
2026-01-30 17:00:00,real_time_price,416.66,peak,357.79296112060547
2026-01-30 17:15:00,real_time_price,507.63,peak,398.75135803222656
2026-01-30 17:30:00,real_time_price,611.63,peak,509.2019348144531
2026-01-30 17:45:00,real_time_price,368.69,peak,497.87744140625
2026-01-30 18:00:00,real_time_price,559.95,peak,381.9713134765625
2026-01-30 18:15:00,real_time_price,776.46,peak,502.5094451904297
2026-01-30 18:30:00,real_time_price,843.11,peak,742.4554138183594
2026-01-30 18:45:00,real_time_price,410.73,peak,749.4216003417969
2026-01-30 19:00:00,real_time_price,499.88,flat,469.4485321044922
2026-01-30 19:15:00,real_time_price,639.79,flat,513.6363067626953
2026-01-30 19:30:00,real_time_price,866.43,flat,762.4981994628906
2026-01-30 19:45:00,real_time_price,360.18,flat,698.0712280273438
2026-01-30 20:00:00,real_time_price,884.71,flat,372.2647895812988
2026-01-30 20:15:00,real_time_price,517.48,flat,612.4924926757812
2026-01-30 20:30:00,real_time_price,553.04,flat,581.3640289306641
2026-01-30 20:45:00,real_time_price,1066.52,flat,521.3611907958984
2026-01-30 21:00:00,real_time_price,830.59,flat,745.8644104003906
2026-01-30 21:15:00,real_time_price,525.82,flat,763.6556701660156
2026-01-30 21:30:00,real_time_price,446.38,flat,581.5448303222656
2026-01-30 21:45:00,real_time_price,407.32,flat,581.7281036376953
2026-01-30 22:00:00,real_time_price,379.59,flat,472.2270965576172
2026-01-30 22:15:00,real_time_price,328.97,flat,407.7256164550781
2026-01-30 22:30:00,real_time_price,330.0,flat,376.1670913696289
2026-01-30 22:45:00,real_time_price,399.9,flat,349.28711700439453
2026-01-30 23:00:00,real_time_price,310.0,flat,404.74230194091797
2026-01-30 23:15:00,real_time_price,320.01,flat,337.25163650512695
2026-01-30 23:30:00,real_time_price,319.0,flat,311.4939069747925
2026-01-30 23:45:00,real_time_price,314.0,flat,312.0486602783203
2026-01-31 00:00:00,real_time_price,290.0,valley,309.71837615966797
2026-01-31 00:15:00,real_time_price,269.0,valley,294.3271999359131
2026-01-31 00:30:00,real_time_price,429.36,valley,354.4490432739258
2026-01-31 00:45:00,real_time_price,341.78,valley,395.2212371826172
2026-01-31 01:00:00,real_time_price,335.19,valley,351.8385429382324
2026-01-31 01:15:00,real_time_price,324.42,valley,332.2061939239502
2026-01-31 01:30:00,real_time_price,324.07,valley,316.3105583190918
2026-01-31 01:45:00,real_time_price,283.56,valley,315.9194087982178
2026-01-31 02:00:00,real_time_price,280.0,valley,302.64561009407043
2026-01-31 02:15:00,real_time_price,279.98,valley,293.37663745880127
2026-01-31 02:30:00,real_time_price,280.0,valley,275.1096439361572
2026-01-31 02:45:00,real_time_price,275.0,valley,280.1054620742798
2026-01-31 03:00:00,real_time_price,270.3,valley,278.33634757995605
2026-01-31 03:15:00,real_time_price,265.3,valley,272.42265224456787
2026-01-31 03:30:00,real_time_price,260.3,valley,264.9904556274414
2026-01-31 03:45:00,real_time_price,257.0,valley,260.96262550354004
2026-01-31 04:00:00,real_time_price,255.4,valley,257.5405025482178
2026-01-31 04:15:00,real_time_price,251.0,valley,253.21219444274902
2026-01-31 04:30:00,real_time_price,260.0,valley,253.12594985961914
2026-01-31 04:45:00,real_time_price,260.0,valley,254.42156410217285
2026-01-31 05:00:00,real_time_price,257.0,valley,260.9489231109619
2026-01-31 05:15:00,real_time_price,262.0,valley,261.1936273574829
2026-01-31 05:30:00,real_time_price,260.0,valley,262.18985080718994
2026-01-31 05:45:00,real_time_price,260.0,valley,264.20583057403564
2026-01-31 06:00:00,real_time_price,260.4,valley,265.96216201782227
2026-01-31 06:15:00,real_time_price,260.0,valley,266.23269844055176
2026-01-31 06:30:00,real_time_price,260.0,valley,268.44833755493164
2026-01-31 06:45:00,real_time_price,264.97,valley,266.42255210876465
2026-01-31 07:00:00,real_time_price,260.4,valley,274.3169136047363
2026-01-31 07:15:00,real_time_price,265.0,valley,260.11121368408203
2026-01-31 07:30:00,real_time_price,262.0,valley,265.2541732788086
2026-01-31 07:45:00,real_time_price,267.0,valley,261.2330207824707
2026-01-31 08:00:00,real_time_price,270.3,flat,285.956298828125
2026-01-31 08:15:00,real_time_price,295.0,flat,304.867000579834
2026-01-31 08:30:00,real_time_price,293.04,flat,313.0809898376465
2026-01-31 08:45:00,real_time_price,306.13,flat,296.25323486328125
2026-01-31 09:00:00,real_time_price,300.43,flat,313.6796703338623
2026-01-31 09:15:00,real_time_price,323.84,flat,291.67095947265625
2026-01-31 09:30:00,real_time_price,324.73,flat,318.0965871810913
2026-01-31 09:45:00,real_time_price,325.21,flat,316.04531383514404
2026-01-31 10:00:00,real_time_price,347.11,peak,293.4697005748749
2026-01-31 10:15:00,real_time_price,361.03,peak,305.95519256591797
2026-01-31 10:30:00,real_time_price,325.94,peak,344.55261993408203
2026-01-31 10:45:00,real_time_price,292.33,peak,327.49591064453125
2026-01-31 11:00:00,real_time_price,337.38,peak,315.5913391113281
2026-01-31 11:15:00,real_time_price,306.56,peak,318.6719665527344
2026-01-31 11:30:00,real_time_price,305.64,peak,326.4975357055664
2026-01-31 11:45:00,real_time_price,280.65,peak,314.72154998779297
2026-01-31 12:00:00,real_time_price,279.16,flat,248.97503280639648
2026-01-31 12:15:00,real_time_price,93.7,flat,165.45201873779297
2026-01-31 12:30:00,real_time_price,287.34,flat,211.1170997619629
2026-01-31 12:45:00,real_time_price,277.49,flat,219.0293197631836
2026-01-31 13:00:00,real_time_price,272.15,flat,232.66321563720703
2026-01-31 13:15:00,real_time_price,294.41,flat,219.80706024169922
2026-01-31 13:30:00,real_time_price,257.46,flat,276.7272644042969
2026-01-31 13:45:00,real_time_price,278.54,flat,308.21463775634766
2026-01-31 14:00:00,real_time_price,295.56,peak,324.1814270019531
2026-01-31 14:15:00,real_time_price,259.98,peak,294.42418670654297
2026-01-31 14:30:00,real_time_price,274.97,peak,245.51921844482422
2026-01-31 14:45:00,real_time_price,208.1,peak,290.18096923828125
2026-01-31 15:00:00,real_time_price,210.01,peak,258.61780548095703
2026-01-31 15:15:00,real_time_price,210.88,peak,238.48386764526367
2026-01-31 15:30:00,real_time_price,263.68,peak,240.33393096923828
2026-01-31 15:45:00,real_time_price,249.95,peak,307.7659339904785
2026-01-31 16:00:00,real_time_price,108.1,peak,295.6419200897217
2026-01-31 16:15:00,real_time_price,208.24,peak,289.4904146194458
2026-01-31 16:30:00,real_time_price,264.98,peak,241.85497665405273
2026-01-31 16:45:00,real_time_price,262.34,peak,251.15963745117188
2026-01-31 17:00:00,real_time_price,268.41,peak,281.5492057800293
2026-01-31 17:15:00,real_time_price,318.28,peak,290.0769805908203
2026-01-31 17:30:00,real_time_price,320.0,peak,323.11332607269287
2026-01-31 17:45:00,real_time_price,315.0,peak,328.92916107177734
2026-01-31 18:00:00,real_time_price,349.32,peak,364.6361427307129
2026-01-31 18:15:00,real_time_price,309.0,peak,389.77880859375
2026-01-31 18:30:00,real_time_price,315.0,peak,360.52523040771484
2026-01-31 18:45:00,real_time_price,319.9,peak,335.4109649658203
2026-01-31 19:00:00,real_time_price,315.0,flat,323.76432541012764
2026-01-31 19:15:00,real_time_price,319.0,flat,322.60859775543213
2026-01-31 19:30:00,real_time_price,353.9,flat,344.6387023925781
2026-01-31 19:45:00,real_time_price,318.19,flat,342.8712167739868
2026-01-31 20:00:00,real_time_price,337.0,flat,346.1975860595703
2026-01-31 20:15:00,real_time_price,317.66,flat,336.0479395389557
2026-01-31 20:30:00,real_time_price,319.0,flat,331.3838176727295
2026-01-31 20:45:00,real_time_price,324.0,flat,335.16477394104004
2026-01-31 21:00:00,real_time_price,-10.96,flat,341.2254343032837
2026-01-31 21:15:00,real_time_price,178.04,flat,289.63137435913086
2026-01-31 21:30:00,real_time_price,236.82,flat,232.42189025878906
2026-01-31 21:45:00,real_time_price,242.32,flat,251.4867401123047
2026-01-31 22:00:00,real_time_price,248.0,flat,233.5645980834961
2026-01-31 22:15:00,real_time_price,245.0,flat,253.78515625
2026-01-31 22:30:00,real_time_price,248.0,flat,254.22530364990234
2026-01-31 22:45:00,real_time_price,240.63,flat,249.72308731079102
2026-01-31 23:00:00,real_time_price,272.2,flat,245.9797134399414
2026-01-31 23:15:00,real_time_price,250.12,flat,245.16707611083984
2026-01-31 23:30:00,real_time_price,240.0,flat,252.65459060668945
2026-01-31 23:45:00,real_time_price,246.0,flat,251.1933250427246
2026-02-01 00:00:00,real_time_price,248.0,valley,242.8078155517578
2026-02-01 00:15:00,real_time_price,275.0,valley,242.11116409301758
2026-02-01 00:30:00,real_time_price,-50.0,valley,302.7019100189209
2026-02-01 00:45:00,real_time_price,232.17,valley,175.62457275390625
2026-02-01 01:00:00,real_time_price,-50.0,valley,222.5301055908203
2026-02-01 01:15:00,real_time_price,-50.0,valley,119.05494689941406
2026-02-01 01:30:00,real_time_price,-50.0,valley,100.87541198730469
2026-02-01 01:45:00,real_time_price,-50.0,valley,108.66059875488281
2026-02-01 02:00:00,real_time_price,-50.0,valley,118.48936462402344
2026-02-01 02:15:00,real_time_price,245.98,valley,92.00215148925781
2026-02-01 02:30:00,real_time_price,243.49,valley,212.41533660888672
2026-02-01 02:45:00,real_time_price,-50.0,valley,192.8557891845703
2026-02-01 03:00:00,real_time_price,-50.0,valley,18.40972900390625
2026-02-01 03:15:00,real_time_price,-50.0,valley,19.246337890625
2026-02-01 03:30:00,real_time_price,-50.0,valley,15.783477783203125
2026-02-01 03:45:00,real_time_price,-50.0,valley,10.354095458984375
2026-02-01 04:00:00,real_time_price,-50.0,valley,5.30242919921875
2026-02-01 04:15:00,real_time_price,-50.0,valley,16.465972900390625
2026-02-01 04:30:00,real_time_price,-50.0,valley,17.58404541015625
2026-02-01 04:45:00,real_time_price,-50.0,valley,11.949310302734375
2026-02-01 05:00:00,real_time_price,-50.0,valley,6.255279541015625
2026-02-01 05:15:00,real_time_price,145.61,valley,4.462890625
2026-02-01 05:30:00,real_time_price,-50.0,valley,98.98837280273438
2026-02-01 05:45:00,real_time_price,-50.0,valley,33.36912536621094
2026-02-01 06:00:00,real_time_price,-50.0,valley,10.251953125
2026-02-01 06:15:00,real_time_price,-50.0,valley,43.826507568359375
2026-02-01 06:30:00,real_time_price,-8.23,valley,52.10575866699219
2026-02-01 06:45:00,real_time_price,14.68,valley,10.816680908203125
2026-02-01 07:00:00,real_time_price,70.17,valley,-0.603729248046875
2026-02-01 07:15:00,real_time_price,0.33,valley,58.59706115722656
2026-02-01 07:30:00,real_time_price,-49.08,valley,83.91337585449219
2026-02-01 07:45:00,real_time_price,234.58,valley,116.87345886230469
2026-02-01 08:00:00,real_time_price,-50.0,flat,160.44647216796875
2026-02-01 08:15:00,real_time_price,6.37,flat,116.29783630371094
2026-02-01 08:30:00,real_time_price,346.5,flat,93.63046264648438
2026-02-01 08:45:00,real_time_price,344.81,flat,194.15310668945312
2026-02-01 09:00:00,real_time_price,96.94,flat,188.6425323486328
2026-02-01 09:15:00,real_time_price,167.17,flat,121.42903137207031
2026-02-01 09:30:00,real_time_price,30.78,flat,170.31712341308594
2026-02-01 09:45:00,real_time_price,246.09,flat,97.36274719238281
2026-02-01 10:00:00,real_time_price,73.69,peak,188.13292694091797
2026-02-01 10:15:00,real_time_price,329.55,peak,153.00130462646484
2026-02-01 10:30:00,real_time_price,299.81,peak,252.9787483215332
2026-02-01 10:45:00,real_time_price,307.15,peak,305.80334091186523
2026-02-01 11:00:00,real_time_price,294.67,peak,305.7804260253906
2026-02-01 11:15:00,real_time_price,298.39,peak,279.5313377380371
2026-02-01 11:30:00,real_time_price,287.7,peak,293.9794158935547
2026-02-01 11:45:00,real_time_price,265.18,peak,260.0739402770996
2026-02-01 12:00:00,real_time_price,254.83,flat,159.55986404418945
2026-02-01 12:15:00,real_time_price,44.89,flat,81.18642854690552
2026-02-01 12:30:00,real_time_price,198.79,flat,138.40976333618164
2026-02-01 12:45:00,real_time_price,236.43,flat,140.47392654418945
2026-02-01 13:00:00,real_time_price,260.0,flat,176.20510864257812
2026-02-01 13:15:00,real_time_price,56.85,flat,215.85809326171875
2026-02-01 13:30:00,real_time_price,259.08,flat,167.72447204589844
2026-02-01 13:45:00,real_time_price,188.46,flat,207.09545135498047
2026-02-01 14:00:00,real_time_price,270.35,peak,222.22296142578125
2026-02-01 14:15:00,real_time_price,209.12,peak,214.2349395751953
2026-02-01 14:30:00,real_time_price,-31.18,peak,176.06763458251953
2026-02-01 14:45:00,real_time_price,47.76,peak,113.69029569625854
2026-02-01 15:00:00,real_time_price,50.88,peak,81.62369537353516
2026-02-01 15:15:00,real_time_price,132.03,peak,100.61603164672852
2026-02-01 15:30:00,real_time_price,35.29,peak,84.69403839111328
2026-02-01 15:45:00,real_time_price,48.3,peak,158.32544708251953
2026-02-01 16:00:00,real_time_price,228.2,peak,115.21627807617188
2026-02-01 16:15:00,real_time_price,258.0,peak,177.59195709228516
2026-02-01 16:30:00,real_time_price,278.69,peak,220.53269958496094
2026-02-01 16:45:00,real_time_price,313.04,peak,239.5220603942871
2026-02-01 17:00:00,real_time_price,292.85,peak,298.84661853313446
2026-02-01 17:15:00,real_time_price,300.3,peak,287.2081108093262
2026-02-01 17:30:00,real_time_price,330.0,peak,289.90156745910645
2026-02-01 17:45:00,real_time_price,320.0,peak,318.5620732307434
2026-02-01 18:00:00,real_time_price,330.0,peak,312.1372799873352
2026-02-01 18:15:00,real_time_price,324.99,peak,319.78210684657097
2026-02-01 18:30:00,real_time_price,390.0,peak,327.9975986480713
2026-02-01 18:45:00,real_time_price,359.99,peak,385.81208419799805
2026-02-01 19:00:00,real_time_price,305.88,flat,346.0835723876953
2026-02-01 19:15:00,real_time_price,266.77,flat,331.7141523361206
2026-02-01 19:30:00,real_time_price,471.38,flat,320.79675340652466
2026-02-01 19:45:00,real_time_price,-50.0,flat,333.5364031791687
2026-02-01 20:00:00,real_time_price,210.5,flat,238.23333740234375
2026-02-01 20:15:00,real_time_price,850.64,flat,260.90120697021484
2026-02-01 20:30:00,real_time_price,696.87,flat,364.6785526275635
2026-02-01 20:45:00,real_time_price,-50.0,flat,551.2574310302734
2026-02-01 21:00:00,real_time_price,700.0,flat,359.92801094055176
2026-02-01 21:15:00,real_time_price,1260.14,flat,473.6210021972656
2026-02-01 21:30:00,real_time_price,723.4,flat,454.62097930908203
2026-02-01 21:45:00,real_time_price,761.8,flat,599.8113098144531
2026-02-01 22:00:00,real_time_price,680.56,flat,526.5173797607422
2026-02-01 22:15:00,real_time_price,1217.51,flat,522.6473083496094
2026-02-01 22:30:00,real_time_price,790.89,flat,428.00843048095703
2026-02-01 22:45:00,real_time_price,436.34,flat,466.04039001464844
2026-02-01 23:00:00,real_time_price,644.14,flat,285.2997646331787
2026-02-01 23:15:00,real_time_price,230.16,flat,332.9656677246094
2026-02-01 23:30:00,real_time_price,-50.0,flat,289.0437512397766
2026-02-01 23:45:00,real_time_price,209.72,flat,265.9841728210449
2026-02-02 00:00:00,real_time_price,292.03,valley,246.45984268188477
2026-02-02 00:15:00,real_time_price,269.0,valley,293.1303997039795
2026-02-02 00:30:00,real_time_price,358.91,valley,358.8838310241699
2026-02-02 00:45:00,real_time_price,312.58,valley,305.8316283226013
2026-02-02 01:00:00,real_time_price,282.0,valley,299.62290716171265
2026-02-02 01:15:00,real_time_price,288.0,valley,300.8327180147171
2026-02-02 01:30:00,real_time_price,270.0,valley,291.1583881378174
2026-02-02 01:45:00,real_time_price,280.0,valley,278.2744426727295
2026-02-02 02:00:00,real_time_price,276.1,valley,270.12402725219727
2026-02-02 02:15:00,real_time_price,273.3,valley,283.40408515930176
2026-02-02 02:30:00,real_time_price,270.0,valley,270.20872688293457
2026-02-02 02:45:00,real_time_price,270.0,valley,271.633092880249
2026-02-02 03:00:00,real_time_price,220.0,valley,260.8506107330322
2026-02-02 03:15:00,real_time_price,260.0,valley,249.40893936157227
2026-02-02 03:30:00,real_time_price,258.0,valley,236.1385154724121
2026-02-02 03:45:00,real_time_price,255.5,valley,242.48895645141602
2026-02-02 04:00:00,real_time_price,257.0,valley,239.05117797851562
2026-02-02 04:15:00,real_time_price,255.0,valley,244.20082092285156
2026-02-02 04:30:00,real_time_price,255.0,valley,250.52620124816895
2026-02-02 04:45:00,real_time_price,255.0,valley,233.02620697021484
2026-02-02 05:00:00,real_time_price,200.0,valley,233.76804733276367
2026-02-02 05:15:00,real_time_price,250.4,valley,203.88924407958984
2026-02-02 05:30:00,real_time_price,237.2,valley,222.79883193969727
2026-02-02 05:45:00,real_time_price,253.3,valley,231.28335571289062
2026-02-02 06:00:00,real_time_price,256.1,valley,233.8538703918457
2026-02-02 06:15:00,real_time_price,260.0,valley,243.59062576293945
2026-02-02 06:30:00,real_time_price,265.0,valley,263.4938850402832
2026-02-02 06:45:00,real_time_price,270.0,valley,268.6404571533203
2026-02-02 07:00:00,real_time_price,270.0,valley,270.71448516845703
2026-02-02 07:15:00,real_time_price,275.0,valley,271.8975200653076
2026-02-02 07:30:00,real_time_price,270.1,valley,269.28831481933594
2026-02-02 07:45:00,real_time_price,276.17,valley,269.02627182006836
2026-02-02 08:00:00,real_time_price,280.0,flat,278.4869956970215
2026-02-02 08:15:00,real_time_price,287.78,flat,307.29052352905273
2026-02-02 08:30:00,real_time_price,331.8,flat,297.4367332458496
2026-02-02 08:45:00,real_time_price,326.61,flat,314.4704942703247
2026-02-02 09:00:00,real_time_price,367.83,flat,336.58344888687134
2026-02-02 09:15:00,real_time_price,364.53,flat,355.79729652404785
2026-02-02 09:30:00,real_time_price,324.42,flat,368.19658279418945
2026-02-02 09:45:00,real_time_price,282.27,flat,332.9510850906372
2026-02-02 10:00:00,real_time_price,266.57,peak,269.7653617858887
2026-02-02 10:15:00,real_time_price,267.44,peak,250.96522521972656
2026-02-02 10:30:00,real_time_price,266.51,peak,241.2494888305664
2026-02-02 10:45:00,real_time_price,276.38,peak,257.6749143600464
2026-02-02 11:00:00,real_time_price,273.47,peak,253.38423585891724
2026-02-02 11:15:00,real_time_price,272.2,peak,258.30103278160095
2026-02-02 11:30:00,real_time_price,274.91,peak,265.2405319213867
2026-02-02 11:45:00,real_time_price,260.35,peak,261.253360748291
2026-02-02 12:00:00,real_time_price,286.41,flat,227.32115375995636
2026-02-02 12:15:00,real_time_price,213.81,flat,132.22260808944702
2026-02-02 12:30:00,real_time_price,274.55,flat,250.54346466064453
2026-02-02 12:45:00,real_time_price,246.45,flat,227.5372543334961
2026-02-02 13:00:00,real_time_price,158.95,flat,216.1578369140625
2026-02-02 13:15:00,real_time_price,227.01,flat,183.36183738708496
2026-02-02 13:30:00,real_time_price,217.0,flat,227.62142944335938
2026-02-02 13:45:00,real_time_price,317.12,flat,257.93762588500977
2026-02-02 14:00:00,real_time_price,265.85,peak,334.5855407714844
2026-02-02 14:15:00,real_time_price,6.39,peak,267.085018157959
2026-02-02 14:30:00,real_time_price,16.48,peak,139.55221557617188
2026-02-02 14:45:00,real_time_price,24.43,peak,115.94961547851562
2026-02-02 15:00:00,real_time_price,48.26,peak,120.6168212890625
2026-02-02 15:15:00,real_time_price,6.69,peak,90.35650634765625
2026-02-02 15:30:00,real_time_price,-48.81,peak,59.25044250488281
2026-02-02 15:45:00,real_time_price,-0.08,peak,72.47357177734375
2026-02-02 16:00:00,real_time_price,229.18,peak,126.4051513671875
2026-02-02 16:15:00,real_time_price,249.51,peak,193.28907775878906
2026-02-02 16:30:00,real_time_price,309.23,peak,250.44094848632812
2026-02-02 16:45:00,real_time_price,276.35,peak,277.7625331878662
2026-02-02 17:00:00,real_time_price,286.51,peak,310.5338296890259
2026-02-02 17:15:00,real_time_price,274.81,peak,301.0996379852295
2026-02-02 17:30:00,real_time_price,285.0,peak,308.16412019729614
2026-02-02 17:45:00,real_time_price,280.0,peak,280.27208137512207
2026-02-02 18:00:00,real_time_price,285.0,peak,293.5344982147217
2026-02-02 18:15:00,real_time_price,290.03,peak,288.21388053894043
2026-02-02 18:30:00,real_time_price,297.06,peak,287.6062927246094
2026-02-02 18:45:00,real_time_price,294.96,peak,310.34485149383545
2026-02-02 19:00:00,real_time_price,307.0,flat,288.1817970275879
2026-02-02 19:15:00,real_time_price,296.0,flat,300.6902256011963
2026-02-02 19:30:00,real_time_price,422.45,flat,315.76038455963135
2026-02-02 19:45:00,real_time_price,310.04,flat,366.97962188720703
2026-02-02 20:00:00,real_time_price,312.47,flat,324.39164912700653
2026-02-02 20:15:00,real_time_price,290.9,flat,325.43908882141113
2026-02-02 20:30:00,real_time_price,288.01,flat,347.08031463623047
2026-02-02 20:45:00,real_time_price,289.01,flat,292.2689781188965
2026-02-02 21:00:00,real_time_price,286.98,flat,320.2218647003174
2026-02-02 21:15:00,real_time_price,290.01,flat,303.4762210845947
2026-02-02 21:30:00,real_time_price,302.88,flat,304.9729652404785
2026-02-02 21:45:00,real_time_price,302.59,flat,299.0467929840088
2026-02-02 22:00:00,real_time_price,307.59,flat,296.4831142425537
2026-02-02 22:15:00,real_time_price,367.24,flat,305.6452522277832
2026-02-02 22:30:00,real_time_price,320.07,flat,331.2431182861328
2026-02-02 22:45:00,real_time_price,320.49,flat,309.56603705883026
2026-02-02 23:00:00,real_time_price,300.71,flat,311.07590436935425
2026-02-02 23:15:00,real_time_price,292.46,flat,292.8245587348938
2026-02-02 23:30:00,real_time_price,314.06,flat,287.57652044296265
2026-02-02 23:45:00,real_time_price,312.93,flat,294.1127338409424
2026-02-03 00:00:00,real_time_price,307.28,valley,295.7240786552429
2026-02-03 00:15:00,real_time_price,255.5,valley,289.22732973098755
2026-02-03 00:30:00,real_time_price,361.95,valley,327.1213607788086
2026-02-03 00:45:00,real_time_price,327.36,valley,323.84216499328613
2026-02-03 01:00:00,real_time_price,281.43,valley,314.62757205963135
2026-02-03 01:15:00,real_time_price,287.15,valley,290.7077341079712
2026-02-03 01:30:00,real_time_price,274.96,valley,288.56908988952637
2026-02-03 01:45:00,real_time_price,276.95,valley,275.52045249938965
2026-02-03 02:00:00,real_time_price,274.96,valley,269.6565990447998
2026-02-03 02:15:00,real_time_price,274.79,valley,272.59564781188965
2026-02-03 02:30:00,real_time_price,268.65,valley,268.494535446167
2026-02-03 02:45:00,real_time_price,265.1,valley,264.0873031616211
2026-02-03 03:00:00,real_time_price,260.24,valley,254.10382843017578
2026-02-03 03:15:00,real_time_price,260.0,valley,257.09312629699707
2026-02-03 03:30:00,real_time_price,258.0,valley,251.60132789611816
2026-02-03 03:45:00,real_time_price,255.86,valley,254.27263832092285
2026-02-03 04:00:00,real_time_price,252.86,valley,252.75372695922852
2026-02-03 04:15:00,real_time_price,257.0,valley,252.15135955810547
2026-02-03 04:30:00,real_time_price,255.0,valley,250.05833053588867
2026-02-03 04:45:00,real_time_price,252.55,valley,248.7497615814209
2026-02-03 05:00:00,real_time_price,237.97,valley,237.74674606323242
2026-02-03 05:15:00,real_time_price,242.93,valley,250.14403915405273
2026-02-03 05:30:00,real_time_price,253.15,valley,246.0141487121582
2026-02-03 05:45:00,real_time_price,253.53,valley,247.12723922729492
2026-02-03 06:00:00,real_time_price,257.77,valley,249.7498893737793
2026-02-03 06:15:00,real_time_price,260.0,valley,256.99828338623047
2026-02-03 06:30:00,real_time_price,258.82,valley,269.30990982055664
2026-02-03 06:45:00,real_time_price,263.5,valley,272.1517333984375
2026-02-03 07:00:00,real_time_price,274.01,valley,273.2314167022705
2026-02-03 07:15:00,real_time_price,268.97,valley,275.1802558898926
2026-02-03 07:30:00,real_time_price,276.79,valley,280.1569538116455
2026-02-03 07:45:00,real_time_price,281.9,valley,282.8308982849121
2026-02-03 08:00:00,real_time_price,304.52,flat,303.41358947753906
2026-02-03 08:15:00,real_time_price,319.19,flat,301.7779903411865
2026-02-03 08:30:00,real_time_price,393.98,flat,322.06120920181274
2026-02-03 08:45:00,real_time_price,346.7,flat,355.00800704956055
2026-02-03 09:00:00,real_time_price,358.23,flat,331.5379104614258
2026-02-03 09:15:00,real_time_price,330.29,flat,353.97964096069336
2026-02-03 09:30:00,real_time_price,320.38,flat,335.9357566833496
2026-02-03 09:45:00,real_time_price,258.9,flat,325.46568775177
2026-02-03 10:00:00,real_time_price,250.21,peak,258.3548927307129
2026-02-03 10:15:00,real_time_price,252.47,peak,238.71748733520508
2026-02-03 10:30:00,real_time_price,63.86,peak,226.25420761108398
2026-02-03 10:45:00,real_time_price,9.72,peak,155.56593322753906
2026-02-03 11:00:00,real_time_price,35.35,peak,101.43061828613281
2026-02-03 11:15:00,real_time_price,-42.67,peak,157.4716033935547
2026-02-03 11:30:00,real_time_price,-36.36,peak,46.38169860839844
2026-02-03 11:45:00,real_time_price,270.15,peak,-8.2298583984375
2026-02-03 12:00:00,real_time_price,11.57,flat,113.71022033691406
2026-02-03 12:15:00,real_time_price,-37.11,flat,-52.66265869140625
2026-02-03 12:30:00,real_time_price,-47.04,flat,6.8394012451171875
2026-02-03 12:45:00,real_time_price,-47.05,flat,-6.6865234375
2026-02-03 13:00:00,real_time_price,-35.39,flat,-58.66990661621094
2026-02-03 13:15:00,real_time_price,-18.09,flat,-18.694366455078125
2026-02-03 13:30:00,real_time_price,-47.05,flat,-17.700103759765625
2026-02-03 13:45:00,real_time_price,-47.09,flat,-21.17974853515625
2026-02-03 14:00:00,real_time_price,100.25,peak,47.23115539550781
2026-02-03 14:15:00,real_time_price,-42.55,peak,16.836837768554688
2026-02-03 14:30:00,real_time_price,-50.0,peak,35.11708068847656
2026-02-03 14:45:00,real_time_price,-47.05,peak,20.306198120117188
2026-02-03 15:00:00,real_time_price,51.98,peak,24.656356811523438
2026-02-03 15:15:00,real_time_price,-47.04,peak,65.03536987304688
2026-02-03 15:30:00,real_time_price,4.3,peak,48.034454345703125
2026-02-03 15:45:00,real_time_price,184.11,peak,145.3765869140625
2026-02-03 16:00:00,real_time_price,219.81,peak,165.5401153564453
2026-02-03 16:15:00,real_time_price,228.49,peak,220.48165893554688
2026-02-03 16:30:00,real_time_price,274.57,peak,233.66091537475586
2026-02-03 16:45:00,real_time_price,271.99,peak,270.1549415588379
2026-02-03 17:00:00,real_time_price,277.07,peak,294.75818157196045
2026-02-03 17:15:00,real_time_price,298.43,peak,291.3782768249512
2026-02-03 17:30:00,real_time_price,320.32,peak,307.991171836853
2026-02-03 17:45:00,real_time_price,295.14,peak,311.5253871679306
2026-02-03 18:00:00,real_time_price,289.98,peak,316.2638249397278
2026-02-03 18:15:00,real_time_price,296.97,peak,300.99552726745605
2026-02-03 18:30:00,real_time_price,293.17,peak,323.5367248952389
2026-02-03 18:45:00,real_time_price,314.14,peak,301.91919136047363
2026-02-03 19:00:00,real_time_price,321.2,flat,300.9555549621582
2026-02-03 19:15:00,real_time_price,308.0,flat,314.43885612487793
2026-02-03 19:30:00,real_time_price,314.7,flat,322.4195798933506
2026-02-03 19:45:00,real_time_price,305.0,flat,320.9350690841675
2026-02-03 20:00:00,real_time_price,314.4,flat,304.062536239624
2026-02-03 20:15:00,real_time_price,294.99,flat,314.3711414337158
2026-02-03 20:30:00,real_time_price,304.3,flat,297.843204498291
2026-02-03 20:45:00,real_time_price,320.79,flat,317.8534755706787
2026-02-03 21:00:00,real_time_price,308.0,flat,317.171781539917
2026-02-03 21:15:00,real_time_price,330.7,flat,311.2844657897949
2026-02-03 21:30:00,real_time_price,325.84,flat,334.76066994667053
2026-02-03 21:45:00,real_time_price,370.2,flat,328.35482120513916
2026-02-03 22:00:00,real_time_price,359.48,flat,336.0884509086609
2026-02-03 22:15:00,real_time_price,400.74,flat,372.51708221435547
2026-02-03 22:30:00,real_time_price,341.11,flat,371.8437957763672
2026-02-03 22:45:00,real_time_price,350.2,flat,338.73400688171387
2026-02-03 23:00:00,real_time_price,322.51,flat,342.7791175842285
2026-02-03 23:15:00,real_time_price,304.43,flat,315.64181423187256
2026-02-03 23:30:00,real_time_price,300.0,flat,311.556209564209
2026-02-03 23:45:00,real_time_price,301.06,flat,295.9948329925537
2026-02-04 00:00:00,real_time_price,289.1,valley,298.27173948287964
2026-02-04 00:15:00,real_time_price,277.7,valley,281.9433765411377
2026-02-04 00:30:00,real_time_price,331.9,valley,363.7864646911621
2026-02-04 00:45:00,real_time_price,340.82,valley,321.8334550857544
2026-02-04 01:00:00,real_time_price,358.74,valley,323.5507621765137
2026-02-04 01:15:00,real_time_price,357.77,valley,338.59412002563477
2026-02-04 01:30:00,real_time_price,311.13,valley,341.6597785949707
2026-02-04 01:45:00,real_time_price,277.7,valley,306.9058036804199
2026-02-04 02:00:00,real_time_price,303.81,valley,294.2068511247635
2026-02-04 02:15:00,real_time_price,295.67,valley,295.9510431289673
2026-02-04 02:30:00,real_time_price,291.64,valley,289.2649022936821
2026-02-04 02:45:00,real_time_price,288.83,valley,287.8273540735245
2026-02-04 03:00:00,real_time_price,280.1,valley,286.3087548613548
2026-02-04 03:15:00,real_time_price,277.0,valley,282.1967502832413
2026-02-04 03:30:00,real_time_price,272.0,valley,275.43108463287354
2026-02-04 03:45:00,real_time_price,275.3,valley,273.0603666305542
2026-02-04 04:00:00,real_time_price,276.1,valley,272.1994876861572
2026-02-04 04:15:00,real_time_price,275.0,valley,271.4374351501465
2026-02-04 04:30:00,real_time_price,275.7,valley,272.7673411369324
2026-02-04 04:45:00,real_time_price,275.0,valley,272.28484630584717
2026-02-04 05:00:00,real_time_price,277.7,valley,272.925057888031
2026-02-04 05:15:00,real_time_price,275.7,valley,276.16865038871765
2026-02-04 05:30:00,real_time_price,275.0,valley,275.9485263824463
2026-02-04 05:45:00,real_time_price,276.1,valley,279.02955520153046
2026-02-04 06:00:00,real_time_price,280.3,valley,280.36719512939453
2026-02-04 06:15:00,real_time_price,280.0,valley,281.91619968414307
2026-02-04 06:30:00,real_time_price,311.94,valley,288.2011411190033
2026-02-04 06:45:00,real_time_price,297.81,valley,305.93890285491943
2026-02-04 07:00:00,real_time_price,300.81,valley,301.6693000793457
2026-02-04 07:15:00,real_time_price,285.1,valley,299.0009261369705
2026-02-04 07:30:00,real_time_price,295.0,valley,296.2781777381897
2026-02-04 07:45:00,real_time_price,302.81,valley,299.22925186157227
2026-02-04 08:00:00,real_time_price,318.05,flat,301.7218933105469
2026-02-04 08:15:00,real_time_price,363.08,flat,328.45702052116394
2026-02-04 08:30:00,real_time_price,420.48,flat,362.32653045654297
2026-02-04 08:45:00,real_time_price,418.18,flat,381.9405632019043
2026-02-04 09:00:00,real_time_price,400.0,flat,392.43254470825195
2026-02-04 09:15:00,real_time_price,351.24,flat,375.80200958251953
2026-02-04 09:30:00,real_time_price,305.58,flat,390.4447326660156
2026-02-04 09:45:00,real_time_price,358.03,flat,360.3057670593262
2026-02-04 10:00:00,real_time_price,292.0,peak,300.88366746902466
2026-02-04 10:15:00,real_time_price,277.45,peak,291.4332834482193
2026-02-04 10:30:00,real_time_price,268.35,peak,256.84529304504395
2026-02-04 10:45:00,real_time_price,304.56,peak,260.80547618865967
2026-02-04 11:00:00,real_time_price,272.98,peak,271.3748297691345
2026-02-04 11:15:00,real_time_price,262.65,peak,285.0968723297119
2026-02-04 11:30:00,real_time_price,267.99,peak,289.08538818359375
2026-02-04 11:45:00,real_time_price,266.66,peak,256.6263904571533
2026-02-04 12:00:00,real_time_price,263.25,flat,238.30372524261475
2026-02-04 12:15:00,real_time_price,206.25,flat,107.70883083343506
2026-02-04 12:30:00,real_time_price,230.44,flat,219.2178077697754
2026-02-04 12:45:00,real_time_price,252.89,flat,214.3495330810547
2026-02-04 13:00:00,real_time_price,205.48,flat,212.94707489013672
2026-02-04 13:15:00,real_time_price,263.3,flat,210.14789581298828
2026-02-04 13:30:00,real_time_price,244.0,flat,274.7777328491211
2026-02-04 13:45:00,real_time_price,252.95,flat,295.9645004272461
2026-02-04 14:00:00,real_time_price,259.44,peak,272.35669708251953
2026-02-04 14:15:00,real_time_price,263.45,peak,210.1678867340088
2026-02-04 14:30:00,real_time_price,236.53,peak,225.41899871826172
2026-02-04 14:45:00,real_time_price,236.64,peak,217.42986297607422
2026-02-04 15:00:00,real_time_price,214.87,peak,251.20219802856445
2026-02-04 15:15:00,real_time_price,225.51,peak,240.08781051635742
2026-02-04 15:30:00,real_time_price,220.1,peak,241.70712089538574
2026-02-04 15:45:00,real_time_price,246.53,peak,288.5913333892822
2026-02-04 16:00:00,real_time_price,240.0,peak,273.80150175094604
2026-02-04 16:15:00,real_time_price,259.48,peak,274.06113719940186
2026-02-04 16:30:00,real_time_price,264.45,peak,283.7092065811157
2026-02-04 16:45:00,real_time_price,287.56,peak,270.6222972869873
2026-02-04 17:00:00,real_time_price,290.18,peak,298.51643696427345
2026-02-04 17:15:00,real_time_price,297.95,peak,296.44994831085205
2026-02-04 17:30:00,real_time_price,295.0,peak,308.1932421922684
2026-02-04 17:45:00,real_time_price,285.0,peak,298.3752775192261
2026-02-04 18:00:00,real_time_price,320.0,peak,305.44071531295776
2026-02-04 18:15:00,real_time_price,294.1,peak,314.70876026153564
2026-02-04 18:30:00,real_time_price,298.29,peak,328.0556449890137
2026-02-04 18:45:00,real_time_price,338.88,peak,297.9217071533203
2026-02-04 19:00:00,real_time_price,326.62,flat,328.2199983596802
2026-02-04 19:15:00,real_time_price,310.0,flat,326.08451652526855
2026-02-04 19:30:00,real_time_price,303.35,flat,334.3311996459961
2026-02-04 19:45:00,real_time_price,315.0,flat,313.9391050338745
2026-02-04 20:00:00,real_time_price,320.0,flat,315.77140855789185
2026-02-04 20:15:00,real_time_price,292.2,flat,321.1841516494751
2026-02-04 20:30:00,real_time_price,295.1,flat,312.72500801086426
2026-02-04 20:45:00,real_time_price,302.5,flat,307.10913467407227
2026-02-04 21:00:00,real_time_price,319.0,flat,309.7954902648926
2026-02-04 21:15:00,real_time_price,300.0,flat,311.70620918273926
2026-02-04 21:30:00,real_time_price,320.01,flat,313.2409248352051
2026-02-04 21:45:00,real_time_price,302.49,flat,313.411093711853
2026-02-04 22:00:00,real_time_price,309.7,flat,304.35588455200195
2026-02-04 22:15:00,real_time_price,326.0,flat,307.63030338287354
2026-02-04 22:30:00,real_time_price,300.0,flat,307.917592048645
2026-02-04 22:45:00,real_time_price,338.1,flat,300.9125862121582
2026-02-04 23:00:00,real_time_price,320.0,flat,300.8660216331482
2026-02-04 23:15:00,real_time_price,341.0,flat,308.44914960861206
2026-02-04 23:30:00,real_time_price,306.93,flat,322.7905082702637
2026-02-04 23:45:00,real_time_price,295.6,flat,308.5192108154297
2026-02-05 00:00:00,real_time_price,277.7,valley,298.9198474884033
2026-02-05 00:15:00,real_time_price,277.7,valley,269.54467499256134
2026-02-05 00:30:00,real_time_price,323.29,valley,341.90870475769043
2026-02-05 00:45:00,real_time_price,310.0,valley,315.78741931915283
2026-02-05 01:00:00,real_time_price,310.0,valley,305.58547024428844
2026-02-05 01:15:00,real_time_price,310.0,valley,305.72622895240784
2026-02-05 01:30:00,real_time_price,283.0,valley,298.4185616970062
2026-02-05 01:45:00,real_time_price,276.1,valley,285.8616394996643
2026-02-05 02:00:00,real_time_price,276.1,valley,281.63690423965454
2026-02-05 02:15:00,real_time_price,278.1,valley,279.079966545105
2026-02-05 02:30:00,real_time_price,283.0,valley,275.3904495239258
2026-02-05 02:45:00,real_time_price,279.0,valley,274.72215461730957
2026-02-05 03:00:00,real_time_price,275.0,valley,272.0552649497986
2026-02-05 03:15:00,real_time_price,275.0,valley,274.4848529100418
2026-02-05 03:30:00,real_time_price,275.0,valley,270.22659277915955
2026-02-05 03:45:00,real_time_price,275.0,valley,268.9805452823639
2026-02-05 04:00:00,real_time_price,275.0,valley,268.337809920311
2026-02-05 04:15:00,real_time_price,270.68,valley,266.74846029281616
2026-02-05 04:30:00,real_time_price,270.4,valley,264.17386651039124
2026-02-05 04:45:00,real_time_price,270.0,valley,263.09000968933105
2026-02-05 05:00:00,real_time_price,270.4,valley,264.98034930229187
2026-02-05 05:15:00,real_time_price,268.2,valley,266.51964873075485
2026-02-05 05:30:00,real_time_price,272.6,valley,267.56519758701324
2026-02-05 05:45:00,real_time_price,268.4,valley,271.7454767227173
2026-02-05 06:00:00,real_time_price,270.0,valley,275.36786127090454
2026-02-05 06:15:00,real_time_price,270.4,valley,276.0934031009674
2026-02-05 06:30:00,real_time_price,270.0,valley,284.57603216171265
2026-02-05 06:45:00,real_time_price,275.0,valley,284.12883019447327
2026-02-05 07:00:00,real_time_price,275.0,valley,287.58483123779297
2026-02-05 07:15:00,real_time_price,275.0,valley,282.22177839279175
2026-02-05 07:30:00,real_time_price,275.0,valley,282.2305107116699
2026-02-05 07:45:00,real_time_price,285.0,valley,281.3412895202637
2026-02-05 08:00:00,real_time_price,296.45,flat,293.52562141418457
2026-02-05 08:15:00,real_time_price,310.0,flat,306.5483613014221
2026-02-05 08:30:00,real_time_price,340.69,flat,327.60849475860596
2026-02-05 08:45:00,real_time_price,300.12,flat,329.84396266937256
2026-02-05 09:00:00,real_time_price,325.0,flat,320.6624126434326
2026-02-05 09:15:00,real_time_price,300.0,flat,315.7056317329407
2026-02-05 09:30:00,real_time_price,302.0,flat,308.0775785446167
2026-02-05 09:45:00,real_time_price,305.8,flat,296.8288974761963
2026-02-05 10:00:00,real_time_price,275.0,peak,288.532648563385
2026-02-05 10:15:00,real_time_price,274.0,peak,266.99003982543945
2026-02-05 10:30:00,real_time_price,265.1,peak,266.2780427932739
2026-02-05 10:45:00,real_time_price,260.1,peak,256.62295055389404
2026-02-05 11:00:00,real_time_price,260.0,peak,253.37268829345703
2026-02-05 11:15:00,real_time_price,256.24,peak,236.25963973999023
2026-02-05 11:30:00,real_time_price,255.0,peak,256.4661178588867
2026-02-05 11:45:00,real_time_price,238.74,peak,252.98940753936768
2026-02-05 12:00:00,real_time_price,245.3,flat,221.80886459350586
2026-02-05 12:15:00,real_time_price,105.18,flat,168.5880527496338
2026-02-05 12:30:00,real_time_price,200.0,flat,178.4022979736328
2026-02-05 12:45:00,real_time_price,177.08,flat,177.03810501098633
2026-02-05 13:00:00,real_time_price,120.0,flat,164.81097412109375
2026-02-05 13:15:00,real_time_price,241.07,flat,153.74510192871094
2026-02-05 13:30:00,real_time_price,235.98,flat,192.98390197753906
2026-02-05 13:45:00,real_time_price,241.43,flat,235.18646883964539
2026-02-05 14:00:00,real_time_price,257.82,peak,238.7923132777214
2026-02-05 14:15:00,real_time_price,265.33,peak,248.7868194580078
2026-02-05 14:30:00,real_time_price,249.39,peak,234.11984634399414
2026-02-05 14:45:00,real_time_price,223.84,peak,260.8366508483887
2026-02-05 15:00:00,real_time_price,234.81,peak,242.4027976989746
2026-02-05 15:15:00,real_time_price,245.3,peak,248.15842056274414
2026-02-05 15:30:00,real_time_price,248.12,peak,241.598726272583
2026-02-05 15:45:00,real_time_price,250.2,peak,272.4630317687988
2026-02-05 16:00:00,real_time_price,255.0,peak,270.40235900878906
2026-02-05 16:15:00,real_time_price,262.82,peak,279.5736474990845
2026-02-05 16:30:00,real_time_price,270.0,peak,296.53794288635254
2026-02-05 16:45:00,real_time_price,274.3,peak,286.3668644428253
2026-02-05 17:00:00,real_time_price,275.0,peak,279.1291027069092
2026-02-05 17:15:00,real_time_price,288.0,peak,282.7522134780884
2026-02-05 17:30:00,real_time_price,311.14,peak,292.12801361083984
2026-02-05 17:45:00,real_time_price,291.0,peak,293.61371994018555
2026-02-05 18:00:00,real_time_price,310.0,peak,310.27619981765747
2026-02-05 18:15:00,real_time_price,318.28,peak,310.24144744873047
2026-02-05 18:30:00,real_time_price,326.73,peak,315.45578384399414
2026-02-05 18:45:00,real_time_price,290.0,peak,327.7903938293457
2026-02-05 19:00:00,real_time_price,315.0,flat,311.2052125930786
2026-02-05 19:15:00,real_time_price,309.98,flat,305.7393436431885
2026-02-05 19:30:00,real_time_price,320.13,flat,324.5503911972046
2026-02-05 19:45:00,real_time_price,329.0,flat,313.7850569486618
2026-02-05 20:00:00,real_time_price,366.44,flat,317.6597213745117
2026-02-05 20:15:00,real_time_price,300.0,flat,342.24294090270996
2026-02-05 20:30:00,real_time_price,309.5,flat,337.2730884552002
2026-02-05 20:45:00,real_time_price,310.0,flat,318.4737365245819
2026-02-05 21:00:00,real_time_price,341.0,flat,319.67579144239426
2026-02-05 21:15:00,real_time_price,320.0,flat,318.9749553203583
2026-02-05 21:30:00,real_time_price,320.08,flat,323.1156634092331
2026-02-05 21:45:00,real_time_price,343.51,flat,320.6809344291687
2026-02-05 22:00:00,real_time_price,300.0,flat,322.4129650592804
2026-02-05 22:15:00,real_time_price,350.32,flat,312.84010314941406
2026-02-05 22:30:00,real_time_price,339.0,flat,330.3871784210205
2026-02-05 22:45:00,real_time_price,344.67,flat,325.4987487792969
2026-02-05 23:00:00,real_time_price,333.0,flat,330.009973526001
2026-02-05 23:15:00,real_time_price,325.12,flat,313.7132272720337
2026-02-05 23:30:00,real_time_price,312.92,flat,310.6316108703613
2026-02-05 23:45:00,real_time_price,290.0,flat,299.9141721725464
2026-02-06 00:00:00,real_time_price,290.0,valley,295.5414900779724
2026-02-06 00:15:00,real_time_price,280.0,valley,273.6595859527588
2026-02-06 00:30:00,real_time_price,300.0,valley,341.28333854675293
2026-02-06 00:45:00,real_time_price,320.7,valley,296.0834255218506
2026-02-06 01:00:00,real_time_price,320.0,valley,291.34747409820557
2026-02-06 01:15:00,real_time_price,302.8,valley,303.7687193751335
2026-02-06 01:30:00,real_time_price,310.0,valley,290.8109519481659
2026-02-06 01:45:00,real_time_price,291.79,valley,291.2185730934143
2026-02-06 02:00:00,real_time_price,284.0,valley,286.37921515107155
2026-02-06 02:15:00,real_time_price,280.0,valley,279.8224296569824
2026-02-06 02:30:00,real_time_price,280.0,valley,275.6483955383301
2026-02-06 02:45:00,real_time_price,278.81,valley,273.06517601013184
2026-02-06 03:00:00,real_time_price,278.4,valley,267.60420083999634
2026-02-06 03:15:00,real_time_price,278.4,valley,269.95155906677246
2026-02-06 03:30:00,real_time_price,276.1,valley,266.75548553466797
2026-02-06 03:45:00,real_time_price,277.2,valley,265.4089403152466
2026-02-06 04:00:00,real_time_price,275.3,valley,264.5964641571045
2026-02-06 04:15:00,real_time_price,277.0,valley,262.39926624298096
2026-02-06 04:30:00,real_time_price,275.3,valley,261.88878083229065
2026-02-06 04:45:00,real_time_price,276.1,valley,264.69130778312683
2026-02-06 05:00:00,real_time_price,275.0,valley,267.1161894798279
2026-02-06 05:15:00,real_time_price,275.2,valley,269.46954250335693
2026-02-06 05:30:00,real_time_price,275.0,valley,269.35265254974365
2026-02-06 05:45:00,real_time_price,276.0,valley,272.35216903686523
2026-02-06 06:00:00,real_time_price,279.0,valley,276.4542498588562
2026-02-06 06:15:00,real_time_price,279.0,valley,275.24634170532227
2026-02-06 06:30:00,real_time_price,278.0,valley,283.7416286468506
2026-02-06 06:45:00,real_time_price,282.0,valley,281.8534917831421
2026-02-06 07:00:00,real_time_price,284.0,valley,287.8061680793762
2026-02-06 07:15:00,real_time_price,285.0,valley,284.6022765636444
2026-02-06 07:30:00,real_time_price,300.0,valley,287.62563133239746
2026-02-06 07:45:00,real_time_price,300.0,valley,293.88923394680023
2026-02-06 08:00:00,real_time_price,310.0,flat,297.68323707580566
2026-02-06 08:15:00,real_time_price,313.8,flat,310.7585983276367
2026-02-06 08:30:00,real_time_price,287.0,flat,329.5858325958252
2026-02-06 08:45:00,real_time_price,313.8,flat,295.3641529083252
2026-02-06 09:00:00,real_time_price,300.0,flat,313.12342596054077
2026-02-06 09:15:00,real_time_price,285.0,flat,290.52327156066895
2026-02-06 09:30:00,real_time_price,300.0,flat,280.67446517944336
2026-02-06 09:45:00,real_time_price,277.0,flat,288.2449417114258
2026-02-06 10:00:00,real_time_price,275.0,peak,268.2881736755371
2026-02-06 10:15:00,real_time_price,270.0,peak,255.37171745300293
2026-02-06 10:30:00,real_time_price,212.0,peak,251.47270584106445
2026-02-06 10:45:00,real_time_price,260.0,peak,246.79268836975098
2026-02-06 11:00:00,real_time_price,210.0,peak,260.89109802246094
2026-02-06 11:15:00,real_time_price,43.25,peak,233.19401168823242
2026-02-06 11:30:00,real_time_price,190.94,peak,200.9971694946289
2026-02-06 11:45:00,real_time_price,198.46,peak,185.8266830444336
2026-02-06 12:00:00,real_time_price,53.37,flat,165.79722595214844
2026-02-06 12:15:00,real_time_price,-34.14,flat,28.79888916015625
2026-02-06 12:30:00,real_time_price,67.12,flat,61.66419982910156
2026-02-06 12:45:00,real_time_price,0.72,flat,72.20091247558594
2026-02-06 13:00:00,real_time_price,17.9,flat,47.07887268066406
2026-02-06 13:15:00,real_time_price,-35.59,flat,35.949249267578125
2026-02-06 13:30:00,real_time_price,-41.32,flat,30.484771728515625
2026-02-06 13:45:00,real_time_price,209.37,flat,38.70997619628906
2026-02-06 14:00:00,real_time_price,204.12,peak,167.1226043701172
2026-02-06 14:15:00,real_time_price,-36.83,peak,158.51401901245117
2026-02-06 14:30:00,real_time_price,-35.69,peak,17.386734008789062
2026-02-06 14:45:00,real_time_price,-43.92,peak,36.96722412109375
2026-02-06 15:00:00,real_time_price,10.5,peak,8.939239501953125
2026-02-06 15:15:00,real_time_price,49.23,peak,47.27204895019531
2026-02-06 15:30:00,real_time_price,49.12,peak,76.35273742675781
2026-02-06 15:45:00,real_time_price,221.05,peak,127.15104675292969
2026-02-06 16:00:00,real_time_price,251.69,peak,239.66253280639648
2026-02-06 16:15:00,real_time_price,255.0,peak,256.5079879760742
2026-02-06 16:30:00,real_time_price,281.37,peak,256.46646881103516
2026-02-06 16:45:00,real_time_price,281.68,peak,284.7324333190918
2026-02-06 17:00:00,real_time_price,279.6,peak,303.319109916687
2026-02-06 17:15:00,real_time_price,280.0,peak,307.8756637573242
2026-02-06 17:30:00,real_time_price,300.0,peak,319.6795539855957
2026-02-06 17:45:00,real_time_price,310.0,peak,294.39078760147095
2026-02-06 18:00:00,real_time_price,358.82,peak,320.5735969543457
2026-02-06 18:15:00,real_time_price,358.0,peak,343.96508026123047
2026-02-06 18:30:00,real_time_price,350.0,peak,364.26728439331055
2026-02-06 18:45:00,real_time_price,352.49,peak,343.19173431396484
2026-02-06 19:00:00,real_time_price,400.18,flat,351.28127670288086
2026-02-06 19:15:00,real_time_price,309.2,flat,383.0084533691406
2026-02-06 19:30:00,real_time_price,316.93,flat,355.72866439819336
2026-02-06 19:45:00,real_time_price,319.8,flat,322.05976581573486
2026-02-06 20:00:00,real_time_price,312.5,flat,315.2868263721466
2026-02-06 20:15:00,real_time_price,285.3,flat,305.18550968170166
2026-02-06 20:30:00,real_time_price,310.0,flat,304.7744789123535
2026-02-06 20:45:00,real_time_price,310.0,flat,343.4947681427002
2026-02-06 21:00:00,real_time_price,285.17,flat,310.7591676712036
2026-02-06 21:15:00,real_time_price,296.22,flat,293.724308013916
2026-02-06 21:30:00,real_time_price,300.0,flat,305.7243251800537
2026-02-06 21:45:00,real_time_price,302.0,flat,303.2461128234863
2026-02-06 22:00:00,real_time_price,295.0,flat,299.8714141845703
2026-02-06 22:15:00,real_time_price,295.0,flat,301.0951747894287
2026-02-06 22:30:00,real_time_price,290.0,flat,294.5309371948242
2026-02-06 22:45:00,real_time_price,278.0,flat,292.3485565185547
2026-02-06 23:00:00,real_time_price,290.0,flat,279.2985076904297
2026-02-06 23:15:00,real_time_price,277.0,flat,278.4127006530762
2026-02-06 23:30:00,real_time_price,280.3,flat,274.37292289733887
2026-02-06 23:45:00,real_time_price,277.0,flat,274.06846046447754
2026-02-07 00:00:00,real_time_price,275.0,valley,273.8134002685547
2026-02-07 00:15:00,real_time_price,270.02,valley,260.46816062927246
2026-02-07 00:30:00,real_time_price,320.01,valley,327.63690972328186
2026-02-07 00:45:00,real_time_price,279.86,valley,310.56483364105225
2026-02-07 01:00:00,real_time_price,280.3,valley,289.5917778015137
2026-02-07 01:15:00,real_time_price,285.18,valley,281.92380714416504
2026-02-07 01:30:00,real_time_price,279.75,valley,271.0311622619629
2026-02-07 01:45:00,real_time_price,272.13,valley,272.1976709365845
2026-02-07 02:00:00,real_time_price,272.0,valley,273.0126485824585
2026-02-07 02:15:00,real_time_price,263.32,valley,269.72131538391113
2026-02-07 02:30:00,real_time_price,270.0,valley,261.42372131347656
2026-02-07 02:45:00,real_time_price,265.19,valley,264.2621021270752
2026-02-07 03:00:00,real_time_price,265.05,valley,262.5333499908447
2026-02-07 03:15:00,real_time_price,254.09,valley,263.1248788833618
2026-02-07 03:30:00,real_time_price,262.89,valley,252.81591987609863
2026-02-07 03:45:00,real_time_price,255.39,valley,257.62202548980713
2026-02-07 04:00:00,real_time_price,260.15,valley,254.84490585327148
2026-02-07 04:15:00,real_time_price,257.95,valley,256.29773330688477
2026-02-07 04:30:00,real_time_price,249.93,valley,255.71415042877197
2026-02-07 04:45:00,real_time_price,249.93,valley,250.85169887542725
2026-02-07 05:00:00,real_time_price,239.93,valley,251.88246822357178
2026-02-07 05:15:00,real_time_price,204.63,valley,247.04609489440918
2026-02-07 05:30:00,real_time_price,240.34,valley,234.0918960571289
2026-02-07 05:45:00,real_time_price,219.8,valley,237.23326873779297
2026-02-07 06:00:00,real_time_price,240.17,valley,239.24827575683594
2026-02-07 06:15:00,real_time_price,240.16,valley,238.53711700439453
2026-02-07 06:30:00,real_time_price,249.89,valley,243.3033561706543
2026-02-07 06:45:00,real_time_price,247.88,valley,248.00533485412598
2026-02-07 07:00:00,real_time_price,255.01,valley,250.46134567260742
2026-02-07 07:15:00,real_time_price,254.12,valley,255.23129653930664
2026-02-07 07:30:00,real_time_price,257.59,valley,260.75339698791504
2026-02-07 07:45:00,real_time_price,266.0,valley,257.3495864868164
2026-02-07 08:00:00,real_time_price,264.34,flat,271.747106552124
2026-02-07 08:15:00,real_time_price,270.0,flat,277.3412284851074
2026-02-07 08:30:00,real_time_price,271.46,flat,283.68378829956055
2026-02-07 08:45:00,real_time_price,-50.0,flat,270.99535751342773
2026-02-07 09:00:00,real_time_price,265.0,flat,146.3802490234375
2026-02-07 09:15:00,real_time_price,255.52,flat,373.67888259887695
2026-02-07 09:30:00,real_time_price,264.31,flat,227.64727783203125
2026-02-07 09:45:00,real_time_price,257.67,flat,216.3453598022461
2026-02-07 10:00:00,real_time_price,43.25,peak,245.02634811401367
2026-02-07 10:15:00,real_time_price,43.25,peak,110.30194091796875
2026-02-07 10:30:00,real_time_price,43.25,peak,102.28469848632812
2026-02-07 10:45:00,real_time_price,195.0,peak,89.64434814453125
2026-02-07 11:00:00,real_time_price,-10.0,peak,110.07722473144531
2026-02-07 11:15:00,real_time_price,-50.0,peak,55.68406677246094
2026-02-07 11:30:00,real_time_price,-50.0,peak,7.137603759765625
2026-02-07 11:45:00,real_time_price,71.45,peak,-7.534912109375
2026-02-07 12:00:00,real_time_price,-50.0,flat,37.54266357421875
2026-02-07 12:15:00,real_time_price,-50.0,flat,-47.00648498535156
2026-02-07 12:30:00,real_time_price,-50.0,flat,18.52667236328125
2026-02-07 12:45:00,real_time_price,-50.0,flat,-32.178009033203125
2026-02-07 13:00:00,real_time_price,-50.0,flat,-45.431671142578125
2026-02-07 13:15:00,real_time_price,-15.67,flat,-38.397613525390625
2026-02-07 13:30:00,real_time_price,-50.0,flat,13.19085693359375
2026-02-07 13:45:00,real_time_price,-50.0,flat,-20.964141845703125
2026-02-07 14:00:00,real_time_price,-50.0,peak,-1.5347137451171875
2026-02-07 14:15:00,real_time_price,-50.0,peak,-12.71405029296875
2026-02-07 14:30:00,real_time_price,-50.0,peak,-25.777206420898438
2026-02-07 14:45:00,real_time_price,-50.0,peak,-11.075836181640625
2026-02-07 15:00:00,real_time_price,-50.0,peak,16.924972534179688
2026-02-07 15:15:00,real_time_price,-50.0,peak,-15.94427490234375
2026-02-07 15:30:00,real_time_price,-50.0,peak,4.4141082763671875
2026-02-07 15:45:00,real_time_price,-50.0,peak,25.47509765625
2026-02-07 16:00:00,real_time_price,-50.0,peak,68.67141723632812
2026-02-07 16:15:00,real_time_price,-50.0,peak,33.00238037109375
2026-02-07 16:30:00,real_time_price,205.2,peak,4.961181640625
2026-02-07 16:45:00,real_time_price,243.0,peak,221.76858139038086
2026-02-07 17:00:00,real_time_price,252.0,peak,223.37254333496094
2026-02-07 17:15:00,real_time_price,255.2,peak,205.12857818603516
2026-02-07 17:30:00,real_time_price,265.1,peak,269.98731422424316
2026-02-07 17:45:00,real_time_price,242.2,peak,296.2019875049591
2026-02-07 18:00:00,real_time_price,279.28,peak,273.0608501434326
2026-02-07 18:15:00,real_time_price,300.0,peak,284.7141513824463
2026-02-07 18:30:00,real_time_price,314.84,peak,302.26786708831787
2026-02-07 18:45:00,real_time_price,316.0,peak,324.5523490905762
2026-02-07 19:00:00,real_time_price,302.1,flat,303.2570972442627
2026-02-07 19:15:00,real_time_price,270.0,flat,293.1418266296387
2026-02-07 19:30:00,real_time_price,270.0,flat,276.742862701416
2026-02-07 19:45:00,real_time_price,280.0,flat,261.85173416137695
2026-02-07 20:00:00,real_time_price,293.1,flat,269.7976264953613
2026-02-07 20:15:00,real_time_price,280.31,flat,281.7220344543457
2026-02-07 20:30:00,real_time_price,279.0,flat,288.5308017730713
2026-02-07 20:45:00,real_time_price,280.2,flat,285.51097106933594
2026-02-07 21:00:00,real_time_price,270.1,flat,289.0347671508789
2026-02-07 21:15:00,real_time_price,281.24,flat,289.16280364990234
2026-02-07 21:30:00,real_time_price,283.0,flat,284.94342041015625
2026-02-07 21:45:00,real_time_price,285.33,flat,284.9262466430664
2026-02-07 22:00:00,real_time_price,275.3,flat,280.3006362915039
2026-02-07 22:15:00,real_time_price,280.0,flat,282.34611892700195
2026-02-07 22:30:00,real_time_price,44.48,flat,280.5993537902832
2026-02-07 22:45:00,real_time_price,265.1,flat,225.3188705444336
2026-02-07 23:00:00,real_time_price,265.3,flat,259.16529083251953
2026-02-07 23:15:00,real_time_price,230.24,flat,240.58053588867188
2026-02-07 23:30:00,real_time_price,259.0,flat,243.93346405029297
2026-02-07 23:45:00,real_time_price,240.0,flat,248.81592559814453
2026-02-08 00:00:00,real_time_price,255.5,valley,217.11981201171875
2026-02-08 00:15:00,real_time_price,-0.53,valley,240.99213409423828
2026-02-08 00:30:00,real_time_price,-49.38,valley,246.00729370117188
2026-02-08 00:45:00,real_time_price,205.0,valley,9.875213623046875
2026-02-08 01:00:00,real_time_price,0.0,valley,143.17491149902344
2026-02-08 01:15:00,real_time_price,54.46,valley,83.0203857421875
2026-02-08 01:30:00,real_time_price,-50.0,valley,44.16304016113281
2026-02-08 01:45:00,real_time_price,0.0,valley,67.64639282226562
2026-02-08 02:00:00,real_time_price,-50.0,valley,48.98741149902344
2026-02-08 02:15:00,real_time_price,0.0,valley,2.303253173828125
2026-02-08 02:30:00,real_time_price,-50.0,valley,-5.257568359375
2026-02-08 02:45:00,real_time_price,-40.0,valley,85.8013916015625
2026-02-08 03:00:00,real_time_price,-50.0,valley,46.01097106933594
2026-02-08 03:15:00,real_time_price,-50.0,valley,47.68989562988281
2026-02-08 03:30:00,real_time_price,-50.0,valley,40.37696838378906
2026-02-08 03:45:00,real_time_price,-50.0,valley,18.418228149414062
2026-02-08 04:00:00,real_time_price,-50.0,valley,35.80220031738281
2026-02-08 04:15:00,real_time_price,-50.0,valley,38.620513916015625
2026-02-08 04:30:00,real_time_price,0.0,valley,2.63677978515625
2026-02-08 04:45:00,real_time_price,-40.0,valley,14.210494995117188
2026-02-08 05:00:00,real_time_price,-50.0,valley,21.937149047851562
2026-02-08 05:15:00,real_time_price,-50.0,valley,-6.703887939453125
2026-02-08 05:30:00,real_time_price,-50.0,valley,30.052566528320312
2026-02-08 05:45:00,real_time_price,-50.0,valley,47.78315734863281
2026-02-08 06:00:00,real_time_price,-50.0,valley,43.641082763671875
2026-02-08 06:15:00,real_time_price,-50.0,valley,35.32756042480469
2026-02-08 06:30:00,real_time_price,-50.0,valley,31.569686889648438
2026-02-08 06:45:00,real_time_price,-50.0,valley,30.605148315429688
2026-02-08 07:00:00,real_time_price,43.25,valley,22.71575927734375
2026-02-08 07:15:00,real_time_price,-50.0,valley,36.41839599609375
2026-02-08 07:30:00,real_time_price,-50.0,valley,72.55918884277344
2026-02-08 07:45:00,real_time_price,46.67,valley,50.95826721191406
2026-02-08 08:00:00,real_time_price,-50.0,flat,9.138763427734375
2026-02-08 08:15:00,real_time_price,0.0,flat,-52.804718017578125
2026-02-08 08:30:00,real_time_price,48.97,flat,52.34747314453125
2026-02-08 08:45:00,real_time_price,49.68,flat,106.24493408203125
2026-02-08 09:00:00,real_time_price,212.13,flat,6.374847412109375
2026-02-08 09:15:00,real_time_price,242.8,flat,139.078857421875
2026-02-08 09:30:00,real_time_price,243.83,flat,186.74656677246094
2026-02-08 09:45:00,real_time_price,229.21,flat,209.89788818359375
2026-02-08 10:00:00,real_time_price,43.54,peak,208.7612762451172
2026-02-08 10:15:00,real_time_price,0.16,peak,114.871337890625
2026-02-08 10:30:00,real_time_price,-50.0,peak,35.845184326171875
2026-02-08 10:45:00,real_time_price,43.54,peak,-2.927947998046875
2026-02-08 11:00:00,real_time_price,44.33,peak,-18.56866455078125
2026-02-08 11:15:00,real_time_price,0.59,peak,47.243438720703125
2026-02-08 11:30:00,real_time_price,-42.5,peak,22.914306640625
2026-02-08 11:45:00,real_time_price,1.92,peak,2.6028289794921875
2026-02-08 12:00:00,real_time_price,-48.74,flat,2.4420013427734375
2026-02-08 12:15:00,real_time_price,-50.0,flat,-52.73207092285156
2026-02-08 12:30:00,real_time_price,1.05,flat,0.92193603515625
2026-02-08 12:45:00,real_time_price,-38.79,flat,11.946090698242188
2026-02-08 13:00:00,real_time_price,-49.14,flat,-3.4594879150390625
2026-02-08 13:15:00,real_time_price,-47.17,flat,-17.397628784179688
2026-02-08 13:30:00,real_time_price,-47.17,flat,-24.007125854492188
2026-02-08 13:45:00,real_time_price,-48.79,flat,0.8497772216796875
2026-02-08 14:00:00,real_time_price,-48.04,peak,-23.622650146484375
2026-02-08 14:15:00,real_time_price,-50.0,peak,-8.852035522460938
2026-02-08 14:30:00,real_time_price,-50.0,peak,-21.960052490234375
2026-02-08 14:45:00,real_time_price,-50.0,peak,-18.295379638671875
2026-02-08 15:00:00,real_time_price,-50.0,peak,-16.32501220703125
2026-02-08 15:15:00,real_time_price,-50.0,peak,-18.875396728515625
2026-02-08 15:30:00,real_time_price,-50.0,peak,51.72709655761719
2026-02-08 15:45:00,real_time_price,-50.0,peak,12.866989135742188
2026-02-08 16:00:00,real_time_price,-50.0,peak,44.187225341796875
2026-02-08 16:15:00,real_time_price,-50.0,peak,19.708770751953125
2026-02-08 16:30:00,real_time_price,-50.0,peak,33.35498046875
2026-02-08 16:45:00,real_time_price,0.0,peak,29.78363037109375
2026-02-08 17:00:00,real_time_price,70.43,peak,54.03178405761719
2026-02-08 17:15:00,real_time_price,-0.02,peak,146.8061065673828
2026-02-08 17:30:00,real_time_price,-2.11,peak,77.70567321777344
2026-02-08 17:45:00,real_time_price,-1.17,peak,81.73255920410156
2026-02-08 18:00:00,real_time_price,230.87,peak,63.24833679199219
2026-02-08 18:15:00,real_time_price,207.61,peak,231.89188385009766
2026-02-08 18:30:00,real_time_price,117.9,peak,229.01953887939453
2026-02-08 18:45:00,real_time_price,369.78,peak,184.96348571777344
2026-02-08 19:00:00,real_time_price,250.1,flat,263.8402442932129
2026-02-08 19:15:00,real_time_price,238.49,flat,222.5219955444336
2026-02-08 19:30:00,real_time_price,259.8,flat,222.16708374023438
2026-02-08 19:45:00,real_time_price,0.0,flat,229.9990005493164
2026-02-08 20:00:00,real_time_price,250.1,flat,127.67718505859375
2026-02-08 20:15:00,real_time_price,257.0,flat,201.60565948486328
2026-02-08 20:30:00,real_time_price,251.38,flat,206.3305435180664
2026-02-08 20:45:00,real_time_price,255.0,flat,252.93895721435547
2026-02-08 21:00:00,real_time_price,260.0,flat,255.25909042358398
2026-02-08 21:15:00,real_time_price,259.95,flat,341.7292232513428
2026-02-08 21:30:00,real_time_price,260.0,flat,264.7342834472656
2026-02-08 21:45:00,real_time_price,255.0,flat,263.242919921875
2026-02-08 22:00:00,real_time_price,245.0,flat,247.9470443725586
2026-02-08 22:15:00,real_time_price,244.91,flat,312.1011896133423
2026-02-08 22:30:00,real_time_price,50.0,flat,261.2915267944336
2026-02-08 22:45:00,real_time_price,244.9,flat,133.13131713867188
2026-02-08 23:00:00,real_time_price,243.0,flat,217.93702697753906
2026-02-08 23:15:00,real_time_price,105.14,flat,227.2864532470703
2026-02-08 23:30:00,real_time_price,243.2,flat,216.8525161743164
2026-02-08 23:45:00,real_time_price,210.08,flat,239.47610092163086
2026-02-09 00:00:00,real_time_price,105.88,valley,170.47557067871094
2026-02-09 00:15:00,real_time_price,250.2,valley,158.42909240722656
2026-02-09 00:30:00,real_time_price,267.0,valley,301.52773094177246
2026-02-09 00:45:00,real_time_price,248.0,valley,226.25772857666016
2026-02-09 01:00:00,real_time_price,250.0,valley,221.66361236572266
2026-02-09 01:15:00,real_time_price,219.95,valley,230.5998077392578
2026-02-09 01:30:00,real_time_price,-50.0,valley,212.80409240722656
2026-02-09 01:45:00,real_time_price,-50.0,valley,105.6318359375
2026-02-09 02:00:00,real_time_price,-50.0,valley,-16.8890380859375
2026-02-09 02:15:00,real_time_price,-49.99,valley,-1.879241943359375
2026-02-09 02:30:00,real_time_price,-50.0,valley,-29.210662841796875
2026-02-09 02:45:00,real_time_price,-50.0,valley,-25.802032470703125
2026-02-09 03:00:00,real_time_price,-50.0,valley,-40.292633056640625
2026-02-09 03:15:00,real_time_price,-50.0,valley,-21.689422607421875
2026-02-09 03:30:00,real_time_price,-50.0,valley,-29.11395263671875
2026-02-09 03:45:00,real_time_price,-50.0,valley,-28.661224365234375
2026-02-09 04:00:00,real_time_price,-50.0,valley,-38.02667236328125
2026-02-09 04:15:00,real_time_price,-50.0,valley,-31.90704345703125
2026-02-09 04:30:00,real_time_price,-50.0,valley,-27.164306640625
2026-02-09 04:45:00,real_time_price,-50.0,valley,-38.947174072265625
2026-02-09 05:00:00,real_time_price,-50.0,valley,-30.21563720703125
2026-02-09 05:15:00,real_time_price,-50.0,valley,-26.464263916015625
2026-02-09 05:30:00,real_time_price,-50.0,valley,-19.566741943359375
2026-02-09 05:45:00,real_time_price,-50.0,valley,-24.148040771484375
2026-02-09 06:00:00,real_time_price,-50.0,valley,-22.757232666015625
2026-02-09 06:15:00,real_time_price,-50.0,valley,-21.269287109375
2026-02-09 06:30:00,real_time_price,-50.0,valley,-3.24676513671875
2026-02-09 06:45:00,real_time_price,-50.0,valley,-1.619964599609375
2026-02-09 07:00:00,real_time_price,-50.0,valley,34.744415283203125
2026-02-09 07:15:00,real_time_price,-50.0,valley,24.91650390625
2026-02-09 07:30:00,real_time_price,187.72,valley,36.5589599609375
2026-02-09 07:45:00,real_time_price,207.09,valley,178.32158660888672
2026-02-09 08:00:00,real_time_price,56.25,flat,303.3304637670517
2026-02-09 08:15:00,real_time_price,213.89,flat,168.71356201171875
2026-02-09 08:30:00,real_time_price,3.4,flat,253.56137466430664
2026-02-09 08:45:00,real_time_price,-41.3,flat,88.43153381347656
2026-02-09 09:00:00,real_time_price,-42.43,flat,-38.133758544921875
2026-02-09 09:15:00,real_time_price,-46.15,flat,-56.6114501953125
2026-02-09 09:30:00,real_time_price,-45.44,flat,-71.14117431640625
2026-02-09 09:45:00,real_time_price,-45.94,flat,-53.70904541015625
2026-02-09 10:00:00,real_time_price,-44.35,peak,-11.439697265625
2026-02-09 10:15:00,real_time_price,-50.0,peak,-25.1568603515625
2026-02-09 10:30:00,real_time_price,-39.03,peak,-3.811798095703125
2026-02-09 10:45:00,real_time_price,-38.67,peak,-21.082763671875
2026-02-09 11:00:00,real_time_price,-31.73,peak,-11.462066650390625
2026-02-09 11:15:00,real_time_price,-32.46,peak,57.28709411621094
2026-02-09 11:30:00,real_time_price,18.4,peak,-6.999847412109375
2026-02-09 11:45:00,real_time_price,50.32,peak,29.60284423828125
2026-02-09 12:00:00,real_time_price,0.16,flat,81.11341857910156
2026-02-09 12:15:00,real_time_price,-46.97,flat,-6.58856201171875
2026-02-09 12:30:00,real_time_price,213.18,flat,3.9641571044921875
2026-02-09 12:45:00,real_time_price,154.72,flat,163.6352424621582
2026-02-09 13:00:00,real_time_price,142.95,flat,98.3592758178711
2026-02-09 13:15:00,real_time_price,4.5,flat,162.69397735595703
2026-02-09 13:30:00,real_time_price,-43.74,flat,11.263458251953125
2026-02-09 13:45:00,real_time_price,156.82,flat,-10.60345458984375
2026-02-09 14:00:00,real_time_price,-46.39,peak,131.60540008544922
2026-02-09 14:15:00,real_time_price,-46.35,peak,38.97898864746094
2026-02-09 14:30:00,real_time_price,-46.4,peak,-14.162948608398438
2026-02-09 14:45:00,real_time_price,-47.03,peak,48.451507568359375
2026-02-09 15:00:00,real_time_price,-47.87,peak,84.4418716430664
2026-02-09 15:15:00,real_time_price,-48.03,peak,124.3200454711914
2026-02-09 15:30:00,real_time_price,-4.71,peak,131.3704833984375
2026-02-09 15:45:00,real_time_price,-47.45,peak,91.21250915527344
2026-02-09 16:00:00,real_time_price,-45.83,peak,44.7833251953125
2026-02-09 16:15:00,real_time_price,-45.82,peak,22.377853393554688
2026-02-09 16:30:00,real_time_price,-48.14,peak,26.700149536132812
2026-02-09 16:45:00,real_time_price,1.95,peak,33.92237854003906
2026-02-09 17:00:00,real_time_price,-48.37,peak,71.1409912109375
2026-02-09 17:15:00,real_time_price,1.89,peak,95.02035522460938
2026-02-09 17:30:00,real_time_price,220.52,peak,83.43812561035156
2026-02-09 17:45:00,real_time_price,260.58,peak,211.99886322021484
2026-02-09 18:00:00,real_time_price,265.1,peak,219.9121856689453
2026-02-09 18:15:00,real_time_price,265.0,peak,205.99263763427734
2026-02-09 18:30:00,real_time_price,259.95,peak,297.22752571105957
2026-02-09 18:45:00,real_time_price,264.41,peak,288.95325088500977
2026-02-09 19:00:00,real_time_price,267.53,flat,229.93994903564453
2026-02-09 19:15:00,real_time_price,265.52,flat,219.1107635498047
2026-02-09 19:30:00,real_time_price,266.0,flat,242.30209350585938
2026-02-09 19:45:00,real_time_price,281.13,flat,221.15359497070312
2026-02-09 20:00:00,real_time_price,270.15,flat,264.6617202758789
2026-02-09 20:15:00,real_time_price,274.42,flat,250.03904342651367
2026-02-09 20:30:00,real_time_price,269.96,flat,271.8325881958008
2026-02-09 20:45:00,real_time_price,270.2,flat,263.9441833496094
2026-02-09 21:00:00,real_time_price,288.69,flat,269.71530532836914
2026-02-09 21:15:00,real_time_price,269.98,flat,285.1248035430908
2026-02-09 21:30:00,real_time_price,270.01,flat,278.4391784667969
2026-02-09 21:45:00,real_time_price,280.44,flat,274.42748260498047
2026-02-09 22:00:00,real_time_price,265.04,flat,282.5447769165039
2026-02-09 22:15:00,real_time_price,255.01,flat,270.7562789916992
2026-02-09 22:30:00,real_time_price,264.01,flat,258.26137924194336
2026-02-09 22:45:00,real_time_price,250.01,flat,267.02985763549805
2026-02-09 23:00:00,real_time_price,252.02,flat,243.2462272644043
2026-02-09 23:15:00,real_time_price,255.01,flat,256.9967269897461
2026-02-09 23:30:00,real_time_price,250.02,flat,252.00040817260742
2026-02-09 23:45:00,real_time_price,212.29,flat,240.94032287597656
2026-02-10 00:00:00,real_time_price,64.93,valley,160.35028839111328
2026-02-10 00:15:00,real_time_price,315.14,valley,175.09715270996094
2026-02-10 00:30:00,real_time_price,334.07,valley,359.8613529205322
2026-02-10 00:45:00,real_time_price,290.0,valley,270.9330940246582
2026-02-10 01:00:00,real_time_price,278.1,valley,264.8782081604004
2026-02-10 01:15:00,real_time_price,280.0,valley,271.4910583496094
2026-02-10 01:30:00,real_time_price,270.0,valley,241.86328506469727
2026-02-10 01:45:00,real_time_price,270.0,valley,246.33648681640625
2026-02-10 02:00:00,real_time_price,265.2,valley,237.29150772094727
2026-02-10 02:15:00,real_time_price,265.34,valley,244.6878433227539
2026-02-10 02:30:00,real_time_price,258.0,valley,241.9711151123047
2026-02-10 02:45:00,real_time_price,260.0,valley,244.96105575561523
2026-02-10 03:00:00,real_time_price,250.0,valley,230.73263931274414
2026-02-10 03:15:00,real_time_price,50.1,valley,230.31023025512695
2026-02-10 03:30:00,real_time_price,0.0,valley,186.8199234008789
2026-02-10 03:45:00,real_time_price,-10.0,valley,83.99833679199219
2026-02-10 04:00:00,real_time_price,-50.0,valley,19.219619750976562
2026-02-10 04:15:00,real_time_price,-50.0,valley,16.015487670898438
2026-02-10 04:30:00,real_time_price,-50.0,valley,-13.995574951171875
2026-02-10 04:45:00,real_time_price,-50.0,valley,-21.779083251953125
2026-02-10 05:00:00,real_time_price,-50.0,valley,-25.802886962890625
2026-02-10 05:15:00,real_time_price,-50.0,valley,-20.84271240234375
2026-02-10 05:30:00,real_time_price,-50.0,valley,-11.920501708984375
2026-02-10 05:45:00,real_time_price,-49.47,valley,-10.743438720703125
2026-02-10 06:00:00,real_time_price,-49.48,valley,-10.675872802734375
2026-02-10 06:15:00,real_time_price,0.0,valley,-4.444671630859375
2026-02-10 06:30:00,real_time_price,200.0,valley,3.215484619140625
2026-02-10 06:45:00,real_time_price,200.0,valley,165.22866821289062
2026-02-10 07:00:00,real_time_price,230.0,valley,137.79183959960938
2026-02-10 07:15:00,real_time_price,260.0,valley,178.63613891601562
2026-02-10 07:30:00,real_time_price,260.0,valley,264.1646270751953
2026-02-10 07:45:00,real_time_price,230.2,valley,270.95076179504395
2026-02-10 08:00:00,real_time_price,255.0,flat,243.29670333862305
2026-02-10 08:15:00,real_time_price,270.0,flat,224.51071166992188
2026-02-10 08:30:00,real_time_price,270.0,flat,278.20417404174805
2026-02-10 08:45:00,real_time_price,0.0,flat,164.59732055664062
2026-02-10 09:00:00,real_time_price,270.0,flat,138.14781188964844
2026-02-10 09:15:00,real_time_price,270.0,flat,204.61204528808594
2026-02-10 09:30:00,real_time_price,270.0,flat,205.9839859008789
2026-02-10 09:45:00,real_time_price,270.0,flat,220.9281768798828
2026-02-10 10:00:00,real_time_price,220.22,peak,243.14690780639648
2026-02-10 10:15:00,real_time_price,203.56,peak,227.07307815551758
2026-02-10 10:30:00,real_time_price,100.0,peak,176.88350677490234
2026-02-10 10:45:00,real_time_price,71.15,peak,179.83602905273438
2026-02-10 11:00:00,real_time_price,-38.61,peak,143.68231201171875
2026-02-10 11:15:00,real_time_price,1.25,peak,118.40504455566406
2026-02-10 11:30:00,real_time_price,202.49,peak,253.06292605400085
2026-02-10 11:45:00,real_time_price,257.55,peak,124.22429656982422
2026-02-10 12:00:00,real_time_price,245.92,flat,100.65348815917969
2026-02-10 12:15:00,real_time_price,74.51,flat,134.63985061645508
2026-02-10 12:30:00,real_time_price,255.31,flat,146.47990036010742
2026-02-10 12:45:00,real_time_price,259.82,flat,199.1552665233612
2026-02-10 13:00:00,real_time_price,-1.09,flat,205.58586883544922
2026-02-10 13:15:00,real_time_price,-34.49,flat,89.88743591308594
2026-02-10 13:30:00,real_time_price,0.7,flat,37.93769836425781
2026-02-10 13:45:00,real_time_price,-50.0,flat,74.36727905273438
2026-02-10 14:00:00,real_time_price,5.21,peak,32.0633544921875
2026-02-10 14:15:00,real_time_price,-48.95,peak,74.79158020019531
2026-02-10 14:30:00,real_time_price,-47.14,peak,-41.794219970703125
2026-02-10 14:45:00,real_time_price,-50.0,peak,0.20123291015625
2026-02-10 15:00:00,real_time_price,-50.0,peak,8.679519653320312
2026-02-10 15:15:00,real_time_price,-50.0,peak,144.6791114807129
2026-02-10 15:30:00,real_time_price,-50.0,peak,87.42373657226562
2026-02-10 15:45:00,real_time_price,-50.0,peak,92.22203063964844
2026-02-10 16:00:00,real_time_price,-50.0,peak,54.17877197265625
2026-02-10 16:15:00,real_time_price,-50.0,peak,39.65138244628906
2026-02-10 16:30:00,real_time_price,-50.0,peak,66.31362915039062
2026-02-10 16:45:00,real_time_price,0.0,peak,43.97364807128906
2026-02-10 17:00:00,real_time_price,255.0,peak,93.49134826660156
2026-02-10 17:15:00,real_time_price,220.0,peak,198.76107025146484
2026-02-10 17:30:00,real_time_price,268.6,peak,267.50413513183594
2026-02-10 17:45:00,real_time_price,285.0,peak,206.6044692993164
2026-02-10 18:00:00,real_time_price,360.0,peak,284.89742851257324
2026-02-10 18:15:00,real_time_price,300.26,peak,337.8119583129883
2026-02-10 18:30:00,real_time_price,290.06,peak,342.9237289428711
2026-02-10 18:45:00,real_time_price,285.01,peak,325.9135971069336
2026-02-10 19:00:00,real_time_price,300.06,flat,257.8757514953613
2026-02-10 19:15:00,real_time_price,280.0,flat,279.94171142578125
2026-02-10 19:30:00,real_time_price,301.46,flat,288.96142768859863
2026-02-10 19:45:00,real_time_price,299.21,flat,281.0527572631836
2026-02-10 20:00:00,real_time_price,299.72,flat,288.32772636413574
2026-02-10 20:15:00,real_time_price,315.13,flat,280.5235061645508
2026-02-10 20:30:00,real_time_price,299.01,flat,311.6850982904434
2026-02-10 20:45:00,real_time_price,282.0,flat,305.3174934387207
2026-02-10 21:00:00,real_time_price,280.01,flat,287.1124324798584
2026-02-10 21:15:00,real_time_price,299.99,flat,286.4509582519531
2026-02-10 21:30:00,real_time_price,319.99,flat,301.5562343597412
2026-02-10 21:45:00,real_time_price,313.19,flat,308.29049587249756
2026-02-10 22:00:00,real_time_price,320.09,flat,306.0475559234619
2026-02-10 22:15:00,real_time_price,280.16,flat,309.1897554397583
2026-02-10 22:30:00,real_time_price,297.49,flat,285.27276611328125
2026-02-10 22:45:00,real_time_price,300.0,flat,288.93152236938477
2026-02-10 23:00:00,real_time_price,285.0,flat,284.1794681549072
2026-02-10 23:15:00,real_time_price,300.0,flat,276.5727195739746
2026-02-10 23:30:00,real_time_price,280.3,flat,289.3048939704895
2026-02-10 23:45:00,real_time_price,280.0,flat,278.837908744812
2026-02-11 00:00:00,real_time_price,270.3,valley,227.60781860351562
2026-02-11 00:15:00,real_time_price,281.0,valley,262.4468746185303
2026-02-11 00:30:00,real_time_price,333.78,valley,319.263822555542
2026-02-11 00:45:00,real_time_price,270.0,valley,282.37725830078125
2026-02-11 01:00:00,real_time_price,279.98,valley,256.7497138977051
2026-02-11 01:15:00,real_time_price,270.2,valley,276.7795944213867
2026-02-11 01:30:00,real_time_price,249.61,valley,251.63706970214844
2026-02-11 01:45:00,real_time_price,252.63,valley,236.70428848266602
2026-02-11 02:00:00,real_time_price,250.3,valley,234.43180465698242
2026-02-11 02:15:00,real_time_price,249.75,valley,239.96175003051758
2026-02-11 02:30:00,real_time_price,202.85,valley,236.87136840820312
2026-02-11 02:45:00,real_time_price,0.0,valley,192.56749725341797
2026-02-11 03:00:00,real_time_price,-49.0,valley,138.55978393554688
2026-02-11 03:15:00,real_time_price,0.0,valley,1.152801513671875
2026-02-11 03:30:00,real_time_price,-50.0,valley,18.541549682617188
2026-02-11 03:45:00,real_time_price,-50.0,valley,-10.136077880859375
2026-02-11 04:00:00,real_time_price,-50.0,valley,-28.858123779296875
2026-02-11 04:15:00,real_time_price,-50.0,valley,-24.2884521484375
2026-02-11 04:30:00,real_time_price,-1.51,valley,-35.470977783203125
2026-02-11 04:45:00,real_time_price,-50.0,valley,-17.781219482421875
2026-02-11 05:00:00,real_time_price,-30.71,valley,-31.62115478515625
2026-02-11 05:15:00,real_time_price,-0.08,valley,-30.997161865234375
2026-02-11 05:30:00,real_time_price,-50.0,valley,3.831146240234375
2026-02-11 05:45:00,real_time_price,-50.0,valley,-14.87139892578125
2026-02-11 06:00:00,real_time_price,-0.08,valley,-25.394561767578125
2026-02-11 06:15:00,real_time_price,-28.63,valley,15.4334716796875
2026-02-11 06:30:00,real_time_price,43.25,valley,-7.90093994140625
2026-02-11 06:45:00,real_time_price,43.25,valley,10.0687255859375
2026-02-11 07:00:00,real_time_price,43.25,valley,67.37562561035156
2026-02-11 07:15:00,real_time_price,47.58,valley,54.86174011230469
2026-02-11 07:30:00,real_time_price,251.51,valley,81.89009094238281
2026-02-11 07:45:00,real_time_price,178.88,valley,328.08821868896484
2026-02-11 08:00:00,real_time_price,230.13,flat,231.7672576904297
2026-02-11 08:15:00,real_time_price,300.0,flat,237.6865005493164
2026-02-11 08:30:00,real_time_price,250.0,flat,287.54571533203125
2026-02-11 08:45:00,real_time_price,-49.65,flat,226.73892211914062
2026-02-11 09:00:00,real_time_price,230.0,flat,93.56668090820312
2026-02-11 09:15:00,real_time_price,255.0,flat,230.07704162597656
2026-02-11 09:30:00,real_time_price,-50.0,flat,186.96141052246094
2026-02-11 09:45:00,real_time_price,-50.0,flat,120.26628112792969
2026-02-11 10:00:00,real_time_price,0.02,peak,98.37478637695312
2026-02-11 10:15:00,real_time_price,-50.0,peak,84.0406494140625
2026-02-11 10:30:00,real_time_price,-50.0,peak,5.233551025390625
2026-02-11 10:45:00,real_time_price,-50.0,peak,-16.641326904296875
2026-02-11 11:00:00,real_time_price,-50.0,peak,-19.245849609375
2026-02-11 11:15:00,real_time_price,-50.0,peak,-10.95025634765625
2026-02-11 11:30:00,real_time_price,-7.0,peak,-31.595458984375
2026-02-11 11:45:00,real_time_price,145.23,peak,-0.2931976318359375
2026-02-11 12:00:00,real_time_price,-50.0,flat,64.47177124023438
2026-02-11 12:15:00,real_time_price,-50.0,flat,-57.21907043457031
2026-02-11 12:30:00,real_time_price,-48.43,flat,-15.818389892578125
2026-02-11 12:45:00,real_time_price,-50.0,flat,-58.491241455078125
2026-02-11 13:00:00,real_time_price,-49.37,flat,-31.309539794921875
2026-02-11 13:15:00,real_time_price,-50.0,flat,-23.223983764648438
2026-02-11 13:30:00,real_time_price,-50.0,flat,-17.155044555664062
2026-02-11 13:45:00,real_time_price,-50.0,flat,-9.581878662109375
2026-02-11 14:00:00,real_time_price,-49.42,peak,8.991928100585938
2026-02-11 14:15:00,real_time_price,-50.0,peak,-6.5586090087890625
2026-02-11 14:30:00,real_time_price,-7.0,peak,-47.778045654296875
2026-02-11 14:45:00,real_time_price,17.49,peak,-19.226181030273438
2026-02-11 15:00:00,real_time_price,-50.0,peak,11.676864624023438
2026-02-11 15:15:00,real_time_price,-49.42,peak,44.561187744140625
2026-02-11 15:30:00,real_time_price,-39.53,peak,36.970245361328125
2026-02-11 15:45:00,real_time_price,-50.0,peak,97.94548034667969
2026-02-11 16:00:00,real_time_price,-50.0,peak,65.01469421386719
2026-02-11 16:15:00,real_time_price,-50.0,peak,45.25804138183594
2026-02-11 16:30:00,real_time_price,-50.0,peak,78.02993774414062
2026-02-11 16:45:00,real_time_price,-50.0,peak,55.466796875
2026-02-11 17:00:00,real_time_price,-50.0,peak,119.156982421875
2026-02-11 17:15:00,real_time_price,94.24,peak,83.17939758300781
2026-02-11 17:30:00,real_time_price,286.7,peak,83.33744812011719
2026-02-11 17:45:00,real_time_price,300.1,peak,200.06607818603516
2026-02-11 18:00:00,real_time_price,314.0,peak,220.80303192138672
2026-02-11 18:15:00,real_time_price,281.01,peak,328.89013481140137
2026-02-11 18:30:00,real_time_price,290.5,peak,317.9738459587097
2026-02-11 18:45:00,real_time_price,325.31,peak,315.5660729408264
2026-02-11 19:00:00,real_time_price,300.0,flat,262.56165313720703
2026-02-11 19:15:00,real_time_price,298.34,flat,221.19185638427734
2026-02-11 19:30:00,real_time_price,314.14,flat,262.98470306396484
2026-02-11 19:45:00,real_time_price,290.01,flat,266.86145401000977
2026-02-11 20:00:00,real_time_price,293.19,flat,272.06663513183594
2026-02-11 20:15:00,real_time_price,292.02,flat,255.38213729858398
2026-02-11 20:30:00,real_time_price,292.81,flat,252.06674575805664
2026-02-11 20:45:00,real_time_price,360.02,flat,263.90258407592773
2026-02-11 21:00:00,real_time_price,338.68,flat,302.5506811141968
2026-02-11 21:15:00,real_time_price,315.02,flat,322.24647760391235
2026-02-11 21:30:00,real_time_price,302.67,flat,320.637583732605
2026-02-11 21:45:00,real_time_price,318.01,flat,297.72348976135254
2026-02-11 22:00:00,real_time_price,320.8,flat,289.65112686157227
2026-02-11 22:15:00,real_time_price,315.09,flat,292.88997650146484
2026-02-11 22:30:00,real_time_price,310.01,flat,299.8954858779907
2026-02-11 22:45:00,real_time_price,290.36,flat,290.40136909484863
2026-02-11 23:00:00,real_time_price,296.01,flat,283.4749507904053
2026-02-11 23:15:00,real_time_price,292.01,flat,256.1595458984375
2026-02-11 23:30:00,real_time_price,290.01,flat,259.0990161895752
2026-02-11 23:45:00,real_time_price,280.3,flat,271.4980640411377
2026-02-12 00:00:00,real_time_price,282.0,valley,278.88838481903076
2026-02-12 00:15:00,real_time_price,270.09,valley,274.0209732055664
2026-02-12 00:30:00,real_time_price,315.1,valley,292.19137835502625
2026-02-12 00:45:00,real_time_price,219.92,valley,264.7694149017334
2026-02-12 01:00:00,real_time_price,265.3,valley,201.4824981689453
2026-02-12 01:15:00,real_time_price,255.78,valley,235.16166305541992
2026-02-12 01:30:00,real_time_price,255.66,valley,242.28379440307617
2026-02-12 01:45:00,real_time_price,260.01,valley,229.26553344726562
2026-02-12 02:00:00,real_time_price,255.16,valley,245.9042797088623
2026-02-12 02:15:00,real_time_price,271.2,valley,239.9227180480957
2026-02-12 02:30:00,real_time_price,245.18,valley,207.43467330932617
2026-02-12 02:45:00,real_time_price,252.04,valley,135.06474685668945
2026-02-12 03:00:00,real_time_price,250.05,valley,92.00814819335938
2026-02-12 03:15:00,real_time_price,266.0,valley,140.61074829101562
2026-02-12 03:30:00,real_time_price,250.0,valley,174.77857971191406
2026-02-12 03:45:00,real_time_price,240.3,valley,157.34683227539062
2026-02-12 04:00:00,real_time_price,280.0,valley,113.4482421875
2026-02-12 04:15:00,real_time_price,260.0,valley,170.15771484375
2026-02-12 04:30:00,real_time_price,145.83,valley,198.348876953125
2026-02-12 04:45:00,real_time_price,215.3,valley,115.44145202636719
2026-02-12 05:00:00,real_time_price,199.99,valley,98.89079284667969
2026-02-12 05:15:00,real_time_price,147.83,valley,122.69229125976562
2026-02-12 05:30:00,real_time_price,145.8,valley,106.65991973876953
2026-02-12 05:45:00,real_time_price,145.8,valley,113.50685119628906
2026-02-12 06:00:00,real_time_price,-49.99,valley,120.06116485595703
2026-02-12 06:15:00,real_time_price,-0.02,valley,40.743568420410156
2026-02-12 06:30:00,real_time_price,106.78,valley,20.51699447631836
2026-02-12 06:45:00,real_time_price,190.0,valley,128.61653518676758
2026-02-12 07:00:00,real_time_price,216.58,valley,194.81019592285156
2026-02-12 07:15:00,real_time_price,255.18,valley,240.4942855834961
2026-02-12 07:30:00,real_time_price,267.05,valley,341.0319290161133
2026-02-12 07:45:00,real_time_price,250.37,valley,296.51319885253906
2026-02-12 08:00:00,real_time_price,200.0,flat,296.4017448425293
2026-02-12 08:15:00,real_time_price,250.2,flat,274.7294921875
2026-02-12 08:30:00,real_time_price,256.39,flat,202.57676219940186
2026-02-12 08:45:00,real_time_price,260.0,flat,119.11686897277832
2026-02-12 09:00:00,real_time_price,-50.0,flat,321.3638381958008
2026-02-12 09:15:00,real_time_price,-50.0,flat,158.3858585357666
2026-02-12 09:30:00,real_time_price,0.0,flat,-39.49211120605469
2026-02-12 09:45:00,real_time_price,160.0,flat,-41.791717529296875
2026-02-12 10:00:00,real_time_price,146.68,peak,-89.88029479980469
2026-02-12 10:15:00,real_time_price,145.83,peak,85.12068939208984
2026-02-12 10:30:00,real_time_price,-50.0,peak,68.37371826171875
2026-02-12 10:45:00,real_time_price,148.99,peak,26.03856658935547
2026-02-12 11:00:00,real_time_price,0.0,peak,134.2369842529297
2026-02-12 11:15:00,real_time_price,50.0,peak,34.975074768066406
2026-02-12 11:30:00,real_time_price,17.49,peak,38.55189895629883
2026-02-12 11:45:00,real_time_price,148.28,peak,31.626907348632812
2026-02-12 12:00:00,real_time_price,145.83,flat,27.751113891601562
2026-02-12 12:15:00,real_time_price,146.68,flat,45.389320373535156
2026-02-12 12:30:00,real_time_price,151.52,flat,90.7195816040039
2026-02-12 12:45:00,real_time_price,146.68,flat,80.03346252441406
2026-02-12 13:00:00,real_time_price,146.68,flat,81.53881072998047
2026-02-12 13:15:00,real_time_price,163.84,flat,91.27699279785156
2026-02-12 13:30:00,real_time_price,146.68,flat,115.48078918457031
2026-02-12 13:45:00,real_time_price,164.77,flat,110.91758728027344
2026-02-12 14:00:00,real_time_price,164.77,peak,120.25328063964844
2026-02-12 14:15:00,real_time_price,145.83,peak,84.4107894897461
2026-02-12 14:30:00,real_time_price,0.0,peak,87.79235076904297
2026-02-12 14:45:00,real_time_price,0.0,peak,58.63116455078125
2026-02-12 15:00:00,real_time_price,17.49,peak,-10.901424407958984
2026-02-12 15:15:00,real_time_price,145.83,peak,-8.804079055786133
2026-02-12 15:30:00,real_time_price,145.83,peak,96.75401306152344
2026-02-12 15:45:00,real_time_price,17.49,peak,55.129905700683594
2026-02-12 16:00:00,real_time_price,146.68,peak,27.705780029296875
2026-02-12 16:15:00,real_time_price,145.83,peak,134.9391326904297
2026-02-12 16:30:00,real_time_price,146.68,peak,34.769290924072266
2026-02-12 16:45:00,real_time_price,146.68,peak,36.336021423339844
2026-02-12 17:00:00,real_time_price,145.83,peak,132.91839599609375
2026-02-12 17:15:00,real_time_price,272.95,peak,203.43186569213867
2026-02-12 17:30:00,real_time_price,265.78,peak,336.11041259765625
2026-02-12 17:45:00,real_time_price,270.0,peak,260.67652320861816
2026-02-12 18:00:00,real_time_price,280.04,peak,287.7805757522583
2026-02-12 18:15:00,real_time_price,270.25,peak,276.53585624694824
2026-02-12 18:30:00,real_time_price,250.48,peak,270.7873649597168
2026-02-12 18:45:00,real_time_price,280.0,peak,264.3594779968262
2026-02-12 19:00:00,real_time_price,285.0,flat,278.89737129211426
2026-02-12 19:15:00,real_time_price,281.0,flat,285.3036689758301
2026-02-12 19:30:00,real_time_price,294.0,flat,301.2770240306854
2026-02-12 19:45:00,real_time_price,270.0,flat,284.8469886779785
2026-02-12 20:00:00,real_time_price,280.2,flat,281.6152820587158
2026-02-12 20:15:00,real_time_price,289.17,flat,293.2270259857178
2026-02-12 20:30:00,real_time_price,321.0,flat,295.9730815887451
2026-02-12 20:45:00,real_time_price,283.17,flat,311.0920660495758
2026-02-12 21:00:00,real_time_price,308.68,flat,296.26922130584717
2026-02-12 21:15:00,real_time_price,260.01,flat,297.9906587600708
2026-02-12 21:30:00,real_time_price,285.0,flat,262.8844909667969
2026-02-12 21:45:00,real_time_price,291.0,flat,297.4732332229614
2026-02-12 22:00:00,real_time_price,-0.13,flat,292.9023199081421
2026-02-12 22:15:00,real_time_price,285.89,flat,206.1431427001953
2026-02-12 22:30:00,real_time_price,271.0,flat,253.99070358276367
2026-02-12 22:45:00,real_time_price,270.23,flat,261.08221435546875
2026-02-12 23:00:00,real_time_price,269.88,flat,276.2796688079834
2026-02-12 23:15:00,real_time_price,266.0,flat,273.44072341918945
2026-02-12 23:30:00,real_time_price,270.35,flat,269.4143829345703
2026-02-12 23:45:00,real_time_price,281.01,flat,270.6781702041626
2026-02-13 00:00:00,real_time_price,289.94,valley,266.55757331848145
2026-02-13 00:15:00,real_time_price,320.0,valley,278.0230760574341
2026-02-13 00:30:00,real_time_price,627.17,valley,337.7819290161133
2026-02-13 00:45:00,real_time_price,389.01,valley,391.6908416748047
2026-02-13 01:00:00,real_time_price,337.61,valley,394.4239959716797
2026-02-13 01:15:00,real_time_price,283.95,valley,329.0287170410156
2026-02-13 01:30:00,real_time_price,284.25,valley,288.42988300323486
2026-02-13 01:45:00,real_time_price,316.95,valley,277.6790862083435
2026-02-13 02:00:00,real_time_price,284.25,valley,287.4438076019287
2026-02-13 02:15:00,real_time_price,308.95,valley,274.827672958374
2026-02-13 02:30:00,real_time_price,269.05,valley,279.2997627258301
2026-02-13 02:45:00,real_time_price,288.87,valley,237.27088165283203
2026-02-13 03:00:00,real_time_price,279.07,valley,221.26229095458984
2026-02-13 03:15:00,real_time_price,318.77,valley,235.36212158203125
2026-02-13 03:30:00,real_time_price,248.77,valley,275.87640380859375
2026-02-13 03:45:00,real_time_price,278.73,valley,184.7405242919922
2026-02-13 04:00:00,real_time_price,278.73,valley,265.7215881347656
2026-02-13 04:15:00,real_time_price,284.03,valley,269.7664489746094
2026-02-13 04:30:00,real_time_price,283.73,valley,293.4921875
2026-02-13 04:45:00,real_time_price,280.73,valley,274.34417724609375
2026-02-13 05:00:00,real_time_price,308.73,valley,277.0891418457031
2026-02-13 05:15:00,real_time_price,318.73,valley,266.52642822265625
2026-02-13 05:30:00,real_time_price,277.03,valley,265.462646484375
2026-02-13 05:45:00,real_time_price,278.93,valley,258.3597717285156
2026-02-13 06:00:00,real_time_price,284.03,valley,285.00042724609375
2026-02-13 06:15:00,real_time_price,223.73,valley,292.9791259765625
2026-02-13 06:30:00,real_time_price,311.73,valley,284.9081726074219
2026-02-13 06:45:00,real_time_price,298.73,valley,310.6241149902344
2026-02-13 07:00:00,real_time_price,318.73,valley,339.3279113769531
2026-02-13 07:15:00,real_time_price,203.73,valley,310.0938720703125
2026-02-13 07:30:00,real_time_price,338.73,valley,275.7619934082031
2026-02-13 07:45:00,real_time_price,334.73,valley,299.54516983032227
2026-02-13 08:00:00,real_time_price,332.54,flat,381.5566635131836
2026-02-13 08:15:00,real_time_price,385.63,flat,346.7507095336914
2026-02-13 08:30:00,real_time_price,342.78,flat,331.1065139770508
2026-02-13 08:45:00,real_time_price,267.73,flat,305.0685119628906
2026-02-13 09:00:00,real_time_price,311.63,flat,402.94044494628906
2026-02-13 09:15:00,real_time_price,267.73,flat,311.36627197265625
2026-02-13 09:30:00,real_time_price,41.98,flat,237.5613021850586
2026-02-13 09:45:00,real_time_price,144.56,flat,172.12804412841797
2026-02-13 10:00:00,real_time_price,144.56,peak,101.50125885009766
2026-02-13 10:15:00,real_time_price,99.81,peak,77.1042709350586
2026-02-13 10:30:00,real_time_price,145.55,peak,66.9706039428711
2026-02-13 10:45:00,real_time_price,145.57,peak,96.70671081542969
2026-02-13 11:00:00,real_time_price,146.68,peak,44.52260971069336
2026-02-13 11:15:00,real_time_price,0.0,peak,74.33399200439453
2026-02-13 11:30:00,real_time_price,145.83,peak,101.56804656982422
2026-02-13 11:45:00,real_time_price,0.0,peak,191.3916778564453
2026-02-13 12:00:00,real_time_price,145.83,flat,28.09954071044922
2026-02-13 12:15:00,real_time_price,146.68,flat,47.82359313964844
2026-02-13 12:30:00,real_time_price,148.28,flat,118.50093078613281
2026-02-13 12:45:00,real_time_price,148.99,flat,119.35159301757812
2026-02-13 13:00:00,real_time_price,145.83,flat,107.64218139648438
2026-02-13 13:15:00,real_time_price,148.99,flat,140.9599151611328
2026-02-13 13:30:00,real_time_price,145.83,flat,128.19436645507812
2026-02-13 13:45:00,real_time_price,135.27,flat,127.60720825195312
2026-02-13 14:00:00,real_time_price,20.0,peak,172.75018310546875
2026-02-13 14:15:00,real_time_price,17.49,peak,92.1126480102539
2026-02-13 14:30:00,real_time_price,0.0,peak,0.15612030029296875
2026-02-13 14:45:00,real_time_price,-50.0,peak,1.859649658203125
2026-02-13 15:00:00,real_time_price,-50.0,peak,-46.225778579711914
2026-02-13 15:15:00,real_time_price,-50.0,peak,-37.11474132537842
2026-02-13 15:30:00,real_time_price,-50.0,peak,-43.30612754821777
2026-02-13 15:45:00,real_time_price,17.49,peak,-45.09265995025635
2026-02-13 16:00:00,real_time_price,-50.0,peak,13.303047180175781
2026-02-13 16:15:00,real_time_price,-50.0,peak,2.0810879468917847
2026-02-13 16:30:00,real_time_price,-50.0,peak,0.9096860885620117
2026-02-13 16:45:00,real_time_price,145.83,peak,58.9990394115448
2026-02-13 17:00:00,real_time_price,310.0,peak,218.60826110839844
2026-02-13 17:15:00,real_time_price,325.7,peak,353.63372802734375
2026-02-13 17:30:00,real_time_price,357.6,peak,390.9684524536133
2026-02-13 17:45:00,real_time_price,389.21,peak,380.127685546875
2026-02-13 18:00:00,real_time_price,360.0,peak,377.0602264404297
2026-02-13 18:15:00,real_time_price,360.0,peak,331.6775608062744
2026-02-13 18:30:00,real_time_price,299.59,peak,350.2370300292969
2026-02-13 18:45:00,real_time_price,340.0,peak,320.38026237487793
2026-02-13 19:00:00,real_time_price,353.7,flat,355.91289138793945
2026-02-13 19:15:00,real_time_price,310.0,flat,351.3910675048828
2026-02-13 19:30:00,real_time_price,370.87,flat,337.4359931945801
2026-02-13 19:45:00,real_time_price,300.0,flat,355.2573661804199
2026-02-13 20:00:00,real_time_price,275.0,flat,329.4502182006836
2026-02-13 20:15:00,real_time_price,300.42,flat,301.1140841245651
2026-02-13 20:30:00,real_time_price,973.16,flat,306.49020433425903
2026-02-13 20:45:00,real_time_price,440.03,flat,366.4169387817383
2026-02-13 21:00:00,real_time_price,360.0,flat,433.40228271484375
2026-02-13 21:15:00,real_time_price,352.0,flat,381.4256591796875
2026-02-13 21:30:00,real_time_price,475.58,flat,380.94029998779297
2026-02-13 21:45:00,real_time_price,808.1,flat,403.99791717529297
2026-02-13 22:00:00,real_time_price,822.94,flat,489.05393981933594
2026-02-13 22:15:00,real_time_price,874.27,flat,515.0091247558594
2026-02-13 22:30:00,real_time_price,536.0,flat,588.8459777832031
2026-02-13 22:45:00,real_time_price,600.0,flat,442.4957733154297
2026-02-13 23:00:00,real_time_price,536.0,flat,409.80553436279297
2026-02-13 23:15:00,real_time_price,448.47,flat,405.4892807006836
2026-02-13 23:30:00,real_time_price,454.29,flat,391.54090881347656
2026-02-13 23:45:00,real_time_price,536.0,flat,415.4503936767578
2026-02-14 00:00:00,real_time_price,456.42,valley,399.41117095947266
2026-02-14 00:15:00,real_time_price,430.79,valley,394.1608352661133
2026-02-14 00:30:00,real_time_price,1119.0,valley,511.74244689941406
2026-02-14 00:45:00,real_time_price,200.0,valley,748.6325073242188
2026-02-14 01:00:00,real_time_price,286.6,valley,391.0436096191406
2026-02-14 01:15:00,real_time_price,458.0,valley,339.422176361084
2026-02-14 01:30:00,real_time_price,432.6,valley,438.34912109375
2026-02-14 01:45:00,real_time_price,400.0,valley,335.5898017883301
2026-02-14 02:00:00,real_time_price,461.7,valley,372.76170349121094
2026-02-14 02:15:00,real_time_price,420.0,valley,409.6324005126953
2026-02-14 02:30:00,real_time_price,434.71,valley,381.6869888305664
2026-02-14 02:45:00,real_time_price,434.71,valley,370.26385498046875
2026-02-14 03:00:00,real_time_price,599.9,valley,329.650146484375
2026-02-14 03:15:00,real_time_price,380.99,valley,322.7441101074219
2026-02-14 03:30:00,real_time_price,380.99,valley,385.7411193847656
2026-02-14 03:45:00,real_time_price,399.9,valley,252.77847290039062
2026-02-14 04:00:00,real_time_price,380.99,valley,225.66671752929688
2026-02-14 04:15:00,real_time_price,396.81,valley,301.6358337402344
2026-02-14 04:30:00,real_time_price,341.0,valley,276.01983642578125
2026-02-14 04:45:00,real_time_price,396.81,valley,307.5418395996094
2026-02-14 05:00:00,real_time_price,370.2,valley,241.8911590576172
2026-02-14 05:15:00,real_time_price,320.0,valley,306.5924072265625
2026-02-14 05:30:00,real_time_price,370.2,valley,302.6921081542969
2026-02-14 05:45:00,real_time_price,350.0,valley,267.41090393066406
2026-02-14 06:00:00,real_time_price,356.0,valley,366.2960662841797
2026-02-14 06:15:00,real_time_price,354.6,valley,350.3536071777344
2026-02-14 06:30:00,real_time_price,344.05,valley,395.37152099609375
2026-02-14 06:45:00,real_time_price,350.0,valley,358.4037170410156
2026-02-14 07:00:00,real_time_price,386.9,valley,360.0917205810547
2026-02-14 07:15:00,real_time_price,399.9,valley,327.5404357910156
2026-02-14 07:30:00,real_time_price,400.0,valley,370.9481506347656
2026-02-14 07:45:00,real_time_price,344.05,valley,341.0178680419922
2026-02-14 08:00:00,real_time_price,414.61,flat,403.97430419921875
2026-02-14 08:15:00,real_time_price,400.0,flat,400.9874572753906
2026-02-14 08:30:00,real_time_price,400.0,flat,386.77772521972656
2026-02-14 08:45:00,real_time_price,280.0,flat,330.3158874511719
2026-02-14 09:00:00,real_time_price,43.25,flat,428.4320526123047
2026-02-14 09:15:00,real_time_price,146.68,flat,268.1997184753418
2026-02-14 09:30:00,real_time_price,210.0,flat,184.7389440536499
2026-02-14 09:45:00,real_time_price,43.25,flat,145.90317153930664
2026-02-14 10:00:00,real_time_price,145.83,peak,100.74079132080078
2026-02-14 10:15:00,real_time_price,145.83,peak,168.34376525878906
2026-02-14 10:30:00,real_time_price,43.25,peak,114.6446533203125
2026-02-14 10:45:00,real_time_price,-50.0,peak,74.5582275390625
2026-02-14 11:00:00,real_time_price,-50.0,peak,2.4128074645996094
2026-02-14 11:15:00,real_time_price,-50.0,peak,14.667411804199219
2026-02-14 11:30:00,real_time_price,-50.0,peak,33.82097244262695
2026-02-14 11:45:00,real_time_price,-50.0,peak,-5.190326690673828
2026-02-14 12:00:00,real_time_price,145.83,flat,-94.78849792480469
2026-02-14 12:15:00,real_time_price,43.25,flat,82.98667907714844
2026-02-14 12:30:00,real_time_price,43.25,flat,67.9666748046875
2026-02-14 12:45:00,real_time_price,108.96,flat,36.44035720825195
2026-02-14 13:00:00,real_time_price,17.33,flat,95.0684814453125
2026-02-14 13:15:00,real_time_price,17.49,flat,10.083324432373047
2026-02-14 13:30:00,real_time_price,17.34,flat,17.20256805419922
2026-02-14 13:45:00,real_time_price,-50.0,flat,29.887523651123047
2026-02-14 14:00:00,real_time_price,6.5,peak,-5.585386276245117
2026-02-14 14:15:00,real_time_price,135.14,peak,45.260398864746094
2026-02-14 14:30:00,real_time_price,43.23,peak,54.43138885498047
2026-02-14 14:45:00,real_time_price,123.09,peak,71.21896362304688
2026-02-14 15:00:00,real_time_price,22.17,peak,87.25495910644531
2026-02-14 15:15:00,real_time_price,99.35,peak,17.845901489257812
2026-02-14 15:30:00,real_time_price,68.53,peak,75.81698608398438
2026-02-14 15:45:00,real_time_price,-50.0,peak,38.46173095703125
2026-02-14 16:00:00,real_time_price,-50.0,peak,10.954421997070312
2026-02-14 16:15:00,real_time_price,-7.0,peak,62.891971588134766
2026-02-14 16:30:00,real_time_price,-50.0,peak,109.15666580200195
2026-02-14 16:45:00,real_time_price,145.83,peak,109.38170433044434
2026-02-14 17:00:00,real_time_price,255.1,peak,246.20309448242188
2026-02-14 17:15:00,real_time_price,300.0,peak,335.4412841796875
2026-02-14 17:30:00,real_time_price,372.0,peak,401.7750930786133
2026-02-14 17:45:00,real_time_price,328.84,peak,395.1802062988281
2026-02-14 18:00:00,real_time_price,440.0,peak,355.1437072753906
2026-02-14 18:15:00,real_time_price,391.54,peak,415.8772888183594
2026-02-14 18:30:00,real_time_price,417.65,peak,421.23681640625
2026-02-14 18:45:00,real_time_price,448.47,peak,504.3503112792969
2026-02-14 19:00:00,real_time_price,451.1,flat,441.2179718017578
2026-02-14 19:15:00,real_time_price,325.0,flat,392.5693893432617
2026-02-14 19:30:00,real_time_price,278.3,flat,388.25867462158203
2026-02-14 19:45:00,real_time_price,320.0,flat,306.64415168762207
2026-02-14 20:00:00,real_time_price,539.0,flat,311.52960205078125
2026-02-14 20:15:00,real_time_price,539.0,flat,426.8191223144531
2026-02-14 20:30:00,real_time_price,478.0,flat,479.4912414550781
2026-02-14 20:45:00,real_time_price,448.47,flat,436.3144836425781
2026-02-14 21:00:00,real_time_price,412.65,flat,445.6249084472656
2026-02-14 21:15:00,real_time_price,446.84,flat,400.78804779052734
2026-02-14 21:30:00,real_time_price,370.0,flat,422.68892669677734
2026-02-14 21:45:00,real_time_price,437.26,flat,394.2538375854492
2026-02-14 22:00:00,real_time_price,412.82,flat,435.6244201660156
2026-02-14 22:15:00,real_time_price,438.95,flat,392.7437057495117
2026-02-14 22:30:00,real_time_price,409.65,flat,430.94398498535156
2026-02-14 22:45:00,real_time_price,750.0,flat,413.92616271972656
2026-02-14 23:00:00,real_time_price,435.13,flat,548.9031066894531
2026-02-14 23:15:00,real_time_price,372.11,flat,401.6434860229492
2026-02-14 23:30:00,real_time_price,355.22,flat,341.08203125
2026-02-14 23:45:00,real_time_price,386.9,flat,372.8701858520508
2026-02-15 00:00:00,real_time_price,370.2,valley,356.8221435546875
2026-02-15 00:15:00,real_time_price,298.0,valley,344.4250946044922
2026-02-15 00:30:00,real_time_price,791.0,valley,536.1566772460938
2026-02-15 00:45:00,real_time_price,280.3,valley,493.71473693847656
2026-02-15 01:00:00,real_time_price,353.7,valley,265.9025983810425
2026-02-15 01:15:00,real_time_price,381.7,valley,404.38763427734375
2026-02-15 01:30:00,real_time_price,346.88,valley,288.37471771240234
2026-02-15 01:45:00,real_time_price,332.0,valley,325.69456481933594
2026-02-15 02:00:00,real_time_price,346.88,valley,304.0808334350586
2026-02-15 02:15:00,real_time_price,325.0,valley,267.7244338989258
2026-02-15 02:30:00,real_time_price,399.9,valley,248.80292510986328
2026-02-15 02:45:00,real_time_price,386.04,valley,185.28295135498047
2026-02-15 03:00:00,real_time_price,340.0,valley,222.10202026367188
2026-02-15 03:15:00,real_time_price,358.0,valley,227.1888885498047
2026-02-15 03:30:00,real_time_price,334.0,valley,188.5873565673828
2026-02-15 03:45:00,real_time_price,290.0,valley,231.46575927734375
2026-02-15 04:00:00,real_time_price,295.0,valley,237.94332885742188
2026-02-15 04:15:00,real_time_price,295.0,valley,222.3761749267578
2026-02-15 04:30:00,real_time_price,295.0,valley,203.02186584472656
2026-02-15 04:45:00,real_time_price,300.0,valley,220.7303009033203
2026-02-15 05:00:00,real_time_price,290.0,valley,236.15931701660156
2026-02-15 05:15:00,real_time_price,300.0,valley,236.4221649169922
2026-02-15 05:30:00,real_time_price,290.0,valley,191.7906951904297
2026-02-15 05:45:00,real_time_price,295.6,valley,210.0413818359375
2026-02-15 06:00:00,real_time_price,300.0,valley,203.4472198486328
2026-02-15 06:15:00,real_time_price,306.0,valley,264.32179260253906
2026-02-15 06:30:00,real_time_price,283.0,valley,298.1999206542969
2026-02-15 06:45:00,real_time_price,302.0,valley,197.1355743408203
2026-02-15 07:00:00,real_time_price,320.0,valley,207.9785919189453
2026-02-15 07:15:00,real_time_price,334.0,valley,171.63974952697754
2026-02-15 07:30:00,real_time_price,310.0,valley,235.8270606994629
2026-02-15 07:45:00,real_time_price,333.49,valley,289.2283706665039
2026-02-15 08:00:00,real_time_price,353.7,flat,365.0081024169922
2026-02-15 08:15:00,real_time_price,354.6,flat,358.33824157714844
2026-02-15 08:30:00,real_time_price,400.0,flat,365.75477600097656
2026-02-15 08:45:00,real_time_price,370.43,flat,360.4965057373047
2026-02-15 09:00:00,real_time_price,43.25,flat,479.5906066894531
2026-02-15 09:15:00,real_time_price,145.83,flat,239.8989658355713
2026-02-15 09:30:00,real_time_price,60.0,flat,227.83795547485352
2026-02-15 09:45:00,real_time_price,43.25,flat,68.39149475097656
2026-02-15 10:00:00,real_time_price,60.0,peak,-4.44708251953125
2026-02-15 10:15:00,real_time_price,145.83,peak,33.48864936828613
2026-02-15 10:30:00,real_time_price,102.5,peak,216.65773010253906
2026-02-15 10:45:00,real_time_price,109.96,peak,182.48638916015625
2026-02-15 11:00:00,real_time_price,187.1,peak,172.5332794189453
2026-02-15 11:15:00,real_time_price,109.18,peak,124.58493041992188
2026-02-15 11:30:00,real_time_price,43.25,peak,130.35411071777344
2026-02-15 11:45:00,real_time_price,196.67,peak,66.43479537963867
2026-02-15 12:00:00,real_time_price,31.23,flat,142.8756103515625
2026-02-15 12:15:00,real_time_price,48.79,flat,40.46955108642578
2026-02-15 12:30:00,real_time_price,50.1,flat,84.66889190673828
2026-02-15 12:45:00,real_time_price,47.09,flat,39.75294494628906
2026-02-15 13:00:00,real_time_price,50.1,flat,33.39002227783203
2026-02-15 13:15:00,real_time_price,50.1,flat,44.79444122314453
2026-02-15 13:30:00,real_time_price,46.7,flat,65.99414825439453
2026-02-15 13:45:00,real_time_price,50.1,flat,66.8929443359375
2026-02-15 14:00:00,real_time_price,43.25,peak,49.40601348876953
2026-02-15 14:15:00,real_time_price,43.25,peak,19.956138610839844
2026-02-15 14:30:00,real_time_price,43.25,peak,20.074222564697266
2026-02-15 14:45:00,real_time_price,145.83,peak,31.182193756103516
2026-02-15 15:00:00,real_time_price,43.25,peak,62.614646911621094
2026-02-15 15:15:00,real_time_price,43.25,peak,36.5885009765625
2026-02-15 15:30:00,real_time_price,105.72,peak,54.95366668701172
2026-02-15 15:45:00,real_time_price,43.25,peak,19.140113830566406
2026-02-15 16:00:00,real_time_price,43.25,peak,36.912376403808594
2026-02-15 16:15:00,real_time_price,43.25,peak,65.83903121948242
2026-02-15 16:30:00,real_time_price,103.93,peak,88.12083053588867
2026-02-15 16:45:00,real_time_price,146.68,peak,151.63297271728516
2026-02-15 17:00:00,real_time_price,43.25,peak,232.32674407958984
2026-02-15 17:15:00,real_time_price,43.25,peak,245.9789581298828
2026-02-15 17:30:00,real_time_price,300.0,peak,318.34790802001953
2026-02-15 17:45:00,real_time_price,305.0,peak,431.2616424560547
2026-02-15 18:00:00,real_time_price,295.0,peak,341.7871513366699
2026-02-15 18:15:00,real_time_price,320.0,peak,320.3682918548584
2026-02-15 18:30:00,real_time_price,580.0,peak,311.34038162231445
2026-02-15 18:45:00,real_time_price,445.77,peak,479.37823486328125
2026-02-15 19:00:00,real_time_price,476.64,flat,448.4464569091797
2026-02-15 19:15:00,real_time_price,290.0,flat,507.29933166503906
2026-02-15 19:30:00,real_time_price,499.17,flat,394.7168426513672
2026-02-15 19:45:00,real_time_price,456.42,flat,425.69422912597656
2026-02-15 20:00:00,real_time_price,537.0,flat,470.19053649902344
2026-02-15 20:15:00,real_time_price,400.3,flat,481.9660186767578
2026-02-15 20:30:00,real_time_price,338.0,flat,427.7449035644531
2026-02-15 20:45:00,real_time_price,445.77,flat,393.2306442260742
2026-02-15 21:00:00,real_time_price,586.94,flat,426.27965545654297
2026-02-15 21:15:00,real_time_price,463.29,flat,515.6185607910156
2026-02-15 21:30:00,real_time_price,476.8,flat,492.76136779785156
2026-02-15 21:45:00,real_time_price,453.76,flat,548.1259613037109
2026-02-15 22:00:00,real_time_price,456.42,flat,495.2485656738281
2026-02-15 22:15:00,real_time_price,463.29,flat,501.93292236328125
2026-02-15 22:30:00,real_time_price,455.88,flat,483.2110595703125
2026-02-15 22:45:00,real_time_price,443.18,flat,463.3384094238281
2026-02-15 23:00:00,real_time_price,429.81,flat,441.159423828125
2026-02-15 23:15:00,real_time_price,435.0,flat,396.3765411376953
2026-02-15 23:30:00,real_time_price,575.31,flat,403.68053436279297
2026-02-15 23:45:00,real_time_price,399.9,flat,509.19024658203125
2026-02-16 00:00:00,real_time_price,400.0,valley,439.1913757324219
2026-02-16 00:15:00,real_time_price,305.0,valley,388.3984603881836
2026-02-16 00:30:00,real_time_price,1119.0,valley,675.0447998046875
2026-02-16 00:45:00,real_time_price,275.0,valley,621.5916442871094
2026-02-16 01:00:00,real_time_price,599.9,valley,333.23902130126953
2026-02-16 01:15:00,real_time_price,471.75,valley,451.0777130126953
2026-02-16 01:30:00,real_time_price,440.45,valley,390.2715148925781
2026-02-16 01:45:00,real_time_price,419.16,valley,358.1266860961914
2026-02-16 02:00:00,real_time_price,461.7,valley,338.37279510498047
2026-02-16 02:15:00,real_time_price,400.3,valley,351.2998352050781
2026-02-16 02:30:00,real_time_price,460.0,valley,308.96480560302734
2026-02-16 02:45:00,real_time_price,400.3,valley,278.0641860961914
2026-02-16 03:00:00,real_time_price,350.0,valley,260.5658721923828
2026-02-16 03:15:00,real_time_price,370.0,valley,169.3021469116211
2026-02-16 03:30:00,real_time_price,330.2,valley,271.757568359375
2026-02-16 03:45:00,real_time_price,370.0,valley,329.95265197753906
2026-02-16 04:00:00,real_time_price,370.0,valley,288.515380859375
2026-02-16 04:15:00,real_time_price,400.0,valley,319.2882385253906
2026-02-16 04:30:00,real_time_price,461.7,valley,311.7013244628906
2026-02-16 04:45:00,real_time_price,391.54,valley,375.822265625
2026-02-16 05:00:00,real_time_price,380.0,valley,373.2129211425781
2026-02-16 05:15:00,real_time_price,359.88,valley,338.2808532714844
2026-02-16 05:30:00,real_time_price,370.43,valley,329.26220703125
2026-02-16 05:45:00,real_time_price,380.99,valley,343.0085144042969
2026-02-16 06:00:00,real_time_price,397.45,valley,362.59375
2026-02-16 06:15:00,real_time_price,402.09,valley,672.6942596435547
2026-02-16 06:30:00,real_time_price,300.0,valley,679.0389251708984
2026-02-16 06:45:00,real_time_price,400.0,valley,285.5608673095703
2026-02-16 07:00:00,real_time_price,399.9,valley,618.7286224365234
2026-02-16 07:15:00,real_time_price,415.67,valley,278.5023651123047
2026-02-16 07:30:00,real_time_price,423.2,valley,345.19227600097656
2026-02-16 07:45:00,real_time_price,471.75,valley,301.0016860961914
2026-02-16 08:00:00,real_time_price,473.45,flat,546.014404296875
2026-02-16 08:15:00,real_time_price,480.0,flat,512.8327026367188
2026-02-16 08:30:00,real_time_price,533.0,flat,495.07533264160156
2026-02-16 08:45:00,real_time_price,399.9,flat,496.6996154785156
2026-02-16 09:00:00,real_time_price,300.0,flat,523.6543273925781
2026-02-16 09:15:00,real_time_price,391.54,flat,339.19419860839844
2026-02-16 09:30:00,real_time_price,353.7,flat,394.3531799316406
2026-02-16 09:45:00,real_time_price,290.0,flat,407.3087463378906
2026-02-16 10:00:00,real_time_price,146.68,peak,237.49586486816406
2026-02-16 10:15:00,real_time_price,146.68,peak,147.91136169433594
2026-02-16 10:30:00,real_time_price,275.0,peak,140.99671936035156
2026-02-16 10:45:00,real_time_price,145.83,peak,286.3056335449219
2026-02-16 11:00:00,real_time_price,220.0,peak,144.2913360595703
2026-02-16 11:15:00,real_time_price,146.68,peak,228.86854553222656
2026-02-16 11:30:00,real_time_price,145.83,peak,177.15859985351562
2026-02-16 11:45:00,real_time_price,146.68,peak,155.31810760498047
2026-02-16 12:00:00,real_time_price,145.83,flat,108.22250366210938
2026-02-16 12:15:00,real_time_price,145.83,flat,70.1640853881836
2026-02-16 12:30:00,real_time_price,146.68,flat,176.89755249023438
2026-02-16 12:45:00,real_time_price,148.48,flat,151.23365783691406
2026-02-16 13:00:00,real_time_price,145.83,flat,154.07484436035156
2026-02-16 13:15:00,real_time_price,146.68,flat,156.31619262695312
2026-02-16 13:30:00,real_time_price,99.18,flat,170.33889770507812
2026-02-16 13:45:00,real_time_price,27.68,flat,141.35960388183594
2026-02-16 14:00:00,real_time_price,20.89,peak,62.584503173828125
2026-02-16 14:15:00,real_time_price,155.34,peak,69.59066009521484
2026-02-16 14:30:00,real_time_price,17.49,peak,54.49768829345703
2026-02-16 14:45:00,real_time_price,146.68,peak,38.01545715332031
2026-02-16 15:00:00,real_time_price,146.68,peak,127.44029235839844
2026-02-16 15:15:00,real_time_price,155.43,peak,176.78271484375
2026-02-16 15:30:00,real_time_price,235.1,peak,129.66160583496094
2026-02-16 15:45:00,real_time_price,270.0,peak,150.97250366210938
2026-02-16 16:00:00,real_time_price,269.0,peak,166.7689971923828
2026-02-16 16:15:00,real_time_price,280.0,peak,287.57818603515625
2026-02-16 16:30:00,real_time_price,320.0,peak,308.83935546875
2026-02-16 16:45:00,real_time_price,361.0,peak,283.27037048339844
2026-02-16 17:00:00,real_time_price,356.0,peak,384.8962860107422
2026-02-16 17:15:00,real_time_price,300.0,peak,453.92762756347656
2026-02-16 17:30:00,real_time_price,335.7,peak,412.77662658691406
2026-02-16 17:45:00,real_time_price,250.0,peak,335.62512969970703
2026-02-16 18:00:00,real_time_price,288.0,peak,334.33745193481445
2026-02-16 18:15:00,real_time_price,43.25,peak,302.1681184768677
2026-02-16 18:30:00,real_time_price,278.3,peak,525.99365234375
2026-02-16 18:45:00,real_time_price,325.0,peak,314.9523410797119
2026-02-16 19:00:00,real_time_price,245.1,flat,300.2199239730835
2026-02-16 19:15:00,real_time_price,275.0,flat,283.1872720718384
2026-02-16 19:30:00,real_time_price,427.23,flat,302.53471088409424
2026-02-16 19:45:00,real_time_price,419.16,flat,385.81343841552734
2026-02-16 20:00:00,real_time_price,446.72,flat,449.9094696044922
2026-02-16 20:15:00,real_time_price,558.04,flat,450.0083923339844
2026-02-16 20:30:00,real_time_price,493.97,flat,541.66650390625
2026-02-16 20:45:00,real_time_price,372.11,flat,506.2515411376953
2026-02-16 21:00:00,real_time_price,315.0,flat,420.72618865966797
2026-02-16 21:15:00,real_time_price,397.87,flat,340.22412109375
2026-02-16 21:30:00,real_time_price,372.0,flat,415.7600860595703
2026-02-16 21:45:00,real_time_price,398.82,flat,388.8824768066406
2026-02-16 22:00:00,real_time_price,391.54,flat,425.84144592285156
2026-02-16 22:15:00,real_time_price,371.49,flat,395.6835632324219
2026-02-16 22:30:00,real_time_price,397.87,flat,382.34696197509766
2026-02-16 22:45:00,real_time_price,412.65,flat,421.2536163330078
2026-02-16 23:00:00,real_time_price,391.54,flat,441.41510009765625
2026-02-16 23:15:00,real_time_price,599.13,flat,355.96935272216797
2026-02-16 23:30:00,real_time_price,391.54,flat,521.3820190429688
2026-02-16 23:45:00,real_time_price,399.9,flat,382.7716827392578
2026-02-17 00:00:00,real_time_price,400.0,valley,362.4927062988281
2026-02-17 00:15:00,real_time_price,308.0,valley,355.36216735839844
2026-02-17 00:30:00,real_time_price,1119.0,valley,579.0784606933594
2026-02-17 00:45:00,real_time_price,269.0,valley,444.8795928955078
2026-02-17 01:00:00,real_time_price,270.0,valley,400.50323486328125
2026-02-17 01:15:00,real_time_price,350.0,valley,330.17170333862305
2026-02-17 01:30:00,real_time_price,295.0,valley,349.2461929321289
2026-02-17 01:45:00,real_time_price,295.0,valley,296.22717475891113
2026-02-17 02:00:00,real_time_price,280.0,valley,295.3538227081299
2026-02-17 02:15:00,real_time_price,269.0,valley,279.0607604980469
2026-02-17 02:30:00,real_time_price,230.0,valley,276.068904876709
2026-02-17 02:45:00,real_time_price,245.1,valley,248.4166202545166
2026-02-17 03:00:00,real_time_price,269.0,valley,155.6841583251953
2026-02-17 03:15:00,real_time_price,260.2,valley,245.3725814819336
2026-02-17 03:30:00,real_time_price,257.0,valley,245.67950439453125
2026-02-17 03:45:00,real_time_price,245.0,valley,160.56787872314453
2026-02-17 04:00:00,real_time_price,245.2,valley,124.55403900146484
2026-02-17 04:15:00,real_time_price,43.25,valley,174.37654876708984
2026-02-17 04:30:00,real_time_price,43.25,valley,113.11620712280273
2026-02-17 04:45:00,real_time_price,43.25,valley,67.61918258666992
2026-02-17 05:00:00,real_time_price,80.0,valley,55.30142307281494
2026-02-17 05:15:00,real_time_price,43.25,valley,15.638668060302734
2026-02-17 05:30:00,real_time_price,43.25,valley,65.6964111328125
2026-02-17 05:45:00,real_time_price,43.25,valley,56.05847930908203
2026-02-17 06:00:00,real_time_price,129.6,valley,60.426143646240234
2026-02-17 06:15:00,real_time_price,80.0,valley,108.77473449707031
2026-02-17 06:30:00,real_time_price,43.25,valley,165.08548164367676
2026-02-17 06:45:00,real_time_price,43.25,valley,150.51797485351562
2026-02-17 07:00:00,real_time_price,43.25,valley,152.12515258789062
2026-02-17 07:15:00,real_time_price,43.25,valley,95.88542175292969
2026-02-17 07:30:00,real_time_price,43.25,valley,91.11285400390625
2026-02-17 07:45:00,real_time_price,257.0,valley,73.39239501953125
2026-02-17 08:00:00,real_time_price,195.15,flat,183.17105102539062
2026-02-17 08:15:00,real_time_price,235.1,flat,202.32723236083984
2026-02-17 08:30:00,real_time_price,358.0,flat,191.39705657958984
2026-02-17 08:45:00,real_time_price,295.0,flat,224.2657241821289
2026-02-17 09:00:00,real_time_price,280.5,flat,382.77149963378906
2026-02-17 09:15:00,real_time_price,400.06,flat,302.8237648010254
2026-02-17 09:30:00,real_time_price,300.0,flat,364.26800537109375
2026-02-17 09:45:00,real_time_price,280.5,flat,262.22108459472656
2026-02-17 10:00:00,real_time_price,290.0,peak,218.1738510131836
2026-02-17 10:15:00,real_time_price,281.0,peak,211.47247314453125
2026-02-17 10:30:00,real_time_price,295.0,peak,257.15496826171875
2026-02-17 10:45:00,real_time_price,43.25,peak,428.1760559082031
2026-02-17 11:00:00,real_time_price,264.77,peak,95.66917419433594
2026-02-17 11:15:00,real_time_price,17.49,peak,223.81451416015625
2026-02-17 11:30:00,real_time_price,284.94,peak,116.87944793701172
2026-02-17 11:45:00,real_time_price,1119.0,peak,239.09048461914062
2026-02-17 12:00:00,real_time_price,-50.0,flat,554.9613342285156
2026-02-17 12:15:00,real_time_price,310.6,flat,17.457603454589844
2026-02-17 12:30:00,real_time_price,270.3,flat,292.51080322265625
2026-02-17 12:45:00,real_time_price,800.0,flat,222.02369689941406
2026-02-17 13:00:00,real_time_price,450.0,flat,434.74163818359375
2026-02-17 13:15:00,real_time_price,358.0,flat,369.45880126953125
2026-02-17 13:30:00,real_time_price,420.0,flat,408.612060546875
2026-02-17 13:45:00,real_time_price,425.0,flat,345.1257019042969
2026-02-17 14:00:00,real_time_price,295.0,peak,317.0144348144531
2026-02-17 14:15:00,real_time_price,146.68,peak,316.9713439941406
2026-02-17 14:30:00,real_time_price,17.49,peak,316.81201171875
2026-02-17 14:45:00,real_time_price,0.0,peak,126.87608337402344
2026-02-17 15:00:00,real_time_price,17.49,peak,133.2879180908203
2026-02-17 15:15:00,real_time_price,17.49,peak,92.76177978515625
2026-02-17 15:30:00,real_time_price,-50.0,peak,120.73963928222656
2026-02-17 15:45:00,real_time_price,-50.0,peak,47.665992736816406
2026-02-17 16:00:00,real_time_price,68.53,peak,10.583805084228516
2026-02-17 16:15:00,real_time_price,0.0,peak,115.5811767578125
2026-02-17 16:30:00,real_time_price,17.49,peak,189.373291015625
2026-02-17 16:45:00,real_time_price,0.0,peak,169.49556350708008
2026-02-17 17:00:00,real_time_price,100.0,peak,351.97608947753906
2026-02-17 17:15:00,real_time_price,-50.0,peak,201.07678985595703
2026-02-17 17:30:00,real_time_price,-50.0,peak,184.5634536743164
2026-02-17 17:45:00,real_time_price,245.2,peak,102.49423217773438
2026-02-17 18:00:00,real_time_price,260.3,peak,251.12763595581055
2026-02-17 18:15:00,real_time_price,350.0,peak,249.16968154907227
2026-02-17 18:30:00,real_time_price,295.8,peak,326.97689056396484
2026-02-17 18:45:00,real_time_price,-50.0,peak,338.3877868652344
2026-02-17 19:00:00,real_time_price,270.0,flat,96.88780212402344
2026-02-17 19:15:00,real_time_price,53.8,flat,241.77408981323242
2026-02-17 19:30:00,real_time_price,-50.0,flat,112.41511535644531
2026-02-17 19:45:00,real_time_price,245.0,flat,41.695465087890625
2026-02-17 20:00:00,real_time_price,339.08,flat,242.55955505371094
2026-02-17 20:15:00,real_time_price,270.3,flat,227.15714263916016
2026-02-17 20:30:00,real_time_price,287.0,flat,278.6848735809326
2026-02-17 20:45:00,real_time_price,287.0,flat,280.5604877471924
2026-02-17 21:00:00,real_time_price,265.1,flat,283.78854751586914
2026-02-17 21:15:00,real_time_price,269.0,flat,270.04582023620605
2026-02-17 21:30:00,real_time_price,286.6,flat,269.4859142303467
2026-02-17 21:45:00,real_time_price,282.0,flat,287.6974115371704
2026-02-17 22:00:00,real_time_price,290.0,flat,299.61354553699493
2026-02-17 22:15:00,real_time_price,290.0,flat,297.6333280801773
2026-02-17 22:30:00,real_time_price,290.8,flat,287.613392829895
2026-02-17 22:45:00,real_time_price,295.0,flat,295.02566051483154
2026-02-17 23:00:00,real_time_price,328.0,flat,295.7056450843811
2026-02-17 23:15:00,real_time_price,270.0,flat,329.34711837768555
2026-02-17 23:30:00,real_time_price,260.0,flat,262.03751945495605
2026-02-17 23:45:00,real_time_price,269.0,flat,261.2296543121338
2026-02-18 00:00:00,real_time_price,287.0,valley,249.64052391052246
2026-02-18 00:15:00,real_time_price,50.0,valley,255.90882873535156
2026-02-18 00:30:00,real_time_price,0.0,valley,304.8441619873047
2026-02-18 00:45:00,real_time_price,280.5,valley,159.0838165283203
2026-02-18 01:00:00,real_time_price,327.0,valley,125.02388000488281
2026-02-18 01:15:00,real_time_price,270.3,valley,240.9308967590332
2026-02-18 01:30:00,real_time_price,260.0,valley,210.62957763671875
2026-02-18 01:45:00,real_time_price,255.1,valley,233.60108947753906
2026-02-18 02:00:00,real_time_price,245.1,valley,205.17627716064453
2026-02-18 02:15:00,real_time_price,180.0,valley,208.4231185913086
2026-02-18 02:30:00,real_time_price,50.0,valley,191.60806274414062
2026-02-18 02:45:00,real_time_price,0.0,valley,120.51628875732422
2026-02-18 03:00:00,real_time_price,0.0,valley,20.57726287841797
2026-02-18 03:15:00,real_time_price,22.45,valley,-17.45873260498047
2026-02-18 03:30:00,real_time_price,0.0,valley,-50.54290008544922
2026-02-18 03:45:00,real_time_price,-50.0,valley,-11.472724914550781
2026-02-18 04:00:00,real_time_price,0.0,valley,-17.9234619140625
2026-02-18 04:15:00,real_time_price,-50.0,valley,-0.8979988098144531
2026-02-18 04:30:00,real_time_price,-50.0,valley,-28.25634002685547
2026-02-18 04:45:00,real_time_price,22.45,valley,-31.62964630126953
2026-02-18 05:00:00,real_time_price,43.25,valley,-54.52082061767578
2026-02-18 05:15:00,real_time_price,0.0,valley,-12.449779510498047
2026-02-18 05:30:00,real_time_price,0.0,valley,30.877351760864258
2026-02-18 05:45:00,real_time_price,0.0,valley,38.37299728393555
2026-02-18 06:00:00,real_time_price,43.25,valley,36.268150329589844
2026-02-18 06:15:00,real_time_price,43.25,valley,56.09099578857422
2026-02-18 06:30:00,real_time_price,43.25,valley,82.45994567871094
2026-02-18 06:45:00,real_time_price,43.25,valley,96.57715606689453
2026-02-18 07:00:00,real_time_price,43.25,valley,115.33477783203125
2026-02-18 07:15:00,real_time_price,99.6,valley,91.2193603515625
2026-02-18 07:30:00,real_time_price,43.25,valley,142.2172393798828
2026-02-18 07:45:00,real_time_price,153.0,valley,132.85943603515625
2026-02-18 08:00:00,real_time_price,310.0,flat,124.27301025390625
2026-02-18 08:15:00,real_time_price,265.3,flat,235.3356227874756
2026-02-18 08:30:00,real_time_price,358.0,flat,216.87103843688965
2026-02-18 08:45:00,real_time_price,293.0,flat,277.2268600463867
2026-02-18 09:00:00,real_time_price,295.0,flat,354.21937561035156
2026-02-18 09:15:00,real_time_price,330.7,flat,293.44557189941406
2026-02-18 09:30:00,real_time_price,316.0,flat,300.37770080566406
2026-02-18 09:45:00,real_time_price,328.0,flat,319.37628173828125
2026-02-18 10:00:00,real_time_price,328.0,peak,211.23270416259766
2026-02-18 10:15:00,real_time_price,320.0,peak,296.92352294921875
2026-02-18 10:30:00,real_time_price,290.3,peak,249.17413330078125
2026-02-18 10:45:00,real_time_price,190.0,peak,302.44647216796875
2026-02-18 11:00:00,real_time_price,190.0,peak,227.38632202148438
2026-02-18 11:15:00,real_time_price,155.43,peak,229.02322387695312
2026-02-18 11:30:00,real_time_price,153.0,peak,270.65509033203125
2026-02-18 11:45:00,real_time_price,0.0,peak,187.25941467285156
2026-02-18 12:00:00,real_time_price,1260.0,flat,-6.535419464111328
2026-02-18 12:15:00,real_time_price,293.0,flat,446.9703674316406
2026-02-18 12:30:00,real_time_price,0.0,flat,373.4278259277344
2026-02-18 12:45:00,real_time_price,269.0,flat,267.45953369140625
2026-02-18 13:00:00,real_time_price,250.0,flat,252.97467041015625
2026-02-18 13:15:00,real_time_price,0.0,flat,176.98501586914062
2026-02-18 13:30:00,real_time_price,-50.0,flat,99.72239685058594
2026-02-18 13:45:00,real_time_price,-50.0,flat,116.10542297363281
2026-02-18 14:00:00,real_time_price,-50.0,peak,-1.2743663787841797
2026-02-18 14:15:00,real_time_price,-50.0,peak,4.341939926147461
2026-02-18 14:30:00,real_time_price,-50.0,peak,-34.065640926361084
2026-02-18 14:45:00,real_time_price,-50.0,peak,-25.539264678955078
2026-02-18 15:00:00,real_time_price,17.49,peak,-21.945693969726562
2026-02-18 15:15:00,real_time_price,43.25,peak,3.8121795654296875
2026-02-18 15:30:00,real_time_price,43.25,peak,45.717689514160156
2026-02-18 15:45:00,real_time_price,-50.0,peak,57.19952392578125
2026-02-18 16:00:00,real_time_price,-50.0,peak,5.104644775390625
2026-02-18 16:15:00,real_time_price,-50.0,peak,39.39539051055908
2026-02-18 16:30:00,real_time_price,-50.0,peak,88.80887985229492
2026-02-18 16:45:00,real_time_price,-50.0,peak,312.98028564453125
2026-02-18 17:00:00,real_time_price,50.0,peak,204.83574676513672
2026-02-18 17:15:00,real_time_price,0.0,peak,96.39015197753906
2026-02-18 17:30:00,real_time_price,-50.0,peak,175.17298889160156
2026-02-18 17:45:00,real_time_price,-50.0,peak,122.03076171875
2026-02-18 18:00:00,real_time_price,250.0,peak,171.46564483642578
2026-02-18 18:15:00,real_time_price,260.0,peak,256.56904220581055
2026-02-18 18:30:00,real_time_price,270.0,peak,261.2829704284668
2026-02-18 18:45:00,real_time_price,285.0,peak,281.65700340270996
2026-02-18 19:00:00,real_time_price,295.0,flat,267.0484218597412
2026-02-18 19:15:00,real_time_price,285.3,flat,282.5278310775757
2026-02-18 19:30:00,real_time_price,290.0,flat,266.538480758667
2026-02-18 19:45:00,real_time_price,288.6,flat,284.68792486190796
2026-02-18 20:00:00,real_time_price,285.3,flat,266.7881202697754
2026-02-18 20:15:00,real_time_price,280.0,flat,279.47928047180176
2026-02-18 20:30:00,real_time_price,325.7,flat,277.6122570037842
2026-02-18 20:45:00,real_time_price,290.0,flat,305.6449866294861
2026-02-18 21:00:00,real_time_price,286.6,flat,288.8628749847412
2026-02-18 21:15:00,real_time_price,325.0,flat,280.2669143676758
2026-02-18 21:30:00,real_time_price,400.3,flat,323.3459243774414
2026-02-18 21:45:00,real_time_price,317.0,flat,397.0685043334961
2026-02-18 22:00:00,real_time_price,317.0,flat,324.95301628112793
2026-02-18 22:15:00,real_time_price,298.0,flat,343.94556045532227
2026-02-18 22:30:00,real_time_price,295.0,flat,321.7359848022461
2026-02-18 22:45:00,real_time_price,290.0,flat,305.61273193359375
2026-02-18 23:00:00,real_time_price,270.0,flat,281.69410276412964
2026-02-18 23:15:00,real_time_price,280.0,flat,257.7920265197754
2026-02-18 23:30:00,real_time_price,270.0,flat,306.7237129211426
2026-02-18 23:45:00,real_time_price,269.0,flat,266.50862979888916
2026-02-19 00:00:00,real_time_price,269.0,valley,254.1476535797119
2026-02-19 00:15:00,real_time_price,286.6,valley,194.9230728149414
2026-02-19 00:30:00,real_time_price,250.0,valley,300.3638038635254
2026-02-19 00:45:00,real_time_price,260.1,valley,238.46047592163086
2026-02-19 01:00:00,real_time_price,330.0,valley,252.30500030517578
2026-02-19 01:15:00,real_time_price,269.0,valley,275.53545475006104
2026-02-19 01:30:00,real_time_price,250.0,valley,246.8743143081665
2026-02-19 01:45:00,real_time_price,269.0,valley,233.1491584777832
2026-02-19 02:00:00,real_time_price,270.3,valley,234.55643272399902
2026-02-19 02:15:00,real_time_price,260.1,valley,220.9449486732483
2026-02-19 02:30:00,real_time_price,260.0,valley,190.70242166519165
2026-02-19 02:45:00,real_time_price,187.1,valley,158.14475440979004
2026-02-19 03:00:00,real_time_price,0.0,valley,124.28497695922852
2026-02-19 03:15:00,real_time_price,9.6,valley,65.20684051513672
2026-02-19 03:30:00,real_time_price,100.0,valley,0.735198974609375
2026-02-19 03:45:00,real_time_price,260.1,valley,57.526142835617065
2026-02-19 04:00:00,real_time_price,260.3,valley,180.14344787597656
2026-02-19 04:15:00,real_time_price,230.2,valley,118.10708999633789
2026-02-19 04:30:00,real_time_price,260.3,valley,257.9544982910156
2026-02-19 04:45:00,real_time_price,260.3,valley,210.82150268554688
2026-02-19 05:00:00,real_time_price,302.0,valley,214.34376525878906
2026-02-19 05:15:00,real_time_price,270.0,valley,242.69027709960938
2026-02-19 05:30:00,real_time_price,260.1,valley,200.4029083251953
2026-02-19 05:45:00,real_time_price,270.0,valley,191.68353271484375
2026-02-19 06:00:00,real_time_price,265.3,valley,227.81350708007812
2026-02-19 06:15:00,real_time_price,245.0,valley,195.1497802734375
2026-02-19 06:30:00,real_time_price,0.0,valley,212.2178955078125
2026-02-19 06:45:00,real_time_price,250.1,valley,123.81777954101562
2026-02-19 07:00:00,real_time_price,300.0,valley,23.18311309814453
2026-02-19 07:15:00,real_time_price,269.0,valley,234.78870391845703
2026-02-19 07:30:00,real_time_price,275.0,valley,265.89505767822266
2026-02-19 07:45:00,real_time_price,290.0,valley,320.3158187866211
2026-02-19 08:00:00,real_time_price,292.0,flat,401.5037384033203
2026-02-19 08:15:00,real_time_price,298.0,flat,353.17474365234375
2026-02-19 08:30:00,real_time_price,300.0,flat,359.2721939086914
2026-02-19 08:45:00,real_time_price,270.1,flat,323.237491607666
2026-02-19 09:00:00,real_time_price,253.0,flat,284.0637321472168
2026-02-19 09:15:00,real_time_price,265.1,flat,287.55072021484375
2026-02-19 09:30:00,real_time_price,50.0,flat,268.247109413147
2026-02-19 09:45:00,real_time_price,270.0,flat,173.41500091552734
2026-02-19 10:00:00,real_time_price,0.0,peak,242.45281505584717
2026-02-19 10:15:00,real_time_price,240.0,peak,129.7671661376953
2026-02-19 10:30:00,real_time_price,43.25,peak,184.07174959778786
2026-02-19 10:45:00,real_time_price,43.25,peak,100.52227401733398
2026-02-19 11:00:00,real_time_price,-50.0,peak,7.358367919921875
2026-02-19 11:15:00,real_time_price,-50.0,peak,-23.64806365966797
2026-02-19 11:30:00,real_time_price,-50.0,peak,-60.05549621582031
2026-02-19 11:45:00,real_time_price,0.0,peak,-37.08269500732422
2026-02-19 12:00:00,real_time_price,-50.0,flat,64.28578853607178
2026-02-19 12:15:00,real_time_price,145.47,flat,-105.51231384277344
2026-02-19 12:30:00,real_time_price,43.25,flat,47.31638526916504
2026-02-19 12:45:00,real_time_price,-50.0,flat,137.88921356201172
2026-02-19 13:00:00,real_time_price,43.08,flat,7.615349888801575
2026-02-19 13:15:00,real_time_price,-7.0,flat,-3.1792123317718506
2026-02-19 13:30:00,real_time_price,102.51,flat,-24.567543029785156
2026-02-19 13:45:00,real_time_price,109.19,flat,31.50659942626953
2026-02-19 14:00:00,real_time_price,109.18,peak,92.12590789794922
2026-02-19 14:15:00,real_time_price,145.83,peak,51.10199737548828
2026-02-19 14:30:00,real_time_price,43.25,peak,47.71412658691406
2026-02-19 14:45:00,real_time_price,103.93,peak,102.45803833007812
2026-02-19 15:00:00,real_time_price,109.18,peak,66.54380798339844
2026-02-19 15:15:00,real_time_price,92.64,peak,78.91151428222656
2026-02-19 15:30:00,real_time_price,102.51,peak,67.91356658935547
2026-02-19 15:45:00,real_time_price,43.25,peak,71.24270629882812
2026-02-19 16:00:00,real_time_price,187.1,peak,87.85723876953125
2026-02-19 16:15:00,real_time_price,102.51,peak,151.0978240966797
2026-02-19 16:30:00,real_time_price,170.0,peak,116.6085433959961
2026-02-19 16:45:00,real_time_price,290.8,peak,140.41506958007812
2026-02-19 17:00:00,real_time_price,285.6,peak,234.097900390625
2026-02-19 17:15:00,real_time_price,260.0,peak,252.2747039794922
2026-02-19 17:30:00,real_time_price,270.3,peak,281.6959686279297
2026-02-19 17:45:00,real_time_price,280.3,peak,294.5249557495117
2026-02-19 18:00:00,real_time_price,295.0,peak,334.4733428955078
2026-02-19 18:15:00,real_time_price,295.0,peak,321.4594917297363
2026-02-19 18:30:00,real_time_price,300.0,peak,314.18947982788086
2026-02-19 18:45:00,real_time_price,310.0,peak,298.01851081848145
2026-02-19 19:00:00,real_time_price,399.97,flat,320.9046745300293
2026-02-19 19:15:00,real_time_price,285.3,flat,390.27056884765625
2026-02-19 19:30:00,real_time_price,258.0,flat,394.34120178222656
2026-02-19 19:45:00,real_time_price,270.3,flat,305.08436393737793
2026-02-19 20:00:00,real_time_price,270.3,flat,293.81700509786606
2026-02-19 20:15:00,real_time_price,270.3,flat,284.3154516220093
2026-02-19 20:30:00,real_time_price,270.31,flat,284.1591148376465
2026-02-19 20:45:00,real_time_price,270.3,flat,286.96868801116943
2026-02-19 21:00:00,real_time_price,326.0,flat,288.5568027496338
2026-02-19 21:15:00,real_time_price,308.13,flat,322.9932441711426
2026-02-19 21:30:00,real_time_price,285.3,flat,317.7354202270508
2026-02-19 21:45:00,real_time_price,330.0,flat,294.9141309261322
2026-02-19 22:00:00,real_time_price,307.21,flat,316.05793952941895
2026-02-19 22:15:00,real_time_price,300.0,flat,307.547402381897
2026-02-19 22:30:00,real_time_price,300.0,flat,306.5366153717041
2026-02-19 22:45:00,real_time_price,307.79,flat,301.19021224975586
2026-02-19 23:00:00,real_time_price,292.03,flat,304.11916160583496
2026-02-19 23:15:00,real_time_price,310.29,flat,288.1735315322876
2026-02-19 23:30:00,real_time_price,290.99,flat,301.9800662994385
2026-02-19 23:45:00,real_time_price,279.0,flat,287.20022106170654
2026-02-20 00:00:00,real_time_price,270.3,valley,258.07420539855957
2026-02-20 00:15:00,real_time_price,278.3,valley,234.08277702331543
2026-02-20 00:30:00,real_time_price,300.0,valley,316.58327865600586
2026-02-20 00:45:00,real_time_price,310.6,valley,291.1657509803772
2026-02-20 01:00:00,real_time_price,361.13,valley,289.4726161956787
2026-02-20 01:15:00,real_time_price,428.0,valley,313.84264373779297
2026-02-20 01:30:00,real_time_price,485.0,valley,345.93284606933594
2026-02-20 01:45:00,real_time_price,400.0,valley,343.262451171875
2026-02-20 02:00:00,real_time_price,437.89,valley,339.7864685058594
2026-02-20 02:15:00,real_time_price,410.38,valley,350.44593048095703
2026-02-20 02:30:00,real_time_price,334.0,valley,358.8208923339844
2026-02-20 02:45:00,real_time_price,303.8,valley,297.40840911865234
2026-02-20 03:00:00,real_time_price,300.0,valley,234.57542419433594
2026-02-20 03:15:00,real_time_price,330.0,valley,245.03079223632812
2026-02-20 03:30:00,real_time_price,270.3,valley,255.57260131835938
2026-02-20 03:45:00,real_time_price,292.3,valley,248.34219360351562
2026-02-20 04:00:00,real_time_price,295.0,valley,269.2381591796875
2026-02-20 04:15:00,real_time_price,265.3,valley,262.72328186035156
2026-02-20 04:30:00,real_time_price,270.3,valley,224.40567016601562
2026-02-20 04:45:00,real_time_price,270.0,valley,257.90716552734375
2026-02-20 05:00:00,real_time_price,273.0,valley,278.8535614013672
2026-02-20 05:15:00,real_time_price,273.0,valley,264.0164489746094
2026-02-20 05:30:00,real_time_price,270.3,valley,246.51161193847656
2026-02-20 05:45:00,real_time_price,270.5,valley,267.38951110839844
2026-02-20 06:00:00,real_time_price,290.0,valley,267.7175750732422
2026-02-20 06:15:00,real_time_price,282.0,valley,273.5339813232422
2026-02-20 06:30:00,real_time_price,318.0,valley,275.0715026855469
2026-02-20 06:45:00,real_time_price,291.0,valley,295.57525634765625
2026-02-20 07:00:00,real_time_price,328.0,valley,280.8028564453125
2026-02-20 07:15:00,real_time_price,361.0,valley,297.6797103881836
2026-02-20 07:30:00,real_time_price,357.0,valley,352.5372009277344
2026-02-20 07:45:00,real_time_price,410.38,valley,384.72401428222656
2026-02-20 08:00:00,real_time_price,428.0,flat,410.6346435546875
2026-02-20 08:15:00,real_time_price,380.99,flat,430.7812957763672
2026-02-20 08:30:00,real_time_price,410.38,flat,418.2327575683594
2026-02-20 08:45:00,real_time_price,388.27,flat,420.62266540527344
2026-02-20 09:00:00,real_time_price,300.0,flat,404.0286407470703
2026-02-20 09:15:00,real_time_price,359.88,flat,365.00392150878906
2026-02-20 09:30:00,real_time_price,300.0,flat,362.5705032348633
2026-02-20 09:45:00,real_time_price,269.0,flat,327.4452209472656
2026-02-20 10:00:00,real_time_price,43.25,peak,267.33460235595703
2026-02-20 10:15:00,real_time_price,270.1,peak,193.02518939971924
2026-02-20 10:30:00,real_time_price,0.0,peak,187.93536758422852
2026-02-20 10:45:00,real_time_price,9.62,peak,94.10616302490234
2026-02-20 11:00:00,real_time_price,-46.17,peak,19.5966796875
2026-02-20 11:15:00,real_time_price,-50.0,peak,13.221084594726562
2026-02-20 11:30:00,real_time_price,-50.0,peak,-33.740814208984375
2026-02-20 11:45:00,real_time_price,-7.08,peak,-47.764381408691406
2026-02-20 12:00:00,real_time_price,43.08,flat,-16.634750366210938
2026-02-20 12:15:00,real_time_price,43.25,flat,-94.65303802490234
2026-02-20 12:30:00,real_time_price,43.25,flat,46.87956428527832
2026-02-20 12:45:00,real_time_price,43.25,flat,32.74525213241577
2026-02-20 13:00:00,real_time_price,43.25,flat,36.685264587402344
2026-02-20 13:15:00,real_time_price,43.25,flat,33.422828674316406
2026-02-20 13:30:00,real_time_price,43.25,flat,57.65569305419922
2026-02-20 13:45:00,real_time_price,43.25,flat,50.140445709228516
2026-02-20 14:00:00,real_time_price,146.68,peak,58.647483825683594
2026-02-20 14:15:00,real_time_price,146.68,peak,104.46974182128906
2026-02-20 14:30:00,real_time_price,146.68,peak,78.7365493774414
2026-02-20 14:45:00,real_time_price,145.83,peak,99.28153228759766
2026-02-20 15:00:00,real_time_price,43.25,peak,107.46835327148438
2026-02-20 15:15:00,real_time_price,43.25,peak,79.70209503173828
2026-02-20 15:30:00,real_time_price,43.25,peak,37.344173431396484
2026-02-20 15:45:00,real_time_price,43.25,peak,24.086345672607422
2026-02-20 16:00:00,real_time_price,17.49,peak,32.35685729980469
2026-02-20 16:15:00,real_time_price,17.49,peak,47.27364158630371
2026-02-20 16:30:00,real_time_price,-50.0,peak,52.376651763916016
2026-02-20 16:45:00,real_time_price,-7.0,peak,34.844139099121094
2026-02-20 17:00:00,real_time_price,145.83,peak,33.01603317260742
2026-02-20 17:15:00,real_time_price,261.0,peak,159.35868072509766
2026-02-20 17:30:00,real_time_price,324.95,peak,290.0043411254883
2026-02-20 17:45:00,real_time_price,310.0,peak,315.88277435302734
2026-02-20 18:00:00,real_time_price,310.0,peak,362.11917877197266
2026-02-20 18:15:00,real_time_price,330.7,peak,325.9013137817383
2026-02-20 18:30:00,real_time_price,310.0,peak,336.1235046386719
2026-02-20 18:45:00,real_time_price,332.3,peak,308.47017097473145
2026-02-20 19:00:00,real_time_price,272.0,flat,349.9313621520996
2026-02-20 19:15:00,real_time_price,285.3,flat,283.0796308517456
2026-02-20 19:30:00,real_time_price,300.0,flat,318.1756591796875
2026-02-20 19:45:00,real_time_price,285.28,flat,311.4656581878662
2026-02-20 20:00:00,real_time_price,280.1,flat,304.24871349334717
2026-02-20 20:15:00,real_time_price,300.0,flat,280.81693935394287
2026-02-20 20:30:00,real_time_price,298.82,flat,309.4051342010498
2026-02-20 20:45:00,real_time_price,290.0,flat,303.28425645828247
2026-02-20 21:00:00,real_time_price,287.71,flat,310.3184423446655
2026-02-20 21:15:00,real_time_price,290.0,flat,301.6925847530365
2026-02-20 21:30:00,real_time_price,290.0,flat,305.9376862049103
2026-02-20 21:45:00,real_time_price,290.0,flat,294.5650038719177
2026-02-20 22:00:00,real_time_price,300.0,flat,297.4816792011261
2026-02-20 22:15:00,real_time_price,296.0,flat,303.8354697227478
2026-02-20 22:30:00,real_time_price,306.0,flat,297.49045038223267
2026-02-20 22:45:00,real_time_price,295.0,flat,301.52886962890625
2026-02-20 23:00:00,real_time_price,320.0,flat,300.6854610443115
2026-02-20 23:15:00,real_time_price,314.3,flat,315.9719467163086
2026-02-20 23:30:00,real_time_price,310.0,flat,314.4843330383301
2026-02-20 23:45:00,real_time_price,400.0,flat,311.7269592285156
2026-02-21 00:00:00,real_time_price,372.11,valley,290.11108016967773
2026-02-21 00:15:00,real_time_price,300.0,valley,290.9998664855957
2026-02-21 00:30:00,real_time_price,791.0,valley,450.83152770996094
2026-02-21 00:45:00,real_time_price,330.0,valley,444.68138122558594
2026-02-21 01:00:00,real_time_price,416.72,valley,369.9069290161133
2026-02-21 01:15:00,real_time_price,460.0,valley,390.18099212646484
2026-02-21 01:30:00,real_time_price,415.67,valley,437.4843444824219
2026-02-21 01:45:00,real_time_price,420.0,valley,404.3077850341797
2026-02-21 02:00:00,real_time_price,369.11,valley,380.72620391845703
2026-02-21 02:15:00,real_time_price,358.0,valley,355.5788879394531
2026-02-21 02:30:00,real_time_price,400.0,valley,321.3172607421875
2026-02-21 02:45:00,real_time_price,300.0,valley,336.4075164794922
2026-02-21 03:00:00,real_time_price,305.0,valley,314.36932373046875
2026-02-21 03:15:00,real_time_price,380.0,valley,269.6574935913086
2026-02-21 03:30:00,real_time_price,338.0,valley,327.8890686035156
2026-02-21 03:45:00,real_time_price,330.2,valley,345.54576110839844
2026-02-21 04:00:00,real_time_price,307.0,valley,332.31959533691406
2026-02-21 04:15:00,real_time_price,328.0,valley,334.6915283203125
2026-02-21 04:30:00,real_time_price,300.0,valley,319.625732421875
2026-02-21 04:45:00,real_time_price,298.0,valley,353.7704772949219
2026-02-21 05:00:00,real_time_price,290.0,valley,339.9463195800781
2026-02-21 05:15:00,real_time_price,273.0,valley,306.3196105957031
2026-02-21 05:30:00,real_time_price,320.3,valley,328.2921142578125
2026-02-21 05:45:00,real_time_price,287.6,valley,319.8480682373047
2026-02-21 06:00:00,real_time_price,296.0,valley,317.96739196777344
2026-02-21 06:15:00,real_time_price,372.0,valley,294.87957763671875
2026-02-21 06:30:00,real_time_price,300.0,valley,321.26580810546875
2026-02-21 06:45:00,real_time_price,334.0,valley,317.1340026855469
2026-02-21 07:00:00,real_time_price,386.04,valley,322.3926086425781
2026-02-21 07:15:00,real_time_price,350.0,valley,331.2796936035156
2026-02-21 07:30:00,real_time_price,361.0,valley,351.27325439453125
2026-02-21 07:45:00,real_time_price,340.0,valley,360.5407028198242
2026-02-21 08:00:00,real_time_price,338.0,flat,378.82389068603516
2026-02-21 08:15:00,real_time_price,320.0,flat,394.53761291503906
2026-02-21 08:30:00,real_time_price,320.0,flat,380.62591552734375
2026-02-21 08:45:00,real_time_price,43.25,flat,323.59447479248047
2026-02-21 09:00:00,real_time_price,270.0,flat,195.42238998413086
2026-02-21 09:15:00,real_time_price,43.25,flat,247.95986598730087
2026-02-21 09:30:00,real_time_price,17.49,flat,133.7070770263672
2026-02-21 09:45:00,real_time_price,43.25,flat,47.44828796386719
2026-02-21 10:00:00,real_time_price,102.51,peak,38.71720886230469
2026-02-21 10:15:00,real_time_price,103.93,peak,-4.8440399169921875
2026-02-21 10:30:00,real_time_price,17.49,peak,20.777236938476562
2026-02-21 10:45:00,real_time_price,106.12,peak,8.096076965332031
2026-02-21 11:00:00,real_time_price,17.49,peak,43.320640563964844
2026-02-21 11:15:00,real_time_price,145.83,peak,13.779335021972656
2026-02-21 11:30:00,real_time_price,43.25,peak,104.79242706298828
2026-02-21 11:45:00,real_time_price,43.25,peak,71.40907096862793
2026-02-21 12:00:00,real_time_price,145.83,flat,59.59535598754883
2026-02-21 12:15:00,real_time_price,145.83,flat,41.9843635559082
2026-02-21 12:30:00,real_time_price,43.25,flat,151.7603302001953
2026-02-21 12:45:00,real_time_price,43.25,flat,96.77625274658203
2026-02-21 13:00:00,real_time_price,17.49,flat,45.53307342529297
2026-02-21 13:15:00,real_time_price,17.49,flat,27.038330078125
2026-02-21 13:30:00,real_time_price,17.49,flat,24.697341918945312
2026-02-21 13:45:00,real_time_price,22.7,flat,21.456451416015625
2026-02-21 14:00:00,real_time_price,-6.71,peak,23.51898956298828
2026-02-21 14:15:00,real_time_price,-49.71,peak,-21.933473110198975
2026-02-21 14:30:00,real_time_price,0.0,peak,-13.853667259216309
2026-02-21 14:45:00,real_time_price,-7.0,peak,-25.858500242233276
2026-02-21 15:00:00,real_time_price,-50.0,peak,-37.7602424621582
2026-02-21 15:15:00,real_time_price,0.0,peak,-41.556724548339844
2026-02-21 15:30:00,real_time_price,-50.0,peak,-61.003746032714844
2026-02-21 15:45:00,real_time_price,-50.0,peak,-38.42121887207031
2026-02-21 16:00:00,real_time_price,-50.0,peak,-56.397850036621094
2026-02-21 16:15:00,real_time_price,-50.0,peak,-27.018756866455078
2026-02-21 16:30:00,real_time_price,0.04,peak,-14.954364776611328
2026-02-21 16:45:00,real_time_price,230.98,peak,10.357852935791016
2026-02-21 17:00:00,real_time_price,251.58,peak,179.3410873413086
2026-02-21 17:15:00,real_time_price,265.92,peak,253.04991912841797
2026-02-21 17:30:00,real_time_price,291.55,peak,322.05140686035156
2026-02-21 17:45:00,real_time_price,300.0,peak,321.07462310791016
2026-02-21 18:00:00,real_time_price,300.0,peak,342.27706146240234
2026-02-21 18:15:00,real_time_price,300.0,peak,326.4850540161133
2026-02-21 18:30:00,real_time_price,285.3,peak,307.28460121154785
2026-02-21 18:45:00,real_time_price,300.0,peak,292.90620851516724
2026-02-21 19:00:00,real_time_price,300.0,flat,306.3281593322754
2026-02-21 19:15:00,real_time_price,280.0,flat,276.6682939529419
2026-02-21 19:30:00,real_time_price,110.0,flat,311.0102252960205
2026-02-21 19:45:00,real_time_price,278.3,flat,201.1074981689453
2026-02-21 20:00:00,real_time_price,280.1,flat,287.42290687561035
2026-02-21 20:15:00,real_time_price,270.0,flat,273.0135669708252
2026-02-21 20:30:00,real_time_price,275.0,flat,289.4660358428955
2026-02-21 20:45:00,real_time_price,361.0,flat,286.8852195739746
2026-02-21 21:00:00,real_time_price,310.0,flat,323.0640506744385
2026-02-21 21:15:00,real_time_price,300.0,flat,318.5832109451294
2026-02-21 21:30:00,real_time_price,300.0,flat,322.3394660949707
2026-02-21 21:45:00,real_time_price,304.0,flat,318.92895889282227
2026-02-21 22:00:00,real_time_price,300.0,flat,308.76388359069824
2026-02-21 22:15:00,real_time_price,300.0,flat,309.65835762023926
2026-02-21 22:30:00,real_time_price,302.0,flat,301.56188106536865
2026-02-21 22:45:00,real_time_price,400.0,flat,312.639892578125
2026-02-21 23:00:00,real_time_price,290.0,flat,323.5470161437988
2026-02-21 23:15:00,real_time_price,340.0,flat,322.4973030090332
2026-02-21 23:30:00,real_time_price,330.0,flat,332.7405548095703
2026-02-21 23:45:00,real_time_price,358.0,flat,334.70201873779297
2026-02-22 00:00:00,real_time_price,371.49,valley,323.8212089538574
2026-02-22 00:15:00,real_time_price,308.27,valley,280.88904571533203
2026-02-22 00:30:00,real_time_price,350.0,valley,706.8400268554688
2026-02-22 00:45:00,real_time_price,420.0,valley,347.260986328125
2026-02-22 01:00:00,real_time_price,631.7,valley,342.3394775390625
2026-02-22 01:15:00,real_time_price,500.0,valley,517.9365234375
2026-02-22 01:30:00,real_time_price,460.0,valley,475.46311950683594
2026-02-22 01:45:00,real_time_price,445.77,valley,409.69419860839844
2026-02-22 02:00:00,real_time_price,330.2,valley,408.7681121826172
2026-02-22 02:15:00,real_time_price,270.1,valley,365.87164306640625
2026-02-22 02:30:00,real_time_price,313.33,valley,300.1347885131836
2026-02-22 02:45:00,real_time_price,316.71,valley,297.8102493286133
2026-02-22 03:00:00,real_time_price,314.3,valley,301.6340026855469
2026-02-22 03:15:00,real_time_price,328.0,valley,332.18914794921875
2026-02-22 03:30:00,real_time_price,316.71,valley,345.5475616455078
2026-02-22 03:45:00,real_time_price,316.5,valley,333.96400451660156
2026-02-22 04:00:00,real_time_price,280.0,valley,327.15692138671875
2026-02-22 04:15:00,real_time_price,300.0,valley,271.4274139404297
2026-02-22 04:30:00,real_time_price,293.0,valley,249.43170166015625
2026-02-22 04:45:00,real_time_price,300.0,valley,297.62860107421875
2026-02-22 05:00:00,real_time_price,301.0,valley,257.67449951171875
2026-02-22 05:15:00,real_time_price,298.0,valley,270.4732360839844
2026-02-22 05:30:00,real_time_price,358.82,valley,260.8157501220703
2026-02-22 05:45:00,real_time_price,338.0,valley,318.9592742919922
2026-02-22 06:00:00,real_time_price,308.0,valley,286.5277404785156
2026-02-22 06:15:00,real_time_price,300.0,valley,316.2207794189453
2026-02-22 06:30:00,real_time_price,295.0,valley,288.3153991699219
2026-02-22 06:45:00,real_time_price,358.0,valley,309.5014190673828
2026-02-22 07:00:00,real_time_price,400.0,valley,318.4160919189453
2026-02-22 07:15:00,real_time_price,340.0,valley,361.2078399658203
2026-02-22 07:30:00,real_time_price,399.79,valley,343.61627197265625
2026-02-22 07:45:00,real_time_price,438.95,valley,373.2427978515625
2026-02-22 08:00:00,real_time_price,359.88,flat,442.01536560058594
2026-02-22 08:15:00,real_time_price,359.88,flat,428.1077880859375
2026-02-22 08:30:00,real_time_price,288.6,flat,401.7581481933594
2026-02-22 08:45:00,real_time_price,329.16,flat,294.79364013671875
2026-02-22 09:00:00,real_time_price,338.0,flat,313.15321350097656
2026-02-22 09:15:00,real_time_price,320.0,flat,336.49308013916016
2026-02-22 09:30:00,real_time_price,295.0,flat,317.9652099609375
2026-02-22 09:45:00,real_time_price,270.3,flat,282.17733001708984
2026-02-22 10:00:00,real_time_price,43.25,peak,215.64706420898438
2026-02-22 10:15:00,real_time_price,146.68,peak,87.17116165161133
2026-02-22 10:30:00,real_time_price,187.1,peak,76.72153854370117
2026-02-22 10:45:00,real_time_price,-50.0,peak,148.36331176757812
2026-02-22 11:00:00,real_time_price,-49.97,peak,32.481475830078125
2026-02-22 11:15:00,real_time_price,-50.0,peak,-55.201148986816406
2026-02-22 11:30:00,real_time_price,-50.0,peak,-57.264404296875
2026-02-22 11:45:00,real_time_price,-49.06,peak,-75.54891967773438
2026-02-22 12:00:00,real_time_price,-49.97,flat,-48.96153259277344
2026-02-22 12:15:00,real_time_price,-50.0,flat,-89.17913818359375
2026-02-22 12:30:00,real_time_price,-50.0,flat,-34.22737503051758
2026-02-22 12:45:00,real_time_price,3.49,flat,-51.44805145263672
2026-02-22 13:00:00,real_time_price,-0.27,flat,-11.77131462097168
2026-02-22 13:15:00,real_time_price,-48.57,flat,-11.395778179168701
2026-02-22 13:30:00,real_time_price,-4.63,flat,-38.85071563720703
2026-02-22 13:45:00,real_time_price,153.42,flat,-1.8875322341918945
2026-02-22 14:00:00,real_time_price,-15.24,peak,89.11676025390625
2026-02-22 14:15:00,real_time_price,-1.47,peak,-37.15085029602051
2026-02-22 14:30:00,real_time_price,-22.51,peak,-47.8314151763916
2026-02-22 14:45:00,real_time_price,-37.33,peak,-31.154000282287598
2026-02-22 15:00:00,real_time_price,64.11,peak,-30.619635581970215
2026-02-22 15:15:00,real_time_price,-48.94,peak,11.930139541625977
2026-02-22 15:30:00,real_time_price,-41.01,peak,-34.15165996551514
2026-02-22 15:45:00,real_time_price,-47.61,peak,-51.575889587402344
2026-02-22 16:00:00,real_time_price,-46.72,peak,-58.005470275878906
2026-02-22 16:15:00,real_time_price,-48.11,peak,-19.211444854736328
2026-02-22 16:30:00,real_time_price,10.0,peak,-36.49492263793945
2026-02-22 16:45:00,real_time_price,300.0,peak,-13.633289337158203
2026-02-22 17:00:00,real_time_price,289.01,peak,126.78158569335938
2026-02-22 17:15:00,real_time_price,358.0,peak,309.4064636230469
2026-02-22 17:30:00,real_time_price,350.63,peak,429.165771484375
2026-02-22 17:45:00,real_time_price,350.94,peak,354.95558166503906
2026-02-22 18:00:00,real_time_price,354.75,peak,375.41117095947266
2026-02-22 18:15:00,real_time_price,301.35,peak,340.5683288574219
2026-02-22 18:30:00,real_time_price,330.87,peak,393.51660919189453
2026-02-22 18:45:00,real_time_price,330.87,peak,330.23875427246094
2026-02-22 19:00:00,real_time_price,330.87,flat,351.5337791442871
2026-02-22 19:15:00,real_time_price,270.1,flat,299.73473167419434
2026-02-22 19:30:00,real_time_price,270.1,flat,320.1684913635254
2026-02-22 19:45:00,real_time_price,275.2,flat,299.0128297805786
2026-02-22 20:00:00,real_time_price,300.0,flat,292.99409198760986
2026-02-22 20:15:00,real_time_price,290.0,flat,301.9227936267853
2026-02-22 20:30:00,real_time_price,270.0,flat,314.01512575149536
2026-02-22 20:45:00,real_time_price,270.0,flat,303.77727818489075
2026-02-22 21:00:00,real_time_price,270.0,flat,292.7740230560303
2026-02-22 21:15:00,real_time_price,300.0,flat,281.34030532836914
2026-02-22 21:30:00,real_time_price,381.67,flat,315.1282548904419
2026-02-22 21:45:00,real_time_price,300.33,flat,345.1237678527832
2026-02-22 22:00:00,real_time_price,331.82,flat,319.07168769836426
2026-02-22 22:15:00,real_time_price,334.86,flat,332.42674827575684
2026-02-22 22:30:00,real_time_price,328.78,flat,332.50060844421387
2026-02-22 22:45:00,real_time_price,331.82,flat,332.27956771850586
2026-02-22 23:00:00,real_time_price,328.78,flat,326.9078788757324
2026-02-22 23:15:00,real_time_price,318.61,flat,324.5143165588379
2026-02-22 23:30:00,real_time_price,443.75,flat,314.9294242858887
2026-02-22 23:45:00,real_time_price,350.32,flat,380.62024688720703
2026-02-23 00:00:00,real_time_price,333.78,valley,419.16038513183594
2026-02-23 00:15:00,real_time_price,290.5,valley,322.58370208740234
2026-02-23 00:30:00,real_time_price,354.51,valley,694.8289184570312
2026-02-23 00:45:00,real_time_price,350.08,valley,336.64392852783203
2026-02-23 01:00:00,real_time_price,401.43,valley,414.05921173095703
2026-02-23 01:15:00,real_time_price,320.36,valley,382.2028274536133
2026-02-23 01:30:00,real_time_price,293.2,valley,324.5907745361328
2026-02-23 01:45:00,real_time_price,301.11,valley,307.9267349243164
2026-02-23 02:00:00,real_time_price,297.75,valley,295.8217544555664
2026-02-23 02:15:00,real_time_price,290.3,valley,284.6993942260742
2026-02-23 02:30:00,real_time_price,269.0,valley,306.931640625
2026-02-23 02:45:00,real_time_price,280.0,valley,280.37916564941406
2026-02-23 03:00:00,real_time_price,280.0,valley,259.17930603027344
2026-02-23 03:15:00,real_time_price,274.0,valley,283.50225830078125
2026-02-23 03:30:00,real_time_price,270.5,valley,277.64534759521484
2026-02-23 03:45:00,real_time_price,269.0,valley,348.6681213378906
2026-02-23 04:00:00,real_time_price,261.0,valley,345.6246337890625
2026-02-23 04:15:00,real_time_price,265.3,valley,288.2355499267578
2026-02-23 04:30:00,real_time_price,325.7,valley,286.1971893310547
2026-02-23 04:45:00,real_time_price,268.0,valley,302.79273986816406
2026-02-23 05:00:00,real_time_price,265.0,valley,324.38609313964844
2026-02-23 05:15:00,real_time_price,263.0,valley,302.9613494873047
2026-02-23 05:30:00,real_time_price,250.0,valley,299.4857635498047
2026-02-23 05:45:00,real_time_price,250.0,valley,310.13319396972656
2026-02-23 06:00:00,real_time_price,250.0,valley,302.0292053222656
2026-02-23 06:15:00,real_time_price,250.0,valley,317.63006591796875
2026-02-23 06:30:00,real_time_price,257.0,valley,268.13783264160156
2026-02-23 06:45:00,real_time_price,260.3,valley,306.2078399658203
2026-02-23 07:00:00,real_time_price,268.0,valley,285.8439178466797
2026-02-23 07:15:00,real_time_price,260.3,valley,289.3897171020508
2026-02-23 07:30:00,real_time_price,260.3,valley,280.9217071533203
2026-02-23 07:45:00,real_time_price,269.0,valley,310.13370513916016
2026-02-23 08:00:00,real_time_price,270.3,flat,320.6851272583008
2026-02-23 08:15:00,real_time_price,148.79,flat,299.54747581481934
2026-02-23 08:30:00,real_time_price,0.0,flat,291.15135192871094
2026-02-23 08:45:00,real_time_price,0.0,flat,132.8298797607422
2026-02-23 09:00:00,real_time_price,0.0,flat,116.30772399902344
2026-02-23 09:15:00,real_time_price,-50.0,flat,113.90266418457031
2026-02-23 09:30:00,real_time_price,0.0,flat,111.72464752197266
2026-02-23 09:45:00,real_time_price,43.25,flat,141.06942749023438
2026-02-23 10:00:00,real_time_price,43.25,peak,8.578399658203125
2026-02-23 10:15:00,real_time_price,43.25,peak,-0.6146087646484375
2026-02-23 10:30:00,real_time_price,-50.0,peak,26.949783325195312
2026-02-23 10:45:00,real_time_price,239.49,peak,-80.80300903320312
2026-02-23 11:00:00,real_time_price,-29.02,peak,41.26988220214844
2026-02-23 11:15:00,real_time_price,42.65,peak,-1.6585845947265625
2026-02-23 11:30:00,real_time_price,37.32,peak,3.644989013671875
2026-02-23 11:45:00,real_time_price,244.28,peak,25.745010375976562
2026-02-23 12:00:00,real_time_price,76.74,flat,137.62995147705078
2026-02-23 12:15:00,real_time_price,-7.0,flat,50.907779693603516
2026-02-23 12:30:00,real_time_price,4.72,flat,57.158348083496094
2026-02-23 12:45:00,real_time_price,52.42,flat,24.932713001966476
2026-02-23 13:00:00,real_time_price,43.5,flat,8.619146585464478
2026-02-23 13:15:00,real_time_price,43.2,flat,8.84277629852295
2026-02-23 13:30:00,real_time_price,73.86,flat,43.391265869140625
2026-02-23 13:45:00,real_time_price,43.25,flat,67.07745361328125
2026-02-23 14:00:00,real_time_price,43.48,peak,45.46121597290039
2026-02-23 14:15:00,real_time_price,-49.73,peak,4.467903137207031
2026-02-23 14:30:00,real_time_price,-49.75,peak,-34.56911373138428
2026-02-23 14:45:00,real_time_price,-44.44,peak,-49.66712188720703
2026-02-23 15:00:00,real_time_price,-49.74,peak,-32.261600494384766
2026-02-23 15:15:00,real_time_price,-50.0,peak,-33.63993453979492
2026-02-23 15:30:00,real_time_price,-50.0,peak,-44.497365951538086
2026-02-23 15:45:00,real_time_price,0.3,peak,-26.377578735351562
2026-02-23 16:00:00,real_time_price,-50.0,peak,-44.326406478881836
2026-02-23 16:15:00,real_time_price,-48.28,peak,17.697002410888672
2026-02-23 16:30:00,real_time_price,-50.0,peak,17.628253936767578
2026-02-23 16:45:00,real_time_price,-50.0,peak,29.036033630371094
2026-02-23 17:00:00,real_time_price,-47.68,peak,7.2107391357421875
2026-02-23 17:15:00,real_time_price,58.18,peak,-18.823196411132812
2026-02-23 17:30:00,real_time_price,271.0,peak,80.68603515625
2026-02-23 17:45:00,real_time_price,265.2,peak,227.63340377807617
2026-02-23 18:00:00,real_time_price,279.58,peak,300.8508644104004
2026-02-23 18:15:00,real_time_price,280.5,peak,264.94450855255127
2026-02-23 18:30:00,real_time_price,345.52,peak,280.8845100402832
2026-02-23 18:45:00,real_time_price,295.31,peak,353.58312225341797
2026-02-23 19:00:00,real_time_price,301.0,flat,317.79426193237305
2026-02-23 19:15:00,real_time_price,265.2,flat,278.66622495651245
2026-02-23 19:30:00,real_time_price,263.0,flat,304.64771938323975
2026-02-23 19:45:00,real_time_price,279.99,flat,274.342227935791
2026-02-23 20:00:00,real_time_price,280.0,flat,293.31463050842285
2026-02-23 20:15:00,real_time_price,285.1,flat,286.00032806396484
2026-02-23 20:30:00,real_time_price,280.1,flat,304.72607382014394
2026-02-23 20:45:00,real_time_price,275.3,flat,289.9173173904419
2026-02-23 21:00:00,real_time_price,269.0,flat,292.30477809906006
2026-02-23 21:15:00,real_time_price,269.0,flat,280.50297355651855
2026-02-23 21:30:00,real_time_price,271.0,flat,286.82479095458984
2026-02-23 21:45:00,real_time_price,270.0,flat,280.85026931762695
2026-02-23 22:00:00,real_time_price,265.3,flat,276.6333427429199
2026-02-23 22:15:00,real_time_price,261.0,flat,277.6427402496338
2026-02-23 22:30:00,real_time_price,267.0,flat,259.1556167602539
2026-02-23 22:45:00,real_time_price,268.3,flat,273.90905570983887
2026-02-23 23:00:00,real_time_price,264.0,flat,274.3883972167969
2026-02-23 23:15:00,real_time_price,263.0,flat,262.6585273742676
2026-02-23 23:30:00,real_time_price,260.5,flat,267.7693672180176
2026-02-23 23:45:00,real_time_price,260.0,flat,265.18627738952637
2026-02-24 00:00:00,real_time_price,254.0,valley,265.1746482849121
2026-02-24 00:15:00,real_time_price,250.0,valley,251.54687690734863
2026-02-24 00:30:00,real_time_price,43.25,valley,361.51193618774414
2026-02-24 00:45:00,real_time_price,800.0,valley,200.75301361083984
2026-02-24 01:00:00,real_time_price,300.0,valley,397.5896301269531
2026-02-24 01:15:00,real_time_price,280.3,valley,261.14713287353516
2026-02-24 01:30:00,real_time_price,280.0,valley,268.7662019729614
2026-02-24 01:45:00,real_time_price,275.0,valley,265.58709192276
2026-02-24 02:00:00,real_time_price,270.1,valley,257.85088896751404
2026-02-24 02:15:00,real_time_price,270.0,valley,252.96251225471497
2026-02-24 02:30:00,real_time_price,276.6,valley,249.4972629547119
2026-02-24 02:45:00,real_time_price,270.5,valley,261.5019187927246
2026-02-24 03:00:00,real_time_price,270.1,valley,244.69009399414062
2026-02-24 03:15:00,real_time_price,270.0,valley,265.9423141479492
2026-02-24 03:30:00,real_time_price,264.0,valley,259.91053009033203
2026-02-24 03:45:00,real_time_price,258.3,valley,259.7735595703125
2026-02-24 04:00:00,real_time_price,260.5,valley,233.54203033447266
2026-02-24 04:15:00,real_time_price,259.0,valley,185.87711334228516
2026-02-24 04:30:00,real_time_price,260.0,valley,221.83097076416016
2026-02-24 04:45:00,real_time_price,260.0,valley,243.69952392578125
2026-02-24 05:00:00,real_time_price,260.1,valley,217.19480895996094
2026-02-24 05:15:00,real_time_price,264.0,valley,219.92233276367188
2026-02-24 05:30:00,real_time_price,266.0,valley,242.9532928466797
2026-02-24 05:45:00,real_time_price,270.3,valley,233.61112213134766
2026-02-24 06:00:00,real_time_price,270.0,valley,236.3591766357422
2026-02-24 06:15:00,real_time_price,275.3,valley,256.3594512939453
2026-02-24 06:30:00,real_time_price,270.5,valley,278.8589324951172
2026-02-24 06:45:00,real_time_price,285.0,valley,281.4278793334961
2026-02-24 07:00:00,real_time_price,319.0,valley,304.6666488647461
2026-02-24 07:15:00,real_time_price,300.09,valley,309.4897766113281
2026-02-24 07:30:00,real_time_price,310.2,valley,339.3516387939453
2026-02-24 07:45:00,real_time_price,401.41,valley,338.78955841064453
2026-02-24 08:00:00,real_time_price,345.08,flat,363.16038513183594
2026-02-24 08:15:00,real_time_price,421.98,flat,485.5198669433594
2026-02-24 08:30:00,real_time_price,405.98,flat,457.4657745361328
2026-02-24 08:45:00,real_time_price,427.43,flat,394.38352966308594
2026-02-24 09:00:00,real_time_price,367.7,flat,396.3159713745117
2026-02-24 09:15:00,real_time_price,463.22,flat,357.16512298583984
2026-02-24 09:30:00,real_time_price,401.0,flat,435.9248352050781
2026-02-24 09:45:00,real_time_price,355.13,flat,348.70945739746094
2026-02-24 10:00:00,real_time_price,390.41,peak,322.809326171875
2026-02-24 10:15:00,real_time_price,396.22,peak,328.5115509033203
2026-02-24 10:30:00,real_time_price,362.89,peak,336.8663024902344
2026-02-24 10:45:00,real_time_price,335.22,peak,322.76202392578125
2026-02-24 11:00:00,real_time_price,302.3,peak,291.3046875
2026-02-24 11:15:00,real_time_price,290.87,peak,244.6595458984375
2026-02-24 11:30:00,real_time_price,290.46,peak,270.1112060546875
2026-02-24 11:45:00,real_time_price,43.68,peak,376.7126770019531
2026-02-24 12:00:00,real_time_price,267.01,flat,222.0354461669922
2026-02-24 12:15:00,real_time_price,266.03,flat,91.52159118652344
2026-02-24 12:30:00,real_time_price,270.0,flat,160.63043212890625
2026-02-24 12:45:00,real_time_price,270.2,flat,208.99462890625
2026-02-24 13:00:00,real_time_price,297.75,flat,177.9955596923828
2026-02-24 13:15:00,real_time_price,279.34,flat,288.5870056152344
2026-02-24 13:30:00,real_time_price,281.5,flat,250.40460205078125
2026-02-24 13:45:00,real_time_price,275.2,flat,296.8279113769531
2026-02-24 14:00:00,real_time_price,280.28,peak,230.4976043701172
2026-02-24 14:15:00,real_time_price,265.96,peak,200.8172149658203
2026-02-24 14:30:00,real_time_price,269.0,peak,238.148193359375
2026-02-24 14:45:00,real_time_price,268.0,peak,218.67295837402344
2026-02-24 15:00:00,real_time_price,265.5,peak,206.51161193847656
2026-02-24 15:15:00,real_time_price,1.02,peak,225.1739959716797
2026-02-24 15:30:00,real_time_price,270.45,peak,73.75948333740234
2026-02-24 15:45:00,real_time_price,271.55,peak,190.17237854003906
2026-02-24 16:00:00,real_time_price,266.15,peak,182.29537963867188
2026-02-24 16:15:00,real_time_price,280.19,peak,209.85079956054688
2026-02-24 16:30:00,real_time_price,326.73,peak,311.5818634033203
2026-02-24 16:45:00,real_time_price,335.14,peak,290.3960266113281
2026-02-24 17:00:00,real_time_price,352.34,peak,349.5989074707031
2026-02-24 17:15:00,real_time_price,401.39,peak,384.0525665283203
2026-02-24 17:30:00,real_time_price,401.35,peak,458.5999298095703
2026-02-24 17:45:00,real_time_price,366.97,peak,392.1584167480469
2026-02-24 18:00:00,real_time_price,367.29,peak,420.2079162597656
2026-02-24 18:15:00,real_time_price,375.96,peak,359.70824432373047
2026-02-24 18:30:00,real_time_price,381.73,peak,415.38877868652344
2026-02-24 18:45:00,real_time_price,341.04,peak,427.15179443359375
2026-02-24 19:00:00,real_time_price,311.46,flat,385.59473419189453
2026-02-24 19:15:00,real_time_price,297.06,flat,339.0319938659668
2026-02-24 19:30:00,real_time_price,320.2,flat,372.53724670410156
2026-02-24 19:45:00,real_time_price,307.02,flat,350.4336585998535
2026-02-24 20:00:00,real_time_price,293.95,flat,322.3333206176758
2026-02-24 20:15:00,real_time_price,294.89,flat,311.5669832229614
2026-02-24 20:30:00,real_time_price,292.39,flat,321.52038383483887
2026-02-24 20:45:00,real_time_price,279.97,flat,309.69824051856995
2026-02-24 21:00:00,real_time_price,275.04,flat,301.77940940856934
2026-02-24 21:15:00,real_time_price,319.97,flat,291.6598949432373
2026-02-24 21:30:00,real_time_price,295.3,flat,321.770001411438
2026-02-24 21:45:00,real_time_price,293.98,flat,300.15219020843506
2026-02-24 22:00:00,real_time_price,316.84,flat,300.8375401496887
2026-02-24 22:15:00,real_time_price,314.22,flat,311.680410861969
2026-02-24 22:30:00,real_time_price,324.09,flat,313.26061820983887
2026-02-24 22:45:00,real_time_price,287.9,flat,320.4321918487549
2026-02-24 23:00:00,real_time_price,310.2,flat,296.52055609226227
2026-02-24 23:15:00,real_time_price,330.5,flat,301.9615650177002
2026-02-24 23:30:00,real_time_price,330.47,flat,315.9115924835205
2026-02-24 23:45:00,real_time_price,330.5,flat,322.1530876159668
2026-02-25 00:00:00,real_time_price,295.3,valley,299.47837257385254
2026-02-25 00:15:00,real_time_price,250.0,valley,283.4301767349243
2026-02-25 00:30:00,real_time_price,278.0,valley,364.4414691925049
2026-02-25 00:45:00,real_time_price,280.0,valley,284.1676788330078
2026-02-25 01:00:00,real_time_price,280.0,valley,287.2036838531494
2026-02-25 01:15:00,real_time_price,280.0,valley,268.12773513793945
2026-02-25 01:30:00,real_time_price,280.0,valley,268.199312210083
2026-02-25 01:45:00,real_time_price,285.0,valley,269.25950813293457
2026-02-25 02:00:00,real_time_price,297.11,valley,264.1114945411682
2026-02-25 02:15:00,real_time_price,323.41,valley,281.06894302368164
2026-02-25 02:30:00,real_time_price,326.74,valley,296.88054275512695
2026-02-25 02:45:00,real_time_price,311.62,valley,296.1904525756836
2026-02-25 03:00:00,real_time_price,299.07,valley,296.80592346191406
2026-02-25 03:15:00,real_time_price,280.0,valley,283.842529296875
2026-02-25 03:30:00,real_time_price,285.0,valley,274.325927734375
2026-02-25 03:45:00,real_time_price,280.0,valley,274.993408203125
2026-02-25 04:00:00,real_time_price,280.0,valley,265.2412567138672
2026-02-25 04:15:00,real_time_price,276.0,valley,258.08497619628906
2026-02-25 04:30:00,real_time_price,286.0,valley,257.192626953125
2026-02-25 04:45:00,real_time_price,285.0,valley,287.32489013671875
2026-02-25 05:00:00,real_time_price,280.0,valley,278.1599426269531
2026-02-25 05:15:00,real_time_price,276.0,valley,276.4546356201172
2026-02-25 05:30:00,real_time_price,280.0,valley,273.99105072021484
2026-02-25 05:45:00,real_time_price,275.0,valley,280.7578582763672
2026-02-25 06:00:00,real_time_price,270.0,valley,287.2239532470703
2026-02-25 06:15:00,real_time_price,275.2,valley,293.1376190185547
2026-02-25 06:30:00,real_time_price,280.0,valley,306.0176544189453
2026-02-25 06:45:00,real_time_price,311.62,valley,323.17491149902344
2026-02-25 07:00:00,real_time_price,292.94,valley,335.8083801269531
2026-02-25 07:15:00,real_time_price,336.88,valley,329.14102935791016
2026-02-25 07:30:00,real_time_price,332.5,valley,340.4836883544922
2026-02-25 07:45:00,real_time_price,334.47,valley,380.4395751953125
2026-02-25 08:00:00,real_time_price,375.57,flat,353.5260772705078
2026-02-25 08:15:00,real_time_price,350.2,flat,409.55052947998047
2026-02-25 08:30:00,real_time_price,323.1,flat,399.3246536254883
2026-02-25 08:45:00,real_time_price,325.21,flat,339.77075958251953
2026-02-25 09:00:00,real_time_price,321.85,flat,318.22232818603516
2026-02-25 09:15:00,real_time_price,269.64,flat,376.4036331176758
2026-02-25 09:30:00,real_time_price,268.71,flat,281.77749252319336
2026-02-25 09:45:00,real_time_price,270.08,flat,261.3727226257324
2026-02-25 10:00:00,real_time_price,267.0,peak,217.96121978759766
2026-02-25 10:15:00,real_time_price,269.4,peak,233.2663230895996
2026-02-25 10:30:00,real_time_price,269.78,peak,216.78793334960938
2026-02-25 10:45:00,real_time_price,0.0,peak,229.05912017822266
2026-02-25 11:00:00,real_time_price,260.4,peak,114.5870246887207
2026-02-25 11:15:00,real_time_price,260.1,peak,164.83547973632812
2026-02-25 11:30:00,real_time_price,263.0,peak,189.69656372070312
2026-02-25 11:45:00,real_time_price,265.19,peak,297.7529602050781
2026-02-25 12:00:00,real_time_price,242.3,flat,230.9866943359375
2026-02-25 12:15:00,real_time_price,256.3,flat,141.87410736083984
2026-02-25 12:30:00,real_time_price,260.1,flat,186.85641479492188
2026-02-25 12:45:00,real_time_price,263.09,flat,181.519287109375
2026-02-25 13:00:00,real_time_price,275.71,flat,168.4609832763672
2026-02-25 13:15:00,real_time_price,259.98,flat,217.66323852539062
2026-02-25 13:30:00,real_time_price,262.95,flat,218.6397705078125
2026-02-25 13:45:00,real_time_price,261.41,flat,255.61276245117188
2026-02-25 14:00:00,real_time_price,265.48,peak,256.97088623046875
2026-02-25 14:15:00,real_time_price,273.32,peak,226.5746612548828
2026-02-25 14:30:00,real_time_price,265.48,peak,210.72096252441406
2026-02-25 14:45:00,real_time_price,258.08,peak,205.75070190429688
2026-02-25 15:00:00,real_time_price,260.0,peak,225.68797302246094
2026-02-25 15:15:00,real_time_price,258.1,peak,203.63278198242188
2026-02-25 15:30:00,real_time_price,257.32,peak,210.0582275390625
2026-02-25 15:45:00,real_time_price,258.1,peak,209.2396697998047
2026-02-25 16:00:00,real_time_price,260.0,peak,254.5108642578125
2026-02-25 16:15:00,real_time_price,263.1,peak,270.17315673828125
2026-02-25 16:30:00,real_time_price,268.29,peak,287.87445068359375
2026-02-25 16:45:00,real_time_price,296.0,peak,284.3628845214844
2026-02-25 17:00:00,real_time_price,286.59,peak,308.35511779785156
2026-02-25 17:15:00,real_time_price,297.16,peak,314.09461975097656
2026-02-25 17:30:00,real_time_price,321.83,peak,397.17466735839844
2026-02-25 17:45:00,real_time_price,306.3,peak,343.19476318359375
2026-02-25 18:00:00,real_time_price,279.7,peak,342.9013137817383
2026-02-25 18:15:00,real_time_price,270.36,peak,326.80871200561523
2026-02-25 18:30:00,real_time_price,279.92,peak,301.2744903564453
2026-02-25 18:45:00,real_time_price,279.95,peak,295.8696756362915
2026-02-25 19:00:00,real_time_price,279.91,flat,329.2695503234863
2026-02-25 19:15:00,real_time_price,281.07,flat,301.8895273208618
2026-02-25 19:30:00,real_time_price,288.79,flat,325.619686126709
2026-02-25 19:45:00,real_time_price,279.54,flat,318.0913543701172
2026-02-25 20:00:00,real_time_price,294.93,flat,299.8070330619812
2026-02-25 20:15:00,real_time_price,279.66,flat,301.3534377217293
2026-02-25 20:30:00,real_time_price,283.31,flat,305.0423945784569
2026-02-25 20:45:00,real_time_price,277.99,flat,304.51678574085236
2026-02-25 21:00:00,real_time_price,275.96,flat,300.1626920700073
2026-02-25 21:15:00,real_time_price,279.68,flat,290.39442443847656
2026-02-25 21:30:00,real_time_price,279.68,flat,293.8547658920288
2026-02-25 21:45:00,real_time_price,277.68,flat,287.7837505340576
2026-02-25 22:00:00,real_time_price,272.9,flat,282.90922927856445
2026-02-25 22:15:00,real_time_price,273.72,flat,279.94443702697754
2026-02-25 22:30:00,real_time_price,269.85,flat,280.5745449066162
2026-02-25 22:45:00,real_time_price,279.68,flat,271.84857177734375
2026-02-25 23:00:00,real_time_price,272.5,flat,280.39667987823486
2026-02-25 23:15:00,real_time_price,270.0,flat,276.3025598526001
2026-02-25 23:30:00,real_time_price,317.0,flat,272.72645568847656
2026-02-25 23:45:00,real_time_price,273.0,flat,301.22768783569336
2026-02-26 00:00:00,real_time_price,270.0,valley,270.7273802757263
2026-02-26 00:15:00,real_time_price,270.0,valley,263.95912408828735
2026-02-26 00:30:00,real_time_price,317.86,valley,282.04117155075073
2026-02-26 00:45:00,real_time_price,290.19,valley,322.1095085144043
2026-02-26 01:00:00,real_time_price,321.23,valley,286.3813967704773
2026-02-26 01:15:00,real_time_price,280.18,valley,310.6307907104492
2026-02-26 01:30:00,real_time_price,270.4,valley,287.9127583503723
2026-02-26 01:45:00,real_time_price,268.3,valley,279.2487151026726
2026-02-26 02:00:00,real_time_price,268.3,valley,275.71204710006714
2026-02-26 02:15:00,real_time_price,267.0,valley,274.20460176467896
2026-02-26 02:30:00,real_time_price,267.0,valley,272.3571228981018
2026-02-26 02:45:00,real_time_price,265.0,valley,270.3983106613159
2026-02-26 03:00:00,real_time_price,265.1,valley,264.3476810455322
2026-02-26 03:15:00,real_time_price,260.4,valley,263.4368619918823
2026-02-26 03:30:00,real_time_price,260.3,valley,259.9178943634033
2026-02-26 03:45:00,real_time_price,265.1,valley,254.67221641540527
2026-02-26 04:00:00,real_time_price,260.3,valley,266.277006149292
2026-02-26 04:15:00,real_time_price,262.0,valley,260.4953136444092
2026-02-26 04:30:00,real_time_price,260.0,valley,266.408260345459
2026-02-26 04:45:00,real_time_price,256.3,valley,265.16990661621094
2026-02-26 05:00:00,real_time_price,260.2,valley,264.9393949508667
2026-02-26 05:15:00,real_time_price,260.2,valley,264.9387674331665
2026-02-26 05:30:00,real_time_price,260.0,valley,269.33112835884094
2026-02-26 05:45:00,real_time_price,260.3,valley,268.2987883090973
2026-02-26 06:00:00,real_time_price,268.3,valley,271.232628762722
2026-02-26 06:15:00,real_time_price,266.3,valley,271.86929497122765
2026-02-26 06:30:00,real_time_price,272.24,valley,277.10646736621857
2026-02-26 06:45:00,real_time_price,293.37,valley,282.3203694820404
2026-02-26 07:00:00,real_time_price,281.61,valley,310.0098705291748
2026-02-26 07:15:00,real_time_price,293.75,valley,311.9557876586914
2026-02-26 07:30:00,real_time_price,305.59,valley,311.9155387878418
2026-02-26 07:45:00,real_time_price,324.73,valley,319.6379098892212
2026-02-26 08:00:00,real_time_price,304.6,flat,332.4999256134033
2026-02-26 08:15:00,real_time_price,313.24,flat,324.2246570587158
2026-02-26 08:30:00,real_time_price,332.28,flat,322.59476947784424
2026-02-26 08:45:00,real_time_price,440.91,flat,328.9641361236572
2026-02-26 09:00:00,real_time_price,410.15,flat,372.6484069824219
2026-02-26 09:15:00,real_time_price,367.28,flat,388.13404083251953
2026-02-26 09:30:00,real_time_price,454.83,flat,375.42908477783203
2026-02-26 09:45:00,real_time_price,401.69,flat,430.35313415527344
2026-02-26 10:00:00,real_time_price,416.6,peak,364.05069732666016
2026-02-26 10:15:00,real_time_price,363.31,peak,391.07586669921875
2026-02-26 10:30:00,real_time_price,337.67,peak,367.0782165527344
2026-02-26 10:45:00,real_time_price,299.92,peak,339.3065719604492
2026-02-26 11:00:00,real_time_price,284.21,peak,315.2627868652344
2026-02-26 11:15:00,real_time_price,288.86,peak,298.11621475219727
2026-02-26 11:30:00,real_time_price,275.12,peak,304.35035705566406
2026-02-26 11:45:00,real_time_price,284.94,peak,261.9204807281494
2026-02-26 12:00:00,real_time_price,287.0,flat,274.8341751098633
2026-02-26 12:15:00,real_time_price,277.01,flat,269.74302101135254
2026-02-26 12:30:00,real_time_price,293.47,flat,285.13119888305664
2026-02-26 12:45:00,real_time_price,287.68,flat,309.6533851623535
2026-02-26 13:00:00,real_time_price,287.32,flat,283.41542625427246
2026-02-26 13:15:00,real_time_price,276.29,flat,285.29297256469727
2026-02-26 13:30:00,real_time_price,289.0,flat,288.6012954711914
2026-02-26 13:45:00,real_time_price,300.32,flat,306.4668273925781
2026-02-26 14:00:00,real_time_price,292.66,peak,306.65964126586914
2026-02-26 14:15:00,real_time_price,288.0,peak,280.1616744995117
2026-02-26 14:30:00,real_time_price,286.75,peak,272.1910648345947
2026-02-26 14:45:00,real_time_price,283.52,peak,276.3723564147949
2026-02-26 15:00:00,real_time_price,276.09,peak,281.88400650024414
2026-02-26 15:15:00,real_time_price,270.9,peak,279.99405670166016
2026-02-26 15:30:00,real_time_price,271.21,peak,272.24735832214355
2026-02-26 15:45:00,real_time_price,267.0,peak,260.3466854095459
2026-02-26 16:00:00,real_time_price,268.0,peak,272.5802631378174
2026-02-26 16:15:00,real_time_price,280.0,peak,276.2891731262207
2026-02-26 16:30:00,real_time_price,283.44,peak,292.5340328216553
2026-02-26 16:45:00,real_time_price,295.26,peak,293.6329689025879
2026-02-26 17:00:00,real_time_price,352.31,peak,307.03425216674805
2026-02-26 17:15:00,real_time_price,310.47,peak,315.6041851043701
2026-02-26 17:30:00,real_time_price,399.6,peak,344.69093322753906
2026-02-26 17:45:00,real_time_price,409.79,peak,336.8904724121094
2026-02-26 18:00:00,real_time_price,362.52,peak,395.5024108886719
2026-02-26 18:15:00,real_time_price,307.89,peak,368.8461380004883
2026-02-26 18:30:00,real_time_price,350.85,peak,330.0663948059082
2026-02-26 18:45:00,real_time_price,335.72,peak,358.18052673339844
2026-02-26 19:00:00,real_time_price,325.52,flat,345.1406555175781
2026-02-26 19:15:00,real_time_price,310.3,flat,322.2041206359863
2026-02-26 19:30:00,real_time_price,330.75,flat,339.4517593383789
2026-02-26 19:45:00,real_time_price,331.14,flat,327.01508712768555
2026-02-26 20:00:00,real_time_price,320.44,flat,325.0752258300781
2026-02-26 20:15:00,real_time_price,275.06,flat,298.7016668319702
2026-02-26 20:30:00,real_time_price,300.27,flat,298.2860116958618
2026-02-26 20:45:00,real_time_price,300.33,flat,295.428804397583
2026-02-26 21:00:00,real_time_price,300.3,flat,296.3151216506958
2026-02-26 21:15:00,real_time_price,306.8,flat,292.28389739990234
2026-02-26 21:30:00,real_time_price,300.76,flat,301.00422859191895
2026-02-26 21:45:00,real_time_price,320.22,flat,298.34235286712646
2026-02-26 22:00:00,real_time_price,321.99,flat,305.3807430267334
2026-02-26 22:15:00,real_time_price,345.27,flat,309.11642265319824
2026-02-26 22:30:00,real_time_price,360.42,flat,335.77013778686523
2026-02-26 22:45:00,real_time_price,376.18,flat,345.072566986084
2026-02-26 23:00:00,real_time_price,364.57,flat,343.4010887145996
2026-02-26 23:15:00,real_time_price,351.67,flat,337.9386978149414
2026-02-26 23:30:00,real_time_price,337.38,flat,335.5748634338379
2026-02-26 23:45:00,real_time_price,318.93,flat,329.37813568115234
2026-02-27 00:00:00,real_time_price,300.4,valley,313.7157897949219
2026-02-27 00:15:00,real_time_price,290.3,valley,294.16601753234863
2026-02-27 00:30:00,real_time_price,308.41,valley,351.30250549316406
2026-02-27 00:45:00,real_time_price,351.65,valley,322.92393493652344
2026-02-27 01:00:00,real_time_price,363.2,valley,343.0937194824219
2026-02-27 01:15:00,real_time_price,321.53,valley,356.3572463989258
2026-02-27 01:30:00,real_time_price,351.59,valley,332.0160484313965
2026-02-27 01:45:00,real_time_price,338.78,valley,328.52037811279297
2026-02-27 02:00:00,real_time_price,330.22,valley,324.2209587097168
2026-02-27 02:15:00,real_time_price,317.33,valley,319.80651473999023
2026-02-27 02:30:00,real_time_price,317.43,valley,323.3768882751465
2026-02-27 02:45:00,real_time_price,306.61,valley,310.79726791381836
2026-02-27 03:00:00,real_time_price,303.77,valley,301.77860260009766
2026-02-27 03:15:00,real_time_price,297.93,valley,294.24520111083984
2026-02-27 03:30:00,real_time_price,301.44,valley,298.2149429321289
2026-02-27 03:45:00,real_time_price,298.99,valley,299.74967193603516
2026-02-27 04:00:00,real_time_price,282.1,valley,296.3346290588379
2026-02-27 04:15:00,real_time_price,291.21,valley,288.7439022064209
2026-02-27 04:30:00,real_time_price,285.49,valley,282.9008092880249
2026-02-27 04:45:00,real_time_price,294.1,valley,281.98006439208984
2026-02-27 05:00:00,real_time_price,290.45,valley,286.33850288391113
2026-02-27 05:15:00,real_time_price,280.0,valley,279.8494381904602
2026-02-27 05:30:00,real_time_price,288.0,valley,278.29273319244385
2026-02-27 05:45:00,real_time_price,323.18,valley,284.58891582489014
2026-02-27 06:00:00,real_time_price,330.95,valley,313.91432189941406
2026-02-27 06:15:00,real_time_price,304.32,valley,318.2048797607422
2026-02-27 06:30:00,real_time_price,342.27,valley,318.5920600891113
2026-02-27 06:45:00,real_time_price,331.66,valley,344.22509765625
2026-02-27 07:00:00,real_time_price,321.62,valley,342.4485664367676
2026-02-27 07:15:00,real_time_price,380.61,valley,327.846378326416
2026-02-27 07:30:00,real_time_price,321.04,valley,373.2474136352539
2026-02-27 07:45:00,real_time_price,359.78,valley,350.0300636291504
2026-02-27 08:00:00,real_time_price,294.12,flat,347.407470703125
2026-02-27 08:15:00,real_time_price,317.58,flat,349.16539001464844
2026-02-27 08:30:00,real_time_price,299.16,flat,320.8878540992737
2026-02-27 08:45:00,real_time_price,374.01,flat,302.35690355300903
2026-02-27 09:00:00,real_time_price,341.22,flat,328.3742866516113
2026-02-27 09:15:00,real_time_price,326.98,flat,330.64211654663086
2026-02-27 09:30:00,real_time_price,344.59,flat,311.79883193969727
2026-02-27 09:45:00,real_time_price,299.95,flat,327.24524688720703
2026-02-27 10:00:00,real_time_price,303.14,peak,333.0171546936035
2026-02-27 10:15:00,real_time_price,295.21,peak,270.8070397377014
2026-02-27 10:30:00,real_time_price,296.97,peak,290.8754119873047
2026-02-27 10:45:00,real_time_price,284.88,peak,293.0197296142578
2026-02-27 11:00:00,real_time_price,302.61,peak,321.7281265258789
2026-02-27 11:15:00,real_time_price,330.51,peak,307.7211608886719
2026-02-27 11:30:00,real_time_price,280.03,peak,356.28929138183594
2026-02-27 11:45:00,real_time_price,310.4,peak,328.1818313598633
2026-02-27 12:00:00,real_time_price,296.17,flat,297.42251205444336
2026-02-27 12:15:00,real_time_price,301.4,flat,258.81307792663574
2026-02-27 12:30:00,real_time_price,290.77,flat,320.791015625
2026-02-27 12:45:00,real_time_price,305.1,flat,302.2997131347656
2026-02-27 13:00:00,real_time_price,292.17,flat,293.93014907836914
2026-02-27 13:15:00,real_time_price,294.35,flat,287.3319854736328
2026-02-27 13:30:00,real_time_price,296.85,flat,300.4770393371582
2026-02-27 13:45:00,real_time_price,308.87,flat,310.5714530944824
2026-02-27 14:00:00,real_time_price,289.82,peak,344.89366149902344
2026-02-27 14:15:00,real_time_price,303.77,peak,309.2837371826172
2026-02-27 14:30:00,real_time_price,305.79,peak,297.08848571777344
2026-02-27 14:45:00,real_time_price,286.26,peak,318.53834533691406
2026-02-27 15:00:00,real_time_price,277.62,peak,314.01912689208984
2026-02-27 15:15:00,real_time_price,295.18,peak,302.4093780517578
2026-02-27 15:30:00,real_time_price,274.06,peak,297.13294982910156
2026-02-27 15:45:00,real_time_price,270.04,peak,313.21582794189453
2026-02-27 16:00:00,real_time_price,275.33,peak,302.8857421875
2026-02-27 16:15:00,real_time_price,279.16,peak,293.54669189453125
2026-02-27 16:30:00,real_time_price,304.55,peak,298.5327949523926
2026-02-27 16:45:00,real_time_price,307.33,peak,310.47916412353516
2026-02-27 17:00:00,real_time_price,303.25,peak,339.9118118286133
2026-02-27 17:15:00,real_time_price,320.66,peak,316.94752311706543
2026-02-27 17:30:00,real_time_price,330.26,peak,321.4025459289551
2026-02-27 17:45:00,real_time_price,362.34,peak,320.1143054962158
2026-02-27 18:00:00,real_time_price,320.57,peak,354.7219772338867
2026-02-27 18:15:00,real_time_price,289.11,peak,359.6325912475586
2026-02-27 18:30:00,real_time_price,360.9,peak,310.71262550354004
2026-02-27 18:45:00,real_time_price,328.75,peak,351.07178497314453
2026-02-27 19:00:00,real_time_price,342.15,flat,332.13107681274414
2026-02-27 19:15:00,real_time_price,352.27,flat,324.9823226928711
2026-02-27 19:30:00,real_time_price,334.08,flat,377.99422454833984
2026-02-27 19:45:00,real_time_price,338.8,flat,342.88775634765625
2026-02-27 20:00:00,real_time_price,296.5,flat,338.9955825805664
2026-02-27 20:15:00,real_time_price,310.53,flat,300.7613296508789
2026-02-27 20:30:00,real_time_price,316.88,flat,301.65949058532715
2026-02-27 20:45:00,real_time_price,353.08,flat,323.0477638244629
2026-02-27 21:00:00,real_time_price,320.65,flat,333.48863220214844
2026-02-27 21:15:00,real_time_price,320.67,flat,329.40398025512695
2026-02-27 21:30:00,real_time_price,324.98,flat,329.8994331359863
2026-02-27 21:45:00,real_time_price,362.35,flat,339.0029754638672
2026-02-27 22:00:00,real_time_price,300.4,flat,348.31871032714844
2026-02-27 22:15:00,real_time_price,374.57,flat,319.22698974609375
2026-02-27 22:30:00,real_time_price,374.61,flat,349.7159194946289
2026-02-27 22:45:00,real_time_price,363.24,flat,348.64410400390625
2026-02-27 23:00:00,real_time_price,390.81,flat,336.049861907959
2026-02-27 23:15:00,real_time_price,340.73,flat,350.6968765258789
2026-02-27 23:30:00,real_time_price,332.01,flat,343.92817306518555
2026-02-27 23:45:00,real_time_price,329.01,flat,338.324275970459
2026-02-28 00:00:00,real_time_price,295.6,valley,362.29325103759766
2026-02-28 00:15:00,real_time_price,,valley,307.13189125061035
2026-02-28 00:30:00,real_time_price,,valley,370.59876251220703
2026-02-28 00:45:00,real_time_price,,valley,368.34268951416016
2026-02-28 01:00:00,real_time_price,,valley,364.9050598144531
2026-02-28 01:15:00,real_time_price,,valley,362.0359649658203
2026-02-28 01:30:00,real_time_price,,valley,364.8216781616211
2026-02-28 01:45:00,real_time_price,,valley,371.25988006591797
2026-02-28 02:00:00,real_time_price,,valley,365.41026306152344
2026-02-28 02:15:00,real_time_price,,valley,360.1267395019531
2026-02-28 02:30:00,real_time_price,,valley,363.3364028930664
2026-02-28 02:45:00,real_time_price,,valley,354.97403717041016
2026-02-28 03:00:00,real_time_price,,valley,353.6285629272461
2026-02-28 03:15:00,real_time_price,,valley,363.67674255371094
2026-02-28 03:30:00,real_time_price,,valley,356.2750473022461
2026-02-28 03:45:00,real_time_price,,valley,357.7683563232422
2026-02-28 04:00:00,real_time_price,,valley,341.51129150390625
2026-02-28 04:15:00,real_time_price,,valley,338.1802062988281
2026-02-28 04:30:00,real_time_price,,valley,320.6463165283203
2026-02-28 04:45:00,real_time_price,,valley,317.7487983703613
2026-02-28 05:00:00,real_time_price,,valley,309.35718536376953
2026-02-28 05:15:00,real_time_price,,valley,310.5961151123047
2026-02-28 05:30:00,real_time_price,,valley,313.3334770202637
2026-02-28 05:45:00,real_time_price,,valley,321.55347061157227
2026-02-28 06:00:00,real_time_price,,valley,331.4690132141113
2026-02-28 06:15:00,real_time_price,,valley,334.7708854675293
2026-02-28 06:30:00,real_time_price,,valley,343.7530517578125
2026-02-28 06:45:00,real_time_price,,valley,358.3118133544922
2026-02-28 07:00:00,real_time_price,,valley,377.4490432739258
2026-02-28 07:15:00,real_time_price,,valley,382.6078872680664
2026-02-28 07:30:00,real_time_price,,valley,391.03184509277344
2026-02-28 07:45:00,real_time_price,,valley,401.9039764404297
2026-02-28 08:00:00,real_time_price,,flat,400.5205764770508
2026-02-28 08:15:00,real_time_price,,flat,425.6841125488281
2026-02-28 08:30:00,real_time_price,,flat,422.28546142578125
2026-02-28 08:45:00,real_time_price,,flat,439.4801483154297
2026-02-28 09:00:00,real_time_price,,flat,421.0379409790039
2026-02-28 09:15:00,real_time_price,,flat,390.6473083496094
2026-02-28 09:30:00,real_time_price,,flat,409.32704162597656
2026-02-28 09:45:00,real_time_price,,flat,405.64292907714844
2026-02-28 10:00:00,real_time_price,,peak,402.7805938720703
2026-02-28 10:15:00,real_time_price,,peak,380.05464935302734
2026-02-28 10:30:00,real_time_price,,peak,369.02879333496094
2026-02-28 10:45:00,real_time_price,,peak,350.7654037475586
2026-02-28 11:00:00,real_time_price,,peak,342.1034622192383
2026-02-28 11:15:00,real_time_price,,peak,327.0404510498047
2026-02-28 11:30:00,real_time_price,,peak,320.7083053588867
2026-02-28 11:45:00,real_time_price,,peak,335.20281982421875
2026-02-28 12:00:00,real_time_price,,flat,312.80432891845703
2026-02-28 12:15:00,real_time_price,,flat,274.3430519104004
2026-02-28 12:30:00,real_time_price,,flat,298.37488555908203
2026-02-28 12:45:00,real_time_price,,flat,294.61924743652344
2026-02-28 13:00:00,real_time_price,,flat,293.2910499572754
2026-02-28 13:15:00,real_time_price,,flat,292.32006454467773
2026-02-28 13:30:00,real_time_price,,flat,298.3879737854004
2026-02-28 13:45:00,real_time_price,,flat,299.36427307128906
2026-02-28 14:00:00,real_time_price,,peak,312.0165786743164
2026-02-28 14:15:00,real_time_price,,peak,291.8654441833496
2026-02-28 14:30:00,real_time_price,,peak,275.5599479675293
2026-02-28 14:45:00,real_time_price,,peak,269.23082733154297
2026-02-28 15:00:00,real_time_price,,peak,260.9575424194336
2026-02-28 15:15:00,real_time_price,,peak,258.2521553039551
2026-02-28 15:30:00,real_time_price,,peak,249.84342765808105
2026-02-28 15:45:00,real_time_price,,peak,237.94027376174927
2026-02-28 16:00:00,real_time_price,,peak,249.61149215698242
2026-02-28 16:15:00,real_time_price,,peak,235.65925788879395
2026-02-28 16:30:00,real_time_price,,peak,258.1352071762085
2026-02-28 16:45:00,real_time_price,,peak,303.3822212219238
2026-02-28 17:00:00,real_time_price,,peak,319.7260398864746
2026-02-28 17:15:00,real_time_price,,peak,327.0927314758301
2026-02-28 17:30:00,real_time_price,,peak,339.9272041320801
2026-02-28 17:45:00,real_time_price,,peak,334.09949111938477
2026-02-28 18:00:00,real_time_price,,peak,344.4861145019531
2026-02-28 18:15:00,real_time_price,,peak,332.0411148071289
2026-02-28 18:30:00,real_time_price,,peak,345.48368072509766
2026-02-28 18:45:00,real_time_price,,peak,343.6887626647949
2026-02-28 19:00:00,real_time_price,,flat,340.1275825500488
2026-02-28 19:15:00,real_time_price,,flat,329.003360748291
2026-02-28 19:30:00,real_time_price,,flat,379.91046142578125
2026-02-28 19:45:00,real_time_price,,flat,353.2807312011719
2026-02-28 20:00:00,real_time_price,,flat,340.8792724609375
2026-02-28 20:15:00,real_time_price,,flat,327.2749214172363
2026-02-28 20:30:00,real_time_price,,flat,340.2334861755371
2026-02-28 20:45:00,real_time_price,,flat,341.6697006225586
2026-02-28 21:00:00,real_time_price,,flat,336.88244247436523
2026-02-28 21:15:00,real_time_price,,flat,333.56944274902344
2026-02-28 21:30:00,real_time_price,,flat,340.3635597229004
2026-02-28 21:45:00,real_time_price,,flat,346.38891220092773
2026-02-28 22:00:00,real_time_price,,flat,337.1059341430664
2026-02-28 22:15:00,real_time_price,,flat,336.6265106201172
2026-02-28 22:30:00,real_time_price,,flat,337.7688102722168
2026-02-28 22:45:00,real_time_price,,flat,337.9256477355957
2026-02-28 23:00:00,real_time_price,,flat,329.532413482666
2026-02-28 23:15:00,real_time_price,,flat,323.9089241027832
2026-02-28 23:30:00,real_time_price,,flat,321.6961212158203
2026-02-28 23:45:00,real_time_price,,flat,318.81460189819336
2026-03-01 00:00:00,real_time_price,,valley,316.91999435424805
2026-03-01 00:15:00,real_time_price,,valley,313.7256278991699
2026-03-01 00:30:00,real_time_price,,valley,415.1068878173828
2026-03-01 00:45:00,real_time_price,,valley,383.7323455810547
2026-03-01 01:00:00,real_time_price,,valley,420.0131607055664
2026-03-01 01:15:00,real_time_price,,valley,408.2279968261719
2026-03-01 01:30:00,real_time_price,,valley,415.04772186279297
2026-03-01 01:45:00,real_time_price,,valley,424.5037841796875
2026-03-01 02:00:00,real_time_price,,valley,411.9153518676758
2026-03-01 02:15:00,real_time_price,,valley,410.5817184448242
2026-03-01 02:30:00,real_time_price,,valley,414.8293914794922
2026-03-01 02:45:00,real_time_price,,valley,423.33287048339844
2026-03-01 03:00:00,real_time_price,,valley,424.52967834472656
2026-03-01 03:15:00,real_time_price,,valley,411.6627197265625
2026-03-01 03:30:00,real_time_price,,valley,416.53814697265625
2026-03-01 03:45:00,real_time_price,,valley,418.0570831298828
2026-03-01 04:00:00,real_time_price,,valley,414.02574157714844
2026-03-01 04:15:00,real_time_price,,valley,411.29469299316406
2026-03-01 04:30:00,real_time_price,,valley,416.0548553466797
2026-03-01 04:45:00,real_time_price,,valley,422.8659973144531
2026-03-01 05:00:00,real_time_price,,valley,397.5763702392578
2026-03-01 05:15:00,real_time_price,,valley,388.21343994140625
2026-03-01 05:30:00,real_time_price,,valley,389.4275817871094
2026-03-01 05:45:00,real_time_price,,valley,382.73242950439453
2026-03-01 06:00:00,real_time_price,,valley,375.6401824951172
2026-03-01 06:15:00,real_time_price,,valley,376.30494689941406
2026-03-01 06:30:00,real_time_price,,valley,376.96585845947266
2026-03-01 06:45:00,real_time_price,,valley,376.83319091796875
2026-03-01 07:00:00,real_time_price,,valley,382.33606719970703
2026-03-01 07:15:00,real_time_price,,valley,367.0234375
2026-03-01 07:30:00,real_time_price,,valley,375.1582717895508
2026-03-01 07:45:00,real_time_price,,valley,373.24393463134766
2026-03-01 08:00:00,real_time_price,,flat,355.9661636352539
2026-03-01 08:15:00,real_time_price,,flat,366.72795486450195
2026-03-01 08:30:00,real_time_price,,flat,368.2494468688965
2026-03-01 08:45:00,real_time_price,,flat,361.9611282348633
2026-03-01 09:00:00,real_time_price,,flat,350.3991355895996
2026-03-01 09:15:00,real_time_price,,flat,339.6347885131836
2026-03-01 09:30:00,real_time_price,,flat,331.9891357421875
2026-03-01 09:45:00,real_time_price,,flat,317.8393783569336
2026-03-01 10:00:00,real_time_price,,peak,309.82896423339844
2026-03-01 10:15:00,real_time_price,,peak,284.6975288391113
2026-03-01 10:30:00,real_time_price,,peak,263.4704284667969
2026-03-01 10:45:00,real_time_price,,peak,265.07091522216797
2026-03-01 11:00:00,real_time_price,,peak,252.40545082092285
2026-03-01 11:15:00,real_time_price,,peak,268.40130615234375
2026-03-01 11:30:00,real_time_price,,peak,257.28701400756836
2026-03-01 11:45:00,real_time_price,,peak,252.52857971191406
2026-03-01 12:00:00,real_time_price,,flat,243.96690368652344
2026-03-01 12:15:00,real_time_price,,flat,197.91541254520416
2026-03-01 12:30:00,real_time_price,,flat,226.99902153015137
2026-03-01 12:45:00,real_time_price,,flat,229.0899887084961
2026-03-01 13:00:00,real_time_price,,flat,225.0172824859619
2026-03-01 13:15:00,real_time_price,,flat,231.37133884429932
2026-03-01 13:30:00,real_time_price,,flat,233.45647048950195
2026-03-01 13:45:00,real_time_price,,flat,247.0991916656494
2026-03-01 14:00:00,real_time_price,,peak,250.16222190856934
2026-03-01 14:15:00,real_time_price,,peak,240.90270614624023
2026-03-01 14:30:00,real_time_price,,peak,235.35366249084473
2026-03-01 14:45:00,real_time_price,,peak,223.8550319671631
2026-03-01 15:00:00,real_time_price,,peak,232.21702194213867
2026-03-01 15:15:00,real_time_price,,peak,221.04854774475098
2026-03-01 15:30:00,real_time_price,,peak,231.99953842163086
2026-03-01 15:45:00,real_time_price,,peak,229.82994651794434
2026-03-01 16:00:00,real_time_price,,peak,244.12898635864258
2026-03-01 16:15:00,real_time_price,,peak,247.98137283325195
2026-03-01 16:30:00,real_time_price,,peak,278.1325912475586
2026-03-01 16:45:00,real_time_price,,peak,305.40521240234375
2026-03-01 17:00:00,real_time_price,,peak,319.0569534301758
2026-03-01 17:15:00,real_time_price,,peak,329.36426544189453
2026-03-01 17:30:00,real_time_price,,peak,349.3069725036621
2026-03-01 17:45:00,real_time_price,,peak,341.5593948364258
2026-03-01 18:00:00,real_time_price,,peak,360.7228775024414
2026-03-01 18:15:00,real_time_price,,peak,356.47972106933594
2026-03-01 18:30:00,real_time_price,,peak,371.51329803466797
2026-03-01 18:45:00,real_time_price,,peak,372.51830291748047
2026-03-01 19:00:00,real_time_price,,flat,364.9490203857422
2026-03-01 19:15:00,real_time_price,,flat,350.04208755493164
2026-03-01 19:30:00,real_time_price,,flat,387.40074157714844
2026-03-01 19:45:00,real_time_price,,flat,377.1779251098633
2026-03-01 20:00:00,real_time_price,,flat,352.8871307373047
2026-03-01 20:15:00,real_time_price,,flat,337.7694664001465
2026-03-01 20:30:00,real_time_price,,flat,350.83544921875
2026-03-01 20:45:00,real_time_price,,flat,349.4086456298828
2026-03-01 21:00:00,real_time_price,,flat,342.8776435852051
2026-03-01 21:15:00,real_time_price,,flat,341.31362533569336
2026-03-01 21:30:00,real_time_price,,flat,349.26763916015625
2026-03-01 21:45:00,real_time_price,,flat,349.4516143798828
2026-03-01 22:00:00,real_time_price,,flat,339.75848388671875
2026-03-01 22:15:00,real_time_price,,flat,341.98858642578125
2026-03-01 22:30:00,real_time_price,,flat,342.3202438354492
2026-03-01 22:45:00,real_time_price,,flat,336.9350929260254
2026-03-01 23:00:00,real_time_price,,flat,326.4677963256836
2026-03-01 23:15:00,real_time_price,,flat,324.0000762939453
2026-03-01 23:30:00,real_time_price,,flat,321.1534767150879
2026-03-01 23:45:00,real_time_price,,flat,316.8896827697754
2026-03-02 00:00:00,real_time_price,,valley,304.8358497619629
